turn_id,candidate_ids,speaker,speaker_confidence,extraction_confidence,boundary_confidence,turn_size,direct_speakers,pronoun_speakers,attribution_types,status,quoted_text,internal_gaps
MWT_T00001,MWT_C00002|MWT_C00003,Unknown,review,review,high,2,,,none|pronoun_speaker,UNKNOWN_SPEAKER,"It may well be, it may well be on such a night of clouds and cruel colours that there is brought forth upon the earth such a portent as a respectable poet. You say you are a poet of law; I say you are a contradiction in terms. I only wonder there were not comets and earthquakes on the night you appeared in this garden.","he said, in his sudden lyrical manner,"
MWT_T00002,MWT_C00004|MWT_C00005,Gregory,review,review,high,2,,Gregory,none|pronoun_speaker,PRONOUN_SPEAKER_SUPPORTED,"An artist is identical with an anarchist, You might transpose the words anywhere. An anarchist is an artist. The man who throws a bomb is an artist, because he prefers a great moment to everything. He sees how much more valuable is one burst of blazing light, one peal of perfect thunder, than the mere common bodies of a few shapeless policemen. An artist disregards all governments, abolishes all conventions. The poet delights in disorder only. If it were not so, the most poetical thing in the world would be the Underground Railway.",he cried.
MWT_T00003,MWT_C00006,Syme,high,high,review,1,Syme,,named_speaker,DIRECT_SPEAKER_SUPPORTED,"So it is,",
MWT_T00004,MWT_C00007,Gregory,high,high,review,1,Gregory,,named_speaker,DIRECT_SPEAKER_SUPPORTED,Nonsense!,
MWT_T00005,MWT_C00008,Unknown,review,review,review,1,,,none,UNKNOWN_SPEAKER,"Why do all the clerks and navvies in the railway trains look so sad and tired, so very sad and tired? I will tell you. It is because they know that the train is going right. It is because they know that whatever place they have taken a ticket for that place they will reach. It is because after they have passed Sloane Square they know that the next station must be Victoria, and nothing but Victoria. Oh, their wild rapture! oh, their eyes like stars and their souls again in Eden, if the next station were unaccountably Baker Street!",
MWT_T00006,MWT_C00009|MWT_C00010,Syme,review,review,high,2,Syme,,named_speaker|none,DIRECT_SPEAKER_SUPPORTED,"It is you who are unpoetical, If what you say of clerks is true, they can only be as prosaic as your poetry. The rare, strange thing is to hit the mark; the gross, obvious thing is to miss it. We feel it is epical when man with one wild arrow strikes a distant bird. Is it not also epical when man with one wild engine strikes a distant station? Chaos is dull; because in chaos the train might indeed go anywhere, to Baker Street or to Bagdad. But man is a magician, and his whole magic is in this, that he does say Victoria, and lo! it is Victoria. No, take your books of mere poetry and prose; let me read a time table, with tears of pride. Take your Byron, who commemorates the defeats of man; give me Bradshaw, who commemorates his victories. Give me Bradshaw, I say!",replied the poet Syme.
MWT_T00007,MWT_C00011,Gregory,high,high,review,1,Gregory,,named_speaker,DIRECT_SPEAKER_SUPPORTED,Must you go?,
MWT_T00008,MWT_C00012|MWT_C00013,Unknown,review,review,high,2,,,none,UNKNOWN_SPEAKER,"I tell you, that every time a train comes in I feel that it has broken past batteries of besiegers, and that man has won a battle against chaos. You say contemptuously that when one has left Sloane Square one must come to Victoria. I say that one might do a thousand things instead, and that whenever I really come there I have the sense of hairbreadth escape. And when I hear the guard shout out the word ‘Victoria,’ it is not an unmeaning word. It is to me the cry of a herald announcing conquest. It is to me indeed ‘Victoria’; it is the victory of Adam.","went on Syme with passion,"
MWT_T00009,MWT_C00014|MWT_C00015,Gregory,review,review,high,2,,Gregory,none|pronoun_speaker,PRONOUN_SPEAKER_SUPPORTED,"And even then, we poets always ask the question, ‘And what is Victoria now that you have got there?’ You think Victoria is like the New Jerusalem. We know that the New Jerusalem will only be like Victoria. Yes, the poet will be discontented even in the streets of heaven. The poet is always in revolt.","he said,"
MWT_T00010,MWT_C00016|MWT_C00017,Syme,review,review,high,2,Syme,,named_speaker|none,DIRECT_SPEAKER_SUPPORTED,"There again, what is there poetical about being in revolt? You might as well say that it is poetical to be sea-sick. Being sick is a revolt. Both being sick and being rebellious may be the wholesome thing on certain desperate occasions; but I’m hanged if I can see why they are poetical. Revolt in the abstract is—revolting. It’s mere vomiting.","said Syme irritably,"
MWT_T00011,MWT_C00018|MWT_C00019,Syme,review,review,high,2,,Syme,none|pronoun_speaker,PRONOUN_SPEAKER_SUPPORTED,"It is things going right, that is poetical! Our digestions, for instance, going sacredly and silently right, that is the foundation of all poetry. Yes, the most poetical thing, more poetical than the flowers, more poetical than the stars—the most poetical thing in the world is not being sick.","he cried,"
MWT_T00012,MWT_C00020|MWT_C00021,Gregory,review,review,high,2,Gregory,,named_speaker|none,DIRECT_SPEAKER_SUPPORTED,"Really, the examples you choose—","said Gregory superciliously,"
MWT_T00013,MWT_C00022|MWT_C00023,Syme,review,review,high,2,Syme,,named_speaker|none,DIRECT_SPEAKER_SUPPORTED,"I beg your pardon, I forgot we had abolished all conventions.","said Syme grimly,"
MWT_T00014,MWT_C00024|MWT_C00025,Syme,review,review,high,2,,Syme,none|pronoun_speaker,PRONOUN_SPEAKER_SUPPORTED,"You don’t expect me, to revolutionise society on this lawn?","he said,"
MWT_T00015,MWT_C00026|MWT_C00027,Syme,review,review,high,2,,Syme,none|pronoun_speaker,PRONOUN_SPEAKER_SUPPORTED,"No, I don’t, but I suppose that if you were serious about your anarchism, that is exactly what you would do.",he said;
MWT_T00016,MWT_C00028|MWT_C00029,Syme,review,review,high,2,,Syme,none|pronoun_speaker,PRONOUN_SPEAKER_SUPPORTED,"Don’t you think, then, that I am serious about my anarchism?","he said in a dangerous voice,"
MWT_T00017,MWT_C00030,Syme,high,high,review,1,Syme,,named_speaker,DIRECT_SPEAKER_SUPPORTED,I beg your pardon?,
MWT_T00018,MWT_C00031,Gregory,high,high,review,1,Gregory,,named_speaker,DIRECT_SPEAKER_SUPPORTED,Am I not serious about my anarchism?,
MWT_T00019,MWT_C00032,Syme,high,high,review,1,Syme,,named_speaker,DIRECT_SPEAKER_SUPPORTED,My dear fellow!,
MWT_T00020,MWT_C00033|MWT_C00034,Unknown,review,review,high,2,,,none|pronoun_speaker,UNKNOWN_SPEAKER,"Mr. Syme, do the people who talk like you and my brother often mean what they say? Do you mean what you say now?","she said,"
MWT_T00021,MWT_C00035,Syme,medium,medium,review,1,,Syme,pronoun_speaker,PRONOUN_SPEAKER_SUPPORTED,Do you?,
MWT_T00022,MWT_C00036,the girl,high,high,review,1,the girl,,role_speaker,DIRECT_SPEAKER_SUPPORTED,What do you mean?,
MWT_T00023,MWT_C00037|MWT_C00038,Syme,review,review,high,2,Syme,,named_speaker|none,DIRECT_SPEAKER_SUPPORTED,"My dear Miss Gregory, there are many kinds of sincerity and insincerity. When you say ‘thank you’ for the salt, do you mean what you say? No. When you say ‘the world is round,’ do you mean what you say? No. It is true, but you don’t mean it. Now, sometimes a man like your brother really finds a thing he does mean. It may be only a half-truth, quarter-truth, tenth-truth; but then he says more than he means—from sheer force of meaning it.","said Syme gently,"
MWT_T00024,MWT_C00039,the girl,medium,medium,review,1,,the girl,pronoun_speaker,PRONOUN_SPEAKER_SUPPORTED,"Is he really an anarchist, then?",
MWT_T00025,MWT_C00040|MWT_C00041,Syme,review,review,high,2,Syme,,named_speaker|none,DIRECT_SPEAKER_SUPPORTED,"Only in that sense I speak of, or if you prefer it, in that nonsense.",replied Syme;
MWT_T00026,MWT_C00042,Unknown,review,review,review,1,,,none,UNKNOWN_SPEAKER,He wouldn’t really use—bombs or that sort of thing?,
MWT_T00027,MWT_C00043|MWT_C00044,Syme,review,review,high,2,,Syme,none|pronoun_speaker,PRONOUN_SPEAKER_SUPPORTED,"Good Lord, no! that has to be done anonymously.","he said,"
MWT_T00028,MWT_C00045|MWT_C00046,Gregory,review,review,high,2,Gregory,,named_speaker|none,DIRECT_SPEAKER_SUPPORTED,"I was waiting for you, Might I have a moment’s conversation?",said Gregory.
MWT_T00029,MWT_C00047,Syme,high,high,review,1,Syme,,named_speaker,DIRECT_SPEAKER_SUPPORTED,Certainly. About what?,
MWT_T00030,MWT_C00048|MWT_C00049,Syme,review,review,high,2,,Syme,none|pronoun_speaker,PRONOUN_SPEAKER_SUPPORTED,"About _this_ and _this_, about order and anarchy. There is your precious order, that lean, iron lamp, ugly and barren; and there is anarchy, rich, living, reproducing itself—there is anarchy, splendid in green and gold.",he cried;
MWT_T00031,MWT_C00050|MWT_C00051,Syme,review,review,high,2,Syme,,named_speaker|none,DIRECT_SPEAKER_SUPPORTED,"All the same, just at present you only see the tree by the light of the lamp. I wonder when you would ever see the lamp by the light of the tree.","replied Syme patiently,"
MWT_T00032,MWT_C00052,Unknown,review,review,review,1,,,none,UNKNOWN_SPEAKER,But may I ask if you have been standing out here in the dark only to resume our little argument?,
MWT_T00033,MWT_C00053|MWT_C00054,Unknown,review,review,high,2,,,none|unresolved_attribution,UNKNOWN_SPEAKER,"No, I did not stand here to resume our argument, but to end it for ever.","cried out Gregory, in a voice that rang down the street,"
MWT_T00034,MWT_C00055|MWT_C00056,Syme,review,review,high,2,,Syme,none|pronoun_speaker,PRONOUN_SPEAKER_SUPPORTED,"Mr. Syme, this evening you succeeded in doing something rather remarkable. You did something to me that no man born of woman has ever succeeded in doing before.","he said,"
MWT_T00035,MWT_C00057,Unknown,review,review,review,1,,,none,UNKNOWN_SPEAKER,Indeed!,
MWT_T00036,MWT_C00058|MWT_C00059,Gregory,review,review,high,2,Gregory,,named_speaker|none,DIRECT_SPEAKER_SUPPORTED,"Now I remember, one other person succeeded in doing it. The captain of a penny steamer (if I remember correctly) at Southend. You have irritated me.","resumed Gregory reflectively,"
MWT_T00037,MWT_C00060,Syme,high,high,review,1,Syme,,named_speaker,DIRECT_SPEAKER_SUPPORTED,"I am very sorry,",
MWT_T00038,MWT_C00061|MWT_C00062,Gregory,review,review,high,2,Gregory,,named_speaker|none,DIRECT_SPEAKER_SUPPORTED,"I am afraid my fury and your insult are too shocking to be wiped out even with an apology, No duel could wipe it out. If I struck you dead I could not wipe it out. There is only one way by which that insult can be erased, and that way I choose. I am going, at the possible sacrifice of my life and honour, to _prove_ to you that you were wrong in what you said.",said Gregory very calmly.
MWT_T00039,MWT_C00063,Unknown,review,review,review,1,,,none,UNKNOWN_SPEAKER,In what I said?,
MWT_T00040,MWT_C00064,Unknown,review,review,review,1,,,none,UNKNOWN_SPEAKER,You said I was not serious about being an anarchist.,
MWT_T00041,MWT_C00065|MWT_C00066,Syme,review,review,high,2,Syme,,named_speaker|none,DIRECT_SPEAKER_SUPPORTED,"There are degrees of seriousness, I have never doubted that you were perfectly sincere in this sense, that you thought what you said well worth saying, that you thought a paradox might wake men up to a neglected truth.",replied Syme.
MWT_T00042,MWT_C00067|MWT_C00068,Syme,review,review,high,2,,Syme,none|pronoun_speaker,PRONOUN_SPEAKER_SUPPORTED,"And in no other sense, you think me serious? You think me a _flâneur_ who lets fall occasional truths. You do not think that in a deeper, a more deadly sense, I am serious.","he asked,"
MWT_T00043,MWT_C00069,Syme,medium,medium,review,1,,Syme,pronoun_speaker,PRONOUN_SPEAKER_SUPPORTED,Serious!,
MWT_T00044,MWT_C00070,Unknown,review,review,review,1,,,none,UNKNOWN_SPEAKER,"Good Lord! is this street serious? Are these damned Chinese lanterns serious? Is the whole caboodle serious? One comes here and talks a pack of bosh, and perhaps some sense as well, but I should think very little of a man who didn’t keep something in the background of his life that was more serious than all this talking—something more serious, whether it was religion or only drink.",
MWT_T00045,MWT_C00071|MWT_C00072,Gregory,review,review,high,2,Gregory,,named_speaker|none,DIRECT_SPEAKER_SUPPORTED,"Very well, you shall see something more serious than either drink or religion.","said Gregory, his face darkening,"
MWT_T00046,MWT_C00073,Unknown,review,review,review,1,,,none,UNKNOWN_SPEAKER,You spoke just now of having a religion. Is it really true that you have one?,
MWT_T00047,MWT_C00074|MWT_C00075,Syme,review,review,high,2,Syme,,named_speaker|none,DIRECT_SPEAKER_SUPPORTED,"Oh, we are all Catholics now.","said Syme with a beaming smile,"
MWT_T00048,MWT_C00076,Unknown,review,review,review,1,,,none,UNKNOWN_SPEAKER,"Then may I ask you to swear by whatever gods or saints your religion involves that you will not reveal what I am now going to tell you to any son of Adam, and especially not to the police? Will you swear that! If you will take upon yourself this awful abnegation if you will consent to burden your soul with a vow that you should never make and a knowledge you should never dream about, I will promise you in return—",
MWT_T00049,MWT_C00077,Syme,high,high,review,1,Syme,,named_speaker,DIRECT_SPEAKER_SUPPORTED,You will promise me in return?,
MWT_T00050,MWT_C00078,Unknown,review,review,review,1,,,none,UNKNOWN_SPEAKER,I will promise you a very entertaining evening.,
MWT_T00051,MWT_C00079|MWT_C00080,Syme,review,review,high,2,,Syme,none|pronoun_speaker,PRONOUN_SPEAKER_SUPPORTED,"Your offer, is far too idiotic to be declined. You say that a poet is always an anarchist. I disagree; but I hope at least that he is always a sportsman. Permit me, here and now, to swear as a Christian, and promise as a good comrade and a fellow-artist, that I will not report anything of this, whatever it is, to the police. And now, in the name of Colney Hatch, what is it?","he said,"
MWT_T00052,MWT_C00081|MWT_C00082,Gregory,review,review,high,2,Gregory,,named_speaker|none,DIRECT_SPEAKER_SUPPORTED,"I think, that we will call a cab.","said Gregory, with placid irrelevancy,"
MWT_T00053,MWT_C00083,Gregory,high,high,review,1,Gregory,,named_speaker,DIRECT_SPEAKER_SUPPORTED,Will you take a little supper?,
MWT_T00054,MWT_C00084,Unknown,review,review,review,1,,,none,UNKNOWN_SPEAKER,"The _pâté de foie gras_ is not good here, but I can recommend the game.",
MWT_T00055,MWT_C00085,Unknown,review,review,review,1,,,none,UNKNOWN_SPEAKER,"Oh, bring me some lobster mayonnaise.",
MWT_T00056,MWT_C00086,Unknown,review,review,review,1,,,none,UNKNOWN_SPEAKER,"Certainly, sir!",
MWT_T00057,MWT_C00087|MWT_C00088,Gregory,review,review,high,2,Gregory,,named_speaker|none,DIRECT_SPEAKER_SUPPORTED,What will you drink? I shall only have a _crême de menthe_ myself; I have dined. But the champagne can really be trusted. Do let me start you with a half-bottle of Pommery at least?,"resumed Gregory, with the same careless yet apologetic air."
MWT_T00058,MWT_C00089,Unknown,review,review,review,1,,,unresolved_attribution,UNKNOWN_SPEAKER,Thank you!,
MWT_T00059,MWT_C00090,Unknown,review,review,review,1,,,none,UNKNOWN_SPEAKER,You are very good.,
MWT_T00060,MWT_C00091,Unknown,review,review,review,1,,,pronoun_speaker_named_target,UNKNOWN_SPEAKER,Excuse me if I enjoy myself rather obviously!,
MWT_T00061,MWT_C00092,Unknown,review,review,review,1,,,none,UNKNOWN_SPEAKER,I don’t often have the luck to have a dream like this. It is new to me for a nightmare to lead to a lobster. It is commonly the other way.,
MWT_T00062,MWT_C00093|MWT_C00094,Gregory,review,review,high,2,Gregory,,named_speaker|none,DIRECT_SPEAKER_SUPPORTED,"You are not asleep, I assure you, You are, on the contrary, close to the most actual and rousing moment of your existence. Ah, here comes your champagne! I admit that there may be a slight disproportion, let us say, between the inner arrangements of this excellent hotel and its simple and unpretentious exterior. But that is all our modesty. We are the most modest men that ever lived on earth.",said Gregory.
MWT_T00063,MWT_C00095,Syme,high,high,review,1,Syme,,named_speaker,DIRECT_SPEAKER_SUPPORTED,And who are _we?_,
MWT_T00064,MWT_C00096|MWT_C00097,Gregory,review,review,high,2,Gregory,,named_speaker|none,DIRECT_SPEAKER_SUPPORTED,"It is quite simple, _We_ are the serious anarchists, in whom you do not believe.",replied Gregory.
MWT_T00065,MWT_C00098,Syme,high,high,review,1,Syme,,named_speaker,DIRECT_SPEAKER_SUPPORTED,Oh!,
MWT_T00066,MWT_C00099,Unknown,review,review,review,1,,,none,UNKNOWN_SPEAKER,You do yourselves well in drinks.,
MWT_T00067,MWT_C00100|MWT_C00101,Gregory,review,review,high,2,Gregory,,named_speaker|none,DIRECT_SPEAKER_SUPPORTED,"Yes, we are serious about everything, If in a few moments this table begins to turn round a little, don’t put it down to your inroads into the champagne. I don’t wish you to do yourself an injustice.",answered Gregory. Then after a pause he added—
MWT_T00068,MWT_C00102|MWT_C00103,Syme,review,review,high,2,Syme,,named_speaker|none,DIRECT_SPEAKER_SUPPORTED,"Well, if I am not drunk, I am mad, but I trust I can behave like a gentleman in either condition. May I smoke?",replied Syme with perfect calm;
MWT_T00069,MWT_C00104,Gregory,high,high,review,1,Gregory,,named_speaker,DIRECT_SPEAKER_SUPPORTED,Certainly!,
MWT_T00070,MWT_C00105,Unknown,review,review,review,1,,,none,UNKNOWN_SPEAKER,Try one of mine.,
MWT_T00071,MWT_C00106|MWT_C00107,Gregory,review,review,high,2,Gregory,,named_speaker|none,DIRECT_SPEAKER_SUPPORTED,"You must not mind it, it’s a kind of screw.",said Gregory;
MWT_T00072,MWT_C00108|MWT_C00109,Syme,review,review,high,2,Syme,,named_speaker|none,DIRECT_SPEAKER_SUPPORTED,"Quite so, a kind of screw. How simple that is!","said Syme placidly,"
MWT_T00073,MWT_C00110,Unknown,review,review,review,1,,,none,UNKNOWN_SPEAKER,Mr. Joseph Chamberlain.,
MWT_T00074,MWT_C00111|MWT_C00112,Gregory,review,review,high,2,Gregory,,named_speaker|none,DIRECT_SPEAKER_SUPPORTED,"I must ask you to forgive me all these formalities, we have to be very strict here.",said Gregory;
MWT_T00075,MWT_C00113|MWT_C00114,Syme,review,review,high,2,Syme,,named_speaker|none,DIRECT_SPEAKER_SUPPORTED,"Oh, don’t apologise, I know your passion for law and order,",said Syme.
MWT_T00076,MWT_C00115|MWT_C00116,Gregory,review,review,high,2,Gregory,,named_speaker|none,DIRECT_SPEAKER_SUPPORTED,"And now, my dear Mr. Syme, now we are quite cosy, so let us talk properly. Now no human words can give you any notion of why I brought you here. It was one of those quite arbitrary emotions, like jumping off a cliff or falling in love. Suffice it to say that you were an inexpressibly irritating fellow, and, to do you justice, you are still. I would break twenty oaths of secrecy for the pleasure of taking you down a peg. That way you have of lighting a cigar would make a priest break the seal of confession. Well, you said that you were quite certain I was not a serious anarchist. Does this place strike you as being serious?","said Gregory, throwing himself in an expansive manner on the bench under the largest bomb,"
MWT_T00077,MWT_C00117|MWT_C00118,Syme,review,review,high,2,Syme,,named_speaker|none,DIRECT_SPEAKER_SUPPORTED,"It does seem to have a moral under all its gaiety, but may I ask you two questions? You need not fear to give me information, because, as you remember, you very wisely extorted from me a promise not to tell the police, a promise I shall certainly keep. So it is in mere curiosity that I make my queries. First of all, what is it really all about? What is it you object to? You want to abolish Government?",assented Syme;
MWT_T00078,MWT_C00119,Gregory,high,high,review,1,Gregory,,named_speaker,DIRECT_SPEAKER_SUPPORTED,To abolish God!,
MWT_T00079,MWT_C00120,Unknown,review,review,review,1,,,none,UNKNOWN_SPEAKER,"We do not only want to upset a few despotisms and police regulations; that sort of anarchism does exist, but it is a mere branch of the Nonconformists. We dig deeper and we blow you higher. We wish to deny all those arbitrary distinctions of vice and virtue, honour and treachery, upon which mere rebels base themselves. The silly sentimentalists of the French Revolution talked of the Rights of Man! We hate Rights as we hate Wrongs. We have abolished Right and Wrong.",
MWT_T00080,MWT_C00121|MWT_C00122,Syme,review,review,high,2,Syme,,named_speaker|none,DIRECT_SPEAKER_SUPPORTED,"And Right and Left, I hope you will abolish them too. They are much more troublesome to me.","said Syme with a simple eagerness,"
MWT_T00081,MWT_C00123,Unknown,review,review,review,1,,,none,UNKNOWN_SPEAKER,"You spoke of a second question,",
MWT_T00082,MWT_C00124|MWT_C00125,Syme,review,review,high,2,Syme,,named_speaker|none,DIRECT_SPEAKER_SUPPORTED,"With pleasure, In all your present acts and surroundings there is a scientific attempt at secrecy. I have an aunt who lived over a shop, but this is the first time I have found people living from preference under a public-house. You have a heavy iron door. You cannot pass it without submitting to the humiliation of calling yourself Mr. Chamberlain. You surround yourself with steel instruments which make the place, if I may say so, more impressive than homelike. May I ask why, after taking all this trouble to barricade yourselves in the bowels of the earth, you then parade your whole secret by talking about anarchism to every silly woman in Saffron Park?",resumed Syme.
MWT_T00083,MWT_C00126|MWT_C00127,Syme,review,review,high,2,,Syme,none|pronoun_speaker,PRONOUN_SPEAKER_SUPPORTED,"The answer is simple, I told you I was a serious anarchist, and you did not believe me. Nor do _they_ believe me. Unless I took them into this infernal room they would not believe me.",he said.
MWT_T00084,MWT_C00128|MWT_C00129,Syme,review,review,high,2,,Syme,none|pronoun_speaker,PRONOUN_SPEAKER_SUPPORTED,"The history of the thing might amuse you, When first I became one of the New Anarchists I tried all kinds of respectable disguises. I dressed up as a bishop. I read up all about bishops in our anarchist pamphlets, in _Superstition the Vampire_ and _Priests of Prey_. I certainly understood from them that bishops are strange and terrible old men keeping a cruel secret from mankind. I was misinformed. When on my first appearing in episcopal gaiters in a drawing-room I cried out in a voice of thunder, ‘Down! down! presumptuous human reason!’ they found out in some way that I was not a bishop at all. I was nabbed at once. Then I made up as a millionaire; but I defended Capital with so much intelligence that a fool could see that I was quite poor. Then I tried being a major. Now I am a humanitarian myself, but I have, I hope, enough intellectual breadth to understand the position of those who, like Nietzsche, admire violence—the proud, mad war of Nature and all that, you know. I threw myself into the major. I drew my sword and waved it constantly. I called out ‘Blood!’ abstractedly, like a man calling for wine. I often said, ‘Let the weak perish; it is the Law.’ Well, well, it seems majors don’t do this. I was nabbed again. At last I went in despair to the President of the Central Anarchist Council, who is the greatest man in Europe.",he said.
MWT_T00085,MWT_C00130,Syme,high,high,review,1,Syme,,named_speaker,DIRECT_SPEAKER_SUPPORTED,What is his name?,
MWT_T00086,MWT_C00131|MWT_C00132|MWT_C00133,Gregory,review,review,high,3,Gregory,,named_speaker|none,DIRECT_SPEAKER_SUPPORTED,"You would not know it, That is his greatness. Caesar and Napoleon put all their genius into being heard of, and they _were_ heard of. He puts all his genius into not being heard of, and he is not heard of. But you cannot be for five minutes in the room with him without feeling that Caesar and Napoleon would have been children in his hands. But whenever he gives advice it is always something as startling as an epigram, and yet as practical as the Bank of England. I said to him, ‘What disguise will hide me from the world? What can I find more respectable than bishops and majors?’ He looked at me with his large but indecipherable face. ‘You want a safe disguise, do you? You want a dress which will guarantee you harmless; a dress in which no one would ever look for a bomb?’ I nodded. He suddenly lifted his lion’s voice. ‘Why, then, dress up as an _anarchist_, you fool!’ he roared so that the room shook. ‘Nobody will ever expect you to do anything dangerous then.’ And he turned his broad back on me without another word. I took his advice, and have never regretted it. I preached blood and murder to those women day and night, and—by God!—they would let me wheel their perambulators.","answered Gregory. || He was silent and even pale for a moment, and then resumed—"
MWT_T00087,MWT_C00134|MWT_C00135|MWT_C00136,Gregory,review,review,high,3,,Gregory,none|pronoun_speaker,PRONOUN_SPEAKER_SUPPORTED,"You took me in, It is really a smart dodge. What do you call this tremendous President of yours?",he said. || Then after a pause he added—
MWT_T00088,MWT_C00137|MWT_C00138,Gregory,review,review,high,2,Gregory,,named_speaker|none,DIRECT_SPEAKER_SUPPORTED,"We generally call him Sunday, You see, there are seven members of the Central Anarchist Council, and they are named after days of the week. He is called Sunday, by some of his admirers Bloody Sunday. It is curious you should mention the matter, because the very night you have dropped in (if I may so express it) is the night on which our London branch, which assembles in this room, has to elect its own deputy to fill a vacancy in the Council. The gentleman who has for some time past played, with propriety and general applause, the difficult part of Thursday, has died quite suddenly. Consequently, we have called a meeting this very evening to elect a successor.",replied Gregory with simplicity.
MWT_T00089,MWT_C00139|MWT_C00140,Gregory,review,review,high,2,,Gregory,none|pronoun_speaker,PRONOUN_SPEAKER_SUPPORTED,"I feel somehow as if you were my mother, Syme, I feel that I can confide anything to you, as you have promised to tell nobody. In fact, I will confide to you something that I would not say in so many words to the anarchists who will be coming to the room in about ten minutes. We shall, of course, go through a form of election; but I don’t mind telling you that it is practically certain what the result will be.",he continued casually.
MWT_T00090,MWT_C00141,Unknown,review,review,review,1,,,none,UNKNOWN_SPEAKER,It is almost a settled thing that I am to be Thursday.,
MWT_T00091,MWT_C00142,Syme,high,high,review,1,Syme,,named_speaker,DIRECT_SPEAKER_SUPPORTED,My dear fellow.,
MWT_T00092,MWT_C00143,Unknown,review,review,review,1,,,none,UNKNOWN_SPEAKER,I congratulate you. A great career!,
MWT_T00093,MWT_C00144|MWT_C00145,Syme,review,review,high,2,,Syme,none|pronoun_speaker,PRONOUN_SPEAKER_SUPPORTED,"As a matter of fact, everything is ready for me on this table, and the ceremony will probably be the shortest possible.","he said,"
MWT_T00094,MWT_C00146|MWT_C00147,Gregory,review,review,high,2,Gregory,,named_speaker|none,DIRECT_SPEAKER_SUPPORTED,"I have only to get the form of election finished, then I snatch up this cloak and stick, stuff these other things into my pocket, step out of a door in this cavern, which opens on the river, where there is a steam-tug already waiting for me, and then—then—oh, the wild joy of being Thursday!","continued Gregory with animation,"
MWT_T00095,MWT_C00148|MWT_C00149|MWT_C00150,Gregory,review,review,high,3,,Gregory,none|pronoun_speaker,PRONOUN_SPEAKER_SUPPORTED,"Why is it, that I think you are quite a decent fellow? Why do I positively like you, Gregory? Is it because you are such an ass?","he asked vaguely, || He paused a moment, and then added with a sort of fresh curiosity,"
MWT_T00096,MWT_C00151,Unknown,review,review,review,1,,,none,UNKNOWN_SPEAKER,"Well, damn it all! this is the funniest situation I have ever been in in my life, and I am going to act accordingly. Gregory, I gave you a promise before I came into this place. That promise I would keep under red-hot pincers. Would you give me, for my own safety, a little promise of the same kind?",
MWT_T00097,MWT_C00152,Gregory,high,high,review,1,Gregory,,named_speaker,DIRECT_SPEAKER_SUPPORTED,A promise?,
MWT_T00098,MWT_C00153|MWT_C00154,Syme,review,review,high,2,Syme,,named_speaker|none,DIRECT_SPEAKER_SUPPORTED,"Yes, a promise. I swore before God that I would not tell your secret to the police. Will you swear by Humanity, or whatever beastly thing you believe in, that you will not tell my secret to the anarchists?","said Syme very seriously,"
MWT_T00099,MWT_C00155,Unknown,review,review,review,1,,,unresolved_attribution,UNKNOWN_SPEAKER,Your secret?,
MWT_T00100,MWT_C00156,Unknown,review,review,review,1,,,none,UNKNOWN_SPEAKER,Have you got a secret?,
MWT_T00101,MWT_C00157|MWT_C00158,Syme,review,review,high,2,Syme,,named_speaker|none,DIRECT_SPEAKER_SUPPORTED,"Yes, I have a secret.","said Syme,"
MWT_T00102,MWT_C00159,Unknown,review,review,review,1,,,none,UNKNOWN_SPEAKER,Will you swear?,
MWT_T00103,MWT_C00160,Unknown,review,review,review,1,,,none,UNKNOWN_SPEAKER,"You must have bewitched me, but I feel a furious curiosity about you. Yes, I will swear not to tell the anarchists anything you tell me. But look sharp, for they will be here in a couple of minutes.",
MWT_T00104,MWT_C00161|MWT_C00162,Syme,review,review,high,2,Syme,,named_speaker|none,DIRECT_SPEAKER_SUPPORTED,"Well, I don’t know how to tell you the truth more shortly than by saying that your expedient of dressing up as an aimless poet is not confined to you or your President. We have known the dodge for some time at Scotland Yard.","said Syme slowly,"
MWT_T00105,MWT_C00163,Syme,medium,medium,review,1,,Syme,pronoun_speaker,PRONOUN_SPEAKER_SUPPORTED,What do you say?,
MWT_T00106,MWT_C00164|MWT_C00165,Syme,review,review,high,2,Syme,,named_speaker|none,DIRECT_SPEAKER_SUPPORTED,"Yes, I am a police detective. But I think I hear your friends coming.","said Syme simply,"
MWT_T00107,MWT_C00166,Unknown,review,review,review,1,,,none,UNKNOWN_SPEAKER,Mr. Joseph Chamberlain.,
MWT_T00108,MWT_C00167|MWT_C00168,Syme,review,review,high,2,,Syme,none|pronoun_speaker,PRONOUN_SPEAKER_SUPPORTED,"Don’t be such a silly man, Don’t you see it’s not necessary? Don’t you see that we’re both in the same boat? Yes, and jolly sea-sick.","he said, with the effeminate dignity of a curate."
MWT_T00109,MWT_C00169,Syme,high,high,review,1,Syme,,named_speaker,DIRECT_SPEAKER_SUPPORTED,Don’t you see we’ve checkmated each other?,
MWT_T00110,MWT_C00170,Unknown,review,review,review,1,,,none,UNKNOWN_SPEAKER,"I can’t tell the police you are an anarchist. You can’t tell the anarchists I’m a policeman. I can only watch you, knowing what you are; you can only watch me, knowing what I am. In short, it’s a lonely, intellectual duel, my head against yours. I’m a policeman deprived of the help of the police. You, my poor fellow, are an anarchist deprived of the help of that law and organisation which is so essential to anarchy. The one solitary difference is in your favour. You are not surrounded by inquisitive policemen; I am surrounded by inquisitive anarchists. I cannot betray you, but I might betray myself. Come, come! wait and see me betray myself. I shall do it so nicely.",
MWT_T00111,MWT_C00171|MWT_C00172,Syme,review,review,high,2,,Syme,none|pronoun_speaker,PRONOUN_SPEAKER_SUPPORTED,"I don’t believe in immortality, but if, after all this, you were to break your word, God would make a hell only for you, to howl in for ever.","he said at last,"
MWT_T00112,MWT_C00173|MWT_C00174,Syme,review,review,high,2,Syme,,named_speaker|none,DIRECT_SPEAKER_SUPPORTED,"I shall not break my word, nor will you break yours. Here are your friends.","said Syme sternly,"
MWT_T00113,MWT_C00175,Syme,medium,medium,review,1,,Syme,pronoun_speaker,PRONOUN_SPEAKER_SUPPORTED,"Comrade Gregory,",
MWT_T00114,MWT_C00176,Syme,high,high,review,1,Syme,,named_speaker,DIRECT_SPEAKER_SUPPORTED,I suppose this man is a delegate?,
MWT_T00115,MWT_C00177,Unknown,review,review,review,1,,,none,UNKNOWN_SPEAKER,I am glad to see that your gate is well enough guarded to make it hard for anyone to be here who was not a delegate.,
MWT_T00116,MWT_C00178,Syme,medium,medium,review,1,,Syme,pronoun_speaker,PRONOUN_SPEAKER_SUPPORTED,What branch do you represent?,
MWT_T00117,MWT_C00179|MWT_C00180,Syme,review,review,high,2,Syme,,named_speaker|none,DIRECT_SPEAKER_SUPPORTED,"I should hardly call it a branch, I should call it at the very least a root.","said Syme, laughing;"
MWT_T00118,MWT_C00181,Unknown,review,review,review,1,,,none,UNKNOWN_SPEAKER,What do you mean?,
MWT_T00119,MWT_C00182|MWT_C00183,Syme,review,review,high,2,Syme,,named_speaker|none,DIRECT_SPEAKER_SUPPORTED,"The fact is, the truth is I am a Sabbatarian. I have been specially sent here to see that you show a due observance of Sunday.","said Syme serenely,"
MWT_T00120,MWT_C00184|MWT_C00185,the man,review,review,high,2,the man,,none|role_speaker,DIRECT_SPEAKER_SUPPORTED,"Well, comrade, I suppose we’d better give you a seat in the meeting?","said the man with the papers after a pause,"
MWT_T00121,MWT_C00186|MWT_C00187,Syme,review,review,high,2,Syme,,named_speaker|none,DIRECT_SPEAKER_SUPPORTED,"If you ask my advice as a friend, I think you’d better.","said Syme with severe benevolence,"
MWT_T00122,MWT_C00188|MWT_C00189,Syme,review,review,high,2,,Syme,none|pronoun_speaker,PRONOUN_SPEAKER_SUPPORTED,"I think it is time we began, the steam-tug is waiting on the river already. I move that Comrade Buttons takes the chair.",he said;
MWT_T00123,MWT_C00190|MWT_C00191,Unknown,review,review,high,2,,,none,UNKNOWN_SPEAKER,"Comrades, our meeting tonight is important, though it need not be long. This branch has always had the honour of electing Thursdays for the Central European Council. We have elected many and splendid Thursdays. We all lament the sad decease of the heroic worker who occupied the post until last week. As you know, his services to the cause were considerable. He organised the great dynamite coup of Brighton which, under happier circumstances, ought to have killed everybody on the pier. As you also know, his death was as self-denying as his life, for he died through his faith in a hygienic mixture of chalk and water as a substitute for milk, which beverage he regarded as barbaric, and as involving cruelty to the cow. Cruelty, or anything approaching to cruelty, revolted him always. But it is not to acclaim his virtues that we are met, but for a harder task. It is difficult properly to praise his qualities, but it is more difficult to replace them. Upon you, comrades, it devolves this evening to choose out of the company present the man who shall be Thursday. If any comrade suggests a name I will put it to the vote. If no comrade suggests a name, I can only tell myself that that dear dynamiter, who is gone from us, has carried into the unknowable abysses the last secret of his virtue and his innocence.","he began, as sharp as a pistol-shot,"
MWT_T00124,MWT_C00192,Unknown,review,review,review,1,,,none,UNKNOWN_SPEAKER,"I move that Comrade Gregory be elected Thursday,",
MWT_T00125,MWT_C00193,Unknown,review,review,review,1,,,unresolved_attribution,UNKNOWN_SPEAKER,Does anyone second?,
MWT_T00126,MWT_C00194|MWT_C00195,Unknown,review,review,high,2,,,none|unresolved_attribution,UNKNOWN_SPEAKER,"Before I put the matter to the vote, I will call on Comrade Gregory to make a statement.","said the chairman,"
MWT_T00127,MWT_C00196|MWT_C00197,Unknown,review,review,high,2,,,none,UNKNOWN_SPEAKER,"Comrades, it is not necessary for me to tell you what is my policy, for it is your policy also. Our belief has been slandered, it has been disfigured, it has been utterly confused and concealed, but it has never been altered. Those who talk about anarchism and its dangers go everywhere and anywhere to get their information, except to us, except to the fountain head. They learn about anarchists from sixpenny novels; they learn about anarchists from tradesmen’s newspapers; they learn about anarchists from _Ally Sloper’s Half-Holiday_ and the _Sporting Times_. They never learn about anarchists from anarchists. We have no chance of denying the mountainous slanders which are heaped upon our heads from one end of Europe to another. The man who has always heard that we are walking plagues has never heard our reply. I know that he will not hear it tonight, though my passion were to rend the roof. For it is deep, deep under the earth that the persecuted are permitted to assemble, as the Christians assembled in the Catacombs. But if, by some incredible accident, there were here tonight a man who all his life had thus immensely misunderstood us, I would put this question to him: ‘When those Christians met in those Catacombs, what sort of moral reputation had they in the streets above? What tales were told of their atrocities by one educated Roman to another? Suppose’ (I would say to him), ‘suppose that we are only repeating that still mysterious paradox of history. Suppose we seem as shocking as the Christians because we are really as harmless as the Christians. Suppose we seem as mad as the Christians because we are really as meek.","began Gregory, in a low but penetrating voice,"
MWT_T00128,MWT_C00198,Unknown,review,review,review,1,,,none,UNKNOWN_SPEAKER,I’m not meek!,
MWT_T00129,MWT_C00199|MWT_C00200,Gregory,review,review,high,2,Gregory,,named_speaker|none,DIRECT_SPEAKER_SUPPORTED,"Comrade Witherspoon tells us, that he is not meek. Ah, how little he knows himself! His words are, indeed, extravagant; his appearance is ferocious, and even (to an ordinary taste) unattractive. But only the eye of a friendship as deep and delicate as mine can perceive the deep foundation of solid meekness which lies at the base of him, too deep even for himself to see. I repeat, we are the true early Christians, only that we come too late. We are simple, as they revere simple—look at Comrade Witherspoon. We are modest, as they were modest—look at me. We are merciful—","resumed Gregory,"
MWT_T00130,MWT_C00201,Unknown,review,review,review,1,,,unresolved_attribution,UNKNOWN_SPEAKER,"No, no!",
MWT_T00131,MWT_C00202|MWT_C00203,Unknown,review,review,high,2,,,none,UNKNOWN_SPEAKER,"I say we are merciful, as the early Christians were merciful. Yet this did not prevent their being accused of eating human flesh. We do not eat human flesh—","repeated Gregory furiously,"
MWT_T00132,MWT_C00204,Unknown,review,review,review,1,,,unresolved_attribution,UNKNOWN_SPEAKER,Shame!,
MWT_T00133,MWT_C00205,Unknown,review,review,review,1,,,none,UNKNOWN_SPEAKER,Why not?,
MWT_T00134,MWT_C00206|MWT_C00207,Gregory,review,review,high,2,Gregory,,named_speaker|none,DIRECT_SPEAKER_SUPPORTED,"Comrade Witherspoon, is anxious to know why nobody eats him (laughter). In our society, at any rate, which loves him sincerely, which is founded upon love—","said Gregory, with a feverish gaiety,"
MWT_T00135,MWT_C00208|MWT_C00209,Unknown,review,review,high,2,,,none|unresolved_attribution,UNKNOWN_SPEAKER,"No, no! down with love.","said Witherspoon,"
MWT_T00136,MWT_C00210,Unknown,review,review,review,1,,,none,UNKNOWN_SPEAKER,"Which is founded upon love,",
MWT_T00137,MWT_C00211|MWT_C00212,Gregory,review,review,high,2,Gregory,,named_speaker|none,DIRECT_SPEAKER_SUPPORTED,"there will be no difficulty about the aims which we shall pursue as a body, or which I should pursue were I chosen as the representative of that body. Superbly careless of the slanders that represent us as assassins and enemies of human society, we shall pursue with moral courage and quiet intellectual pressure, the permanent ideals of brotherhood and simplicity. Does anyone oppose the election of Comrade Gregory?","Gregory resumed his seat and passed his hand across his forehead. The silence was sudden and awkward, but the chairman rose like an automaton, and said in a colourless voice—"
MWT_T00138,MWT_C00213,Unknown,review,review,review,1,,,none,UNKNOWN_SPEAKER,"Yes, Mr. Chairman, I oppose.",
MWT_T00139,MWT_C00214|MWT_C00215,Gregory,review,review,high,2,,Gregory,none|pronoun_speaker,PRONOUN_SPEAKER_SUPPORTED,"Comrades! have we come here for this? Do we live underground like rats in order to listen to talk like this? This is talk we might listen to while eating buns at a Sunday School treat. Do we line these walls with weapons and bar that door with death lest anyone should come and hear Comrade Gregory saying to us, ‘Be good, and you will be happy,’ ‘Honesty is the best policy,’ and ‘Virtue is its own reward’? There was not a word in Comrade Gregory’s address to which a curate could not have listened with pleasure (hear, hear). But I am not a curate (loud cheers), and I did not listen to it with pleasure (renewed cheers). The man who is fitted to make a good curate is not fitted to make a resolute, forcible, and efficient Thursday (hear, hear). “Comrade Gregory has told us, in only too apologetic a tone, that we are not the enemies of society. But I say that we are the enemies of society, and so much the worse for society. We are the enemies of society, for society is the enemy of humanity, its oldest and its most pitiless enemy (hear, hear). Comrade Gregory has told us (apologetically again) that we are not murderers. There I agree. We are not murderers, we are executioners (cheers).","he cried, in a voice that made every man jump out of his boots,"
MWT_T00140,MWT_C00216,Unknown,review,review,review,1,,,none,UNKNOWN_SPEAKER,You damnable hypocrite!,
MWT_T00141,MWT_C00217,Unknown,review,review,review,1,,,none,UNKNOWN_SPEAKER,"Comrade Gregory accuses me of hypocrisy. He knows as well as I do that I am keeping all my engagements and doing nothing but my duty. I do not mince words. I do not pretend to. I say that Comrade Gregory is unfit to be Thursday for all his amiable qualities. He is unfit to be Thursday because of his amiable qualities. We do not want the Supreme Council of Anarchy infected with a maudlin mercy (hear, hear). This is no time for ceremonial politeness, neither is it a time for ceremonial modesty. I set myself against Comrade Gregory as I would set myself against all the Governments of Europe, because the anarchist who has given himself to anarchy has forgotten modesty as much as he has forgotten pride (cheers). I am not a man at all. I am a cause (renewed cheers). I set myself against Comrade Gregory as impersonally and as calmly as I should choose one pistol rather than another out of that rack upon the wall; and I say that rather than have Gregory and his milk-and-water methods on the Supreme Council, I would offer myself for election—",
MWT_T00142,MWT_C00218,Unknown,review,review,review,1,,,pronoun_speaker,UNKNOWN_SPEAKER,"Stop, you blasted madmen!",
MWT_T00143,MWT_C00219,Unknown,review,review,review,1,,,none,UNKNOWN_SPEAKER,"Stop, you—",
MWT_T00144,MWT_C00220,Unknown,review,review,review,1,,,none,UNKNOWN_SPEAKER,"I do not go to the Council to rebut that slander that calls us murderers; I go to earn it (loud and prolonged cheering). To the priest who says these men are the enemies of religion, to the judge who says these men are the enemies of law, to the fat parliamentarian who says these men are the enemies of order and public decency, to all these I will reply, ‘You are false kings, but you are true prophets. I am come to destroy you, and to fulfil your prophecies.’",
MWT_T00145,MWT_C00221,Unknown,review,review,review,1,,,none,UNKNOWN_SPEAKER,"I move, as an amendment, that Comrade Syme be appointed to the post.",
MWT_T00146,MWT_C00222,Gregory,high,high,review,1,Gregory,,named_speaker,DIRECT_SPEAKER_SUPPORTED,"Stop all this, I tell you!",
MWT_T00147,MWT_C00223,Unknown,review,review,review,1,,,none,UNKNOWN_SPEAKER,"Stop it, it is all—",
MWT_T00148,MWT_C00224,Gregory,medium,medium,review,1,,Gregory,pronoun_speaker,PRONOUN_SPEAKER_SUPPORTED,Does anyone second this amendment?,
MWT_T00149,MWT_C00225,Gregory,medium,medium,review,1,,Gregory,pronoun_speaker,PRONOUN_SPEAKER_SUPPORTED,I end all this!,
MWT_T00150,MWT_C00226,Unknown,review,review,review,1,,,none,UNKNOWN_SPEAKER,This man cannot be elected. He is a—,
MWT_T00151,MWT_C00227|MWT_C00228,Syme,review,review,high,2,Syme,,named_speaker|none,DIRECT_SPEAKER_SUPPORTED,"Yes, what is he?","said Syme, quite motionless,"
MWT_T00152,MWT_C00229,Syme,medium,medium,review,1,,Syme,pronoun_speaker,PRONOUN_SPEAKER_SUPPORTED,"He is a man quite inexperienced in our work,",
MWT_T00153,MWT_C00230,Unknown,review,review,review,1,,,none,UNKNOWN_SPEAKER,I beg to second the election of Comrade Syme.,
MWT_T00154,MWT_C00231|MWT_C00232,Unknown,review,review,high,2,,,none|unresolved_attribution,UNKNOWN_SPEAKER,"The amendment will, as usual, be put first, The question is that Comrade Syme—","said Mr. Buttons, the chairman, with mechanical rapidity."
MWT_T00155,MWT_C00233|MWT_C00234,Syme,review,review,high,2,,Syme,none|pronoun_speaker,PRONOUN_SPEAKER_SUPPORTED,"Comrades, I am not a madman.","he cried out,"
MWT_T00156,MWT_C00235,Unknown,review,review,review,1,,,unresolved_attribution,UNKNOWN_SPEAKER,"Oh, oh!",
MWT_T00157,MWT_C00236|MWT_C00237,Unknown,review,review,high,2,,,none,UNKNOWN_SPEAKER,"I am not a madman, but I give you a counsel which you can call mad if you like. No, I will not call it a counsel, for I can give you no reason for it. I will call it a command. Call it a mad command, but act upon it. Strike, but hear me! Kill me, but obey me! Do not elect this man.","reiterated Gregory, with a frightful sincerity which for a moment staggered the room,"
MWT_T00158,MWT_C00238|MWT_C00239|MWT_C00240,Unknown,review,review,high,3,,,none,UNKNOWN_SPEAKER,Comrade Gregory commands— Who are you? You are not Sunday; And you are not Thursday.,"Then the spell was snapped, and one anarchist called out to Gregory— || and another anarchist added in a heavier voice,"
MWT_T00159,MWT_C00241|MWT_C00242,Gregory,review,review,high,2,Gregory,,named_speaker|none,DIRECT_SPEAKER_SUPPORTED,"Comrades, it is nothing to me whether you detest me as a tyrant or detest me as a slave. If you will not take my command, accept my degradation. I kneel to you. I throw myself at your feet. I implore you. Do not elect this man.","cried Gregory, in a voice like that of a martyr who in an ecstacy of pain has passed beyond pain,"
MWT_T00160,MWT_C00243|MWT_C00244,Unknown,review,review,high,2,,,none|unresolved_attribution,UNKNOWN_SPEAKER,"Comrade Gregory, this is really not quite dignified.","said the chairman after a painful pause,"
MWT_T00161,MWT_C00245,Unknown,review,review,review,1,,,none,UNKNOWN_SPEAKER,The question is that Comrade Syme be elected to the post of Thursday on the General Council.,
MWT_T00162,MWT_C00246,Gregory,high,high,review,1,Gregory,,named_speaker,DIRECT_SPEAKER_SUPPORTED,You are a devil!,
MWT_T00163,MWT_C00247|MWT_C00248|MWT_C00249,Syme,review,review,high,3,Syme,,named_speaker|none,DIRECT_SPEAKER_SUPPORTED,"And you are a gentleman, It was you that entrapped me, entrapped me into—","said Syme with gravity. || began Gregory, shaking from head to foot,"
MWT_T00164,MWT_C00250|MWT_C00251,Syme,review,review,high,2,Syme,,named_speaker|none,DIRECT_SPEAKER_SUPPORTED,"Talk sense, Into what sort of devils’ parliament have you entrapped me, if it comes to that? You made me swear before I made you. Perhaps we are both doing what we think right. But what we think right is so damned different that there can be nothing between us in the way of concession. There is nothing possible between us but honour and death,",said Syme shortly.
MWT_T00165,MWT_C00252|MWT_C00253,Unknown,review,review,high,2,,,none|unresolved_attribution,UNKNOWN_SPEAKER,"The boat is quite ready, Be good enough to step this way.","said Mr. Buttons, bustling up."
MWT_T00166,MWT_C00254|MWT_C00255,Syme,review,review,high,2,,Syme,none|pronoun_speaker,PRONOUN_SPEAKER_SUPPORTED,"You have kept your word, You are a man of honour, and I thank you. You have kept it even down to a small particular. There was one special thing you promised me at the beginning of the affair, and which you have certainly given me by the end of it.","he said gently, with his face in shadow."
MWT_T00167,MWT_C00256,Unknown,review,review,review,1,,,unresolved_attribution,UNKNOWN_SPEAKER,What do you mean?,
MWT_T00168,MWT_C00257,Unknown,review,review,review,1,,,none,UNKNOWN_SPEAKER,What did I promise you?,
MWT_T00169,MWT_C00258,Syme,high,high,review,1,Syme,,named_speaker,DIRECT_SPEAKER_SUPPORTED,"A very entertaining evening,",
MWT_T00170,MWT_C00259,Unknown,review,review,review,1,,,none,UNKNOWN_SPEAKER,Good evening.,
MWT_T00171,MWT_C00260,Unknown,review,review,review,1,,,pronoun_speaker,UNKNOWN_SPEAKER,A good evening is it?,
MWT_T00172,MWT_C00261,Unknown,review,review,review,1,,,none,UNKNOWN_SPEAKER,"You fellows would call the end of the world a good evening. Look at that bloody red sun and that bloody river! I tell you that if that were literally human blood, spilt and shining, you would still be standing here as solid as ever, looking out for some poor harmless tramp whom you could move on. You policemen are cruel to the poor, but I could forgive you even your cruelty if it were not for your calm.",
MWT_T00173,MWT_C00262|MWT_C00263,the policeman,review,review,high,2,the policeman,,none|role_speaker,DIRECT_SPEAKER_SUPPORTED,"If we are calm, it is the calm of organised resistance.","replied the policeman,"
MWT_T00174,MWT_C00264,Syme,high,high,review,1,Syme,,named_speaker,DIRECT_SPEAKER_SUPPORTED,Eh?,
MWT_T00175,MWT_C00265|MWT_C00266,Unknown,review,review,high,2,,,none,UNKNOWN_SPEAKER,"The soldier must be calm in the thick of the battle, The composure of an army is the anger of a nation.",pursued the policeman.
MWT_T00176,MWT_C00267,Syme,high,high,review,1,Syme,,named_speaker,DIRECT_SPEAKER_SUPPORTED,"Good God, the Board Schools!",
MWT_T00177,MWT_C00268,Unknown,review,review,review,1,,,none,UNKNOWN_SPEAKER,Is this undenominational education?,
MWT_T00178,MWT_C00269|MWT_C00270,the policeman,review,review,high,2,the policeman,,none|role_speaker,DIRECT_SPEAKER_SUPPORTED,"No, I never had any of those advantages. The Board Schools came after my time. What education I had was very rough and old-fashioned, I am afraid.","said the policeman sadly,"
MWT_T00179,MWT_C00271,Syme,high,high,review,1,Syme,,named_speaker,DIRECT_SPEAKER_SUPPORTED,Where did you have it?,
MWT_T00180,MWT_C00272,the policeman,high,high,review,1,the policeman,,role_speaker,DIRECT_SPEAKER_SUPPORTED,"Oh, at Harrow,",
MWT_T00181,MWT_C00273|MWT_C00274,the policeman,review,review,high,2,,the policeman,none|pronoun_speaker,PRONOUN_SPEAKER_SUPPORTED,"But, good Lord, man, you oughtn’t to be a policeman!","he said,"
MWT_T00182,MWT_C00275|MWT_C00276,the policeman,review,review,high,2,,the policeman,none|pronoun_speaker,PRONOUN_SPEAKER_SUPPORTED,"I know, I know I am not worthy.","he said solemnly,"
MWT_T00183,MWT_C00277,Syme,high,high,review,1,Syme,,named_speaker,DIRECT_SPEAKER_SUPPORTED,But why did you join the police?,
MWT_T00184,MWT_C00278|MWT_C00279,the other,review,review,high,2,the other,,none|role_speaker,DIRECT_SPEAKER_SUPPORTED,"For much the same reason that you abused the police, I found that there was a special opening in the service for those whose fears for humanity were concerned rather with the aberrations of the scientific intellect than with the normal and excusable, though excessive, outbreaks of the human will. I trust I make myself clear.",replied the other.
MWT_T00185,MWT_C00280|MWT_C00281,Syme,review,review,high,2,Syme,,named_speaker|none,DIRECT_SPEAKER_SUPPORTED,"If you mean that you make your opinion clear, I suppose you do. But as for making yourself clear, it is the last thing you do. How comes a man like you to be talking philosophy in a blue helmet on the Thames embankment?","said Syme,"
MWT_T00186,MWT_C00282|MWT_C00283,the other,review,review,high,2,the other,,none|role_speaker,DIRECT_SPEAKER_SUPPORTED,"You have evidently not heard of the latest development in our police system, I am not surprised at it. We are keeping it rather dark from the educated class, because that class contains most of our enemies. But you seem to be exactly in the right frame of mind. I think you might almost join us.",replied the other.
MWT_T00187,MWT_C00284,Syme,high,high,review,1,Syme,,named_speaker,DIRECT_SPEAKER_SUPPORTED,Join you in what?,
MWT_T00188,MWT_C00285|MWT_C00286,the policeman,review,review,high,2,the policeman,,none|role_speaker,DIRECT_SPEAKER_SUPPORTED,"I will tell you, This is the situation: The head of one of our departments, one of the most celebrated detectives in Europe, has long been of opinion that a purely intellectual conspiracy would soon threaten the very existence of civilisation. He is certain that the scientific and artistic worlds are silently bound in a crusade against the Family and the State. He has, therefore, formed a special corps of policemen, policemen who are also philosophers. It is their business to watch the beginnings of this conspiracy, not merely in a criminal but in a controversial sense. I am a democrat myself, and I am fully aware of the value of the ordinary man in matters of ordinary valour or virtue. But it would obviously be undesirable to employ the common policeman in an investigation which is also a heresy hunt.",said the policeman slowly.
MWT_T00189,MWT_C00287,the policeman,medium,medium,review,1,,the policeman,pronoun_speaker,PRONOUN_SPEAKER_SUPPORTED,"What do you do, then?",
MWT_T00190,MWT_C00288|MWT_C00289,the man,review,review,high,2,the man,,none|role_speaker,DIRECT_SPEAKER_SUPPORTED,"The work of the philosophical policeman, is at once bolder and more subtle than that of the ordinary detective. The ordinary detective goes to pot-houses to arrest thieves; we go to artistic tea-parties to detect pessimists. The ordinary detective discovers from a ledger or a diary that a crime has been committed. We discover from a book of sonnets that a crime will be committed. We have to trace the origin of those dreadful thoughts that drive men on at last to intellectual fanaticism and intellectual crime. We were only just in time to prevent the assassination at Hartlepool, and that was entirely due to the fact that our Mr. Wilks (a smart young fellow) thoroughly understood a triolet.","replied the man in blue,"
MWT_T00191,MWT_C00290|MWT_C00291,Syme,review,review,high,2,Syme,,named_speaker|none,DIRECT_SPEAKER_SUPPORTED,"Do you mean, that there is really as much connection between crime and the modern intellect as all that?","asked Syme,"
MWT_T00192,MWT_C00292|MWT_C00293,the policeman,review,review,high,2,the policeman,,none|role_speaker,DIRECT_SPEAKER_SUPPORTED,"You are not sufficiently democratic, but you were right when you said just now that our ordinary treatment of the poor criminal was a pretty brutal business. I tell you I am sometimes sick of my trade when I see how perpetually it means merely a war upon the ignorant and the desperate. But this new movement of ours is a very different affair. We deny the snobbish English assumption that the uneducated are the dangerous criminals. We remember the Roman Emperors. We remember the great poisoning princes of the Renaissance. We say that the dangerous criminal is the educated criminal. We say that the most dangerous criminal now is the entirely lawless modern philosopher. Compared to him, burglars and bigamists are essentially moral men; my heart goes out to them. They accept the essential ideal of man; they merely seek it wrongly. Thieves respect property. They merely wish the property to become their property that they may more perfectly respect it. But philosophers dislike property as property; they wish to destroy the very idea of personal possession. Bigamists respect marriage, or they would not go through the highly ceremonial and even ritualistic formality of bigamy. But philosophers despise marriage as marriage. Murderers respect human life; they merely wish to attain a greater fulness of human life in themselves by the sacrifice of what seems to them to be lesser lives. But philosophers hate life itself, their own as much as other people’s.","answered the policeman,"
MWT_T00193,MWT_C00294|MWT_C00295,the policeman,review,review,high,2,,the policeman,none|pronoun_speaker,PRONOUN_SPEAKER_SUPPORTED,"How true that is, I have felt it from my boyhood, but never could state the verbal antithesis. The common criminal is a bad man, but at least he is, as it were, a conditional good man. He says that if only a certain obstacle be removed—say a wealthy uncle—he is then prepared to accept the universe and to praise God. He is a reformer, but not an anarchist. He wishes to cleanse the edifice, but not to destroy it. But the evil philosopher is not trying to alter things, but to annihilate them. Yes, the modern world has retained all those parts of police work which are really oppressive and ignominious, the harrying of the poor, the spying upon the unfortunate. It has given up its more dignified work, the punishment of powerful traitors in the State and powerful heresiarchs in the Church. The moderns say we must not punish heretics. My only doubt is whether we have a right to punish anybody else.",he cried.
MWT_T00194,MWT_C00296,the policeman,high,high,review,1,the policeman,,role_speaker,DIRECT_SPEAKER_SUPPORTED,But this is absurd!,
MWT_T00195,MWT_C00297,Unknown,review,review,review,1,,,none,UNKNOWN_SPEAKER,"but it is intolerable! I don’t know what you’re doing, but you’re wasting your life. You must, you shall, join our special army against anarchy. Their armies are on our frontiers. Their bolt is ready to fall. A moment more, and you may lose the glory of working with us, perhaps the glory of dying with the last heroes of the world.",
MWT_T00196,MWT_C00298|MWT_C00299,Syme,review,review,high,2,Syme,,named_speaker|none,DIRECT_SPEAKER_SUPPORTED,"It is a chance not to be missed, certainly, but still I do not quite understand. I know as well as anybody that the modern world is full of lawless little men and mad little movements. But, beastly as they are, they generally have the one merit of disagreeing with each other. How can you talk of their leading one army or hurling one bolt. What is this anarchy?","assented Syme,"
MWT_T00197,MWT_C00300|MWT_C00301,Unknown,review,review,high,2,,,none|unresolved_attribution,UNKNOWN_SPEAKER,"Do not confuse it, with those chance dynamite outbreaks from Russia or from Ireland, which are really the outbreaks of oppressed, if mistaken, men. This is a vast philosophic movement, consisting of an outer and an inner ring. You might even call the outer ring the laity and the inner ring the priesthood. I prefer to call the outer ring the innocent section, the inner ring the supremely guilty section. The outer ring—the main mass of their supporters—are merely anarchists; that is, men who believe that rules and formulas have destroyed human happiness. They believe that all the evil results of human crime are the results of the system that has called it crime. They do not believe that the crime creates the punishment. They believe that the punishment has created the crime. They believe that if a man seduced seven women he would naturally walk away as blameless as the flowers of spring. They believe that if a man picked a pocket he would naturally feel exquisitely good. These I call the innocent section.","replied the constable,"
MWT_T00198,MWT_C00302,Syme,high,high,review,1,Syme,,named_speaker,DIRECT_SPEAKER_SUPPORTED,Oh!,
MWT_T00199,MWT_C00303|MWT_C00304,Unknown,review,review,high,2,,,none,UNKNOWN_SPEAKER,"Naturally, therefore, these people talk about ‘a happy time coming’; ‘the paradise of the future’; ‘mankind freed from the bondage of vice and the bondage of virtue,’ and so on. And so also the men of the inner circle speak—the sacred priesthood. They also speak to applauding crowds of the happiness of the future, and of mankind freed at last. But in their mouths in their mouths these happy phrases have a horrible meaning. They are under no illusions; they are too intellectual to think that man upon this earth can ever be quite free of original sin and the struggle. And they mean death. When they say that mankind shall be free at last, they mean that mankind shall commit suicide. When they talk of a paradise without right or wrong, they mean the grave. “They have but two objects, to destroy first humanity and then themselves. That is why they throw bombs instead of firing pistols. The innocent rank and file are disappointed because the bomb has not killed the king; but the high-priesthood are happy because it has killed somebody.",—and the policeman lowered his voice—
MWT_T00200,MWT_C00305,Syme,high,high,review,1,Syme,,named_speaker,DIRECT_SPEAKER_SUPPORTED,How can I join you?,
MWT_T00201,MWT_C00306|MWT_C00307,the policeman,review,review,high,2,the policeman,,none|role_speaker,DIRECT_SPEAKER_SUPPORTED,"I know for a fact that there is a vacancy at the moment, as I have the honour to be somewhat in the confidence of the chief of whom I have spoken. You should really come and see him. Or rather, I should not say see him, nobody ever sees him; but you can talk to him if you like.","said the policeman,"
MWT_T00202,MWT_C00308,Syme,high,high,review,1,Syme,,named_speaker,DIRECT_SPEAKER_SUPPORTED,Telephone?,
MWT_T00203,MWT_C00309|MWT_C00310,the policeman,review,review,high,2,the policeman,,none|role_speaker,DIRECT_SPEAKER_SUPPORTED,"No, he has a fancy for always sitting in a pitch-dark room. He says it makes his thoughts brighter. Do come along.","said the policeman placidly,"
MWT_T00204,MWT_C00311,Unknown,review,review,review,1,,,unresolved_attribution,UNKNOWN_SPEAKER,Are you the new recruit?,
MWT_T00205,MWT_C00312,Unknown,review,review,review,1,,,unresolved_attribution,UNKNOWN_SPEAKER,Are you the new recruit?,
MWT_T00206,MWT_C00313,Unknown,review,review,review,1,,,none,UNKNOWN_SPEAKER,All right. You are engaged.,
MWT_T00207,MWT_C00314,Unknown,review,review,review,1,,,none,UNKNOWN_SPEAKER,"I really have no experience,",
MWT_T00208,MWT_C00315|MWT_C00316,the other,review,review,high,2,the other,,none|role_speaker,DIRECT_SPEAKER_SUPPORTED,"No one has any experience, of the Battle of Armageddon.","said the other,"
MWT_T00209,MWT_C00317,Unknown,review,review,review,1,,,none,UNKNOWN_SPEAKER,But I am really unfit—,
MWT_T00210,MWT_C00318,Unknown,review,review,review,1,,,unresolved_attribution,UNKNOWN_SPEAKER,"You are willing, that is enough,",
MWT_T00211,MWT_C00319|MWT_C00320,Syme,review,review,high,2,Syme,,named_speaker|none,DIRECT_SPEAKER_SUPPORTED,"Well, really, I don’t know any profession of which mere willingness is the final test.","said Syme,"
MWT_T00212,MWT_C00321|MWT_C00322,the other,review,review,high,2,the other,,none|role_speaker,DIRECT_SPEAKER_SUPPORTED,"I do, martyrs. I am condemning you to death. Good day.",said the other—
MWT_T00213,MWT_C00323,Unknown,review,review,review,1,,,none,UNKNOWN_SPEAKER,"The Last Crusade,",
MWT_T00214,MWT_C00324|MWT_C00325,Unknown,review,review,high,2,,,none|pronoun_speaker,UNKNOWN_SPEAKER,"If we walk up towards Leicester Square, we shall just be in time for breakfast. Sunday always insists on an early breakfast. Have you had any sleep?","he said,"
MWT_T00215,MWT_C00326,Syme,high,high,review,1,Syme,,named_speaker,DIRECT_SPEAKER_SUPPORTED,"No,",
MWT_T00216,MWT_C00327|MWT_C00328,the man,review,review,high,2,the man,,none|role_speaker,DIRECT_SPEAKER_SUPPORTED,"Nor have I, I shall try to get to bed after breakfast.",answered the man in an ordinary tone.
MWT_T00217,MWT_C00329,Unknown,review,review,review,1,,,none,UNKNOWN_SPEAKER,"Of course, the Secretary of the branch told you everything that can be told. But the one thing that can never be told is the last notion of the President, for his notions grow like a tropical forest. So in case you don’t know, I’d better tell you that he is carrying out his notion of concealing ourselves by not concealing ourselves to the most extraordinary lengths just now. Originally, of course, we met in a cell underground, just as your branch does. Then Sunday made us take a private room at an ordinary restaurant. He said that if you didn’t seem to be hiding nobody hunted you out. Well, he is the only man on earth, I know; but sometimes I really think that his huge brain is going a little mad in its old age. For now we flaunt ourselves before the public. We have our breakfast on a balcony—on a balcony, if you please—overlooking Leicester Square.",
MWT_T00218,MWT_C00330,Syme,high,high,review,1,Syme,,named_speaker,DIRECT_SPEAKER_SUPPORTED,And what do the people say?,
MWT_T00219,MWT_C00331|MWT_C00332,Unknown,review,review,high,2,,,none|unresolved_attribution,UNKNOWN_SPEAKER,"It’s quite simple what they say, They say we are a lot of jolly gentlemen who pretend they are anarchists.",answered his guide.
MWT_T00220,MWT_C00333,Syme,high,high,review,1,Syme,,named_speaker,DIRECT_SPEAKER_SUPPORTED,"It seems to me a very clever idea,",
MWT_T00221,MWT_C00334,Unknown,review,review,review,1,,,unresolved_attribution,UNKNOWN_SPEAKER,Clever! God blast your impudence! Clever!,
MWT_T00222,MWT_C00335,Unknown,review,review,review,1,,,none,UNKNOWN_SPEAKER,When you’ve seen Sunday for a split second you’ll leave off calling him clever.,
MWT_T00223,MWT_C00336|MWT_C00337,Syme,review,review,high,2,,Syme,none|pronoun_speaker,PRONOUN_SPEAKER_SUPPORTED,"The gentlemen are up there, sare, They do talk and they do laugh at what they talk. They do say they will throw bombs at ze king.",he said.
MWT_T00224,MWT_C00338|MWT_C00339,the President,review,review,high,2,the President,,none|role_speaker,DIRECT_SPEAKER_SUPPORTED,"Our friend Tuesday, our friend Tuesday doesn’t seem to grasp the idea. He dresses up like a gentleman, but he seems to be too great a soul to behave like one. He insists on the ways of the stage conspirator. Now if a gentleman goes about London in a top hat and a frock-coat, no one need know that he is an anarchist. But if a gentleman puts on a top hat and a frock-coat, and then goes about on his hands and knees—well, he may attract attention. That’s what Brother Gogol does. He goes about on his hands and knees with such inexhaustible diplomacy, that by this time he finds it quite difficult to walk upright.","said the President in a deep voice at once of quietude and volume,"
MWT_T00225,MWT_C00340|MWT_C00341,Unknown,review,review,high,2,,,none|unresolved_attribution,UNKNOWN_SPEAKER,"I am not good at concealment, I am not ashamed of the cause.","said Gogol sulkily, with a thick foreign accent;"
MWT_T00226,MWT_C00342|MWT_C00343,the President,review,review,high,2,the President,,none|role_speaker,DIRECT_SPEAKER_SUPPORTED,"Yes you are, my boy, and so is the cause of you, You hide as much as anybody; but you can’t do it, you see, you’re such an ass! You try to combine two inconsistent methods. When a householder finds a man under his bed, he will probably pause to note the circumstance. But if he finds a man under his bed in a top hat, you will agree with me, my dear Tuesday, that he is not likely even to forget it. Now when you were found under Admiral Biffin’s bed—",said the President good-naturedly.
MWT_T00227,MWT_C00344,Unknown,review,review,review,1,,,unresolved_attribution,UNKNOWN_SPEAKER,"I am not good at deception,",
MWT_T00228,MWT_C00345|MWT_C00346,the President,review,review,high,2,the President,,none|role_speaker,DIRECT_SPEAKER_SUPPORTED,"Right, my boy, right, you aren’t good at anything.","said the President with a ponderous heartiness,"
MWT_T00229,MWT_C00347|MWT_C00348,the Marquis,review,review,high,2,the Marquis,,none|role_speaker,DIRECT_SPEAKER_SUPPORTED,"I have often wondered, whether it wouldn’t be better for me to do it with a knife. Most of the best things have been brought off with a knife. And it would be a new emotion to get a knife into a French President and wriggle it round.","said the Marquis, taking a great bite out of a slice of bread and jam,"
MWT_T00230,MWT_C00349,the Secretary,high,high,review,1,the Secretary,,role_speaker,DIRECT_SPEAKER_SUPPORTED,"You are wrong,",
MWT_T00231,MWT_C00350|MWT_C00351,the Secretary,review,review,high,2,,the Secretary,none|pronoun_speaker,PRONOUN_SPEAKER_SUPPORTED,"The knife was merely the expression of the old personal quarrel with a personal tyrant. Dynamite is not only our best tool, but our best symbol. It is as perfect a symbol of us as is incense of the prayers of the Christians. It expands; it only destroys because it broadens; even so, thought only destroys because it broadens. A man’s brain is a bomb, My brain feels like a bomb, night and day. It must expand! It must expand! A man’s brain must expand, if it breaks up the universe.","he cried out, loosening suddenly his strange passion and striking his own skull with violence."
MWT_T00232,MWT_C00352|MWT_C00353,Unknown,review,review,high,2,,,none,UNKNOWN_SPEAKER,"I don’t want the universe broken up just yet, I want to do a lot of beastly things before I die. I thought of one yesterday in bed.",drawled the Marquis.
MWT_T00233,MWT_C00354|MWT_C00355,Unknown,review,review,high,2,,,none|unresolved_attribution,UNKNOWN_SPEAKER,"No, if the only end of the thing is nothing, it hardly seems worth doing.","said Dr. Bull with his sphinx-like smile,"
MWT_T00234,MWT_C00356,the Secretary,medium,medium,review,1,,the Secretary,pronoun_speaker,PRONOUN_SPEAKER_SUPPORTED,"Every man knows in his heart,",
MWT_T00235,MWT_C00357,the Secretary,high,high,review,1,the Secretary,,role_speaker,DIRECT_SPEAKER_SUPPORTED,that nothing is worth doing.,
MWT_T00236,MWT_C00358,Unknown,review,review,review,1,,,none,UNKNOWN_SPEAKER,"We are wandering, however, from the point. The only question is how Wednesday is to strike the blow. I take it we should all agree with the original notion of a bomb. As to the actual arrangements, I should suggest that tomorrow morning he should go first of all to—",
MWT_T00237,MWT_C00359|MWT_C00360,the Secretary,review,review,high,2,,the Secretary,none|pronoun_speaker,PRONOUN_SPEAKER_SUPPORTED,"Before we discuss that, let us go into a private room. I have something very particular to say.","he said in a small, quiet voice,"
MWT_T00238,MWT_C00361,Unknown,review,review,review,1,,,none,UNKNOWN_SPEAKER,"Païens ont tort et Chrétiens ont droit,",
MWT_T00239,MWT_C00362,Unknown,review,review,review,1,,,pronoun_speaker,UNKNOWN_SPEAKER,Zso! Zso!,
MWT_T00240,MWT_C00363,Unknown,review,review,review,1,,,none,UNKNOWN_SPEAKER,You zay you nod ’ide. You zay you show himselves. It is all nuzzinks. Ven you vant talk importance you run yourselves in a dark box!,
MWT_T00241,MWT_C00364|MWT_C00365,Unknown,review,review,high,2,,,none|pronoun_speaker,UNKNOWN_SPEAKER,"You can’t get hold of it yet, Gogol, When once they have heard us talking nonsense on that balcony they will not care where we go afterwards. If we had come here first, we should have had the whole staff at the keyhole. You don’t seem to know anything about mankind.",he said in a fatherly way.
MWT_T00242,MWT_C00366|MWT_C00367,Unknown,review,review,high,2,,,none|unresolved_attribution,UNKNOWN_SPEAKER,"I die for zem, and I slay zare oppressors. I care not for these games of gonzealment. I would zmite ze tyrant in ze open square.","cried the Pole in thick excitement,"
MWT_T00243,MWT_C00368|MWT_C00369,the President,review,review,high,2,the President,,none|role_speaker,DIRECT_SPEAKER_SUPPORTED,"I see, I see, You die for mankind first, and then you get up and smite their oppressors. So that’s all right. And now may I ask you to control your beautiful sentiments, and sit down with the other gentlemen at this table. For the first time this morning something intelligent is going to be said.","said the President, nodding kindly as he seated himself at the top of a long table."
MWT_T00244,MWT_C00370|MWT_C00371,the President,review,review,high,2,the President,,none|role_speaker,DIRECT_SPEAKER_SUPPORTED,"Comrades, we have spun out this farce long enough. I have called you down here to tell you something so simple and shocking that even the waiters upstairs (long inured to our levities) might hear some new seriousness in my voice. Comrades, we were discussing plans and naming places. I propose, before saying anything else, that those plans and places should not be voted by this meeting, but should be left wholly in the control of some one reliable member. I suggest Comrade Saturday, Dr. Bull.","said the President, suddenly rising,"
MWT_T00245,MWT_C00372|MWT_C00373,Unknown,review,review,high,2,,,none,UNKNOWN_SPEAKER,"Not one word more about the plans and places must be said at this meeting. Not one tiny detail more about what we mean to do must be mentioned in this company. You will probably understand that there is only one possible motive for forbidding free speech at this festival of freedom. Strangers overhearing us matters nothing. They assume that we are joking. But what would matter, even unto death, is this, that there should be one actually among us who is not of us, who knows our grave purpose, but does not share it, who—","Sunday had spent his life in astonishing his followers; but it seemed as if he had never really astonished them until now. They all moved feverishly in their seats, except Syme. He sat stiff in his, with his hand in his pocket, and on the handle of his loaded revolver. When the attack on him came he would sell his life dear. He would find out at least if the President was mortal. Sunday went on smoothly—"
MWT_T00246,MWT_C00374,the President,medium,medium,review,1,,the President,pronoun_speaker,PRONOUN_SPEAKER_SUPPORTED,It can’t be!,
MWT_T00247,MWT_C00375,Unknown,review,review,review,1,,,none,UNKNOWN_SPEAKER,There can’t—,
MWT_T00248,MWT_C00376|MWT_C00377,Unknown,review,review,high,2,,,none|pronoun_speaker,UNKNOWN_SPEAKER,"Yes, there is a spy in this room. There is a traitor at this table. I will waste no more words. His name—","he said slowly,"
MWT_T00249,MWT_C00378|MWT_C00379,the President,review,review,high,2,the President,,none|role_speaker,DIRECT_SPEAKER_SUPPORTED,"His name is Gogol, He is that hairy humbug over there who pretends to be a Pole.",said the President.
MWT_T00250,MWT_C00380,Unknown,review,review,review,1,,,unresolved_attribution,UNKNOWN_SPEAKER,Sit down!,
MWT_T00251,MWT_C00381|MWT_C00382,the President,review,review,high,2,the President,,none|role_speaker,DIRECT_SPEAKER_SUPPORTED,"Well, my man, will you oblige me by putting your hand in your upper waistcoat pocket and showing me what you have there?","said the President briskly, addressing him as one addresses a total stranger,"
MWT_T00252,MWT_C00383|MWT_C00384,the President,review,review,high,2,the President,,none|role_speaker,DIRECT_SPEAKER_SUPPORTED,"Pathetic Slav, tragic child of Poland, are you prepared in the presence of that card to deny that you are in this company—shall we say _de trop?_","said the President,"
MWT_T00253,MWT_C00385,Unknown,review,review,review,1,,,unresolved_attribution,UNKNOWN_SPEAKER,Right oh!,
MWT_T00254,MWT_C00386,Unknown,review,review,review,1,,,unresolved_attribution,UNKNOWN_SPEAKER,"I gather that you fully understand your position,",
MWT_T00255,MWT_C00387|MWT_C00388,Unknown,review,review,high,2,,,none|unresolved_attribution,UNKNOWN_SPEAKER,"You bet, I see it’s a fair cop. All I say is, I don’t believe any Pole could have imitated my accent like I did his.",answered the Pole.
MWT_T00256,MWT_C00389|MWT_C00390,Unknown,review,review,high,2,,,none|unresolved_attribution,UNKNOWN_SPEAKER,"I concede the point, I believe your own accent to be inimitable, though I shall practise it in my bath. Do you mind leaving your beard with your card?",said Sunday.
MWT_T00257,MWT_C00391,Unknown,review,review,review,1,,,unresolved_attribution,UNKNOWN_SPEAKER,"Not a bit,",
MWT_T00258,MWT_C00392,the President,medium,medium,review,1,,the President,pronoun_speaker,PRONOUN_SPEAKER_SUPPORTED,"It was hot,",
MWT_T00259,MWT_C00393|MWT_C00394,Unknown,review,review,high,2,,,none|unresolved_attribution,UNKNOWN_SPEAKER,"I will do you the justice to say, that you seem to have kept pretty cool under it. Now listen to me. I like you. The consequence is that it would annoy me for just about two and a half minutes if I heard that you had died in torments. Well, if you ever tell the police or any human soul about us, I shall have that two and a half minutes of discomfort. On your discomfort I will not dwell. Good day. Mind the step.","said Sunday, not without a sort of brutal admiration,"
MWT_T00260,MWT_C00395,the President,high,high,review,1,the President,,role_speaker,DIRECT_SPEAKER_SUPPORTED,"Time is flying,",
MWT_T00261,MWT_C00396,Unknown,review,review,review,1,,,none,UNKNOWN_SPEAKER,I must go off at once; I have to take the chair at a Humanitarian meeting.,
MWT_T00262,MWT_C00397|MWT_C00398,the President,review,review,high,2,,the President,none|pronoun_speaker,PRONOUN_SPEAKER_SUPPORTED,"Would it not be better, to discuss further the details of our project, now that the spy has left us?","he said a little sharply,"
MWT_T00263,MWT_C00399|MWT_C00400,the President,review,review,high,2,the President,,none|role_speaker,DIRECT_SPEAKER_SUPPORTED,"No, I think not, Leave it as it is. Let Saturday settle it. I must be off. Breakfast here next Sunday.",said the President with a yawn like an unobtrusive earthquake.
MWT_T00264,MWT_C00401|MWT_C00402,the President,review,review,high,2,,the President,none|pronoun_speaker,PRONOUN_SPEAKER_SUPPORTED,"I must protest, President, that the thing is irregular, It is a fundamental rule of our society that all plans shall be debated in full council. Of course, I fully appreciate your forethought when in the actual presence of a traitor—",he said.
MWT_T00265,MWT_C00403|MWT_C00404,the President,review,review,high,2,the President,,none|role_speaker,DIRECT_SPEAKER_SUPPORTED,"Secretary, if you’d take your head home and boil it for a turnip it might be useful. I can’t say. But it might.","said the President seriously,"
MWT_T00266,MWT_C00405,Unknown,review,review,review,1,,,none,UNKNOWN_SPEAKER,I really fail to understand—,
MWT_T00267,MWT_C00406|MWT_C00407|MWT_C00408,the President,review,review,high,3,the President,,none|role_speaker,DIRECT_SPEAKER_SUPPORTED,"That’s it, that’s it, That’s where you fail right enough. You fail to understand. Why, you dancing donkey, you didn’t want to be overheard by a spy, didn’t you? How do you know you aren’t overheard now?","said the President, nodding a great many times. || he roared, rising,"
MWT_T00268,MWT_C00409,Unknown,review,review,review,1,,,pronoun_speaker,UNKNOWN_SPEAKER,Can that old corpse be following me?,
MWT_T00269,MWT_C00410|MWT_C00411,Unknown,review,review,high,2,,,none,UNKNOWN_SPEAKER,"I stopped too long up in that room, so that even such leaden feet could catch me up. One comfort is, with a little brisk walking I can put a man like that as far away as Timbuctoo. Or am I too fanciful? Was he really following me? Surely Sunday would not be such a fool as to send a lame man? the crooked man who went a crooked mile.","He set off at a smart pace, twisting and whirling his stick, in the direction of Covent Garden. As he crossed the great market the snow increased, growing blinding and bewildering as the afternoon began to darken. The snow-flakes tormented him like a swarm of silver bees. Getting into his eyes and beard, they added their unremitting futility to his already irritated nerves; and by the time that he had come at a swinging pace to the beginning of Fleet Street, he lost patience, and finding a Sunday teashop, turned into it to take shelter. He ordered another cup of black coffee as an excuse. Scarcely had he done so, when Professor de Worms hobbled heavily into the shop, sat down with difficulty and ordered a glass of milk. Syme’s walking-stick had fallen from his hand with a great clang, which confessed the concealed steel. But the Professor did not look round. Syme, who was commonly a cool character, was literally gaping as a rustic gapes at a conjuring trick. He had seen no cab following; he had heard no wheels outside the shop; to all mortal appearances the man had come on foot. But the old man could only walk like a snail, and Syme had walked like the wind. He started up and snatched his stick, half crazy with the contradiction in mere arithmetic, and swung out of the swinging doors, leaving his coffee untasted. An omnibus going to the Bank went rattling by with an unusual rapidity. He had a violent run of a hundred yards to reach it; but he managed to spring, swaying upon the splash-board and, pausing for an instant to pant, he climbed on to the top. When he had been seated for about half a minute, he heard behind him a sort of heavy and asthmatic breathing. Turning sharply, he saw rising gradually higher and higher up the omnibus steps a top hat soiled and dripping with snow, and under the shadow of its brim the short-sighted face and shaky shoulders of Professor de Worms. He let himself into a seat with characteristic care, and wrapped himself up to the chin in the mackintosh rug. Every movement of the old man’s tottering figure and vague hands, every uncertain gesture and panic-stricken pause, seemed to put it beyond question that he was helpless, that he was in the last imbecility of the body. He moved by inches, he let himself down with little gasps of caution. And yet, unless the philosophical entities called time and space have no vestige even of a practical existence, it appeared quite unquestionable that he had run after the omnibus. Syme sprang erect upon the rocking car, and after staring wildly at the wintry sky, that grew gloomier every moment, he ran down the steps. He had repressed an elemental impulse to leap over the side. Too bewildered to look back or to reason, he rushed into one of the little courts at the side of Fleet Street as a rabbit rushes into a hole. He had a vague idea, if this incomprehensible old Jack-in-the-box was really pursuing him, that in that labyrinth of little streets he could soon throw him off the scent. He dived in and out of those crooked lanes, which were more like cracks than thoroughfares; and by the time that he had completed about twenty alternate angles and described an unthinkable polygon, he paused to listen for any sound of pursuit. There was none; there could not in any case have been much, for the little streets were thick with the soundless snow. Somewhere behind Red Lion Court, however, he noticed a place where some energetic citizen had cleared away the snow for a space of about twenty yards, leaving the wet, glistening cobble-stones. He thought little of this as he passed it, only plunging into yet another arm of the maze. But when a few hundred yards farther on he stood still again to listen, his heart stood still also, for he heard from that space of rugged stones the clinking crutch and labouring feet of the infernal cripple. The sky above was loaded with the clouds of snow, leaving London in a darkness and oppression premature for that hour of the evening. On each side of Syme the walls of the alley were blind and featureless; there was no little window or any kind of eve. He felt a new impulse to break out of this hive of houses, and to get once more into the open and lamp-lit street. Yet he rambled and dodged for a long time before he struck the main thoroughfare. When he did so, he struck it much farther up than he had fancied. He came out into what seemed the vast and void of Ludgate Circus, and saw St. Paul’s Cathedral sitting in the sky. At first he was startled to find these great roads so empty, as if a pestilence had swept through the city. Then he told himself that some degree of emptiness was natural; first because the snow-storm was even dangerously deep, and secondly because it was Sunday. And at the very word Sunday he bit his lip; the word was henceforth for hire like some indecent pun. Under the white fog of snow high up in the heaven the whole atmosphere of the city was turned to a very queer kind of green twilight, as of men under the sea. The sealed and sullen sunset behind the dark dome of St. Paul’s had in it smoky and sinister colours—colours of sickly green, dead red or decaying bronze, that were just bright enough to emphasise the solid whiteness of the snow. But right up against these dreary colours rose the black bulk of the cathedral; and upon the top of the cathedral was a random splash and great stain of snow, still clinging as to an Alpine peak. It had fallen accidentally, but just so fallen as to half drape the dome from its very topmost point, and to pick out in perfect silver the great orb and the cross. When Syme saw it he suddenly straightened himself, and made with his sword-stick an involuntary salute. He knew that that evil figure, his shadow, was creeping quickly or slowly behind him, and he did not care. It seemed a symbol of human faith and valour that while the skies were darkening that high place of the earth was bright. The devils might have captured heaven, but they had not yet captured the cross. He had a new impulse to tear out the secret of this dancing, jumping and pursuing paralytic; and at the entrance of the court as it opened upon the Circus he turned, stick in hand, to face his pursuer. Professor de Worms came slowly round the corner of the irregular alley behind him, his unnatural form outlined against a lonely gas-lamp, irresistibly recalling that very imaginative figure in the nursery rhymes,"
MWT_T00270,MWT_C00412,Unknown,review,review,review,1,,,none,UNKNOWN_SPEAKER,"Catch me if you can,",
MWT_T00271,MWT_C00413,Unknown,review,review,review,1,,,none,UNKNOWN_SPEAKER,Are you a policeman?,
MWT_T00272,MWT_C00414,Unknown,review,review,review,1,,,pronoun_speaker,UNKNOWN_SPEAKER,A policeman?,
MWT_T00273,MWT_C00415,Unknown,review,review,review,1,,,none,UNKNOWN_SPEAKER,Whatever made you think of a policeman in connection with me?,
MWT_T00274,MWT_C00416|MWT_C00417,the Professor,review,review,high,2,the Professor,,none|role_speaker,DIRECT_SPEAKER_SUPPORTED,"The process was simple enough, I thought you looked like a policeman. I think so now.",answered the Professor patiently.
MWT_T00275,MWT_C00418,Syme,high,high,review,1,Syme,,named_speaker,DIRECT_SPEAKER_SUPPORTED,Did I take a policeman’s hat by mistake out of the restaurant?,
MWT_T00276,MWT_C00419,Unknown,review,review,review,1,,,none,UNKNOWN_SPEAKER,"Have I by any chance got a number stuck on to me somewhere? Have my boots got that watchful look? Why must I be a policeman? Do, do let me be a postman.",
MWT_T00277,MWT_C00420,Unknown,review,review,review,1,,,none,UNKNOWN_SPEAKER,"But perhaps I misunderstood the delicacies of your German philosophy. Perhaps policeman is a relative term. In an evolutionary sense, sir, the ape fades so gradually into the policeman, that I myself can never detect the shade. The monkey is only the policeman that may be. Perhaps a maiden lady on Clapham Common is only the policeman that might have been. I don’t mind being the policeman that might have been. I don’t mind being anything in German thought.",
MWT_T00278,MWT_C00421,Unknown,review,review,review,1,,,unresolved_attribution,UNKNOWN_SPEAKER,Are you in the police service?,
MWT_T00279,MWT_C00422,Unknown,review,review,review,1,,,none,UNKNOWN_SPEAKER,Are you a detective?,
MWT_T00280,MWT_C00423|MWT_C00424|MWT_C00425,Unknown,review,review,high,3,,,none,UNKNOWN_SPEAKER,"Your suggestion is ridiculous, Why on earth— Did you hear me ask a plain question, you pattering spy?","he began. || The old man struck his palsied hand passionately on the rickety table, nearly breaking it."
MWT_T00281,MWT_C00426,Unknown,review,review,review,1,,,none,UNKNOWN_SPEAKER,"Are you, or are you not, a police detective?",
MWT_T00282,MWT_C00427,Syme,high,high,review,1,Syme,,named_speaker,DIRECT_SPEAKER_SUPPORTED,No!,
MWT_T00283,MWT_C00428|MWT_C00429,Unknown,review,review,high,2,,,none|unresolved_attribution,UNKNOWN_SPEAKER,"You swear it, You swear it! You swear it! If you swear falsely, will you be damned? Will you be sure that the devil dances at your funeral? Will you see that the nightmare sits on your grave? Will there really be no mistake? You are an anarchist, you are a dynamiter! Above all, you are not in any sense a detective? You are not in the British police?","said the old man, leaning across to him, his dead face becoming as it were loathsomely alive."
MWT_T00284,MWT_C00430,Syme,high,high,review,1,Syme,,named_speaker,DIRECT_SPEAKER_SUPPORTED,"I am not in the British police,",
MWT_T00285,MWT_C00431|MWT_C00432,Syme,review,review,high,2,,Syme,none|pronoun_speaker,PRONOUN_SPEAKER_SUPPORTED,"That’s a pity, because I am.","he said,"
MWT_T00286,MWT_C00433,Syme,medium,medium,review,1,,Syme,pronoun_speaker,PRONOUN_SPEAKER_SUPPORTED,Because you are what?,
MWT_T00287,MWT_C00434,Unknown,review,review,review,1,,,none,UNKNOWN_SPEAKER,You are what?,
MWT_T00288,MWT_C00435|MWT_C00436,the Professor,review,review,high,2,the Professor,,none|role_speaker,DIRECT_SPEAKER_SUPPORTED,"I am a policeman, But as you think policeman only a relative term, of course I have nothing to do with you. I am in the British police force; but as you tell me you are not in the British police force, I can only say that I met you in a dynamiters’ club. I suppose I ought to arrest you.","said the Professor with his first broad smile, and beaming through his spectacles."
MWT_T00289,MWT_C00437,Unknown,review,review,review,1,,,unresolved_attribution,UNKNOWN_SPEAKER,"What yer laughing at, guv’nor?",
MWT_T00290,MWT_C00438,Syme,high,high,review,1,Syme,,named_speaker,DIRECT_SPEAKER_SUPPORTED,"At myself,",
MWT_T00291,MWT_C00439|MWT_C00440,the Professor,review,review,high,2,the Professor,,none|role_speaker,DIRECT_SPEAKER_SUPPORTED,"Pull yourself together, or you’ll get hysterical. Have some more beer. I’ll join you.","said the Professor,"
MWT_T00292,MWT_C00441,Syme,high,high,review,1,Syme,,named_speaker,DIRECT_SPEAKER_SUPPORTED,"You haven’t drunk your milk,",
MWT_T00293,MWT_C00442,the other,high,high,review,1,the other,,role_speaker,DIRECT_SPEAKER_SUPPORTED,My milk!,
MWT_T00294,MWT_C00443|MWT_C00444,the other,review,review,high,2,,the other,none|pronoun_speaker,PRONOUN_SPEAKER_SUPPORTED,"my milk! Do you think I’d look at the beastly stuff when I’m out of sight of the bloody anarchists? We’re all Christians in this room, though perhaps, not strict ones. Finish my milk? Great blazes! yes, I’ll finish it right enough!","he added, glancing around at the reeling crowd,"
MWT_T00295,MWT_C00445|MWT_C00446,the other,review,review,high,2,,the other,none|pronoun_speaker,PRONOUN_SPEAKER_SUPPORTED,"I understand now, of course, you’re not an old man at all.",he cried;
MWT_T00296,MWT_C00447|MWT_C00448,Unknown,review,review,high,2,,,none|unresolved_attribution,UNKNOWN_SPEAKER,"I can’t take my face off here, It’s rather an elaborate make-up. As to whether I’m an old man, that’s not for me to say. I was thirty-eight last birthday.",replied Professor de Worms.
MWT_T00297,MWT_C00449|MWT_C00450,Syme,review,review,high,2,Syme,,named_speaker|none,DIRECT_SPEAKER_SUPPORTED,"Yes, but I mean, there’s nothing the matter with you.","said Syme impatiently,"
MWT_T00298,MWT_C00451|MWT_C00452,the other,review,review,high,2,the other,,none|role_speaker,DIRECT_SPEAKER_SUPPORTED,"Yes, I am subject to colds.",answered the other dispassionately.
MWT_T00299,MWT_C00453|MWT_C00454,the other,review,review,high,2,,the other,none|pronoun_speaker,PRONOUN_SPEAKER_SUPPORTED,"Did you know, that that man Gogol was one of us?","he asked,"
MWT_T00300,MWT_C00455|MWT_C00456,Syme,review,review,high,2,Syme,,named_speaker|none,DIRECT_SPEAKER_SUPPORTED,"I? No, I didn’t know it, But didn’t you?",answered Syme in some surprise.
MWT_T00301,MWT_C00457|MWT_C00458,the man,review,review,high,2,the man,,none|role_speaker,DIRECT_SPEAKER_SUPPORTED,"I knew no more than the dead, I thought the President was talking about me, and I rattled in my boots.",replied the man who called himself de Worms.
MWT_T00302,MWT_C00459|MWT_C00460,Syme,review,review,high,2,Syme,,named_speaker|none,DIRECT_SPEAKER_SUPPORTED,"And I thought he was talking about me, I had my hand on my revolver all the time.","said Syme, with his rather reckless laughter."
MWT_T00303,MWT_C00461|MWT_C00462,the Professor,review,review,high,2,the Professor,,none|role_speaker,DIRECT_SPEAKER_SUPPORTED,"So had I, so had Gogol evidently.",said the Professor grimly;
MWT_T00304,MWT_C00463,the Professor,medium,medium,review,1,,the Professor,pronoun_speaker,PRONOUN_SPEAKER_SUPPORTED,"Why, there were three of us there!",
MWT_T00305,MWT_C00464,Unknown,review,review,review,1,,,none,UNKNOWN_SPEAKER,Three out of seven is a fighting number. If we had only known that we were three!,
MWT_T00306,MWT_C00465|MWT_C00466,the Professor,review,review,high,2,,the Professor,none|pronoun_speaker,PRONOUN_SPEAKER_SUPPORTED,"We were three, If we had been three hundred we could still have done nothing.",he said.
MWT_T00307,MWT_C00467,Syme,high,high,review,1,Syme,,named_speaker,DIRECT_SPEAKER_SUPPORTED,Not if we were three hundred against four?,
MWT_T00308,MWT_C00468|MWT_C00469,the Professor,review,review,high,2,the Professor,,none|role_speaker,DIRECT_SPEAKER_SUPPORTED,"No, not if we were three hundred against Sunday.","said the Professor with sobriety,"
MWT_T00309,MWT_C00470|MWT_C00471,the Professor,review,review,high,2,,the Professor,none|pronoun_speaker,PRONOUN_SPEAKER_SUPPORTED,"Professor, it is intolerable. Are you afraid of this man?","he cried,"
MWT_T00310,MWT_C00472|MWT_C00473,the Professor,review,review,high,2,,the Professor,none|pronoun_speaker,PRONOUN_SPEAKER_SUPPORTED,"Yes, I am, So are you.",he said mildly.
MWT_T00311,MWT_C00474|MWT_C00475,the Professor,review,review,high,2,,the Professor,none|pronoun_speaker,PRONOUN_SPEAKER_SUPPORTED,"Yes, you are right. I am afraid of him. Therefore I swear by God that I will seek out this man whom I fear until I find him, and strike him on the mouth. If heaven were his throne and the earth his footstool, I swear that I would pull him down.","he said in a voice indescribable,"
MWT_T00312,MWT_C00476,Unknown,review,review,review,1,,,unresolved_attribution,UNKNOWN_SPEAKER,How?,
MWT_T00313,MWT_C00477,Unknown,review,review,review,1,,,none,UNKNOWN_SPEAKER,Why?,
MWT_T00314,MWT_C00478|MWT_C00479|MWT_C00480,Syme,review,review,high,3,Syme,,named_speaker|none,DIRECT_SPEAKER_SUPPORTED,"Because I am afraid of him, and no man should leave in the universe anything of which he is afraid. Who would condescend to strike down the mere things that he does not fear? Who would debase himself to be merely brave, like any common prizefighter? Who would stoop to be fearless—like a tree? Fight the thing that you fear. You remember the old tale of the English clergyman who gave the last rites to the brigand of Sicily, and how on his death-bed the great robber said, ‘I can give you no money, but I can give you advice for a lifetime: your thumb on the blade, and strike upwards.’ So I say to you, strike upwards, if you strike at the stars.","said Syme; || De Worms blinked at him with a sort of blind wonder. He made an effort to speak, but Syme went on in a low voice, but with an undercurrent of inhuman exaltation—"
MWT_T00315,MWT_C00481,Syme,medium,medium,review,1,,Syme,pronoun_speaker,PRONOUN_SPEAKER_SUPPORTED,"Sunday is a fixed star,",
MWT_T00316,MWT_C00482,Syme,high,high,review,1,Syme,,named_speaker,DIRECT_SPEAKER_SUPPORTED,"You shall see him a falling star,",
MWT_T00317,MWT_C00483|MWT_C00484,Syme,review,review,high,2,,Syme,none|pronoun_speaker,PRONOUN_SPEAKER_SUPPORTED,"Have you any idea, exactly where you are going?","he asked, with a sort of benevolent bewilderment,"
MWT_T00318,MWT_C00485|MWT_C00486,Syme,review,review,high,2,Syme,,named_speaker|none,DIRECT_SPEAKER_SUPPORTED,"Yes, I am going to prevent this bomb being thrown in Paris.","replied Syme shortly,"
MWT_T00319,MWT_C00487,the other,high,high,review,1,the other,,role_speaker,DIRECT_SPEAKER_SUPPORTED,Have you any conception how?,
MWT_T00320,MWT_C00488,Syme,high,high,review,1,Syme,,named_speaker,DIRECT_SPEAKER_SUPPORTED,"No,",
MWT_T00321,MWT_C00489|MWT_C00490,Unknown,review,review,high,2,,,none|unresolved_attribution,UNKNOWN_SPEAKER,"You remember, of course, that when we broke up rather hurriedly the whole arrangements for the atrocity were left in the private hands of the Marquis and Dr. Bull. The Marquis is by this time probably crossing the Channel. But where he will go and what he will do it is doubtful whether even the President knows; certainly we don’t know. The only man who does know is Dr. Bull.","resumed the soi-disant de Worms, pulling his beard and looking out of the window,"
MWT_T00322,MWT_C00491,Syme,high,high,review,1,Syme,,named_speaker,DIRECT_SPEAKER_SUPPORTED,Confound it!,
MWT_T00323,MWT_C00492,Unknown,review,review,review,1,,,none,UNKNOWN_SPEAKER,And we don’t know where he is.,
MWT_T00324,MWT_C00493|MWT_C00494,the other,review,review,high,2,the other,,none|role_speaker,DIRECT_SPEAKER_SUPPORTED,"Yes, I know where he is myself.","said the other in his curious, absent-minded way,"
MWT_T00325,MWT_C00495,Syme,high,high,review,1,Syme,,named_speaker,DIRECT_SPEAKER_SUPPORTED,Will you tell me?,
MWT_T00326,MWT_C00496,the Professor,high,high,review,1,the Professor,,role_speaker,DIRECT_SPEAKER_SUPPORTED,"I will take you there,",
MWT_T00327,MWT_C00497,the Professor,medium,medium,review,1,,the Professor,pronoun_speaker,PRONOUN_SPEAKER_SUPPORTED,What do you mean?,
MWT_T00328,MWT_C00498,Unknown,review,review,review,1,,,none,UNKNOWN_SPEAKER,Will you join me? Will you take the risk?,
MWT_T00329,MWT_C00499|MWT_C00500,the Professor,review,review,high,2,the Professor,,none|role_speaker,DIRECT_SPEAKER_SUPPORTED,"Young man, I am amused to observe that you think I am a coward. As to that I will say only one word, and that shall be entirely in the manner of your own philosophical rhetoric. You think that it is possible to pull down the President. I know that it is impossible, and I am going to try it,","said the Professor pleasantly,"
MWT_T00330,MWT_C00501,Syme,high,high,review,1,Syme,,named_speaker,DIRECT_SPEAKER_SUPPORTED,Where are you going?,
MWT_T00331,MWT_C00502|MWT_C00503,the Professor,review,review,high,2,the Professor,,none|role_speaker,DIRECT_SPEAKER_SUPPORTED,"Just now, I am going just round the corner to see whether Dr. Bull has gone to bed. He is hygienic, and retires early.","answered the Professor,"
MWT_T00332,MWT_C00504,Syme,high,high,review,1,Syme,,named_speaker,DIRECT_SPEAKER_SUPPORTED,Dr. Bull!,
MWT_T00333,MWT_C00505,Unknown,review,review,review,1,,,none,UNKNOWN_SPEAKER,Does he live round the corner?,
MWT_T00334,MWT_C00506|MWT_C00507,Unknown,review,review,high,2,,,none|unresolved_attribution,UNKNOWN_SPEAKER,"No, As a matter of fact he lives some way off, on the other side of the river, but we can tell from here whether he has gone to bed.",answered his friend.
MWT_T00335,MWT_C00508|MWT_C00509,Syme,review,review,high,2,,Syme,none|pronoun_speaker,PRONOUN_SPEAKER_SUPPORTED,"We are too late, the hygienic Doctor has gone to bed.","he said,"
MWT_T00336,MWT_C00510,Syme,high,high,review,1,Syme,,named_speaker,DIRECT_SPEAKER_SUPPORTED,What do you mean?,
MWT_T00337,MWT_C00511,Unknown,review,review,review,1,,,none,UNKNOWN_SPEAKER,"Does he live over there, then?",
MWT_T00338,MWT_C00512|MWT_C00513,Unknown,review,review,high,2,,,none|unresolved_attribution,UNKNOWN_SPEAKER,"Yes, behind that particular window which you can’t see. Come along and get some dinner. We must call on him tomorrow morning.","said de Worms,"
MWT_T00339,MWT_C00514|MWT_C00515,Unknown,review,review,high,2,,,none,UNKNOWN_SPEAKER,"You can find good English inns left by accident everywhere, like fossils, I once found a decent place in the West End.",explained the Professor.
MWT_T00340,MWT_C00516|MWT_C00517,Syme,review,review,high,2,Syme,,named_speaker|none,DIRECT_SPEAKER_SUPPORTED,"I suppose, that this is the corresponding decent place in the East End?","said Syme, smiling,"
MWT_T00341,MWT_C00518,the Professor,high,high,review,1,the Professor,,role_speaker,DIRECT_SPEAKER_SUPPORTED,"It is,",
MWT_T00342,MWT_C00519|MWT_C00520,Syme,review,review,high,2,Syme,,named_speaker|none,DIRECT_SPEAKER_SUPPORTED,"That’s a good get-up of yours, a lot better than old Gogol’s. Even at the start I thought he was a bit too hairy.","said Syme, draining a glass of Macon;"
MWT_T00343,MWT_C00521|MWT_C00522,the Professor,review,review,high,2,the Professor,,none|role_speaker,DIRECT_SPEAKER_SUPPORTED,"A difference of artistic theory, Gogol was an idealist. He made up as the abstract or platonic ideal of an anarchist. But I am a realist. I am a portrait painter. But, indeed, to say that I am a portrait painter is an inadequate expression. I am a portrait.",replied the Professor pensively.
MWT_T00344,MWT_C00523|MWT_C00524|MWT_C00525,Syme,review,review,high,3,Syme,,named_speaker|none,DIRECT_SPEAKER_SUPPORTED,"I don’t understand you, I am a portrait, I am a portrait of the celebrated Professor de Worms, who is, I believe, in Naples.",said Syme. || repeated the Professor.
MWT_T00345,MWT_C00526|MWT_C00527,Syme,review,review,high,2,Syme,,named_speaker|none,DIRECT_SPEAKER_SUPPORTED,"You mean you are made up like him, But doesn’t he know that you are taking his nose in vain?",said Syme.
MWT_T00346,MWT_C00528|MWT_C00529,Unknown,review,review,high,2,,,none|unresolved_attribution,UNKNOWN_SPEAKER,"He knows it right enough, Then why doesn’t he denounce you?",replied his friend cheerfully.
MWT_T00347,MWT_C00530,the Professor,high,high,review,1,the Professor,,role_speaker,DIRECT_SPEAKER_SUPPORTED,"I have denounced him,",
MWT_T00348,MWT_C00531,Syme,high,high,review,1,Syme,,named_speaker,DIRECT_SPEAKER_SUPPORTED,"Do explain yourself,",
MWT_T00349,MWT_C00532|MWT_C00533,Unknown,review,review,high,2,,,none|unresolved_attribution,UNKNOWN_SPEAKER,"With pleasure, if you don’t mind hearing my story, I am by profession an actor, and my name is Wilks. When I was on the stage I mixed with all sorts of Bohemian and blackguard company. Sometimes I touched the edge of the turf, sometimes the riff-raff of the arts, and occasionally the political refugee. In some den of exiled dreamers I was introduced to the great German Nihilist philosopher, Professor de Worms. I did not gather much about him beyond his appearance, which was very disgusting, and which I studied carefully. I understood that he had proved that the destructive principle in the universe was God; hence he insisted on the need for a furious and incessant energy, rending all things in pieces. Energy, he said, was the All. He was lame, shortsighted, and partially paralytic. When I met him I was in a frivolous mood, and I disliked him so much that I resolved to imitate him. If I had been a draughtsman I would have drawn a caricature. I was only an actor, I could only act a caricature. I made myself up into what was meant for a wild exaggeration of the old Professor’s dirty old self. When I went into the room full of his supporters I expected to be received with a roar of laughter, or (if they were too far gone) with a roar of indignation at the insult. I cannot describe the surprise I felt when my entrance was received with a respectful silence, followed (when I had first opened my lips) with a murmur of admiration. The curse of the perfect artist had fallen upon me. I had been too subtle, I had been too true. They thought I really was the great Nihilist Professor. I was a healthy-minded young man at the time, and I confess that it was a blow. Before I could fully recover, however, two or three of these admirers ran up to me radiating indignation, and told me that a public insult had been put upon me in the next room. I inquired its nature. It seemed that an impertinent fellow had dressed himself up as a preposterous parody of myself. I had drunk more champagne than was good for me, and in a flash of folly I decided to see the situation through. Consequently it was to meet the glare of the company and my own lifted eyebrows and freezing eyes that the real Professor came into the room. “I need hardly say there was a collision. The pessimists all round me looked anxiously from one Professor to the other Professor to see which was really the more feeble. But I won. An old man in poor health, like my rival, could not be expected to be so impressively feeble as a young actor in the prime of life. You see, he really had paralysis, and working within this definite limitation, he couldn’t be so jolly paralytic as I was. Then he tried to blast my claims intellectually. I countered that by a very simple dodge. Whenever he said something that nobody but he could understand, I replied with something which I could not even understand myself. ‘I don’t fancy,’ he said, ‘that you could have worked out the principle that evolution is only negation, since there inheres in it the introduction of lacuna, which are an essential of differentiation.’ I replied quite scornfully, ‘You read all that up in Pinckwerts; the notion that involution functioned eugenically was exposed long ago by Glumpe.’ It is unnecessary for me to say that there never were such people as Pinckwerts and Glumpe. But the people all round (rather to my surprise) seemed to remember them quite well, and the Professor, finding that the learned and mysterious method left him rather at the mercy of an enemy slightly deficient in scruples, fell back upon a more popular form of wit. ‘I see,’ he sneered, ‘you prevail like the false pig in Æsop.’ ‘And you fail,’ I answered, smiling, ‘like the hedgehog in Montaigne.’ Need I say that there is no hedgehog in Montaigne? ‘Your claptrap comes off,’ he said; ‘so would your beard.’ I had no intelligent answer to this, which was quite true and rather witty. But I laughed heartily, answered, ‘Like the Pantheist’s boots,’ at random, and turned on my heel with all the honours of victory. The real Professor was thrown out, but not with violence, though one man tried very patiently to pull off his nose. He is now, I believe, received everywhere in Europe as a delightful impostor. His apparent earnestness and anger, you see, make him all the more entertaining.",replied the eminent foreign philosopher.
MWT_T00350,MWT_C00534|MWT_C00535,Syme,review,review,high,2,Syme,,named_speaker|none,DIRECT_SPEAKER_SUPPORTED,"Well, I can understand your putting on his dirty old beard for a night’s practical joke, but I don’t understand your never taking it off again.","said Syme,"
MWT_T00351,MWT_C00536|MWT_C00537,Unknown,review,review,high,2,,,none|unresolved_attribution,UNKNOWN_SPEAKER,"That is the rest of the story, When I myself left the company, followed by reverent applause, I went limping down the dark street, hoping that I should soon be far enough away to be able to walk like a human being. To my astonishment, as I was turning the corner, I felt a touch on the shoulder, and turning, found myself under the shadow of an enormous policeman. He told me I was wanted. I struck a sort of paralytic attitude, and cried in a high German accent, ‘Yes, I am wanted—by the oppressed of the world. You are arresting me on the charge of being the great anarchist, Professor de Worms.’ The policeman impassively consulted a paper in his hand, ‘No, sir,’ he said civilly, ‘at least, not exactly, sir. I am arresting you on the charge of not being the celebrated anarchist, Professor de Worms.’ This charge, if it was criminal at all, was certainly the lighter of the two, and I went along with the man, doubtful, but not greatly dismayed. I was shown into a number of rooms, and eventually into the presence of a police officer, who explained that a serious campaign had been opened against the centres of anarchy, and that this, my successful masquerade, might be of considerable value to the public safety. He offered me a good salary and this little blue card. Though our conversation was short, he struck me as a man of very massive common sense and humour; but I cannot tell you much about him personally, because—",said the impersonator.
MWT_T00352,MWT_C00538|MWT_C00539,Syme,review,review,high,2,,Syme,none|pronoun_speaker,PRONOUN_SPEAKER_SUPPORTED,"I know, because you talked to him in a dark room.","he said,"
MWT_T00353,MWT_C00540,the Professor,high,high,review,1,the Professor,,role_speaker,DIRECT_SPEAKER_SUPPORTED,"Burgundy is a jolly thing,",
MWT_T00354,MWT_C00541|MWT_C00542,Syme,review,review,high,2,Syme,,named_speaker|none,DIRECT_SPEAKER_SUPPORTED,"You don’t look as if it were, you drink it as if it were medicine.",said Syme;
MWT_T00355,MWT_C00543|MWT_C00544,the Professor,review,review,high,2,the Professor,,none|role_speaker,DIRECT_SPEAKER_SUPPORTED,"You must excuse my manner, my position is rather a curious one. Inside I am really bursting with boyish merriment; but I acted the paralytic Professor so well, that now I can’t leave off. So that when I am among friends, and have no need at all to disguise myself, I still can’t help speaking slow and wrinkling my forehead—just as if it were my forehead. I can be quite happy, you understand, but only in a paralytic sort of way. The most buoyant exclamations leap up in my heart, but they come out of my mouth quite different. You should hear me say, ‘Buck up, old cock!’ It would bring tears to your eyes.","said the Professor dismally,"
MWT_T00356,MWT_C00545|MWT_C00546,Syme,review,review,high,2,Syme,,named_speaker|none,DIRECT_SPEAKER_SUPPORTED,"It does, but I cannot help thinking that apart from all that you are really a bit worried.",said Syme;
MWT_T00357,MWT_C00547|MWT_C00548|MWT_C00549,Syme,review,review,high,3,,Syme,none|pronoun_speaker,PRONOUN_SPEAKER_SUPPORTED,"You are a very clever fellow, it is a pleasure to work with you. Yes, I have rather a heavy cloud in my head. There is a great problem to face, Can you play the piano?","he said, || and he sank his bald brow in his two hands. Then he said in a low voice—"
MWT_T00358,MWT_C00550|MWT_C00551,Syme,review,review,high,2,Syme,,named_speaker|none,DIRECT_SPEAKER_SUPPORTED,"Yes, I’m supposed to have a good touch.","said Syme in simple wonder,"
MWT_T00359,MWT_C00552,the Professor,high,high,review,1,the Professor,,role_speaker,DIRECT_SPEAKER_SUPPORTED,I trust the great cloud is lifted.,
MWT_T00360,MWT_C00553,Unknown,review,review,review,1,,,none,UNKNOWN_SPEAKER,It would have done just as well if you could work a typewriter.,
MWT_T00361,MWT_C00554|MWT_C00555,Syme,review,review,high,2,Syme,,named_speaker|none,DIRECT_SPEAKER_SUPPORTED,"Thank you, you flatter me.","said Syme,"
MWT_T00362,MWT_C00556|MWT_C00557,the other,review,review,high,2,the other,,none|role_speaker,DIRECT_SPEAKER_SUPPORTED,"Listen to me, and remember whom we have to see tomorrow. You and I are going tomorrow to attempt something which is very much more dangerous than trying to steal the Crown Jewels out of the Tower. We are trying to steal a secret from a very sharp, very strong, and very wicked man. I believe there is no man, except the President, of course, who is so seriously startling and formidable as that little grinning fellow in goggles. He has not perhaps the white-hot enthusiasm unto death, the mad martyrdom for anarchy, which marks the Secretary. But then that very fanaticism in the Secretary has a human pathos, and is almost a redeeming trait. But the little Doctor has a brutal sanity that is more shocking than the Secretary’s disease. Don’t you notice his detestable virility and vitality. He bounces like an india-rubber ball. Depend on it, Sunday was not asleep (I wonder if he ever sleeps?) when he locked up all the plans of this outrage in the round, black head of Dr. Bull.","said the other,"
MWT_T00363,MWT_C00558|MWT_C00559,Syme,review,review,high,2,Syme,,named_speaker|none,DIRECT_SPEAKER_SUPPORTED,"And you think, that this unique monster will be soothed if I play the piano to him?","said Syme,"
MWT_T00364,MWT_C00560|MWT_C00561|MWT_C00562,Unknown,review,review,high,3,,,none|unresolved_attribution,UNKNOWN_SPEAKER,"Don’t be an ass, I mentioned the piano because it gives one quick and independent fingers. Syme, if we are to go through this interview and come out sane or alive, we must have some code of signals between us that this brute will not see. I have made a rough alphabetical cypher corresponding to the five fingers—like this, see, B A D, bad, a word we may frequently require.",said his mentor. || and he rippled with his fingers on the wooden table—
MWT_T00365,MWT_C00563|MWT_C00564,Syme,review,review,high,2,Syme,,named_speaker|none,DIRECT_SPEAKER_SUPPORTED,"We must have several word-signs, words that we are likely to want, fine shades of meaning. My favourite word is ‘coeval’. What’s yours?",said Syme seriously—
MWT_T00366,MWT_C00565|MWT_C00566,the Professor,review,review,high,2,the Professor,,none|role_speaker,DIRECT_SPEAKER_SUPPORTED,"Do stop playing the goat, You don’t know how serious this is.",said the Professor plaintively.
MWT_T00367,MWT_C00567|MWT_C00568,Syme,review,review,high,2,Syme,,named_speaker|none,DIRECT_SPEAKER_SUPPORTED,"‘Lush’ too, we must have ‘lush’—word applied to grass, don’t you know?","said Syme, shaking his head sagaciously,"
MWT_T00368,MWT_C00569|MWT_C00570,the Professor,review,review,high,2,the Professor,,none|role_speaker,DIRECT_SPEAKER_SUPPORTED,"Do you imagine, that we are going to talk to Dr. Bull about grass?","asked the Professor furiously,"
MWT_T00369,MWT_C00571|MWT_C00572,Syme,review,review,high,2,Syme,,named_speaker|none,DIRECT_SPEAKER_SUPPORTED,"There are several ways in which the subject could be approached, and the word introduced without appearing forced. We might say, ‘Dr. Bull, as a revolutionist, you remember that a tyrant once advised us to eat grass; and indeed many of us, looking on the fresh lush grass of summer...’","said Syme reflectively,"
MWT_T00370,MWT_C00573|MWT_C00574,the other,review,review,high,2,the other,,none|role_speaker,DIRECT_SPEAKER_SUPPORTED,"Do you understand, that this is a tragedy?","said the other,"
MWT_T00371,MWT_C00575|MWT_C00576,Syme,review,review,high,2,Syme,,named_speaker|none,DIRECT_SPEAKER_SUPPORTED,"Perfectly, always be comic in a tragedy. What the deuce else can you do? I wish this language of yours had a wider scope. I suppose we could not extend it from the fingers to the toes? That would involve pulling off our boots and socks during the conversation, which however unobtrusively performed—",replied Syme;
MWT_T00372,MWT_C00577|MWT_C00578,Unknown,review,review,high,2,,,none|unresolved_attribution,UNKNOWN_SPEAKER,"Syme, go to bed!","said his friend with a stern simplicity,"
MWT_T00373,MWT_C00579|MWT_C00580,Syme,review,review,high,2,Syme,,named_speaker|none,DIRECT_SPEAKER_SUPPORTED,"Well, I dreamt of that alphabet of yours. Did it take you long to make it up?","said Syme with a forced cheerfulness as he pulled on his trousers,"
MWT_T00374,MWT_C00581,Unknown,review,review,review,1,,,none,UNKNOWN_SPEAKER,"I say, did it take you long to invent all this? I’m considered good at these things, and it was a good hour’s grind. Did you learn it all on the spot?",
MWT_T00375,MWT_C00582,Unknown,review,review,review,1,,,none,UNKNOWN_SPEAKER,How long did it take you?,
MWT_T00376,MWT_C00583,Unknown,review,review,review,1,,,unresolved_attribution,UNKNOWN_SPEAKER,"Confound you, can’t you answer?",
MWT_T00377,MWT_C00584,Unknown,review,review,review,1,,,none,UNKNOWN_SPEAKER,I will only talk like this. We must get used to it.,
MWT_T00378,MWT_C00585,Unknown,review,review,review,1,,,none,UNKNOWN_SPEAKER,All right. Let’s get out to breakfast.,
MWT_T00379,MWT_C00586|MWT_C00587,Unknown,review,review,high,2,,,none|unresolved_attribution,UNKNOWN_SPEAKER,"I’m sorry to disturb you so early, comrade, You have no doubt made all the arrangements for the Paris affair?","said he, with a careful resumption of the slow de Worms manner."
MWT_T00380,MWT_C00588|MWT_C00589,The Professor,review,review,high,2,The Professor,,none|role_speaker,DIRECT_SPEAKER_SUPPORTED,"We have information which renders intolerable anything in the nature of a moment’s delay. Please do not think me excessively abrupt; but I advise you to alter those plans, or if it is too late for that, to follow your agent with all the support you can get for him. Comrade Syme and I have had an experience which it would take more time to recount than we can afford, if we are to act on it. I will, however, relate the occurrence in detail, even at the risk of losing time, if you really feel that it is essential to the understanding of the problem we have to discuss.","Dr. Bull smiled again, but continued to gaze on them without speaking. The Professor resumed, a pause before each weary word—"
MWT_T00381,MWT_C00590|MWT_C00591,the Professor,review,review,high,2,the Professor,,none|role_speaker,DIRECT_SPEAKER_SUPPORTED,"As I say, the incident that has occurred to us and has led us to ask for information about the Marquis, is one which you may think it better to have narrated; but as it came in the way of Comrade Syme rather than me—","resumed the Professor, like a man toiling through heavy sand,"
MWT_T00382,MWT_C00592,Unknown,review,review,review,1,,,none,UNKNOWN_SPEAKER,You must go on. This devil has sucked me dry!,
MWT_T00383,MWT_C00593|MWT_C00594,the Professor,review,review,high,2,,the Professor,none|pronoun_speaker,PRONOUN_SPEAKER_SUPPORTED,"Yes, the thing really happened to me, I had the good fortune to fall into conversation with a detective who took me, thanks to my hat, for a respectable person. Wishing to clinch my reputation for respectability, I took him and made him very drunk at the Savoy. Under this influence he became friendly, and told me in so many words that within a day or two they hope to arrest the Marquis in France. “So unless you or I can get on his track—",he said hastily.
MWT_T00384,MWT_C00595,Unknown,review,review,review,1,,,none,UNKNOWN_SPEAKER,"Syme immediately brought this information to me, and we came here together to see what use you would be inclined to make of it. It seems to me unquestionably urgent that—",
MWT_T00385,MWT_C00596,Unknown,review,review,review,1,,,none,UNKNOWN_SPEAKER,I have an intuition.,
MWT_T00386,MWT_C00597,Unknown,review,review,review,1,,,none,UNKNOWN_SPEAKER,Then sit on it.,
MWT_T00387,MWT_C00598,The other,high,high,review,1,The other,,role_speaker,DIRECT_SPEAKER_SUPPORTED,It is quite extraordinary.,
MWT_T00388,MWT_C00599,Syme,high,high,review,1,Syme,,named_speaker,DIRECT_SPEAKER_SUPPORTED,Extraordinary rot!,
MWT_T00389,MWT_C00600,The other,high,high,review,1,The other,,role_speaker,DIRECT_SPEAKER_SUPPORTED,I am a poet.,
MWT_T00390,MWT_C00601,Unknown,review,review,review,1,,,none,UNKNOWN_SPEAKER,You are a dead man.,
MWT_T00391,MWT_C00602,Unknown,review,review,review,1,,,none,UNKNOWN_SPEAKER,You scarcely realise how poetic my intuition is. It has that sudden quality we sometimes feel in the coming of spring.,
MWT_T00392,MWT_C00603,Unknown,review,review,review,1,,,none,UNKNOWN_SPEAKER,Go to hell!,
MWT_T00393,MWT_C00604|MWT_C00605,Syme,review,review,high,2,Syme,,named_speaker|none,DIRECT_SPEAKER_SUPPORTED,"Perhaps I should rather say, that it resembles that sudden smell of the sea which may be found in the heart of lush woods.","said Syme on his fingers,"
MWT_T00394,MWT_C00606|MWT_C00607,Unknown,review,review,high,2,,,none,UNKNOWN_SPEAKER,"Or yet again, it is positive, as is the passionate red hair of a beautiful woman.","tapped Syme,"
MWT_T00395,MWT_C00608,Unknown,review,review,review,1,,,none,UNKNOWN_SPEAKER,Dr. Bull!,
MWT_T00396,MWT_C00609|MWT_C00610,Syme,review,review,high,2,Syme,,named_speaker|none,DIRECT_SPEAKER_SUPPORTED,"Dr. Bull, would you do me a small favour? Would you be so kind as to take off your spectacles?","said Syme, in a voice peculiarly precise and courteous,"
MWT_T00397,MWT_C00611|MWT_C00612,Syme,review,review,high,2,Syme,,named_speaker|none,DIRECT_SPEAKER_SUPPORTED,"I knew I was a poet, I knew my intuition was as infallible as the Pope. It was the spectacles that did it! It was all the spectacles. Given those beastly black eyes, and all the rest of him his health and his jolly looks, made him a live devil among dead ones.",cried Syme in a sort of ecstasy.
MWT_T00398,MWT_C00613|MWT_C00614|MWT_C00615,the Professor,review,review,high,3,the Professor,,none|role_speaker,DIRECT_SPEAKER_SUPPORTED,"It certainly does make a queer difference, But as regards the project of Dr. Bull— Project be damned!",said the Professor shakily. || 
MWT_T00399,MWT_C00616,Unknown,review,review,review,1,,,none,UNKNOWN_SPEAKER,"Look at him! Look at his face, look at his collar, look at his blessed boots! You don’t suppose, do you, that that thing’s an anarchist?",
MWT_T00400,MWT_C00617,the other,high,high,review,1,the other,,role_speaker,DIRECT_SPEAKER_SUPPORTED,Syme!,
MWT_T00401,MWT_C00618|MWT_C00619,Syme,review,review,high,2,Syme,,named_speaker|none,DIRECT_SPEAKER_SUPPORTED,"Why, by God, I’ll take the risk of that myself! Dr. Bull, I am a police officer. There’s my card,","said Syme,"
MWT_T00402,MWT_C00620|MWT_C00621,Syme,review,review,high,2,,Syme,none|pronoun_speaker,PRONOUN_SPEAKER_SUPPORTED,"I’m awfully glad you chaps have come so early, for we can all start for France together. Yes, I’m in the force right enough,","he said, with a sort of schoolboy flippancy,"
MWT_T00403,MWT_C00622|MWT_C00623,Syme,review,review,high,2,,Syme,none|pronoun_speaker,PRONOUN_SPEAKER_SUPPORTED,"But Lord God Almighty, if this is all right, there were more damned detectives than there were damned dynamiters at the damned Council!","he cried out,"
MWT_T00404,MWT_C00624|MWT_C00625,Unknown,review,review,high,2,,,none|unresolved_attribution,UNKNOWN_SPEAKER,"We might have fought easily, we were four against three.",said Bull;
MWT_T00405,MWT_C00626|MWT_C00627,Unknown,review,review,high,2,,,none|unresolved_attribution,UNKNOWN_SPEAKER,"No, we were not four against three—we were not so lucky. We were four against One.","said the voice,"
MWT_T00406,MWT_C00628|MWT_C00629,Syme,review,review,high,2,,Syme,none|pronoun_speaker,PRONOUN_SPEAKER_SUPPORTED,"It is jolly to get some pals, I’ve been half dead with the jumps, being quite alone. I nearly flung my arms round Gogol and embraced him, which would have been imprudent. I hope you won’t despise me for having been in a blue funk.",he said.
MWT_T00407,MWT_C00630|MWT_C00631,Syme,review,review,high,2,Syme,,named_speaker|none,DIRECT_SPEAKER_SUPPORTED,"All the blue devils in blue hell, contributed to my blue funk! But the worst devil was you and your infernal goggles.","said Syme,"
MWT_T00408,MWT_C00632,Syme,medium,medium,review,1,,Syme,pronoun_speaker,PRONOUN_SPEAKER_SUPPORTED,Wasn’t it a rag?,
MWT_T00409,MWT_C00633,Unknown,review,review,review,1,,,none,UNKNOWN_SPEAKER,"Such a simple idea—not my own. I haven’t got the brains. You see, I wanted to go into the detective service, especially the anti-dynamite business. But for that purpose they wanted someone to dress up as a dynamiter; and they all swore by blazes that I could never look like a dynamiter. They said my very walk was respectable, and that seen from behind I looked like the British Constitution. They said I looked too healthy and too optimistic, and too reliable and benevolent; they called me all sorts of names at Scotland Yard. They said that if I had been a criminal, I might have made my fortune by looking so like an honest man; but as I had the misfortune to be an honest man, there was not even the remotest chance of my assisting them by ever looking like a criminal. But at last I was brought before some old josser who was high up in the force, and who seemed to have no end of a head on his shoulders. And there the others all talked hopelessly. One asked whether a bushy beard would hide my nice smile; another said that if they blacked my face I might look like a negro anarchist; but this old chap chipped in with a most extraordinary remark. ‘A pair of smoked spectacles will do it,’ he said positively. ‘Look at him now; he looks like an angelic office boy. Put him on a pair of smoked spectacles, and children will scream at the sight of him.’ And so it was, by George! When once my eyes were covered, all the rest, smile and big shoulders and short hair, made me look a perfect little devil. As I say, it was simple enough when it was done, like miracles; but that wasn’t the really miraculous part of it. There was one really staggering thing about the business, and my head still turns at it.",
MWT_T00410,MWT_C00634,Syme,high,high,review,1,Syme,,named_speaker,DIRECT_SPEAKER_SUPPORTED,What was that?,
MWT_T00411,MWT_C00635|MWT_C00636,the man,review,review,high,2,the man,,none|role_speaker,DIRECT_SPEAKER_SUPPORTED,"I’ll tell you, This big pot in the police who sized me up so that he knew how the goggles would go with my hair and socks—by God, he never saw me at all!",answered the man in spectacles.
MWT_T00412,MWT_C00637,the man,medium,medium,review,1,,the man,pronoun_speaker,PRONOUN_SPEAKER_SUPPORTED,How was that?,
MWT_T00413,MWT_C00638,Unknown,review,review,review,1,,,none,UNKNOWN_SPEAKER,I thought you talked to him.,
MWT_T00414,MWT_C00639|MWT_C00640,Unknown,review,review,high,2,,,none|unresolved_attribution,UNKNOWN_SPEAKER,"So I did, but we talked in a pitch-dark room like a coalcellar. There, you would never have guessed that.",said Bull brightly;
MWT_T00415,MWT_C00641,Syme,high,high,review,1,Syme,,named_speaker,DIRECT_SPEAKER_SUPPORTED,"I could not have conceived it,",
MWT_T00416,MWT_C00642,the Professor,high,high,review,1,the Professor,,role_speaker,DIRECT_SPEAKER_SUPPORTED,"It is indeed a new idea,",
MWT_T00417,MWT_C00643|MWT_C00644,Unknown,review,review,high,2,,,none,UNKNOWN_SPEAKER,"I had already arranged, to go to France for my lunch; but I am delighted to have someone to lunch with me. You see, I had to send that beast, the Marquis, over with his bomb, because the President had his eye on me, though God knows how. I’ll tell you the story some day. It was perfectly choking. Whenever I tried to slip out of it I saw the President somewhere, smiling out of the bow-window of a club, or taking off his hat to me from the top of an omnibus. I tell you, you can say what you like, that fellow sold himself to the devil; he can be in six places at once.","he explained,"
MWT_T00418,MWT_C00645|MWT_C00646,the Professor,review,review,high,2,the Professor,,none|role_speaker,DIRECT_SPEAKER_SUPPORTED,"So you sent the Marquis off, I understand, Was it long ago? Shall we be in time to catch him?",asked the Professor.
MWT_T00419,MWT_C00647|MWT_C00648,Unknown,review,review,high,2,,,none|unresolved_attribution,UNKNOWN_SPEAKER,"Yes, I’ve timed it all. He’ll still be at Calais when we arrive.","answered the new guide,"
MWT_T00420,MWT_C00649|MWT_C00650,the Professor,review,review,high,2,the Professor,,none|role_speaker,DIRECT_SPEAKER_SUPPORTED,"But when we do catch him at Calais, what are we going to do?","said the Professor,"
MWT_T00421,MWT_C00651,Unknown,review,review,review,1,,,none,UNKNOWN_SPEAKER,"Theoretically, I suppose, we ought to call the police.",
MWT_T00422,MWT_C00652|MWT_C00653,Syme,review,review,high,2,Syme,,named_speaker|none,DIRECT_SPEAKER_SUPPORTED,"Not I, Theoretically I ought to drown myself first. I promised a poor fellow, who was a real modern pessimist, on my word of honour not to tell the police. I’m no hand at casuistry, but I can’t break my word to a modern pessimist. It’s like breaking one’s word to a child.",said Syme.
MWT_T00423,MWT_C00654|MWT_C00655,the Professor,review,review,high,2,the Professor,,none|role_speaker,DIRECT_SPEAKER_SUPPORTED,"I’m in the same boat, I tried to tell the police and I couldn’t, because of some silly oath I took. You see, when I was an actor I was a sort of all-round beast. Perjury or treason is the only crime I haven’t committed. If I did that I shouldn’t know the difference between right and wrong.",said the Professor.
MWT_T00424,MWT_C00656|MWT_C00657,Unknown,review,review,high,2,,,none|unresolved_attribution,UNKNOWN_SPEAKER,"I’ve been through all that, and I’ve made up my mind. I gave my promise to the Secretary—you know him, man who smiles upside down. My friends, that man is the most utterly unhappy man that was ever human. It may be his digestion, or his conscience, or his nerves, or his philosophy of the universe, but he’s damned, he’s in hell! Well, I can’t turn on a man like that, and hunt him down. It’s like whipping a leper. I may be mad, but that’s how I feel; and there’s jolly well the end of it.","said Dr. Bull,"
MWT_T00425,MWT_C00658|MWT_C00659,Syme,review,review,high,2,Syme,,named_speaker|none,DIRECT_SPEAKER_SUPPORTED,"I don’t think you’re mad, I knew you would decide like that when first you—",said Syme.
MWT_T00426,MWT_C00660,Unknown,review,review,review,1,,,unresolved_attribution,UNKNOWN_SPEAKER,Eh?,
MWT_T00427,MWT_C00661,Unknown,review,review,review,1,,,none,UNKNOWN_SPEAKER,When first you took off your spectacles.,
MWT_T00428,MWT_C00662|MWT_C00663,Syme,review,review,high,2,Syme,,named_speaker|none,DIRECT_SPEAKER_SUPPORTED,"Well, it seems that we have all the same kind of morality or immorality, so we had better face the fact that comes of it.","said Syme,"
MWT_T00429,MWT_C00664|MWT_C00665,the Professor,review,review,high,2,the Professor,,none|role_speaker,DIRECT_SPEAKER_SUPPORTED,"Yes, you’re quite right; and we must hurry up, for I can see the Grey Nose standing out from France.","assented the Professor,"
MWT_T00430,MWT_C00666|MWT_C00667,Syme,review,review,high,2,Syme,,named_speaker|none,DIRECT_SPEAKER_SUPPORTED,"The fact that comes of it, is this, that we three are alone on this planet. Gogol has gone, God knows where; perhaps the President has smashed him like a fly. On the Council we are three men against three, like the Romans who held the bridge. But we are worse off than that, first because they can appeal to their organization and we cannot appeal to ours, and second because—","said Syme seriously,"
MWT_T00431,MWT_C00668|MWT_C00669|MWT_C00670,the Professor,review,review,high,3,the Professor,,none|role_speaker,DIRECT_SPEAKER_SUPPORTED,"Because one of those other three men, is not a man. My idea is this. We must do something to keep the Marquis in Calais till tomorrow midday. I have turned over twenty schemes in my head. We cannot denounce him as a dynamiter; that is agreed. We cannot get him detained on some trivial charge, for we should have to appear; he knows us, and he would smell a rat. We cannot pretend to keep him on anarchist business; he might swallow much in that way, but not the notion of stopping in Calais while the Czar went safely through Paris. We might try to kidnap him, and lock him up ourselves; but he is a well-known man here. He has a whole bodyguard of friends; he is very strong and brave, and the event is doubtful. The only thing I can see to do is actually to take advantage of the very things that are in the Marquis’s favour. I am going to profit by the fact that he is a highly respected nobleman. I am going to profit by the fact that he has many friends and moves in the best society.","said the Professor, || Syme nodded and was silent for a second or two, then he said—"
MWT_T00432,MWT_C00671,the Professor,high,high,review,1,the Professor,,role_speaker,DIRECT_SPEAKER_SUPPORTED,What the devil are you talking about?,
MWT_T00433,MWT_C00672|MWT_C00673,Syme,review,review,high,2,Syme,,named_speaker|none,DIRECT_SPEAKER_SUPPORTED,"The Symes are first mentioned in the fourteenth century, but there is a tradition that one of them rode behind Bruce at Bannockburn. Since 1350 the tree is quite clear.",said Syme;
MWT_T00434,MWT_C00674,Unknown,review,review,review,1,,,unresolved_attribution,UNKNOWN_SPEAKER,"He’s gone off his head,",
MWT_T00435,MWT_C00675|MWT_C00676,Syme,review,review,high,2,Syme,,named_speaker|none,DIRECT_SPEAKER_SUPPORTED,"Our bearings, are ‘argent a chevron gules charged with three cross crosslets of the field.’ The motto varies.","continued Syme calmly,"
MWT_T00436,MWT_C00677|MWT_C00678,Syme,review,review,high,2,,Syme,none|pronoun_speaker,PRONOUN_SPEAKER_SUPPORTED,"We are just inshore, Are you seasick or joking in the wrong place?",he said.
MWT_T00437,MWT_C00679|MWT_C00680|MWT_C00681,Syme,review,review,high,3,Syme,,named_speaker|none,DIRECT_SPEAKER_SUPPORTED,"My remarks are almost painfully practical, The house of St. Eustache also is very ancient. The Marquis cannot deny that he is a gentleman. He cannot deny that I am a gentleman. And in order to put the matter of my social position quite beyond a doubt, I propose at the earliest opportunity to knock his hat off. But here we are in the harbour. I shall approach. Before taking off his hat, I shall take off my own. I shall say, ‘The Marquis de Saint Eustache, I believe.’ He will say, ‘The celebrated Mr. Syme, I presume.’ He will say in the most exquisite French, ‘How are you?’ I shall reply in the most exquisite Cockney, ‘Oh, just the Syme—’","answered Syme, in an unhurried manner. || They went on shore under the strong sun in a sort of daze. Syme, who had now taken the lead as Bull had taken it in London, led them along a kind of marine parade until he came to some cafés, embowered in a bulk of greenery and overlooking the sea. As he went before them his step was slightly swaggering, and he swung his stick like a sword. He was making apparently for the extreme end of the line of cafés, but he stopped abruptly. With a sharp gesture he motioned them to silence, but he pointed with one gloved finger to a café table under a bank of flowering foliage at which sat the Marquis de St. Eustache, his teeth shining in his thick, black beard, and his bold, brown face shadowed by a light yellow straw hat and outlined against the violet sea. CHAPTER X. THE DUEL Syme sat down at a café table with his companions, his blue eyes sparkling like the bright sea below, and ordered a bottle of Saumur with a pleased impatience. He was for some reason in a condition of curious hilarity. His spirits were already unnaturally high; they rose as the Saumur sank, and in half an hour his talk was a torrent of nonsense. He professed to be making out a plan of the conversation which was going to ensue between himself and the deadly Marquis. He jotted it down wildly with a pencil. It was arranged like a printed catechism, with questions and answers, and was delivered with an extraordinary rapidity of utterance."
MWT_T00438,MWT_C00682|MWT_C00683,the man,review,review,high,2,the man,,none|role_speaker,DIRECT_SPEAKER_SUPPORTED,"Oh, shut it, Pull yourself together, and chuck away that bit of paper. What are you really going to do?",said the man in spectacles.
MWT_T00439,MWT_C00684|MWT_C00685,Syme,review,review,high,2,Syme,,named_speaker|none,DIRECT_SPEAKER_SUPPORTED,"But it was a lovely catechism, Do let me read it you. It has only forty-three questions and answers, and some of the Marquis’s answers are wonderfully witty. I like to be just to my enemy.",said Syme pathetically.
MWT_T00440,MWT_C00686,Unknown,review,review,review,1,,,unresolved_attribution,UNKNOWN_SPEAKER,But what’s the good of it all?,
MWT_T00441,MWT_C00687|MWT_C00688,Syme,review,review,high,2,Syme,,named_speaker|none,DIRECT_SPEAKER_SUPPORTED,"It leads up to my challenge, don’t you see, When the Marquis has given the thirty-ninth reply, which runs—","said Syme, beaming."
MWT_T00442,MWT_C00689|MWT_C00690,the Professor,review,review,high,2,the Professor,,none|role_speaker,DIRECT_SPEAKER_SUPPORTED,"Has it by any chance occurred to you, that the Marquis may not say all the forty-three things you have put down for him? In that case, I understand, your own epigrams may appear somewhat more forced.","asked the Professor, with a ponderous simplicity,"
MWT_T00443,MWT_C00691|MWT_C00692,the Professor,review,review,high,2,,the Professor,none|pronoun_speaker,PRONOUN_SPEAKER_SUPPORTED,"Why, how true that is, and I never thought of it. Sir, you have an intellect beyond the common. You will make a name.","he said,"
MWT_T00444,MWT_C00693,Unknown,review,review,review,1,,,unresolved_attribution,UNKNOWN_SPEAKER,"Oh, you’re as drunk as an owl!",
MWT_T00445,MWT_C00694|MWT_C00695,Syme,review,review,high,2,Syme,,named_speaker|none,DIRECT_SPEAKER_SUPPORTED,"It only remains, to adopt some other method of breaking the ice (if I may so express it) between myself and the man I wish to kill. And since the course of a dialogue cannot be predicted by one of its parties alone (as you have pointed out with such recondite acumen), the only thing to be done, I suppose, is for the one party, as far as possible, to do all the dialogue by himself. And so I will, by George!","continued Syme quite unperturbed,"
MWT_T00446,MWT_C00696,the Professor,high,high,review,1,the Professor,,role_speaker,DIRECT_SPEAKER_SUPPORTED,Are you going to address the meeting?,
MWT_T00447,MWT_C00697|MWT_C00698,the Professor,review,review,high,2,,the Professor,none|pronoun_speaker,PRONOUN_SPEAKER_SUPPORTED,"I am, that meeting. That meeting displeases me. I am going to pull that meeting’s great ugly, mahogany-coloured nose.","he said, pointing across to the Marquis and his companions,"
MWT_T00448,MWT_C00699,the Professor,medium,medium,review,1,,the Professor,pronoun_speaker,PRONOUN_SPEAKER_SUPPORTED,"You are Mr. Syme, I think,",
MWT_T00449,MWT_C00700|MWT_C00701,the Professor,review,review,high,2,,the Professor,none|pronoun_speaker,PRONOUN_SPEAKER_SUPPORTED,"And you are the Marquis de Saint Eustache, Permit me to pull your nose.",he said gracefully.
MWT_T00450,MWT_C00702,Syme,high,high,review,1,Syme,,named_speaker,DIRECT_SPEAKER_SUPPORTED,This man has insulted me!,
MWT_T00451,MWT_C00703|MWT_C00704,Unknown,review,review,high,2,,,none|unresolved_attribution,UNKNOWN_SPEAKER,Insulted you? when?,"cried the gentleman with the red rosette,"
MWT_T00452,MWT_C00705|MWT_C00706,Syme,review,review,high,2,Syme,,named_speaker|none,DIRECT_SPEAKER_SUPPORTED,"Oh, just now, He insulted my mother.",said Syme recklessly.
MWT_T00453,MWT_C00707,Unknown,review,review,review,1,,,unresolved_attribution,UNKNOWN_SPEAKER,Insulted your mother!,
MWT_T00454,MWT_C00708|MWT_C00709,Syme,review,review,high,2,Syme,,named_speaker|none,DIRECT_SPEAKER_SUPPORTED,"Well, anyhow, my aunt.","said Syme, conceding a point,"
MWT_T00455,MWT_C00710,Unknown,review,review,review,1,,,unresolved_attribution,UNKNOWN_SPEAKER,But how can the Marquis have insulted your aunt just now?,
MWT_T00456,MWT_C00711,Unknown,review,review,review,1,,,none,UNKNOWN_SPEAKER,He has been sitting here all the time.,
MWT_T00457,MWT_C00712,Syme,high,high,review,1,Syme,,named_speaker,DIRECT_SPEAKER_SUPPORTED,"Ah, it was what he said!",
MWT_T00458,MWT_C00713|MWT_C00714,the Marquis,review,review,high,2,the Marquis,,none|role_speaker,DIRECT_SPEAKER_SUPPORTED,"I said nothing at all, except something about the band. I only said that I liked Wagner played well.","said the Marquis,"
MWT_T00459,MWT_C00715|MWT_C00716,Syme,review,review,high,2,Syme,,named_speaker|none,DIRECT_SPEAKER_SUPPORTED,"It was an allusion to my family, My aunt played Wagner badly. It was a painful subject. We are always being insulted about it.",said Syme firmly.
MWT_T00460,MWT_C00717,Unknown,review,review,review,1,,,unresolved_attribution,UNKNOWN_SPEAKER,"This seems most extraordinary,",
MWT_T00461,MWT_C00718|MWT_C00719,Syme,review,review,high,2,Syme,,named_speaker|none,DIRECT_SPEAKER_SUPPORTED,"Oh, I assure you, the whole of your conversation was simply packed with sinister allusions to my aunt’s weaknesses.","said Syme earnestly,"
MWT_T00462,MWT_C00720,Unknown,review,review,review,1,,,unresolved_attribution,UNKNOWN_SPEAKER,This is nonsense!,
MWT_T00463,MWT_C00721,Unknown,review,review,review,1,,,none,UNKNOWN_SPEAKER,I for one have said nothing for half an hour except that I liked the singing of that girl with black hair.,
MWT_T00464,MWT_C00722,Syme,high,high,review,1,Syme,,named_speaker,DIRECT_SPEAKER_SUPPORTED,"Well, there you are again!",
MWT_T00465,MWT_C00723,Unknown,review,review,review,1,,,none,UNKNOWN_SPEAKER,My aunt’s was red.,
MWT_T00466,MWT_C00724|MWT_C00725,the other,review,review,high,2,the other,,none|role_speaker,DIRECT_SPEAKER_SUPPORTED,"It seems to me, that you are simply seeking a pretext to insult the Marquis.","said the other,"
MWT_T00467,MWT_C00726|MWT_C00727,Syme,review,review,high,2,Syme,,named_speaker|none,DIRECT_SPEAKER_SUPPORTED,By George! what a clever chap you are!,"said Syme, facing round and looking at him,"
MWT_T00468,MWT_C00728,Syme,medium,medium,review,1,,Syme,pronoun_speaker,PRONOUN_SPEAKER_SUPPORTED,Seeking a quarrel with me!,
MWT_T00469,MWT_C00729,Unknown,review,review,review,1,,,none,UNKNOWN_SPEAKER,Seeking a fight with me! By God! there was never a man who had to seek long. These gentlemen will perhaps act for me. There are still four hours of daylight. Let us fight this evening.,
MWT_T00470,MWT_C00730|MWT_C00731,Syme,review,review,high,2,,Syme,none|pronoun_speaker,PRONOUN_SPEAKER_SUPPORTED,"Marquis, your action is worthy of your fame and blood. Permit me to consult for a moment with the gentlemen in whose hands I shall place myself.","he said,"
MWT_T00471,MWT_C00732|MWT_C00733,Syme,review,review,high,2,,Syme,none|pronoun_speaker,PRONOUN_SPEAKER_SUPPORTED,"I have done it, I have fixed a fight on the beast. But look here, and listen carefully. There is no time for talk. You are my seconds, and everything must come from you. Now you must insist, and insist absolutely, on the duel coming off after seven tomorrow, so as to give me the chance of preventing him from catching the 7.45 for Paris. If he misses that he misses his crime. He can’t refuse to meet you on such a small point of time and place. But this is what he will do. He will choose a field somewhere near a wayside station, where he can pick up the train. He is a very good swordsman, and he will trust to killing me in time to catch it. But I can fence well too, and I think I can keep him in play, at any rate, until the train is lost. Then perhaps he may kill me to console his feelings. You understand? Very well then, let me introduce you to some charming friends of mine,",he said hoarsely.
MWT_T00472,MWT_C00734|MWT_C00735|MWT_C00736|MWT_C00737,the Professor,review,review,high,4,the Professor,,none|role_speaker,DIRECT_SPEAKER_SUPPORTED,"To a man of the well-known skill and valour of Monsieur de St. Eustache, it must be a matter of indifference which method is adopted, and our principal has strong reasons for demanding the longer encounter, reasons the delicacy of which prevent me from being explicit, but for the just and honourable nature of which I can— _Peste!_ let us stop talking and begin,","said the Professor solemnly, ||  || broke from the Marquis behind, whose face had suddenly darkened,"
MWT_T00473,MWT_C00738,Unknown,review,review,review,1,,,none,UNKNOWN_SPEAKER,Engage!,
MWT_T00474,MWT_C00739|MWT_C00740,Unknown,review,review,high,2,,,none|pronoun_speaker,UNKNOWN_SPEAKER,"After all, I am more than a devil; I am a man. I can do the one thing which Satan himself cannot do—I can die,","he said to himself,"
MWT_T00475,MWT_C00741,the Marquis,high,high,review,1,the Marquis,,role_speaker,DIRECT_SPEAKER_SUPPORTED,Stop!,
MWT_T00476,MWT_C00742,Unknown,review,review,review,1,,,none,UNKNOWN_SPEAKER,I want to say something.,
MWT_T00477,MWT_C00743,Unknown,review,review,review,1,,,unresolved_attribution,UNKNOWN_SPEAKER,What is the matter?,
MWT_T00478,MWT_C00744,Unknown,review,review,review,1,,,none,UNKNOWN_SPEAKER,Has there been foul play?,
MWT_T00479,MWT_C00745|MWT_C00746,Unknown,review,review,high,2,,,none|unresolved_attribution,UNKNOWN_SPEAKER,"There has been foul play somewhere, Our principal has wounded the Marquis four times at least, and he is none the worse.","said Dr. Bull, who was a little pale."
MWT_T00480,MWT_C00747,the Marquis,medium,medium,review,1,,the Marquis,pronoun_speaker,PRONOUN_SPEAKER_SUPPORTED,"Please let me speak,",
MWT_T00481,MWT_C00748|MWT_C00749,the Marquis,review,review,high,2,,the Marquis,none|pronoun_speaker,PRONOUN_SPEAKER_SUPPORTED,"It is rather important. Mr. Syme, we are fighting today, if I remember right, because you expressed a wish (which I thought irrational) to pull my nose. Would you oblige me by pulling my nose now as quickly as possible? I have to catch a train.","he continued, turning to his opponent,"
MWT_T00482,MWT_C00750,Unknown,review,review,review,1,,,unresolved_attribution,UNKNOWN_SPEAKER,"I protest that this is most irregular,",
MWT_T00483,MWT_C00751|MWT_C00752,Unknown,review,review,high,2,,,none|unresolved_attribution,UNKNOWN_SPEAKER,"It is certainly somewhat opposed to precedent, There is, I think, one case on record (Captain Bellegarde and the Baron Zumpt) in which the weapons were changed in the middle of the encounter at the request of one of the combatants. But one can hardly call one’s nose a weapon.","said Colonel Ducroix, looking wistfully at his principal."
MWT_T00484,MWT_C00753,the Marquis,high,high,review,1,the Marquis,,role_speaker,DIRECT_SPEAKER_SUPPORTED,Will you or will you not pull my nose?,
MWT_T00485,MWT_C00754,Unknown,review,review,review,1,,,none,UNKNOWN_SPEAKER,"Come, come, Mr. Syme! You wanted to do it, do it! You can have no conception of how important it is to me. Don’t be so selfish! Pull my nose at once, when I ask you!",
MWT_T00486,MWT_C00755|MWT_C00756,the Marquis,review,review,high,2,,the Marquis,none|pronoun_speaker,PRONOUN_SPEAKER_SUPPORTED,"If anyone has any use for my left eyebrow, he can have it. Colonel Ducroix, do accept my left eyebrow! It’s the kind of thing that might come in useful any day,","he said,"
MWT_T00487,MWT_C00757|MWT_C00758,Unknown,review,review,high,2,,,none,UNKNOWN_SPEAKER,"If I had known, that I was acting for a poltroon who pads himself to fight—","he spluttered,"
MWT_T00488,MWT_C00759,the Marquis,high,high,review,1,the Marquis,,role_speaker,DIRECT_SPEAKER_SUPPORTED,"Oh, I know, I know!",
MWT_T00489,MWT_C00760,Unknown,review,review,review,1,,,none,UNKNOWN_SPEAKER,You are making a mistake; but it can’t be explained just now. I tell you the train has come into the station!,
MWT_T00490,MWT_C00761|MWT_C00762,Unknown,review,review,high,2,,,none|unresolved_attribution,UNKNOWN_SPEAKER,"Yes, and the train shall go out of the station. It shall go out without you. We know well enough for what devil’s work—","said Dr. Bull fiercely,"
MWT_T00491,MWT_C00763,the Marquis,medium,medium,review,1,,the Marquis,pronoun_speaker,PRONOUN_SPEAKER_SUPPORTED,Will you drive me mad?,
MWT_T00492,MWT_C00764,Unknown,review,review,review,1,,,none,UNKNOWN_SPEAKER,The train—,
MWT_T00493,MWT_C00765,Syme,high,high,review,1,Syme,,named_speaker,DIRECT_SPEAKER_SUPPORTED,"You shall not go by the train,",
MWT_T00494,MWT_C00766,Syme,medium,medium,review,1,,Syme,pronoun_speaker,PRONOUN_SPEAKER_SUPPORTED,"You great fat, blasted, blear-eyed, blundering, thundering, brainless, Godforsaken, doddering, damned fool!",
MWT_T00495,MWT_C00767|MWT_C00768|MWT_C00769|MWT_C00770,Unknown,review,review,high,4,,,none,UNKNOWN_SPEAKER,"You great silly, pink-faced, towheaded turnip! You— You shall not go by this train, And why the infernal blazes, should I want to go by the train?"," || repeated Syme. || roared the other,"
MWT_T00496,MWT_C00771|MWT_C00772,the Professor,review,review,high,2,the Professor,,none|role_speaker,DIRECT_SPEAKER_SUPPORTED,"We know all, You are going to Paris to throw a bomb!",said the Professor sternly.
MWT_T00497,MWT_C00773,the other,high,high,review,1,the other,,role_speaker,DIRECT_SPEAKER_SUPPORTED,Going to Jericho to throw a Jabberwock!,
MWT_T00498,MWT_C00774,Unknown,review,review,review,1,,,none,UNKNOWN_SPEAKER,"Have you all got softening of the brain, that you don’t realise what I am? Did you really think I wanted to catch that train? Twenty Paris trains might go by for me. Damn Paris trains!",
MWT_T00499,MWT_C00775,Unknown,review,review,review,1,,,none,UNKNOWN_SPEAKER,Then what did you care about?,
MWT_T00500,MWT_C00776,Unknown,review,review,review,1,,,none,UNKNOWN_SPEAKER,"What did I care about? I didn’t care about catching the train; I cared about whether the train caught me, and now, by God! it has caught me.",
MWT_T00501,MWT_C00777|MWT_C00778,Syme,review,review,high,2,Syme,,named_speaker|none,DIRECT_SPEAKER_SUPPORTED,"I regret to inform you, that your remarks convey no impression to my mind. Perhaps if you were to remove the remains of your original forehead and some portion of what was once your chin, your meaning would become clearer. Mental lucidity fulfils itself in many ways. What do you mean by saying that the train has caught you? It may be my literary fancy, but somehow I feel that it ought to mean something.","said Syme with restraint,"
MWT_T00502,MWT_C00779|MWT_C00780,the other,review,review,high,2,the other,,none|role_speaker,DIRECT_SPEAKER_SUPPORTED,"It means everything, and the end of everything. Sunday has us now in the hollow of his hand.","said the other,"
MWT_T00503,MWT_C00781,Unknown,review,review,review,1,,,none,UNKNOWN_SPEAKER,Us!,
MWT_T00504,MWT_C00782,Unknown,review,review,review,1,,,none,UNKNOWN_SPEAKER,What do you mean by ‘us’?,
MWT_T00505,MWT_C00783,the Marquis,high,high,review,1,the Marquis,,role_speaker,DIRECT_SPEAKER_SUPPORTED,"The police, of course!",
MWT_T00506,MWT_C00784|MWT_C00785,the Marquis,review,review,high,2,,the Marquis,none|pronoun_speaker,PRONOUN_SPEAKER_SUPPORTED,"I am Inspector Ratcliffe, My name is pretty well known to the police, and I can see well enough that you belong to them. But if there is any doubt about my position, I have a card,","he said, with a sort of haste that verged on harshness."
MWT_T00507,MWT_C00786|MWT_C00787,the Marquis,review,review,high,2,,the Marquis,none|pronoun_speaker,PRONOUN_SPEAKER_SUPPORTED,"Oh, don’t show it us, we’ve got enough of them to equip a paper-chase.",he said wearily;
MWT_T00508,MWT_C00788|MWT_C00789,the Marquis,review,review,high,2,,the Marquis,none|pronoun_speaker,PRONOUN_SPEAKER_SUPPORTED,"Gentlemen, we all owe you a serious apology; but I assure you that you have not been made the victims of such a low joke as you imagine, or indeed of anything undignified in a man of honour. You have not wasted your time; you have helped to save the world. We are not buffoons, but very desperate men at war with a vast conspiracy. A secret society of anarchists is hunting us like hares; not such unfortunate madmen as may here or there throw a bomb through starvation or German philosophy, but a rich and powerful and fanatical church, a church of eastern pessimism, which holds it holy to destroy mankind like vermin. How hard they hunt us you can gather from the fact that we are driven to such disguises as those for which I apologise, and to such pranks as this one by which you suffer.","he said,"
MWT_T00509,MWT_C00790,Unknown,review,review,review,1,,,none,UNKNOWN_SPEAKER,"Of course, I accept the apology; but you will in your turn forgive me if I decline to follow you further into your difficulties, and permit myself to say good morning! The sight of an acquaintance and distinguished fellow-townsman coming to pieces in the open air is unusual, and, upon the whole, sufficient for one day. Colonel Ducroix, I would in no way influence your actions, but if you feel with me that our present society is a little abnormal, I am now going to walk back to the town.",
MWT_T00510,MWT_C00791,Unknown,review,review,review,1,,,none,UNKNOWN_SPEAKER,"No, by George! I won’t. If these gentlemen are really in a mess with a lot of low wreckers like that, I’ll see them through it. I have fought for France, and it is hard if I can’t fight for civilization.",
MWT_T00511,MWT_C00792|MWT_C00793,Unknown,review,review,high,2,,,none|unresolved_attribution,UNKNOWN_SPEAKER,"Don’t make too much noise, Sunday may hear you.","said Inspector Ratcliffe,"
MWT_T00512,MWT_C00794,Unknown,review,review,review,1,,,unresolved_attribution,UNKNOWN_SPEAKER,Sunday!,
MWT_T00513,MWT_C00795|MWT_C00796,Unknown,review,review,high,2,,,none|unresolved_attribution,UNKNOWN_SPEAKER,"Yes, he may be with them.","retorted Ratcliffe,"
MWT_T00514,MWT_C00797,Syme,high,high,review,1,Syme,,named_speaker,DIRECT_SPEAKER_SUPPORTED,With whom?,
MWT_T00515,MWT_C00798|MWT_C00799,the other,review,review,high,2,the other,,none|role_speaker,DIRECT_SPEAKER_SUPPORTED,"With the people out of that train, What you say seems utterly wild,",said the other.
MWT_T00516,MWT_C00800|MWT_C00801,the other,review,review,high,2,,the other,none|pronoun_speaker,PRONOUN_SPEAKER_SUPPORTED,"Why, as a matter of fact—But, my God, by God! if this is true the whole bally lot of us on the Anarchist Council were against anarchy! Every born man was a detective except the President and his personal secretary. What can it mean?","he cried out suddenly, like a man who sees an explosion a long way off,"
MWT_T00517,MWT_C00802,Unknown,review,review,review,1,,,unresolved_attribution,UNKNOWN_SPEAKER,Mean!,
MWT_T00518,MWT_C00803,Unknown,review,review,review,1,,,none,UNKNOWN_SPEAKER,"It means that we are struck dead! Don’t you know Sunday? Don’t you know that his jokes are always so big and simple that one has never thought of them? Can you think of anything more like Sunday than this, that he should put all his powerful enemies on the Supreme Council, and then take care that it was not supreme? I tell you he has bought every trust, he has captured every cable, he has control of every railway line—especially of _that_ railway line!",
MWT_T00519,MWT_C00804,Unknown,review,review,review,1,,,none,UNKNOWN_SPEAKER,"The whole movement was controlled by him; half the world was ready to rise for him. But there were just five people, perhaps, who would have resisted him... and the old devil put them on the Supreme Council, to waste their time in watching each other. Idiots that we are, he planned the whole of our idiocies! Sunday knew that the Professor would chase Syme through London, and that Syme would fight me in France. And he was combining great masses of capital, and seizing great lines of telegraphy, while we five idiots were running after each other like a lot of confounded babies playing blind man’s buff.",
MWT_T00520,MWT_C00805,Syme,high,high,review,1,Syme,,named_speaker,DIRECT_SPEAKER_SUPPORTED,Well?,
MWT_T00521,MWT_C00806|MWT_C00807,the other,review,review,high,2,the other,,none|role_speaker,DIRECT_SPEAKER_SUPPORTED,"Well, he has found us playing blind man’s buff today in a field of great rustic beauty and extreme solitude. He has probably captured the world; it only remains to him to capture this field and all the fools in it. And since you really want to know what was my objection to the arrival of that train, I will tell you. My objection was that Sunday or his Secretary has just this moment got out of it.","replied the other with sudden serenity,"
MWT_T00522,MWT_C00808|MWT_C00809,Unknown,review,review,high,2,,,none|unresolved_attribution,UNKNOWN_SPEAKER,"It was a habit of the late Marquis de St. Eustache, always to carry a pair of opera glasses. Either the President or the Secretary is coming after us with that mob. They have caught us in a nice quiet place where we are under no temptations to break our oaths by calling the police. Dr. Bull, I have a suspicion that you will see better through these than through your own highly decorative spectacles.","said the new policeman, producing a leather case,"
MWT_T00523,MWT_C00810|MWT_C00811,the Professor,review,review,high,2,the Professor,,none|role_speaker,DIRECT_SPEAKER_SUPPORTED,"It cannot be as bad as you say, There are a good number of them certainly, but they may easily be ordinary tourists.","said the Professor, somewhat shaken."
MWT_T00524,MWT_C00812|MWT_C00813,Unknown,review,review,high,2,,,none|unresolved_attribution,UNKNOWN_SPEAKER,"Do ordinary tourists, wear black masks half-way down the face?","asked Bull, with the fieldglasses to his eyes,"
MWT_T00525,MWT_C00814,the Professor,medium,medium,review,1,,the Professor,pronoun_speaker,PRONOUN_SPEAKER_SUPPORTED,"The President is not with them, anyhow,",
MWT_T00526,MWT_C00815|MWT_C00816,Unknown,review,review,high,2,,,none|unresolved_attribution,UNKNOWN_SPEAKER,"But surely they are right away on the horizon, Could you possibly know your President among all those people?","said the bewildered Colonel, blinking and but half recovered from Bull’s hasty though polite explanation."
MWT_T00527,MWT_C00817,Syme,high,high,review,1,Syme,,named_speaker,DIRECT_SPEAKER_SUPPORTED,Could I know a white elephant among all those people!,
MWT_T00528,MWT_C00818,Unknown,review,review,review,1,,,none,UNKNOWN_SPEAKER,"As you very truly say, they are on the horizon; but if he were walking with them... by God! I believe this ground would shake.",
MWT_T00529,MWT_C00819,Unknown,review,review,review,1,,,none,UNKNOWN_SPEAKER,"Of course the President isn’t with them. I wish to Gemini he were. Much more likely the President is riding in triumph through Paris, or sitting on the ruins of St. Paul’s Cathedral.",
MWT_T00530,MWT_C00820,Syme,high,high,review,1,Syme,,named_speaker,DIRECT_SPEAKER_SUPPORTED,This is absurd!,
MWT_T00531,MWT_C00821|MWT_C00822,Syme,review,review,high,2,,Syme,none|pronoun_speaker,PRONOUN_SPEAKER_SUPPORTED,"Something may have happened in our absence; but he cannot have carried the world with a rush like that. It is quite true, it is certainly true that there seems to be a crowd coming this way; but they are not all the army that you make out.","he added, frowning dubiously at the distant fields that lay towards the little station,"
MWT_T00532,MWT_C00823|MWT_C00824|MWT_C00825,Unknown,review,review,high,3,,,none|unresolved_attribution,UNKNOWN_SPEAKER,"Oh, they, no, they are not a very valuable force. But let me tell you frankly that they are precisely calculated to our value—we are not much, my boy, in Sunday’s universe. He has got hold of all the cables and telegraphs himself. But to kill the Supreme Council he regards as a trivial matter, like a post card; it may be left to his private secretary, There is a great deal to be said for death; but if anyone has any preference for the other alternative, I strongly advise him to walk after me.",said the new detective contemptuously; || and he spat on the grass. Then he turned to the others and said somewhat austerely—
MWT_T00533,MWT_C00826|MWT_C00827,Unknown,review,review,high,2,,,none|pronoun_speaker,UNKNOWN_SPEAKER,"May I ask, where on earth we are all going to?","he said,"
MWT_T00534,MWT_C00828|MWT_C00829,Unknown,review,review,high,2,,,none|pronoun_speaker,UNKNOWN_SPEAKER,"We must get down through the town of Lancy to the sea, I think that part of the country is least likely to be with them.",he said.
MWT_T00535,MWT_C00830,Syme,high,high,review,1,Syme,,named_speaker,DIRECT_SPEAKER_SUPPORTED,What can you mean by all this?,
MWT_T00536,MWT_C00831,Unknown,review,review,review,1,,,none,UNKNOWN_SPEAKER,"They can’t be running the real world in that way. Surely not many working men are anarchists, and surely if they were, mere mobs could not beat modern armies and police.",
MWT_T00537,MWT_C00832,Unknown,review,review,review,1,,,none,UNKNOWN_SPEAKER,Mere mobs!,
MWT_T00538,MWT_C00833,Unknown,review,review,review,1,,,none,UNKNOWN_SPEAKER,"So you talk about mobs and the working classes as if they were the question. You’ve got that eternal idiotic idea that if anarchy came it would come from the poor. Why should it? The poor have been rebels, but they have never been anarchists; they have more interest than anyone else in there being some decent government. The poor man really has a stake in the country. The rich man hasn’t; he can go away to New Guinea in a yacht. The poor have sometimes objected to being governed badly; the rich have always objected to being governed at all. Aristocrats were always anarchists, as you can see from the barons’ wars.",
MWT_T00539,MWT_C00834|MWT_C00835,Syme,review,review,high,2,Syme,,named_speaker|none,DIRECT_SPEAKER_SUPPORTED,"As a lecture on English history for the little ones, this is all very nice; but I have not yet grasped its application.","said Syme,"
MWT_T00540,MWT_C00836|MWT_C00837,Unknown,review,review,high,2,,,none|unresolved_attribution,UNKNOWN_SPEAKER,"Its application is, that most of old Sunday’s right-hand men are South African and American millionaires. That is why he has got hold of all the communications; and that is why the last four champions of the anti-anarchist police force are running through a wood like rabbits.","said his informant,"
MWT_T00541,MWT_C00838|MWT_C00839,Syme,review,review,high,2,Syme,,named_speaker|none,DIRECT_SPEAKER_SUPPORTED,"Millionaires I can understand, they are nearly all mad. But getting hold of a few wicked old gentlemen with hobbies is one thing; getting hold of great Christian nations is another. I would bet the nose off my face (forgive the allusion) that Sunday would stand perfectly helpless before the task of converting any ordinary healthy person anywhere.","said Syme thoughtfully,"
MWT_T00542,MWT_C00840|MWT_C00841,the other,review,review,high,2,the other,,none|role_speaker,DIRECT_SPEAKER_SUPPORTED,"Well, it rather depends what sort of person you mean.","said the other,"
MWT_T00543,MWT_C00842|MWT_C00843,Syme,review,review,high,2,Syme,,named_speaker|none,DIRECT_SPEAKER_SUPPORTED,"Well, for instance, he could never convert that person,","said Syme,"
MWT_T00544,MWT_C00844|MWT_C00845,Unknown,review,review,high,2,,,none|unresolved_attribution,UNKNOWN_SPEAKER,"Mr. Syme is saying, that this man, at least, will never be an anarchist.","called out Ratcliffe to the French Colonel,"
MWT_T00545,MWT_C00846|MWT_C00847,Unknown,review,review,high,2,,,none|unresolved_attribution,UNKNOWN_SPEAKER,"Mr. Syme is right enough there, if only for the reason that he has plenty of property to defend. But I forgot that in your country you are not used to peasants being wealthy.","answered Colonel Ducroix, laughing,"
MWT_T00546,MWT_C00848,Unknown,review,review,review,1,,,unresolved_attribution,UNKNOWN_SPEAKER,"He looks poor,",
MWT_T00547,MWT_C00849|MWT_C00850,the Colonel,review,review,high,2,the Colonel,,none|role_speaker,DIRECT_SPEAKER_SUPPORTED,"Quite so, that is why he is rich.",said the Colonel;
MWT_T00548,MWT_C00851|MWT_C00852,Unknown,review,review,high,2,,,none|unresolved_attribution,UNKNOWN_SPEAKER,"I have an idea, how much would he take to give us a lift in his cart? Those dogs are all on foot, and we could soon leave them behind.",called out Dr. Bull suddenly;
MWT_T00549,MWT_C00853,Syme,high,high,review,1,Syme,,named_speaker,DIRECT_SPEAKER_SUPPORTED,"Oh, give him anything!",
MWT_T00550,MWT_C00854,Unknown,review,review,review,1,,,none,UNKNOWN_SPEAKER,I have piles of money on me.,
MWT_T00551,MWT_C00855|MWT_C00856,the Colonel,review,review,high,2,the Colonel,,none|role_speaker,DIRECT_SPEAKER_SUPPORTED,"That will never do, he will never have any respect for you unless you drive a bargain.",said the Colonel;
MWT_T00552,MWT_C00857,Unknown,review,review,review,1,,,none,UNKNOWN_SPEAKER,"Oh, if he haggles!",
MWT_T00553,MWT_C00858|MWT_C00859,the other,review,review,high,2,the other,,none|role_speaker,DIRECT_SPEAKER_SUPPORTED,"He haggles because he is a free man, You do not understand; he would not see the meaning of generosity. He is not being tipped.",said the other.
MWT_T00554,MWT_C00860|MWT_C00861,the policeman,review,review,high,2,the policeman,,none|role_speaker,DIRECT_SPEAKER_SUPPORTED,"Yes, that’s discipline. That’s Sunday. He is perhaps five hundred miles off, but the fear of him is on all of them, like the finger of God. Yes, they are walking regularly; and you bet your boots that they are talking regularly, yes, and thinking regularly. But the one important thing for us is that they are disappearing regularly.","replied the policeman,"
MWT_T00555,MWT_C00862,Unknown,review,review,review,1,,,none,UNKNOWN_SPEAKER,Le Soleil d’Or.,
MWT_T00556,MWT_C00863|MWT_C00864,Unknown,review,review,high,2,,,none|pronoun_speaker,UNKNOWN_SPEAKER,"May I ask you, Colonel, why we have come here?","he said in a low voice,"
MWT_T00557,MWT_C00865|MWT_C00866,Unknown,review,review,high,2,,,none|pronoun_speaker,UNKNOWN_SPEAKER,"For two reasons, sir, and I will give first, not the most important, but the most utilitarian. We came here because this is the only place within twenty miles in which we can get horses.",he said;
MWT_T00558,MWT_C00867,Unknown,review,review,review,1,,,none,UNKNOWN_SPEAKER,Horses!,
MWT_T00559,MWT_C00868|MWT_C00869,the other,review,review,high,2,the other,,none|role_speaker,DIRECT_SPEAKER_SUPPORTED,"Yes, if you people are really to distance your enemies it is horses or nothing for you, unless of course you have bicycles and motor-cars in your pocket.",replied the other;
MWT_T00560,MWT_C00870,Syme,high,high,review,1,Syme,,named_speaker,DIRECT_SPEAKER_SUPPORTED,And where do you advise us to make for?,
MWT_T00561,MWT_C00871|MWT_C00872|MWT_C00873,the Colonel,review,review,high,3,the Colonel,,none|role_speaker,DIRECT_SPEAKER_SUPPORTED,"Beyond question, you had better make all haste to the police station beyond the town. My friend, whom I seconded under somewhat deceptive circumstances, seems to me to exaggerate very much the possibilities of a general rising; but even he would hardly maintain, I suppose, that you were not safe with the gendarmes. And your other reason for coming here?","replied the Colonel, || Syme nodded gravely; then he said abruptly—"
MWT_T00562,MWT_C00874|MWT_C00875|MWT_C00876|MWT_C00877,Unknown,review,review,high,4,,,none|unresolved_attribution,UNKNOWN_SPEAKER,"My other reason for coming here, is that it is just as well to see a good man or two when one is possibly near to death. You are right, Has anyone seen about the horses?","said Ducroix soberly, || Syme looked up at the wall, and saw a crudely-painted and pathetic religious picture. Then he said— || and then almost immediately afterwards,"
MWT_T00563,MWT_C00878|MWT_C00879,Unknown,review,review,high,2,,,none|unresolved_attribution,UNKNOWN_SPEAKER,"Yes, you may be quite certain that I gave orders the moment I came in. Those enemies of yours gave no impression of hurry, but they were really moving wonderfully fast, like a well-trained army. I had no idea that the anarchists had so much discipline. You have not a moment to waste.","answered Ducroix,"
MWT_T00564,MWT_C00880|MWT_C00881,the Colonel,review,review,high,2,,the Colonel,none|pronoun_speaker,PRONOUN_SPEAKER_SUPPORTED,"Four out of the five rich men in this town, are common swindlers. I suppose the proportion is pretty equal all over the world. The fifth is a friend of mine, and a very fine fellow; and what is even more important from our point of view, he owns a motor-car.","he said,"
MWT_T00565,MWT_C00882,the Professor,high,high,review,1,the Professor,,role_speaker,DIRECT_SPEAKER_SUPPORTED,"I am afraid,",
MWT_T00566,MWT_C00883,Unknown,review,review,review,1,,,none,UNKNOWN_SPEAKER,I am afraid we have hardly time for afternoon calls.,
MWT_T00567,MWT_C00884,the Colonel,high,high,review,1,the Colonel,,role_speaker,DIRECT_SPEAKER_SUPPORTED,"Doctor Renard’s house is only three minutes off,",
MWT_T00568,MWT_C00885|MWT_C00886,Unknown,review,review,high,2,,,none|unresolved_attribution,UNKNOWN_SPEAKER,"Our danger, is not two minutes off.","said Dr. Bull,"
MWT_T00569,MWT_C00887|MWT_C00888,Syme,review,review,high,2,Syme,,named_speaker|none,DIRECT_SPEAKER_SUPPORTED,"Yes, if we ride on fast we must leave them behind, for they are on foot.","said Syme,"
MWT_T00570,MWT_C00889,the Colonel,high,high,review,1,the Colonel,,role_speaker,DIRECT_SPEAKER_SUPPORTED,"He has a motor-car,",
MWT_T00571,MWT_C00890|MWT_C00891,Unknown,review,review,high,2,,,none|unresolved_attribution,UNKNOWN_SPEAKER,"But we may not get it, Yes, he is quite on your side.",said Bull.
MWT_T00572,MWT_C00892,Unknown,review,review,review,1,,,none,UNKNOWN_SPEAKER,But he might be out.,
MWT_T00573,MWT_C00893|MWT_C00894,Syme,review,review,high,2,Syme,,named_speaker|none,DIRECT_SPEAKER_SUPPORTED,"Hold your tongue, What is that noise?",said Syme suddenly.
MWT_T00574,MWT_C00895|MWT_C00896,Syme,review,review,high,2,,Syme,none|pronoun_speaker,PRONOUN_SPEAKER_SUPPORTED,"They have done us, Prepare to receive cavalry!","he said, with brief military irony."
MWT_T00575,MWT_C00897|MWT_C00898,Syme,review,review,high,2,Syme,,named_speaker|none,DIRECT_SPEAKER_SUPPORTED,Where can they have got the horses? I was speaking with strict accuracy when I said that the ‘Soleil d’Or’ was the only place where one can get horses within twenty miles.,"asked Syme, as he mechanically urged his steed to a canter. The Colonel was silent for a little, then he said in a strained voice—"
MWT_T00576,MWT_C00899,Syme,high,high,review,1,Syme,,named_speaker,DIRECT_SPEAKER_SUPPORTED,No!,
MWT_T00577,MWT_C00900,Unknown,review,review,review,1,,,none,UNKNOWN_SPEAKER,I don’t believe he’d do it. Not with all that white hair.,
MWT_T00578,MWT_C00901|MWT_C00902,the Colonel,review,review,high,2,the Colonel,,none|role_speaker,DIRECT_SPEAKER_SUPPORTED,"He may have been forced, They must be at least a hundred strong, for which reason we are all going to see my friend Renard, who has a motor-car.",said the Colonel gently.
MWT_T00579,MWT_C00903|MWT_C00904,the Colonel,review,review,high,2,,the Colonel,none|pronoun_speaker,PRONOUN_SPEAKER_SUPPORTED,"Anarchy, it is childishness!","he said, shrugging his shoulders,"
MWT_T00580,MWT_C00905|MWT_C00906,Unknown,review,review,high,2,,,none|unresolved_attribution,UNKNOWN_SPEAKER,"_Et ça_, and that is childishness, isn’t it?","cried out the Colonel suddenly, pointing over the other’s shoulder,"
MWT_T00581,MWT_C00907|MWT_C00908,the Colonel,review,review,high,2,the Colonel,,none|role_speaker,DIRECT_SPEAKER_SUPPORTED,"I am sorry to cut short a cultured discussion, but can you lend me your motor-car now, in two minutes?","said the Colonel,"
MWT_T00582,MWT_C00909|MWT_C00910,Unknown,review,review,high,2,,,none|unresolved_attribution,UNKNOWN_SPEAKER,"I have a suspicion that you are all mad, but God forbid that madness should in any way interrupt friendship. Let us go round to the garage.","said Dr. Renard, smiling sociably;"
MWT_T00583,MWT_C00911|MWT_C00912,Unknown,review,review,high,2,,,none|unresolved_attribution,UNKNOWN_SPEAKER,"It is now or never, I hear horses.",said Dr. Bull.
MWT_T00584,MWT_C00913|MWT_C00914,Unknown,review,review,high,2,,,none,UNKNOWN_SPEAKER,"No, a horse.","corrected the Professor,"
MWT_T00585,MWT_C00915,Unknown,review,review,review,1,,,none,UNKNOWN_SPEAKER,I am afraid it’s no go.,
MWT_T00586,MWT_C00916,the Professor,high,high,review,1,the Professor,,role_speaker,DIRECT_SPEAKER_SUPPORTED,"I can’t understand why it has grown so dark,",
MWT_T00587,MWT_C00917|MWT_C00918,Unknown,review,review,high,2,,,none|unresolved_attribution,UNKNOWN_SPEAKER,"Going to be a storm, I think, I say, it’s a pity we haven’t got a light on this car, if only to see by.",said Dr. Bull.
MWT_T00588,MWT_C00919,the Colonel,high,high,review,1,the Colonel,,role_speaker,DIRECT_SPEAKER_SUPPORTED,"We have,",
MWT_T00589,MWT_C00920,the Professor,high,high,review,1,the Professor,,role_speaker,DIRECT_SPEAKER_SUPPORTED,Where on earth did you get that?,
MWT_T00590,MWT_C00921|MWT_C00922,the Colonel,review,review,high,2,the Colonel,,none|role_speaker,DIRECT_SPEAKER_SUPPORTED,"I got it where I got the car, from my best friend. While our friend here was fighting with the steering wheel, I ran up the front steps of the house and spoke to Renard, who was standing in his own porch, you will remember. ‘I suppose,’ I said, ‘there’s no time to get a lamp.’ He looked up, blinking amiably at the beautiful arched ceiling of his own front hall. From this was suspended, by chains of exquisite ironwork, this lantern, one of the hundred treasures of his treasure house. By sheer force he tore the lamp out of his own ceiling, shattering the painted panels, and bringing down two blue vases with his violence. Then he handed me the iron lantern, and I put it in the car. Was I not right when I said that Dr. Renard was worth knowing?","answered the Colonel, chuckling,"
MWT_T00591,MWT_C00923,Syme,high,high,review,1,Syme,,named_speaker,DIRECT_SPEAKER_SUPPORTED,"You were,",
MWT_T00592,MWT_C00924,Unknown,review,review,review,1,,,none,UNKNOWN_SPEAKER,These lights make one feel more cheerful.,
MWT_T00593,MWT_C00925|MWT_C00926,Syme,review,review,high,2,,Syme,none|pronoun_speaker,PRONOUN_SPEAKER_SUPPORTED,"There is only one set of lights that make me more cheerful, and they are those lights of the police station which I can see beyond the town. Please God we may be there in ten minutes.","he said,"
MWT_T00594,MWT_C00927,Syme,medium,medium,review,1,,Syme,pronoun_speaker,PRONOUN_SPEAKER_SUPPORTED,"Oh, this is all raving nonsense!",
MWT_T00595,MWT_C00928,Unknown,review,review,review,1,,,none,UNKNOWN_SPEAKER,"If you really think that ordinary people in ordinary houses are anarchists, you must be madder than an anarchist yourself. If we turned and fought these fellows, the whole town would fight for us.",
MWT_T00596,MWT_C00929|MWT_C00930,the other,review,review,high,2,the other,,none|role_speaker,DIRECT_SPEAKER_SUPPORTED,"No, the whole town would fight for them. We shall see.","said the other with an immovable simplicity,"
MWT_T00597,MWT_C00931,the other,medium,medium,review,1,,the other,pronoun_speaker,PRONOUN_SPEAKER_SUPPORTED,What is that noise?,
MWT_T00598,MWT_C00932|MWT_C00933,the Colonel,review,review,high,2,the Colonel,,none|role_speaker,DIRECT_SPEAKER_SUPPORTED,"Oh, the horses behind us, I suppose, I thought we had got clear of them.",said the Colonel.
MWT_T00599,MWT_C00934|MWT_C00935,the Professor,review,review,high,2,the Professor,,none|role_speaker,DIRECT_SPEAKER_SUPPORTED,"The horses behind us! No, it is not horses, and it is not behind us.","said the Professor,"
MWT_T00600,MWT_C00936|MWT_C00937,Unknown,review,review,high,2,,,none,UNKNOWN_SPEAKER,"I tell you they were his, and they were full of men in masks!","he repeated, with wild eyes,"
MWT_T00601,MWT_C00938,the Colonel,high,high,review,1,the Colonel,,role_speaker,DIRECT_SPEAKER_SUPPORTED,Absurd!,
MWT_T00602,MWT_C00939,Unknown,review,review,review,1,,,none,UNKNOWN_SPEAKER,Dr. Renard would never give them his cars.,
MWT_T00603,MWT_C00940|MWT_C00941,Unknown,review,review,high,2,,,none|unresolved_attribution,UNKNOWN_SPEAKER,"He may have been forced, The whole town is on their side.",said Ratcliffe quietly.
MWT_T00604,MWT_C00942,the Colonel,high,high,review,1,the Colonel,,role_speaker,DIRECT_SPEAKER_SUPPORTED,"You still believe that,",
MWT_T00605,MWT_C00943,the other,high,high,review,1,the other,,role_speaker,DIRECT_SPEAKER_SUPPORTED,"You will all believe it soon,",
MWT_T00606,MWT_C00944,Unknown,review,review,review,1,,,none,UNKNOWN_SPEAKER,"No, I can’t believe it. The thing is nonsense. The plain people of a peaceable French town—",
MWT_T00607,MWT_C00945|MWT_C00946,the Colonel,review,review,high,2,the Colonel,,none|role_speaker,DIRECT_SPEAKER_SUPPORTED,My God! someone has shot at us.,"said the Colonel,"
MWT_T00608,MWT_C00947|MWT_C00948,Unknown,review,review,high,2,,,none|unresolved_attribution,UNKNOWN_SPEAKER,"It need not interrupt conversation, Pray resume your remarks, Colonel. You were talking, I think, about the plain people of a peaceable French town.",said the gloomy Ratcliffe.
MWT_T00609,MWT_C00949|MWT_C00950,the Colonel,review,review,high,2,,the Colonel,none|pronoun_speaker,PRONOUN_SPEAKER_SUPPORTED,"It is extraordinary, most extraordinary.","he said,"
MWT_T00610,MWT_C00951|MWT_C00952,Syme,review,review,high,2,Syme,,named_speaker|none,DIRECT_SPEAKER_SUPPORTED,"A fastidious person, might even call it unpleasant. However, I suppose those lights out in the field beyond this street are the Gendarmerie. We shall soon get there.","said Syme,"
MWT_T00611,MWT_C00953|MWT_C00954,Unknown,review,review,high,2,,,none|unresolved_attribution,UNKNOWN_SPEAKER,"No, we shall never get there.","said Inspector Ratcliffe,"
MWT_T00612,MWT_C00955,Unknown,review,review,review,1,,,unresolved_attribution,UNKNOWN_SPEAKER,What do you mean?,
MWT_T00613,MWT_C00956|MWT_C00957,Unknown,review,review,high,2,,,none|unresolved_attribution,UNKNOWN_SPEAKER,"I mean that we shall never get there, They have two rows of armed men across the road already; I can see them from here. The town is in arms, as I said it was. I can only wallow in the exquisite comfort of my own exactitude.",said the pessimist placidly.
MWT_T00614,MWT_C00958,Unknown,review,review,review,1,,,none,UNKNOWN_SPEAKER,It is quite true. There is a crowd or an army or some such thing across the end of that street.,
MWT_T00615,MWT_C00959|MWT_C00960,Unknown,review,review,high,2,,,none|unresolved_attribution,UNKNOWN_SPEAKER,"Well, if there is, it must be something else—a sham fight or the mayor’s birthday or something. I cannot and will not believe that plain, jolly people in a place like this walk about with dynamite in their pockets. Get on a bit, Syme, and let us look at them.","said Bull impatiently,"
MWT_T00616,MWT_C00961|MWT_C00962,Unknown,review,review,high,2,,,none|pronoun_speaker,UNKNOWN_SPEAKER,"Why, you silly mugs! what did I tell you. That crowd’s as law-abiding as a cow, and if it weren’t, it’s on our side.","he cried,"
MWT_T00617,MWT_C00963,the professor,high,high,review,1,the professor,,role_speaker,DIRECT_SPEAKER_SUPPORTED,How do you know?,
MWT_T00618,MWT_C00964|MWT_C00965,Unknown,review,review,high,2,,,none|unresolved_attribution,UNKNOWN_SPEAKER,"You blind bat, don’t you see who is leading them?","cried Bull,"
MWT_T00619,MWT_C00966,Unknown,review,review,review,1,,,none,UNKNOWN_SPEAKER,"Why, it’s Renard!",
MWT_T00620,MWT_C00967,the Colonel,high,high,review,1,the Colonel,,role_speaker,DIRECT_SPEAKER_SUPPORTED,What a fool I’ve been!,
MWT_T00621,MWT_C00968,Unknown,review,review,review,1,,,none,UNKNOWN_SPEAKER,"Of course, the dear old boy has turned out to help us.",
MWT_T00622,MWT_C00969,Unknown,review,review,review,1,,,none,UNKNOWN_SPEAKER,Dr. Renard! Dr. Renard!,
MWT_T00623,MWT_C00970|MWT_C00971,Unknown,review,review,high,2,,,none|unresolved_attribution,UNKNOWN_SPEAKER,"Well, what do you think now?","said the cigarette smoker slowly,"
MWT_T00624,MWT_C00972|MWT_C00973,Unknown,review,review,high,2,,,none|unresolved_attribution,UNKNOWN_SPEAKER,"I think, that I am lying in bed at No. 217 Peabody Buildings, and that I shall soon wake up with a jump; or, if that’s not it, I think that I am sitting in a small cushioned cell in Hanwell, and that the doctor can’t make much of my case. But if you want to know what I don’t think, I’ll tell you. I don’t think what you think. I don’t think, and I never shall think, that the mass of ordinary men are a pack of dirty modern thinkers. No, sir, I’m a democrat, and I still don’t believe that Sunday could convert one average navvy or counter-jumper. No, I may be mad, but humanity isn’t.","said Dr. Bull with precision,"
MWT_T00625,MWT_C00974|MWT_C00975,the Colonel,review,review,high,2,,the Colonel,none|pronoun_speaker,PRONOUN_SPEAKER_SUPPORTED,"You are a very fine fellow, You can believe in a sanity which is not merely your sanity. And you’re right enough about humanity, about peasants and people like that jolly old innkeeper. But you’re not right about Renard. I suspected him from the first. He’s rationalistic, and, what’s worse, he’s rich. When duty and religion are really destroyed, it will be by the rich.",he said.
MWT_T00626,MWT_C00976|MWT_C00977,the man,review,review,high,2,the man,,none|role_speaker,DIRECT_SPEAKER_SUPPORTED,"They are really destroyed now, The devils are coming on!","said the man with a cigarette, and rose with his hands in his pockets."
MWT_T00627,MWT_C00978|MWT_C00979,the man,review,review,high,2,,the man,none|pronoun_speaker,PRONOUN_SPEAKER_SUPPORTED,"Gentlemen, the thing is incredible. It must be a practical joke. If you knew Renard as I do—it’s like calling Queen Victoria a dynamiter. If you had got the man’s character into your head—","he cried,"
MWT_T00628,MWT_C00980|MWT_C00981,Syme,review,review,high,2,Syme,,named_speaker|none,DIRECT_SPEAKER_SUPPORTED,"Dr. Bull, has at least got it into his hat.","said Syme sardonically,"
MWT_T00629,MWT_C00982,the Colonel,high,high,review,1,the Colonel,,role_speaker,DIRECT_SPEAKER_SUPPORTED,I tell you it can’t be!,
MWT_T00630,MWT_C00983|MWT_C00984|MWT_C00985,Unknown,review,review,high,3,,,none,UNKNOWN_SPEAKER,"Renard shall explain it. He shall explain it to me, Don’t be in such a hurry, He will very soon explain it to all of us.",and he strode forward. || drawled the smoker.
MWT_T00631,MWT_C00986|MWT_C00987,Syme,review,review,high,2,Syme,,named_speaker|none,DIRECT_SPEAKER_SUPPORTED,"It is no good, He will never get anything out of that old heathen. I vote we drive bang through the thick of them, bang as the bullets went through Bull’s hat. We may all be killed, but we must kill a tidy number of them.",said Syme.
MWT_T00632,MWT_C00988|MWT_C00989,Unknown,review,review,high,2,,,none|unresolved_attribution,UNKNOWN_SPEAKER,"I won’t ’ave it, The poor chaps may be making a mistake. Give the Colonel a chance.","said Dr. Bull, growing more vulgar in the sincerity of his virtue."
MWT_T00633,MWT_C00990,the Professor,high,high,review,1,the Professor,,role_speaker,DIRECT_SPEAKER_SUPPORTED,"Shall we go back, then?",
MWT_T00634,MWT_C00991|MWT_C00992,Unknown,review,review,high,2,,,none|unresolved_attribution,UNKNOWN_SPEAKER,"No, the street behind us is held too. In fact, I seem to see there another friend of yours, Syme.","said Ratcliffe in a cold voice,"
MWT_T00635,MWT_C00993,the Professor,high,high,review,1,the Professor,,role_speaker,DIRECT_SPEAKER_SUPPORTED,What the devil is up?,
MWT_T00636,MWT_C00994,Syme,high,high,review,1,Syme,,named_speaker,DIRECT_SPEAKER_SUPPORTED,The morning star has fallen!,
MWT_T00637,MWT_C00995,the Professor,high,high,review,1,the Professor,,role_speaker,DIRECT_SPEAKER_SUPPORTED,The world is insane!,
MWT_T00638,MWT_C00996|MWT_C00997,Unknown,review,review,high,2,,,none|unresolved_attribution,UNKNOWN_SPEAKER,"No, it is I.","said Dr. Bull in adamantine humility,"
MWT_T00639,MWT_C00998,the Professor,high,high,review,1,the Professor,,role_speaker,DIRECT_SPEAKER_SUPPORTED,What are we going to do?,
MWT_T00640,MWT_C00999|MWT_C01000,Syme,review,review,high,2,Syme,,named_speaker|none,DIRECT_SPEAKER_SUPPORTED,"At this moment, I think we are going to smash into a lamppost.","said Syme, with a scientific detachment,"
MWT_T00641,MWT_C01001|MWT_C01002,the Professor,review,review,high,2,the Professor,,none|role_speaker,DIRECT_SPEAKER_SUPPORTED,"Well, we smashed something, That’s some comfort.","said the Professor, with a faint smile."
MWT_T00642,MWT_C01003,Syme,high,high,review,1,Syme,,named_speaker,DIRECT_SPEAKER_SUPPORTED,"You’re becoming an anarchist,",
MWT_T00643,MWT_C01004,Unknown,review,review,review,1,,,unresolved_attribution,UNKNOWN_SPEAKER,"Everyone is,",
MWT_T00644,MWT_C01005|MWT_C01006,Syme,review,review,high,2,Syme,,named_speaker|none,DIRECT_SPEAKER_SUPPORTED,"We have one more chance, Whatever all this pandemonium means, I suppose the police station will help us. We can’t get there, for they hold the way. But there’s a pier or breakwater runs out into the sea just here, which we could defend longer than anything else, like Horatius and his bridge. We must defend it till the Gendarmerie turn out. Keep after me.","said Syme, taking the steel out of his mouth."
MWT_T00645,MWT_C01007,Syme,high,high,review,1,Syme,,named_speaker,DIRECT_SPEAKER_SUPPORTED,The peasant!,
MWT_T00646,MWT_C01008,Unknown,review,review,review,1,,,none,UNKNOWN_SPEAKER,They have not risen since the Middle Ages.,
MWT_T00647,MWT_C01009|MWT_C01010,the Professor,review,review,high,2,the Professor,,none|role_speaker,DIRECT_SPEAKER_SUPPORTED,"Even if the police do come now, they can do nothing with this mob.","said the Professor mournfully,"
MWT_T00648,MWT_C01011|MWT_C01012,Unknown,review,review,high,2,,,none|unresolved_attribution,UNKNOWN_SPEAKER,Nonsense! there must be some people left in the town who are human.,said Bull desperately;
MWT_T00649,MWT_C01013|MWT_C01014,Unknown,review,review,high,2,,,none|unresolved_attribution,UNKNOWN_SPEAKER,"No, the human being will soon be extinct. We are the last of mankind.","said the hopeless Inspector,"
MWT_T00650,MWT_C01015|MWT_C01016,the Professor,review,review,high,2,the Professor,,none|role_speaker,DIRECT_SPEAKER_SUPPORTED,"It may be, What is all that at the end of the ‘Dunciad’? ‘Nor public flame; nor private, dares to shine; Nor human light is left, nor glimpse divine! Lo! thy dread Empire, Chaos, is restored; Light dies before thine uncreating word: Thy hand, great Anarch, lets the curtain fall; And universal darkness buries all.’","said the Professor absently. Then he added in his dreamy voice,"
MWT_T00651,MWT_C01017|MWT_C01018,Unknown,review,review,high,2,,,none|unresolved_attribution,UNKNOWN_SPEAKER,Stop! the gendarmes are out.,"cried Bull suddenly,"
MWT_T00652,MWT_C01019,Unknown,review,review,review,1,,,unresolved_attribution,UNKNOWN_SPEAKER,They are charging the mob!,
MWT_T00653,MWT_C01020|MWT_C01021,Syme,review,review,high,2,Syme,,named_speaker|none,DIRECT_SPEAKER_SUPPORTED,"No, they are formed along the parade.","said Syme,"
MWT_T00654,MWT_C01022,Unknown,review,review,review,1,,,unresolved_attribution,UNKNOWN_SPEAKER,"They have unslung their carbines,",
MWT_T00655,MWT_C01023|MWT_C01024,Unknown,review,review,high,2,,,none|unresolved_attribution,UNKNOWN_SPEAKER,"Yes, and they are going to fire on us.","said Ratcliffe,"
MWT_T00656,MWT_C01025,the Professor,high,high,review,1,the Professor,,role_speaker,DIRECT_SPEAKER_SUPPORTED,The gendarmes have joined them!,
MWT_T00657,MWT_C01026,Unknown,review,review,review,1,,,unresolved_attribution,UNKNOWN_SPEAKER,"I am in the padded cell,",
MWT_T00658,MWT_C01027,Unknown,review,review,review,1,,,none,UNKNOWN_SPEAKER,What does it matter who is mad or who is sane? We shall all be dead soon.,
MWT_T00659,MWT_C01028,Unknown,review,review,review,1,,,none,UNKNOWN_SPEAKER,"You are quite hopeless, then?",
MWT_T00660,MWT_C01029,Unknown,review,review,review,1,,,none,UNKNOWN_SPEAKER,"No; oddly enough I am not quite hopeless. There is one insane little hope that I cannot get out of my mind. The power of this whole planet is against us, yet I cannot help wondering whether this one silly little hope is hopeless yet.",
MWT_T00661,MWT_C01030,Syme,high,high,review,1,Syme,,named_speaker,DIRECT_SPEAKER_SUPPORTED,In what or whom is your hope?,
MWT_T00662,MWT_C01031,the other,high,high,review,1,the other,,role_speaker,DIRECT_SPEAKER_SUPPORTED,"In a man I never saw,",
MWT_T00663,MWT_C01032|MWT_C01033,Syme,review,review,high,2,Syme,,named_speaker|none,DIRECT_SPEAKER_SUPPORTED,"I know what you mean, the man in the dark room. But Sunday must have killed him by now.","said Syme in a low voice,"
MWT_T00664,MWT_C01034|MWT_C01035,the other,review,review,high,2,the other,,none|role_speaker,DIRECT_SPEAKER_SUPPORTED,"Perhaps, but if so, he was the only man whom Sunday found it hard to kill.",said the other steadily;
MWT_T00665,MWT_C01036|MWT_C01037,the Professor,review,review,high,2,the Professor,,none|role_speaker,DIRECT_SPEAKER_SUPPORTED,"I heard what you said, I also am holding hard on to the thing I never saw.","said the Professor, with his back turned."
MWT_T00666,MWT_C01038,Unknown,review,review,review,1,,,none,UNKNOWN_SPEAKER,Where is the Colonel? I thought he was with us!,
MWT_T00667,MWT_C01039|MWT_C01040,Unknown,review,review,high,2,,,none|unresolved_attribution,UNKNOWN_SPEAKER,"The Colonel! Yes, where on earth is the Colonel?","cried Bull,"
MWT_T00668,MWT_C01041,the Professor,high,high,review,1,the Professor,,role_speaker,DIRECT_SPEAKER_SUPPORTED,"He went to speak to Renard,",
MWT_T00669,MWT_C01042|MWT_C01043,Syme,review,review,high,2,Syme,,named_speaker|none,DIRECT_SPEAKER_SUPPORTED,"We cannot leave him among all those beasts, Let us die like gentlemen if—",cried Syme.
MWT_T00670,MWT_C01044|MWT_C01045,Unknown,review,review,high,2,,,none|unresolved_attribution,UNKNOWN_SPEAKER,"Do not pity the Colonel, He is extremely comfortable. He is—","said Ratcliffe, with a pale sneer."
MWT_T00671,MWT_C01046|MWT_C01047,Syme,review,review,high,2,Syme,,named_speaker|none,DIRECT_SPEAKER_SUPPORTED,No! no! no! not the Colonel too! I will never believe it!,"cried Syme in a kind of frenzy,"
MWT_T00672,MWT_C01048,the other,high,high,review,1,the other,,role_speaker,DIRECT_SPEAKER_SUPPORTED,Will you believe your eyes?,
MWT_T00673,MWT_C01049|MWT_C01050,the Professor,review,review,high,2,the Professor,,none|role_speaker,DIRECT_SPEAKER_SUPPORTED,"Yes, he is gone too, Everything’s gone. I’m gone! I can’t trust my own bodily machinery. I feel as if my own hand might fly up and strike me.","said the Professor, and sat down on a stone."
MWT_T00674,MWT_C01051|MWT_C01052,Syme,review,review,high,2,Syme,,named_speaker|none,DIRECT_SPEAKER_SUPPORTED,"When my hand flies up, it will strike somebody else,","said Syme,"
MWT_T00675,MWT_C01053,Syme,medium,medium,review,1,,Syme,pronoun_speaker,PRONOUN_SPEAKER_SUPPORTED,Judas before Herod!,
MWT_T00676,MWT_C01054,Syme,high,high,review,1,Syme,,named_speaker,DIRECT_SPEAKER_SUPPORTED,Do you see this lantern?,
MWT_T00677,MWT_C01055,Unknown,review,review,review,1,,,none,UNKNOWN_SPEAKER,"Do you see the cross carved on it, and the flame inside? You did not make it. You did not light it. Better men than you, men who could believe and obey, twisted the entrails of iron and preserved the legend of fire. There is not a street you walk on, there is not a thread you wear, that was not made as this lantern was, by denying your philosophy of dirt and rats. You can make nothing. You can only destroy. You will destroy mankind; you will destroy the world. Let that suffice you. Yet this one old Christian lantern you shall not destroy. It shall go where your empire of apes will never have the wit to find it.",
MWT_T00678,MWT_C01056,Syme,high,high,review,1,Syme,,named_speaker,DIRECT_SPEAKER_SUPPORTED,Swords!,
MWT_T00679,MWT_C01057,Unknown,review,review,review,1,,,none,UNKNOWN_SPEAKER,"Let us charge these dogs, for our time has come to die.",
MWT_T00680,MWT_C01058|MWT_C01059,Syme,review,review,high,2,,Syme,none|pronoun_speaker,PRONOUN_SPEAKER_SUPPORTED,"There is some mistake, Mr. Syme, I hardly think you understand your position. I arrest you in the name of the law.",he said.
MWT_T00681,MWT_C01060,Syme,high,high,review,1,Syme,,named_speaker,DIRECT_SPEAKER_SUPPORTED,Of the law?,
MWT_T00682,MWT_C01061,the Secretary,high,high,review,1,the Secretary,,role_speaker,DIRECT_SPEAKER_SUPPORTED,Certainly!,
MWT_T00683,MWT_C01062,Unknown,review,review,review,1,,,none,UNKNOWN_SPEAKER,"I am a detective from Scotland Yard,",
MWT_T00684,MWT_C01063,the Professor,high,high,review,1,the Professor,,role_speaker,DIRECT_SPEAKER_SUPPORTED,And what do you suppose we are?,
MWT_T00685,MWT_C01064|MWT_C01065,the Secretary,review,review,high,2,the Secretary,,none|role_speaker,DIRECT_SPEAKER_SUPPORTED,"You, are, as I know for a fact, members of the Supreme Anarchist Council. Disguised as one of you, I—","said the Secretary stiffly,"
MWT_T00686,MWT_C01066,the Secretary,medium,medium,review,1,,the Secretary,pronoun_speaker,PRONOUN_SPEAKER_SUPPORTED,"There never was any Supreme Anarchist Council,",
MWT_T00687,MWT_C01067|MWT_C01068,the Secretary,review,review,high,2,,the Secretary,none|pronoun_speaker,PRONOUN_SPEAKER_SUPPORTED,"We were all a lot of silly policemen looking at each other. And all these nice people who have been peppering us with shot thought we were the dynamiters. I knew I couldn’t be wrong about the mob, Vulgar people are never mad. I’m vulgar myself, and I know. I am now going on shore to stand a drink to everybody here.","he said, beaming over the enormous multitude, which stretched away to the distance on both sides."
MWT_T00688,MWT_C01069|MWT_C01070,the Secretary,review,review,high,2,,the Secretary,none|pronoun_speaker,PRONOUN_SPEAKER_SUPPORTED,"I can’t make head or tail of old Sunday’s little game any more than you can, But whatever else Sunday is, he isn’t a blameless citizen. Damn it! do you remember his face?",he said.
MWT_T00689,MWT_C01071|MWT_C01072,Syme,review,review,high,2,Syme,,named_speaker|none,DIRECT_SPEAKER_SUPPORTED,"I grant you, that I have never been able to forget it.","answered Syme,"
MWT_T00690,MWT_C01073,the Secretary,high,high,review,1,the Secretary,,role_speaker,DIRECT_SPEAKER_SUPPORTED,"Well,",
MWT_T00691,MWT_C01074|MWT_C01075,the Secretary,review,review,high,2,,the Secretary,none|pronoun_speaker,PRONOUN_SPEAKER_SUPPORTED,"I suppose we can find out soon, for tomorrow we have our next general meeting. You will excuse me, for being well acquainted with my secretarial duties.","he said, with a rather ghastly smile,"
MWT_T00692,MWT_C01076|MWT_C01077,the Professor,review,review,high,2,the Professor,,none|role_speaker,DIRECT_SPEAKER_SUPPORTED,"I suppose you are right, I suppose we might find it out from him; but I confess that I should feel a bit afraid of asking Sunday who he really is.",said the Professor reflectively.
MWT_T00693,MWT_C01078|MWT_C01079,the Secretary,review,review,high,2,the Secretary,,none|role_speaker,DIRECT_SPEAKER_SUPPORTED,"Why, for fear of bombs?","asked the Secretary,"
MWT_T00694,MWT_C01080|MWT_C01081,the Professor,review,review,high,2,the Professor,,none|role_speaker,DIRECT_SPEAKER_SUPPORTED,"No, for fear he might tell me.","said the Professor,"
MWT_T00695,MWT_C01082,Unknown,review,review,review,1,,,unresolved_attribution,UNKNOWN_SPEAKER,"Let us have some drinks,",
MWT_T00696,MWT_C01083,Unknown,review,review,review,1,,,unresolved_attribution,UNKNOWN_SPEAKER,I tell you I’ve seen him!,
MWT_T00697,MWT_C01084,Syme,high,high,review,1,Syme,,named_speaker,DIRECT_SPEAKER_SUPPORTED,Whom?,
MWT_T00698,MWT_C01085,Unknown,review,review,review,1,,,none,UNKNOWN_SPEAKER,Not the President?,
MWT_T00699,MWT_C01086|MWT_C01087,Unknown,review,review,high,2,,,none|unresolved_attribution,UNKNOWN_SPEAKER,"Not so bad as that, not so bad as that. I’ve got him here.","said Dr. Bull, with unnecessary laughter,"
MWT_T00700,MWT_C01088,Syme,high,high,review,1,Syme,,named_speaker,DIRECT_SPEAKER_SUPPORTED,Got whom here?,
MWT_T00701,MWT_C01089|MWT_C01090,the other,review,review,high,2,the other,,none|role_speaker,DIRECT_SPEAKER_SUPPORTED,"Hairy man, man that used to be hairy man—Gogol. Here he is,","said the other lucidly,"
MWT_T00702,MWT_C01091,the other,medium,medium,review,1,,the other,pronoun_speaker,PRONOUN_SPEAKER_SUPPORTED,Why do you worry with me?,
MWT_T00703,MWT_C01092,Unknown,review,review,review,1,,,none,UNKNOWN_SPEAKER,You have expelled me as a spy.,
MWT_T00704,MWT_C01093,Syme,high,high,review,1,Syme,,named_speaker,DIRECT_SPEAKER_SUPPORTED,We are all spies!,
MWT_T00705,MWT_C01094,Unknown,review,review,review,1,,,unresolved_attribution,UNKNOWN_SPEAKER,We’re all spies!,
MWT_T00706,MWT_C01095,Unknown,review,review,review,1,,,none,UNKNOWN_SPEAKER,Come and have a drink.,
MWT_T00707,MWT_C01096|MWT_C01097,Unknown,review,review,high,2,,,none|unresolved_attribution,UNKNOWN_SPEAKER,"This is more cheerful, we are six men going to ask one man what he means.",said Dr. Bull;
MWT_T00708,MWT_C01098|MWT_C01099,Syme,review,review,high,2,Syme,,named_speaker|none,DIRECT_SPEAKER_SUPPORTED,"I think it is a bit queerer than that, I think it is six men going to ask one man what they mean.",said Syme.
MWT_T00709,MWT_C01100|MWT_C01101,Syme,review,review,high,2,Syme,,named_speaker|none,DIRECT_SPEAKER_SUPPORTED,"My reason is quite simple, I attack him rashly because I am afraid of him.",said Syme.
MWT_T00710,MWT_C01102,Syme,medium,medium,review,1,,Syme,pronoun_speaker,PRONOUN_SPEAKER_SUPPORTED,Delightful!,
MWT_T00711,MWT_C01103,Unknown,review,review,review,1,,,none,UNKNOWN_SPEAKER,So pleased to see you all. What an exquisite day it is. Is the Czar dead?,
MWT_T00712,MWT_C01104|MWT_C01105,Syme,review,review,high,2,,Syme,none|pronoun_speaker,PRONOUN_SPEAKER_SUPPORTED,"No, sir, there has been no massacre. I bring you news of no such disgusting spectacles.",he said sternly
MWT_T00713,MWT_C01106,Unknown,review,review,review,1,,,none,UNKNOWN_SPEAKER,Disgusting spectacles?,
MWT_T00714,MWT_C01107|MWT_C01108,Unknown,review,review,high,2,,,none,UNKNOWN_SPEAKER,"You mean Dr. Bull’s spectacles? Of course, we all have our opinions and even our eyes, but really to call them disgusting before the man himself—","The Secretary choked for a moment, and the President went on with a sort of smooth appeal—"
MWT_T00715,MWT_C01109|MWT_C01110,Syme,review,review,high,2,,Syme,none|pronoun_speaker,PRONOUN_SPEAKER_SUPPORTED,"My spectacles are blackguardly, but I’m not. Look at my face.","he said,"
MWT_T00716,MWT_C01111|MWT_C01112,the President,review,review,high,2,the President,,none|role_speaker,DIRECT_SPEAKER_SUPPORTED,"I dare say it’s the sort of face that grows on one, in fact, it grows on you; and who am I to quarrel with the wild fruits upon the Tree of Life? I dare say it will grow on me some day.","said the President,"
MWT_T00717,MWT_C01113|MWT_C01114,the Secretary,review,review,high,2,the Secretary,,none|role_speaker,DIRECT_SPEAKER_SUPPORTED,"We have no time for tomfoolery, We have come to know what all this means. Who are you? What are you? Why did you get us all here? Do you know who and what we are? Are you a half-witted man playing the conspirator, or are you a clever man playing the fool? Answer me, I tell you.","said the Secretary, breaking in savagely."
MWT_T00718,MWT_C01115|MWT_C01116,Unknown,review,review,high,2,,,none|unresolved_attribution,UNKNOWN_SPEAKER,"Candidates, are only required to answer eight out of the seventeen questions on the paper. As far as I can make out, you want me to tell you what I am, and what you are, and what this table is, and what this Council is, and what this world is for all I know. Well, I will go so far as to rend the veil of one mystery. If you want to know what you are, you are a set of highly well-intentioned young jackasses.","murmured Sunday,"
MWT_T00719,MWT_C01117|MWT_C01118,Syme,review,review,high,2,Syme,,named_speaker|none,DIRECT_SPEAKER_SUPPORTED,"And you, what are you?","said Syme, leaning forward,"
MWT_T00720,MWT_C01119,Unknown,review,review,review,1,,,none,UNKNOWN_SPEAKER,I? What am I?,
MWT_T00721,MWT_C01120,Unknown,review,review,review,1,,,none,UNKNOWN_SPEAKER,"You want to know what I am, do you? Bull, you are a man of science. Grub in the roots of those trees and find out the truth about them. Syme, you are a poet. Stare at those morning clouds. But I tell you this, that you will have found out the truth of the last tree and the top-most cloud before the truth about me. You will understand the sea, and I shall be still a riddle; you shall know what the stars are, and not know what I am. Since the beginning of the world all men have hunted me like a wolf—kings and sages, and poets and lawgivers, all the churches, and all the philosophies. But I have never been caught yet, and the skies will fall in the time I turn to bay. I have given them a good run for their money, and I will now.",
MWT_T00722,MWT_C01121,Unknown,review,review,review,1,,,none,UNKNOWN_SPEAKER,"There’s one thing I’ll tell you though about who I am. I am the man in the dark room, who made you all policemen.",
MWT_T00723,MWT_C01122,Unknown,review,review,review,1,,,none,UNKNOWN_SPEAKER,Stop thief!,
MWT_T00724,MWT_C01123,Unknown,review,review,review,1,,,none,UNKNOWN_SPEAKER,What about Martin Tupper _now?_,
MWT_T00725,MWT_C01124,Unknown,review,review,review,1,,,unresolved_attribution,UNKNOWN_SPEAKER,What does the old maniac mean?,
MWT_T00726,MWT_C01125,Unknown,review,review,review,1,,,none,UNKNOWN_SPEAKER,"What does yours say, Syme?",
MWT_T00727,MWT_C01126,Unknown,review,review,review,1,,,none,UNKNOWN_SPEAKER,"No one would regret anything in the nature of an interference by the Archdeacon more than I. I trust it will not come to that. But, for the last time, where are your goloshes? The thing is too bad, especially after what uncle said.",
MWT_T00728,MWT_C01127,Unknown,review,review,review,1,,,none,UNKNOWN_SPEAKER,After him!,
MWT_T00729,MWT_C01128,Unknown,review,review,review,1,,,none,UNKNOWN_SPEAKER,He can’t go astray now. There’s no mistaking a fire-engine.,
MWT_T00730,MWT_C01129,Unknown,review,review,review,1,,,none,UNKNOWN_SPEAKER,Fly at once. The truth about your trouser-stretchers is known.—A FRIEND.,
MWT_T00731,MWT_C01130,Unknown,review,review,review,1,,,pronoun_speaker,UNKNOWN_SPEAKER,What place can this be?,
MWT_T00732,MWT_C01131,Unknown,review,review,review,1,,,none,UNKNOWN_SPEAKER,Can it be the old devil’s house? I’ve heard he has a house in North London.,
MWT_T00733,MWT_C01132|MWT_C01133,the Secretary,review,review,high,2,the Secretary,,none|role_speaker,DIRECT_SPEAKER_SUPPORTED,"All the better, we shall find him at home.","said the Secretary grimly, planting a foot in a foothold,"
MWT_T00734,MWT_C01134|MWT_C01135,Syme,review,review,high,2,Syme,,named_speaker|none,DIRECT_SPEAKER_SUPPORTED,"No, but it isn’t that, I hear the most horrible noises, like devils laughing and sneezing and blowing their devilish noses!","said Syme, knitting his brows."
MWT_T00735,MWT_C01136,the Secretary,high,high,review,1,the Secretary,,role_speaker,DIRECT_SPEAKER_SUPPORTED,"His dogs barking, of course,",
MWT_T00736,MWT_C01137|MWT_C01138,Syme,review,review,high,2,Syme,,named_speaker|none,DIRECT_SPEAKER_SUPPORTED,Why not say his black-beetles barking! snails barking! geraniums barking! Did you ever hear a dog bark like that?,"said Syme furiously,"
MWT_T00737,MWT_C01139,Unknown,review,review,review,1,,,unresolved_attribution,UNKNOWN_SPEAKER,"The dogs of Sunday would be no ordinary dogs,",
MWT_T00738,MWT_C01140|MWT_C01141,Syme,review,review,high,2,,Syme,none|pronoun_speaker,PRONOUN_SPEAKER_SUPPORTED,"Well, listen to that, is that a dog—anybody’s dog?","he said,"
MWT_T00739,MWT_C01142|MWT_C01143,the Secretary,review,review,high,2,the Secretary,,none|role_speaker,DIRECT_SPEAKER_SUPPORTED,"Well, his house ought to be hell! and if it is hell, I’m going in!",said the Secretary;
MWT_T00740,MWT_C01144|MWT_C01145,the Secretary,review,review,high,2,,the Secretary,none|pronoun_speaker,PRONOUN_SPEAKER_SUPPORTED,"Why, you asses, it’s the Zoo!","he cried,"
MWT_T00741,MWT_C01146,Unknown,review,review,review,1,,,none,UNKNOWN_SPEAKER,Has it come this way?,
MWT_T00742,MWT_C01147,Syme,high,high,review,1,Syme,,named_speaker,DIRECT_SPEAKER_SUPPORTED,Has what?,
MWT_T00743,MWT_C01148,Unknown,review,review,review,1,,,unresolved_attribution,UNKNOWN_SPEAKER,The elephant!,
MWT_T00744,MWT_C01149,Unknown,review,review,review,1,,,none,UNKNOWN_SPEAKER,An elephant has gone mad and run away!,
MWT_T00745,MWT_C01150|MWT_C01151,the other,review,review,high,2,the other,,none|role_speaker,DIRECT_SPEAKER_SUPPORTED,"He has run away with an old gentleman, a poor old gentleman with white hair!","said the other stranger breathlessly,"
MWT_T00746,MWT_C01152,Syme,high,high,review,1,Syme,,named_speaker,DIRECT_SPEAKER_SUPPORTED,What sort of old gentleman?,
MWT_T00747,MWT_C01153,Unknown,review,review,review,1,,,unresolved_attribution,UNKNOWN_SPEAKER,"A very large and fat old gentleman in light grey clothes,",
MWT_T00748,MWT_C01154|MWT_C01155,Syme,review,review,high,2,Syme,,named_speaker|none,DIRECT_SPEAKER_SUPPORTED,"Well, if he’s that particular kind of old gentleman, if you’re quite sure that he’s a large and fat old gentleman in grey clothes, you may take my word for it that the elephant has not run away with him. He has run away with the elephant. The elephant is not made by God that could run away with him if he did not consent to the elopement. And, by thunder, there he is!","said Syme,"
MWT_T00749,MWT_C01156,Unknown,review,review,review,1,,,none,UNKNOWN_SPEAKER,Stop him!,
MWT_T00750,MWT_C01157,Unknown,review,review,review,1,,,none,UNKNOWN_SPEAKER,He’ll be out of the gate!,
MWT_T00751,MWT_C01158,Unknown,review,review,review,1,,,unresolved_attribution,UNKNOWN_SPEAKER,Stop a landslide!,
MWT_T00752,MWT_C01159,Unknown,review,review,review,1,,,none,UNKNOWN_SPEAKER,He is out of the gate!,
MWT_T00753,MWT_C01160,Unknown,review,review,review,1,,,unresolved_attribution,UNKNOWN_SPEAKER,Great Lord!,
MWT_T00754,MWT_C01161,Unknown,review,review,review,1,,,none,UNKNOWN_SPEAKER,"I never knew an elephant could go so fast. Well, it must be hansom-cabs again if we are to keep him in sight.",
MWT_T00755,MWT_C01162,Unknown,review,review,review,1,,,none,UNKNOWN_SPEAKER,"The word, I fancy, should be ‘pink’.",
MWT_T00756,MWT_C01163,Syme,high,high,review,1,Syme,,named_speaker,DIRECT_SPEAKER_SUPPORTED,Where has he gone to?,
MWT_T00757,MWT_C01164|MWT_C01165,Unknown,review,review,high,2,,,none|unresolved_attribution,UNKNOWN_SPEAKER,"Gentleman rushed into the Exhibition, sir! Funny gentleman, sir. Asked me to hold his horse, and gave me this.",said an official in a dazed manner. Then he added in an injured voice:
MWT_T00758,MWT_C01166,Unknown,review,review,review,1,,,none,UNKNOWN_SPEAKER,To the Secretary of the Central Anarchist Council.,
MWT_T00759,MWT_C01167,Unknown,review,review,review,1,,,none,UNKNOWN_SPEAKER,"When the herring runs a mile, Let the Secretary smile; When the herring tries to _fly_, Let the Secretary die. Rustic Proverb.",
MWT_T00760,MWT_C01168|MWT_C01169,Unknown,review,review,high,2,,,none,UNKNOWN_SPEAKER,"Why the eternal crikey, did you let the man in? Do people commonly come to your Exhibition riding on mad elephants? Do—","began the Secretary,"
MWT_T00761,MWT_C01170,Syme,high,high,review,1,Syme,,named_speaker,DIRECT_SPEAKER_SUPPORTED,Look!,
MWT_T00762,MWT_C01171,Unknown,review,review,review,1,,,none,UNKNOWN_SPEAKER,Look over there!,
MWT_T00763,MWT_C01172,the Secretary,high,high,review,1,the Secretary,,role_speaker,DIRECT_SPEAKER_SUPPORTED,Look at what?,
MWT_T00764,MWT_C01173,Syme,high,high,review,1,Syme,,named_speaker,DIRECT_SPEAKER_SUPPORTED,Look at the captive balloon!,
MWT_T00765,MWT_C01174,the Secretary,high,high,review,1,the Secretary,,role_speaker,DIRECT_SPEAKER_SUPPORTED,Why the blazes should I look at a captive balloon?,
MWT_T00766,MWT_C01175,Unknown,review,review,review,1,,,none,UNKNOWN_SPEAKER,What is there queer about a captive balloon?,
MWT_T00767,MWT_C01176|MWT_C01177,Syme,review,review,high,2,Syme,,named_speaker|none,DIRECT_SPEAKER_SUPPORTED,"Nothing, except that it isn’t captive!","said Syme,"
MWT_T00768,MWT_C01178,Unknown,review,review,review,1,,,none,UNKNOWN_SPEAKER,Ten thousand devils!,
MWT_T00769,MWT_C01179,Unknown,review,review,review,1,,,none,UNKNOWN_SPEAKER,He’s got into it!,
MWT_T00770,MWT_C01180,the Professor,high,high,review,1,the Professor,,role_speaker,DIRECT_SPEAKER_SUPPORTED,God bless my soul!,
MWT_T00771,MWT_C01181,Unknown,review,review,review,1,,,none,UNKNOWN_SPEAKER,God bless my soul! I seemed to fancy that something fell on the top of my hat!,
MWT_T00772,MWT_C01182,Syme,high,high,review,1,Syme,,named_speaker,DIRECT_SPEAKER_SUPPORTED,Your beauty has not left me indifferent.—From LITTLE SNOWDROP.,
MWT_T00773,MWT_C01183,Unknown,review,review,review,1,,,none,UNKNOWN_SPEAKER,I’m not beaten yet. The blasted thing must come down somewhere. Let’s follow it!,
MWT_T00774,MWT_C01184|MWT_C01185,Syme,review,review,high,2,,Syme,none|pronoun_speaker,PRONOUN_SPEAKER_SUPPORTED,"After all, it is very beautiful!","he said,"
MWT_T00775,MWT_C01186,the Professor,high,high,review,1,the Professor,,role_speaker,DIRECT_SPEAKER_SUPPORTED,It is singularly and strangely beautiful!,
MWT_T00776,MWT_C01187,Unknown,review,review,review,1,,,none,UNKNOWN_SPEAKER,I wish the beastly gas-bag would burst!,
MWT_T00777,MWT_C01188|MWT_C01189,Unknown,review,review,high,2,,,none|unresolved_attribution,UNKNOWN_SPEAKER,"No, I hope it won’t. It might hurt the old boy.","said Dr. Bull,"
MWT_T00778,MWT_C01190|MWT_C01191,Unknown,review,review,high,2,,,none|unresolved_attribution,UNKNOWN_SPEAKER,Hurt him! hurt him! Not as much as I’d hurt him if I could get up with him. Little Snowdrop!,"said the vindictive Professor,"
MWT_T00779,MWT_C01192,Unknown,review,review,review,1,,,unresolved_attribution,UNKNOWN_SPEAKER,"I don’t want him hurt, somehow,",
MWT_T00780,MWT_C01193,the Secretary,high,high,review,1,the Secretary,,role_speaker,DIRECT_SPEAKER_SUPPORTED,What!,
MWT_T00781,MWT_C01194,Unknown,review,review,review,1,,,none,UNKNOWN_SPEAKER,Do you believe all that tale about his being our man in the dark room? Sunday would say he was anybody.,
MWT_T00782,MWT_C01195|MWT_C01196,Unknown,review,review,high,2,,,none|unresolved_attribution,UNKNOWN_SPEAKER,"I don’t know whether I believe it or not, But it isn’t that that I mean. I can’t wish old Sunday’s balloon to burst because—",said Dr. Bull.
MWT_T00783,MWT_C01197|MWT_C01198,Syme,review,review,high,2,Syme,,named_speaker|none,DIRECT_SPEAKER_SUPPORTED,"Well, because?","said Syme impatiently,"
MWT_T00784,MWT_C01199|MWT_C01200,Unknown,review,review,high,2,,,none|unresolved_attribution,UNKNOWN_SPEAKER,"Well, because he’s so jolly like a balloon himself, I don’t understand a word of all that idea of his being the same man who gave us all our blue cards. It seems to make everything nonsense. But I don’t care who knows it, I always had a sympathy for old Sunday himself, wicked as he was. Just as if he was a great bouncing baby. How can I explain what my queer sympathy was? It didn’t prevent my fighting him like hell! Shall I make it clear if I say that I liked him because he was so fat?",said Dr. Bull desperately.
MWT_T00785,MWT_C01201,the Secretary,high,high,review,1,the Secretary,,role_speaker,DIRECT_SPEAKER_SUPPORTED,"You will not,",
MWT_T00786,MWT_C01202|MWT_C01203,Unknown,review,review,high,2,,,none|unresolved_attribution,UNKNOWN_SPEAKER,"I’ve got it now, it was because he was so fat and so light. Just like a balloon. We always think of fat people as heavy, but he could have danced against a sylph. I see now what I mean. Moderate strength is shown in violence, supreme strength is shown in levity. It was like the old speculations—what would happen if an elephant could leap up in the sky like a grasshopper?","cried Bull,"
MWT_T00787,MWT_C01204|MWT_C01205,Syme,review,review,high,2,Syme,,named_speaker|none,DIRECT_SPEAKER_SUPPORTED,"Our elephant, has leapt into the sky like a grasshopper.","said Syme, looking upwards,"
MWT_T00788,MWT_C01206,Unknown,review,review,review,1,,,none,UNKNOWN_SPEAKER,"And somehow,",
MWT_T00789,MWT_C01207,the Secretary,high,high,review,1,the Secretary,,role_speaker,DIRECT_SPEAKER_SUPPORTED,"that’s why I can’t help liking old Sunday. No, it’s not an admiration of force, or any silly thing like that. There is a kind of gaiety in the thing, as if he were bursting with some good news. Haven’t you sometimes felt it on a spring day? You know Nature plays tricks, but somehow that day proves they are good-natured tricks. I never read the Bible myself, but that part they laugh at is literal truth, ‘Why leap ye, ye high hills?’ The hills do leap—at least, they try to.... Why do I like Sunday?... how can I tell you?... because he’s such a Bounder.",
MWT_T00790,MWT_C01208,Unknown,review,review,review,1,,,none,UNKNOWN_SPEAKER,"You do not know Sunday at all. Perhaps it is because you are better than I, and do not know hell. I was a fierce fellow, and a trifle morbid from the first. The man who sits in darkness, and who chose us all, chose me because I had all the crazy look of a conspirator—because my smile went crooked, and my eyes were gloomy, even when I smiled. But there must have been something in me that answered to the nerves in all these anarchic men. For when I first saw Sunday he expressed to me, not your airy vitality, but something both gross and sad in the Nature of Things. I found him smoking in a twilight room, a room with brown blind down, infinitely more depressing than the genial darkness in which our master lives. He sat there on a bench, a huge heap of a man, dark and out of shape. He listened to all my words without speaking or even stirring. I poured out my most passionate appeals, and asked my most eloquent questions. Then, after a long silence, the Thing began to shake, and I thought it was shaken by some secret malady. It shook like a loathsome and living jelly. It reminded me of everything I had ever read about the base bodies that are the origin of life—the deep sea lumps and protoplasm. It seemed like the final form of matter, the most shapeless and the most shameful. I could only tell myself, from its shudderings, that it was something at least that such a monster could be miserable. And then it broke upon me that the bestial mountain was shaking with a lonely laughter, and the laughter was at me. Do you ask me to forgive him that? It is no small thing to be laughed at by something at once lower and stronger than oneself.",
MWT_T00791,MWT_C01209|MWT_C01210,Unknown,review,review,high,2,,,none,UNKNOWN_SPEAKER,"Surely you fellows are exaggerating wildly, President Sunday is a terrible fellow for one’s intellect, but he is not such a Barnum’s freak physically as you make out. He received me in an ordinary office, in a grey check coat, in broad daylight. He talked to me in an ordinary way. But I’ll tell you what is a trifle creepy about Sunday. His room is neat, his clothes are neat, everything seems in order; but he’s absent-minded. Sometimes his great bright eyes go quite blind. For hours he forgets that you are there. Now absent-mindedness is just a bit too awful in a bad man. We think of a wicked man as vigilant. We can’t think of a wicked man who is honestly and sincerely dreamy, because we daren’t think of a wicked man alone with himself. An absentminded man means a good-natured man. It means a man who, if he happens to see you, will apologise. But how will you bear an absentminded man who, if he happens to see you, will kill you? That is what tries the nerves, abstraction combined with cruelty. Men have felt it sometimes when they went through wild forests, and felt that the animals there were at once innocent and pitiless. They might ignore or slay. How would you like to pass ten mortal hours in a parlour with an absent-minded tiger?",cut in the clear voice of Inspector Ratcliffe.
MWT_T00792,MWT_C01211,Syme,high,high,review,1,Syme,,named_speaker,DIRECT_SPEAKER_SUPPORTED,"And what do you think of Sunday, Gogol?",
MWT_T00793,MWT_C01212|MWT_C01213,Unknown,review,review,high,2,,,none|unresolved_attribution,UNKNOWN_SPEAKER,"I don’t think of Sunday on principle, any more than I stare at the sun at noonday.","said Gogol simply,"
MWT_T00794,MWT_C01214|MWT_C01215,Syme,review,review,high,2,Syme,,named_speaker|none,DIRECT_SPEAKER_SUPPORTED,"Well, that is a point of view, What do you say, Professor?",said Syme thoughtfully.
MWT_T00795,MWT_C01216,Syme,high,high,review,1,Syme,,named_speaker,DIRECT_SPEAKER_SUPPORTED,"Wake up, Professor!",
MWT_T00796,MWT_C01217,Unknown,review,review,review,1,,,none,UNKNOWN_SPEAKER,Tell us what you think of Sunday.,
MWT_T00797,MWT_C01218|MWT_C01219|MWT_C01220,Syme,review,review,high,3,,Syme,none|pronoun_speaker,PRONOUN_SPEAKER_SUPPORTED,"I think something, that I cannot say clearly. Or, rather, I think something that I cannot even think clearly. But it is something like this. My early life, as you know, was a bit too large and loose. “Well, when I saw Sunday’s face I thought it was too large—everybody does, but I also thought it was too loose. The face was so big, that one couldn’t focus it or make it a face at all. The eye was so far away from the nose, that it wasn’t an eye. The mouth was so much by itself, that one had to think of it by itself. The whole thing is too hard to explain. But put it this way. Walking up a road at night, I have seen a lamp and a lighted window and a cloud make together a most complete and unmistakable face. If anyone in heaven has that face I shall know him again. Yet when I walked a little farther I found that there was no face, that the window was ten yards away, the lamp ten hundred yards, the cloud beyond the world. Well, Sunday’s face escaped me; it ran away to right and left, as such chance pictures run away. And so his face has made me, somehow, doubt whether there are any faces. I don’t know whether your face, Bull, is a face or a combination in perspective. Perhaps one black disc of your beastly glasses is quite close and another fifty miles away. Oh, the doubts of a materialist are not worth a dump. Sunday has taught me the last and the worst doubts, the doubts of a spiritualist. I am a Buddhist, I suppose; and Buddhism is not a creed, it is a doubt. My poor dear Bull, I do not believe that you really have a face. I have not faith enough to believe in matter.","he said, || He paused for a little, still trailing his stick, and then went on—"
MWT_T00798,MWT_C01221|MWT_C01222,Unknown,review,review,high,2,,,none|pronoun_speaker,UNKNOWN_SPEAKER,"Have you noticed an odd thing, about all your descriptions? Each man of you finds Sunday quite different, yet each man of you can only find one thing to compare him to—the universe itself. Bull finds him like the earth in spring, Gogol like the sun at noonday. The Secretary is reminded of the shapeless protoplasm, and the Inspector of the carelessness of virgin forests. The Professor says he is like a changing landscape. This is queer, but it is queerer still that I also have had my odd notion about the President, and I also find that I think of Sunday as I think of the whole world.","he said,"
MWT_T00799,MWT_C01223|MWT_C01224,Unknown,review,review,high,2,,,none|unresolved_attribution,UNKNOWN_SPEAKER,"Get on a little faster, Syme, never mind the balloon.",said Bull;
MWT_T00800,MWT_C01225|MWT_C01226,Syme,review,review,high,2,Syme,,named_speaker|none,DIRECT_SPEAKER_SUPPORTED,"When I first saw Sunday, I only saw his back; and when I saw his back, I knew he was the worst man in the world. His neck and shoulders were brutal, like those of some apish god. His head had a stoop that was hardly human, like the stoop of an ox. In fact, I had at once the revolting fancy that this was not a man at all, but a beast dressed up in men’s clothes.","said Syme slowly,"
MWT_T00801,MWT_C01227|MWT_C01228,Unknown,review,review,high,2,,,none|unresolved_attribution,UNKNOWN_SPEAKER,"Get on, And then the queer thing happened. I had seen his back from the street, as he sat in the balcony. Then I entered the hotel, and coming round the other side of him, saw his face in the sunlight. His face frightened me, as it did everyone; but not because it was brutal, not because it was evil. On the contrary, it frightened me because it was so beautiful, because it was so good.",said Dr. Bull.
MWT_T00802,MWT_C01229|MWT_C01230,the Secretary,review,review,high,2,the Secretary,,none|role_speaker,DIRECT_SPEAKER_SUPPORTED,"Syme, are you ill?","exclaimed the Secretary,"
MWT_T00803,MWT_C01231,Unknown,review,review,review,1,,,none,UNKNOWN_SPEAKER,"It was like the face of some ancient archangel, judging justly after heroic wars. There was laughter in the eyes, and in the mouth honour and sorrow. There was the same white hair, the same great, grey-clad shoulders that I had seen from behind. But when I saw him from behind I was certain he was an animal, and when I saw him in front I knew he was a god.",
MWT_T00804,MWT_C01232|MWT_C01233,the Professor,review,review,high,2,the Professor,,none|role_speaker,DIRECT_SPEAKER_SUPPORTED,"Pan, was a god and an animal.","said the Professor dreamily,"
MWT_T00805,MWT_C01234|MWT_C01235,Unknown,review,review,high,2,,,none,UNKNOWN_SPEAKER,"Then, and again and always, that has been for me the mystery of Sunday, and it is also the mystery of the world. When I see the horrible back, I am sure the noble face is but a mask. When I see the face but for an instant, I know the back is only a jest. Bad is so bad, that we cannot but think good an accident; good is so good, that we feel certain that evil could be explained. But the whole came to a kind of crest yesterday when I raced Sunday for the cab, and was just behind him all the way.","went on Syme like a man talking to himself,"
MWT_T00806,MWT_C01236,Unknown,review,review,review,1,,,unresolved_attribution,UNKNOWN_SPEAKER,Had you time for thinking then?,
MWT_T00807,MWT_C01237|MWT_C01238,Syme,review,review,high,2,Syme,,named_speaker|none,DIRECT_SPEAKER_SUPPORTED,"Time, for one outrageous thought. I was suddenly possessed with the idea that the blind, blank back of his head really was his face—an awful, eyeless face staring at me! And I fancied that the figure running in front of me was really a figure running backwards, and dancing as he ran.","replied Syme,"
MWT_T00808,MWT_C01239,Unknown,review,review,review,1,,,unresolved_attribution,UNKNOWN_SPEAKER,Horrible!,
MWT_T00809,MWT_C01240|MWT_C01241,Syme,review,review,high,2,Syme,,named_speaker|none,DIRECT_SPEAKER_SUPPORTED,"Horrible is not the word, It was exactly the worst instant of my life. And yet ten minutes afterwards, when he put his head out of the cab and made a grimace like a gargoyle, I knew that he was only like a father playing hide-and-seek with his children.",said Syme.
MWT_T00810,MWT_C01242,the Secretary,high,high,review,1,the Secretary,,role_speaker,DIRECT_SPEAKER_SUPPORTED,"It is a long game,",
MWT_T00811,MWT_C01243|MWT_C01244,Syme,review,review,high,2,Syme,,named_speaker|none,DIRECT_SPEAKER_SUPPORTED,"Listen to me, Shall I tell you the secret of the whole world? It is that we have only known the back of the world. We see everything from behind, and it looks brutal. That is not a tree, but the back of a tree. That is not a cloud, but the back of a cloud. Cannot you see that everything is stooping and hiding a face? If we could only get round in front—",cried Syme with extraordinary emphasis.
MWT_T00812,MWT_C01245|MWT_C01246,Unknown,review,review,high,2,,,none|unresolved_attribution,UNKNOWN_SPEAKER,Look! the balloon is coming down!,"cried out Bull clamorously,"
MWT_T00813,MWT_C01247,Syme,medium,medium,review,1,,Syme,pronoun_speaker,PRONOUN_SPEAKER_SUPPORTED,He is dead!,
MWT_T00814,MWT_C01248,Unknown,review,review,review,1,,,none,UNKNOWN_SPEAKER,And now I know he was my friend—my friend in the dark!,
MWT_T00815,MWT_C01249,Unknown,review,review,review,1,,,none,UNKNOWN_SPEAKER,Dead!,
MWT_T00816,MWT_C01250,Unknown,review,review,review,1,,,none,UNKNOWN_SPEAKER,"You will not find him dead easily. If he has been tipped out of the car, we shall find him rolling as a colt rolls in a field, kicking his legs for fun.",
MWT_T00817,MWT_C01251|MWT_C01252,the Professor,review,review,high,2,the Professor,,none|role_speaker,DIRECT_SPEAKER_SUPPORTED,"Clashing his hoofs, The colts do, and so did Pan.",said the Professor.
MWT_T00818,MWT_C01253,Unknown,review,review,review,1,,,unresolved_attribution,UNKNOWN_SPEAKER,Pan again!,
MWT_T00819,MWT_C01254,Unknown,review,review,review,1,,,none,UNKNOWN_SPEAKER,You seem to think Pan is everything.,
MWT_T00820,MWT_C01255|MWT_C01256,the Professor,review,review,high,2,the Professor,,none|role_speaker,DIRECT_SPEAKER_SUPPORTED,"So he is, in Greek. He means everything.","said the Professor,"
MWT_T00821,MWT_C01257|MWT_C01258,the Secretary,review,review,high,2,the Secretary,,none|role_speaker,DIRECT_SPEAKER_SUPPORTED,"Don’t forget, that he also means Panic.","said the Secretary, looking down,"
MWT_T00822,MWT_C01259|MWT_C01260|MWT_C01261,the Secretary,review,review,high,3,,the Secretary,none|pronoun_speaker,PRONOUN_SPEAKER_SUPPORTED,"It fell over there, Let us follow it! Oh, if he has cheated us all by getting killed! It would be like one of his larks.",he said shortly. || Then he added with an indescribable gesture—
MWT_T00823,MWT_C01262|MWT_C01263,the Secretary,review,review,high,2,,the Secretary,none|pronoun_speaker,PRONOUN_SPEAKER_SUPPORTED,"Gentlemen, my master has a carriage waiting for you in the road just by.","he said,"
MWT_T00824,MWT_C01264,Syme,high,high,review,1,Syme,,named_speaker,DIRECT_SPEAKER_SUPPORTED,Who is your master?,
MWT_T00825,MWT_C01265|MWT_C01266,the man,review,review,high,2,the man,,none|role_speaker,DIRECT_SPEAKER_SUPPORTED,"I was told you knew his name, Where is this carriage?","said the man respectfully. There was a silence, and then the Secretary said—"
MWT_T00826,MWT_C01267|MWT_C01268,Unknown,review,review,high,2,,,none|unresolved_attribution,UNKNOWN_SPEAKER,"It has been waiting only a few moments, My master has only just come home.",said the stranger.
MWT_T00827,MWT_C01269,Syme,high,high,review,1,Syme,,named_speaker,DIRECT_SPEAKER_SUPPORTED,"Show us the place,",
MWT_T00828,MWT_C01270,Unknown,review,review,review,1,,,unresolved_attribution,UNKNOWN_SPEAKER,What can it all mean?,
MWT_T00829,MWT_C01271,Unknown,review,review,review,1,,,none,UNKNOWN_SPEAKER,Is this another joke of Sunday’s?,
MWT_T00830,MWT_C01272|MWT_C01273,Syme,review,review,high,2,Syme,,named_speaker|none,DIRECT_SPEAKER_SUPPORTED,"I don’t know, but if it is, it’s one of the jokes you talk about. It’s a good-natured one.",said Syme as he sank wearily back in the cushions of his carriage;
MWT_T00831,MWT_C01274,Unknown,review,review,review,1,,,none,UNKNOWN_SPEAKER,Refreshments are provided for you in your room.,
MWT_T00832,MWT_C01275,Unknown,review,review,review,1,,,none,UNKNOWN_SPEAKER,"I have put out your clothes, sir.",
MWT_T00833,MWT_C01276,Syme,high,high,review,1,Syme,,named_speaker,DIRECT_SPEAKER_SUPPORTED,Clothes!,
MWT_T00834,MWT_C01277,Unknown,review,review,review,1,,,none,UNKNOWN_SPEAKER,"I have no clothes except these,",
MWT_T00835,MWT_C01278|MWT_C01279,Unknown,review,review,high,2,,,none|unresolved_attribution,UNKNOWN_SPEAKER,"My master asks me to say, that there is a fancy dress ball tonight, and that he desires you to put on the costume that I have laid out. Meanwhile, sir, there is a bottle of Burgundy and some cold pheasant, which he hopes you will not refuse, as it is some hours before supper.","said the attendant,"
MWT_T00836,MWT_C01280|MWT_C01281,Syme,review,review,high,2,Syme,,named_speaker|none,DIRECT_SPEAKER_SUPPORTED,"Cold pheasant is a good thing, and Burgundy is a spanking good thing. But really I do not want either of them so much as I want to know what the devil all this means, and what sort of costume you have got laid out for me. Where is it?","said Syme reflectively,"
MWT_T00837,MWT_C01282,Unknown,review,review,review,1,,,unresolved_attribution,UNKNOWN_SPEAKER,"You’re to be dressed as Thursday, sir,",
MWT_T00838,MWT_C01283,Syme,high,high,review,1,Syme,,named_speaker,DIRECT_SPEAKER_SUPPORTED,Dressed as Thursday!,
MWT_T00839,MWT_C01284,Unknown,review,review,review,1,,,none,UNKNOWN_SPEAKER,It doesn’t sound a warm costume.,
MWT_T00840,MWT_C01285|MWT_C01286,the other,review,review,high,2,the other,,none|role_speaker,DIRECT_SPEAKER_SUPPORTED,"Oh, yes, sir, the Thursday costume is quite warm, sir. It fastens up to the chin.","said the other eagerly,"
MWT_T00841,MWT_C01287|MWT_C01288,Syme,review,review,high,2,Syme,,named_speaker|none,DIRECT_SPEAKER_SUPPORTED,"Well, I don’t understand anything, I have been used so long to uncomfortable adventures that comfortable adventures knock me out. Still, I may be allowed to ask why I should be particularly like Thursday in a green frock spotted all over with the sun and moon. Those orbs, I think, shine on other days. I once saw the moon on Tuesday, I remember.","said Syme, sighing."
MWT_T00842,MWT_C01289|MWT_C01290,Unknown,review,review,high,2,,,none|unresolved_attribution,UNKNOWN_SPEAKER,"Beg pardon, sir, Bible also provided for you,","said the valet,"
MWT_T00843,MWT_C01291|MWT_C01292,Syme,review,review,high,2,Syme,,named_speaker|none,DIRECT_SPEAKER_SUPPORTED,"This is getting wilder and wilder, Who are these people who provide cold pheasant and Burgundy, and green clothes and Bibles? Do they provide everything?","said Syme, as he sat down in a chair."
MWT_T00844,MWT_C01293|MWT_C01294,Unknown,review,review,high,2,,,none|unresolved_attribution,UNKNOWN_SPEAKER,"Yes, sir, everything, Shall I help you on with your costume?",said the attendant gravely.
MWT_T00845,MWT_C01295,Syme,high,high,review,1,Syme,,named_speaker,DIRECT_SPEAKER_SUPPORTED,"Oh, hitch the bally thing on!",
MWT_T00846,MWT_C01296,Unknown,review,review,review,1,,,none,UNKNOWN_SPEAKER,We do not know yet that he is not dead in a field.,
MWT_T00847,MWT_C01297|MWT_C01298|MWT_C01299,Unknown,review,review,high,3,,,none|pronoun_speaker,UNKNOWN_SPEAKER,"We will eat and drink later, Let us remain together a little, we who have loved each other so sadly, and have fought so long. I seem to remember only centuries of heroic war, in which you were always heroes—epic on epic, iliad on iliad, and you always brothers in arms. Whether it was but recently (for time is nothing), or at the beginning of the world, I sent you out to war. I sat in the darkness, where there is not any created thing, and to you I was only a voice commanding valour and an unnatural virtue. You heard the voice in the dark, and you never heard it again. The sun in heaven denied it, the earth and sky denied it, all human wisdom denied it. And when I met you in the daylight I denied it myself. But you were men. You did not forget your secret honour, though the whole cosmos turned an engine of torture to tear it out of you. I knew how near you were to hell. I know how you, Thursday, crossed swords with King Satan, and how you, Wednesday, named me in the hour without hope.","he said. || Syme stirred sharply in his seat, but otherwise there was silence, and the incomprehensible went on."
MWT_T00848,MWT_C01300,Unknown,review,review,review,1,,,none,UNKNOWN_SPEAKER,Who and what are you?,
MWT_T00849,MWT_C01301|MWT_C01302,the other,review,review,high,2,the other,,none|role_speaker,DIRECT_SPEAKER_SUPPORTED,"I am the Sabbath, I am the peace of God.",said the other without moving.
MWT_T00850,MWT_C01303|MWT_C01304,the other,review,review,high,2,,the other,none|pronoun_speaker,PRONOUN_SPEAKER_SUPPORTED,"I know what you mean, and it is exactly that that I cannot forgive you. I know you are contentment, optimism, what do they call the thing, an ultimate reconciliation. Well, I am not reconciled. If you were the man in the dark room, why were you also Sunday, an offense to the sunlight? If you were from the first our father and our friend, why were you also our greatest enemy? We wept, we fled in terror; the iron entered into our souls—and you are the peace of God! Oh, I can forgive God His anger, though it destroyed nations; but I cannot forgive Him His peace.","he cried,"
MWT_T00851,MWT_C01305|MWT_C01306,Syme,review,review,high,2,Syme,,named_speaker|none,DIRECT_SPEAKER_SUPPORTED,"No, I do not feel fierce like that. I am grateful to you, not only for wine and hospitality here, but for many a fine scamper and free fight. But I should like to know. My soul and heart are as happy and quiet here as this old garden, but my reason is still crying out. I should like to know.","said Syme,"
MWT_T00852,MWT_C01307,Unknown,review,review,review,1,,,none,UNKNOWN_SPEAKER,It seems so _silly_ that you should have been on both sides and fought yourself.,
MWT_T00853,MWT_C01308,Unknown,review,review,review,1,,,none,UNKNOWN_SPEAKER,"I understand nothing, but I am happy. In fact, I am going to sleep.",
MWT_T00854,MWT_C01309|MWT_C01310,the Professor,review,review,high,2,the Professor,,none|role_speaker,DIRECT_SPEAKER_SUPPORTED,"I am not happy, because I do not understand. You let me stray a little too near to hell.","said the Professor with his head in his hands,"
MWT_T00855,MWT_C01311,Unknown,review,review,review,1,,,none,UNKNOWN_SPEAKER,I wish I knew why I was hurt so much.,
MWT_T00856,MWT_C01312,Unknown,review,review,review,1,,,none,UNKNOWN_SPEAKER,"I have heard your complaints in order. And here, I think, comes another to complain, and we will hear him also.",
MWT_T00857,MWT_C01313,Unknown,review,review,review,1,,,none,UNKNOWN_SPEAKER,Gregory!,
MWT_T00858,MWT_C01314,Unknown,review,review,review,1,,,none,UNKNOWN_SPEAKER,"Why, this is the real anarchist!",
MWT_T00859,MWT_C01315|MWT_C01316,Gregory,review,review,high,2,Gregory,,named_speaker|none,DIRECT_SPEAKER_SUPPORTED,"Yes, I am the real anarchist.","said Gregory, with a great and dangerous restraint,"
MWT_T00860,MWT_C01317,Unknown,review,review,review,1,,,unresolved_attribution,UNKNOWN_SPEAKER,"‘Now there was a day,’",
MWT_T00861,MWT_C01318,Unknown,review,review,review,1,,,none,UNKNOWN_SPEAKER,"‘when the sons of God came to present themselves before the Lord, and Satan came also among them.’",
MWT_T00862,MWT_C01319|MWT_C01320,Gregory,review,review,high,2,Gregory,,named_speaker|none,DIRECT_SPEAKER_SUPPORTED,"You are right, I am a destroyer. I would destroy the world if I could.","said Gregory, and gazed all round."
MWT_T00863,MWT_C01321|MWT_C01322,Gregory,review,review,high,2,,Gregory,none|pronoun_speaker,PRONOUN_SPEAKER_SUPPORTED,"Oh, most unhappy man, try to be happy! You have red hair like your sister.","he cried,"
MWT_T00864,MWT_C01323|MWT_C01324,Gregory,review,review,high,2,Gregory,,named_speaker|none,DIRECT_SPEAKER_SUPPORTED,"My red hair, like red flames, shall burn up the world, I thought I hated everything more than common men can hate anything; but I find that I do not hate everything so much as I hate you!",said Gregory.
MWT_T00865,MWT_C01325,Syme,high,high,review,1,Syme,,named_speaker,DIRECT_SPEAKER_SUPPORTED,"I never hated you,",
MWT_T00866,MWT_C01326,Syme,medium,medium,review,1,,Syme,pronoun_speaker,PRONOUN_SPEAKER_SUPPORTED,You!,
MWT_T00867,MWT_C01327,Unknown,review,review,review,1,,,none,UNKNOWN_SPEAKER,"You never hated because you never lived. I know what you are all of you, from first to last—you are the people in power! You are the police—the great fat, smiling men in blue and buttons! You are the Law, and you have never been broken. But is there a free soul alive that does not long to break you, only because you have never been broken? We in revolt talk all kind of nonsense doubtless about this crime or that crime of the Government. It is all folly! The only crime of the Government is that it governs. The unpardonable sin of the supreme power is that it is supreme. I do not curse you for being cruel. I do not curse you (though I might) for being kind. I curse you for being safe! You sit in your chairs of stone, and have never come down from them. You are the seven angels of heaven, and you have had no troubles. Oh, I could forgive you everything, you that rule all mankind, if I could feel for once that you had suffered for one hour a real agony such as I—",
MWT_T00868,MWT_C01328|MWT_C01329,Syme,review,review,high,2,,Syme,none|pronoun_speaker,PRONOUN_SPEAKER_SUPPORTED,"I see everything, everything that there is. Why does each thing on the earth war against each other thing? Why does each small thing in the world have to fight against the world itself? Why does a fly have to fight the whole universe? Why does a dandelion have to fight the whole universe? For the same reason that I had to be alone in the dreadful Council of the Days. So that each thing that obeys law may have the glory and isolation of the anarchist. So that each man fighting for order may be as brave and good a man as the dynamiter. So that the real lie of Satan may be flung back in the face of this blasphemer, so that by tears and torture we may earn the right to say to this man, ‘You lie!’ No agonies can be too great to buy the right to say to this accuser, ‘We also have suffered.’ “It is not true that we have never been broken. We have been broken upon the wheel. It is not true that we have never descended from these thrones. We have descended into hell. We were complaining of unforgettable miseries even at the very moment when this man entered insolently to accuse us of happiness. I repel the slander; we have not been happy. I can answer for every one of the great guards of Law whom he has accused. At least—","he cried,"
MWT_T00869,MWT_C01330|MWT_C01331,Unknown,review,review,high,2,,,none|pronoun_speaker,UNKNOWN_SPEAKER,"Have you, have you ever suffered?","he cried in a dreadful voice,"
MWT_T00870,MWT_C01332,Unknown,review,review,review,1,,,none,UNKNOWN_SPEAKER,Can ye drink of the cup that I drink of?,
