turn_id,candidate_ids,start_char,end_char,speaker,speaker_confidence,extraction_confidence,boundary_reason,quoted_text
MWT_T00001,MWT_C00002,10464,10481,Unknown,review,review,new_turn,"It may well be,"
MWT_T00002,MWT_C00003,10521,10832,Unknown,review,review,unattributed_candidate_requires_review,"it may well

be on such a night of clouds and cruel colours that there is brought

forth upon the earth such a portent as a respectable poet. You say you

are a poet of law; I say you are a contradiction in terms. I only

wonder there were not comets and earthquakes on the night you appeared

in this garden."
MWT_T00003,MWT_C00004,11250,11293,Gregory,medium,medium,new_explicit_speaker,"An artist is identical with an anarchist,"
MWT_T00004,MWT_C00005,11304,11809,Unknown,review,review,unattributed_candidate_requires_review,"You might

transpose the words anywhere. An anarchist is an artist. The man who

throws a bomb is an artist, because he prefers a great moment to

everything. He sees how much more valuable is one burst of blazing

light, one peal of perfect thunder, than the mere common bodies of a

few shapeless policemen. An artist disregards all governments,

abolishes all conventions. The poet delights in disorder only. If it

were not so, the most poetical thing in the world would be the

Underground Railway."
MWT_T00005,MWT_C00006,11813,11824,Syme,high,high,new_explicit_speaker,"So it is,"
MWT_T00006,MWT_C00007,11843,11854,Gregory,high,high,new_explicit_speaker,Nonsense!
MWT_T00007,MWT_C00008,11928,12473,Unknown,review,review,unattributed_candidate_requires_review,"Why do all the clerks and navvies in the railway

trains look so sad and tired, so very sad and tired? I will tell you.

It is because they know that the train is going right. It is because

they know that whatever place they have taken a ticket for that place

they will reach. It is because after they have passed Sloane Square

they know that the next station must be Victoria, and nothing but

Victoria. Oh, their wild rapture! oh, their eyes like stars and their

souls again in Eden, if the next station were unaccountably Baker

Street!"
MWT_T00008,MWT_C00009,12477,12508,Syme,high,high,new_explicit_speaker,"It is you who are unpoetical,"
MWT_T00009,MWT_C00010,12532,13286,Unknown,review,review,unattributed_candidate_requires_review,"If what you say

of clerks is true, they can only be as prosaic as your poetry. The

rare, strange thing is to hit the mark; the gross, obvious thing is to

miss it. We feel it is epical when man with one wild arrow strikes a

distant bird. Is it not also epical when man with one wild engine

strikes a distant station? Chaos is dull; because in chaos the train

might indeed go anywhere, to Baker Street or to Bagdad. But man is a

magician, and his whole magic is in this, that he does say Victoria,

and lo! it is Victoria. No, take your books of mere poetry and prose;

let me read a time table, with tears of pride. Take your Byron, who

commemorates the defeats of man; give me Bradshaw, who commemorates his

victories. Give me Bradshaw, I say!"
MWT_T00010,MWT_C00011,13290,13304,Gregory,high,high,new_explicit_speaker,Must you go?
MWT_T00011,MWT_C00012,13340,13353,Unknown,review,review,unattributed_candidate_requires_review,"I tell you,"
MWT_T00012,MWT_C00013,13381,13936,Unknown,review,review,unattributed_candidate_requires_review,"that every time a train comes

in I feel that it has broken past batteries of besiegers, and that man

has won a battle against chaos. You say contemptuously that when one

has left Sloane Square one must come to Victoria. I say that one might

do a thousand things instead, and that whenever I really come there I

have the sense of hairbreadth escape. And when I hear the guard shout

out the word ‘Victoria,’ it is not an unmeaning word. It is to me the

cry of a herald announcing conquest. It is to me indeed ‘Victoria’; it

is the victory of Adam."
MWT_T00013,MWT_C00014,14005,14021,Gregory,medium,medium,new_explicit_speaker,"And even then,"
MWT_T00014,MWT_C00015,14031,14323,Unknown,review,review,unattributed_candidate_requires_review,"we poets always ask the question, ‘And what

is Victoria now that you have got there?’ You think Victoria is like

the New Jerusalem. We know that the New Jerusalem will only be like

Victoria. Yes, the poet will be discontented even in the streets of

heaven. The poet is always in revolt."
MWT_T00015,MWT_C00016,14327,14341,Syme,high,high,new_explicit_speaker,"There again,"
MWT_T00016,MWT_C00017,14363,14701,Unknown,review,review,unattributed_candidate_requires_review,"what is there poetical about being

in revolt? You might as well say that it is poetical to be sea-sick.

Being sick is a revolt. Both being sick and being rebellious may be the

wholesome thing on certain desperate occasions; but I’m hanged if I can

see why they are poetical. Revolt in the abstract is—revolting. It’s

mere vomiting."
MWT_T00017,MWT_C00018,14795,14822,Syme,medium,medium,new_explicit_speaker,"It is things going right,"
MWT_T00018,MWT_C00019,14833,15106,Unknown,review,review,unattributed_candidate_requires_review,"that is poetical! Our

digestions, for instance, going sacredly and silently right, that is

the foundation of all poetry. Yes, the most poetical thing, more

poetical than the flowers, more poetical than the stars—the most

poetical thing in the world is not being sick."
MWT_T00019,MWT_C00020,15110,15119,Gregory,high,high,new_explicit_speaker,"Really,"
MWT_T00020,MWT_C00021,15149,15175,Unknown,review,review,unattributed_candidate_requires_review,the examples you choose—
MWT_T00021,MWT_C00022,15179,15199,Syme,high,high,new_explicit_speaker,"I beg your pardon,"
MWT_T00022,MWT_C00023,15218,15263,Unknown,review,review,unattributed_candidate_requires_review,"I forgot we had abolished all

conventions."
MWT_T00023,MWT_C00024,15333,15355,Syme,medium,medium,new_explicit_speaker,"You don’t expect me,"
MWT_T00024,MWT_C00025,15365,15406,Unknown,review,review,unattributed_candidate_requires_review,"to revolutionise society on this

lawn?"
MWT_T00025,MWT_C00026,15468,15482,Syme,medium,medium,new_explicit_speaker,"No, I don’t,"
MWT_T00026,MWT_C00027,15492,15590,Unknown,review,review,unattributed_candidate_requires_review,"but I suppose that if you were serious about

your anarchism, that is exactly what you would do."
MWT_T00027,MWT_C00028,15721,15745,Syme,medium,medium,new_explicit_speaker,"Don’t you think, then,"
MWT_T00028,MWT_C00029,15776,15816,Unknown,review,review,unattributed_candidate_requires_review,"that I am

serious about my anarchism?"
MWT_T00029,MWT_C00030,15820,15840,Syme,high,high,new_explicit_speaker,I beg your pardon?
MWT_T00030,MWT_C00031,15855,15893,Gregory,high,high,new_explicit_speaker,Am I not serious about my anarchism?
MWT_T00031,MWT_C00032,15933,15950,Syme,high,high,new_explicit_speaker,My dear fellow!
MWT_T00032,MWT_C00033,16080,16091,Unknown,review,review,unresolved_pronoun,"Mr. Syme,"
MWT_T00033,MWT_C00034,16102,16207,Unknown,review,review,unattributed_candidate_requires_review,"do the people who talk like you and my brother

often mean what they say? Do you mean what you say now?"
MWT_T00034,MWT_C00035,16227,16236,Syme,medium,medium,new_explicit_speaker,Do you?
MWT_T00035,MWT_C00036,16250,16269,the girl,high,high,new_explicit_speaker,What do you mean?
MWT_T00036,MWT_C00037,16306,16329,Syme,high,high,new_explicit_speaker,"My dear Miss Gregory,"
MWT_T00037,MWT_C00038,16348,16774,Unknown,review,review,unattributed_candidate_requires_review,"there are many kinds of

sincerity and insincerity. When you say ‘thank you’ for the salt, do

you mean what you say? No. When you say ‘the world is round,’ do you

mean what you say? No. It is true, but you don’t mean it. Now,

sometimes a man like your brother really finds a thing he does mean. It

may be only a half-truth, quarter-truth, tenth-truth; but then he says

more than he means—from sheer force of meaning it."
MWT_T00038,MWT_C00039,17036,17070,the girl,medium,medium,new_explicit_speaker,"Is he really an anarchist, then?"
MWT_T00039,MWT_C00040,17085,17117,Syme,high,high,new_explicit_speaker,"Only in that sense I speak of,"
MWT_T00040,MWT_C00041,17132,17173,Unknown,review,review,unattributed_candidate_requires_review,"or if you prefer it, in

that nonsense."
MWT_T00041,MWT_C00042,17233,17286,Unknown,review,review,unattributed_candidate_requires_review,He wouldn’t really use—bombs or that sort of thing?
MWT_T00042,MWT_C00043,17393,17409,Syme,medium,medium,new_explicit_speaker,"Good Lord, no!"
MWT_T00043,MWT_C00044,17419,17453,Unknown,review,review,unattributed_candidate_requires_review,that has to be done anonymously.
MWT_T00044,MWT_C00045,19936,19960,Gregory,high,high,new_explicit_speaker,"I was waiting for you,"
MWT_T00045,MWT_C00046,19975,20015,Unknown,review,review,unattributed_candidate_requires_review,"Might I have a moment’s

conversation?"
MWT_T00046,MWT_C00047,20019,20043,Syme,high,high,new_explicit_speaker,Certainly. About what?
MWT_T00047,MWT_C00048,20162,20188,Syme,medium,medium,new_explicit_speaker,"About _this_ and _this_,"
MWT_T00048,MWT_C00049,20199,20398,Unknown,review,review,unattributed_candidate_requires_review,"about order and anarchy. There is

your precious order, that lean, iron lamp, ugly and barren; and there

is anarchy, rich, living, reproducing itself—there is anarchy, splendid

in green and gold."
MWT_T00049,MWT_C00050,20402,20417,Syme,high,high,new_explicit_speaker,"All the same,"
MWT_T00050,MWT_C00051,20442,20577,Unknown,review,review,unattributed_candidate_requires_review,"just at present you only see

the tree by the light of the lamp. I wonder when you would ever see the

lamp by the light of the tree."
MWT_T00051,MWT_C00052,20606,20706,Unknown,review,review,unattributed_candidate_requires_review,"But may I

ask if you have been standing out here in the dark only to resume our

little argument?"
MWT_T00052,MWT_C00053,20710,20715,Unknown,review,review,unattributed_candidate_requires_review,"No,"
MWT_T00053,MWT_C00054,20773,20844,Unknown,review,review,unattributed_candidate_requires_review,"I did

not stand here to resume our argument, but to end it for ever."
MWT_T00054,MWT_C00055,21032,21043,Syme,medium,medium,new_explicit_speaker,"Mr. Syme,"
MWT_T00055,MWT_C00056,21053,21207,Unknown,review,review,unattributed_candidate_requires_review,"this evening you succeeded in doing something

rather remarkable. You did something to me that no man born of woman

has ever succeeded in doing before."
MWT_T00056,MWT_C00057,21211,21220,Unknown,review,review,unattributed_candidate_requires_review,Indeed!
MWT_T00057,MWT_C00058|MWT_C00059,21224,21408,Gregory,high,review,explicit_continuation_language,"Now I remember, one other person

succeeded in doing it. The captain of a penny steamer (if I remember

correctly) at Southend. You have irritated me."
MWT_T00058,MWT_C00060,21412,21430,Syme,high,high,new_explicit_speaker,"I am very sorry,"
MWT_T00059,MWT_C00061,21461,21554,Gregory,high,high,new_explicit_speaker,"I am afraid my fury and your insult are too shocking to be wiped out

even with an apology,"
MWT_T00060,MWT_C00062,21581,21857,Unknown,review,review,unattributed_candidate_requires_review,"No duel could wipe it

out. If I struck you dead I could not wipe it out. There is only one

way by which that insult can be erased, and that way I choose. I am

going, at the possible sacrifice of my life and honour, to _prove_ to

you that you were wrong in what you said."
MWT_T00061,MWT_C00063,21861,21878,Unknown,review,review,unattributed_candidate_requires_review,In what I said?
MWT_T00062,MWT_C00064,21882,21936,Unknown,review,review,unattributed_candidate_requires_review,You said I was not serious about being an anarchist.
MWT_T00063,MWT_C00065,21940,21975,Syme,high,high,new_explicit_speaker,"There are degrees of seriousness,"
MWT_T00064,MWT_C00066,21990,22179,Unknown,review,review,unattributed_candidate_requires_review,"I have never doubted

that you were perfectly sincere in this sense, that you thought what

you said well worth saying, that you thought a paradox might wake men

up to a neglected truth."
MWT_T00065,MWT_C00067,22232,22256,Syme,medium,medium,new_explicit_speaker,"And in no other sense,"
MWT_T00066,MWT_C00068,22267,22420,Unknown,review,review,unattributed_candidate_requires_review,"you think me serious? You think me

a _flâneur_ who lets fall occasional truths. You do not think that in a

deeper, a more deadly sense, I am serious."
MWT_T00067,MWT_C00069,22486,22496,Syme,medium,medium,new_explicit_speaker,Serious!
MWT_T00068,MWT_C00070,22507,22898,Unknown,review,review,unattributed_candidate_requires_review,"Good Lord! is this street serious? Are these

damned Chinese lanterns serious? Is the whole caboodle serious? One

comes here and talks a pack of bosh, and perhaps some sense as well,

but I should think very little of a man who didn’t keep something in

the background of his life that was more serious than all this

talking—something more serious, whether it was religion or only drink."
MWT_T00069,MWT_C00071,22902,22914,Gregory,high,high,new_explicit_speaker,"Very well,"
MWT_T00070,MWT_C00072,22949,23019,Unknown,review,review,unattributed_candidate_requires_review,"you shall see something

more serious than either drink or religion."
MWT_T00071,MWT_C00073,23114,23194,Unknown,review,review,unattributed_candidate_requires_review,"You spoke just now of having a religion. Is it really true that you

have one?"
MWT_T00072,MWT_C00074,23198,23203,Syme,high,high,new_explicit_speaker,"Oh,"
MWT_T00073,MWT_C00075,23236,23263,Unknown,review,review,unattributed_candidate_requires_review,we are all Catholics now.
MWT_T00074,MWT_C00076,23267,23690,Unknown,review,review,unattributed_candidate_requires_review,"Then may I ask you to swear by whatever gods or saints your religion

involves that you will not reveal what I am now going to tell you to

any son of Adam, and especially not to the police? Will you swear that!

If you will take upon yourself this awful abnegation if you will

consent to burden your soul with a vow that you should never make and a

knowledge you should never dream about, I will promise you in return—"
MWT_T00075,MWT_C00077,23694,23726,Syme,high,high,new_explicit_speaker,You will promise me in return?
MWT_T00076,MWT_C00078,23766,23815,Unknown,review,review,unattributed_candidate_requires_review,I will promise you a very entertaining evening.
MWT_T00077,MWT_C00079,23852,23865,Syme,medium,medium,new_explicit_speaker,"Your offer,"
MWT_T00078,MWT_C00080,23875,24246,Unknown,review,review,unattributed_candidate_requires_review,"is far too idiotic to be declined. You say that

a poet is always an anarchist. I disagree; but I hope at least that he

is always a sportsman. Permit me, here and now, to swear as a

Christian, and promise as a good comrade and a fellow-artist, that I

will not report anything of this, whatever it is, to the police. And

now, in the name of Colney Hatch, what is it?"
MWT_T00079,MWT_C00081,24250,24260,Gregory,high,high,new_explicit_speaker,"I think,"
MWT_T00080,MWT_C00082,24300,24327,Unknown,review,review,unattributed_candidate_requires_review,"that we will call a

cab."
MWT_T00081,MWT_C00083,25093,25125,Gregory,high,high,new_explicit_speaker,Will you take a little supper?
MWT_T00082,MWT_C00084,25150,25224,Unknown,review,review,unattributed_candidate_requires_review,"The _pâté de

foie gras_ is not good here, but I can recommend the game."
MWT_T00083,MWT_C00085,25370,25409,Unknown,review,review,unattributed_candidate_requires_review,"Oh, bring me some lobster mayonnaise."
MWT_T00084,MWT_C00086,25466,25483,Unknown,review,review,unattributed_candidate_requires_review,"Certainly, sir!"
MWT_T00085,MWT_C00087|MWT_C00088,25524,25772,Gregory,high,review,explicit_continuation_language,"What will you drink? I shall only have a _crême de menthe_ myself; I have

dined. But the champagne can really be trusted. Do let me start you

with a half-bottle of Pommery at least?"
MWT_T00086,MWT_C00089,25776,25788,Unknown,review,review,unattributed_candidate_requires_review,Thank you!
MWT_T00087,MWT_C00090,25815,25835,Unknown,review,review,unattributed_candidate_requires_review,You are very good.
MWT_T00088,MWT_C00091,26116,26163,Unknown,review,review,unresolved_pronoun,Excuse me if I enjoy myself rather obviously!
MWT_T00089,MWT_C00092,26194,26336,Unknown,review,review,unattributed_candidate_requires_review,"I don’t often have the luck to have a dream like this. It is

new to me for a nightmare to lead to a lobster. It is commonly the

other way."
MWT_T00090,MWT_C00093,26340,26375,Gregory,high,high,new_explicit_speaker,"You are not asleep, I assure you,"
MWT_T00091,MWT_C00094,26390,26759,Unknown,review,review,unattributed_candidate_requires_review,"You are, on the

contrary, close to the most actual and rousing moment of your

existence. Ah, here comes your champagne! I admit that there may be a

slight disproportion, let us say, between the inner arrangements of

this excellent hotel and its simple and unpretentious exterior. But

that is all our modesty. We are the most modest men that ever lived on

earth."
MWT_T00092,MWT_C00095,26763,26782,Syme,high,high,new_explicit_speaker,And who are _we?_
MWT_T00093,MWT_C00096,26828,26849,Gregory,high,high,new_explicit_speaker,"It is quite simple,"
MWT_T00094,MWT_C00097,26867,26930,Unknown,review,review,unattributed_candidate_requires_review,"_We_ are the serious

anarchists, in whom you do not believe."
MWT_T00095,MWT_C00098,26934,26939,Syme,high,high,new_explicit_speaker,Oh!
MWT_T00096,MWT_C00099,26959,26994,Unknown,review,review,unattributed_candidate_requires_review,You do yourselves well in drinks.
MWT_T00097,MWT_C00100|MWT_C00101,26998,27256,Gregory,high,review,explicit_continuation_language,"Yes, we are serious about everything, If in a few moments this table begins to turn round a little, don’t

put it down to your inroads into the champagne. I don’t wish you to do

yourself an injustice."
MWT_T00098,MWT_C00102,27260,27296,Syme,high,high,new_explicit_speaker,"Well, if I am not drunk, I am mad,"
MWT_T00099,MWT_C00103,27330,27408,Unknown,review,review,unattributed_candidate_requires_review,"but I trust I can behave like a gentleman in either condition. May I

smoke?"
MWT_T00100,MWT_C00104,27412,27424,Gregory,high,high,new_explicit_speaker,Certainly!
MWT_T00101,MWT_C00105,27463,27481,Unknown,review,review,unattributed_candidate_requires_review,Try one of mine.
MWT_T00102,MWT_C00106,27884,27907,Gregory,high,high,new_explicit_speaker,"You must not mind it,"
MWT_T00103,MWT_C00107,27922,27945,Unknown,review,review,unattributed_candidate_requires_review,it’s a kind of screw.
MWT_T00104,MWT_C00108,27949,27960,Syme,high,high,new_explicit_speaker,"Quite so,"
MWT_T00105,MWT_C00109,27981,28019,Unknown,review,review,unattributed_candidate_requires_review,a kind of screw. How simple that is!
MWT_T00106,MWT_C00110,28984,29010,Unknown,review,review,unattributed_candidate_requires_review,"Mr. Joseph

Chamberlain."
MWT_T00107,MWT_C00111,29328,29381,Gregory,high,high,new_explicit_speaker,"I must ask you to forgive me all these formalities,"
MWT_T00108,MWT_C00112,29396,29430,Unknown,review,review,unattributed_candidate_requires_review,"we

have to be very strict here."
MWT_T00109,MWT_C00113,29434,29456,Syme,high,high,new_explicit_speaker,"Oh, don’t apologise,"
MWT_T00110,MWT_C00114,29468,29509,Unknown,review,review,unattributed_candidate_requires_review,"I know your passion for law and

order,"
MWT_T00111,MWT_C00115,30319,30347,Gregory,high,high,new_explicit_speaker,"And now, my dear Mr. Syme,"
MWT_T00112,MWT_C00116,30440,31054,Unknown,review,review,unattributed_candidate_requires_review,"now we are quite

cosy, so let us talk properly. Now no human words can give you any

notion of why I brought you here. It was one of those quite arbitrary

emotions, like jumping off a cliff or falling in love. Suffice it to

say that you were an inexpressibly irritating fellow, and, to do you

justice, you are still. I would break twenty oaths of secrecy for the

pleasure of taking you down a peg. That way you have of lighting a

cigar would make a priest break the seal of confession. Well, you said

that you were quite certain I was not a serious anarchist. Does this

place strike you as being serious?"
MWT_T00113,MWT_C00117,31058,31110,Syme,high,high,new_explicit_speaker,"It does seem to have a moral under all its gaiety,"
MWT_T00114,MWT_C00118,31127,31487,Unknown,review,review,unattributed_candidate_requires_review,"but may I ask you two questions? You need not fear to give me

information, because, as you remember, you very wisely extorted from me

a promise not to tell the police, a promise I shall certainly keep. So

it is in mere curiosity that I make my queries. First of all, what is

it really all about? What is it you object to? You want to abolish

Government?"
MWT_T00115,MWT_C00119,31491,31508,Gregory,high,high,new_explicit_speaker,To abolish God!
MWT_T00116,MWT_C00120,31554,32032,Unknown,review,review,unattributed_candidate_requires_review,"We do

not only want to upset a few despotisms and police regulations; that

sort of anarchism does exist, but it is a mere branch of the

Nonconformists. We dig deeper and we blow you higher. We wish to deny

all those arbitrary distinctions of vice and virtue, honour and

treachery, upon which mere rebels base themselves. The silly

sentimentalists of the French Revolution talked of the Rights of Man!

We hate Rights as we hate Wrongs. We have abolished Right and Wrong."
MWT_T00117,MWT_C00121,32036,32057,Syme,high,high,new_explicit_speaker,"And Right and Left,"
MWT_T00118,MWT_C00122,32093,32167,Unknown,review,review,unattributed_candidate_requires_review,"I hope you

will abolish them too. They are much more troublesome to me."
MWT_T00119,MWT_C00123,32171,32204,Unknown,review,review,unattributed_candidate_requires_review,"You spoke of a second question,"
MWT_T00120,MWT_C00124|MWT_C00125,32225,32914,Syme,high,review,explicit_continuation_language,"With pleasure, In all your present acts and

surroundings there is a scientific attempt at secrecy. I have an aunt

who lived over a shop, but this is the first time I have found people

living from preference under a public-house. You have a heavy iron

door. You cannot pass it without submitting to the humiliation of

calling yourself Mr. Chamberlain. You surround yourself with steel

instruments which make the place, if I may say so, more impressive than

homelike. May I ask why, after taking all this trouble to barricade

yourselves in the bowels of the earth, you then parade your whole

secret by talking about anarchism to every silly woman in Saffron

Park?"
MWT_T00121,MWT_C00126,32937,32960,Syme,medium,medium,new_explicit_speaker,"The answer is simple,"
MWT_T00122,MWT_C00127,32970,33135,Unknown,review,review,unattributed_candidate_requires_review,"I told you I was a serious anarchist,

and you did not believe me. Nor do _they_ believe me. Unless I took

them into this infernal room they would not believe me."
MWT_T00123,MWT_C00128,33219,33262,Syme,medium,medium,new_explicit_speaker,"The history of the thing might amuse you,"
MWT_T00124,MWT_C00129,33272,34601,Unknown,review,review,unattributed_candidate_requires_review,"When first I

became one of the New Anarchists I tried all kinds of respectable

disguises. I dressed up as a bishop. I read up all about bishops in our

anarchist pamphlets, in _Superstition the Vampire_ and _Priests of

Prey_. I certainly understood from them that bishops are strange and

terrible old men keeping a cruel secret from mankind. I was

misinformed. When on my first appearing in episcopal gaiters in a

drawing-room I cried out in a voice of thunder, ‘Down! down!

presumptuous human reason!’ they found out in some way that I was not a

bishop at all. I was nabbed at once. Then I made up as a millionaire;

but I defended Capital with so much intelligence that a fool could see

that I was quite poor. Then I tried being a major. Now I am a

humanitarian myself, but I have, I hope, enough intellectual breadth to

understand the position of those who, like Nietzsche, admire

violence—the proud, mad war of Nature and all that, you know. I threw

myself into the major. I drew my sword and waved it constantly. I

called out ‘Blood!’ abstractedly, like a man calling for wine. I often

said, ‘Let the weak perish; it is the Law.’ Well, well, it seems majors

don’t do this. I was nabbed again. At last I went in despair to the

President of the Central Anarchist Council, who is the greatest man in

Europe."
MWT_T00125,MWT_C00130,34605,34624,Syme,high,high,new_explicit_speaker,What is his name?
MWT_T00126,MWT_C00131,34640,34664,Gregory,high,high,new_explicit_speaker,"You would not know it,"
MWT_T00127,MWT_C00132,34683,35008,Unknown,review,review,unattributed_candidate_requires_review,"That is his greatness.

Caesar and Napoleon put all their genius into being heard of, and they

_were_ heard of. He puts all his genius into not being heard of, and he

is not heard of. But you cannot be for five minutes in the room with

him without feeling that Caesar and Napoleon would have been children

in his hands."
MWT_T00128,MWT_C00133,35075,35940,Unknown,review,review,unattributed_candidate_requires_review,"But whenever he gives advice it is always something as startling as an

epigram, and yet as practical as the Bank of England. I said to him,

‘What disguise will hide me from the world? What can I find more

respectable than bishops and majors?’ He looked at me with his large

but indecipherable face. ‘You want a safe disguise, do you? You want a

dress which will guarantee you harmless; a dress in which no one would

ever look for a bomb?’ I nodded. He suddenly lifted his lion’s voice.

‘Why, then, dress up as an _anarchist_, you fool!’ he roared so that

the room shook. ‘Nobody will ever expect you to do anything dangerous

then.’ And he turned his broad back on me without another word. I took

his advice, and have never regretted it. I preached blood and murder to

those women day and night, and—by God!—they would let me wheel their

perambulators."
MWT_T00129,MWT_C00134,36012,36029,Gregory,medium,medium,new_explicit_speaker,"You took me in,"
MWT_T00130,MWT_C00135,36039,36068,Unknown,review,review,unattributed_candidate_requires_review,It is really a smart dodge.
MWT_T00131,MWT_C00136,36104,36158,Unknown,review,review,unattributed_candidate_requires_review,What do you call this tremendous President of yours?
MWT_T00132,MWT_C00137,36162,36193,Gregory,high,high,new_explicit_speaker,"We generally call him Sunday,"
MWT_T00133,MWT_C00138,36227,36875,Unknown,review,review,unattributed_candidate_requires_review,"You

see, there are seven members of the Central Anarchist Council, and they

are named after days of the week. He is called Sunday, by some of his

admirers Bloody Sunday. It is curious you should mention the matter,

because the very night you have dropped in (if I may so express it) is

the night on which our London branch, which assembles in this room, has

to elect its own deputy to fill a vacancy in the Council. The gentleman

who has for some time past played, with propriety and general applause,

the difficult part of Thursday, has died quite suddenly. Consequently,

we have called a meeting this very evening to elect a successor."
MWT_T00134,MWT_C00139|MWT_C00140,36969,37415,Gregory,medium,review,explicit_continuation_language,"I feel somehow as if you were my mother, Syme, I feel that I can confide anything to you, as you have promised to

tell nobody. In fact, I will confide to you something that I would not

say in so many words to the anarchists who will be coming to the room

in about ten minutes. We shall, of course, go through a form of

election; but I don’t mind telling you that it is practically certain

what the result will be."
MWT_T00135,MWT_C00141,37454,37511,Unknown,review,review,unattributed_candidate_requires_review,"It is

almost a settled thing that I am to be Thursday."
MWT_T00136,MWT_C00142,37515,37532,Syme,high,high,new_explicit_speaker,My dear fellow.
MWT_T00137,MWT_C00143,37553,37591,Unknown,review,review,unattributed_candidate_requires_review,"I congratulate you. A great

career!"
MWT_T00138,MWT_C00144,37675,37739,Syme,medium,medium,new_explicit_speaker,"As a matter of fact, everything is ready for me on this table,"
MWT_T00139,MWT_C00145,37750,37808,Unknown,review,review,unattributed_candidate_requires_review,and the ceremony will probably be the shortest possible.
MWT_T00140,MWT_C00146|MWT_C00147,38107,38440,Gregory,high,review,explicit_continuation_language,"I have only to get the form of election finished, then I snatch up this cloak and stick, stuff these

other things into my pocket, step out of a door in this cavern, which

opens on the river, where there is a steam-tug already waiting for me,

and then—then—oh, the wild joy of being Thursday!"
MWT_T00141,MWT_C00148,38592,38604,Gregory,medium,medium,new_explicit_speaker,"Why is it,"
MWT_T00142,MWT_C00149,38623,38708,Unknown,review,review,unattributed_candidate_requires_review,"that I think you are quite a decent

fellow? Why do I positively like you, Gregory?"
MWT_T00143,MWT_C00150,38777,38814,Unknown,review,review,unattributed_candidate_requires_review,"Is it because you are such

an ass?"
MWT_T00144,MWT_C00151,38882,39187,Unknown,review,review,unattributed_candidate_requires_review,"Well, damn it all! this is the funniest situation I have ever been in

in my life, and I am going to act accordingly. Gregory, I gave you a

promise before I came into this place. That promise I would keep under

red-hot pincers. Would you give me, for my own safety, a little promise

of the same kind?"
MWT_T00145,MWT_C00152,39191,39203,Gregory,high,high,new_explicit_speaker,A promise?
MWT_T00146,MWT_C00153,39233,39239,Syme,high,high,new_explicit_speaker,"Yes,"
MWT_T00147,MWT_C00154,39266,39471,Unknown,review,review,unattributed_candidate_requires_review,"a promise. I swore before God that I

would not tell your secret to the police. Will you swear by Humanity,

or whatever beastly thing you believe in, that you will not tell my

secret to the anarchists?"
MWT_T00148,MWT_C00155,39475,39489,Unknown,review,review,unattributed_candidate_requires_review,Your secret?
MWT_T00149,MWT_C00156,39517,39541,Unknown,review,review,unattributed_candidate_requires_review,Have you got a secret?
MWT_T00150,MWT_C00157,39545,39551,Syme,high,high,new_explicit_speaker,"Yes,"
MWT_T00151,MWT_C00158,39563,39581,Unknown,review,review,unattributed_candidate_requires_review,I have a secret.
MWT_T00152,MWT_C00159,39602,39620,Unknown,review,review,unattributed_candidate_requires_review,"Will you

swear?"
MWT_T00153,MWT_C00160,39701,39903,Unknown,review,review,unattributed_candidate_requires_review,"You must have bewitched me, but I feel a furious curiosity about you.

Yes, I will swear not to tell the anarchists anything you tell me. But

look sharp, for they will be here in a couple of minutes."
MWT_T00154,MWT_C00161,40137,40144,Syme,high,high,new_explicit_speaker,"Well,"
MWT_T00155,MWT_C00162,40163,40386,Unknown,review,review,unattributed_candidate_requires_review,"I don’t know how to tell you the truth more

shortly than by saying that your expedient of dressing up as an aimless

poet is not confined to you or your President. We have known the dodge

for some time at Scotland Yard."
MWT_T00156,MWT_C00163,40452,40470,Syme,medium,medium,new_explicit_speaker,What do you say?
MWT_T00157,MWT_C00164,40504,40510,Syme,high,high,new_explicit_speaker,"Yes,"
MWT_T00158,MWT_C00165,40529,40596,Unknown,review,review,unattributed_candidate_requires_review,"I am a police detective. But I think I hear

your friends coming."
MWT_T00159,MWT_C00166,40640,40665,Unknown,review,review,unattributed_candidate_requires_review,Mr. Joseph Chamberlain.
MWT_T00160,MWT_C00167,41190,41218,Syme,medium,medium,new_explicit_speaker,"Don’t be such a silly man,"
MWT_T00161,MWT_C00168,41270,41379,Unknown,review,review,unattributed_candidate_requires_review,"Don’t you see it’s not necessary? Don’t you see that we’re

both in the same boat? Yes, and jolly sea-sick."
MWT_T00162,MWT_C00169,41470,41514,Syme,high,high,new_explicit_speaker,Don’t you see we’ve checkmated each other?
MWT_T00163,MWT_C00170,41527,42213,Unknown,review,review,unattributed_candidate_requires_review,"I can’t tell

the police you are an anarchist. You can’t tell the anarchists I’m a

policeman. I can only watch you, knowing what you are; you can only

watch me, knowing what I am. In short, it’s a lonely, intellectual

duel, my head against yours. I’m a policeman deprived of the help of

the police. You, my poor fellow, are an anarchist deprived of the help

of that law and organisation which is so essential to anarchy. The one

solitary difference is in your favour. You are not surrounded by

inquisitive policemen; I am surrounded by inquisitive anarchists. I

cannot betray you, but I might betray myself. Come, come! wait and see

me betray myself. I shall do it so nicely."
MWT_T00164,MWT_C00171,42308,42341,Syme,medium,medium,new_explicit_speaker,"I don’t believe in immortality,"
MWT_T00165,MWT_C00172,42359,42472,Unknown,review,review,unattributed_candidate_requires_review,"but if, after all

this, you were to break your word, God would make a hell only for you,

to howl in for ever."
MWT_T00166,MWT_C00173,42476,42504,Syme,high,high,new_explicit_speaker,"I shall not break my word,"
MWT_T00167,MWT_C00174,42524,42575,Unknown,review,review,unattributed_candidate_requires_review,"nor will you break

yours. Here are your friends."
MWT_T00168,MWT_C00175,42843,42861,Syme,medium,medium,new_explicit_speaker,"Comrade Gregory,"
MWT_T00169,MWT_C00176,42871,42906,Syme,high,high,new_explicit_speaker,I suppose this man is a delegate?
MWT_T00170,MWT_C00177,43017,43136,Unknown,review,review,unattributed_candidate_requires_review,"I am glad to see that your gate is well enough guarded to make it hard

for anyone to be here who was not a delegate."
MWT_T00171,MWT_C00178,43254,43285,Syme,medium,medium,new_explicit_speaker,What branch do you represent?
MWT_T00172,MWT_C00179,43307,43342,Syme,high,high,new_explicit_speaker,"I should hardly call it a branch,"
MWT_T00173,MWT_C00180,43364,43409,Unknown,review,review,unattributed_candidate_requires_review,"I should call

it at the very least a root."
MWT_T00174,MWT_C00181,43413,43432,Unknown,review,review,unattributed_candidate_requires_review,What do you mean?
MWT_T00175,MWT_C00182,43436,43450,Syme,high,high,new_explicit_speaker,"The fact is,"
MWT_T00176,MWT_C00183,43471,43588,Unknown,review,review,unattributed_candidate_requires_review,"the truth is I am a Sabbatarian. I

have been specially sent here to see that you show a due observance of

Sunday."
MWT_T00177,MWT_C00184,43830,43846,the man,high,high,new_explicit_speaker,"Well, comrade,"
MWT_T00178,MWT_C00185,43891,43947,Unknown,review,review,unattributed_candidate_requires_review,"I suppose

we’d better give you a seat in the meeting?"
MWT_T00179,MWT_C00186,43951,43986,Syme,high,high,new_explicit_speaker,"If you ask my advice as a friend,"
MWT_T00180,MWT_C00187,44023,44046,Unknown,review,review,unattributed_candidate_requires_review,I think you’d better.
MWT_T00181,MWT_C00188,44964,44994,Syme,medium,medium,new_explicit_speaker,"I think it is time we began,"
MWT_T00182,MWT_C00189,45004,45098,Unknown,review,review,unattributed_candidate_requires_review,"the steam-tug is waiting on

the river already. I move that Comrade Buttons takes the chair."
MWT_T00183,MWT_C00190,45213,45224,Unknown,review,review,unattributed_candidate_requires_review,"Comrades,"
MWT_T00184,MWT_C00191,45262,46591,Unknown,review,review,unattributed_candidate_requires_review,"our meeting tonight

is important, though it need not be long. This branch has always had

the honour of electing Thursdays for the Central European Council. We

have elected many and splendid Thursdays. We all lament the sad decease

of the heroic worker who occupied the post until last week. As you

know, his services to the cause were considerable. He organised the

great dynamite coup of Brighton which, under happier circumstances,

ought to have killed everybody on the pier. As you also know, his death

was as self-denying as his life, for he died through his faith in a

hygienic mixture of chalk and water as a substitute for milk, which

beverage he regarded as barbaric, and as involving cruelty to the cow.

Cruelty, or anything approaching to cruelty, revolted him always. But

it is not to acclaim his virtues that we are met, but for a harder

task. It is difficult properly to praise his qualities, but it is more

difficult to replace them. Upon you, comrades, it devolves this evening

to choose out of the company present the man who shall be Thursday. If

any comrade suggests a name I will put it to the vote. If no comrade

suggests a name, I can only tell myself that that dear dynamiter, who

is gone from us, has carried into the unknowable abysses the last

secret of his virtue and his innocence."
MWT_T00185,MWT_C00192,46817,46867,Unknown,review,review,unattributed_candidate_requires_review,"I move that Comrade Gregory be elected Thursday,"
MWT_T00186,MWT_C00193,46904,46925,Unknown,review,review,unattributed_candidate_requires_review,Does anyone second?
MWT_T00187,MWT_C00194,47012,47050,Unknown,review,review,unattributed_candidate_requires_review,"Before I put the matter to the vote,"
MWT_T00188,MWT_C00195,47070,47124,Unknown,review,review,unattributed_candidate_requires_review,"I will call

on Comrade Gregory to make a statement."
MWT_T00189,MWT_C00196,48027,48038,Unknown,review,review,unattributed_candidate_requires_review,"Comrades,"
MWT_T00190,MWT_C00197,48086,49751,Unknown,review,review,unattributed_candidate_requires_review,"it is not

necessary for me to tell you what is my policy, for it is your policy

also. Our belief has been slandered, it has been disfigured, it has

been utterly confused and concealed, but it has never been altered.

Those who talk about anarchism and its dangers go everywhere and

anywhere to get their information, except to us, except to the fountain

head. They learn about anarchists from sixpenny novels; they learn

about anarchists from tradesmen’s newspapers; they learn about

anarchists from _Ally Sloper’s Half-Holiday_ and the _Sporting Times_.

They never learn about anarchists from anarchists. We have no chance of

denying the mountainous slanders which are heaped upon our heads from

one end of Europe to another. The man who has always heard that we are

walking plagues has never heard our reply. I know that he will not hear

it tonight, though my passion were to rend the roof. For it is deep,

deep under the earth that the persecuted are permitted to assemble, as

the Christians assembled in the Catacombs. But if, by some incredible

accident, there were here tonight a man who all his life had thus

immensely misunderstood us, I would put this question to him: ‘When

those Christians met in those Catacombs, what sort of moral reputation

had they in the streets above? What tales were told of their atrocities

by one educated Roman to another? Suppose’ (I would say to him),

‘suppose that we are only repeating that still mysterious paradox of

history. Suppose we seem as shocking as the Christians because we are

really as harmless as the Christians. Suppose we seem as mad as the

Christians because we are really as meek."
MWT_T00191,MWT_C00198,49978,49993,Unknown,review,review,unattributed_candidate_requires_review,I’m not meek!
MWT_T00192,MWT_C00199|MWT_C00200|MWT_C00201,49997,50613,Gregory,high,review,unfinished_quote_with_short_gap,"Comrade Witherspoon tells us, that he is not meek.

Ah, how little he knows himself! His words are, indeed, extravagant;

his appearance is ferocious, and even (to an ordinary taste)

unattractive. But only the eye of a friendship as deep and delicate as

mine can perceive the deep foundation of solid meekness which lies at

the base of him, too deep even for himself to see. I repeat, we are the

true early Christians, only that we come too late. We are simple, as

they revere simple—look at Comrade Witherspoon. We are modest, as they

were modest—look at me. We are merciful— No, no!"
MWT_T00193,MWT_C00202,50668,50692,Unknown,review,review,unattributed_candidate_requires_review,"I say we are merciful,"
MWT_T00194,MWT_C00203,50721,50858,Unknown,review,review,unattributed_candidate_requires_review,"as the early

Christians were merciful. Yet this did not prevent their being accused

of eating human flesh. We do not eat human flesh—"
MWT_T00195,MWT_C00204,50862,50870,Unknown,review,review,unattributed_candidate_requires_review,Shame!
MWT_T00196,MWT_C00205,50890,50900,Unknown,review,review,unattributed_candidate_requires_review,Why not?
MWT_T00197,MWT_C00206,50904,50926,Gregory,high,high,new_explicit_speaker,"Comrade Witherspoon,"
MWT_T00198,MWT_C00207,50965,51103,Unknown,review,review,unattributed_candidate_requires_review,"is

anxious to know why nobody eats him (laughter). In our society, at any

rate, which loves him sincerely, which is founded upon love—"
MWT_T00199,MWT_C00208,51107,51116,Unknown,review,review,unattributed_candidate_requires_review,"No, no!"
MWT_T00200,MWT_C00209,51135,51152,Unknown,review,review,unattributed_candidate_requires_review,down with love.
MWT_T00201,MWT_C00210,51156,51185,Unknown,review,review,unattributed_candidate_requires_review,"Which is founded upon love,"
MWT_T00202,MWT_C00211|MWT_C00212,51225,51834,Gregory,high,review,explicit_continuation_language,"there will be no difficulty about the aims which we shall pursue as a

body, or which I should pursue were I chosen as the representative of

that body. Superbly careless of the slanders that represent us as

assassins and enemies of human society, we shall pursue with moral

courage and quiet intellectual pressure, the permanent ideals of

brotherhood and simplicity. Does anyone oppose the election of Comrade Gregory?"
MWT_T00203,MWT_C00213,52188,52218,Unknown,review,review,unattributed_candidate_requires_review,"Yes, Mr. Chairman, I oppose."
MWT_T00204,MWT_C00214,52522,52533,Gregory,medium,medium,new_explicit_speaker,Comrades!
MWT_T00205,MWT_C00215,52599,53808,Unknown,review,review,unattributed_candidate_requires_review,"have we come here for this? Do we live underground like rats in

order to listen to talk like this? This is talk we might listen to

while eating buns at a Sunday School treat. Do we line these walls with

weapons and bar that door with death lest anyone should come and hear

Comrade Gregory saying to us, ‘Be good, and you will be happy,’

‘Honesty is the best policy,’ and ‘Virtue is its own reward’? There was

not a word in Comrade Gregory’s address to which a curate could not

have listened with pleasure (hear, hear). But I am not a curate (loud

cheers), and I did not listen to it with pleasure (renewed cheers). The

man who is fitted to make a good curate is not fitted to make a

resolute, forcible, and efficient Thursday (hear, hear).



“Comrade Gregory has told us, in only too apologetic a tone, that we

are not the enemies of society. But I say that we are the enemies of

society, and so much the worse for society. We are the enemies of

society, for society is the enemy of humanity, its oldest and its most

pitiless enemy (hear, hear). Comrade Gregory has told us

(apologetically again) that we are not murderers. There I agree. We are

not murderers, we are executioners (cheers)."
MWT_T00206,MWT_C00216,54011,54036,Unknown,review,review,unattributed_candidate_requires_review,You damnable hypocrite!
MWT_T00207,MWT_C00217,54143,55209,Unknown,review,review,unattributed_candidate_requires_review,"Comrade Gregory accuses me of hypocrisy. He knows as well as I do that

I am keeping all my engagements and doing nothing but my duty. I do not

mince words. I do not pretend to. I say that Comrade Gregory is unfit

to be Thursday for all his amiable qualities. He is unfit to be

Thursday because of his amiable qualities. We do not want the Supreme

Council of Anarchy infected with a maudlin mercy (hear, hear). This is

no time for ceremonial politeness, neither is it a time for ceremonial

modesty. I set myself against Comrade Gregory as I would set myself

against all the Governments of Europe, because the anarchist who has

given himself to anarchy has forgotten modesty as much as he has

forgotten pride (cheers). I am not a man at all. I am a cause (renewed

cheers). I set myself against Comrade Gregory as impersonally and as

calmly as I should choose one pistol rather than another out of that

rack upon the wall; and I say that rather than have Gregory and his

milk-and-water methods on the Supreme Council, I would offer myself for

election—"
MWT_T00208,MWT_C00218,55739,55766,Unknown,review,review,unresolved_pronoun,"Stop, you blasted madmen!"
MWT_T00209,MWT_C00219,55822,55834,Unknown,review,review,unattributed_candidate_requires_review,"Stop, you—"
MWT_T00210,MWT_C00220,55984,56455,Unknown,review,review,unattributed_candidate_requires_review,"I do not go to the Council to rebut that slander that calls us

murderers; I go to earn it (loud and prolonged cheering). To the priest

who says these men are the enemies of religion, to the judge who says

these men are the enemies of law, to the fat parliamentarian who says

these men are the enemies of order and public decency, to all these I

will reply, ‘You are false kings, but you are true prophets. I am come

to destroy you, and to fulfil your prophecies.’"
MWT_T00211,MWT_C00221,56609,56679,Unknown,review,review,unattributed_candidate_requires_review,"I move, as an amendment, that Comrade Syme be appointed to the post."
MWT_T00212,MWT_C00222,56683,56711,Gregory,high,high,new_explicit_speaker,"Stop all this, I tell you!"
MWT_T00213,MWT_C00223,56757,56778,Unknown,review,review,unattributed_candidate_requires_review,"Stop it, it is all—"
MWT_T00214,MWT_C00224,56848,56884,Gregory,medium,medium,new_explicit_speaker,Does anyone second this amendment?
MWT_T00215,MWT_C00225,57146,57163,Gregory,medium,medium,new_explicit_speaker,I end all this!
MWT_T00216,MWT_C00226,57204,57242,Unknown,review,review,unattributed_candidate_requires_review,This man cannot be elected. He is a—
MWT_T00217,MWT_C00227,57246,57252,Syme,high,high,new_explicit_speaker,"Yes,"
MWT_T00218,MWT_C00228,57282,57295,Unknown,review,review,unattributed_candidate_requires_review,what is he?
MWT_T00219,MWT_C00229,57407,57453,Syme,medium,medium,new_explicit_speaker,"He is a man quite inexperienced in our work,"
MWT_T00220,MWT_C00230,57632,57679,Unknown,review,review,unattributed_candidate_requires_review,I beg to second the election of Comrade Syme.
MWT_T00221,MWT_C00231,57683,57728,Unknown,review,review,unattributed_candidate_requires_review,"The amendment will, as usual, be put first,"
MWT_T00222,MWT_C00232,57791,57827,Unknown,review,review,unattributed_candidate_requires_review,The question is that Comrade Syme—
MWT_T00223,MWT_C00233,57896,57907,Syme,medium,medium,new_explicit_speaker,"Comrades,"
MWT_T00224,MWT_C00234,57922,57942,Unknown,review,review,unattributed_candidate_requires_review,I am not a madman.
MWT_T00225,MWT_C00235,57946,57955,Unknown,review,review,unattributed_candidate_requires_review,"Oh, oh!"
MWT_T00226,MWT_C00236,57981,58001,Unknown,review,review,unattributed_candidate_requires_review,"I am not a madman,"
MWT_T00227,MWT_C00237,58089,58358,Unknown,review,review,unattributed_candidate_requires_review,"but I give you a counsel which

you can call mad if you like. No, I will not call it a counsel, for I

can give you no reason for it. I will call it a command. Call it a mad

command, but act upon it. Strike, but hear me! Kill me, but obey me! Do

not elect this man."
MWT_T00228,MWT_C00238,58555,58582,Unknown,review,review,unattributed_candidate_requires_review,Comrade Gregory commands—
MWT_T00229,MWT_C00239,58658,58692,Unknown,review,review,unattributed_candidate_requires_review,Who are you? You are not Sunday;
MWT_T00230,MWT_C00240,58742,58769,Unknown,review,review,unattributed_candidate_requires_review,And you are not Thursday.
MWT_T00231,MWT_C00241,58773,58784,Gregory,high,high,new_explicit_speaker,"Comrades,"
MWT_T00232,MWT_C00242,58884,59106,Unknown,review,review,unattributed_candidate_requires_review,"it is nothing to me whether

you detest me as a tyrant or detest me as a slave. If you will not take

my command, accept my degradation. I kneel to you. I throw myself at

your feet. I implore you. Do not elect this man."
MWT_T00233,MWT_C00243,59110,59128,Unknown,review,review,unattributed_candidate_requires_review,"Comrade Gregory,"
MWT_T00234,MWT_C00244,59170,59208,Unknown,review,review,unattributed_candidate_requires_review,"this is

really not quite dignified."
MWT_T00235,MWT_C00245,59437,59532,Unknown,review,review,unattributed_candidate_requires_review,"The question is that Comrade Syme be elected to the post of Thursday

on the General Council."
MWT_T00236,MWT_C00246,60238,60256,Gregory,high,high,new_explicit_speaker,You are a devil!
MWT_T00237,MWT_C00247,60282,60308,Syme,high,high,new_explicit_speaker,"And you are a gentleman,"
MWT_T00238,MWT_C00248,60336,60367,Unknown,review,review,unattributed_candidate_requires_review,"It was you that entrapped me,"
MWT_T00239,MWT_C00249,60411,60431,Unknown,review,review,unattributed_candidate_requires_review,entrapped me into—
MWT_T00240,MWT_C00250,60435,60448,Syme,high,high,new_explicit_speaker,"Talk sense,"
MWT_T00241,MWT_C00251,60468,60808,Unknown,review,review,unattributed_candidate_requires_review,"Into what sort of devils’ parliament

have you entrapped me, if it comes to that? You made me swear before I

made you. Perhaps we are both doing what we think right. But what we

think right is so damned different that there can be nothing between us

in the way of concession. There is nothing possible between us but

honour and death,"
MWT_T00242,MWT_C00252,60903,60929,Unknown,review,review,unattributed_candidate_requires_review,"The boat is quite ready,"
MWT_T00243,MWT_C00253,60961,60996,Unknown,review,review,unattributed_candidate_requires_review,"Be good

enough to step this way."
MWT_T00244,MWT_C00254,61514,61540,Syme,medium,medium,new_explicit_speaker,"You have kept your word,"
MWT_T00245,MWT_C00255,61583,61811,Unknown,review,review,unattributed_candidate_requires_review,"You are a man of honour, and I thank you. You have kept it even down

to a small particular. There was one special thing you promised me at

the beginning of the affair, and which you have certainly given me by

the end of it."
MWT_T00246,MWT_C00256,61815,61834,Unknown,review,review,unattributed_candidate_requires_review,What do you mean?
MWT_T00247,MWT_C00257,61862,61888,Unknown,review,review,unattributed_candidate_requires_review,"What did I promise

you?"
MWT_T00248,MWT_C00258,61892,61922,Syme,high,high,new_explicit_speaker,"A very entertaining evening,"
MWT_T00249,MWT_C00259,65818,65834,Unknown,review,review,unattributed_candidate_requires_review,"Good

evening."
MWT_T00250,MWT_C00260,65994,66017,Unknown,review,review,unresolved_pronoun,A good evening is it?
MWT_T00251,MWT_C00261,66035,66449,Unknown,review,review,unattributed_candidate_requires_review,"You fellows would call the

end of the world a good evening. Look at that bloody red sun and that

bloody river! I tell you that if that were literally human blood, spilt

and shining, you would still be standing here as solid as ever, looking

out for some poor harmless tramp whom you could move on. You policemen

are cruel to the poor, but I could forgive you even your cruelty if it

were not for your calm."
MWT_T00252,MWT_C00262,66453,66470,the policeman,high,high,new_explicit_speaker,"If we are calm,"
MWT_T00253,MWT_C00263,66494,66536,Unknown,review,review,unattributed_candidate_requires_review,"it is the calm of organised

resistance."
MWT_T00254,MWT_C00264,66540,66545,Syme,high,high,new_explicit_speaker,Eh?
MWT_T00255,MWT_C00265,66569,66623,Unknown,review,review,unattributed_candidate_requires_review,"The soldier must be calm in the thick of the battle,"
MWT_T00256,MWT_C00266,66648,66700,Unknown,review,review,unattributed_candidate_requires_review,The composure of an army is the anger of a nation.
MWT_T00257,MWT_C00267,66704,66734,Syme,high,high,new_explicit_speaker,"Good God, the Board Schools!"
MWT_T00258,MWT_C00268,66746,66784,Unknown,review,review,unattributed_candidate_requires_review,"Is this undenominational

education?"
MWT_T00259,MWT_C00269,66788,66793,the policeman,high,high,new_explicit_speaker,"No,"
MWT_T00260,MWT_C00270,66820,66966,Unknown,review,review,unattributed_candidate_requires_review,"I never had any of those advantages.

The Board Schools came after my time. What education I had was very

rough and old-fashioned, I am afraid."
MWT_T00261,MWT_C00271,66970,66994,Syme,high,high,new_explicit_speaker,Where did you have it?
MWT_T00262,MWT_C00272,67021,67037,the policeman,high,high,new_explicit_speaker,"Oh, at Harrow,"
MWT_T00263,MWT_C00273,67197,67219,the policeman,medium,medium,new_explicit_speaker,"But, good Lord, man,"
MWT_T00264,MWT_C00274,67229,67262,Unknown,review,review,unattributed_candidate_requires_review,you oughtn’t to be a policeman!
MWT_T00265,MWT_C00275,67310,67319,the policeman,medium,medium,new_explicit_speaker,"I know,"
MWT_T00266,MWT_C00276,67338,67363,Unknown,review,review,unattributed_candidate_requires_review,I know I am not worthy.
MWT_T00267,MWT_C00277,67367,67401,Syme,high,high,new_explicit_speaker,But why did you join the police?
MWT_T00268,MWT_C00278,67437,67491,the other,high,high,new_explicit_speaker,"For much the same reason that you abused the police,"
MWT_T00269,MWT_C00279,67512,67791,Unknown,review,review,unattributed_candidate_requires_review,"I found that there was a special opening in the service for

those whose fears for humanity were concerned rather with the

aberrations of the scientific intellect than with the normal and

excusable, though excessive, outbreaks of the human will. I trust I

make myself clear."
MWT_T00270,MWT_C00280,67795,67842,Syme,high,high,new_explicit_speaker,"If you mean that you make your opinion clear,"
MWT_T00271,MWT_C00281,67854,68032,Unknown,review,review,unattributed_candidate_requires_review,"I suppose

you do. But as for making yourself clear, it is the last thing you do.

How comes a man like you to be talking philosophy in a blue helmet on

the Thames embankment?"
MWT_T00272,MWT_C00282,68036,68115,the other,high,high,new_explicit_speaker,"You have evidently not heard of the latest development in our police

system,"
MWT_T00273,MWT_C00283,68135,68358,Unknown,review,review,unattributed_candidate_requires_review,"I am not surprised at it. We are keeping

it rather dark from the educated class, because that class contains

most of our enemies. But you seem to be exactly in the right frame of

mind. I think you might almost join us."
MWT_T00274,MWT_C00284,68362,68381,Syme,high,high,new_explicit_speaker,Join you in what?
MWT_T00275,MWT_C00285,68397,68415,the policeman,high,high,new_explicit_speaker,"I will tell you,"
MWT_T00276,MWT_C00286,68443,69253,Unknown,review,review,unattributed_candidate_requires_review,"This is the situation:

The head of one of our departments, one of the most celebrated

detectives in Europe, has long been of opinion that a purely

intellectual conspiracy would soon threaten the very existence of

civilisation. He is certain that the scientific and artistic worlds are

silently bound in a crusade against the Family and the State. He has,

therefore, formed a special corps of policemen, policemen who are also

philosophers. It is their business to watch the beginnings of this

conspiracy, not merely in a criminal but in a controversial sense. I am

a democrat myself, and I am fully aware of the value of the ordinary

man in matters of ordinary valour or virtue. But it would obviously be

undesirable to employ the common policeman in an investigation which is

also a heresy hunt."
MWT_T00277,MWT_C00287,69314,69337,the policeman,medium,medium,new_explicit_speaker,"What do you do, then?"
MWT_T00278,MWT_C00288,69350,69392,the man,high,high,new_explicit_speaker,"The work of the philosophical policeman,"
MWT_T00279,MWT_C00289,69418,70086,Unknown,review,review,unattributed_candidate_requires_review,"is

at once bolder and more subtle than that of the ordinary detective. The

ordinary detective goes to pot-houses to arrest thieves; we go to

artistic tea-parties to detect pessimists. The ordinary detective

discovers from a ledger or a diary that a crime has been committed. We

discover from a book of sonnets that a crime will be committed. We have

to trace the origin of those dreadful thoughts that drive men on at

last to intellectual fanaticism and intellectual crime. We were only

just in time to prevent the assassination at Hartlepool, and that was

entirely due to the fact that our Mr. Wilks (a smart young fellow)

thoroughly understood a triolet."
MWT_T00280,MWT_C00290,70090,70104,Syme,high,high,new_explicit_speaker,"Do you mean,"
MWT_T00281,MWT_C00291,70117,70211,Unknown,review,review,unattributed_candidate_requires_review,"that there is really as much connection

between crime and the modern intellect as all that?"
MWT_T00282,MWT_C00292,70215,70253,the policeman,high,high,new_explicit_speaker,"You are not sufficiently democratic,"
MWT_T00283,MWT_C00293,70278,71731,Unknown,review,review,unattributed_candidate_requires_review,"but you

were right when you said just now that our ordinary treatment of the

poor criminal was a pretty brutal business. I tell you I am sometimes

sick of my trade when I see how perpetually it means merely a war upon

the ignorant and the desperate. But this new movement of ours is a very

different affair. We deny the snobbish English assumption that the

uneducated are the dangerous criminals. We remember the Roman Emperors.

We remember the great poisoning princes of the Renaissance. We say that

the dangerous criminal is the educated criminal. We say that the most

dangerous criminal now is the entirely lawless modern philosopher.

Compared to him, burglars and bigamists are essentially moral men; my

heart goes out to them. They accept the essential ideal of man; they

merely seek it wrongly. Thieves respect property. They merely wish the

property to become their property that they may more perfectly respect

it. But philosophers dislike property as property; they wish to destroy

the very idea of personal possession. Bigamists respect marriage, or

they would not go through the highly ceremonial and even ritualistic

formality of bigamy. But philosophers despise marriage as marriage.

Murderers respect human life; they merely wish to attain a greater

fulness of human life in themselves by the sacrifice of what seems to

them to be lesser lives. But philosophers hate life itself, their own

as much as other people’s."
MWT_T00284,MWT_C00294,71770,71789,the policeman,medium,medium,new_explicit_speaker,"How true that is,"
MWT_T00285,MWT_C00295,71800,72701,Unknown,review,review,unattributed_candidate_requires_review,"I have felt it from my boyhood, but

never could state the verbal antithesis. The common criminal is a bad

man, but at least he is, as it were, a conditional good man. He says

that if only a certain obstacle be removed—say a wealthy uncle—he is

then prepared to accept the universe and to praise God. He is a

reformer, but not an anarchist. He wishes to cleanse the edifice, but

not to destroy it. But the evil philosopher is not trying to alter

things, but to annihilate them. Yes, the modern world has retained all

those parts of police work which are really oppressive and ignominious,

the harrying of the poor, the spying upon the unfortunate. It has given

up its more dignified work, the punishment of powerful traitors in the

State and powerful heresiarchs in the Church. The moderns say we must

not punish heretics. My only doubt is whether we have a right to punish

anybody else."
MWT_T00286,MWT_C00296,72705,72726,the policeman,high,high,new_explicit_speaker,But this is absurd!
MWT_T00287,MWT_C00297,72834,73173,Unknown,review,review,unattributed_candidate_requires_review,"but it is

intolerable! I don’t know what you’re doing, but you’re wasting your

life. You must, you shall, join our special army against anarchy. Their

armies are on our frontiers. Their bolt is ready to fall. A moment

more, and you may lose the glory of working with us, perhaps the glory

of dying with the last heroes of the world."
MWT_T00288,MWT_C00298,73177,73222,Syme,high,high,new_explicit_speaker,"It is a chance not to be missed, certainly,"
MWT_T00289,MWT_C00299,73238,73563,Unknown,review,review,unattributed_candidate_requires_review,"but still

I do not quite understand. I know as well as anybody that the modern

world is full of lawless little men and mad little movements. But,

beastly as they are, they generally have the one merit of disagreeing

with each other. How can you talk of their leading one army or hurling

one bolt. What is this anarchy?"
MWT_T00290,MWT_C00300,73567,73587,Unknown,review,review,unattributed_candidate_requires_review,"Do not confuse it,"
MWT_T00291,MWT_C00301,73611,74626,Unknown,review,review,unattributed_candidate_requires_review,"with those chance dynamite

outbreaks from Russia or from Ireland, which are really the outbreaks

of oppressed, if mistaken, men. This is a vast philosophic movement,

consisting of an outer and an inner ring. You might even call the outer

ring the laity and the inner ring the priesthood. I prefer to call the

outer ring the innocent section, the inner ring the supremely guilty

section. The outer ring—the main mass of their supporters—are merely

anarchists; that is, men who believe that rules and formulas have

destroyed human happiness. They believe that all the evil results of

human crime are the results of the system that has called it crime.

They do not believe that the crime creates the punishment. They believe

that the punishment has created the crime. They believe that if a man

seduced seven women he would naturally walk away as blameless as the

flowers of spring. They believe that if a man picked a pocket he would

naturally feel exquisitely good. These I call the innocent section."
MWT_T00292,MWT_C00302,74630,74635,Syme,high,high,new_explicit_speaker,Oh!
MWT_T00293,MWT_C00303,74650,75022,Unknown,review,review,unattributed_candidate_requires_review,"Naturally, therefore, these people talk about ‘a happy time coming’;

‘the paradise of the future’; ‘mankind freed from the bondage of vice

and the bondage of virtue,’ and so on. And so also the men of the inner

circle speak—the sacred priesthood. They also speak to applauding

crowds of the happiness of the future, and of mankind freed at last.

But in their mouths"
MWT_T00294,MWT_C00304,75059,75753,Unknown,review,review,unattributed_candidate_requires_review,"in their

mouths these happy phrases have a horrible meaning. They are under no

illusions; they are too intellectual to think that man upon this earth

can ever be quite free of original sin and the struggle. And they mean

death. When they say that mankind shall be free at last, they mean that

mankind shall commit suicide. When they talk of a paradise without

right or wrong, they mean the grave.



“They have but two objects, to destroy first humanity and then

themselves. That is why they throw bombs instead of firing pistols. The

innocent rank and file are disappointed because the bomb has not killed

the king; but the high-priesthood are happy because it has killed

somebody."
MWT_T00295,MWT_C00305,75757,75778,Syme,high,high,new_explicit_speaker,How can I join you?
MWT_T00296,MWT_C00306,75818,75876,the policeman,high,high,new_explicit_speaker,"I know for a fact that there is a vacancy at the moment,"
MWT_T00297,MWT_C00307,75898,76124,Unknown,review,review,unattributed_candidate_requires_review,"as I have the honour to be somewhat in the confidence of

the chief of whom I have spoken. You should really come and see him. Or

rather, I should not say see him, nobody ever sees him; but you can

talk to him if you like."
MWT_T00298,MWT_C00308,76128,76140,Syme,high,high,new_explicit_speaker,Telephone?
MWT_T00299,MWT_C00309,76174,76179,the policeman,high,high,new_explicit_speaker,"No,"
MWT_T00300,MWT_C00310,76209,76323,Unknown,review,review,unattributed_candidate_requires_review,"he has a fancy for always sitting

in a pitch-dark room. He says it makes his thoughts brighter. Do come

along."
MWT_T00301,MWT_C00311,76800,76826,Unknown,review,review,unattributed_candidate_requires_review,Are you the new recruit?
MWT_T00302,MWT_C00312,77057,77083,Unknown,review,review,unattributed_candidate_requires_review,Are you the new recruit?
MWT_T00303,MWT_C00313,77150,77179,Unknown,review,review,unattributed_candidate_requires_review,All right. You are engaged.
MWT_T00304,MWT_C00314,77272,77302,Unknown,review,review,unattributed_candidate_requires_review,"I really have no experience,"
MWT_T00305,MWT_C00315,77316,77344,the other,high,high,new_explicit_speaker,"No one has any experience,"
MWT_T00306,MWT_C00316,77361,77392,Unknown,review,review,unattributed_candidate_requires_review,"of the Battle of

Armageddon."
MWT_T00307,MWT_C00317,77396,77420,Unknown,review,review,unattributed_candidate_requires_review,But I am really unfit—
MWT_T00308,MWT_C00318,77424,77458,Unknown,review,review,unattributed_candidate_requires_review,"You are willing, that is enough,"
MWT_T00309,MWT_C00319,77480,77495,Syme,high,high,new_explicit_speaker,"Well, really,"
MWT_T00310,MWT_C00320,77507,77582,Unknown,review,review,unattributed_candidate_requires_review,"I don’t know any profession of which mere

willingness is the final test."
MWT_T00311,MWT_C00321,77586,77593,the other,high,high,new_explicit_speaker,"I do,"
MWT_T00312,MWT_C00322,77609,77660,Unknown,review,review,unattributed_candidate_requires_review,"martyrs. I am condemning you to death. Good

day."
MWT_T00313,MWT_C00323,78412,78431,Unknown,review,review,unattributed_candidate_requires_review,"The Last Crusade,"
MWT_T00314,MWT_C00324,84580,84621,Unknown,review,review,unresolved_pronoun,"If we walk up towards Leicester Square,"
MWT_T00315,MWT_C00325,84631,84743,Unknown,review,review,unattributed_candidate_requires_review,"we shall just be in

time for breakfast. Sunday always insists on an early breakfast. Have

you had any sleep?"
MWT_T00316,MWT_C00326,84747,84752,Syme,high,high,new_explicit_speaker,"No,"
MWT_T00317,MWT_C00327,84767,84780,the man,high,high,new_explicit_speaker,"Nor have I,"
MWT_T00318,MWT_C00328,84819,84864,Unknown,review,review,unattributed_candidate_requires_review,"I shall try to get

to bed after breakfast."
MWT_T00319,MWT_C00329,85125,86000,Unknown,review,review,unattributed_candidate_requires_review,"Of course, the Secretary of the branch told you everything that can be

told. But the one thing that can never be told is the last notion of

the President, for his notions grow like a tropical forest. So in case

you don’t know, I’d better tell you that he is carrying out his notion

of concealing ourselves by not concealing ourselves to the most

extraordinary lengths just now. Originally, of course, we met in a cell

underground, just as your branch does. Then Sunday made us take a

private room at an ordinary restaurant. He said that if you didn’t seem

to be hiding nobody hunted you out. Well, he is the only man on earth,

I know; but sometimes I really think that his huge brain is going a

little mad in its old age. For now we flaunt ourselves before the

public. We have our breakfast on a balcony—on a balcony, if you

please—overlooking Leicester Square."
MWT_T00320,MWT_C00330,86004,86033,Syme,high,high,new_explicit_speaker,And what do the people say?
MWT_T00321,MWT_C00331,86049,86083,Unknown,review,review,unattributed_candidate_requires_review,"It’s quite simple what they say,"
MWT_T00322,MWT_C00332,86104,86180,Unknown,review,review,unattributed_candidate_requires_review,"They say we are

a lot of jolly gentlemen who pretend they are anarchists."
MWT_T00323,MWT_C00333,86184,86220,Syme,high,high,new_explicit_speaker,"It seems to me a very clever idea,"
MWT_T00324,MWT_C00334,86235,86278,Unknown,review,review,unattributed_candidate_requires_review,Clever! God blast your impudence! Clever!
MWT_T00325,MWT_C00335,86387,86469,Unknown,review,review,unattributed_candidate_requires_review,"When you’ve seen Sunday for a split second you’ll leave

off calling him clever."
MWT_T00326,MWT_C00336,89613,89648,Syme,medium,medium,new_explicit_speaker,"The gentlemen are up there, sare,"
MWT_T00327,MWT_C00337,89658,89756,Unknown,review,review,unattributed_candidate_requires_review,"They do talk and they do

laugh at what they talk. They do say they will throw bombs at ze king."
MWT_T00328,MWT_C00338,93011,93032,the President,high,high,new_explicit_speaker,"Our friend Tuesday,"
MWT_T00329,MWT_C00339,93101,93706,Unknown,review,review,unattributed_candidate_requires_review,"our friend Tuesday doesn’t seem to grasp the

idea. He dresses up like a gentleman, but he seems to be too great a

soul to behave like one. He insists on the ways of the stage

conspirator. Now if a gentleman goes about London in a top hat and a

frock-coat, no one need know that he is an anarchist. But if a

gentleman puts on a top hat and a frock-coat, and then goes about on

his hands and knees—well, he may attract attention. That’s what Brother

Gogol does. He goes about on his hands and knees with such

inexhaustible diplomacy, that by this time he finds it quite difficult

to walk upright."
MWT_T00330,MWT_C00340,93710,93741,Unknown,review,review,unattributed_candidate_requires_review,"I am not good at concealment,"
MWT_T00331,MWT_C00341,93792,93824,Unknown,review,review,unattributed_candidate_requires_review,I am not ashamed of the cause.
MWT_T00332,MWT_C00342,93828,93878,the President,high,high,new_explicit_speaker,"Yes you are, my boy, and so is the cause of you,"
MWT_T00333,MWT_C00343,93915,94324,Unknown,review,review,unattributed_candidate_requires_review,"You hide as much as anybody; but you can’t do it, you

see, you’re such an ass! You try to combine two inconsistent methods.

When a householder finds a man under his bed, he will probably pause to

note the circumstance. But if he finds a man under his bed in a top

hat, you will agree with me, my dear Tuesday, that he is not likely

even to forget it. Now when you were found under Admiral Biffin’s bed—"
MWT_T00334,MWT_C00344,94328,94357,Unknown,review,review,unattributed_candidate_requires_review,"I am not good at deception,"
MWT_T00335,MWT_C00345,94394,94417,the President,high,high,new_explicit_speaker,"Right, my boy, right,"
MWT_T00336,MWT_C00346,94467,94497,Unknown,review,review,unattributed_candidate_requires_review,you aren’t good at anything.
MWT_T00337,MWT_C00347,107338,107362,the Marquis,high,high,new_explicit_speaker,"I have often wondered,"
MWT_T00338,MWT_C00348,107435,107650,Unknown,review,review,unattributed_candidate_requires_review,"whether it wouldn’t be better for me to do it

with a knife. Most of the best things have been brought off with a

knife. And it would be a new emotion to get a knife into a French

President and wriggle it round."
MWT_T00339,MWT_C00349,107654,107670,the Secretary,high,high,new_explicit_speaker,"You are wrong,"
MWT_T00340,MWT_C00350,107726,108084,the Secretary,medium,medium,new_explicit_speaker,"The knife was merely the expression of the old personal quarrel with a

personal tyrant. Dynamite is not only our best tool, but our best

symbol. It is as perfect a symbol of us as is incense of the prayers of

the Christians. It expands; it only destroys because it broadens; even

so, thought only destroys because it broadens. A man’s brain is a

bomb,"
MWT_T00341,MWT_C00351,108181,108316,Unknown,review,review,unattributed_candidate_requires_review,"My brain feels like a bomb,

night and day. It must expand! It must expand! A man’s brain must

expand, if it breaks up the universe."
MWT_T00342,MWT_C00352,108320,108367,Unknown,review,review,unattributed_candidate_requires_review,"I don’t want the universe broken up just yet,"
MWT_T00343,MWT_C00353,108389,108478,Unknown,review,review,unattributed_candidate_requires_review,"I

want to do a lot of beastly things before I die. I thought of one

yesterday in bed."
MWT_T00344,MWT_C00354,108482,108528,Unknown,review,review,unattributed_candidate_requires_review,"No, if the only end of the thing is nothing,"
MWT_T00345,MWT_C00355,108572,108602,Unknown,review,review,unattributed_candidate_requires_review,it hardly seems worth doing.
MWT_T00346,MWT_C00356,108670,108701,the Secretary,medium,medium,new_explicit_speaker,"Every man knows in his heart,"
MWT_T00347,MWT_C00357,108711,108741,the Secretary,high,high,new_explicit_speaker,that nothing is worth doing.
MWT_T00348,MWT_C00358,108807,109078,Unknown,review,review,unattributed_candidate_requires_review,"We are wandering, however, from the point. The only question is how

Wednesday is to strike the blow. I take it we should all agree with the

original notion of a bomb. As to the actual arrangements, I should

suggest that tomorrow morning he should go first of all to—"
MWT_T00349,MWT_C00359,109215,109240,the Secretary,medium,medium,new_explicit_speaker,"Before we discuss that,"
MWT_T00350,MWT_C00360,109274,109348,Unknown,review,review,unattributed_candidate_requires_review,"let us go

into a private room. I have something very particular to say."
MWT_T00351,MWT_C00361,111241,111282,Unknown,review,review,unattributed_candidate_requires_review,"Païens ont tort et Chrétiens ont droit,"
MWT_T00352,MWT_C00362,112531,112542,Unknown,review,review,unresolved_pronoun,Zso! Zso!
MWT_T00353,MWT_C00363,112636,112772,Unknown,review,review,unattributed_candidate_requires_review,"You zay you nod ’ide. You zay you

show himselves. It is all nuzzinks. Ven you vant talk importance you

run yourselves in a dark box!"
MWT_T00354,MWT_C00364,112868,112906,Unknown,review,review,unresolved_pronoun,"You can’t get hold of it yet, Gogol,"
MWT_T00355,MWT_C00365,112934,113169,Unknown,review,review,unattributed_candidate_requires_review,"When

once they have heard us talking nonsense on that balcony they will not

care where we go afterwards. If we had come here first, we should have

had the whole staff at the keyhole. You don’t seem to know anything

about mankind."
MWT_T00356,MWT_C00366,113173,113189,Unknown,review,review,unattributed_candidate_requires_review,"I die for zem,"
MWT_T00357,MWT_C00367,113226,113343,Unknown,review,review,unattributed_candidate_requires_review,"and I slay zare

oppressors. I care not for these games of gonzealment. I would zmite ze

tyrant in ze open square."
MWT_T00358,MWT_C00368,113347,113362,the President,high,high,new_explicit_speaker,"I see, I see,"
MWT_T00359,MWT_C00369,113448,113737,Unknown,review,review,unattributed_candidate_requires_review,"You die for mankind first, and then you

get up and smite their oppressors. So that’s all right. And now may I

ask you to control your beautiful sentiments, and sit down with the

other gentlemen at this table. For the first time this morning

something intelligent is going to be said."
MWT_T00360,MWT_C00370,114119,114130,the President,high,high,new_explicit_speaker,"Comrades,"
MWT_T00361,MWT_C00371,114168,114663,Unknown,review,review,unattributed_candidate_requires_review,"we have spun out this

farce long enough. I have called you down here to tell you something so

simple and shocking that even the waiters upstairs (long inured to our

levities) might hear some new seriousness in my voice. Comrades, we

were discussing plans and naming places. I propose, before saying

anything else, that those plans and places should not be voted by this

meeting, but should be left wholly in the control of some one reliable

member. I suggest Comrade Saturday, Dr. Bull."
MWT_T00362,MWT_C00372,114835,114998,Unknown,review,review,unattributed_candidate_requires_review,"Not one word more about the plans and places must be said at this

meeting. Not one tiny detail more about what we mean to do must be

mentioned in this company."
MWT_T00363,MWT_C00373,115421,115792,Unknown,review,review,unattributed_candidate_requires_review,"You will probably understand that there is only one possible motive

for forbidding free speech at this festival of freedom. Strangers

overhearing us matters nothing. They assume that we are joking. But

what would matter, even unto death, is this, that there should be one

actually among us who is not of us, who knows our grave purpose, but

does not share it, who—"
MWT_T00364,MWT_C00374,115849,115863,the President,medium,medium,new_explicit_speaker,It can’t be!
MWT_T00365,MWT_C00375,115883,115897,Unknown,review,review,unattributed_candidate_requires_review,There can’t—
MWT_T00366,MWT_C00376,115992,115998,Unknown,review,review,unresolved_pronoun,"Yes,"
MWT_T00367,MWT_C00377,116015,116118,Unknown,review,review,unattributed_candidate_requires_review,"there is a spy in this room. There is a traitor

at this table. I will waste no more words. His name—"
MWT_T00368,MWT_C00378,116187,116207,the President,high,high,new_explicit_speaker,"His name is Gogol,"
MWT_T00369,MWT_C00379,116228,116292,Unknown,review,review,unattributed_candidate_requires_review,"He is that hairy humbug over

there who pretends to be a Pole."
MWT_T00370,MWT_C00380,116677,116688,Unknown,review,review,unattributed_candidate_requires_review,Sit down!
MWT_T00371,MWT_C00381,116899,116914,the President,high,high,new_explicit_speaker,"Well, my man,"
MWT_T00372,MWT_C00382,116994,117103,Unknown,review,review,unattributed_candidate_requires_review,"will you oblige me by putting your hand in

your upper waistcoat pocket and showing me what you have there?"
MWT_T00373,MWT_C00383,117628,117644,the President,high,high,new_explicit_speaker,"Pathetic Slav,"
MWT_T00374,MWT_C00384,117665,117799,Unknown,review,review,unattributed_candidate_requires_review,"tragic child of Poland, are you

prepared in the presence of that card to deny that you are in this

company—shall we say _de trop?_"
MWT_T00375,MWT_C00385,117803,117814,Unknown,review,review,unattributed_candidate_requires_review,Right oh!
MWT_T00376,MWT_C00386,118040,118091,Unknown,review,review,unattributed_candidate_requires_review,"I gather that you fully understand your position,"
MWT_T00377,MWT_C00387,118108,118118,Unknown,review,review,unattributed_candidate_requires_review,"You bet,"
MWT_T00378,MWT_C00388,118138,118248,Unknown,review,review,unattributed_candidate_requires_review,"I see it’s a fair cop. All I say is, I

don’t believe any Pole could have imitated my accent like I did his."
MWT_T00379,MWT_C00389,118252,118274,Unknown,review,review,unattributed_candidate_requires_review,"I concede the point,"
MWT_T00380,MWT_C00390,118288,118421,Unknown,review,review,unattributed_candidate_requires_review,"I believe your own accent to be

inimitable, though I shall practise it in my bath. Do you mind leaving

your beard with your card?"
MWT_T00381,MWT_C00391,118425,118437,Unknown,review,review,unattributed_candidate_requires_review,"Not a bit,"
MWT_T00382,MWT_C00392|MWT_C00393,118580,118642,the President,medium,review,explicit_continuation_language,"It was hot, I will do you the justice to say,"
MWT_T00383,MWT_C00394,118698,119085,Unknown,review,review,unattributed_candidate_requires_review,"that you seem to have kept pretty cool under it.

Now listen to me. I like you. The consequence is that it would annoy me

for just about two and a half minutes if I heard that you had died in

torments. Well, if you ever tell the police or any human soul about us,

I shall have that two and a half minutes of discomfort. On your

discomfort I will not dwell. Good day. Mind the step."
MWT_T00384,MWT_C00395,119443,119460,the President,high,high,new_explicit_speaker,"Time is flying,"
MWT_T00385,MWT_C00396,119600,119677,Unknown,review,review,unattributed_candidate_requires_review,"I must go off at once; I have to take the chair

at a Humanitarian meeting."
MWT_T00386,MWT_C00397,119735,119760,the President,medium,medium,new_explicit_speaker,"Would it not be better,"
MWT_T00387,MWT_C00398,119787,119866,Unknown,review,review,unattributed_candidate_requires_review,"to discuss further

the details of our project, now that the spy has left us?"
MWT_T00388,MWT_C00399,119870,119888,the President,high,high,new_explicit_speaker,"No, I think not,"
MWT_T00389,MWT_C00400,119953,120041,Unknown,review,review,unattributed_candidate_requires_review,"Leave it as it is. Let Saturday settle it. I must be off.

Breakfast here next Sunday."
MWT_T00390,MWT_C00401,120192,120249,the President,medium,medium,new_explicit_speaker,"I must protest, President, that the thing is irregular,"
MWT_T00391,MWT_C00402,120259,120441,Unknown,review,review,unattributed_candidate_requires_review,"It

is a fundamental rule of our society that all plans shall be debated in

full council. Of course, I fully appreciate your forethought when in

the actual presence of a traitor—"
MWT_T00392,MWT_C00403,120445,120457,the President,high,high,new_explicit_speaker,"Secretary,"
MWT_T00393,MWT_C00404,120488,120592,Unknown,review,review,unattributed_candidate_requires_review,"if you’d take your head

home and boil it for a turnip it might be useful. I can’t say. But it

might."
MWT_T00394,MWT_C00405,120652,120682,Unknown,review,review,unattributed_candidate_requires_review,I really fail to understand—
MWT_T00395,MWT_C00406,120712,120735,the President,high,high,new_explicit_speaker,"That’s it, that’s it,"
MWT_T00396,MWT_C00407,120785,120872,Unknown,review,review,unattributed_candidate_requires_review,"That’s where you fail right enough. You fail to understand. Why, you

dancing donkey,"
MWT_T00397,MWT_C00408,120892,120990,Unknown,review,review,unattributed_candidate_requires_review,"you didn’t want to be overheard by

a spy, didn’t you? How do you know you aren’t overheard now?"
MWT_T00398,MWT_C00409,125857,125895,Unknown,review,review,unresolved_pronoun,Can that old corpse be following me?
MWT_T00399,MWT_C00410,125944,126242,Unknown,review,review,unattributed_candidate_requires_review,"I stopped too long up in that room, so that even

such leaden feet could catch me up. One comfort is, with a little brisk

walking I can put a man like that as far away as Timbuctoo. Or am I too

fanciful? Was he really following me? Surely Sunday would not be such a

fool as to send a lame man?"
MWT_T00400,MWT_C00411,132796,132838,Unknown,review,review,unattributed_candidate_requires_review,the crooked man who went a crooked mile.
MWT_T00401,MWT_C00412,133679,133701,Unknown,review,review,unattributed_candidate_requires_review,"Catch me if you can,"
MWT_T00402,MWT_C00413,136054,136076,Unknown,review,review,unattributed_candidate_requires_review,Are you a policeman?
MWT_T00403,MWT_C00414,136282,136296,Unknown,review,review,unresolved_pronoun,A policeman?
MWT_T00404,MWT_C00415,136324,136388,Unknown,review,review,unattributed_candidate_requires_review,"Whatever made you think of a

policeman in connection with me?"
MWT_T00405,MWT_C00416,136392,136424,the Professor,high,high,new_explicit_speaker,"The process was simple enough,"
MWT_T00406,MWT_C00417,136459,136516,Unknown,review,review,unattributed_candidate_requires_review,"I

thought you looked like a policeman. I think so now."
MWT_T00407,MWT_C00418,136520,136584,Syme,high,high,new_explicit_speaker,Did I take a policeman’s hat by mistake out of the restaurant?
MWT_T00408,MWT_C00419,136614,136770,Unknown,review,review,unattributed_candidate_requires_review,"Have I by any chance got a number stuck on to me

somewhere? Have my boots got that watchful look? Why must I be a

policeman? Do, do let me be a postman."
MWT_T00409,MWT_C00420,136884,137351,Unknown,review,review,unattributed_candidate_requires_review,"But perhaps I misunderstood the delicacies of your German philosophy.

Perhaps policeman is a relative term. In an evolutionary sense, sir,

the ape fades so gradually into the policeman, that I myself can never

detect the shade. The monkey is only the policeman that may be. Perhaps

a maiden lady on Clapham Common is only the policeman that might have

been. I don’t mind being the policeman that might have been. I don’t

mind being anything in German thought."
MWT_T00410,MWT_C00421,137355,137387,Unknown,review,review,unattributed_candidate_requires_review,Are you in the police service?
MWT_T00411,MWT_C00422,137462,137484,Unknown,review,review,unattributed_candidate_requires_review,Are you a detective?
MWT_T00412,MWT_C00423,137549,137581,Unknown,review,review,unattributed_candidate_requires_review,"Your suggestion is ridiculous,"
MWT_T00413,MWT_C00424,137592,137607,Unknown,review,review,unattributed_candidate_requires_review,Why on earth—
MWT_T00414,MWT_C00425,137706,137764,Unknown,review,review,unattributed_candidate_requires_review,"Did you hear me ask a plain question, you pattering spy?"
MWT_T00415,MWT_C00426,137802,137848,Unknown,review,review,unattributed_candidate_requires_review,"Are you, or are you not, a police detective?"
MWT_T00416,MWT_C00427,137852,137857,Syme,high,high,new_explicit_speaker,No!
MWT_T00417,MWT_C00428,137919,137934,Unknown,review,review,unattributed_candidate_requires_review,"You swear it,"
MWT_T00418,MWT_C00429,138030,138374,Unknown,review,review,unattributed_candidate_requires_review,"You swear it! You swear it! If

you swear falsely, will you be damned? Will you be sure that the devil

dances at your funeral? Will you see that the nightmare sits on your

grave? Will there really be no mistake? You are an anarchist, you are a

dynamiter! Above all, you are not in any sense a detective? You are not

in the British police?"
MWT_T00419,MWT_C00430,138487,138520,Syme,high,high,new_explicit_speaker,"I am not in the British police,"
MWT_T00420,MWT_C00431,138637,138653,Syme,medium,medium,new_explicit_speaker,"That’s a pity,"
MWT_T00421,MWT_C00432,138663,138678,Unknown,review,review,unattributed_candidate_requires_review,because I am.
MWT_T00422,MWT_C00433,138759,138782,Syme,medium,medium,new_explicit_speaker,Because you are what?
MWT_T00423,MWT_C00434,138800,138815,Unknown,review,review,unattributed_candidate_requires_review,You are what?
MWT_T00424,MWT_C00435,138819,138838,the Professor,high,high,new_explicit_speaker,"I am a policeman,"
MWT_T00425,MWT_C00436,138923,139198,Unknown,review,review,unattributed_candidate_requires_review,"But as you think policeman only a

relative term, of course I have nothing to do with you. I am in the

British police force; but as you tell me you are not in the British

police force, I can only say that I met you in a dynamiters’ club. I

suppose I ought to arrest you."
MWT_T00426,MWT_C00437,140973,141005,Unknown,review,review,unattributed_candidate_requires_review,"What yer laughing at, guv’nor?"
MWT_T00427,MWT_C00438,141055,141067,Syme,high,high,new_explicit_speaker,"At myself,"
MWT_T00428,MWT_C00439,141147,141172,the Professor,high,high,new_explicit_speaker,"Pull yourself together,"
MWT_T00429,MWT_C00440,141193,141257,Unknown,review,review,unattributed_candidate_requires_review,"or you’ll get

hysterical. Have some more beer. I’ll join you."
MWT_T00430,MWT_C00441,141261,141291,Syme,high,high,new_explicit_speaker,"You haven’t drunk your milk,"
MWT_T00431,MWT_C00442,141306,141316,the other,high,high,new_explicit_speaker,My milk!
MWT_T00432,MWT_C00443|MWT_C00444,141383,141670,the other,medium,review,explicit_continuation_language,"my milk! Do you think I’d look at the beastly stuff when I’m

out of sight of the bloody anarchists? We’re all Christians in this

room, though perhaps, not strict ones. Finish my milk? Great blazes! yes, I’ll finish it

right enough!"
MWT_T00433,MWT_C00445,141822,141841,the other,medium,medium,new_explicit_speaker,"I understand now,"
MWT_T00434,MWT_C00446,141852,141895,Unknown,review,review,unattributed_candidate_requires_review,"of course, you’re not an old man at

all."
MWT_T00435,MWT_C00447,141899,141931,Unknown,review,review,unattributed_candidate_requires_review,"I can’t take my face off here,"
MWT_T00436,MWT_C00448,141960,142087,Unknown,review,review,unattributed_candidate_requires_review,"It’s

rather an elaborate make-up. As to whether I’m an old man, that’s not

for me to say. I was thirty-eight last birthday."
MWT_T00437,MWT_C00449,142091,142109,Syme,high,high,new_explicit_speaker,"Yes, but I mean,"
MWT_T00438,MWT_C00450,142133,142172,Unknown,review,review,unattributed_candidate_requires_review,"there’s nothing the matter

with you."
MWT_T00439,MWT_C00451,142176,142182,the other,high,high,new_explicit_speaker,"Yes,"
MWT_T00440,MWT_C00452,142219,142243,Unknown,review,review,unattributed_candidate_requires_review,I am subject to colds.
MWT_T00441,MWT_C00453,142573,142588,the other,medium,medium,new_explicit_speaker,"Did you know,"
MWT_T00442,MWT_C00454,142599,142635,Unknown,review,review,unattributed_candidate_requires_review,that that man Gogol was one of us?
MWT_T00443,MWT_C00455,142639,142665,Syme,high,high,new_explicit_speaker,"I? No, I didn’t know it,"
MWT_T00444,MWT_C00456,142698,142716,Unknown,review,review,unattributed_candidate_requires_review,"But didn’t

you?"
MWT_T00445,MWT_C00457,142720,142751,the man,high,high,new_explicit_speaker,"I knew no more than the dead,"
MWT_T00446,MWT_C00458,142798,142873,Unknown,review,review,unattributed_candidate_requires_review,"I thought the President was talking about me, and I rattled in

my boots."
MWT_T00447,MWT_C00459,142877,142917,Syme,high,high,new_explicit_speaker,"And I thought he was talking about me,"
MWT_T00448,MWT_C00460,142965,143009,Unknown,review,review,unattributed_candidate_requires_review,I had my hand on my revolver all the time.
MWT_T00449,MWT_C00461,143013,143024,the Professor,high,high,new_explicit_speaker,"So had I,"
MWT_T00450,MWT_C00462,143052,143077,Unknown,review,review,unattributed_candidate_requires_review,so had Gogol evidently.
MWT_T00451,MWT_C00463,143127,143163,the Professor,medium,medium,new_explicit_speaker,"Why, there were three of us there!"
MWT_T00452,MWT_C00464,143174,143258,Unknown,review,review,unattributed_candidate_requires_review,"Three out of seven is a

fighting number. If we had only known that we were three!"
MWT_T00453,MWT_C00465,143330,143346,the Professor,medium,medium,new_explicit_speaker,"We were three,"
MWT_T00454,MWT_C00466,143356,143421,Unknown,review,review,unattributed_candidate_requires_review,"If we had been three hundred we could still

have done nothing."
MWT_T00455,MWT_C00467,143425,143469,Syme,high,high,new_explicit_speaker,Not if we were three hundred against four?
MWT_T00456,MWT_C00468,143515,143520,the Professor,high,high,new_explicit_speaker,"No,"
MWT_T00457,MWT_C00469,143555,143602,Unknown,review,review,unattributed_candidate_requires_review,"not if we were three hundred

against Sunday."
MWT_T00458,MWT_C00470,144263,144275,the Professor,medium,medium,new_explicit_speaker,"Professor,"
MWT_T00459,MWT_C00471,144286,144334,Unknown,review,review,unattributed_candidate_requires_review,it is intolerable. Are you afraid of this man?
MWT_T00460,MWT_C00472,144461,144473,the Professor,medium,medium,new_explicit_speaker,"Yes, I am,"
MWT_T00461,MWT_C00473,144490,144503,Unknown,review,review,unattributed_candidate_requires_review,So are you.
MWT_T00462,MWT_C00474,144631,144637,the Professor,medium,medium,new_explicit_speaker,"Yes,"
MWT_T00463,MWT_C00475,144672,144917,Unknown,review,review,unattributed_candidate_requires_review,"you are right. I am afraid of

him. Therefore I swear by God that I will seek out this man whom I fear

until I find him, and strike him on the mouth. If heaven were his

throne and the earth his footstool, I swear that I would pull him

down."
MWT_T00464,MWT_C00476,144921,144927,Unknown,review,review,unattributed_candidate_requires_review,How?
MWT_T00465,MWT_C00477,144957,144963,Unknown,review,review,unattributed_candidate_requires_review,Why?
MWT_T00466,MWT_C00478,144967,144996,Syme,high,high,new_explicit_speaker,"Because I am afraid of him,"
MWT_T00467,MWT_C00479,145008,145082,Unknown,review,review,unattributed_candidate_requires_review,"and no man should leave in

the universe anything of which he is afraid."
MWT_T00468,MWT_C00480,145253,145810,Unknown,review,review,unattributed_candidate_requires_review,"Who would condescend to strike down the mere things that he does not

fear? Who would debase himself to be merely brave, like any common

prizefighter? Who would stoop to be fearless—like a tree? Fight the

thing that you fear. You remember the old tale of the English clergyman

who gave the last rites to the brigand of Sicily, and how on his

death-bed the great robber said, ‘I can give you no money, but I can

give you advice for a lifetime: your thumb on the blade, and strike

upwards.’ So I say to you, strike upwards, if you strike at the stars."
MWT_T00469,MWT_C00481,145881,145906,Syme,medium,medium,new_explicit_speaker,"Sunday is a fixed star,"
MWT_T00470,MWT_C00482,145919,145954,Syme,high,high,new_explicit_speaker,"You shall see him a falling star,"
MWT_T00471,MWT_C00483,146060,146080,Syme,medium,medium,new_explicit_speaker,"Have you any idea,"
MWT_T00472,MWT_C00484,146132,146162,Unknown,review,review,unattributed_candidate_requires_review,exactly where you are going?
MWT_T00473,MWT_C00485,146166,146172,Syme,high,high,new_explicit_speaker,"Yes,"
MWT_T00474,MWT_C00486,146195,146252,Unknown,review,review,unattributed_candidate_requires_review,"I am going to prevent this bomb being

thrown in Paris."
MWT_T00475,MWT_C00487,146256,146286,the other,high,high,new_explicit_speaker,Have you any conception how?
MWT_T00476,MWT_C00488,146310,146315,Syme,high,high,new_explicit_speaker,"No,"
MWT_T00477,MWT_C00489,146350,146376,Unknown,review,review,unattributed_candidate_requires_review,"You remember, of course,"
MWT_T00478,MWT_C00490,146460,146819,Unknown,review,review,unattributed_candidate_requires_review,"that when we broke up rather

hurriedly the whole arrangements for the atrocity were left in the

private hands of the Marquis and Dr. Bull. The Marquis is by this time

probably crossing the Channel. But where he will go and what he will do

it is doubtful whether even the President knows; certainly we don’t

know. The only man who does know is Dr. Bull."
MWT_T00479,MWT_C00491,146823,146837,Syme,high,high,new_explicit_speaker,Confound it!
MWT_T00480,MWT_C00492,146850,146882,Unknown,review,review,unattributed_candidate_requires_review,And we don’t know where he is.
MWT_T00481,MWT_C00493,146886,146892,the other,high,high,new_explicit_speaker,"Yes,"
MWT_T00482,MWT_C00494,146943,146972,Unknown,review,review,unattributed_candidate_requires_review,"I know where

he is myself."
MWT_T00483,MWT_C00495,146976,146995,Syme,high,high,new_explicit_speaker,Will you tell me?
MWT_T00484,MWT_C00496,147027,147051,the Professor,high,high,new_explicit_speaker,"I will take you there,"
MWT_T00485,MWT_C00497,147176,147195,the Professor,medium,medium,new_explicit_speaker,What do you mean?
MWT_T00486,MWT_C00498,147214,147258,Unknown,review,review,unattributed_candidate_requires_review,"Will you join me? Will you take

the risk?"
MWT_T00487,MWT_C00499,147262,147274,the Professor,high,high,new_explicit_speaker,"Young man,"
MWT_T00488,MWT_C00500,147306,147592,Unknown,review,review,unattributed_candidate_requires_review,"I am amused to observe

that you think I am a coward. As to that I will say only one word, and

that shall be entirely in the manner of your own philosophical

rhetoric. You think that it is possible to pull down the President. I

know that it is impossible, and I am going to try it,"
MWT_T00489,MWT_C00501,148272,148294,Syme,high,high,new_explicit_speaker,Where are you going?
MWT_T00490,MWT_C00502,148313,148324,the Professor,high,high,new_explicit_speaker,"Just now,"
MWT_T00491,MWT_C00503,148349,148461,Unknown,review,review,unattributed_candidate_requires_review,"I am going just round the corner

to see whether Dr. Bull has gone to bed. He is hygienic, and retires

early."
MWT_T00492,MWT_C00504,148465,148476,Syme,high,high,new_explicit_speaker,Dr. Bull!
MWT_T00493,MWT_C00505,148493,148525,Unknown,review,review,unattributed_candidate_requires_review,Does he live round the corner?
MWT_T00494,MWT_C00506,148529,148534,Unknown,review,review,unattributed_candidate_requires_review,"No,"
MWT_T00495,MWT_C00507,148556,148688,Unknown,review,review,unattributed_candidate_requires_review,"As a matter of fact he lives some way off,

on the other side of the river, but we can tell from here whether he

has gone to bed."
MWT_T00496,MWT_C00508,149551,149569,Syme,medium,medium,new_explicit_speaker,"We are too late,"
MWT_T00497,MWT_C00509,149579,149617,Unknown,review,review,unattributed_candidate_requires_review,the hygienic Doctor has gone to bed.
MWT_T00498,MWT_C00510,149621,149640,Syme,high,high,new_explicit_speaker,What do you mean?
MWT_T00499,MWT_C00511,149653,149685,Unknown,review,review,unattributed_candidate_requires_review,"Does he live over there, then?"
MWT_T00500,MWT_C00512,149689,149695,Unknown,review,review,unattributed_candidate_requires_review,"Yes,"
MWT_T00501,MWT_C00513,149711,149835,Unknown,review,review,unattributed_candidate_requires_review,"behind that particular window which you can’t

see. Come along and get some dinner. We must call on him tomorrow

morning."
MWT_T00502,MWT_C00514,150247,150323,Unknown,review,review,unattributed_candidate_requires_review,"You can find good English inns left by accident everywhere, like

fossils,"
MWT_T00503,MWT_C00515,150349,150396,Unknown,review,review,unattributed_candidate_requires_review,"I once found a decent place in the

West End."
MWT_T00504,MWT_C00516,150400,150412,Syme,high,high,new_explicit_speaker,"I suppose,"
MWT_T00505,MWT_C00517,150433,150496,Unknown,review,review,unattributed_candidate_requires_review,"that this is the corresponding decent

place in the East End?"
MWT_T00506,MWT_C00518,150500,150508,the Professor,high,high,new_explicit_speaker,"It is,"
MWT_T00507,MWT_C00519,151556,151588,Syme,high,high,new_explicit_speaker,"That’s a good get-up of yours,"
MWT_T00508,MWT_C00520,151628,151713,Unknown,review,review,unattributed_candidate_requires_review,"a lot better than old Gogol’s. Even at the start I thought he was a

bit too hairy."
MWT_T00509,MWT_C00521,151717,151751,the Professor,high,high,new_explicit_speaker,"A difference of artistic theory,"
MWT_T00510,MWT_C00522,151786,152015,Unknown,review,review,unattributed_candidate_requires_review,"Gogol was an idealist. He made up as the abstract or platonic ideal of

an anarchist. But I am a realist. I am a portrait painter. But, indeed,

to say that I am a portrait painter is an inadequate expression. I am a

portrait."
MWT_T00511,MWT_C00523,152019,152044,Syme,high,high,new_explicit_speaker,"I don’t understand you,"
MWT_T00512,MWT_C00524,152059,152077,Unknown,review,review,unattributed_candidate_requires_review,"I am a portrait,"
MWT_T00513,MWT_C00525,152102,152188,Unknown,review,review,unattributed_candidate_requires_review,"I am a portrait of the

celebrated Professor de Worms, who is, I believe, in Naples."
MWT_T00514,MWT_C00526,152192,152228,Syme,high,high,new_explicit_speaker,"You mean you are made up like him,"
MWT_T00515,MWT_C00527,152240,152300,Unknown,review,review,unattributed_candidate_requires_review,"But doesn’t he know

that you are taking his nose in vain?"
MWT_T00516,MWT_C00528,152304,152331,Unknown,review,review,unattributed_candidate_requires_review,"He knows it right enough,"
MWT_T00517,MWT_C00529,152366,152401,Unknown,review,review,unattributed_candidate_requires_review,Then why doesn’t he denounce you?
MWT_T00518,MWT_C00530,152405,152428,the Professor,high,high,new_explicit_speaker,"I have denounced him,"
MWT_T00519,MWT_C00531,152456,152478,Syme,high,high,new_explicit_speaker,"Do explain yourself,"
MWT_T00520,MWT_C00532,152493,152545,Unknown,review,review,unattributed_candidate_requires_review,"With pleasure, if you don’t mind hearing my story,"
MWT_T00521,MWT_C00533,152588,156924,Unknown,review,review,unattributed_candidate_requires_review,"I am by profession an actor, and my name

is Wilks. When I was on the stage I mixed with all sorts of Bohemian

and blackguard company. Sometimes I touched the edge of the turf,

sometimes the riff-raff of the arts, and occasionally the political

refugee. In some den of exiled dreamers I was introduced to the great

German Nihilist philosopher, Professor de Worms. I did not gather much

about him beyond his appearance, which was very disgusting, and which I

studied carefully. I understood that he had proved that the destructive

principle in the universe was God; hence he insisted on the need for a

furious and incessant energy, rending all things in pieces. Energy, he

said, was the All. He was lame, shortsighted, and partially paralytic.

When I met him I was in a frivolous mood, and I disliked him so much

that I resolved to imitate him. If I had been a draughtsman I would

have drawn a caricature. I was only an actor, I could only act a

caricature. I made myself up into what was meant for a wild

exaggeration of the old Professor’s dirty old self. When I went into

the room full of his supporters I expected to be received with a roar

of laughter, or (if they were too far gone) with a roar of indignation

at the insult. I cannot describe the surprise I felt when my entrance

was received with a respectful silence, followed (when I had first

opened my lips) with a murmur of admiration. The curse of the perfect

artist had fallen upon me. I had been too subtle, I had been too true.

They thought I really was the great Nihilist Professor. I was a

healthy-minded young man at the time, and I confess that it was a blow.

Before I could fully recover, however, two or three of these admirers

ran up to me radiating indignation, and told me that a public insult

had been put upon me in the next room. I inquired its nature. It seemed

that an impertinent fellow had dressed himself up as a preposterous

parody of myself. I had drunk more champagne than was good for me, and

in a flash of folly I decided to see the situation through.

Consequently it was to meet the glare of the company and my own lifted

eyebrows and freezing eyes that the real Professor came into the room.



“I need hardly say there was a collision. The pessimists all round me

looked anxiously from one Professor to the other Professor to see which

was really the more feeble. But I won. An old man in poor health, like

my rival, could not be expected to be so impressively feeble as a young

actor in the prime of life. You see, he really had paralysis, and

working within this definite limitation, he couldn’t be so jolly

paralytic as I was. Then he tried to blast my claims intellectually. I

countered that by a very simple dodge. Whenever he said something that

nobody but he could understand, I replied with something which I could

not even understand myself. ‘I don’t fancy,’ he said, ‘that you could

have worked out the principle that evolution is only negation, since

there inheres in it the introduction of lacuna, which are an essential

of differentiation.’ I replied quite scornfully, ‘You read all that up

in Pinckwerts; the notion that involution functioned eugenically was

exposed long ago by Glumpe.’ It is unnecessary for me to say that there

never were such people as Pinckwerts and Glumpe. But the people all

round (rather to my surprise) seemed to remember them quite well, and

the Professor, finding that the learned and mysterious method left him

rather at the mercy of an enemy slightly deficient in scruples, fell

back upon a more popular form of wit. ‘I see,’ he sneered, ‘you prevail

like the false pig in Æsop.’ ‘And you fail,’ I answered, smiling, ‘like

the hedgehog in Montaigne.’ Need I say that there is no hedgehog in

Montaigne? ‘Your claptrap comes off,’ he said; ‘so would your beard.’ I

had no intelligent answer to this, which was quite true and rather

witty. But I laughed heartily, answered, ‘Like the Pantheist’s boots,’

at random, and turned on my heel with all the honours of victory. The

real Professor was thrown out, but not with violence, though one man

tried very patiently to pull off his nose. He is now, I believe,

received everywhere in Europe as a delightful impostor. His apparent

earnestness and anger, you see, make him all the more entertaining."
MWT_T00522,MWT_C00534,156928,156935,Syme,high,high,new_explicit_speaker,"Well,"
MWT_T00523,MWT_C00535,156947,157088,Unknown,review,review,unattributed_candidate_requires_review,"I can understand your putting on his dirty old

beard for a night’s practical joke, but I don’t understand your never

taking it off again."
MWT_T00524,MWT_C00536,157092,157124,Unknown,review,review,unattributed_candidate_requires_review,"That is the rest of the story,"
MWT_T00525,MWT_C00537,157148,158571,Unknown,review,review,unattributed_candidate_requires_review,"When I myself

left the company, followed by reverent applause, I went limping down

the dark street, hoping that I should soon be far enough away to be

able to walk like a human being. To my astonishment, as I was turning

the corner, I felt a touch on the shoulder, and turning, found myself

under the shadow of an enormous policeman. He told me I was wanted. I

struck a sort of paralytic attitude, and cried in a high German accent,

‘Yes, I am wanted—by the oppressed of the world. You are arresting me

on the charge of being the great anarchist, Professor de Worms.’ The

policeman impassively consulted a paper in his hand, ‘No, sir,’ he said

civilly, ‘at least, not exactly, sir. I am arresting you on the charge

of not being the celebrated anarchist, Professor de Worms.’ This

charge, if it was criminal at all, was certainly the lighter of the

two, and I went along with the man, doubtful, but not greatly dismayed.

I was shown into a number of rooms, and eventually into the presence of

a police officer, who explained that a serious campaign had been opened

against the centres of anarchy, and that this, my successful

masquerade, might be of considerable value to the public safety. He

offered me a good salary and this little blue card. Though our

conversation was short, he struck me as a man of very massive common

sense and humour; but I cannot tell you much about him personally,

because—"
MWT_T00526,MWT_C00538,158613,158622,Syme,medium,medium,new_explicit_speaker,"I know,"
MWT_T00527,MWT_C00539,158632,158675,Unknown,review,review,unattributed_candidate_requires_review,because you talked to him in a dark room.
MWT_T00528,MWT_C00540,158777,158805,the Professor,high,high,new_explicit_speaker,"Burgundy is a jolly thing,"
MWT_T00529,MWT_C00541,158862,158893,Syme,high,high,new_explicit_speaker,"You don’t look as if it were,"
MWT_T00530,MWT_C00542,158905,158944,Unknown,review,review,unattributed_candidate_requires_review,"you drink it as if it were

medicine."
MWT_T00531,MWT_C00543,158948,158976,the Professor,high,high,new_explicit_speaker,"You must excuse my manner,"
MWT_T00532,MWT_C00544,159006,159598,Unknown,review,review,unattributed_candidate_requires_review,"my position

is rather a curious one. Inside I am really bursting with boyish

merriment; but I acted the paralytic Professor so well, that now I

can’t leave off. So that when I am among friends, and have no need at

all to disguise myself, I still can’t help speaking slow and wrinkling

my forehead—just as if it were my forehead. I can be quite happy, you

understand, but only in a paralytic sort of way. The most buoyant

exclamations leap up in my heart, but they come out of my mouth quite

different. You should hear me say, ‘Buck up, old cock!’ It would bring

tears to your eyes."
MWT_T00533,MWT_C00545,159602,159612,Syme,high,high,new_explicit_speaker,"It does,"
MWT_T00534,MWT_C00546,159624,159708,Unknown,review,review,unattributed_candidate_requires_review,"but I cannot help thinking that apart from all

that you are really a bit worried."
MWT_T00535,MWT_C00547,159774,159805,Syme,medium,medium,new_explicit_speaker,"You are a very clever fellow,"
MWT_T00536,MWT_C00548,159815,159932,Unknown,review,review,unattributed_candidate_requires_review,"it is a pleasure to work with

you. Yes, I have rather a heavy cloud in my head. There is a great

problem to face,"
MWT_T00537,MWT_C00549,160012,160037,Unknown,review,review,unattributed_candidate_requires_review,Can you play the piano?
MWT_T00538,MWT_C00550,160041,160047,Syme,high,high,new_explicit_speaker,"Yes,"
MWT_T00539,MWT_C00551,160076,160112,Unknown,review,review,unattributed_candidate_requires_review,I’m supposed to have a good touch.
MWT_T00540,MWT_C00552,160163,160199,the Professor,high,high,new_explicit_speaker,I trust the great cloud is lifted.
MWT_T00541,MWT_C00553,160290,160355,Unknown,review,review,unattributed_candidate_requires_review,It would have done just as well if you could work a typewriter.
MWT_T00542,MWT_C00554,160359,160371,Syme,high,high,new_explicit_speaker,"Thank you,"
MWT_T00543,MWT_C00555,160383,160400,Unknown,review,review,unattributed_candidate_requires_review,you flatter me.
MWT_T00544,MWT_C00556,160404,160419,the other,high,high,new_explicit_speaker,"Listen to me,"
MWT_T00545,MWT_C00557,160436,161420,Unknown,review,review,unattributed_candidate_requires_review,"and remember whom we have to see

tomorrow. You and I are going tomorrow to attempt something which is

very much more dangerous than trying to steal the Crown Jewels out of

the Tower. We are trying to steal a secret from a very sharp, very

strong, and very wicked man. I believe there is no man, except the

President, of course, who is so seriously startling and formidable as

that little grinning fellow in goggles. He has not perhaps the

white-hot enthusiasm unto death, the mad martyrdom for anarchy, which

marks the Secretary. But then that very fanaticism in the Secretary has

a human pathos, and is almost a redeeming trait. But the little Doctor

has a brutal sanity that is more shocking than the Secretary’s disease.

Don’t you notice his detestable virility and vitality. He bounces like

an india-rubber ball. Depend on it, Sunday was not asleep (I wonder if

he ever sleeps?) when he locked up all the plans of this outrage in the

round, black head of Dr. Bull."
MWT_T00546,MWT_C00558,161424,161440,Syme,high,high,new_explicit_speaker,"And you think,"
MWT_T00547,MWT_C00559,161452,161523,Unknown,review,review,unattributed_candidate_requires_review,"that this unique monster will be soothed

if I play the piano to him?"
MWT_T00548,MWT_C00560,161527,161545,Unknown,review,review,unattributed_candidate_requires_review,"Don’t be an ass,"
MWT_T00549,MWT_C00561,161563,161880,Unknown,review,review,unattributed_candidate_requires_review,"I mentioned the piano because it

gives one quick and independent fingers. Syme, if we are to go through

this interview and come out sane or alive, we must have some code of

signals between us that this brute will not see. I have made a rough

alphabetical cypher corresponding to the five fingers—like this, see,"
MWT_T00550,MWT_C00562,161934,161982,Unknown,review,review,unattributed_candidate_requires_review,"B A D, bad, a word

we may frequently require."
MWT_T00551,MWT_C00563,162522,162556,Syme,high,high,new_explicit_speaker,"We must have several word-signs,"
MWT_T00552,MWT_C00564,162577,162683,Unknown,review,review,unattributed_candidate_requires_review,"words that we

are likely to want, fine shades of meaning. My favourite word is

‘coeval’. What’s yours?"
MWT_T00553,MWT_C00565,162687,162714,the Professor,high,high,new_explicit_speaker,"Do stop playing the goat,"
MWT_T00554,MWT_C00566,162747,162785,Unknown,review,review,unattributed_candidate_requires_review,"You don’t

know how serious this is."
MWT_T00555,MWT_C00567,162789,162802,Syme,high,high,new_explicit_speaker,"‘Lush’ too,"
MWT_T00556,MWT_C00568,162844,162905,Unknown,review,review,unattributed_candidate_requires_review,"we must have

‘lush’—word applied to grass, don’t you know?"
MWT_T00557,MWT_C00569,162909,162926,the Professor,high,high,new_explicit_speaker,"Do you imagine,"
MWT_T00558,MWT_C00570,162958,163011,Unknown,review,review,unattributed_candidate_requires_review,"that we are going to

talk to Dr. Bull about grass?"
MWT_T00559,MWT_C00571,163015,163081,Syme,high,high,new_explicit_speaker,"There are several ways in which the subject could be approached,"
MWT_T00560,MWT_C00572,163107,163332,Unknown,review,review,unattributed_candidate_requires_review,"and the word introduced without appearing forced.

We might say, ‘Dr. Bull, as a revolutionist, you remember that a tyrant

once advised us to eat grass; and indeed many of us, looking on the

fresh lush grass of summer...’"
MWT_T00561,MWT_C00573,163336,163356,the other,high,high,new_explicit_speaker,"Do you understand,"
MWT_T00562,MWT_C00574,163373,163398,Unknown,review,review,unattributed_candidate_requires_review,that this is a tragedy?
MWT_T00563,MWT_C00575,163402,163414,Syme,high,high,new_explicit_speaker,"Perfectly,"
MWT_T00564,MWT_C00576,163429,163723,Unknown,review,review,unattributed_candidate_requires_review,"always be comic in a tragedy. What the

deuce else can you do? I wish this language of yours had a wider scope.

I suppose we could not extend it from the fingers to the toes? That

would involve pulling off our boots and socks during the conversation,

which however unobtrusively performed—"
MWT_T00565,MWT_C00577,163727,163734,Unknown,review,review,unattributed_candidate_requires_review,"Syme,"
MWT_T00566,MWT_C00578,163776,163788,Unknown,review,review,unattributed_candidate_requires_review,go to bed!
MWT_T00567,MWT_C00579,164429,164436,Syme,high,high,new_explicit_speaker,"Well,"
MWT_T00568,MWT_C00580,164505,164579,Unknown,review,review,unattributed_candidate_requires_review,"I dreamt of that alphabet of yours. Did it take you long to

make it up?"
MWT_T00569,MWT_C00581,164712,164866,Unknown,review,review,unattributed_candidate_requires_review,"I say, did it take you long to invent all this? I’m considered good at

these things, and it was a good hour’s grind. Did you learn it all on

the spot?"
MWT_T00570,MWT_C00582,164967,164994,Unknown,review,review,unattributed_candidate_requires_review,How long did it take you?
MWT_T00571,MWT_C00583,165029,165062,Unknown,review,review,unattributed_candidate_requires_review,"Confound you, can’t you answer?"
MWT_T00572,MWT_C00584,166301,166354,Unknown,review,review,unattributed_candidate_requires_review,I will only talk like this. We must get used to it.
MWT_T00573,MWT_C00585,166417,166457,Unknown,review,review,unattributed_candidate_requires_review,All right. Let’s get out to breakfast.
MWT_T00574,MWT_C00586,169869,169914,Unknown,review,review,unattributed_candidate_requires_review,"I’m sorry to disturb you so early, comrade,"
MWT_T00575,MWT_C00587,169980,170048,Unknown,review,review,unattributed_candidate_requires_review,"You have no doubt made

all the arrangements for the Paris affair?"
MWT_T00576,MWT_C00588|MWT_C00589,170088,170803,The Professor,high,review,explicit_continuation_language,"We have information which renders intolerable anything in

the nature of a moment’s delay. Please do not think me excessively abrupt; but I advise you to alter

those plans, or if it is too late for that, to follow your agent with

all the support you can get for him. Comrade Syme and I have had an

experience which it would take more time to recount than we can afford,

if we are to act on it. I will, however, relate the occurrence in

detail, even at the risk of losing time, if you really feel that it is

essential to the understanding of the problem we have to discuss."
MWT_T00577,MWT_C00590|MWT_C00591,172057,172343,the Professor,high,review,explicit_continuation_language,"As I say, the incident that has occurred to us and has led us to ask for

information about the Marquis, is one which you may think it better to

have narrated; but as it came in the way of Comrade Syme rather than

me—"
MWT_T00578,MWT_C00592,172530,172578,Unknown,review,review,unattributed_candidate_requires_review,"You must go on. This devil

has sucked me dry!"
MWT_T00579,MWT_C00593,172696,172735,the Professor,medium,medium,new_explicit_speaker,"Yes, the thing really happened to me,"
MWT_T00580,MWT_C00594,172753,173167,Unknown,review,review,unattributed_candidate_requires_review,"I had the

good fortune to fall into conversation with a detective who took me,

thanks to my hat, for a respectable person. Wishing to clinch my

reputation for respectability, I took him and made him very drunk at

the Savoy. Under this influence he became friendly, and told me in so

many words that within a day or two they hope to arrest the Marquis in

France.



“So unless you or I can get on his track—"
MWT_T00581,MWT_C00595,173399,173573,Unknown,review,review,unattributed_candidate_requires_review,"Syme immediately brought this information to me, and we came here

together to see what use you would be inclined to make of it. It seems

to me unquestionably urgent that—"
MWT_T00582,MWT_C00596,173918,173941,Unknown,review,review,unattributed_candidate_requires_review,"I have an

intuition."
MWT_T00583,MWT_C00597,174017,174034,Unknown,review,review,unattributed_candidate_requires_review,Then sit on it.
MWT_T00584,MWT_C00598,174056,174084,The other,high,high,new_explicit_speaker,It is quite extraordinary.
MWT_T00585,MWT_C00599,174108,174128,Syme,high,high,new_explicit_speaker,Extraordinary rot!
MWT_T00586,MWT_C00600,174143,174157,The other,high,high,new_explicit_speaker,I am a poet.
MWT_T00587,MWT_C00601,174181,174202,Unknown,review,review,unattributed_candidate_requires_review,You are a dead man.
MWT_T00588,MWT_C00602,174435,174557,Unknown,review,review,unattributed_candidate_requires_review,"You scarcely realise how poetic my intuition

is. It has that sudden quality we sometimes feel in the coming of

spring."
MWT_T00589,MWT_C00603,174629,174643,Unknown,review,review,unattributed_candidate_requires_review,"Go

to hell!"
MWT_T00590,MWT_C00604,174731,174761,Syme,high,high,new_explicit_speaker,"Perhaps I should rather say,"
MWT_T00591,MWT_C00605,174788,174885,Unknown,review,review,unattributed_candidate_requires_review,"that it

resembles that sudden smell of the sea which may be found in the heart

of lush woods."
MWT_T00592,MWT_C00606,174926,174941,Unknown,review,review,unattributed_candidate_requires_review,"Or yet again,"
MWT_T00593,MWT_C00607,174955,175025,Unknown,review,review,unattributed_candidate_requires_review,"it is positive, as is the passionate red

hair of a beautiful woman."
MWT_T00594,MWT_C00608,175196,175207,Unknown,review,review,unattributed_candidate_requires_review,Dr. Bull!
MWT_T00595,MWT_C00609,175349,175360,Syme,high,high,new_explicit_speaker,"Dr. Bull,"
MWT_T00596,MWT_C00610,175418,175505,Unknown,review,review,unattributed_candidate_requires_review,"would you do me a small favour? Would you be so kind as to take off

your spectacles?"
MWT_T00597,MWT_C00611,176789,176811,Syme,high,high,new_explicit_speaker,"I knew I was a poet,"
MWT_T00598,MWT_C00612,176845,177090,Unknown,review,review,unattributed_candidate_requires_review,"I knew my

intuition was as infallible as the Pope. It was the spectacles that did

it! It was all the spectacles. Given those beastly black eyes, and all

the rest of him his health and his jolly looks, made him a live devil

among dead ones."
MWT_T00599,MWT_C00613,177094,177138,the Professor,high,high,new_explicit_speaker,"It certainly does make a queer difference,"
MWT_T00600,MWT_C00614,177168,177209,Unknown,review,review,unattributed_candidate_requires_review,But as regards the project of Dr. Bull—
MWT_T00601,MWT_C00615,177213,177233,Unknown,review,review,unattributed_candidate_requires_review,Project be damned!
MWT_T00602,MWT_C00616,177263,177403,Unknown,review,review,unattributed_candidate_requires_review,"Look at him! Look at

his face, look at his collar, look at his blessed boots! You don’t

suppose, do you, that that thing’s an anarchist?"
MWT_T00603,MWT_C00617,177407,177414,the other,high,high,new_explicit_speaker,Syme!
MWT_T00604,MWT_C00618,177460,177474,Syme,high,high,new_explicit_speaker,"Why, by God,"
MWT_T00605,MWT_C00619,177486,177573,Unknown,review,review,unattributed_candidate_requires_review,"I’ll take the risk of that myself! Dr. Bull,

I am a police officer. There’s my card,"
MWT_T00606,MWT_C00620,177861,177909,Syme,medium,medium,new_explicit_speaker,"I’m awfully glad you chaps have come so early,"
MWT_T00607,MWT_C00621,177956,178036,Unknown,review,review,unattributed_candidate_requires_review,"for we can all start for France together. Yes,

I’m in the force right enough,"
MWT_T00608,MWT_C00622,178409,178433,Syme,medium,medium,new_explicit_speaker,"But Lord God Almighty,"
MWT_T00609,MWT_C00623,178448,178564,Unknown,review,review,unattributed_candidate_requires_review,"if this is all right, there

were more damned detectives than there were damned dynamiters at the

damned Council!"
MWT_T00610,MWT_C00624,178568,178598,Unknown,review,review,unattributed_candidate_requires_review,"We might have fought easily,"
MWT_T00611,MWT_C00625,178610,178639,Unknown,review,review,unattributed_candidate_requires_review,we were four against three.
MWT_T00612,MWT_C00626,178722,178727,Unknown,review,review,unattributed_candidate_requires_review,"No,"
MWT_T00613,MWT_C00627,178744,178825,Unknown,review,review,unattributed_candidate_requires_review,"we were not four against three—we were not so

lucky. We were four against One."
MWT_T00614,MWT_C00628,179184,179215,Syme,medium,medium,new_explicit_speaker,"It is jolly to get some pals,"
MWT_T00615,MWT_C00629,179225,179430,Unknown,review,review,unattributed_candidate_requires_review,"I’ve been half dead with the

jumps, being quite alone. I nearly flung my arms round Gogol and

embraced him, which would have been imprudent. I hope you won’t despise

me for having been in a blue funk."
MWT_T00616,MWT_C00630,179434,179469,Syme,high,high,new_explicit_speaker,"All the blue devils in blue hell,"
MWT_T00617,MWT_C00631,179481,179567,Unknown,review,review,unattributed_candidate_requires_review,"contributed to my blue

funk! But the worst devil was you and your infernal goggles."
MWT_T00618,MWT_C00632,179609,179627,Syme,medium,medium,new_explicit_speaker,Wasn’t it a rag?
MWT_T00619,MWT_C00633,179637,181376,Unknown,review,review,unattributed_candidate_requires_review,"Such a simple idea—not my own. I haven’t

got the brains. You see, I wanted to go into the detective service,

especially the anti-dynamite business. But for that purpose they wanted

someone to dress up as a dynamiter; and they all swore by blazes that I

could never look like a dynamiter. They said my very walk was

respectable, and that seen from behind I looked like the British

Constitution. They said I looked too healthy and too optimistic, and

too reliable and benevolent; they called me all sorts of names at

Scotland Yard. They said that if I had been a criminal, I might have

made my fortune by looking so like an honest man; but as I had the

misfortune to be an honest man, there was not even the remotest chance

of my assisting them by ever looking like a criminal. But at last I was

brought before some old josser who was high up in the force, and who

seemed to have no end of a head on his shoulders. And there the others

all talked hopelessly. One asked whether a bushy beard would hide my

nice smile; another said that if they blacked my face I might look like

a negro anarchist; but this old chap chipped in with a most

extraordinary remark. ‘A pair of smoked spectacles will do it,’ he said

positively. ‘Look at him now; he looks like an angelic office boy. Put

him on a pair of smoked spectacles, and children will scream at the

sight of him.’ And so it was, by George! When once my eyes were

covered, all the rest, smile and big shoulders and short hair, made me

look a perfect little devil. As I say, it was simple enough when it was

done, like miracles; but that wasn’t the really miraculous part of it.

There was one really staggering thing about the business, and my head

still turns at it."
MWT_T00620,MWT_C00634,181380,181396,Syme,high,high,new_explicit_speaker,What was that?
MWT_T00621,MWT_C00635,181412,181428,the man,high,high,new_explicit_speaker,"I’ll tell you,"
MWT_T00622,MWT_C00636,181461,181603,Unknown,review,review,unattributed_candidate_requires_review,"This big pot in the

police who sized me up so that he knew how the goggles would go with my

hair and socks—by God, he never saw me at all!"
MWT_T00623,MWT_C00637,181647,181662,the man,medium,medium,new_explicit_speaker,How was that?
MWT_T00624,MWT_C00638,181673,181703,Unknown,review,review,unattributed_candidate_requires_review,I thought you talked to him.
MWT_T00625,MWT_C00639,181707,181718,Unknown,review,review,unattributed_candidate_requires_review,"So I did,"
MWT_T00626,MWT_C00640,181739,181837,Unknown,review,review,unattributed_candidate_requires_review,"but we talked in a pitch-dark room

like a coalcellar. There, you would never have guessed that."
MWT_T00627,MWT_C00641,181841,181873,Syme,high,high,new_explicit_speaker,"I could not have conceived it,"
MWT_T00628,MWT_C00642,181896,181922,the Professor,high,high,new_explicit_speaker,"It is indeed a new idea,"
MWT_T00629,MWT_C00643,182336,182361,Unknown,review,review,unattributed_candidate_requires_review,"I had already arranged,"
MWT_T00630,MWT_C00644,182376,182933,Unknown,review,review,unattributed_candidate_requires_review,"to go to France for my lunch;

but I am delighted to have someone to lunch with me. You see, I had to

send that beast, the Marquis, over with his bomb, because the President

had his eye on me, though God knows how. I’ll tell you the story some

day. It was perfectly choking. Whenever I tried to slip out of it I saw

the President somewhere, smiling out of the bow-window of a club, or

taking off his hat to me from the top of an omnibus. I tell you, you

can say what you like, that fellow sold himself to the devil; he can be

in six places at once."
MWT_T00631,MWT_C00645,182937,182981,the Professor,high,high,new_explicit_speaker,"So you sent the Marquis off, I understand,"
MWT_T00632,MWT_C00646,183003,183056,Unknown,review,review,unattributed_candidate_requires_review,"Was

it long ago? Shall we be in time to catch him?"
MWT_T00633,MWT_C00647,183060,183066,Unknown,review,review,unattributed_candidate_requires_review,"Yes,"
MWT_T00634,MWT_C00648,183091,183153,Unknown,review,review,unattributed_candidate_requires_review,"I’ve timed it all. He’ll still be at

Calais when we arrive."
MWT_T00635,MWT_C00649,183157,183194,the Professor,high,high,new_explicit_speaker,"But when we do catch him at Calais,"
MWT_T00636,MWT_C00650,183215,183242,Unknown,review,review,unattributed_candidate_requires_review,"what are we

going to do?"
MWT_T00637,MWT_C00651,183358,183414,Unknown,review,review,unattributed_candidate_requires_review,"Theoretically, I suppose, we ought to call the police."
MWT_T00638,MWT_C00652,183418,183426,Syme,high,high,new_explicit_speaker,"Not I,"
MWT_T00639,MWT_C00653,183438,183709,Unknown,review,review,unattributed_candidate_requires_review,"Theoretically I ought to drown myself first. I

promised a poor fellow, who was a real modern pessimist, on my word of

honour not to tell the police. I’m no hand at casuistry, but I can’t

break my word to a modern pessimist. It’s like breaking one’s word to a

child."
MWT_T00640,MWT_C00654,183713,183736,the Professor,high,high,new_explicit_speaker,"I’m in the same boat,"
MWT_T00641,MWT_C00655,183757,184031,Unknown,review,review,unattributed_candidate_requires_review,"I tried to tell the police

and I couldn’t, because of some silly oath I took. You see, when I was

an actor I was a sort of all-round beast. Perjury or treason is the

only crime I haven’t committed. If I did that I shouldn’t know the

difference between right and wrong."
MWT_T00642,MWT_C00656,184035,184064,Unknown,review,review,unattributed_candidate_requires_review,"I’ve been through all that,"
MWT_T00643,MWT_C00657,184080,184551,Unknown,review,review,unattributed_candidate_requires_review,"and I’ve made up my mind.

I gave my promise to the Secretary—you know him, man who smiles upside

down. My friends, that man is the most utterly unhappy man that was

ever human. It may be his digestion, or his conscience, or his nerves,

or his philosophy of the universe, but he’s damned, he’s in hell! Well,

I can’t turn on a man like that, and hunt him down. It’s like whipping

a leper. I may be mad, but that’s how I feel; and there’s jolly well

the end of it."
MWT_T00644,MWT_C00658,184555,184582,Syme,high,high,new_explicit_speaker,"I don’t think you’re mad,"
MWT_T00645,MWT_C00659,184594,184646,Unknown,review,review,unattributed_candidate_requires_review,"I knew you would decide like

that when first you—"
MWT_T00646,MWT_C00660,184650,184655,Unknown,review,review,unattributed_candidate_requires_review,Eh?
MWT_T00647,MWT_C00661,184674,184716,Unknown,review,review,unattributed_candidate_requires_review,When first you took off your spectacles.
MWT_T00648,MWT_C00662,184922,184929,Syme,high,high,new_explicit_speaker,"Well,"
MWT_T00649,MWT_C00663,184941,185059,Unknown,review,review,unattributed_candidate_requires_review,"it seems that we have all the same kind of morality

or immorality, so we had better face the fact that comes of it."
MWT_T00650,MWT_C00664,185063,185069,the Professor,high,high,new_explicit_speaker,"Yes,"
MWT_T00651,MWT_C00665,185094,185192,Unknown,review,review,unattributed_candidate_requires_review,"you’re quite right; and we must hurry

up, for I can see the Grey Nose standing out from France."
MWT_T00652,MWT_C00666,185196,185224,Syme,high,high,new_explicit_speaker,"The fact that comes of it,"
MWT_T00653,MWT_C00667,185246,185602,Unknown,review,review,unattributed_candidate_requires_review,"is this, that we

three are alone on this planet. Gogol has gone, God knows where;

perhaps the President has smashed him like a fly. On the Council we are

three men against three, like the Romans who held the bridge. But we

are worse off than that, first because they can appeal to their

organization and we cannot appeal to ours, and second because—"
MWT_T00654,MWT_C00668,185606,185645,the Professor,high,high,new_explicit_speaker,"Because one of those other three men,"
MWT_T00655,MWT_C00669,185666,185682,Unknown,review,review,unattributed_candidate_requires_review,"is not a

man."
MWT_T00656,MWT_C00670,185751,186704,Unknown,review,review,unattributed_candidate_requires_review,"My idea is this. We must do something to keep the Marquis in Calais

till tomorrow midday. I have turned over twenty schemes in my head. We

cannot denounce him as a dynamiter; that is agreed. We cannot get him

detained on some trivial charge, for we should have to appear; he knows

us, and he would smell a rat. We cannot pretend to keep him on

anarchist business; he might swallow much in that way, but not the

notion of stopping in Calais while the Czar went safely through Paris.

We might try to kidnap him, and lock him up ourselves; but he is a

well-known man here. He has a whole bodyguard of friends; he is very

strong and brave, and the event is doubtful. The only thing I can see

to do is actually to take advantage of the very things that are in the

Marquis’s favour. I am going to profit by the fact that he is a highly

respected nobleman. I am going to profit by the fact that he has many

friends and moves in the best society."
MWT_T00657,MWT_C00671,186708,186747,the Professor,high,high,new_explicit_speaker,What the devil are you talking about?
MWT_T00658,MWT_C00672,186772,186830,Syme,high,high,new_explicit_speaker,"The Symes are first mentioned in the fourteenth century,"
MWT_T00659,MWT_C00673,186843,186957,Unknown,review,review,unattributed_candidate_requires_review,"but there is a tradition that one of them rode behind Bruce at

Bannockburn. Since 1350 the tree is quite clear."
MWT_T00660,MWT_C00674,186961,186986,Unknown,review,review,unattributed_candidate_requires_review,"He’s gone off his head,"
MWT_T00661,MWT_C00675|MWT_C00676,187023,187160,Syme,high,review,explicit_continuation_language,"Our bearings, are ‘argent a chevron gules

charged with three cross crosslets of the field.’ The motto varies."
MWT_T00662,MWT_C00677,187219,187241,Syme,medium,medium,new_explicit_speaker,"We are just inshore,"
MWT_T00663,MWT_C00678,187251,187299,Unknown,review,review,unattributed_candidate_requires_review,"Are you seasick or joking in the wrong

place?"
MWT_T00664,MWT_C00679,187303,187347,Syme,high,high,new_explicit_speaker,"My remarks are almost painfully practical,"
MWT_T00665,MWT_C00680,187388,187694,Unknown,review,review,unattributed_candidate_requires_review,"The house of St. Eustache also is very ancient. The

Marquis cannot deny that he is a gentleman. He cannot deny that I am a

gentleman. And in order to put the matter of my social position quite

beyond a doubt, I propose at the earliest opportunity to knock his hat

off. But here we are in the harbour."
MWT_T00666,MWT_C00681,189157,189463,Unknown,review,review,unattributed_candidate_requires_review,"I shall approach. Before taking off his hat, I shall take off my own.

I shall say, ‘The Marquis de Saint Eustache, I believe.’ He will say,

‘The celebrated Mr. Syme, I presume.’ He will say in the most exquisite

French, ‘How are you?’ I shall reply in the most exquisite Cockney,

‘Oh, just the Syme—’"
MWT_T00667,MWT_C00682,189467,189481,the man,high,high,new_explicit_speaker,"Oh, shut it,"
MWT_T00668,MWT_C00683,189510,189603,Unknown,review,review,unattributed_candidate_requires_review,"Pull yourself together, and

chuck away that bit of paper. What are you really going to do?"
MWT_T00669,MWT_C00684,189607,189639,Syme,high,high,new_explicit_speaker,"But it was a lovely catechism,"
MWT_T00670,MWT_C00685,189664,189826,Unknown,review,review,unattributed_candidate_requires_review,"Do let me

read it you. It has only forty-three questions and answers, and some of

the Marquis’s answers are wonderfully witty. I like to be just to my

enemy."
MWT_T00671,MWT_C00686,189830,189862,Unknown,review,review,unattributed_candidate_requires_review,But what’s the good of it all?
MWT_T00672,MWT_C00687,189898,189943,Syme,high,high,new_explicit_speaker,"It leads up to my challenge, don’t you see,"
MWT_T00673,MWT_C00688,189964,190029,Unknown,review,review,unattributed_candidate_requires_review,"When

the Marquis has given the thirty-ninth reply, which runs—"
MWT_T00674,MWT_C00689,190033,190072,the Professor,high,high,new_explicit_speaker,"Has it by any chance occurred to you,"
MWT_T00675,MWT_C00690,190124,190289,Unknown,review,review,unattributed_candidate_requires_review,"that the Marquis may not say all the forty-three

things you have put down for him? In that case, I understand, your own

epigrams may appear somewhat more forced."
MWT_T00676,MWT_C00691,190339,190363,the Professor,medium,medium,new_explicit_speaker,"Why, how true that is,"
MWT_T00677,MWT_C00692,190373,190470,Unknown,review,review,unattributed_candidate_requires_review,"and I never thought of it. Sir, you

have an intellect beyond the common. You will make a name."
MWT_T00678,MWT_C00693,190474,190506,Unknown,review,review,unattributed_candidate_requires_review,"Oh, you’re as drunk as an owl!"
MWT_T00679,MWT_C00694|MWT_C00695,190527,190980,Syme,high,review,explicit_continuation_language,"It only remains, to adopt some

other method of breaking the ice (if I may so express it) between

myself and the man I wish to kill. And since the course of a dialogue

cannot be predicted by one of its parties alone (as you have pointed

out with such recondite acumen), the only thing to be done, I suppose,

is for the one party, as far as possible, to do all the dialogue by

himself. And so I will, by George!"
MWT_T00680,MWT_C00696,192268,192307,the Professor,high,high,new_explicit_speaker,Are you going to address the meeting?
MWT_T00681,MWT_C00697,192441,192448,the Professor,medium,medium,new_explicit_speaker,"I am,"
MWT_T00682,MWT_C00698,192510,192624,Unknown,review,review,unattributed_candidate_requires_review,"that meeting. That meeting displeases me. I am going to pull that

meeting’s great ugly, mahogany-coloured nose."
MWT_T00683,MWT_C00699,192777,192805,the Professor,medium,medium,new_explicit_speaker,"You are Mr. Syme, I think,"
MWT_T00684,MWT_C00700,192833,192877,the Professor,medium,medium,new_explicit_speaker,"And you are the Marquis de Saint Eustache,"
MWT_T00685,MWT_C00701,192899,192929,Unknown,review,review,unattributed_candidate_requires_review,Permit me to pull your nose.
MWT_T00686,MWT_C00702,193078,193105,Syme,high,high,new_explicit_speaker,This man has insulted me!
MWT_T00687,MWT_C00703,193150,193165,Unknown,review,review,unattributed_candidate_requires_review,Insulted you?
MWT_T00688,MWT_C00704,193208,193215,Unknown,review,review,unattributed_candidate_requires_review,when?
MWT_T00689,MWT_C00705,193219,193234,Syme,high,high,new_explicit_speaker,"Oh, just now,"
MWT_T00690,MWT_C00706,193257,193281,Unknown,review,review,unattributed_candidate_requires_review,He insulted my mother.
MWT_T00691,MWT_C00707,193285,193308,Unknown,review,review,unattributed_candidate_requires_review,Insulted your mother!
MWT_T00692,MWT_C00708,193351,193366,Syme,high,high,new_explicit_speaker,"Well, anyhow,"
MWT_T00693,MWT_C00709,193397,193407,Unknown,review,review,unattributed_candidate_requires_review,my aunt.
MWT_T00694,MWT_C00710,193411,193470,Unknown,review,review,unattributed_candidate_requires_review,But how can the Marquis have insulted your aunt just now?
MWT_T00695,MWT_C00711,193527,193568,Unknown,review,review,unattributed_candidate_requires_review,"He has been sitting here

all the time."
MWT_T00696,MWT_C00712,193572,193598,Syme,high,high,new_explicit_speaker,"Ah, it was what he said!"
MWT_T00697,MWT_C00713,193620,193644,the Marquis,high,high,new_explicit_speaker,"I said nothing at all,"
MWT_T00698,MWT_C00714,193663,193743,Unknown,review,review,unattributed_candidate_requires_review,"except something about the

band. I only said that I liked Wagner played well."
MWT_T00699,MWT_C00715,193747,193781,Syme,high,high,new_explicit_speaker,"It was an allusion to my family,"
MWT_T00700,MWT_C00716,193800,193897,Unknown,review,review,unattributed_candidate_requires_review,"My aunt played

Wagner badly. It was a painful subject. We are always being insulted

about it."
MWT_T00701,MWT_C00717,193901,193933,Unknown,review,review,unattributed_candidate_requires_review,"This seems most extraordinary,"
MWT_T00702,MWT_C00718,194010,194029,Syme,high,high,new_explicit_speaker,"Oh, I assure you,"
MWT_T00703,MWT_C00719,194051,194152,Unknown,review,review,unattributed_candidate_requires_review,"the whole of your

conversation was simply packed with sinister allusions to my aunt’s

weaknesses."
MWT_T00704,MWT_C00720,194156,194175,Unknown,review,review,unattributed_candidate_requires_review,This is nonsense!
MWT_T00705,MWT_C00721,194203,194313,Unknown,review,review,unattributed_candidate_requires_review,"I for one have said

nothing for half an hour except that I liked the singing of that girl

with black hair."
MWT_T00706,MWT_C00722,194317,194345,Syme,high,high,new_explicit_speaker,"Well, there you are again!"
MWT_T00707,MWT_C00723,194369,194390,Unknown,review,review,unattributed_candidate_requires_review,"My aunt’s was

red."
MWT_T00708,MWT_C00724,194394,194411,the other,high,high,new_explicit_speaker,"It seems to me,"
MWT_T00709,MWT_C00725,194428,194491,Unknown,review,review,unattributed_candidate_requires_review,"that you are simply seeking a

pretext to insult the Marquis."
MWT_T00710,MWT_C00726,194495,194507,Syme,high,high,new_explicit_speaker,By George!
MWT_T00711,MWT_C00727,194552,194582,Unknown,review,review,unattributed_candidate_requires_review,"what a clever

chap you are!"
MWT_T00712,MWT_C00728,194646,194674,Syme,medium,medium,new_explicit_speaker,Seeking a quarrel with me!
MWT_T00713,MWT_C00729,194685,194874,Unknown,review,review,unattributed_candidate_requires_review,"Seeking a fight with me! By

God! there was never a man who had to seek long. These gentlemen will

perhaps act for me. There are still four hours of daylight. Let us

fight this evening."
MWT_T00714,MWT_C00730,194929,194939,Syme,medium,medium,new_explicit_speaker,"Marquis,"
MWT_T00715,MWT_C00731,194949,195088,Unknown,review,review,unattributed_candidate_requires_review,"your action is worthy of your fame and blood.

Permit me to consult for a moment with the gentlemen in whose hands I

shall place myself."
MWT_T00716,MWT_C00732,195409,195426,Syme,medium,medium,new_explicit_speaker,"I have done it,"
MWT_T00717,MWT_C00733,195445,196329,Unknown,review,review,unattributed_candidate_requires_review,"I have fixed a fight on the beast.

But look here, and listen carefully. There is no time for talk. You are

my seconds, and everything must come from you. Now you must insist, and

insist absolutely, on the duel coming off after seven tomorrow, so as

to give me the chance of preventing him from catching the 7.45 for

Paris. If he misses that he misses his crime. He can’t refuse to meet

you on such a small point of time and place. But this is what he will

do. He will choose a field somewhere near a wayside station, where he

can pick up the train. He is a very good swordsman, and he will trust

to killing me in time to catch it. But I can fence well too, and I

think I can keep him in play, at any rate, until the train is lost.

Then perhaps he may kill me to console his feelings. You understand?

Very well then, let me introduce you to some charming friends of mine,"
MWT_T00718,MWT_C00734,199457,199532,the Professor,high,high,new_explicit_speaker,"To a man of the well-known skill and valour of Monsieur de St.

Eustache,"
MWT_T00719,MWT_C00735,199562,199818,Unknown,review,review,unattributed_candidate_requires_review,"it must be a matter of

indifference which method is adopted, and our principal has strong

reasons for demanding the longer encounter, reasons the delicacy of

which prevent me from being explicit, but for the just and honourable

nature of which I can—"
MWT_T00720,MWT_C00736,199822,199832,Unknown,review,review,unattributed_candidate_requires_review,_Peste!_
MWT_T00721,MWT_C00737,199899,199931,Unknown,review,review,unattributed_candidate_requires_review,"let us stop talking and begin,"
MWT_T00722,MWT_C00738,200898,200907,Unknown,review,review,unattributed_candidate_requires_review,Engage!
MWT_T00723,MWT_C00739,206405,206417,Unknown,review,review,unresolved_pronoun,"After all,"
MWT_T00724,MWT_C00740,206438,206541,Unknown,review,review,unattributed_candidate_requires_review,"I am more

than a devil; I am a man. I can do the one thing which Satan himself

cannot do—I can die,"
MWT_T00725,MWT_C00741,207384,207391,the Marquis,high,high,new_explicit_speaker,Stop!
MWT_T00726,MWT_C00742,207459,207485,Unknown,review,review,unattributed_candidate_requires_review,I want to say something.
MWT_T00727,MWT_C00743,207489,207510,Unknown,review,review,unattributed_candidate_requires_review,What is the matter?
MWT_T00728,MWT_C00744,207543,207571,Unknown,review,review,unattributed_candidate_requires_review,"Has there been

foul play?"
MWT_T00729,MWT_C00745,207575,207612,Unknown,review,review,unattributed_candidate_requires_review,"There has been foul play somewhere,"
MWT_T00730,MWT_C00746,207652,207739,Unknown,review,review,unattributed_candidate_requires_review,"Our principal has wounded the Marquis four times at least, and

he is none the worse."
MWT_T00731,MWT_C00747,207814,207836,the Marquis,medium,medium,new_explicit_speaker,"Please let me speak,"
MWT_T00732,MWT_C00748|MWT_C00749,207846,208137,the Marquis,medium,review,explicit_continuation_language,"It is rather important. Mr. Syme, we are fighting today, if I

remember right, because you expressed a wish (which I thought

irrational) to pull my nose. Would you oblige me by pulling my nose now

as quickly as possible? I have to catch a train."
MWT_T00733,MWT_C00750,208141,208181,Unknown,review,review,unattributed_candidate_requires_review,"I protest that this is most irregular,"
MWT_T00734,MWT_C00751,208212,208260,Unknown,review,review,unattributed_candidate_requires_review,"It is certainly somewhat opposed to precedent,"
MWT_T00735,MWT_C00752,208320,208554,Unknown,review,review,unattributed_candidate_requires_review,"There is, I think, one case on

record (Captain Bellegarde and the Baron Zumpt) in which the weapons

were changed in the middle of the encounter at the request of one of

the combatants. But one can hardly call one’s nose a weapon."
MWT_T00736,MWT_C00753,208558,208598,the Marquis,high,high,new_explicit_speaker,Will you or will you not pull my nose?
MWT_T00737,MWT_C00754,208634,208803,Unknown,review,review,unattributed_candidate_requires_review,"Come, come, Mr. Syme! You wanted to do it, do it! You

can have no conception of how important it is to me. Don’t be so

selfish! Pull my nose at once, when I ask you!"
MWT_T00738,MWT_C00755,209573,209617,the Marquis,medium,medium,new_explicit_speaker,"If anyone has any use for my left eyebrow,"
MWT_T00739,MWT_C00756,209627,209748,Unknown,review,review,unattributed_candidate_requires_review,"he can have it.

Colonel Ducroix, do accept my left eyebrow! It’s the kind of thing that

might come in useful any day,"
MWT_T00740,MWT_C00757,209946,209963,Unknown,review,review,unattributed_candidate_requires_review,"If I had known,"
MWT_T00741,MWT_C00758,209979,210041,Unknown,review,review,unattributed_candidate_requires_review,"that I was acting for a poltroon who

pads himself to fight—"
MWT_T00742,MWT_C00759,210045,210066,the Marquis,high,high,new_explicit_speaker,"Oh, I know, I know!"
MWT_T00743,MWT_C00760,210163,210276,Unknown,review,review,unattributed_candidate_requires_review,"You are making a

mistake; but it can’t be explained just now. I tell you the train has

come into the station!"
MWT_T00744,MWT_C00761,210280,210286,Unknown,review,review,unattributed_candidate_requires_review,"Yes,"
MWT_T00745,MWT_C00762,210311,210429,Unknown,review,review,unattributed_candidate_requires_review,"and the train shall go out of the

station. It shall go out without you. We know well enough for what

devil’s work—"
MWT_T00746,MWT_C00763,210653,210677,the Marquis,medium,medium,new_explicit_speaker,Will you drive me mad?
MWT_T00747,MWT_C00764,210688,210700,Unknown,review,review,unattributed_candidate_requires_review,The train—
MWT_T00748,MWT_C00765,210704,210736,Syme,high,high,new_explicit_speaker,"You shall not go by the train,"
MWT_T00749,MWT_C00766,210895,211005,Syme,medium,medium,new_explicit_speaker,"You great fat, blasted, blear-eyed, blundering, thundering, brainless,

Godforsaken, doddering, damned fool!"
MWT_T00750,MWT_C00767,211038,211091,Unknown,review,review,unattributed_candidate_requires_review,"You great silly, pink-faced, towheaded turnip! You—"
MWT_T00751,MWT_C00768,211095,211128,Unknown,review,review,unattributed_candidate_requires_review,"You shall not go by this train,"
MWT_T00752,MWT_C00769,211147,211177,Unknown,review,review,unattributed_candidate_requires_review,"And why the infernal blazes,"
MWT_T00753,MWT_C00770,211196,211232,Unknown,review,review,unattributed_candidate_requires_review,"should I want to go

by the train?"
MWT_T00754,MWT_C00771,211236,211250,the Professor,high,high,new_explicit_speaker,"We know all,"
MWT_T00755,MWT_C00772,211279,211321,Unknown,review,review,unattributed_candidate_requires_review,"You are going to Paris to

throw a bomb!"
MWT_T00756,MWT_C00773,211325,211366,the other,high,high,new_explicit_speaker,Going to Jericho to throw a Jabberwock!
MWT_T00757,MWT_C00774,211426,211615,Unknown,review,review,unattributed_candidate_requires_review,"Have you all got softening of the brain,

that you don’t realise what I am? Did you really think I wanted to

catch that train? Twenty Paris trains might go by for me. Damn Paris

trains!"
MWT_T00758,MWT_C00775,211619,211650,Unknown,review,review,unattributed_candidate_requires_review,Then what did you care about?
MWT_T00759,MWT_C00776,211675,211818,Unknown,review,review,unattributed_candidate_requires_review,"What did I care about? I didn’t care about catching the train; I cared

about whether the train caught me, and now, by God! it has caught me."
MWT_T00760,MWT_C00777,211822,211847,Syme,high,high,new_explicit_speaker,"I regret to inform you,"
MWT_T00761,MWT_C00778,211874,212264,Unknown,review,review,unattributed_candidate_requires_review,"that your remarks

convey no impression to my mind. Perhaps if you were to remove the

remains of your original forehead and some portion of what was once

your chin, your meaning would become clearer. Mental lucidity fulfils

itself in many ways. What do you mean by saying that the train has

caught you? It may be my literary fancy, but somehow I feel that it

ought to mean something."
MWT_T00762,MWT_C00779,212268,212290,the other,high,high,new_explicit_speaker,"It means everything,"
MWT_T00763,MWT_C00780,212307,212381,Unknown,review,review,unattributed_candidate_requires_review,"and the end of everything.

Sunday has us now in the hollow of his hand."
MWT_T00764,MWT_C00781,212385,212390,Unknown,review,review,unattributed_candidate_requires_review,Us!
MWT_T00765,MWT_C00782,212432,212460,Unknown,review,review,unattributed_candidate_requires_review,"What do you mean by

‘us’?"
MWT_T00766,MWT_C00783,212464,212488,the Marquis,high,high,new_explicit_speaker,"The police, of course!"
MWT_T00767,MWT_C00784,212707,212734,the Marquis,medium,medium,new_explicit_speaker,"I am Inspector Ratcliffe,"
MWT_T00768,MWT_C00785,212792,212950,Unknown,review,review,unattributed_candidate_requires_review,"My name is pretty well known to the police, and I can

see well enough that you belong to them. But if there is any doubt

about my position, I have a card,"
MWT_T00769,MWT_C00786,213044,213067,the Marquis,medium,medium,new_explicit_speaker,"Oh, don’t show it us,"
MWT_T00770,MWT_C00787,213085,213136,Unknown,review,review,unattributed_candidate_requires_review,"we’ve got enough of them to

equip a paper-chase."
MWT_T00771,MWT_C00788,213481,213493,the Marquis,medium,medium,new_explicit_speaker,"Gentlemen,"
MWT_T00772,MWT_C00789,213503,214297,Unknown,review,review,unattributed_candidate_requires_review,"we all owe you a serious apology; but I assure

you that you have not been made the victims of such a low joke as you

imagine, or indeed of anything undignified in a man of honour. You have

not wasted your time; you have helped to save the world. We are not

buffoons, but very desperate men at war with a vast conspiracy. A

secret society of anarchists is hunting us like hares; not such

unfortunate madmen as may here or there throw a bomb through starvation

or German philosophy, but a rich and powerful and fanatical church, a

church of eastern pessimism, which holds it holy to destroy mankind

like vermin. How hard they hunt us you can gather from the fact that we

are driven to such disguises as those for which I apologise, and to

such pranks as this one by which you suffer."
MWT_T00773,MWT_C00790,214402,214902,Unknown,review,review,unattributed_candidate_requires_review,"Of course, I accept the apology; but you will in your turn forgive me

if I decline to follow you further into your difficulties, and permit

myself to say good morning! The sight of an acquaintance and

distinguished fellow-townsman coming to pieces in the open air is

unusual, and, upon the whole, sufficient for one day. Colonel Ducroix,

I would in no way influence your actions, but if you feel with me that

our present society is a little abnormal, I am now going to walk back

to the town."
MWT_T00774,MWT_C00791,215009,215216,Unknown,review,review,unattributed_candidate_requires_review,"No, by George! I won’t. If these gentlemen are really in a mess with a

lot of low wreckers like that, I’ll see them through it. I have fought

for France, and it is hard if I can’t fight for civilization."
MWT_T00775,MWT_C00792,215297,215325,Unknown,review,review,unattributed_candidate_requires_review,"Don’t make too much noise,"
MWT_T00776,MWT_C00793,215352,215375,Unknown,review,review,unattributed_candidate_requires_review,"Sunday may hear

you."
MWT_T00777,MWT_C00794,215379,215388,Unknown,review,review,unattributed_candidate_requires_review,Sunday!
MWT_T00778,MWT_C00795,215425,215431,Unknown,review,review,unattributed_candidate_requires_review,"Yes,"
MWT_T00779,MWT_C00796,215452,215474,Unknown,review,review,unattributed_candidate_requires_review,he may be with them.
MWT_T00780,MWT_C00797,215478,215490,Syme,high,high,new_explicit_speaker,With whom?
MWT_T00781,MWT_C00798,215506,215542,the other,high,high,new_explicit_speaker,"With the people out of that train,"
MWT_T00782,MWT_C00799,215562,215596,Unknown,review,review,unattributed_candidate_requires_review,"What you say seems utterly wild,"
MWT_T00783,MWT_C00800,215609,215649,the other,medium,medium,new_explicit_speaker,"Why, as a matter of

fact—But, my God,"
MWT_T00784,MWT_C00801,215723,215922,Unknown,review,review,unattributed_candidate_requires_review,"by God! if this is true the whole bally lot

of us on the Anarchist Council were against anarchy! Every born man was

a detective except the President and his personal secretary. What can

it mean?"
MWT_T00785,MWT_C00802,215926,215933,Unknown,review,review,unattributed_candidate_requires_review,Mean!
MWT_T00786,MWT_C00803,215983,216448,Unknown,review,review,unattributed_candidate_requires_review,"It means that

we are struck dead! Don’t you know Sunday? Don’t you know that his

jokes are always so big and simple that one has never thought of them?

Can you think of anything more like Sunday than this, that he should

put all his powerful enemies on the Supreme Council, and then take care

that it was not supreme? I tell you he has bought every trust, he has

captured every cable, he has control of every railway line—especially

of _that_ railway line!"
MWT_T00787,MWT_C00804,216517,217134,Unknown,review,review,unattributed_candidate_requires_review,"The whole movement was controlled by him; half

the world was ready to rise for him. But there were just five people,

perhaps, who would have resisted him... and the old devil put them on

the Supreme Council, to waste their time in watching each other. Idiots

that we are, he planned the whole of our idiocies! Sunday knew that the

Professor would chase Syme through London, and that Syme would fight me

in France. And he was combining great masses of capital, and seizing

great lines of telegraphy, while we five idiots were running after each

other like a lot of confounded babies playing blind man’s buff."
MWT_T00788,MWT_C00805,217138,217145,Syme,high,high,new_explicit_speaker,Well?
MWT_T00789,MWT_C00806,217187,217194,the other,high,high,new_explicit_speaker,"Well,"
MWT_T00790,MWT_C00807,217235,217636,Unknown,review,review,unattributed_candidate_requires_review,"he has found us

playing blind man’s buff today in a field of great rustic beauty and

extreme solitude. He has probably captured the world; it only remains

to him to capture this field and all the fools in it. And since you

really want to know what was my objection to the arrival of that train,

I will tell you. My objection was that Sunday or his Secretary has just

this moment got out of it."
MWT_T00791,MWT_C00808,217890,217943,Unknown,review,review,unattributed_candidate_requires_review,"It was a habit of the late Marquis de St. Eustache,"
MWT_T00792,MWT_C00809,217995,218352,Unknown,review,review,unattributed_candidate_requires_review,"always to carry a pair of opera

glasses. Either the President or the Secretary is coming after us with

that mob. They have caught us in a nice quiet place where we are under

no temptations to break our oaths by calling the police. Dr. Bull, I

have a suspicion that you will see better through these than through

your own highly decorative spectacles."
MWT_T00793,MWT_C00810,218478,218511,the Professor,high,high,new_explicit_speaker,"It cannot be as bad as you say,"
MWT_T00794,MWT_C00811,218550,218637,Unknown,review,review,unattributed_candidate_requires_review,"There are a good number of them certainly, but they may easily be

ordinary tourists."
MWT_T00795,MWT_C00812,218641,218664,Unknown,review,review,unattributed_candidate_requires_review,"Do ordinary tourists,"
MWT_T00796,MWT_C00813,218713,218755,Unknown,review,review,unattributed_candidate_requires_review,wear black masks half-way down the face?
MWT_T00797,MWT_C00814,219410,219451,the Professor,medium,medium,new_explicit_speaker,"The President is not with them, anyhow,"
MWT_T00798,MWT_C00815,219489,219537,Unknown,review,review,unattributed_candidate_requires_review,"But surely they are right away on the horizon,"
MWT_T00799,MWT_C00816,219646,219711,Unknown,review,review,unattributed_candidate_requires_review,"Could you possibly know your President among all

those people?"
MWT_T00800,MWT_C00817,219715,219770,Syme,high,high,new_explicit_speaker,Could I know a white elephant among all those people!
MWT_T00801,MWT_C00818,219806,219936,Unknown,review,review,unattributed_candidate_requires_review,"As you very truly say, they are on the horizon;

but if he were walking with them... by God! I believe this ground would

shake."
MWT_T00802,MWT_C00819,220025,220211,Unknown,review,review,unattributed_candidate_requires_review,"Of course the President isn’t with them. I wish to Gemini he were.

Much more likely the President is riding in triumph through Paris, or

sitting on the ruins of St. Paul’s Cathedral."
MWT_T00803,MWT_C00820,220215,220232,Syme,high,high,new_explicit_speaker,This is absurd!
MWT_T00804,MWT_C00821|MWT_C00822,220244,220580,Syme,medium,review,explicit_continuation_language,"Something may have happened in our

absence; but he cannot have carried the world with a rush like that. It

is quite true, it is certainly true that there seems

to be a crowd coming this way; but they are not all the army that you

make out."
MWT_T00805,MWT_C00823,220584,220595,Unknown,review,review,unattributed_candidate_requires_review,"Oh, they,"
MWT_T00806,MWT_C00824,220635,220985,Unknown,review,review,unattributed_candidate_requires_review,"no, they are not a

very valuable force. But let me tell you frankly that they are

precisely calculated to our value—we are not much, my boy, in Sunday’s

universe. He has got hold of all the cables and telegraphs himself. But

to kill the Supreme Council he regards as a trivial matter, like a post

card; it may be left to his private secretary,"
MWT_T00807,MWT_C00825,221077,221224,Unknown,review,review,unattributed_candidate_requires_review,"There is a great deal to be said for death; but if anyone has any

preference for the other alternative, I strongly advise him to walk

after me."
MWT_T00808,MWT_C00826,224389,224401,Unknown,review,review,unresolved_pronoun,"May I ask,"
MWT_T00809,MWT_C00827,224411,224448,Unknown,review,review,unattributed_candidate_requires_review,where on earth we are all going to?
MWT_T00810,MWT_C00828,224576,224632,Unknown,review,review,unresolved_pronoun,"We must get down through the town of Lancy to the sea,"
MWT_T00811,MWT_C00829,224642,224710,Unknown,review,review,unattributed_candidate_requires_review,"I

think that part of the country is least likely to be with them."
MWT_T00812,MWT_C00830,224714,224746,Syme,high,high,new_explicit_speaker,What can you mean by all this?
MWT_T00813,MWT_C00831,224759,224933,Unknown,review,review,unattributed_candidate_requires_review,"They can’t be running the

real world in that way. Surely not many working men are anarchists, and

surely if they were, mere mobs could not beat modern armies and

police."
MWT_T00814,MWT_C00832,224937,224949,Unknown,review,review,unattributed_candidate_requires_review,Mere mobs!
MWT_T00815,MWT_C00833,224997,225628,Unknown,review,review,unattributed_candidate_requires_review,"So you

talk about mobs and the working classes as if they were the question.

You’ve got that eternal idiotic idea that if anarchy came it would come

from the poor. Why should it? The poor have been rebels, but they have

never been anarchists; they have more interest than anyone else in

there being some decent government. The poor man really has a stake in

the country. The rich man hasn’t; he can go away to New Guinea in a

yacht. The poor have sometimes objected to being governed badly; the

rich have always objected to being governed at all. Aristocrats were

always anarchists, as you can see from the barons’ wars."
MWT_T00816,MWT_C00834,225632,225686,Syme,high,high,new_explicit_speaker,"As a lecture on English history for the little ones,"
MWT_T00817,MWT_C00835,225698,225767,Unknown,review,review,unattributed_candidate_requires_review,"this

is all very nice; but I have not yet grasped its application."
MWT_T00818,MWT_C00836,225771,225792,Unknown,review,review,unattributed_candidate_requires_review,"Its application is,"
MWT_T00819,MWT_C00837,225813,226075,Unknown,review,review,unattributed_candidate_requires_review,"that most of old Sunday’s

right-hand men are South African and American millionaires. That is why

he has got hold of all the communications; and that is why the last

four champions of the anti-anarchist police force are running through a

wood like rabbits."
MWT_T00820,MWT_C00838,226079,226111,Syme,high,high,new_explicit_speaker,"Millionaires I can understand,"
MWT_T00821,MWT_C00839,226136,226460,Unknown,review,review,unattributed_candidate_requires_review,"they are

nearly all mad. But getting hold of a few wicked old gentlemen with

hobbies is one thing; getting hold of great Christian nations is

another. I would bet the nose off my face (forgive the allusion) that

Sunday would stand perfectly helpless before the task of converting any

ordinary healthy person anywhere."
MWT_T00822,MWT_C00840,226464,226471,the other,high,high,new_explicit_speaker,"Well,"
MWT_T00823,MWT_C00841,226488,226538,Unknown,review,review,unattributed_candidate_requires_review,"it rather depends what sort of person you

mean."
MWT_T00824,MWT_C00842,226542,226563,Syme,high,high,new_explicit_speaker,"Well, for instance,"
MWT_T00825,MWT_C00843,226575,226612,Unknown,review,review,unattributed_candidate_requires_review,"he could never convert that person,"
MWT_T00826,MWT_C00844,227515,227536,Unknown,review,review,unattributed_candidate_requires_review,"Mr. Syme is saying,"
MWT_T00827,MWT_C00845,227581,227636,Unknown,review,review,unattributed_candidate_requires_review,"that

this man, at least, will never be an anarchist."
MWT_T00828,MWT_C00846,227640,227673,Unknown,review,review,unattributed_candidate_requires_review,"Mr. Syme is right enough there,"
MWT_T00829,MWT_C00847,227711,227857,Unknown,review,review,unattributed_candidate_requires_review,"if only for the reason that he has plenty of property to defend. But I

forgot that in your country you are not used to peasants being

wealthy."
MWT_T00830,MWT_C00848,227861,227877,Unknown,review,review,unattributed_candidate_requires_review,"He looks poor,"
MWT_T00831,MWT_C00849,227907,227918,the Colonel,high,high,new_explicit_speaker,"Quite so,"
MWT_T00832,MWT_C00850,227937,227962,Unknown,review,review,unattributed_candidate_requires_review,that is why he is rich.
MWT_T00833,MWT_C00851,227966,227983,Unknown,review,review,unattributed_candidate_requires_review,"I have an idea,"
MWT_T00834,MWT_C00852,228014,228136,Unknown,review,review,unattributed_candidate_requires_review,"how much would he take

to give us a lift in his cart? Those dogs are all on foot, and we could

soon leave them behind."
MWT_T00835,MWT_C00853,228140,228164,Syme,high,high,new_explicit_speaker,"Oh, give him anything!"
MWT_T00836,MWT_C00854,228184,228215,Unknown,review,review,unattributed_candidate_requires_review,"I have piles of money on

me."
MWT_T00837,MWT_C00855,228219,228240,the Colonel,high,high,new_explicit_speaker,"That will never do,"
MWT_T00838,MWT_C00856,228259,228328,Unknown,review,review,unattributed_candidate_requires_review,"he will never have any respect

for you unless you drive a bargain."
MWT_T00839,MWT_C00857,228332,228352,Unknown,review,review,unattributed_candidate_requires_review,"Oh, if he haggles!"
MWT_T00840,MWT_C00858,228380,228418,the other,high,high,new_explicit_speaker,"He haggles because he is a free man,"
MWT_T00841,MWT_C00859,228435,228529,Unknown,review,review,unattributed_candidate_requires_review,"You do not

understand; he would not see the meaning of generosity. He is not being

tipped."
MWT_T00842,MWT_C00860,230800,230806,the policeman,high,high,new_explicit_speaker,"Yes,"
MWT_T00843,MWT_C00861,230830,231165,Unknown,review,review,unattributed_candidate_requires_review,"that’s discipline. That’s Sunday. He is

perhaps five hundred miles off, but the fear of him is on all of them,

like the finger of God. Yes, they are walking regularly; and you bet

your boots that they are talking regularly, yes, and thinking

regularly. But the one important thing for us is that they are

disappearing regularly."
MWT_T00844,MWT_C00862,232168,232185,Unknown,review,review,unattributed_candidate_requires_review,Le Soleil d’Or.
MWT_T00845,MWT_C00863,233195,233220,Unknown,review,review,unresolved_pronoun,"May I ask you, Colonel,"
MWT_T00846,MWT_C00864,233245,233270,Unknown,review,review,unattributed_candidate_requires_review,"why we have come

here?"
MWT_T00847,MWT_C00865,233336,233359,Unknown,review,review,unresolved_pronoun,"For two reasons, sir,"
MWT_T00848,MWT_C00866,233369,233537,Unknown,review,review,unattributed_candidate_requires_review,"and I will give first, not the most

important, but the most utilitarian. We came here because this is the

only place within twenty miles in which we can get horses."
MWT_T00849,MWT_C00867,233541,233550,Unknown,review,review,unattributed_candidate_requires_review,Horses!
MWT_T00850,MWT_C00868,233589,233595,the other,high,high,new_explicit_speaker,"Yes,"
MWT_T00851,MWT_C00869,233615,233767,Unknown,review,review,unattributed_candidate_requires_review,"if you people are really to distance your

enemies it is horses or nothing for you, unless of course you have

bicycles and motor-cars in your pocket."
MWT_T00852,MWT_C00870,233771,233812,Syme,high,high,new_explicit_speaker,And where do you advise us to make for?
MWT_T00853,MWT_C00871,233839,233857,the Colonel,high,high,new_explicit_speaker,"Beyond question,"
MWT_T00854,MWT_C00872,233879,234184,Unknown,review,review,unattributed_candidate_requires_review,"you had better make all haste

to the police station beyond the town. My friend, whom I seconded under

somewhat deceptive circumstances, seems to me to exaggerate very much

the possibilities of a general rising; but even he would hardly

maintain, I suppose, that you were not safe with the gendarmes."
MWT_T00855,MWT_C00873,234235,234275,Unknown,review,review,unattributed_candidate_requires_review,And your other reason for coming here?
MWT_T00856,MWT_C00874,234279,234313,Unknown,review,review,unattributed_candidate_requires_review,"My other reason for coming here,"
MWT_T00857,MWT_C00875,234336,234427,Unknown,review,review,unattributed_candidate_requires_review,"is that it is

just as well to see a good man or two when one is possibly near to

death."
MWT_T00858,MWT_C00876,234535,234551,Unknown,review,review,unattributed_candidate_requires_review,"You are right,"
MWT_T00859,MWT_C00877,234592,234628,Unknown,review,review,unattributed_candidate_requires_review,"Has anyone

seen about the horses?"
MWT_T00860,MWT_C00878,234632,234638,Unknown,review,review,unattributed_candidate_requires_review,"Yes,"
MWT_T00861,MWT_C00879,234657,234942,Unknown,review,review,unattributed_candidate_requires_review,"you may be quite certain that I gave orders

the moment I came in. Those enemies of yours gave no impression of

hurry, but they were really moving wonderfully fast, like a

well-trained army. I had no idea that the anarchists had so much

discipline. You have not a moment to waste."
MWT_T00862,MWT_C00880,236998,237043,the Colonel,medium,medium,new_explicit_speaker,"Four out of the five rich men in this town,"
MWT_T00863,MWT_C00881,237053,237272,Unknown,review,review,unattributed_candidate_requires_review,"are common

swindlers. I suppose the proportion is pretty equal all over the world.

The fifth is a friend of mine, and a very fine fellow; and what is even

more important from our point of view, he owns a motor-car."
MWT_T00864,MWT_C00882,237276,237290,the Professor,high,high,new_explicit_speaker,"I am afraid,"
MWT_T00865,MWT_C00883,237430,237484,Unknown,review,review,unattributed_candidate_requires_review,I am afraid we have hardly time for afternoon calls.
MWT_T00866,MWT_C00884,237488,237538,the Colonel,high,high,new_explicit_speaker,"Doctor Renard’s house is only three minutes off,"
MWT_T00867,MWT_C00885,237560,237573,Unknown,review,review,unattributed_candidate_requires_review,"Our danger,"
MWT_T00868,MWT_C00886,237589,237614,Unknown,review,review,unattributed_candidate_requires_review,is not two minutes off.
MWT_T00869,MWT_C00887,237618,237624,Syme,high,high,new_explicit_speaker,"Yes,"
MWT_T00870,MWT_C00888,237636,237706,Unknown,review,review,unattributed_candidate_requires_review,"if we ride on fast we must leave them behind, for

they are on foot."
MWT_T00871,MWT_C00889,237710,237731,the Colonel,high,high,new_explicit_speaker,"He has a motor-car,"
MWT_T00872,MWT_C00890,237753,237777,Unknown,review,review,unattributed_candidate_requires_review,"But we may not get it,"
MWT_T00873,MWT_C00891,237792,237824,Unknown,review,review,unattributed_candidate_requires_review,"Yes, he is quite on your side."
MWT_T00874,MWT_C00892,237828,237850,Unknown,review,review,unattributed_candidate_requires_review,But he might be out.
MWT_T00875,MWT_C00893,237854,237873,Syme,high,high,new_explicit_speaker,"Hold your tongue,"
MWT_T00876,MWT_C00894,237894,237915,Unknown,review,review,unattributed_candidate_requires_review,What is that noise?
MWT_T00877,MWT_C00895,238322,238342,Syme,medium,medium,new_explicit_speaker,"They have done us,"
MWT_T00878,MWT_C00896,238379,238409,Unknown,review,review,unattributed_candidate_requires_review,"Prepare to

receive cavalry!"
MWT_T00879,MWT_C00897|MWT_C00898,238413,238727,Syme,high,review,explicit_continuation_language,"Where can they have got the horses? I was speaking with strict accuracy when I said that the ‘Soleil d’Or’

was the only place where one can get horses within twenty miles."
MWT_T00880,MWT_C00899,238731,238736,Syme,high,high,new_explicit_speaker,No!
MWT_T00881,MWT_C00900,238758,238818,Unknown,review,review,unattributed_candidate_requires_review,"I don’t believe he’d do it. Not with all

that white hair."
MWT_T00882,MWT_C00901,238822,238848,the Colonel,high,high,new_explicit_speaker,"He may have been forced,"
MWT_T00883,MWT_C00902,238874,238997,Unknown,review,review,unattributed_candidate_requires_review,"They must be at

least a hundred strong, for which reason we are all going to see my

friend Renard, who has a motor-car."
MWT_T00884,MWT_C00903,239971,239981,the Colonel,medium,medium,new_explicit_speaker,"Anarchy,"
MWT_T00885,MWT_C00904,240017,240038,Unknown,review,review,unattributed_candidate_requires_review,it is childishness!
MWT_T00886,MWT_C00905,240042,240052,Unknown,review,review,unattributed_candidate_requires_review,"_Et ça_,"
MWT_T00887,MWT_C00906,240122,240159,Unknown,review,review,unattributed_candidate_requires_review,"and that is childishness, isn’t it?"
MWT_T00888,MWT_C00907,241049,241098,the Colonel,high,high,new_explicit_speaker,"I am sorry to cut short a cultured

discussion,"
MWT_T00889,MWT_C00908,241117,241175,Unknown,review,review,unattributed_candidate_requires_review,"but can you lend me your motor-car now,

in two minutes?"
MWT_T00890,MWT_C00909,241179,241221,Unknown,review,review,unattributed_candidate_requires_review,"I have a suspicion that you are all mad,"
MWT_T00891,MWT_C00910,241258,241359,Unknown,review,review,unattributed_candidate_requires_review,"but God forbid that madness should in any way interrupt

friendship. Let us go round to the garage."
MWT_T00892,MWT_C00911,242182,242203,Unknown,review,review,unattributed_candidate_requires_review,"It is now or never,"
MWT_T00893,MWT_C00912,242219,242235,Unknown,review,review,unattributed_candidate_requires_review,I hear horses.
MWT_T00894,MWT_C00913,242239,242244,Unknown,review,review,unattributed_candidate_requires_review,"No,"
MWT_T00895,MWT_C00914,242270,242280,Unknown,review,review,unattributed_candidate_requires_review,a horse.
MWT_T00896,MWT_C00915,242819,242844,Unknown,review,review,unattributed_candidate_requires_review,I am afraid it’s no go.
MWT_T00897,MWT_C00916,243829,243875,the Professor,high,high,new_explicit_speaker,"I can’t understand why it has grown so dark,"
MWT_T00898,MWT_C00917,243923,243954,Unknown,review,review,unattributed_candidate_requires_review,"Going to be a storm, I think,"
MWT_T00899,MWT_C00918,243970,244046,Unknown,review,review,unattributed_candidate_requires_review,"I say, it’s a pity we

haven’t got a light on this car, if only to see by."
MWT_T00900,MWT_C00919,244050,244060,the Colonel,high,high,new_explicit_speaker,"We have,"
MWT_T00901,MWT_C00920,244368,244402,the Professor,high,high,new_explicit_speaker,Where on earth did you get that?
MWT_T00902,MWT_C00921,244427,244458,the Colonel,high,high,new_explicit_speaker,"I got it where I got the car,"
MWT_T00903,MWT_C00922,244492,245225,Unknown,review,review,unattributed_candidate_requires_review,"from

my best friend. While our friend here was fighting with the steering

wheel, I ran up the front steps of the house and spoke to Renard, who

was standing in his own porch, you will remember. ‘I suppose,’ I said,

‘there’s no time to get a lamp.’ He looked up, blinking amiably at the

beautiful arched ceiling of his own front hall. From this was

suspended, by chains of exquisite ironwork, this lantern, one of the

hundred treasures of his treasure house. By sheer force he tore the

lamp out of his own ceiling, shattering the painted panels, and

bringing down two blue vases with his violence. Then he handed me the

iron lantern, and I put it in the car. Was I not right when I said that

Dr. Renard was worth knowing?"
MWT_T00904,MWT_C00923,245229,245240,Syme,high,high,new_explicit_speaker,"You were,"
MWT_T00905,MWT_C00924,245876,245919,Unknown,review,review,unattributed_candidate_requires_review,These lights make one feel more cheerful.
MWT_T00906,MWT_C00925,245971,246032,Syme,medium,medium,new_explicit_speaker,"There is only one set of lights that make me more cheerful,"
MWT_T00907,MWT_C00926,246043,246169,Unknown,review,review,unattributed_candidate_requires_review,"and they are those lights of the police station which I can see beyond

the town. Please God we may be there in ten minutes."
MWT_T00908,MWT_C00927,246252,246286,Syme,medium,medium,new_explicit_speaker,"Oh, this is all raving nonsense!"
MWT_T00909,MWT_C00928,246297,246498,Unknown,review,review,unattributed_candidate_requires_review,"If you really think that

ordinary people in ordinary houses are anarchists, you must be madder

than an anarchist yourself. If we turned and fought these fellows, the

whole town would fight for us."
MWT_T00910,MWT_C00929,246502,246507,the other,high,high,new_explicit_speaker,"No,"
MWT_T00911,MWT_C00930,246553,246606,Unknown,review,review,unattributed_candidate_requires_review,"the whole town

would fight for them. We shall see."
MWT_T00912,MWT_C00931,246695,246716,the other,medium,medium,new_explicit_speaker,What is that noise?
MWT_T00913,MWT_C00932,246729,246767,the Colonel,high,high,new_explicit_speaker,"Oh, the horses behind us, I suppose,"
MWT_T00914,MWT_C00933,246786,246824,Unknown,review,review,unattributed_candidate_requires_review,"I thought we

had got clear of them."
MWT_T00915,MWT_C00934,246828,246855,the Professor,high,high,new_explicit_speaker,"The horses behind us! No,"
MWT_T00916,MWT_C00935,246876,246921,Unknown,review,review,unattributed_candidate_requires_review,"it is not horses, and

it is not behind us."
MWT_T00917,MWT_C00936,247240,247267,Unknown,review,review,unattributed_candidate_requires_review,"I tell you they were his,"
MWT_T00918,MWT_C00937,247297,247335,Unknown,review,review,unattributed_candidate_requires_review,"and they were

full of men in masks!"
MWT_T00919,MWT_C00938,247339,247348,the Colonel,high,high,new_explicit_speaker,Absurd!
MWT_T00920,MWT_C00939,247375,247420,Unknown,review,review,unattributed_candidate_requires_review,"Dr. Renard would never give them

his cars."
MWT_T00921,MWT_C00940,247424,247450,Unknown,review,review,unattributed_candidate_requires_review,"He may have been forced,"
MWT_T00922,MWT_C00941,247475,247510,Unknown,review,review,unattributed_candidate_requires_review,"The whole town is

on their side."
MWT_T00923,MWT_C00942,247514,247539,the Colonel,high,high,new_explicit_speaker,"You still believe that,"
MWT_T00924,MWT_C00943,247576,247607,the other,high,high,new_explicit_speaker,"You will all believe it soon,"
MWT_T00925,MWT_C00944,247743,247837,Unknown,review,review,unattributed_candidate_requires_review,"No, I can’t believe it. The thing is nonsense. The plain people of a

peaceable French town—"
MWT_T00926,MWT_C00945,248044,248053,the Colonel,high,high,new_explicit_speaker,My God!
MWT_T00927,MWT_C00946,248072,248097,Unknown,review,review,unattributed_candidate_requires_review,someone has shot at us.
MWT_T00928,MWT_C00947,248101,248138,Unknown,review,review,unattributed_candidate_requires_review,"It need not interrupt conversation,"
MWT_T00929,MWT_C00948,248166,248282,Unknown,review,review,unattributed_candidate_requires_review,"Pray

resume your remarks, Colonel. You were talking, I think, about the

plain people of a peaceable French town."
MWT_T00930,MWT_C00949,248381,248403,the Colonel,medium,medium,new_explicit_speaker,"It is extraordinary,"
MWT_T00931,MWT_C00950,248413,248434,Unknown,review,review,unattributed_candidate_requires_review,most extraordinary.
MWT_T00932,MWT_C00951,248438,248460,Syme,high,high,new_explicit_speaker,"A fastidious person,"
MWT_T00933,MWT_C00952,248472,248620,Unknown,review,review,unattributed_candidate_requires_review,"might even call it unpleasant.

However, I suppose those lights out in the field beyond this street are

the Gendarmerie. We shall soon get there."
MWT_T00934,MWT_C00953,248624,248629,Unknown,review,review,unattributed_candidate_requires_review,"No,"
MWT_T00935,MWT_C00954,248656,248683,Unknown,review,review,unattributed_candidate_requires_review,we shall never get there.
MWT_T00936,MWT_C00955,248814,248833,Unknown,review,review,unattributed_candidate_requires_review,What do you mean?
MWT_T00937,MWT_C00956,248857,248896,Unknown,review,review,unattributed_candidate_requires_review,"I mean that we shall never get there,"
MWT_T00938,MWT_C00957,248927,249117,Unknown,review,review,unattributed_candidate_requires_review,"They have two rows of armed men across the road already; I can see

them from here. The town is in arms, as I said it was. I can only

wallow in the exquisite comfort of my own exactitude."
MWT_T00939,MWT_C00958,249990,250088,Unknown,review,review,unattributed_candidate_requires_review,"It is quite true. There is a crowd or an army or some such thing

across the end of that street."
MWT_T00940,MWT_C00959,250092,250112,Unknown,review,review,unattributed_candidate_requires_review,"Well, if there is,"
MWT_T00941,MWT_C00960,250136,250382,Unknown,review,review,unattributed_candidate_requires_review,"it must be something

else—a sham fight or the mayor’s birthday or something. I cannot and

will not believe that plain, jolly people in a place like this walk

about with dynamite in their pockets. Get on a bit, Syme, and let us

look at them."
MWT_T00942,MWT_C00961,250520,250542,Unknown,review,review,unresolved_pronoun,"Why, you silly mugs!"
MWT_T00943,MWT_C00962,250553,250651,Unknown,review,review,unattributed_candidate_requires_review,"what did I tell you. That crowd’s as

law-abiding as a cow, and if it weren’t, it’s on our side."
MWT_T00944,MWT_C00963,250655,250673,the professor,high,high,new_explicit_speaker,How do you know?
MWT_T00945,MWT_C00964,250707,250723,Unknown,review,review,unattributed_candidate_requires_review,"You blind bat,"
MWT_T00946,MWT_C00965,250736,250772,Unknown,review,review,unattributed_candidate_requires_review,don’t you see who is leading them?
MWT_T00947,MWT_C00966,250859,250878,Unknown,review,review,unattributed_candidate_requires_review,"Why, it’s Renard!"
MWT_T00948,MWT_C00967,251200,251224,the Colonel,high,high,new_explicit_speaker,What a fool I’ve been!
MWT_T00949,MWT_C00968,251248,251305,Unknown,review,review,unattributed_candidate_requires_review,"Of course, the dear

old boy has turned out to help us."
MWT_T00950,MWT_C00969,251488,251513,Unknown,review,review,unattributed_candidate_requires_review,Dr. Renard! Dr. Renard!
MWT_T00951,MWT_C00970,252209,252216,Unknown,review,review,unattributed_candidate_requires_review,"Well,"
MWT_T00952,MWT_C00971,252251,252275,Unknown,review,review,unattributed_candidate_requires_review,what do you think now?
MWT_T00953,MWT_C00972,252279,252289,Unknown,review,review,unattributed_candidate_requires_review,"I think,"
MWT_T00954,MWT_C00973,252320,252907,Unknown,review,review,unattributed_candidate_requires_review,"that I am lying in bed at No.

217 Peabody Buildings, and that I shall soon wake up with a jump; or,

if that’s not it, I think that I am sitting in a small cushioned cell

in Hanwell, and that the doctor can’t make much of my case. But if you

want to know what I don’t think, I’ll tell you. I don’t think what you

think. I don’t think, and I never shall think, that the mass of

ordinary men are a pack of dirty modern thinkers. No, sir, I’m a

democrat, and I still don’t believe that Sunday could convert one

average navvy or counter-jumper. No, I may be mad, but humanity isn’t."
MWT_T00955,MWT_C00974,253014,253043,the Colonel,medium,medium,new_explicit_speaker,"You are a very fine fellow,"
MWT_T00956,MWT_C00975,253053,253403,Unknown,review,review,unattributed_candidate_requires_review,"You can believe in a sanity

which is not merely your sanity. And you’re right enough about

humanity, about peasants and people like that jolly old innkeeper. But

you’re not right about Renard. I suspected him from the first. He’s

rationalistic, and, what’s worse, he’s rich. When duty and religion are

really destroyed, it will be by the rich."
MWT_T00957,MWT_C00976,253407,253439,the man,high,high,new_explicit_speaker,"They are really destroyed now,"
MWT_T00958,MWT_C00977,253512,253539,Unknown,review,review,unattributed_candidate_requires_review,The devils are coming on!
MWT_T00959,MWT_C00978,253854,253866,the man,medium,medium,new_explicit_speaker,"Gentlemen,"
MWT_T00960,MWT_C00979,253877,254058,Unknown,review,review,unattributed_candidate_requires_review,"the thing is incredible. It must be a practical

joke. If you knew Renard as I do—it’s like calling Queen Victoria a

dynamiter. If you had got the man’s character into your head—"
MWT_T00961,MWT_C00980,254062,254073,Syme,high,high,new_explicit_speaker,"Dr. Bull,"
MWT_T00962,MWT_C00981,254098,254133,Unknown,review,review,unattributed_candidate_requires_review,has at least got it into his hat.
MWT_T00963,MWT_C00982,254137,254162,the Colonel,high,high,new_explicit_speaker,I tell you it can’t be!
MWT_T00964,MWT_C00983,254195,254248,Unknown,review,review,unattributed_candidate_requires_review,"Renard shall explain it. He shall explain it to me,"
MWT_T00965,MWT_C00984,254276,254303,Unknown,review,review,unattributed_candidate_requires_review,"Don’t be in such a hurry,"
MWT_T00966,MWT_C00985,254324,254369,Unknown,review,review,unattributed_candidate_requires_review,"He will very soon

explain it to all of us."
MWT_T00967,MWT_C00986,254642,254658,Syme,high,high,new_explicit_speaker,"It is no good,"
MWT_T00968,MWT_C00987,254670,254881,Unknown,review,review,unattributed_candidate_requires_review,"He will never get anything out of that old

heathen. I vote we drive bang through the thick of them, bang as the

bullets went through Bull’s hat. We may all be killed, but we must kill

a tidy number of them."
MWT_T00969,MWT_C00988,254885,254903,Unknown,review,review,unattributed_candidate_requires_review,"I won’t ’ave it,"
MWT_T00970,MWT_C00989,254972,255041,Unknown,review,review,unattributed_candidate_requires_review,"The poor chaps may be making a mistake. Give the

Colonel a chance."
MWT_T00971,MWT_C00990,255045,255070,the Professor,high,high,new_explicit_speaker,"Shall we go back, then?"
MWT_T00972,MWT_C00991,255095,255100,Unknown,review,review,unattributed_candidate_requires_review,"No,"
MWT_T00973,MWT_C00992,255133,255229,Unknown,review,review,unattributed_candidate_requires_review,"the street behind us is held

too. In fact, I seem to see there another friend of yours, Syme."
MWT_T00974,MWT_C00993,255711,255734,the Professor,high,high,new_explicit_speaker,What the devil is up?
MWT_T00975,MWT_C00994,255776,255806,Syme,high,high,new_explicit_speaker,The morning star has fallen!
MWT_T00976,MWT_C00995,256159,256181,the Professor,high,high,new_explicit_speaker,The world is insane!
MWT_T00977,MWT_C00996,256240,256245,Unknown,review,review,unattributed_candidate_requires_review,"No,"
MWT_T00978,MWT_C00997,256284,256294,Unknown,review,review,unattributed_candidate_requires_review,it is I.
MWT_T00979,MWT_C00998,256298,256324,the Professor,high,high,new_explicit_speaker,What are we going to do?
MWT_T00980,MWT_C00999,256349,256366,Syme,high,high,new_explicit_speaker,"At this moment,"
MWT_T00981,MWT_C01000,256408,256457,Unknown,review,review,unattributed_candidate_requires_review,"I think we

are going to smash into a lamppost."
MWT_T00982,MWT_C01001,256783,256812,the Professor,high,high,new_explicit_speaker,"Well, we smashed something,"
MWT_T00983,MWT_C01002,256854,256876,Unknown,review,review,unattributed_candidate_requires_review,That’s some comfort.
MWT_T00984,MWT_C01003,256880,256911,Syme,high,high,new_explicit_speaker,"You’re becoming an anarchist,"
MWT_T00985,MWT_C01004,256980,256994,Unknown,review,review,unattributed_candidate_requires_review,"Everyone is,"
MWT_T00986,MWT_C01005,257532,257558,Syme,high,high,new_explicit_speaker,"We have one more chance,"
MWT_T00987,MWT_C01006,257606,257943,Unknown,review,review,unattributed_candidate_requires_review,"Whatever all this pandemonium means, I suppose the police

station will help us. We can’t get there, for they hold the way. But

there’s a pier or breakwater runs out into the sea just here, which we

could defend longer than anything else, like Horatius and his bridge.

We must defend it till the Gendarmerie turn out. Keep after me."
MWT_T00988,MWT_C01007,259312,259326,Syme,high,high,new_explicit_speaker,The peasant!
MWT_T00989,MWT_C01008,259339,259383,Unknown,review,review,unattributed_candidate_requires_review,They have not risen since the Middle Ages.
MWT_T00990,MWT_C01009,259387,259420,the Professor,high,high,new_explicit_speaker,"Even if the police do come now,"
MWT_T00991,MWT_C01010,259452,259489,Unknown,review,review,unattributed_candidate_requires_review,"they

can do nothing with this mob."
MWT_T00992,MWT_C01011,259493,259504,Unknown,review,review,unattributed_candidate_requires_review,Nonsense!
MWT_T00993,MWT_C01012,259528,259588,Unknown,review,review,unattributed_candidate_requires_review,"there must be some people left in

the town who are human."
MWT_T00994,MWT_C01013,259592,259597,Unknown,review,review,unattributed_candidate_requires_review,"No,"
MWT_T00995,MWT_C01014,259627,259695,Unknown,review,review,unattributed_candidate_requires_review,"the human being will soon be

extinct. We are the last of mankind."
MWT_T00996,MWT_C01015|MWT_C01016,259699,260091,the Professor,high,review,explicit_continuation_language,"It may be, What is all that at the end of the ‘Dunciad’?



‘Nor public flame; nor private, dares to shine;

Nor human light is left, nor glimpse divine!

Lo! thy dread Empire, Chaos, is restored;

Light dies before thine uncreating word:

Thy hand, great Anarch, lets the curtain fall;

And universal darkness buries all.’"
MWT_T00997,MWT_C01017,260097,260104,Unknown,review,review,unattributed_candidate_requires_review,Stop!
MWT_T00998,MWT_C01018,260126,260150,Unknown,review,review,unattributed_candidate_requires_review,the gendarmes are out.
MWT_T00999,MWT_C01019,260333,260361,Unknown,review,review,unattributed_candidate_requires_review,They are charging the mob!
MWT_T01000,MWT_C01020,260397,260402,Syme,high,high,new_explicit_speaker,"No,"
MWT_T01001,MWT_C01021,260414,260449,Unknown,review,review,unattributed_candidate_requires_review,they are formed along the parade.
MWT_T01002,MWT_C01022,260453,260488,Unknown,review,review,unattributed_candidate_requires_review,"They have unslung their carbines,"
MWT_T01003,MWT_C01023,260528,260534,Unknown,review,review,unattributed_candidate_requires_review,"Yes,"
MWT_T01004,MWT_C01024,260551,260586,Unknown,review,review,unattributed_candidate_requires_review,and they are going to fire on us.
MWT_T01005,MWT_C01025,260719,260752,the Professor,high,high,new_explicit_speaker,The gendarmes have joined them!
MWT_T01006,MWT_C01026,260803,260829,Unknown,review,review,unattributed_candidate_requires_review,"I am in the padded cell,"
MWT_T01007,MWT_C01027,260968,261044,Unknown,review,review,unattributed_candidate_requires_review,"What does it matter who is mad or who is sane? We shall all be dead

soon."
MWT_T01008,MWT_C01028,261080,261111,Unknown,review,review,unattributed_candidate_requires_review,"You are quite hopeless, then?"
MWT_T01009,MWT_C01029,261184,261422,Unknown,review,review,unattributed_candidate_requires_review,"No; oddly enough I am not quite hopeless. There is one insane little

hope that I cannot get out of my mind. The power of this whole planet

is against us, yet I cannot help wondering whether this one silly

little hope is hopeless yet."
MWT_T01010,MWT_C01030,261426,261457,Syme,high,high,new_explicit_speaker,In what or whom is your hope?
MWT_T01011,MWT_C01031,261488,261511,the other,high,high,new_explicit_speaker,"In a man I never saw,"
MWT_T01012,MWT_C01032,261558,261581,Syme,high,high,new_explicit_speaker,"I know what you mean,"
MWT_T01013,MWT_C01033,261608,261676,Unknown,review,review,unattributed_candidate_requires_review,"the man in the dark

room. But Sunday must have killed him by now."
MWT_T01014,MWT_C01034,261680,261690,the other,high,high,new_explicit_speaker,"Perhaps,"
MWT_T01015,MWT_C01035,261716,261784,Unknown,review,review,unattributed_candidate_requires_review,"but if so, he was the only man

whom Sunday found it hard to kill."
MWT_T01016,MWT_C01036,261788,261812,the Professor,high,high,new_explicit_speaker,"I heard what you said,"
MWT_T01017,MWT_C01037,261855,261909,Unknown,review,review,unattributed_candidate_requires_review,"I

also am holding hard on to the thing I never saw."
MWT_T01018,MWT_C01038,262053,262102,Unknown,review,review,unattributed_candidate_requires_review,Where is the Colonel? I thought he was with us!
MWT_T01019,MWT_C01039,262106,262125,Unknown,review,review,unattributed_candidate_requires_review,"The Colonel! Yes,"
MWT_T01020,MWT_C01040,262138,262170,Unknown,review,review,unattributed_candidate_requires_review,where on earth is the Colonel?
MWT_T01021,MWT_C01041,262174,262203,the Professor,high,high,new_explicit_speaker,"He went to speak to Renard,"
MWT_T01022,MWT_C01042,262227,262272,Syme,high,high,new_explicit_speaker,"We cannot leave him among all those beasts,"
MWT_T01023,MWT_C01043,262285,262317,Unknown,review,review,unattributed_candidate_requires_review,"Let us die

like gentlemen if—"
MWT_T01024,MWT_C01044,262321,262347,Unknown,review,review,unattributed_candidate_requires_review,"Do not pity the Colonel,"
MWT_T01025,MWT_C01045,262383,262421,Unknown,review,review,unattributed_candidate_requires_review,"He is

extremely comfortable. He is—"
MWT_T01026,MWT_C01046,262425,262438,Syme,high,high,new_explicit_speaker,No! no! no!
MWT_T01027,MWT_C01047,262471,262519,Unknown,review,review,unattributed_candidate_requires_review,"not the Colonel too! I

will never believe it!"
MWT_T01028,MWT_C01048,262523,262552,the other,high,high,new_explicit_speaker,Will you believe your eyes?
MWT_T01029,MWT_C01049,263219,263241,the Professor,high,high,new_explicit_speaker,"Yes, he is gone too,"
MWT_T01030,MWT_C01050,263288,263411,Unknown,review,review,unattributed_candidate_requires_review,"Everything’s gone. I’m gone! I can’t trust my own bodily machinery. I

feel as if my own hand might fly up and strike me."
MWT_T01031,MWT_C01051,263415,263439,Syme,high,high,new_explicit_speaker,"When my hand flies up,"
MWT_T01032,MWT_C01052,263451,263482,Unknown,review,review,unattributed_candidate_requires_review,"it will strike somebody else,"
MWT_T01033,MWT_C01053,263843,263864,Syme,medium,medium,new_explicit_speaker,Judas before Herod!
MWT_T01034,MWT_C01054,264138,264164,Syme,high,high,new_explicit_speaker,Do you see this lantern?
MWT_T01035,MWT_C01055,264197,264826,Unknown,review,review,unattributed_candidate_requires_review,"Do you see

the cross carved on it, and the flame inside? You did not make it. You

did not light it. Better men than you, men who could believe and obey,

twisted the entrails of iron and preserved the legend of fire. There is

not a street you walk on, there is not a thread you wear, that was not

made as this lantern was, by denying your philosophy of dirt and rats.

You can make nothing. You can only destroy. You will destroy mankind;

you will destroy the world. Let that suffice you. Yet this one old

Christian lantern you shall not destroy. It shall go where your empire

of apes will never have the wit to find it."
MWT_T01036,MWT_C01056,265026,265035,Syme,high,high,new_explicit_speaker,Swords!
MWT_T01037,MWT_C01057,265101,265158,Unknown,review,review,unattributed_candidate_requires_review,"Let us charge these dogs, for our time has come to die."
MWT_T01038,MWT_C01058,265707,265731,Syme,medium,medium,new_explicit_speaker,"There is some mistake,"
MWT_T01039,MWT_C01059,265741,265835,Unknown,review,review,unattributed_candidate_requires_review,"Mr. Syme, I hardly think you

understand your position. I arrest you in the name of the law."
MWT_T01040,MWT_C01060,265839,265852,Syme,high,high,new_explicit_speaker,Of the law?
MWT_T01041,MWT_C01061,265890,265902,the Secretary,high,high,new_explicit_speaker,Certainly!
MWT_T01042,MWT_C01062,265923,265961,Unknown,review,review,unattributed_candidate_requires_review,"I am a detective from Scotland Yard,"
MWT_T01043,MWT_C01063,266013,266046,the Professor,high,high,new_explicit_speaker,And what do you suppose we are?
MWT_T01044,MWT_C01064,266095,266101,the Secretary,high,high,new_explicit_speaker,"You,"
MWT_T01045,MWT_C01065,266130,266229,Unknown,review,review,unattributed_candidate_requires_review,"are, as I know for a fact, members

of the Supreme Anarchist Council. Disguised as one of you, I—"
MWT_T01046,MWT_C01066,266276,266324,the Secretary,medium,medium,new_explicit_speaker,"There never was any Supreme Anarchist Council,"
MWT_T01047,MWT_C01067,266334,266535,the Secretary,medium,medium,new_explicit_speaker,"We were all

a lot of silly policemen looking at each other. And all these nice

people who have been peppering us with shot thought we were the

dynamiters. I knew I couldn’t be wrong about the mob,"
MWT_T01048,MWT_C01068,266636,266758,Unknown,review,review,unattributed_candidate_requires_review,"Vulgar people are never mad. I’m vulgar myself, and I

know. I am now going on shore to stand a drink to everybody here."
MWT_T01049,MWT_C01069,267881,267960,the Secretary,medium,medium,new_explicit_speaker,"I can’t make head or tail of old Sunday’s little game any more than

you can,"
MWT_T01050,MWT_C01070,267970,268066,Unknown,review,review,unattributed_candidate_requires_review,"But whatever else Sunday is, he isn’t a blameless

citizen. Damn it! do you remember his face?"
MWT_T01051,MWT_C01071,268070,268084,Syme,high,high,new_explicit_speaker,"I grant you,"
MWT_T01052,MWT_C01072,268100,268144,Unknown,review,review,unattributed_candidate_requires_review,"that I have never been able to forget

it."
MWT_T01053,MWT_C01073,268148,268155,the Secretary,high,high,new_explicit_speaker,"Well,"
MWT_T01054,MWT_C01074,268176,268277,the Secretary,medium,medium,new_explicit_speaker,"I suppose we can find out soon, for

tomorrow we have our next general meeting. You will excuse me,"
MWT_T01055,MWT_C01075,268317,268373,Unknown,review,review,unattributed_candidate_requires_review,"for being well acquainted with my

secretarial duties."
MWT_T01056,MWT_C01076,268377,268403,the Professor,high,high,new_explicit_speaker,"I suppose you are right,"
MWT_T01057,MWT_C01077,268437,268562,Unknown,review,review,unattributed_candidate_requires_review,"I suppose

we might find it out from him; but I confess that I should feel a bit

afraid of asking Sunday who he really is."
MWT_T01058,MWT_C01078,268566,268572,the Secretary,high,high,new_explicit_speaker,"Why,"
MWT_T01059,MWT_C01079,268594,268614,Unknown,review,review,unattributed_candidate_requires_review,for fear of bombs?
MWT_T01060,MWT_C01080,268618,268623,the Professor,high,high,new_explicit_speaker,"No,"
MWT_T01061,MWT_C01081,268644,268672,Unknown,review,review,unattributed_candidate_requires_review,for fear he might tell me.
MWT_T01062,MWT_C01082,268676,268702,Unknown,review,review,unattributed_candidate_requires_review,"Let us have some drinks,"
MWT_T01063,MWT_C01083,269688,269715,Unknown,review,review,unattributed_candidate_requires_review,I tell you I’ve seen him!
MWT_T01064,MWT_C01084,269755,269762,Syme,high,high,new_explicit_speaker,Whom?
MWT_T01065,MWT_C01085,269783,269803,Unknown,review,review,unattributed_candidate_requires_review,Not the President?
MWT_T01066,MWT_C01086,269807,269828,Unknown,review,review,unattributed_candidate_requires_review,"Not so bad as that,"
MWT_T01067,MWT_C01087,269871,269912,Unknown,review,review,unattributed_candidate_requires_review,"not so

bad as that. I’ve got him here."
MWT_T01068,MWT_C01088,269916,269932,Syme,high,high,new_explicit_speaker,Got whom here?
MWT_T01069,MWT_C01089,269960,269972,the other,high,high,new_explicit_speaker,"Hairy man,"
MWT_T01070,MWT_C01090,269997,270048,Unknown,review,review,unattributed_candidate_requires_review,"man that used to be hairy

man—Gogol. Here he is,"
MWT_T01071,MWT_C01091,270269,270296,the other,medium,medium,new_explicit_speaker,Why do you worry with me?
MWT_T01072,MWT_C01092,270307,270339,Unknown,review,review,unattributed_candidate_requires_review,You have expelled me as a spy.
MWT_T01073,MWT_C01093,270343,270362,Syme,high,high,new_explicit_speaker,We are all spies!
MWT_T01074,MWT_C01094,270382,270400,Unknown,review,review,unattributed_candidate_requires_review,We’re all spies!
MWT_T01075,MWT_C01095,270419,270443,Unknown,review,review,unattributed_candidate_requires_review,Come and have a drink.
MWT_T01076,MWT_C01096,270554,270578,Unknown,review,review,unattributed_candidate_requires_review,"This is more cheerful,"
MWT_T01077,MWT_C01097,270594,270647,Unknown,review,review,unattributed_candidate_requires_review,"we are six men going to ask

one man what he means."
MWT_T01078,MWT_C01098,270651,270691,Syme,high,high,new_explicit_speaker,"I think it is a bit queerer than that,"
MWT_T01079,MWT_C01099,270703,270764,Unknown,review,review,unattributed_candidate_requires_review,"I think it is six

men going to ask one man what they mean."
MWT_T01080,MWT_C01100,271486,271514,Syme,high,high,new_explicit_speaker,"My reason is quite simple,"
MWT_T01081,MWT_C01101,271526,271576,Unknown,review,review,unattributed_candidate_requires_review,"I attack him rashly because I

am afraid of him."
MWT_T01082,MWT_C01102,271752,271765,Syme,medium,medium,new_explicit_speaker,Delightful!
MWT_T01083,MWT_C01103,271775,271851,Unknown,review,review,unattributed_candidate_requires_review,"So pleased to see you all. What an exquisite

day it is. Is the Czar dead?"
MWT_T01084,MWT_C01104,271951,271961,Syme,medium,medium,new_explicit_speaker,"No, sir,"
MWT_T01085,MWT_C01105,271978,272059,Unknown,review,review,unattributed_candidate_requires_review,"there has been no massacre. I bring you

news of no such disgusting spectacles."
MWT_T01086,MWT_C01106,272063,272087,Unknown,review,review,unattributed_candidate_requires_review,Disgusting spectacles?
MWT_T01087,MWT_C01107,272145,272178,Unknown,review,review,unattributed_candidate_requires_review,You mean Dr. Bull’s spectacles?
MWT_T01088,MWT_C01108,272277,272393,Unknown,review,review,unattributed_candidate_requires_review,"Of course, we all have our opinions and even our eyes, but really to

call them disgusting before the man himself—"
MWT_T01089,MWT_C01109,272462,272495,Syme,medium,medium,new_explicit_speaker,"My spectacles are blackguardly,"
MWT_T01090,MWT_C01110,272505,272537,Unknown,review,review,unattributed_candidate_requires_review,"but I’m not. Look at my

face."
MWT_T01091,MWT_C01111,272541,272594,the President,high,high,new_explicit_speaker,"I dare say it’s the sort of face that grows on one,"
MWT_T01092,MWT_C01112,272616,272753,Unknown,review,review,unattributed_candidate_requires_review,"in fact, it grows on you; and who am I to quarrel with the

wild fruits upon the Tree of Life? I dare say it will grow on me some

day."
MWT_T01093,MWT_C01113,272757,272790,the Secretary,high,high,new_explicit_speaker,"We have no time for tomfoolery,"
MWT_T01094,MWT_C01114,272834,273085,Unknown,review,review,unattributed_candidate_requires_review,"We have come to know what all this means. Who are you? What

are you? Why did you get us all here? Do you know who and what we are?

Are you a half-witted man playing the conspirator, or are you a clever

man playing the fool? Answer me, I tell you."
MWT_T01095,MWT_C01115,273089,273102,Unknown,review,review,unattributed_candidate_requires_review,"Candidates,"
MWT_T01096,MWT_C01116,273120,273525,Unknown,review,review,unattributed_candidate_requires_review,"are only required to answer eight out

of the seventeen questions on the paper. As far as I can make out, you

want me to tell you what I am, and what you are, and what this table

is, and what this Council is, and what this world is for all I know.

Well, I will go so far as to rend the veil of one mystery. If you want

to know what you are, you are a set of highly well-intentioned young

jackasses."
MWT_T01097,MWT_C01117,273529,273539,Syme,high,high,new_explicit_speaker,"And you,"
MWT_T01098,MWT_C01118,273568,273583,Unknown,review,review,unattributed_candidate_requires_review,what are you?
MWT_T01099,MWT_C01119,273587,273602,Unknown,review,review,unattributed_candidate_requires_review,I? What am I?
MWT_T01100,MWT_C01120,273731,274478,Unknown,review,review,unattributed_candidate_requires_review,"You want to know what I am, do you? Bull, you are a man of

science. Grub in the roots of those trees and find out the truth about

them. Syme, you are a poet. Stare at those morning clouds. But I tell

you this, that you will have found out the truth of the last tree and

the top-most cloud before the truth about me. You will understand the

sea, and I shall be still a riddle; you shall know what the stars are,

and not know what I am. Since the beginning of the world all men have

hunted me like a wolf—kings and sages, and poets and lawgivers, all the

churches, and all the philosophies. But I have never been caught yet,

and the skies will fall in the time I turn to bay. I have given them a

good run for their money, and I will now."
MWT_T01101,MWT_C01121,274767,274883,Unknown,review,review,unattributed_candidate_requires_review,"There’s one thing I’ll tell you though about who I am. I am the man in

the dark room, who made you all policemen."
MWT_T01102,MWT_C01122,275858,275871,Unknown,review,review,unattributed_candidate_requires_review,Stop thief!
MWT_T01103,MWT_C01123,277497,277530,Unknown,review,review,unattributed_candidate_requires_review,What about Martin Tupper _now?_
MWT_T01104,MWT_C01124,277536,277568,Unknown,review,review,unattributed_candidate_requires_review,What does the old maniac mean?
MWT_T01105,MWT_C01125,277604,277632,Unknown,review,review,unattributed_candidate_requires_review,"What does yours say, Syme?"
MWT_T01106,MWT_C01126,277701,277937,Unknown,review,review,unattributed_candidate_requires_review,"No one would regret anything in the nature of an interference by the

Archdeacon more than I. I trust it will not come to that. But, for the

last time, where are your goloshes? The thing is too bad, especially

after what uncle said."
MWT_T01107,MWT_C01127,278624,278636,Unknown,review,review,unattributed_candidate_requires_review,After him!
MWT_T01108,MWT_C01128,278650,278712,Unknown,review,review,unattributed_candidate_requires_review,"He can’t go astray now. There’s no mistaking

a fire-engine."
MWT_T01109,MWT_C01129,279169,279244,Unknown,review,review,unattributed_candidate_requires_review,"Fly at once. The truth about your trouser-stretchers is known.—A

FRIEND."
MWT_T01110,MWT_C01130,280024,280049,Unknown,review,review,unresolved_pronoun,What place can this be?
MWT_T01111,MWT_C01131,280060,280138,Unknown,review,review,unattributed_candidate_requires_review,"Can it be the old devil’s house?

I’ve heard he has a house in North London."
MWT_T01112,MWT_C01132,280142,280159,the Secretary,high,high,new_explicit_speaker,"All the better,"
MWT_T01113,MWT_C01133,280219,280247,Unknown,review,review,unattributed_candidate_requires_review,we shall find him at home.
MWT_T01114,MWT_C01134,280251,280275,Syme,high,high,new_explicit_speaker,"No, but it isn’t that,"
MWT_T01115,MWT_C01135,280307,280411,Unknown,review,review,unattributed_candidate_requires_review,"I hear the

most horrible noises, like devils laughing and sneezing and blowing

their devilish noses!"
MWT_T01116,MWT_C01136,280415,280445,the Secretary,high,high,new_explicit_speaker,"His dogs barking, of course,"
MWT_T01117,MWT_C01137,280469,280509,Syme,high,high,new_explicit_speaker,Why not say his black-beetles barking!
MWT_T01118,MWT_C01138,280531,280608,Unknown,review,review,unattributed_candidate_requires_review,"snails

barking! geraniums barking! Did you ever hear a dog bark like that?"
MWT_T01119,MWT_C01139,280818,280865,Unknown,review,review,unattributed_candidate_requires_review,"The dogs of Sunday would be no ordinary dogs,"
MWT_T01120,MWT_C01140,280983,281006,Syme,medium,medium,new_explicit_speaker,"Well, listen to that,"
MWT_T01121,MWT_C01141,281016,281046,Unknown,review,review,unattributed_candidate_requires_review,is that a dog—anybody’s dog?
MWT_T01122,MWT_C01142,281228,281263,the Secretary,high,high,new_explicit_speaker,"Well, his house ought to be hell!"
MWT_T01123,MWT_C01143,281284,281319,Unknown,review,review,unattributed_candidate_requires_review,"and if it is

hell, I’m going in!"
MWT_T01124,MWT_C01144,281561,281578,the Secretary,medium,medium,new_explicit_speaker,"Why, you asses,"
MWT_T01125,MWT_C01145,281589,281604,Unknown,review,review,unattributed_candidate_requires_review,it’s the Zoo!
MWT_T01126,MWT_C01146,281760,281783,Unknown,review,review,unattributed_candidate_requires_review,Has it come this way?
MWT_T01127,MWT_C01147,281806,281817,Syme,high,high,new_explicit_speaker,Has what?
MWT_T01128,MWT_C01148,281833,281848,Unknown,review,review,unattributed_candidate_requires_review,The elephant!
MWT_T01129,MWT_C01149,281867,281908,Unknown,review,review,unattributed_candidate_requires_review,"An elephant has gone mad and run

away!"
MWT_T01130,MWT_C01150,281912,281952,the other,high,high,new_explicit_speaker,"He has run away with an old gentleman,"
MWT_T01131,MWT_C01151,281992,282031,Unknown,review,review,unattributed_candidate_requires_review,a poor old gentleman with white hair!
MWT_T01132,MWT_C01152,282035,282064,Syme,high,high,new_explicit_speaker,What sort of old gentleman?
MWT_T01133,MWT_C01153,282102,282161,Unknown,review,review,unattributed_candidate_requires_review,"A very large and fat old gentleman in light grey clothes,"
MWT_T01134,MWT_C01154,282191,282198,Syme,high,high,new_explicit_speaker,"Well,"
MWT_T01135,MWT_C01155,282210,282580,Unknown,review,review,unattributed_candidate_requires_review,"if he’s that particular kind of old gentleman, if

you’re quite sure that he’s a large and fat old gentleman in grey

clothes, you may take my word for it that the elephant has not run away

with him. He has run away with the elephant. The elephant is not made

by God that could run away with him if he did not consent to the

elopement. And, by thunder, there he is!"
MWT_T01136,MWT_C01156,283082,283093,Unknown,review,review,unattributed_candidate_requires_review,Stop him!
MWT_T01137,MWT_C01157,283117,283144,Unknown,review,review,unattributed_candidate_requires_review,He’ll be out of the gate!
MWT_T01138,MWT_C01158,283148,283167,Unknown,review,review,unattributed_candidate_requires_review,Stop a landslide!
MWT_T01139,MWT_C01159,283185,283209,Unknown,review,review,unattributed_candidate_requires_review,He is out of the gate!
MWT_T01140,MWT_C01160,283443,283456,Unknown,review,review,unattributed_candidate_requires_review,Great Lord!
MWT_T01141,MWT_C01161,283469,283581,Unknown,review,review,unattributed_candidate_requires_review,"I never knew an elephant could go so fast.

Well, it must be hansom-cabs again if we are to keep him in sight."
MWT_T01142,MWT_C01162,285384,285422,Unknown,review,review,unattributed_candidate_requires_review,"The word, I fancy, should be ‘pink’."
MWT_T01143,MWT_C01163,286768,286791,Syme,high,high,new_explicit_speaker,Where has he gone to?
MWT_T01144,MWT_C01164,286831,286875,Unknown,review,review,unattributed_candidate_requires_review,"Gentleman rushed into the Exhibition, sir!"
MWT_T01145,MWT_C01165,286948,287018,Unknown,review,review,unattributed_candidate_requires_review,"Funny gentleman, sir.

Asked me to hold his horse, and gave me this."
MWT_T01146,MWT_C01166,287084,287137,Unknown,review,review,unattributed_candidate_requires_review,"To the

Secretary of the Central Anarchist Council."
MWT_T01147,MWT_C01167,287211,287363,Unknown,review,review,unattributed_candidate_requires_review,"When the herring runs a mile,

Let the Secretary smile;

When the herring tries to _fly_,

Let the Secretary die.

                    Rustic Proverb."
MWT_T01148,MWT_C01168,287369,287394,Unknown,review,review,unattributed_candidate_requires_review,"Why the eternal crikey,"
MWT_T01149,MWT_C01169,287416,287515,Unknown,review,review,unattributed_candidate_requires_review,"did you let the man in?

Do people commonly come to your Exhibition riding on mad elephants?

Do—"
MWT_T01150,MWT_C01170,287519,287526,Syme,high,high,new_explicit_speaker,Look!
MWT_T01151,MWT_C01171,287550,287568,Unknown,review,review,unattributed_candidate_requires_review,Look over there!
MWT_T01152,MWT_C01172,287572,287587,the Secretary,high,high,new_explicit_speaker,Look at what?
MWT_T01153,MWT_C01173,287621,287651,Syme,high,high,new_explicit_speaker,Look at the captive balloon!
MWT_T01154,MWT_C01174,287691,287743,the Secretary,high,high,new_explicit_speaker,Why the blazes should I look at a captive balloon?
MWT_T01155,MWT_C01175,287769,287815,Unknown,review,review,unattributed_candidate_requires_review,What is there queer about a captive balloon?
MWT_T01156,MWT_C01176,287819,287829,Syme,high,high,new_explicit_speaker,"Nothing,"
MWT_T01157,MWT_C01177,287841,287872,Unknown,review,review,unattributed_candidate_requires_review,except that it isn’t captive!
MWT_T01158,MWT_C01178,288148,288170,Unknown,review,review,unattributed_candidate_requires_review,Ten thousand devils!
MWT_T01159,MWT_C01179,288195,288214,Unknown,review,review,unattributed_candidate_requires_review,He’s got into it!
MWT_T01160,MWT_C01180,288440,288460,the Professor,high,high,new_explicit_speaker,God bless my soul!
MWT_T01161,MWT_C01181,288580,288662,Unknown,review,review,unattributed_candidate_requires_review,"God

bless my soul! I seemed to fancy that something fell on the top of my

hat!"
MWT_T01162,MWT_C01182,288842,288906,Syme,high,high,new_explicit_speaker,Your beauty has not left me indifferent.—From LITTLE SNOWDROP.
MWT_T01163,MWT_C01183,288980,289063,Unknown,review,review,unattributed_candidate_requires_review,"I’m not beaten yet. The blasted thing must come down somewhere. Let’s

follow it!"
MWT_T01164,MWT_C01184,290276,290288,Syme,medium,medium,new_explicit_speaker,"After all,"
MWT_T01165,MWT_C01185,290298,290321,Unknown,review,review,unattributed_candidate_requires_review,it is very beautiful!
MWT_T01166,MWT_C01186,290325,290368,the Professor,high,high,new_explicit_speaker,It is singularly and strangely beautiful!
MWT_T01167,MWT_C01187,290389,290431,Unknown,review,review,unattributed_candidate_requires_review,"I wish

the beastly gas-bag would burst!"
MWT_T01168,MWT_C01188,290435,290440,Unknown,review,review,unattributed_candidate_requires_review,"No,"
MWT_T01169,MWT_C01189,290456,290501,Unknown,review,review,unattributed_candidate_requires_review,I hope it won’t. It might hurt the old boy.
MWT_T01170,MWT_C01190,290505,290516,Unknown,review,review,unattributed_candidate_requires_review,Hurt him!
MWT_T01171,MWT_C01191,290548,290633,Unknown,review,review,unattributed_candidate_requires_review,"hurt him! Not as much as

I’d hurt him if I could get up with him. Little Snowdrop!"
MWT_T01172,MWT_C01192,290637,290670,Unknown,review,review,unattributed_candidate_requires_review,"I don’t want him hurt, somehow,"
MWT_T01173,MWT_C01193,290689,290696,the Secretary,high,high,new_explicit_speaker,What!
MWT_T01174,MWT_C01194,290727,290834,Unknown,review,review,unattributed_candidate_requires_review,"Do you believe all that tale

about his being our man in the dark room? Sunday would say he was

anybody."
MWT_T01175,MWT_C01195,290838,290881,Unknown,review,review,unattributed_candidate_requires_review,"I don’t know whether I believe it or not,"
MWT_T01176,MWT_C01196,290897,290983,Unknown,review,review,unattributed_candidate_requires_review,"But it

isn’t that that I mean. I can’t wish old Sunday’s balloon to burst

because—"
MWT_T01177,MWT_C01197,290987,290994,Syme,high,high,new_explicit_speaker,"Well,"
MWT_T01178,MWT_C01198,291018,291028,Unknown,review,review,unattributed_candidate_requires_review,because?
MWT_T01179,MWT_C01199,291032,291085,Unknown,review,review,unattributed_candidate_requires_review,"Well, because he’s so jolly like a balloon himself,"
MWT_T01180,MWT_C01200,291114,291560,Unknown,review,review,unattributed_candidate_requires_review,"I don’t understand a word of all that idea of his being

the same man who gave us all our blue cards. It seems to make

everything nonsense. But I don’t care who knows it, I always had a

sympathy for old Sunday himself, wicked as he was. Just as if he was a

great bouncing baby. How can I explain what my queer sympathy was? It

didn’t prevent my fighting him like hell! Shall I make it clear if I

say that I liked him because he was so fat?"
MWT_T01181,MWT_C01201,291564,291579,the Secretary,high,high,new_explicit_speaker,"You will not,"
MWT_T01182,MWT_C01202,291603,291621,Unknown,review,review,unattributed_candidate_requires_review,"I’ve got it now,"
MWT_T01183,MWT_C01203,291634,291997,Unknown,review,review,unattributed_candidate_requires_review,"it was because he was so fat and so

light. Just like a balloon. We always think of fat people as heavy, but

he could have danced against a sylph. I see now what I mean. Moderate

strength is shown in violence, supreme strength is shown in levity. It

was like the old speculations—what would happen if an elephant could

leap up in the sky like a grasshopper?"
MWT_T01184,MWT_C01204,292001,292016,Syme,high,high,new_explicit_speaker,"Our elephant,"
MWT_T01185,MWT_C01205,292045,292090,Unknown,review,review,unattributed_candidate_requires_review,"has leapt into the sky

like a grasshopper."
MWT_T01186,MWT_C01206,292094,292108,Unknown,review,review,unattributed_candidate_requires_review,"And somehow,"
MWT_T01187,MWT_C01207,292125,292691,the Secretary,high,high,new_explicit_speaker,"that’s why I can’t help liking old

Sunday. No, it’s not an admiration of force, or any silly thing like

that. There is a kind of gaiety in the thing, as if he were bursting

with some good news. Haven’t you sometimes felt it on a spring day? You

know Nature plays tricks, but somehow that day proves they are

good-natured tricks. I never read the Bible myself, but that part they

laugh at is literal truth, ‘Why leap ye, ye high hills?’ The hills do

leap—at least, they try to.... Why do I like Sunday?... how can I tell

you?... because he’s such a Bounder."
MWT_T01188,MWT_C01208,292783,294462,Unknown,review,review,unattributed_candidate_requires_review,"You do not know Sunday at all. Perhaps it is because you are better

than I, and do not know hell. I was a fierce fellow, and a trifle

morbid from the first. The man who sits in darkness, and who chose us

all, chose me because I had all the crazy look of a conspirator—because

my smile went crooked, and my eyes were gloomy, even when I smiled. But

there must have been something in me that answered to the nerves in all

these anarchic men. For when I first saw Sunday he expressed to me, not

your airy vitality, but something both gross and sad in the Nature of

Things. I found him smoking in a twilight room, a room with brown blind

down, infinitely more depressing than the genial darkness in which our

master lives. He sat there on a bench, a huge heap of a man, dark and

out of shape. He listened to all my words without speaking or even

stirring. I poured out my most passionate appeals, and asked my most

eloquent questions. Then, after a long silence, the Thing began to

shake, and I thought it was shaken by some secret malady. It shook like

a loathsome and living jelly. It reminded me of everything I had ever

read about the base bodies that are the origin of life—the deep sea

lumps and protoplasm. It seemed like the final form of matter, the most

shapeless and the most shameful. I could only tell myself, from its

shudderings, that it was something at least that such a monster could

be miserable. And then it broke upon me that the bestial mountain was

shaking with a lonely laughter, and the laughter was at me. Do you ask

me to forgive him that? It is no small thing to be laughed at by

something at once lower and stronger than oneself."
MWT_T01189,MWT_C01209,294466,294511,Unknown,review,review,unattributed_candidate_requires_review,"Surely you fellows are exaggerating wildly,"
MWT_T01190,MWT_C01210,294560,295787,Unknown,review,review,unattributed_candidate_requires_review,"President Sunday is a terrible fellow for one’s

intellect, but he is not such a Barnum’s freak physically as you make

out. He received me in an ordinary office, in a grey check coat, in

broad daylight. He talked to me in an ordinary way. But I’ll tell you

what is a trifle creepy about Sunday. His room is neat, his clothes are

neat, everything seems in order; but he’s absent-minded. Sometimes his

great bright eyes go quite blind. For hours he forgets that you are

there. Now absent-mindedness is just a bit too awful in a bad man. We

think of a wicked man as vigilant. We can’t think of a wicked man who

is honestly and sincerely dreamy, because we daren’t think of a wicked

man alone with himself. An absentminded man means a good-natured man.

It means a man who, if he happens to see you, will apologise. But how

will you bear an absentminded man who, if he happens to see you, will

kill you? That is what tries the nerves, abstraction combined with

cruelty. Men have felt it sometimes when they went through wild

forests, and felt that the animals there were at once innocent and

pitiless. They might ignore or slay. How would you like to pass ten

mortal hours in a parlour with an absent-minded tiger?"
MWT_T01191,MWT_C01211,295791,295832,Syme,high,high,new_explicit_speaker,"And what do you think of Sunday, Gogol?"
MWT_T01192,MWT_C01212,295848,295887,Unknown,review,review,unattributed_candidate_requires_review,"I don’t think of Sunday on principle,"
MWT_T01193,MWT_C01213,295907,295954,Unknown,review,review,unattributed_candidate_requires_review,"any more

than I stare at the sun at noonday."
MWT_T01194,MWT_C01214,295958,295990,Syme,high,high,new_explicit_speaker,"Well, that is a point of view,"
MWT_T01195,MWT_C01215,296015,296045,Unknown,review,review,unattributed_candidate_requires_review,"What do you

say, Professor?"
MWT_T01196,MWT_C01216,296144,296165,Syme,high,high,new_explicit_speaker,"Wake up, Professor!"
MWT_T01197,MWT_C01217,296186,296222,Unknown,review,review,unattributed_candidate_requires_review,"Tell us what you think of

Sunday."
MWT_T01198,MWT_C01218,296270,296290,Syme,medium,medium,new_explicit_speaker,"I think something,"
MWT_T01199,MWT_C01219,296300,296852,Unknown,review,review,unattributed_candidate_requires_review,"that I cannot say clearly. Or, rather, I

think something that I cannot even think clearly. But it is something

like this. My early life, as you know, was a bit too large and loose.



“Well, when I saw Sunday’s face I thought it was too large—everybody

does, but I also thought it was too loose. The face was so big, that

one couldn’t focus it or make it a face at all. The eye was so far away

from the nose, that it wasn’t an eye. The mouth was so much by itself,

that one had to think of it by itself. The whole thing is too hard to

explain."
MWT_T01200,MWT_C01220,296927,297975,Unknown,review,review,unattributed_candidate_requires_review,"But put it this way. Walking up a road at night, I have seen a lamp

and a lighted window and a cloud make together a most complete and

unmistakable face. If anyone in heaven has that face I shall know him

again. Yet when I walked a little farther I found that there was no

face, that the window was ten yards away, the lamp ten hundred yards,

the cloud beyond the world. Well, Sunday’s face escaped me; it ran away

to right and left, as such chance pictures run away. And so his face

has made me, somehow, doubt whether there are any faces. I don’t know

whether your face, Bull, is a face or a combination in perspective.

Perhaps one black disc of your beastly glasses is quite close and

another fifty miles away. Oh, the doubts of a materialist are not worth

a dump. Sunday has taught me the last and the worst doubts, the doubts

of a spiritualist. I am a Buddhist, I suppose; and Buddhism is not a

creed, it is a doubt. My poor dear Bull, I do not believe that you

really have a face. I have not faith enough to believe in matter."
MWT_T01201,MWT_C01221,298120,298152,Unknown,review,review,unresolved_pronoun,"Have you noticed an odd thing,"
MWT_T01202,MWT_C01222,298162,298730,Unknown,review,review,unattributed_candidate_requires_review,"about all your descriptions?

Each man of you finds Sunday quite different, yet each man of you can

only find one thing to compare him to—the universe itself. Bull finds

him like the earth in spring, Gogol like the sun at noonday. The

Secretary is reminded of the shapeless protoplasm, and the Inspector of

the carelessness of virgin forests. The Professor says he is like a

changing landscape. This is queer, but it is queerer still that I also

have had my odd notion about the President, and I also find that I

think of Sunday as I think of the whole world."
MWT_T01203,MWT_C01223,298734,298765,Unknown,review,review,unattributed_candidate_requires_review,"Get on a little faster, Syme,"
MWT_T01204,MWT_C01224,298777,298802,Unknown,review,review,unattributed_candidate_requires_review,never mind the balloon.
MWT_T01205,MWT_C01225,298806,298832,Syme,high,high,new_explicit_speaker,"When I first saw Sunday,"
MWT_T01206,MWT_C01226,298851,299196,Unknown,review,review,unattributed_candidate_requires_review,"I only saw his back; and

when I saw his back, I knew he was the worst man in the world. His neck

and shoulders were brutal, like those of some apish god. His head had a

stoop that was hardly human, like the stoop of an ox. In fact, I had at

once the revolting fancy that this was not a man at all, but a beast

dressed up in men’s clothes."
MWT_T01207,MWT_C01227,299200,299209,Unknown,review,review,unattributed_candidate_requires_review,"Get on,"
MWT_T01208,MWT_C01228,299228,299615,Unknown,review,review,unattributed_candidate_requires_review,"And then the queer thing happened. I had seen his back from the

street, as he sat in the balcony. Then I entered the hotel, and coming

round the other side of him, saw his face in the sunlight. His face

frightened me, as it did everyone; but not because it was brutal, not

because it was evil. On the contrary, it frightened me because it was

so beautiful, because it was so good."
MWT_T01209,MWT_C01229,299619,299626,the Secretary,high,high,new_explicit_speaker,"Syme,"
MWT_T01210,MWT_C01230,299652,299666,Unknown,review,review,unattributed_candidate_requires_review,are you ill?
MWT_T01211,MWT_C01231,299670,300034,Unknown,review,review,unattributed_candidate_requires_review,"It was like the face of some ancient archangel, judging justly after

heroic wars. There was laughter in the eyes, and in the mouth honour

and sorrow. There was the same white hair, the same great, grey-clad

shoulders that I had seen from behind. But when I saw him from behind I

was certain he was an animal, and when I saw him in front I knew he was

a god."
MWT_T01212,MWT_C01232,300038,300044,the Professor,high,high,new_explicit_speaker,"Pan,"
MWT_T01213,MWT_C01233,300074,300100,Unknown,review,review,unattributed_candidate_requires_review,was a god and an animal.
MWT_T01214,MWT_C01234,300104,300133,Unknown,review,review,unattributed_candidate_requires_review,"Then, and again and always,"
MWT_T01215,MWT_C01235,300179,300657,Unknown,review,review,unattributed_candidate_requires_review,"that has been for me the mystery of Sunday, and it is also

the mystery of the world. When I see the horrible back, I am sure the

noble face is but a mask. When I see the face but for an instant, I

know the back is only a jest. Bad is so bad, that we cannot but think

good an accident; good is so good, that we feel certain that evil could

be explained. But the whole came to a kind of crest yesterday when I

raced Sunday for the cab, and was just behind him all the way."
MWT_T01216,MWT_C01236,300661,300694,Unknown,review,review,unattributed_candidate_requires_review,Had you time for thinking then?
MWT_T01217,MWT_C01237,300715,300722,Syme,high,high,new_explicit_speaker,"Time,"
MWT_T01218,MWT_C01238,300737,301021,Unknown,review,review,unattributed_candidate_requires_review,"for one outrageous thought. I was suddenly

possessed with the idea that the blind, blank back of his head really

was his face—an awful, eyeless face staring at me! And I fancied that

the figure running in front of me was really a figure running

backwards, and dancing as he ran."
MWT_T01219,MWT_C01239,301025,301036,Unknown,review,review,unattributed_candidate_requires_review,Horrible!
MWT_T01220,MWT_C01240,301070,301097,Syme,high,high,new_explicit_speaker,"Horrible is not the word,"
MWT_T01221,MWT_C01241,301109,301341,Unknown,review,review,unattributed_candidate_requires_review,"It was exactly the worst

instant of my life. And yet ten minutes afterwards, when he put his

head out of the cab and made a grimace like a gargoyle, I knew that he

was only like a father playing hide-and-seek with his children."
MWT_T01222,MWT_C01242,301345,301365,the Secretary,high,high,new_explicit_speaker,"It is a long game,"
MWT_T01223,MWT_C01243,301423,301438,Syme,high,high,new_explicit_speaker,"Listen to me,"
MWT_T01224,MWT_C01244,301479,301827,Unknown,review,review,unattributed_candidate_requires_review,"Shall I tell

you the secret of the whole world? It is that we have only known the

back of the world. We see everything from behind, and it looks brutal.

That is not a tree, but the back of a tree. That is not a cloud, but

the back of a cloud. Cannot you see that everything is stooping and

hiding a face? If we could only get round in front—"
MWT_T01225,MWT_C01245,301831,301838,Unknown,review,review,unattributed_candidate_requires_review,Look!
MWT_T01226,MWT_C01246,301867,301896,Unknown,review,review,unattributed_candidate_requires_review,the balloon is coming down!
MWT_T01227,MWT_C01247,302242,302255,Syme,medium,medium,new_explicit_speaker,He is dead!
MWT_T01228,MWT_C01248,302266,302323,Unknown,review,review,unattributed_candidate_requires_review,"And now I know he was my friend—my friend in

the dark!"
MWT_T01229,MWT_C01249,302327,302334,Unknown,review,review,unattributed_candidate_requires_review,Dead!
MWT_T01230,MWT_C01250,302358,302514,Unknown,review,review,unattributed_candidate_requires_review,"You will not find him dead easily. If

he has been tipped out of the car, we shall find him rolling as a colt

rolls in a field, kicking his legs for fun."
MWT_T01231,MWT_C01251,302518,302539,the Professor,high,high,new_explicit_speaker,"Clashing his hoofs,"
MWT_T01232,MWT_C01252,302560,302592,Unknown,review,review,unattributed_candidate_requires_review,"The colts do, and so did

Pan."
MWT_T01233,MWT_C01253,302596,302608,Unknown,review,review,unattributed_candidate_requires_review,Pan again!
MWT_T01234,MWT_C01254,302634,302673,Unknown,review,review,unattributed_candidate_requires_review,"You seem to think Pan is

everything."
MWT_T01235,MWT_C01255,302677,302688,the Professor,high,high,new_explicit_speaker,"So he is,"
MWT_T01236,MWT_C01256,302709,302741,Unknown,review,review,unattributed_candidate_requires_review,in Greek. He means everything.
MWT_T01237,MWT_C01257,302745,302760,the Secretary,high,high,new_explicit_speaker,"Don’t forget,"
MWT_T01238,MWT_C01258,302795,302823,Unknown,review,review,unattributed_candidate_requires_review,"that he also means

Panic."
MWT_T01239,MWT_C01259,302886,302907,the Secretary,medium,medium,new_explicit_speaker,"It fell over there,"
MWT_T01240,MWT_C01260,302925,302944,Unknown,review,review,unattributed_candidate_requires_review,Let us follow it!
MWT_T01241,MWT_C01261,302996,303081,Unknown,review,review,unattributed_candidate_requires_review,"Oh, if he has cheated us all by getting killed! It would be like one

of his larks."
MWT_T01242,MWT_C01262,303890,303902,the Secretary,medium,medium,new_explicit_speaker,"Gentlemen,"
MWT_T01243,MWT_C01263,303912,303976,Unknown,review,review,unattributed_candidate_requires_review,"my master has a carriage waiting for you in the

road just by."
MWT_T01244,MWT_C01264,303980,304001,Syme,high,high,new_explicit_speaker,Who is your master?
MWT_T01245,MWT_C01265,304039,304070,the man,high,high,new_explicit_speaker,"I was told you knew his name,"
MWT_T01246,MWT_C01266,304154,304179,Unknown,review,review,unattributed_candidate_requires_review,Where is this carriage?
MWT_T01247,MWT_C01267,304183,304224,Unknown,review,review,unattributed_candidate_requires_review,"It has been waiting only a few moments,"
MWT_T01248,MWT_C01268,304244,304281,Unknown,review,review,unattributed_candidate_requires_review,"My master

has only just come home."
MWT_T01249,MWT_C01269,304725,304745,Syme,high,high,new_explicit_speaker,"Show us the place,"
MWT_T01250,MWT_C01270,305689,305712,Unknown,review,review,unattributed_candidate_requires_review,What can it all mean?
MWT_T01251,MWT_C01271,305751,305787,Unknown,review,review,unattributed_candidate_requires_review,"Is this

another joke of Sunday’s?"
MWT_T01252,MWT_C01272,305791,305806,Syme,high,high,new_explicit_speaker,"I don’t know,"
MWT_T01253,MWT_C01273,305875,305954,Unknown,review,review,unattributed_candidate_requires_review,"but if it is, it’s one of the jokes you talk about. It’s

a good-natured one."
MWT_T01254,MWT_C01274,308220,308269,Unknown,review,review,unattributed_candidate_requires_review,Refreshments are provided for you in your room.
MWT_T01255,MWT_C01275,309054,309089,Unknown,review,review,unattributed_candidate_requires_review,"I have put out your clothes, sir."
MWT_T01256,MWT_C01276,309093,309103,Syme,high,high,new_explicit_speaker,Clothes!
MWT_T01257,MWT_C01277,309128,309161,Unknown,review,review,unattributed_candidate_requires_review,"I have no clothes except these,"
MWT_T01258,MWT_C01278,309295,309322,Unknown,review,review,unattributed_candidate_requires_review,"My master asks me to say,"
MWT_T01259,MWT_C01279,309343,309599,Unknown,review,review,unattributed_candidate_requires_review,"that there is a fancy

dress ball tonight, and that he desires you to put on the costume that

I have laid out. Meanwhile, sir, there is a bottle of Burgundy and some

cold pheasant, which he hopes you will not refuse, as it is some hours

before supper."
MWT_T01260,MWT_C01280,309603,309635,Syme,high,high,new_explicit_speaker,"Cold pheasant is a good thing,"
MWT_T01261,MWT_C01281,309660,309868,Unknown,review,review,unattributed_candidate_requires_review,"and Burgundy

is a spanking good thing. But really I do not want either of them so

much as I want to know what the devil all this means, and what sort of

costume you have got laid out for me. Where is it?"
MWT_T01262,MWT_C01282,310111,310151,Unknown,review,review,unattributed_candidate_requires_review,"You’re to be dressed as Thursday, sir,"
MWT_T01263,MWT_C01283,310189,310211,Syme,high,high,new_explicit_speaker,Dressed as Thursday!
MWT_T01264,MWT_C01284,310237,310272,Unknown,review,review,unattributed_candidate_requires_review,"It doesn’t sound a

warm costume."
MWT_T01265,MWT_C01285,310276,310291,the other,high,high,new_explicit_speaker,"Oh, yes, sir,"
MWT_T01266,MWT_C01286,310316,310386,Unknown,review,review,unattributed_candidate_requires_review,"the Thursday costume is quite

warm, sir. It fastens up to the chin."
MWT_T01267,MWT_C01287,310390,310426,Syme,high,high,new_explicit_speaker,"Well, I don’t understand anything,"
MWT_T01268,MWT_C01288,310447,310765,Unknown,review,review,unattributed_candidate_requires_review,"I have been

used so long to uncomfortable adventures that comfortable adventures

knock me out. Still, I may be allowed to ask why I should be

particularly like Thursday in a green frock spotted all over with the

sun and moon. Those orbs, I think, shine on other days. I once saw the

moon on Tuesday, I remember."
MWT_T01269,MWT_C01289,310769,310787,Unknown,review,review,unattributed_candidate_requires_review,"Beg pardon, sir,"
MWT_T01270,MWT_C01290,310804,310834,Unknown,review,review,unattributed_candidate_requires_review,"Bible also provided for you,"
MWT_T01271,MWT_C01291,311118,311154,Syme,high,high,new_explicit_speaker,"This is getting wilder and wilder,"
MWT_T01272,MWT_C01292,311194,311315,Unknown,review,review,unattributed_candidate_requires_review,"Who are these people who provide cold pheasant and Burgundy,

and green clothes and Bibles? Do they provide everything?"
MWT_T01273,MWT_C01293,311319,311342,Unknown,review,review,unattributed_candidate_requires_review,"Yes, sir, everything,"
MWT_T01274,MWT_C01294,311371,311412,Unknown,review,review,unattributed_candidate_requires_review,"Shall I help you

on with your costume?"
MWT_T01275,MWT_C01295,311416,311447,Syme,high,high,new_explicit_speaker,"Oh, hitch the bally thing on!"
MWT_T01276,MWT_C01296,316728,316780,Unknown,review,review,unattributed_candidate_requires_review,We do not know yet that he is not dead in a field.
MWT_T01277,MWT_C01297,318894,318924,Unknown,review,review,unresolved_pronoun,"We will eat and drink later,"
MWT_T01278,MWT_C01298,318934,319632,Unknown,review,review,unattributed_candidate_requires_review,"Let us remain together a

little, we who have loved each other so sadly, and have fought so long.

I seem to remember only centuries of heroic war, in which you were

always heroes—epic on epic, iliad on iliad, and you always brothers in

arms. Whether it was but recently (for time is nothing), or at the

beginning of the world, I sent you out to war. I sat in the darkness,

where there is not any created thing, and to you I was only a voice

commanding valour and an unnatural virtue. You heard the voice in the

dark, and you never heard it again. The sun in heaven denied it, the

earth and sky denied it, all human wisdom denied it. And when I met you

in the daylight I denied it myself."
MWT_T01279,MWT_C01299,319741,320029,Unknown,review,review,unattributed_candidate_requires_review,"But you were men. You did not forget your secret honour, though the

whole cosmos turned an engine of torture to tear it out of you. I knew

how near you were to hell. I know how you, Thursday, crossed swords

with King Satan, and how you, Wednesday, named me in the hour without

hope."
MWT_T01280,MWT_C01300,320200,320223,Unknown,review,review,unattributed_candidate_requires_review,Who and what are you?
MWT_T01281,MWT_C01301,320227,320246,the other,high,high,new_explicit_speaker,"I am the Sabbath,"
MWT_T01282,MWT_C01302,320278,320303,Unknown,review,review,unattributed_candidate_requires_review,"I am the peace of

God."
MWT_T01283,MWT_C01303,320385,320408,the other,medium,medium,new_explicit_speaker,"I know what you mean,"
MWT_T01284,MWT_C01304,320419,320972,Unknown,review,review,unattributed_candidate_requires_review,"and it is exactly that that I cannot

forgive you. I know you are contentment, optimism, what do they call

the thing, an ultimate reconciliation. Well, I am not reconciled. If

you were the man in the dark room, why were you also Sunday, an offense

to the sunlight? If you were from the first our father and our friend,

why were you also our greatest enemy? We wept, we fled in terror; the

iron entered into our souls—and you are the peace of God! Oh, I can

forgive God His anger, though it destroyed nations; but I cannot

forgive Him His peace."
MWT_T01285,MWT_C01305,321087,321092,Syme,high,high,new_explicit_speaker,"No,"
MWT_T01286,MWT_C01306,321104,321398,Unknown,review,review,unattributed_candidate_requires_review,"I do not feel fierce like that. I am grateful to you,

not only for wine and hospitality here, but for many a fine scamper and

free fight. But I should like to know. My soul and heart are as happy

and quiet here as this old garden, but my reason is still crying out. I

should like to know."
MWT_T01287,MWT_C01307,321457,321540,Unknown,review,review,unattributed_candidate_requires_review,"It seems so _silly_ that you should have been on both sides and fought

yourself."
MWT_T01288,MWT_C01308,321558,321627,Unknown,review,review,unattributed_candidate_requires_review,"I understand nothing, but I am happy. In fact, I am going to sleep."
MWT_T01289,MWT_C01309,321631,321648,the Professor,high,high,new_explicit_speaker,"I am not happy,"
MWT_T01290,MWT_C01310,321697,321772,Unknown,review,review,unattributed_candidate_requires_review,"because I do not understand. You let me stray a little too near to

hell."
MWT_T01291,MWT_C01311,321841,321880,Unknown,review,review,unattributed_candidate_requires_review,I wish I knew why I was hurt so much.
MWT_T01292,MWT_C01312,322013,322127,Unknown,review,review,unattributed_candidate_requires_review,"I have heard your complaints in order. And here, I think, comes

another to complain, and we will hear him also."
MWT_T01293,MWT_C01313,322856,322866,Unknown,review,review,unattributed_candidate_requires_review,Gregory!
MWT_T01294,MWT_C01314,322907,322942,Unknown,review,review,unattributed_candidate_requires_review,"Why, this is the

real anarchist!"
MWT_T01295,MWT_C01315,322946,322952,Gregory,high,high,new_explicit_speaker,"Yes,"
MWT_T01296,MWT_C01316,323005,323032,Unknown,review,review,unattributed_candidate_requires_review,"I am the

real anarchist."
MWT_T01297,MWT_C01317,323036,323060,Unknown,review,review,unattributed_candidate_requires_review,"‘Now there was a day,’"
MWT_T01298,MWT_C01318,323118,323219,Unknown,review,review,unattributed_candidate_requires_review,"‘when the sons of God came to present themselves before

the Lord, and Satan came also among them.’"
MWT_T01299,MWT_C01319,323223,323239,Gregory,high,high,new_explicit_speaker,"You are right,"
MWT_T01300,MWT_C01320,323275,323333,Unknown,review,review,unattributed_candidate_requires_review,"I am a destroyer.

I would destroy the world if I could."
MWT_T01301,MWT_C01321,323445,323468,Gregory,medium,medium,new_explicit_speaker,"Oh, most unhappy man,"
MWT_T01302,MWT_C01322,323479,323534,Unknown,review,review,unattributed_candidate_requires_review,"try to be happy! You have red hair

like your sister."
MWT_T01303,MWT_C01323,323538,323594,Gregory,high,high,new_explicit_speaker,"My red hair, like red flames, shall burn up the world,"
MWT_T01304,MWT_C01324,323610,323745,Unknown,review,review,unattributed_candidate_requires_review,"I thought I hated everything more than common men can hate anything;

but I find that I do not hate everything so much as I hate you!"
MWT_T01305,MWT_C01325,323749,323769,Syme,high,high,new_explicit_speaker,"I never hated you,"
MWT_T01306,MWT_C01326,323864,323870,Syme,medium,medium,new_explicit_speaker,You!
MWT_T01307,MWT_C01327,323881,324870,Unknown,review,review,unattributed_candidate_requires_review,"You never hated because you never lived. I know what

you are all of you, from first to last—you are the people in power! You

are the police—the great fat, smiling men in blue and buttons! You are

the Law, and you have never been broken. But is there a free soul alive

that does not long to break you, only because you have never been

broken? We in revolt talk all kind of nonsense doubtless about this

crime or that crime of the Government. It is all folly! The only crime

of the Government is that it governs. The unpardonable sin of the

supreme power is that it is supreme. I do not curse you for being

cruel. I do not curse you (though I might) for being kind. I curse you

for being safe! You sit in your chairs of stone, and have never come

down from them. You are the seven angels of heaven, and you have had no

troubles. Oh, I could forgive you everything, you that rule all

mankind, if I could feel for once that you had suffered for one hour a

real agony such as I—"
MWT_T01308,MWT_C01328,324929,324948,Syme,medium,medium,new_explicit_speaker,"I see everything,"
MWT_T01309,MWT_C01329,324959,326195,Unknown,review,review,unattributed_candidate_requires_review,"everything that there is. Why does each

thing on the earth war against each other thing? Why does each small

thing in the world have to fight against the world itself? Why does a

fly have to fight the whole universe? Why does a dandelion have to

fight the whole universe? For the same reason that I had to be alone in

the dreadful Council of the Days. So that each thing that obeys law may

have the glory and isolation of the anarchist. So that each man

fighting for order may be as brave and good a man as the dynamiter. So

that the real lie of Satan may be flung back in the face of this

blasphemer, so that by tears and torture we may earn the right to say

to this man, ‘You lie!’ No agonies can be too great to buy the right to

say to this accuser, ‘We also have suffered.’



“It is not true that we have never been broken. We have been broken

upon the wheel. It is not true that we have never descended from these

thrones. We have descended into hell. We were complaining of

unforgettable miseries even at the very moment when this man entered

insolently to accuse us of happiness. I repel the slander; we have not

been happy. I can answer for every one of the great guards of Law whom

he has accused. At least—"
MWT_T01310,MWT_C01330,326302,326313,Unknown,review,review,unresolved_pronoun,"Have you,"
MWT_T01311,MWT_C01331,326344,326369,Unknown,review,review,unattributed_candidate_requires_review,have you ever suffered?
MWT_T01312,MWT_C01332,326741,326783,Unknown,review,review,unattributed_candidate_requires_review,Can ye drink of the cup that I drink of?
