candidate_id,start_char,end_char,start_line,end_line,quoted_text,candidate_speaker,speaker_source,gap_text,gap_speaker,gap_has_attribution,same_speaker_continuation,boundary_type,boundary_strength,is_narrative
MWT_C00001,5680,5690,273,273,"artists,",Unknown,none,"the whole was nevertheless artistic. That young man with the long, auburn hair and the impudent face—that young man was not really a poet; but surely he was a poem. That old gentleman with the wild, white beard and the wild, white hat—that venerable humbug was not really a philosopher; but at least he was the cause of philosophy in others. That scientific gentleman with the bald, egg-like head and the bare, bird-like neck had no real right to the airs of science that he assumed. He had not discovered anything new in biology; but what biological creature could he have discovered more singular than himself? Thus, and thus only, the whole place had properly to be regarded; it had to be considered not so much as a workshop for artists, but as a frail but finished work of art. A man who stepped into its social atmosphere felt as if he had stepped into a written comedy. More especially this attractive unreality fell upon it about nightfall, when the extravagant roofs were d",Unknown,True,False,attribution_without_continuation_evidence,review,True
MWT_C00002,10464,10481,425,425,"It may well be,",Unknown,none,"he said, in his sudden lyrical manner,",Unknown,True,False,attribution_without_continuation_evidence,review,False
MWT_C00003,10521,10832,425,435,"it may well

be on such a night of clouds and cruel colours that there is brought

forth upon the earth such a portent as a respectable poet. You say you

are a poet of law; I say you are a contradiction in terms. I only

wonder there were not comets and earthquakes on the night you appeared

in this garden.",Unknown,none,"The man with the meek blue eyes and the pale, pointed beard endured these thunders with a certain submissive solemnity. The third party of the group, Gregory’s sister Rosamond, who had her brother’s braids of red hair, but a kindlier face underneath them, laughed with such mixture of admiration and disapproval as she gave commonly to the family oracle. Gregory resumed in high oratorical good humour.",Unknown,False,False,possible_new_turn,review,False
MWT_C00004,11250,11293,457,457,"An artist is identical with an anarchist,",Unknown,none,he cried.,Unknown,True,False,attribution_without_continuation_evidence,review,False
MWT_C00005,11304,11809,457,473,"You might

transpose the words anywhere. An anarchist is an artist. The man who

throws a bomb is an artist, because he prefers a great moment to

everything. He sees how much more valuable is one burst of blazing

light, one peal of perfect thunder, than the mere common bodies of a

few shapeless policemen. An artist disregards all governments,

abolishes all conventions. The poet delights in disorder only. If it

were not so, the most poetical thing in the world would be the

Underground Railway.",Gregory,after_quote,,Unknown,False,False,possible_new_turn,review,False
MWT_C00006,11813,11824,477,477,"So it is,",Gregory,after_quote,said Mr. Syme.,Syme,True,False,attribution_without_continuation_evidence,review,False
MWT_C00007,11843,11854,481,481,Nonsense!,Gregory,after_quote,"said Gregory, who was very rational when anyone else attempted paradox.",Gregory,True,False,attribution_without_continuation_evidence,review,False
MWT_C00008,11928,12473,483,499,"Why do all the clerks and navvies in the railway

trains look so sad and tired, so very sad and tired? I will tell you.

It is because they know that the train is going right. It is because

they know that whatever place they have taken a ticket for that place

they will reach. It is because after they have passed Sloane Square

they know that the next station must be Victoria, and nothing but

Victoria. Oh, their wild rapture! oh, their eyes like stars and their

souls again in Eden, if the next station were unaccountably Baker

Street!",Syme,after_quote,,Unknown,False,False,possible_new_turn,review,False
MWT_C00009,12477,12508,503,503,"It is you who are unpoetical,",Syme,after_quote,replied the poet Syme.,Syme,True,False,attribution_without_continuation_evidence,review,False
MWT_C00010,12532,13286,503,525,"If what you say

of clerks is true, they can only be as prosaic as your poetry. The

rare, strange thing is to hit the mark; the gross, obvious thing is to

miss it. We feel it is epical when man with one wild arrow strikes a

distant bird. Is it not also epical when man with one wild engine

strikes a distant station? Chaos is dull; because in chaos the train

might indeed go anywhere, to Baker Street or to Bagdad. But man is a

magician, and his whole magic is in this, that he does say Victoria,

and lo! it is Victoria. No, take your books of mere poetry and prose;

let me read a time table, with tears of pride. Take your Byron, who

commemorates the defeats of man; give me Bradshaw, who commemorates his

victories. Give me Bradshaw, I say!",Gregory,after_quote,,Unknown,False,False,possible_new_turn,review,False
MWT_C00011,13290,13304,529,529,Must you go?,Gregory,after_quote,inquired Gregory sarcastically.,Gregory,True,False,attribution_without_continuation_evidence,review,False
MWT_C00012,13340,13353,533,533,"I tell you,",Gregory,before_quote,"went on Syme with passion,",Unknown,False,False,no_explicit_boundary_evidence,review,False
MWT_C00013,13381,13936,533,549,"that every time a train comes

in I feel that it has broken past batteries of besiegers, and that man

has won a battle against chaos. You say contemptuously that when one

has left Sloane Square one must come to Victoria. I say that one might

do a thousand things instead, and that whenever I really come there I

have the sense of hairbreadth escape. And when I hear the guard shout

out the word ‘Victoria,’ it is not an unmeaning word. It is to me the

cry of a herald announcing conquest. It is to me indeed ‘Victoria’; it

is the victory of Adam.",Syme,after_quote,"Gregory wagged his heavy, red head with a slow and sad smile.",Unknown,False,False,possible_new_turn,review,False
MWT_C00014,14005,14021,557,557,"And even then,",Syme,after_quote,"he said,",Unknown,True,False,attribution_without_continuation_evidence,review,False
MWT_C00015,14031,14323,557,565,"we poets always ask the question, ‘And what

is Victoria now that you have got there?’ You think Victoria is like

the New Jerusalem. We know that the New Jerusalem will only be like

Victoria. Yes, the poet will be discontented even in the streets of

heaven. The poet is always in revolt.",Syme,after_quote,,Unknown,False,False,possible_new_turn,review,False
MWT_C00016,14327,14341,569,569,"There again,",Syme,after_quote,"said Syme irritably,",Syme,True,False,attribution_without_continuation_evidence,review,False
MWT_C00017,14363,14701,569,579,"what is there poetical about being

in revolt? You might as well say that it is poetical to be sea-sick.

Being sick is a revolt. Both being sick and being rebellious may be the

wholesome thing on certain desperate occasions; but I’m hanged if I can

see why they are poetical. Revolt in the abstract is—revolting. It’s

mere vomiting.",Gregory,after_quote,"The girl winced for a flash at the unpleasant word, but Syme was too hot to heed her.",Unknown,False,False,possible_new_turn,review,False
MWT_C00018,14795,14822,589,589,"It is things going right,",Syme,after_quote,"he cried,",Unknown,True,False,attribution_without_continuation_evidence,review,False
MWT_C00019,14833,15106,589,597,"that is poetical! Our

digestions, for instance, going sacredly and silently right, that is

the foundation of all poetry. Yes, the most poetical thing, more

poetical than the flowers, more poetical than the stars—the most

poetical thing in the world is not being sick.",Syme,after_quote,,Unknown,False,False,possible_new_turn,review,False
MWT_C00020,15110,15119,601,601,"Really,",Syme,after_quote,"said Gregory superciliously,",Gregory,True,False,attribution_without_continuation_evidence,review,False
MWT_C00021,15149,15175,601,601,the examples you choose—,Syme,after_quote,,Unknown,False,False,possible_new_turn,review,False
MWT_C00022,15179,15199,605,605,"I beg your pardon,",Syme,after_quote,"said Syme grimly,",Syme,True,False,attribution_without_continuation_evidence,review,False
MWT_C00023,15218,15263,605,607,"I forgot we had abolished all

conventions.",Syme,before_quote,For the first time a red patch appeared on Gregory’s forehead.,Unknown,False,False,possible_new_turn,review,False
MWT_C00024,15333,15355,615,615,"You don’t expect me,",Syme,after_quote,"he said,",Unknown,True,False,attribution_without_continuation_evidence,review,False
MWT_C00025,15365,15406,615,617,"to revolutionise society on this

lawn?",Syme,after_quote,Syme looked straight into his eyes and smiled sweetly.,Unknown,False,False,possible_new_turn,review,False
MWT_C00026,15468,15482,625,625,"No, I don’t,",Syme,after_quote,he said;,Unknown,True,False,attribution_without_continuation_evidence,review,False
MWT_C00027,15492,15590,625,627,"but I suppose that if you were serious about

your anarchism, that is exactly what you would do.",Syme,after_quote,"Gregory’s big bull’s eyes blinked suddenly like those of an angry lion, and one could almost fancy that his red mane rose.",Unknown,False,False,possible_new_turn,review,False
MWT_C00028,15721,15745,637,637,"Don’t you think, then,",Syme,after_quote,"he said in a dangerous voice,",Unknown,True,False,attribution_without_continuation_evidence,review,False
MWT_C00029,15776,15816,637,639,"that I am

serious about my anarchism?",Syme,after_quote,,Unknown,False,False,possible_new_turn,review,False
MWT_C00030,15820,15840,643,643,I beg your pardon?,Syme,after_quote,said Syme.,Syme,True,False,attribution_without_continuation_evidence,review,False
MWT_C00031,15855,15893,647,647,Am I not serious about my anarchism?,Syme,after_quote,"cried Gregory, with knotted fists.",Gregory,True,False,attribution_without_continuation_evidence,review,False
MWT_C00032,15933,15950,653,653,My dear fellow!,Syme,after_quote,"said Syme, and strolled away. With surprise, but with a curious pleasure, he found Rosamond Gregory still in his company.",Syme,True,False,attribution_without_continuation_evidence,review,False
MWT_C00033,16080,16091,663,663,"Mr. Syme,",Syme,after_quote,"she said,",Unknown,True,False,attribution_without_continuation_evidence,review,False
MWT_C00034,16102,16207,663,665,"do the people who talk like you and my brother

often mean what they say? Do you mean what you say now?",Syme,after_quote,Syme smiled.,Unknown,False,False,possible_new_turn,review,False
MWT_C00035,16227,16236,673,673,Do you?,Syme,after_quote,he asked.,Unknown,True,False,attribution_without_continuation_evidence,review,False
MWT_C00036,16250,16269,677,677,What do you mean?,Syme,after_quote,"asked the girl, with grave eyes.",Unknown,True,False,attribution_without_continuation_evidence,review,False
MWT_C00037,16306,16329,681,681,"My dear Miss Gregory,",Syme,after_quote,"said Syme gently,",Syme,True,False,attribution_without_continuation_evidence,review,False
MWT_C00038,16348,16774,681,693,"there are many kinds of

sincerity and insincerity. When you say ‘thank you’ for the salt, do

you mean what you say? No. When you say ‘the world is round,’ do you

mean what you say? No. It is true, but you don’t mean it. Now,

sometimes a man like your brother really finds a thing he does mean. It

may be only a half-truth, quarter-truth, tenth-truth; but then he says

more than he means—from sheer force of meaning it.",Syme,after_quote,"She was looking at him from under level brows; her face was grave and open, and there had fallen upon it the shadow of that unreasoning responsibility which is at the bottom of the most frivolous woman, the maternal watch which is as old as the world.",Unknown,False,False,possible_new_turn,review,False
MWT_C00039,17036,17070,707,707,"Is he really an anarchist, then?",Syme,after_quote,she asked.,Unknown,True,False,attribution_without_continuation_evidence,review,False
MWT_C00040,17085,17117,711,711,"Only in that sense I speak of,",Syme,after_quote,replied Syme;,Syme,True,False,attribution_without_continuation_evidence,review,False
MWT_C00041,17132,17173,711,713,"or if you prefer it, in

that nonsense.",Syme,before_quote,She drew her broad brows together and said abruptly—,Unknown,True,False,attribution_without_continuation_evidence,review,False
MWT_C00042,17233,17286,721,721,He wouldn’t really use—bombs or that sort of thing?,Syme,before_quote,"Syme broke into a great laugh, that seemed too large for his slight and somewhat dandified figure.",Unknown,False,False,possible_new_turn,review,False
MWT_C00043,17393,17409,731,731,"Good Lord, no!",Syme,before_quote,"he said,",Unknown,True,False,attribution_without_continuation_evidence,review,False
MWT_C00044,17419,17453,731,731,that has to be done anonymously.,Syme,before_quote,"And at that the corners of her own mouth broke into a smile, and she thought with a simultaneous pleasure of Gregory’s absurdity and of his safety. Syme strolled with her to a seat in the corner of the garden, and continued to pour out his opinions. For he was a sincere man, and in spite of his superficial airs and graces, at root a humble one. And it is always the humble man who talks too much; the proud man watches himself too closely. He defended respectability with violence and exaggeration. He grew passionate in his praise of tidiness and propriety. All the time there was a smell of lilac all round him. Once he heard very faintly in some distant street a barrel-organ begin to play, and it seemed to him that his heroic words were moving to a tiny tune from under or beyond the world. He stared and talked at the girl’s red hair and amused face for what seemed to be a few minutes; and then, feeling that the groups in such a place should mix, rose to his feet. To",Unknown,True,False,attribution_without_continuation_evidence,review,False
MWT_C00045,19936,19960,821,821,"I was waiting for you,",Syme,after_quote,said Gregory.,Gregory,True,False,attribution_without_continuation_evidence,review,False
MWT_C00046,19975,20015,821,823,"Might I have a moment’s

conversation?",Syme,after_quote,,Unknown,False,False,possible_new_turn,review,False
MWT_C00047,20019,20043,827,827,Certainly. About what?,Syme,after_quote,"asked Syme in a sort of weak wonder. Gregory struck out with his stick at the lamp-post, and then at the tree.",Syme,True,False,attribution_without_continuation_evidence,review,False
MWT_C00048,20162,20188,837,837,"About _this_ and _this_,",Syme,after_quote,he cried;,Unknown,True,False,attribution_without_continuation_evidence,review,False
MWT_C00049,20199,20398,837,843,"about order and anarchy. There is

your precious order, that lean, iron lamp, ugly and barren; and there

is anarchy, rich, living, reproducing itself—there is anarchy, splendid

in green and gold.",Syme,after_quote,,Unknown,False,False,possible_new_turn,review,False
MWT_C00050,20402,20417,847,847,"All the same,",Syme,after_quote,"replied Syme patiently,",Syme,True,False,attribution_without_continuation_evidence,review,False
MWT_C00051,20442,20577,847,851,"just at present you only see

the tree by the light of the lamp. I wonder when you would ever see the

lamp by the light of the tree.",Syme,before_quote,"Then after a pause he said,",Unknown,True,False,attribution_without_continuation_evidence,review,False
MWT_C00052,20606,20706,851,855,"But may I

ask if you have been standing out here in the dark only to resume our

little argument?",Syme,before_quote,,Unknown,False,False,possible_new_turn,review,False
MWT_C00053,20710,20715,859,859,"No,",Syme,before_quote,"cried out Gregory, in a voice that rang down the street,",Unknown,True,False,attribution_without_continuation_evidence,review,False
MWT_C00054,20773,20844,859,861,"I did

not stand here to resume our argument, but to end it for ever.",Syme,before_quote,"The silence fell again, and Syme, though he understood nothing, listened instinctively for something serious. Gregory began in a smooth voice and with a rather bewildering smile.",Unknown,False,False,possible_new_turn,review,False
MWT_C00055,21032,21043,873,873,"Mr. Syme,",Syme,after_quote,"he said,",Unknown,True,False,attribution_without_continuation_evidence,review,False
MWT_C00056,21053,21207,873,877,"this evening you succeeded in doing something

rather remarkable. You did something to me that no man born of woman

has ever succeeded in doing before.",Gregory,after_quote,,Unknown,False,False,possible_new_turn,review,False
MWT_C00057,21211,21220,881,881,Indeed!,Gregory,after_quote,,Unknown,False,False,possible_new_turn,review,False
MWT_C00058,21224,21241,885,885,"Now I remember,",Gregory,after_quote,"resumed Gregory reflectively,",Unknown,False,False,no_explicit_boundary_evidence,review,False
MWT_C00059,21272,21408,885,889,"one other person

succeeded in doing it. The captain of a penny steamer (if I remember

correctly) at Southend. You have irritated me.",Gregory,after_quote,,Unknown,False,False,possible_new_turn,review,False
MWT_C00060,21412,21430,893,893,"I am very sorry,",Gregory,after_quote,replied Syme with gravity.,Syme,True,False,attribution_without_continuation_evidence,review,False
MWT_C00061,21461,21554,897,899,"I am afraid my fury and your insult are too shocking to be wiped out

even with an apology,",Syme,after_quote,said Gregory very calmly.,Gregory,True,False,attribution_without_continuation_evidence,review,False
MWT_C00062,21581,21857,899,907,"No duel could wipe it

out. If I struck you dead I could not wipe it out. There is only one

way by which that insult can be erased, and that way I choose. I am

going, at the possible sacrifice of my life and honour, to _prove_ to

you that you were wrong in what you said.",Syme,after_quote,,Unknown,False,False,possible_new_turn,review,False
MWT_C00063,21861,21878,911,911,In what I said?,Syme,after_quote,,Unknown,False,False,possible_new_turn,review,False
MWT_C00064,21882,21936,915,915,You said I was not serious about being an anarchist.,Syme,after_quote,,Unknown,False,False,possible_new_turn,review,False
MWT_C00065,21940,21975,919,919,"There are degrees of seriousness,",Syme,after_quote,replied Syme.,Syme,True,False,attribution_without_continuation_evidence,review,False
MWT_C00066,21990,22179,919,925,"I have never doubted

that you were perfectly sincere in this sense, that you thought what

you said well worth saying, that you thought a paradox might wake men

up to a neglected truth.",Syme,before_quote,Gregory stared at him steadily and painfully.,Unknown,False,False,possible_new_turn,review,False
MWT_C00067,22232,22256,933,933,"And in no other sense,",Syme,before_quote,"he asked,",Unknown,True,False,attribution_without_continuation_evidence,review,False
MWT_C00068,22267,22420,933,937,"you think me serious? You think me

a _flâneur_ who lets fall occasional truths. You do not think that in a

deeper, a more deadly sense, I am serious.",Syme,before_quote,Syme struck his stick violently on the stones of the road.,Unknown,False,False,possible_new_turn,review,False
MWT_C00069,22486,22496,945,945,Serious!,Gregory,after_quote,he cried.,Unknown,True,False,attribution_without_continuation_evidence,review,False
MWT_C00070,22507,22898,945,955,"Good Lord! is this street serious? Are these

damned Chinese lanterns serious? Is the whole caboodle serious? One

comes here and talks a pack of bosh, and perhaps some sense as well,

but I should think very little of a man who didn’t keep something in

the background of his life that was more serious than all this

talking—something more serious, whether it was religion or only drink.",Syme,after_quote,,Unknown,False,False,possible_new_turn,review,False
MWT_C00071,22902,22914,959,959,"Very well,",Syme,after_quote,"said Gregory, his face darkening,",Gregory,True,False,attribution_without_continuation_evidence,review,False
MWT_C00072,22949,23019,959,961,"you shall see something

more serious than either drink or religion.",Syme,after_quote,Syme stood waiting with his usual air of mildness until Gregory again opened his lips.,Unknown,False,False,possible_new_turn,review,False
MWT_C00073,23114,23194,971,973,"You spoke just now of having a religion. Is it really true that you

have one?",Syme,after_quote,,Unknown,False,False,possible_new_turn,review,False
MWT_C00074,23198,23203,977,977,"Oh,",Syme,after_quote,"said Syme with a beaming smile,",Syme,True,False,attribution_without_continuation_evidence,review,False
MWT_C00075,23236,23263,977,977,we are all Catholics now.,Syme,after_quote,,Unknown,False,False,possible_new_turn,review,False
MWT_C00076,23267,23690,981,991,"Then may I ask you to swear by whatever gods or saints your religion

involves that you will not reveal what I am now going to tell you to

any son of Adam, and especially not to the police? Will you swear that!

If you will take upon yourself this awful abnegation if you will

consent to burden your soul with a vow that you should never make and a

knowledge you should never dream about, I will promise you in return—",Syme,after_quote,,Unknown,False,False,possible_new_turn,review,False
MWT_C00077,23694,23726,995,995,You will promise me in return?,Syme,after_quote,"inquired Syme, as the other paused.",Syme,True,False,attribution_without_continuation_evidence,review,False
MWT_C00078,23766,23815,999,999,I will promise you a very entertaining evening.,Gregory,after_quote,Syme suddenly took off his hat.,Unknown,False,False,possible_new_turn,review,False
MWT_C00079,23852,23865,1005,1005,"Your offer,",Gregory,after_quote,"he said,",Unknown,True,False,attribution_without_continuation_evidence,review,False
MWT_C00080,23875,24246,1005,1015,"is far too idiotic to be declined. You say that

a poet is always an anarchist. I disagree; but I hope at least that he

is always a sportsman. Permit me, here and now, to swear as a

Christian, and promise as a good comrade and a fellow-artist, that I

will not report anything of this, whatever it is, to the police. And

now, in the name of Colney Hatch, what is it?",Gregory,after_quote,,Unknown,False,False,possible_new_turn,review,False
MWT_C00081,24250,24260,1019,1019,"I think,",Gregory,after_quote,"said Gregory, with placid irrelevancy,",Gregory,True,False,attribution_without_continuation_evidence,review,False
MWT_C00082,24300,24327,1019,1021,"that we will call a

cab.",Gregory,before_quote,"He gave two long whistles, and a hansom came rattling down the road. The two got into it in silence. Gregory gave through the trap the address of an obscure public-house on the Chiswick bank of the river. The cab whisked itself away again, and in it these two fantastics quitted their fantastic town. CHAPTER II. THE SECRET OF GABRIEL SYME The cab pulled up before a particularly dreary and greasy beershop, into which Gregory rapidly conducted his companion. They seated themselves in a close and dim sort of bar-parlour, at a stained wooden table with one wooden leg. The room was so small and dark, that very little could be seen of the attendant who was summoned, beyond a vague and dark impression of something bulky and bearded.",Unknown,False,False,possible_new_turn,review,False
MWT_C00083,25093,25125,1065,1065,Will you take a little supper?,Gregory,after_quote,asked Gregory politely.,Gregory,True,False,attribution_without_continuation_evidence,review,False
MWT_C00084,25150,25224,1065,1067,"The _pâté de

foie gras_ is not good here, but I can recommend the game.",Gregory,before_quote,"Syme received the remark with stolidity, imagining it to be a joke. Accepting the vein of humour, he said, with a well-bred indifference—",Unknown,True,False,attribution_without_continuation_evidence,review,False
MWT_C00085,25370,25409,1077,1077,"Oh, bring me some lobster mayonnaise.",Gregory,before_quote,"To his indescribable astonishment, the man only said",Unknown,True,False,attribution_without_continuation_evidence,review,False
MWT_C00086,25466,25483,1081,1081,"Certainly, sir!",Gregory,before_quote,and went away apparently to get it.,Unknown,False,False,possible_new_turn,review,False
MWT_C00087,25524,25546,1087,1087,What will you drink?,Gregory,before_quote,"resumed Gregory, with the same careless yet apologetic air.",Unknown,False,False,possible_new_turn,review,False
MWT_C00088,25608,25772,1089,1093,"I shall only have a _crême de menthe_ myself; I have

dined. But the champagne can really be trusted. Do let me start you

with a half-bottle of Pommery at least?",Gregory,before_quote,,Unknown,False,False,possible_new_turn,review,False
MWT_C00089,25776,25788,1097,1097,Thank you!,Unknown,none,said the motionless Syme.,Unknown,True,False,attribution_without_continuation_evidence,review,False
MWT_C00090,25815,25835,1097,1097,You are very good.,Unknown,none,"His further attempts at conversation, somewhat disorganised in themselves, were cut short finally as by a thunderbolt by the actual appearance of the lobster. Syme tasted it, and found it particularly good. Then he suddenly began to eat with great rapidity and appetite.",Unknown,False,False,possible_new_turn,review,False
MWT_C00091,26116,26163,1111,1111,Excuse me if I enjoy myself rather obviously!,Gregory,after_quote,"he said to Gregory, smiling.",Unknown,True,False,attribution_without_continuation_evidence,review,False
MWT_C00092,26194,26336,1113,1117,"I don’t often have the luck to have a dream like this. It is

new to me for a nightmare to lead to a lobster. It is commonly the

other way.",Syme,after_quote,,Unknown,False,False,possible_new_turn,review,False
MWT_C00093,26340,26375,1121,1121,"You are not asleep, I assure you,",Gregory,after_quote,said Gregory.,Gregory,True,False,attribution_without_continuation_evidence,review,False
MWT_C00094,26390,26759,1121,1133,"You are, on the

contrary, close to the most actual and rousing moment of your

existence. Ah, here comes your champagne! I admit that there may be a

slight disproportion, let us say, between the inner arrangements of

this excellent hotel and its simple and unpretentious exterior. But

that is all our modesty. We are the most modest men that ever lived on

earth.",Gregory,after_quote,,Unknown,False,False,possible_new_turn,review,False
MWT_C00095,26763,26782,1137,1137,And who are _we?_,Gregory,after_quote,"asked Syme, emptying his champagne glass.",Syme,True,False,attribution_without_continuation_evidence,review,False
MWT_C00096,26828,26849,1141,1141,"It is quite simple,",Syme,after_quote,replied Gregory.,Gregory,True,False,attribution_without_continuation_evidence,review,False
MWT_C00097,26867,26930,1141,1143,"_We_ are the serious

anarchists, in whom you do not believe.",Syme,after_quote,,Unknown,False,False,possible_new_turn,review,False
MWT_C00098,26934,26939,1147,1147,Oh!,Gregory,after_quote,said Syme shortly.,Syme,True,False,attribution_without_continuation_evidence,review,False
MWT_C00099,26959,26994,1147,1147,You do yourselves well in drinks.,Gregory,after_quote,,Unknown,False,False,possible_new_turn,review,False
MWT_C00100,26998,27037,1151,1151,"Yes, we are serious about everything,",Gregory,after_quote,answered Gregory. Then after a pause he added—,Gregory,True,False,attribution_without_continuation_evidence,review,False
MWT_C00101,27091,27256,1159,1163,"If in a few moments this table begins to turn round a little, don’t

put it down to your inroads into the champagne. I don’t wish you to do

yourself an injustice.",Gregory,after_quote,,Unknown,False,False,possible_new_turn,review,False
MWT_C00102,27260,27296,1167,1167,"Well, if I am not drunk, I am mad,",Gregory,after_quote,replied Syme with perfect calm;,Syme,True,False,attribution_without_continuation_evidence,review,False
MWT_C00103,27330,27408,1169,1171,"but I trust I can behave like a gentleman in either condition. May I

smoke?",Gregory,after_quote,,Unknown,False,False,possible_new_turn,review,False
MWT_C00104,27412,27424,1175,1175,Certainly!,Gregory,after_quote,"said Gregory, producing a cigar-case.",Gregory,True,False,attribution_without_continuation_evidence,review,False
MWT_C00105,27463,27481,1175,1175,Try one of mine.,Syme,after_quote,"Syme took the cigar, clipped the end off with a cigar-cutter out of his waistcoat pocket, put it in his mouth, lit it slowly, and let out a long cloud of smoke. It is not a little to his credit that he performed these rites with so much composure, for almost before he had begun them the table at which he sat had begun to revolve, first slowly, and then rapidly, as if at an insane seance.",Unknown,False,False,possible_new_turn,review,False
MWT_C00106,27884,27907,1193,1193,"You must not mind it,",Syme,after_quote,said Gregory;,Gregory,True,False,attribution_without_continuation_evidence,review,False
MWT_C00107,27922,27945,1193,1193,it’s a kind of screw.,Syme,after_quote,,Unknown,False,False,possible_new_turn,review,False
MWT_C00108,27949,27960,1197,1197,"Quite so,",Syme,after_quote,"said Syme placidly,",Syme,True,False,attribution_without_continuation_evidence,review,False
MWT_C00109,27981,28019,1197,1197,a kind of screw. How simple that is!,Syme,before_quote,"The next moment the smoke of his cigar, which had been wavering across the room in snaky twists, went straight up as if from a factory chimney, and the two, with their chairs and table, shot down through the floor as if the earth had swallowed them. They went rattling down a kind of roaring chimney as rapidly as a lift cut loose, and they came with an abrupt bump to the bottom. But when Gregory threw open a pair of doors and let in a red subterranean light, Syme was still smoking with one leg thrown over the other, and had not turned a yellow hair. Gregory led him down a low, vaulted passage, at the end of which was the red light. It was an enormous crimson lantern, nearly as big as a fireplace, fixed over a small but heavy iron door. In the door there was a sort of hatchway or grating, and on this Gregory struck five times. A heavy voice with a foreign accent asked him who he was. To this he gave the more or less unexpected reply,",Unknown,True,False,attribution_without_continuation_evidence,review,False
MWT_C00110,28984,29010,1229,1231,"Mr. Joseph

Chamberlain.",Syme,after_quote,"The heavy hinges began to move; it was obviously some kind of password. Inside the doorway the passage gleamed as if it were lined with a network of steel. On a second glance, Syme saw that the glittering pattern was really made up of ranks and ranks of rifles and revolvers, closely packed or interlocked.",Unknown,False,False,possible_new_turn,review,False
MWT_C00111,29328,29381,1247,1247,"I must ask you to forgive me all these formalities,",Syme,after_quote,said Gregory;,Gregory,True,False,attribution_without_continuation_evidence,review,False
MWT_C00112,29396,29430,1247,1249,"we

have to be very strict here.",Syme,after_quote,,Unknown,False,False,possible_new_turn,review,False
MWT_C00113,29434,29456,1253,1253,"Oh, don’t apologise,",Syme,after_quote,said Syme.,Syme,True,False,attribution_without_continuation_evidence,review,False
MWT_C00114,29468,29509,1253,1255,"I know your passion for law and

order,",Syme,before_quote,"and he stepped into the passage lined with the steel weapons. With his long, fair hair and rather foppish frock-coat, he looked a singularly frail and fanciful figure as he walked down that shining avenue of death. They passed through several such passages, and came out at last into a queer steel chamber with curved walls, almost spherical in shape, but presenting, with its tiers of benches, something of the appearance of a scientific lecture-theatre. There were no rifles or pistols in this apartment, but round the walls of it were hung more dubious and dreadful shapes, things that looked like the bulbs of iron plants, or the eggs of iron birds. They were bombs, and the very room itself seemed like the inside of a bomb. Syme knocked his cigar ash off against the wall, and went in.",Unknown,False,False,possible_new_turn,review,False
MWT_C00115,30319,30347,1285,1285,"And now, my dear Mr. Syme,",Gregory,after_quote,"said Gregory, throwing himself in an expansive manner on the bench under the largest bomb,",Gregory,True,False,attribution_without_continuation_evidence,review,False
MWT_C00116,30440,31054,1287,1305,"now we are quite

cosy, so let us talk properly. Now no human words can give you any

notion of why I brought you here. It was one of those quite arbitrary

emotions, like jumping off a cliff or falling in love. Suffice it to

say that you were an inexpressibly irritating fellow, and, to do you

justice, you are still. I would break twenty oaths of secrecy for the

pleasure of taking you down a peg. That way you have of lighting a

cigar would make a priest break the seal of confession. Well, you said

that you were quite certain I was not a serious anarchist. Does this

place strike you as being serious?",Gregory,after_quote,,Unknown,False,False,possible_new_turn,review,False
MWT_C00117,31058,31110,1309,1309,"It does seem to have a moral under all its gaiety,",Gregory,after_quote,assented Syme;,Unknown,False,False,possible_new_turn,review,False
MWT_C00118,31127,31487,1311,1321,"but may I ask you two questions? You need not fear to give me

information, because, as you remember, you very wisely extorted from me

a promise not to tell the police, a promise I shall certainly keep. So

it is in mere curiosity that I make my queries. First of all, what is

it really all about? What is it you object to? You want to abolish

Government?",Gregory,after_quote,,Unknown,False,False,possible_new_turn,review,False
MWT_C00119,31491,31508,1325,1325,To abolish God!,Gregory,after_quote,"said Gregory, opening the eyes of a fanatic.",Gregory,True,False,attribution_without_continuation_evidence,review,False
MWT_C00120,31554,32032,1325,1339,"We do

not only want to upset a few despotisms and police regulations; that

sort of anarchism does exist, but it is a mere branch of the

Nonconformists. We dig deeper and we blow you higher. We wish to deny

all those arbitrary distinctions of vice and virtue, honour and

treachery, upon which mere rebels base themselves. The silly

sentimentalists of the French Revolution talked of the Rights of Man!

We hate Rights as we hate Wrongs. We have abolished Right and Wrong.",Syme,after_quote,,Unknown,False,False,possible_new_turn,review,False
MWT_C00121,32036,32057,1343,1343,"And Right and Left,",Syme,after_quote,"said Syme with a simple eagerness,",Syme,True,False,attribution_without_continuation_evidence,review,False
MWT_C00122,32093,32167,1343,1345,"I hope you

will abolish them too. They are much more troublesome to me.",Syme,before_quote,,Unknown,False,False,possible_new_turn,review,False
MWT_C00123,32171,32204,1349,1349,"You spoke of a second question,",Syme,before_quote,snapped Gregory.,Unknown,False,False,possible_new_turn,review,False
MWT_C00124,32225,32241,1353,1353,"With pleasure,",Syme,before_quote,resumed Syme.,Unknown,False,False,possible_new_turn,review,False
MWT_C00125,32256,32914,1353,1373,"In all your present acts and

surroundings there is a scientific attempt at secrecy. I have an aunt

who lived over a shop, but this is the first time I have found people

living from preference under a public-house. You have a heavy iron

door. You cannot pass it without submitting to the humiliation of

calling yourself Mr. Chamberlain. You surround yourself with steel

instruments which make the place, if I may say so, more impressive than

homelike. May I ask why, after taking all this trouble to barricade

yourselves in the bowels of the earth, you then parade your whole

secret by talking about anarchism to every silly woman in Saffron

Park?",Syme,before_quote,Gregory smiled.,Unknown,False,False,possible_new_turn,review,False
MWT_C00126,32937,32960,1381,1381,"The answer is simple,",Unknown,none,he said.,Unknown,True,False,attribution_without_continuation_evidence,review,False
MWT_C00127,32970,33135,1381,1385,"I told you I was a serious anarchist,

and you did not believe me. Nor do _they_ believe me. Unless I took

them into this infernal room they would not believe me.",Unknown,none,"Syme smoked thoughtfully, and looked at him with interest. Gregory went on.",Unknown,False,False,possible_new_turn,review,False
MWT_C00128,33219,33262,1395,1395,"The history of the thing might amuse you,",Unknown,none,he said.,Unknown,True,False,attribution_without_continuation_evidence,review,False
MWT_C00129,33272,34601,1395,1435,"When first I

became one of the New Anarchists I tried all kinds of respectable

disguises. I dressed up as a bishop. I read up all about bishops in our

anarchist pamphlets, in _Superstition the Vampire_ and _Priests of

Prey_. I certainly understood from them that bishops are strange and

terrible old men keeping a cruel secret from mankind. I was

misinformed. When on my first appearing in episcopal gaiters in a

drawing-room I cried out in a voice of thunder, ‘Down! down!

presumptuous human reason!’ they found out in some way that I was not a

bishop at all. I was nabbed at once. Then I made up as a millionaire;

but I defended Capital with so much intelligence that a fool could see

that I was quite poor. Then I tried being a major. Now I am a

humanitarian myself, but I have, I hope, enough intellectual breadth to

understand the position of those who, like Nietzsche, admire

violence—the proud, mad war of Nature and all that, you know. I threw

myself into the major. I drew my sword and waved it constantly. I

called out ‘Blood!’ abstractedly, like a man calling for wine. I often

said, ‘Let the weak perish; it is the Law.’ Well, well, it seems majors

don’t do this. I was nabbed again. At last I went in despair to the

President of the Central Anarchist Council, who is the greatest man in

Europe.",Gregory,after_quote,,Unknown,False,False,possible_new_turn,review,False
MWT_C00130,34605,34624,1439,1439,What is his name?,Gregory,after_quote,asked Syme.,Syme,True,False,attribution_without_continuation_evidence,review,False
MWT_C00131,34640,34664,1443,1443,"You would not know it,",Gregory,after_quote,answered Gregory.,Gregory,True,False,attribution_without_continuation_evidence,review,False
MWT_C00132,34683,35008,1443,1453,"That is his greatness.

Caesar and Napoleon put all their genius into being heard of, and they

_were_ heard of. He puts all his genius into not being heard of, and he

is not heard of. But you cannot be for five minutes in the room with

him without feeling that Caesar and Napoleon would have been children

in his hands.",Gregory,before_quote,"He was silent and even pale for a moment, and then resumed—",Unknown,False,False,possible_new_turn,review,False
MWT_C00133,35075,35940,1461,1485,"But whenever he gives advice it is always something as startling as an

epigram, and yet as practical as the Bank of England. I said to him,

‘What disguise will hide me from the world? What can I find more

respectable than bishops and majors?’ He looked at me with his large

but indecipherable face. ‘You want a safe disguise, do you? You want a

dress which will guarantee you harmless; a dress in which no one would

ever look for a bomb?’ I nodded. He suddenly lifted his lion’s voice.

‘Why, then, dress up as an _anarchist_, you fool!’ he roared so that

the room shook. ‘Nobody will ever expect you to do anything dangerous

then.’ And he turned his broad back on me without another word. I took

his advice, and have never regretted it. I preached blood and murder to

those women day and night, and—by God!—they would let me wheel their

perambulators.",Gregory,after_quote,"Syme sat watching him with some respect in his large, blue eyes.",Unknown,False,False,possible_new_turn,review,False
MWT_C00134,36012,36029,1493,1493,"You took me in,",Gregory,after_quote,he said.,Unknown,True,False,attribution_without_continuation_evidence,review,False
MWT_C00135,36039,36068,1493,1493,It is really a smart dodge.,Gregory,after_quote,Then after a pause he added—,Unknown,True,False,attribution_without_continuation_evidence,review,False
MWT_C00136,36104,36158,1501,1501,What do you call this tremendous President of yours?,Gregory,after_quote,,Unknown,False,False,possible_new_turn,review,False
MWT_C00137,36162,36193,1505,1505,"We generally call him Sunday,",Gregory,after_quote,replied Gregory with simplicity.,Gregory,True,False,attribution_without_continuation_evidence,review,False
MWT_C00138,36227,36875,1505,1523,"You

see, there are seven members of the Central Anarchist Council, and they

are named after days of the week. He is called Sunday, by some of his

admirers Bloody Sunday. It is curious you should mention the matter,

because the very night you have dropped in (if I may so express it) is

the night on which our London branch, which assembles in this room, has

to elect its own deputy to fill a vacancy in the Council. The gentleman

who has for some time past played, with propriety and general applause,

the difficult part of Thursday, has died quite suddenly. Consequently,

we have called a meeting this very evening to elect a successor.",Gregory,before_quote,He got to his feet and strolled across the room with a sort of smiling embarrassment.,Unknown,False,False,possible_new_turn,review,False
MWT_C00139,36969,37017,1533,1533,"I feel somehow as if you were my mother, Syme,",Unknown,none,he continued casually.,Unknown,True,False,attribution_without_continuation_evidence,review,False
MWT_C00140,37042,37415,1535,1545,"I feel that I can confide anything to you, as you have promised to

tell nobody. In fact, I will confide to you something that I would not

say in so many words to the anarchists who will be coming to the room

in about ten minutes. We shall, of course, go through a form of

election; but I don’t mind telling you that it is practically certain

what the result will be.",Syme,after_quote,He looked down for a moment modestly.,Unknown,False,False,possible_new_turn,review,False
MWT_C00141,37454,37511,1545,1547,"It is

almost a settled thing that I am to be Thursday.",Syme,after_quote,,Unknown,False,False,possible_new_turn,review,False
MWT_C00142,37515,37532,1551,1551,My dear fellow.,Syme,after_quote,"said Syme heartily,",Syme,True,False,attribution_without_continuation_evidence,review,False
MWT_C00143,37553,37591,1551,1553,"I congratulate you. A great

career!",Syme,before_quote,"Gregory smiled in deprecation, and walked across the room, talking rapidly.",Unknown,False,False,possible_new_turn,review,False
MWT_C00144,37675,37739,1563,1563,"As a matter of fact, everything is ready for me on this table,",Gregory,after_quote,"he said,",Unknown,True,False,attribution_without_continuation_evidence,review,False
MWT_C00145,37750,37808,1565,1565,and the ceremony will probably be the shortest possible.,Gregory,after_quote,"Syme also strolled across to the table, and found lying across it a walking-stick, which turned out on examination to be a sword-stick, a large Colt’s revolver, a sandwich case, and a formidable flask of brandy. Over the chair, beside the table, was thrown a heavy-looking cape or cloak.",Unknown,False,False,possible_new_turn,review,False
MWT_C00146,38107,38158,1581,1581,"I have only to get the form of election finished,",Gregory,after_quote,"continued Gregory with animation,",Gregory,True,False,attribution_without_continuation_evidence,review,False
MWT_C00147,38194,38440,1583,1589,"then I snatch up this cloak and stick, stuff these

other things into my pocket, step out of a door in this cavern, which

opens on the river, where there is a steam-tug already waiting for me,

and then—then—oh, the wild joy of being Thursday!",Gregory,before_quote,"And he clasped his hands. Syme, who had sat down once more with his usual insolent languor, got to his feet with an unusual air of hesitation.",Unknown,False,False,possible_new_turn,review,False
MWT_C00148,38592,38604,1601,1601,"Why is it,",Gregory,before_quote,"he asked vaguely,",Unknown,True,False,attribution_without_continuation_evidence,review,False
MWT_C00149,38623,38708,1601,1603,"that I think you are quite a decent

fellow? Why do I positively like you, Gregory?",Gregory,before_quote,"He paused a moment, and then added with a sort of fresh curiosity,",Unknown,True,False,attribution_without_continuation_evidence,review,False
MWT_C00150,38777,38814,1605,1607,"Is it because you are such

an ass?",Syme,after_quote,"There was a thoughtful silence again, and then he cried out—",Unknown,True,False,attribution_without_continuation_evidence,review,False
MWT_C00151,38882,39187,1615,1623,"Well, damn it all! this is the funniest situation I have ever been in

in my life, and I am going to act accordingly. Gregory, I gave you a

promise before I came into this place. That promise I would keep under

red-hot pincers. Would you give me, for my own safety, a little promise

of the same kind?",Syme,after_quote,,Unknown,False,False,possible_new_turn,review,False
MWT_C00152,39191,39203,1627,1627,A promise?,Syme,after_quote,"asked Gregory, wondering.",Gregory,True,False,attribution_without_continuation_evidence,review,False
MWT_C00153,39233,39239,1631,1631,"Yes,",Syme,after_quote,"said Syme very seriously,",Syme,True,False,attribution_without_continuation_evidence,review,False
MWT_C00154,39266,39471,1631,1637,"a promise. I swore before God that I

would not tell your secret to the police. Will you swear by Humanity,

or whatever beastly thing you believe in, that you will not tell my

secret to the anarchists?",Syme,after_quote,,Unknown,False,False,possible_new_turn,review,False
MWT_C00155,39475,39489,1641,1641,Your secret?,Syme,after_quote,asked the staring Gregory.,Unknown,True,False,attribution_without_continuation_evidence,review,False
MWT_C00156,39517,39541,1641,1641,Have you got a secret?,Syme,after_quote,,Unknown,False,False,possible_new_turn,review,False
MWT_C00157,39545,39551,1645,1645,"Yes,",Syme,after_quote,"said Syme,",Syme,True,False,attribution_without_continuation_evidence,review,False
MWT_C00158,39563,39581,1645,1645,I have a secret.,Syme,before_quote,"Then after a pause,",Unknown,False,False,no_explicit_boundary_evidence,review,False
MWT_C00159,39602,39620,1645,1647,"Will you

swear?",Syme,before_quote,"Gregory glared at him gravely for a few moments, and then said abruptly—",Unknown,True,False,attribution_without_continuation_evidence,review,False
MWT_C00160,39701,39903,1657,1661,"You must have bewitched me, but I feel a furious curiosity about you.

Yes, I will swear not to tell the anarchists anything you tell me. But

look sharp, for they will be here in a couple of minutes.",Syme,after_quote,"Syme rose slowly to his feet and thrust his long, white hands into his long, grey trousers’ pockets. Almost as he did so there came five knocks on the outer grating, proclaiming the arrival of the first of the conspirators.",Unknown,False,False,possible_new_turn,review,False
MWT_C00161,40137,40144,1675,1675,"Well,",Syme,after_quote,"said Syme slowly,",Syme,True,False,attribution_without_continuation_evidence,review,False
MWT_C00162,40163,40386,1675,1681,"I don’t know how to tell you the truth more

shortly than by saying that your expedient of dressing up as an aimless

poet is not confined to you or your President. We have known the dodge

for some time at Scotland Yard.",Syme,after_quote,"Gregory tried to spring up straight, but he swayed thrice.",Unknown,False,False,possible_new_turn,review,False
MWT_C00163,40452,40470,1689,1689,What do you say?,Syme,after_quote,he asked in an inhuman voice.,Unknown,True,False,attribution_without_continuation_evidence,review,False
MWT_C00164,40504,40510,1693,1693,"Yes,",Syme,after_quote,"said Syme simply,",Syme,True,False,attribution_without_continuation_evidence,review,False
MWT_C00165,40529,40596,1693,1695,"I am a police detective. But I think I hear

your friends coming.",Syme,before_quote,From the doorway there came a murmur of,Unknown,False,False,possible_new_turn,review,False
MWT_C00166,40640,40665,1699,1699,Mr. Joseph Chamberlain.,Syme,before_quote,"It was repeated twice and thrice, and then thirty times, and the crowd of Joseph Chamberlains (a solemn thought) could be heard trampling down the corridor. CHAPTER III. THE MAN WHO WAS THURSDAY Before one of the fresh faces could appear at the doorway, Gregory’s stunned surprise had fallen from him. He was beside the table with a bound, and a noise in his throat like a wild beast. He caught up the Colt’s revolver and took aim at Syme. Syme did not flinch, but he put up a pale and polite hand.",Unknown,False,False,possible_new_turn,review,False
MWT_C00167,41190,41218,1735,1735,"Don’t be such a silly man,",Syme,after_quote,"he said, with the effeminate dignity of a curate.",Unknown,True,False,attribution_without_continuation_evidence,review,False
MWT_C00168,41270,41379,1737,1739,"Don’t you see it’s not necessary? Don’t you see that we’re

both in the same boat? Yes, and jolly sea-sick.",Syme,after_quote,"Gregory could not speak, but he could not fire either, and he looked his question.",Unknown,False,False,possible_new_turn,review,False
MWT_C00169,41470,41514,1749,1749,Don’t you see we’ve checkmated each other?,Syme,after_quote,cried Syme.,Syme,True,False,attribution_without_continuation_evidence,review,False
MWT_C00170,41527,42213,1749,1769,"I can’t tell

the police you are an anarchist. You can’t tell the anarchists I’m a

policeman. I can only watch you, knowing what you are; you can only

watch me, knowing what I am. In short, it’s a lonely, intellectual

duel, my head against yours. I’m a policeman deprived of the help of

the police. You, my poor fellow, are an anarchist deprived of the help

of that law and organisation which is so essential to anarchy. The one

solitary difference is in your favour. You are not surrounded by

inquisitive policemen; I am surrounded by inquisitive anarchists. I

cannot betray you, but I might betray myself. Come, come! wait and see

me betray myself. I shall do it so nicely.",Syme,after_quote,"Gregory put the pistol slowly down, still staring at Syme as if he were a sea-monster.",Unknown,False,False,possible_new_turn,review,False
MWT_C00171,42308,42341,1779,1779,"I don’t believe in immortality,",Syme,after_quote,"he said at last,",Unknown,True,False,attribution_without_continuation_evidence,review,False
MWT_C00172,42359,42472,1779,1783,"but if, after all

this, you were to break your word, God would make a hell only for you,

to howl in for ever.",Syme,after_quote,,Unknown,False,False,possible_new_turn,review,False
MWT_C00173,42476,42504,1787,1787,"I shall not break my word,",Syme,after_quote,"said Syme sternly,",Syme,True,False,attribution_without_continuation_evidence,review,False
MWT_C00174,42524,42575,1787,1789,"nor will you break

yours. Here are your friends.",Syme,before_quote,"The mass of the anarchists entered the room heavily, with a slouching and somewhat weary gait; but one little man, with a black beard and glasses—a man somewhat of the type of Mr. Tim Healy—detached himself, and bustled forward with some papers in his hand.",Unknown,False,False,possible_new_turn,review,False
MWT_C00175,42843,42861,1803,1803,"Comrade Gregory,",Syme,after_quote,"he said,",Unknown,True,False,attribution_without_continuation_evidence,review,False
MWT_C00176,42871,42906,1803,1803,I suppose this man is a delegate?,Syme,after_quote,"Gregory, taken by surprise, looked down and muttered the name of Syme; but Syme replied almost pertly—",Unknown,True,False,attribution_without_continuation_evidence,review,False
MWT_C00177,43017,43136,1813,1815,"I am glad to see that your gate is well enough guarded to make it hard

for anyone to be here who was not a delegate.",Syme,after_quote,"The brow of the little man with the black beard was, however, still contracted with something like suspicion.",Unknown,False,False,possible_new_turn,review,False
MWT_C00178,43254,43285,1825,1825,What branch do you represent?,Syme,after_quote,he asked sharply.,Unknown,True,False,attribution_without_continuation_evidence,review,False
MWT_C00179,43307,43342,1829,1829,"I should hardly call it a branch,",Syme,after_quote,"said Syme, laughing;",Syme,True,False,attribution_without_continuation_evidence,review,False
MWT_C00180,43364,43409,1829,1831,"I should call

it at the very least a root.",Syme,after_quote,,Unknown,False,False,possible_new_turn,review,False
MWT_C00181,43413,43432,1835,1835,What do you mean?,Syme,after_quote,,Unknown,False,False,possible_new_turn,review,False
MWT_C00182,43436,43450,1839,1839,"The fact is,",Syme,after_quote,"said Syme serenely,",Syme,True,False,attribution_without_continuation_evidence,review,False
MWT_C00183,43471,43588,1839,1843,"the truth is I am a Sabbatarian. I

have been specially sent here to see that you show a due observance of

Sunday.",Syme,after_quote,"The little man dropped one of his papers, and a flicker of fear went over all the faces of the group. Evidently the awful President, whose name was Sunday, did sometimes send down such irregular ambassadors to such branch meetings.",Unknown,False,False,possible_new_turn,review,False
MWT_C00184,43830,43846,1857,1857,"Well, comrade,",Syme,after_quote,"said the man with the papers after a pause,",Unknown,True,False,attribution_without_continuation_evidence,review,False
MWT_C00185,43891,43947,1857,1859,"I suppose

we’d better give you a seat in the meeting?",Syme,after_quote,,Unknown,False,False,possible_new_turn,review,False
MWT_C00186,43951,43986,1863,1863,"If you ask my advice as a friend,",Syme,after_quote,"said Syme with severe benevolence,",Syme,True,False,attribution_without_continuation_evidence,review,False
MWT_C00187,44023,44046,1865,1865,I think you’d better.,Syme,before_quote,"When Gregory heard the dangerous dialogue end, with a sudden safety for his rival, he rose abruptly and paced the floor in painful thought. He was, indeed, in an agony of diplomacy. It was clear that Syme’s inspired impudence was likely to bring him out of all merely accidental dilemmas. Little was to be hoped from them. He could not himself betray Syme, partly from honour, but partly also because, if he betrayed him and for some reason failed to destroy him, the Syme who escaped would be a Syme freed from all obligation of secrecy, a Syme who would simply walk to the nearest police station. After all, it was only one night’s discussion, and only one detective who would know of it. He would let out as little as possible of their plans that night, and then let Syme go, and chance it. He strode across to the group of anarchists, which was already distributing itself along the benches.",Unknown,False,False,possible_new_turn,review,False
MWT_C00188,44964,44994,1901,1901,"I think it is time we began,",Unknown,none,he said;,Unknown,True,False,attribution_without_continuation_evidence,review,False
MWT_C00189,45004,45098,1901,1903,"the steam-tug is waiting on

the river already. I move that Comrade Buttons takes the chair.",Unknown,none,"This being approved by a show of hands, the little man with the papers slipped into the presidential seat.",Unknown,False,False,possible_new_turn,review,False
MWT_C00190,45213,45224,1913,1913,"Comrades,",Unknown,none,"he began, as sharp as a pistol-shot,",Unknown,False,False,no_explicit_boundary_evidence,review,False
MWT_C00191,45262,46591,1913,1951,"our meeting tonight

is important, though it need not be long. This branch has always had

the honour of electing Thursdays for the Central European Council. We

have elected many and splendid Thursdays. We all lament the sad decease

of the heroic worker who occupied the post until last week. As you

know, his services to the cause were considerable. He organised the

great dynamite coup of Brighton which, under happier circumstances,

ought to have killed everybody on the pier. As you also know, his death

was as self-denying as his life, for he died through his faith in a

hygienic mixture of chalk and water as a substitute for milk, which

beverage he regarded as barbaric, and as involving cruelty to the cow.

Cruelty, or anything approaching to cruelty, revolted him always. But

it is not to acclaim his virtues that we are met, but for a harder

task. It is difficult properly to praise his qualities, but it is more

difficult to replace them. Upon you, comrades, it devolves this evening

to choose out of the company present the man who shall be Thursday. If

any comrade suggests a name I will put it to the vote. If no comrade

suggests a name, I can only tell myself that that dear dynamiter, who

is gone from us, has carried into the unknowable abysses the last

secret of his virtue and his innocence.",Unknown,none,"There was a stir of almost inaudible applause, such as is sometimes heard in church. Then a large old man, with a long and venerable white beard, perhaps the only real working-man present, rose lumberingly and said—",Unknown,True,False,attribution_without_continuation_evidence,review,False
MWT_C00192,46817,46867,1965,1965,"I move that Comrade Gregory be elected Thursday,",Unknown,none,and sat lumberingly down again.,Unknown,False,False,possible_new_turn,review,False
MWT_C00193,46904,46925,1971,1971,Does anyone second?,Unknown,none,asked the chairman. A little man with a velvet coat and pointed beard seconded.,Unknown,True,False,attribution_without_continuation_evidence,review,False
MWT_C00194,47012,47050,1979,1979,"Before I put the matter to the vote,",Unknown,none,"said the chairman,",Unknown,True,False,attribution_without_continuation_evidence,review,False
MWT_C00195,47070,47124,1979,1981,"I will call

on Comrade Gregory to make a statement.",Unknown,none,"Gregory rose amid a great rumble of applause. His face was deadly pale, so that by contrast his queer red hair looked almost scarlet. But he was smiling and altogether at ease. He had made up his mind, and he saw his best policy quite plain in front of him like a white road. His best chance was to make a softened and ambiguous speech, such as would leave on the detective’s mind the impression that the anarchist brotherhood was a very mild affair after all. He believed in his own literary power, his capacity for suggesting fine shades and picking perfect words. He thought that with care he could succeed, in spite of all the people around him, in conveying an impression of the institution, subtly and delicately false. Syme had once thought that anarchists, under all their bravado, were only playing the fool. Could he not now, in the hour of peril, make Syme think so again?",Unknown,False,False,possible_new_turn,review,False
MWT_C00196,48027,48038,2013,2013,"Comrades,",Unknown,none,"began Gregory, in a low but penetrating voice,",Unknown,False,False,no_explicit_boundary_evidence,review,False
MWT_C00197,48086,49751,2013,2061,"it is not

necessary for me to tell you what is my policy, for it is your policy

also. Our belief has been slandered, it has been disfigured, it has

been utterly confused and concealed, but it has never been altered.

Those who talk about anarchism and its dangers go everywhere and

anywhere to get their information, except to us, except to the fountain

head. They learn about anarchists from sixpenny novels; they learn

about anarchists from tradesmen’s newspapers; they learn about

anarchists from _Ally Sloper’s Half-Holiday_ and the _Sporting Times_.

They never learn about anarchists from anarchists. We have no chance of

denying the mountainous slanders which are heaped upon our heads from

one end of Europe to another. The man who has always heard that we are

walking plagues has never heard our reply. I know that he will not hear

it tonight, though my passion were to rend the roof. For it is deep,

deep under the earth that the persecuted are permitted to assemble, as

the Christians assembled in the Catacombs. But if, by some incredible

accident, there were here tonight a man who all his life had thus

immensely misunderstood us, I would put this question to him: ‘When

those Christians met in those Catacombs, what sort of moral reputation

had they in the streets above? What tales were told of their atrocities

by one educated Roman to another? Suppose’ (I would say to him),

‘suppose that we are only repeating that still mysterious paradox of

history. Suppose we seem as shocking as the Christians because we are

really as harmless as the Christians. Suppose we seem as mad as the

Christians because we are really as meek.",Unknown,none,"’ The applause that had greeted the opening sentences had been gradually growing fainter, and at the last word it stopped suddenly. In the abrupt silence, the man with the velvet jacket said, in a high, squeaky voice—",Unknown,True,False,attribution_without_continuation_evidence,review,False
MWT_C00198,49978,49993,2075,2075,I’m not meek!,Unknown,none,,Unknown,False,False,possible_new_turn,review,False
MWT_C00199,49997,50028,2079,2079,"Comrade Witherspoon tells us,",Unknown,none,"resumed Gregory,",Unknown,False,False,no_explicit_boundary_evidence,review,False
MWT_C00200,50046,50600,2079,2095,"that he is not meek.

Ah, how little he knows himself! His words are, indeed, extravagant;

his appearance is ferocious, and even (to an ordinary taste)

unattractive. But only the eye of a friendship as deep and delicate as

mine can perceive the deep foundation of solid meekness which lies at

the base of him, too deep even for himself to see. I repeat, we are the

true early Christians, only that we come too late. We are simple, as

they revere simple—look at Comrade Witherspoon. We are modest, as they

were modest—look at me. We are merciful—",Gregory,after_quote,,Unknown,False,False,possible_new_turn,review,False
MWT_C00201,50604,50613,2099,2099,"No, no!",Gregory,after_quote,called out Mr. Witherspoon with the velvet jacket.,Unknown,True,False,attribution_without_continuation_evidence,review,False
MWT_C00202,50668,50692,2103,2103,"I say we are merciful,",Gregory,after_quote,"repeated Gregory furiously,",Unknown,False,False,no_explicit_boundary_evidence,review,False
MWT_C00203,50721,50858,2103,2107,"as the early

Christians were merciful. Yet this did not prevent their being accused

of eating human flesh. We do not eat human flesh—",Gregory,after_quote,,Unknown,False,False,possible_new_turn,review,False
MWT_C00204,50862,50870,2111,2111,Shame!,Gregory,after_quote,cried Witherspoon.,Unknown,True,False,attribution_without_continuation_evidence,review,False
MWT_C00205,50890,50900,2111,2111,Why not?,Gregory,after_quote,,Unknown,False,False,possible_new_turn,review,False
MWT_C00206,50904,50926,2115,2115,"Comrade Witherspoon,",Gregory,after_quote,"said Gregory, with a feverish gaiety,",Gregory,True,False,attribution_without_continuation_evidence,review,False
MWT_C00207,50965,51103,2115,2119,"is

anxious to know why nobody eats him (laughter). In our society, at any

rate, which loves him sincerely, which is founded upon love—",Gregory,before_quote,,Unknown,False,False,possible_new_turn,review,False
MWT_C00208,51107,51116,2123,2123,"No, no!",Gregory,before_quote,"said Witherspoon,",Unknown,True,False,attribution_without_continuation_evidence,review,False
MWT_C00209,51135,51152,2123,2123,down with love.,Gregory,before_quote,,Unknown,False,False,possible_new_turn,review,False
MWT_C00210,51156,51185,2127,2127,"Which is founded upon love,",Gregory,before_quote,"repeated Gregory, grinding his teeth,",Unknown,False,False,possible_new_turn,review,False
MWT_C00211,51225,51597,2129,2139,"there will be no difficulty about the aims which we shall pursue as a

body, or which I should pursue were I chosen as the representative of

that body. Superbly careless of the slanders that represent us as

assassins and enemies of human society, we shall pursue with moral

courage and quiet intellectual pressure, the permanent ideals of

brotherhood and simplicity.",Gregory,before_quote,"Gregory resumed his seat and passed his hand across his forehead. The silence was sudden and awkward, but the chairman rose like an automaton, and said in a colourless voice—",Unknown,True,False,attribution_without_continuation_evidence,review,False
MWT_C00212,51781,51834,2151,2151,Does anyone oppose the election of Comrade Gregory?,Unknown,none,"The assembly seemed vague and sub-consciously disappointed, and Comrade Witherspoon moved restlessly on his seat and muttered in his thick beard. By the sheer rush of routine, however, the motion would have been put and carried. But as the chairman was opening his mouth to put it, Syme sprang to his feet and said in a small and quiet voice—",Unknown,True,False,attribution_without_continuation_evidence,review,False
MWT_C00213,52188,52218,2167,2167,"Yes, Mr. Chairman, I oppose.",Unknown,none,"The most effective fact in oratory is an unexpected change in the voice. Mr. Gabriel Syme evidently understood oratory. Having said these first formal words in a moderated tone and with a brief simplicity, he made his next word ring and volley in the vault as if one of the guns had gone off.",Unknown,True,False,attribution_without_continuation_evidence,review,False
MWT_C00214,52522,52533,2183,2183,Comrades!,Unknown,none,"he cried, in a voice that made every man jump out of his boots,",Unknown,True,False,attribution_without_continuation_evidence,review,False
MWT_C00215,52599,53808,2185,2221,"have we come here for this? Do we live underground like rats in

order to listen to talk like this? This is talk we might listen to

while eating buns at a Sunday School treat. Do we line these walls with

weapons and bar that door with death lest anyone should come and hear

Comrade Gregory saying to us, ‘Be good, and you will be happy,’

‘Honesty is the best policy,’ and ‘Virtue is its own reward’? There was

not a word in Comrade Gregory’s address to which a curate could not

have listened with pleasure (hear, hear). But I am not a curate (loud

cheers), and I did not listen to it with pleasure (renewed cheers). The

man who is fitted to make a good curate is not fitted to make a

resolute, forcible, and efficient Thursday (hear, hear).



“Comrade Gregory has told us, in only too apologetic a tone, that we

are not the enemies of society. But I say that we are the enemies of

society, and so much the worse for society. We are the enemies of

society, for society is the enemy of humanity, its oldest and its most

pitiless enemy (hear, hear). Comrade Gregory has told us

(apologetically again) that we are not murderers. There I agree. We are

not murderers, we are executioners (cheers).",Unknown,none,"Ever since Syme had risen Gregory had sat staring at him, his face idiotic with astonishment. Now in the pause his lips of clay parted, and he said, with an automatic and lifeless distinctness—",Unknown,True,False,attribution_without_continuation_evidence,review,False
MWT_C00216,54011,54036,2233,2233,You damnable hypocrite!,Unknown,none,"Syme looked straight into those frightful eyes with his own pale blue ones, and said with dignity—",Unknown,True,False,attribution_without_continuation_evidence,review,False
MWT_C00217,54143,55209,2243,2273,"Comrade Gregory accuses me of hypocrisy. He knows as well as I do that

I am keeping all my engagements and doing nothing but my duty. I do not

mince words. I do not pretend to. I say that Comrade Gregory is unfit

to be Thursday for all his amiable qualities. He is unfit to be

Thursday because of his amiable qualities. We do not want the Supreme

Council of Anarchy infected with a maudlin mercy (hear, hear). This is

no time for ceremonial politeness, neither is it a time for ceremonial

modesty. I set myself against Comrade Gregory as I would set myself

against all the Governments of Europe, because the anarchist who has

given himself to anarchy has forgotten modesty as much as he has

forgotten pride (cheers). I am not a man at all. I am a cause (renewed

cheers). I set myself against Comrade Gregory as impersonally and as

calmly as I should choose one pistol rather than another out of that

rack upon the wall; and I say that rather than have Gregory and his

milk-and-water methods on the Supreme Council, I would offer myself for

election—",Unknown,none,"His sentence was drowned in a deafening cataract of applause. The faces, that had grown fiercer and fiercer with approval as his tirade grew more and more uncompromising, were now distorted with grins of anticipation or cloven with delighted cries. At the moment when he announced himself as ready to stand for the post of Thursday, a roar of excitement and assent broke forth, and became uncontrollable, and at the same moment Gregory sprang to his feet, with foam upon his mouth, and shouted against the shouting.",Unknown,True,False,attribution_without_continuation_evidence,review,False
MWT_C00218,55739,55766,2295,2295,"Stop, you blasted madmen!",Unknown,none,"he cried, at the top of a voice that tore his throat.",Unknown,True,False,attribution_without_continuation_evidence,review,False
MWT_C00219,55822,55834,2297,2297,"Stop, you—",Unknown,none,"But louder than Gregory’s shouting and louder than the roar of the room came the voice of Syme, still speaking in a peal of pitiless thunder—",Unknown,False,False,possible_new_turn,review,False
MWT_C00220,55984,56455,2307,2319,"I do not go to the Council to rebut that slander that calls us

murderers; I go to earn it (loud and prolonged cheering). To the priest

who says these men are the enemies of religion, to the judge who says

these men are the enemies of law, to the fat parliamentarian who says

these men are the enemies of order and public decency, to all these I

will reply, ‘You are false kings, but you are true prophets. I am come

to destroy you, and to fulfil your prophecies.’",Gregory,after_quote,"The heavy clamour gradually died away, but before it had ceased Witherspoon had jumped to his feet, his hair and beard all on end, and had said—",Unknown,True,False,attribution_without_continuation_evidence,review,False
MWT_C00221,56609,56679,2331,2331,"I move, as an amendment, that Comrade Syme be appointed to the post.",Gregory,after_quote,,Unknown,False,False,possible_new_turn,review,False
MWT_C00222,56683,56711,2335,2335,"Stop all this, I tell you!",Gregory,after_quote,"cried Gregory, with frantic face and hands.",Gregory,True,False,attribution_without_continuation_evidence,review,False
MWT_C00223,56757,56778,2337,2337,"Stop it, it is all—",Syme,after_quote,The voice of the chairman clove his speech with a cold accent.,Unknown,False,False,possible_new_turn,review,False
MWT_C00224,56848,56884,2345,2345,Does anyone second this amendment?,Syme,after_quote,"he said. A tall, tired man, with melancholy eyes and an American chin beard, was observed on the back bench to be slowly rising to his feet. Gregory had been screaming for some time past; now there was a change in his accent, more shocking than any scream.",Unknown,True,False,attribution_without_continuation_evidence,review,False
MWT_C00225,57146,57163,2353,2353,I end all this!,Syme,after_quote,"he said, in a voice as heavy as stone.",Unknown,True,False,attribution_without_continuation_evidence,review,False
MWT_C00226,57204,57242,2355,2355,This man cannot be elected. He is a—,Syme,after_quote,,Unknown,False,False,possible_new_turn,review,False
MWT_C00227,57246,57252,2359,2359,"Yes,",Syme,after_quote,"said Syme, quite motionless,",Syme,True,False,attribution_without_continuation_evidence,review,False
MWT_C00228,57282,57295,2359,2359,what is he?,Syme,before_quote,Gregory’s mouth worked twice without sound; then slowly the blood began to crawl back into his dead face.,Unknown,False,False,possible_new_turn,review,False
MWT_C00229,57407,57453,2367,2367,"He is a man quite inexperienced in our work,",Syme,before_quote,"he said, and sat down abruptly. Before he had done so, the long, lean man with the American beard was again upon his feet, and was repeating in a high American monotone—",Unknown,True,False,attribution_without_continuation_evidence,review,False
MWT_C00230,57632,57679,2379,2379,I beg to second the election of Comrade Syme.,Syme,before_quote,,Unknown,False,False,possible_new_turn,review,False
MWT_C00231,57683,57728,2383,2383,"The amendment will, as usual, be put first,",Syme,before_quote,"said Mr. Buttons, the chairman, with mechanical rapidity.",Unknown,True,False,attribution_without_continuation_evidence,review,False
MWT_C00232,57791,57827,2389,2389,The question is that Comrade Syme—,Unknown,none,"Gregory had again sprung to his feet, panting and passionate.",Unknown,False,False,possible_new_turn,review,False
MWT_C00233,57896,57907,2397,2397,"Comrades,",Unknown,none,"he cried out,",Unknown,True,False,attribution_without_continuation_evidence,review,False
MWT_C00234,57922,57942,2397,2397,I am not a madman.,Unknown,none,,Unknown,False,False,possible_new_turn,review,False
MWT_C00235,57946,57955,2401,2401,"Oh, oh!",Unknown,none,said Mr. Witherspoon.,Unknown,True,False,attribution_without_continuation_evidence,review,False
MWT_C00236,57981,58001,2405,2405,"I am not a madman,",Unknown,none,"reiterated Gregory, with a frightful sincerity which for a moment staggered the room,",Unknown,False,False,possible_new_turn,review,False
MWT_C00237,58089,58358,2407,2415,"but I give you a counsel which

you can call mad if you like. No, I will not call it a counsel, for I

can give you no reason for it. I will call it a command. Call it a mad

command, but act upon it. Strike, but hear me! Kill me, but obey me! Do

not elect this man.",Gregory,after_quote,"Truth is so terrible, even in fetters, that for a moment Syme’s slender and insane victory swayed like a reed. But you could not have guessed it from Syme’s bleak blue eyes. He merely began—",Unknown,False,False,possible_new_turn,review,False
MWT_C00238,58555,58582,2423,2423,Comrade Gregory commands—,Gregory,after_quote,"Then the spell was snapped, and one anarchist called out to Gregory—",Unknown,True,False,attribution_without_continuation_evidence,review,False
MWT_C00239,58658,58692,2431,2431,Who are you? You are not Sunday;,Gregory,after_quote,"and another anarchist added in a heavier voice,",Unknown,True,False,attribution_without_continuation_evidence,review,False
MWT_C00240,58742,58769,2433,2433,And you are not Thursday.,Gregory,after_quote,,Unknown,False,False,possible_new_turn,review,False
MWT_C00241,58773,58784,2437,2437,"Comrades,",Gregory,after_quote,"cried Gregory, in a voice like that of a martyr who in an ecstacy of pain has passed beyond pain,",Gregory,True,False,attribution_without_continuation_evidence,review,False
MWT_C00242,58884,59106,2439,2445,"it is nothing to me whether

you detest me as a tyrant or detest me as a slave. If you will not take

my command, accept my degradation. I kneel to you. I throw myself at

your feet. I implore you. Do not elect this man.",Gregory,before_quote,,Unknown,False,False,possible_new_turn,review,False
MWT_C00243,59110,59128,2449,2449,"Comrade Gregory,",Gregory,before_quote,"said the chairman after a painful pause,",Unknown,True,False,attribution_without_continuation_evidence,review,False
MWT_C00244,59170,59208,2449,2451,"this is

really not quite dignified.",Gregory,before_quote,"For the first time in the proceedings there was for a few seconds a real silence. Then Gregory fell back in his seat, a pale wreck of a man, and the chairman repeated, like a piece of clock-work suddenly started again—",Unknown,False,False,possible_new_turn,review,False
MWT_C00245,59437,59532,2465,2467,"The question is that Comrade Syme be elected to the post of Thursday

on the General Council.",Unknown,none,"The roar rose like the sea, the hands rose like a forest, and three minutes afterwards Mr. Gabriel Syme, of the Secret Police Service, was elected to the post of Thursday on the General Council of the Anarchists of Europe. Everyone in the room seemed to feel the tug waiting on the river, the sword-stick and the revolver, waiting on the table. The instant the election was ended and irrevocable, and Syme had received the paper proving his election, they all sprang to their feet, and the fiery groups moved and mixed in the room. Syme found himself, somehow or other, face to face with Gregory, who still regarded him with a stare of stunned hatred. They were silent for many minutes.",Unknown,False,False,possible_new_turn,review,False
MWT_C00246,60238,60256,2497,2497,You are a devil!,Syme,after_quote,said Gregory at last.,Gregory,True,False,attribution_without_continuation_evidence,review,False
MWT_C00247,60282,60308,2501,2501,"And you are a gentleman,",Syme,after_quote,said Syme with gravity.,Syme,True,False,attribution_without_continuation_evidence,review,False
MWT_C00248,60336,60367,2505,2505,"It was you that entrapped me,",Syme,after_quote,"began Gregory, shaking from head to foot,",Unknown,False,False,possible_new_turn,review,False
MWT_C00249,60411,60431,2507,2507,entrapped me into—,Syme,after_quote,,Unknown,False,False,possible_new_turn,review,False
MWT_C00250,60435,60448,2511,2511,"Talk sense,",Syme,after_quote,said Syme shortly.,Syme,True,False,attribution_without_continuation_evidence,review,False
MWT_C00251,60468,60808,2511,2521,"Into what sort of devils’ parliament

have you entrapped me, if it comes to that? You made me swear before I

made you. Perhaps we are both doing what we think right. But what we

think right is so damned different that there can be nothing between us

in the way of concession. There is nothing possible between us but

honour and death,",Syme,before_quote,and he pulled the great cloak about his shoulders and picked up the flask from the table.,Unknown,False,False,possible_new_turn,review,False
MWT_C00252,60903,60929,2527,2527,"The boat is quite ready,",Syme,before_quote,"said Mr. Buttons, bustling up.",Unknown,True,False,attribution_without_continuation_evidence,review,False
MWT_C00253,60961,60996,2527,2529,"Be good

enough to step this way.",Unknown,none,"With a gesture that revealed the shop-walker, he led Syme down a short, iron-bound passage, the still agonised Gregory following feverishly at their heels. At the end of the passage was a door, which Buttons opened sharply, showing a sudden blue and silver picture of the moonlit river, that looked like a scene in a theatre. Close to the opening lay a dark, dwarfish steam-launch, like a baby dragon with one red eye. Almost in the act of stepping on board, Gabriel Syme turned to the gaping Gregory.",Unknown,False,False,possible_new_turn,review,False
MWT_C00254,61514,61540,2553,2553,"You have kept your word,",Syme,after_quote,"he said gently, with his face in shadow.",Unknown,True,False,attribution_without_continuation_evidence,review,False
MWT_C00255,61583,61811,2555,2561,"You are a man of honour, and I thank you. You have kept it even down

to a small particular. There was one special thing you promised me at

the beginning of the affair, and which you have certainly given me by

the end of it.",Syme,after_quote,,Unknown,False,False,possible_new_turn,review,False
MWT_C00256,61815,61834,2565,2565,What do you mean?,Syme,after_quote,cried the chaotic Gregory.,Unknown,True,False,attribution_without_continuation_evidence,review,False
MWT_C00257,61862,61888,2565,2567,"What did I promise

you?",Syme,after_quote,,Unknown,False,False,possible_new_turn,review,False
MWT_C00258,61892,61922,2571,2571,"A very entertaining evening,",Syme,after_quote,"said Syme, and he made a military salute with the sword-stick as the steamboat slid away. CHAPTER IV. THE TALE OF A DETECTIVE Gabriel Syme was not merely a detective who pretended to be a poet; he was really a poet who had become a detective. Nor was his hatred of anarchy hypocritical. He was one of those who are driven early in life into too conservative an attitude by the bewildering folly of most revolutionists. He had not attained it by any tame tradition. His respectability was spontaneous and sudden, a rebellion against rebellion. He came of a family of cranks, in which all the oldest people had all the newest notions. One of his uncles always walked about without a hat, and another had made an unsuccessful attempt to walk about with a hat and nothing else. His father cultivated art and self-realisation; his mother went in for simplicity and hygiene. Hence the child, during his tenderer years, was wholly unacquainted with any drink between the extreme",Syme,True,False,attribution_without_continuation_evidence,review,False
MWT_C00259,65818,65834,2709,2711,"Good

evening.",Unknown,none,"Syme, at a crisis of his morbid fears for humanity, seemed stung by the mere stolidity of the automatic official, a mere bulk of blue in the twilight.",Unknown,False,False,possible_new_turn,review,False
MWT_C00260,65994,66017,2723,2723,A good evening is it?,Unknown,none,he said sharply.,Unknown,True,False,attribution_without_continuation_evidence,review,False
MWT_C00261,66035,66449,2723,2735,"You fellows would call the

end of the world a good evening. Look at that bloody red sun and that

bloody river! I tell you that if that were literally human blood, spilt

and shining, you would still be standing here as solid as ever, looking

out for some poor harmless tramp whom you could move on. You policemen

are cruel to the poor, but I could forgive you even your cruelty if it

were not for your calm.",Syme,after_quote,,Unknown,False,False,possible_new_turn,review,False
MWT_C00262,66453,66470,2739,2739,"If we are calm,",Syme,after_quote,"replied the policeman,",Unknown,True,False,attribution_without_continuation_evidence,review,False
MWT_C00263,66494,66536,2739,2741,"it is the calm of organised

resistance.",Syme,after_quote,,Unknown,False,False,possible_new_turn,review,False
MWT_C00264,66540,66545,2745,2745,Eh?,Syme,after_quote,"said Syme, staring.",Syme,True,False,attribution_without_continuation_evidence,review,False
MWT_C00265,66569,66623,2749,2749,"The soldier must be calm in the thick of the battle,",Syme,after_quote,pursued the policeman.,Unknown,False,False,possible_new_turn,review,False
MWT_C00266,66648,66700,2751,2751,The composure of an army is the anger of a nation.,Syme,after_quote,,Unknown,False,False,possible_new_turn,review,False
MWT_C00267,66704,66734,2755,2755,"Good God, the Board Schools!",Syme,after_quote,said Syme.,Syme,True,False,attribution_without_continuation_evidence,review,False
MWT_C00268,66746,66784,2755,2757,"Is this undenominational

education?",Syme,after_quote,,Unknown,False,False,possible_new_turn,review,False
MWT_C00269,66788,66793,2761,2761,"No,",Syme,after_quote,"said the policeman sadly,",Unknown,True,False,attribution_without_continuation_evidence,review,False
MWT_C00270,66820,66966,2761,2765,"I never had any of those advantages.

The Board Schools came after my time. What education I had was very

rough and old-fashioned, I am afraid.",Syme,after_quote,,Unknown,False,False,possible_new_turn,review,False
MWT_C00271,66970,66994,2769,2769,Where did you have it?,Syme,after_quote,"asked Syme, wondering.",Syme,True,False,attribution_without_continuation_evidence,review,False
MWT_C00272,67021,67037,2773,2773,"Oh, at Harrow,",Syme,after_quote,"said the policeman The class sympathies which, false as they are, are the truest things in so many men, broke out of Syme before he could control them.",Unknown,True,False,attribution_without_continuation_evidence,review,False
MWT_C00273,67197,67219,2783,2783,"But, good Lord, man,",Syme,after_quote,"he said,",Unknown,True,False,attribution_without_continuation_evidence,review,False
MWT_C00274,67229,67262,2783,2783,you oughtn’t to be a policeman!,Syme,after_quote,The policeman sighed and shook his head.,Unknown,False,False,possible_new_turn,review,False
MWT_C00275,67310,67319,2791,2791,"I know,",Syme,after_quote,"he said solemnly,",Unknown,True,False,attribution_without_continuation_evidence,review,False
MWT_C00276,67338,67363,2791,2791,I know I am not worthy.,Syme,after_quote,,Unknown,False,False,possible_new_turn,review,False
MWT_C00277,67367,67401,2795,2795,But why did you join the police?,Syme,after_quote,asked Syme with rude curiosity.,Syme,True,False,attribution_without_continuation_evidence,review,False
MWT_C00278,67437,67491,2799,2799,"For much the same reason that you abused the police,",Syme,after_quote,replied the other.,Unknown,True,False,attribution_without_continuation_evidence,review,False
MWT_C00279,67512,67791,2801,2809,"I found that there was a special opening in the service for

those whose fears for humanity were concerned rather with the

aberrations of the scientific intellect than with the normal and

excusable, though excessive, outbreaks of the human will. I trust I

make myself clear.",Syme,after_quote,,Unknown,False,False,possible_new_turn,review,False
MWT_C00280,67795,67842,2813,2813,"If you mean that you make your opinion clear,",Syme,after_quote,"said Syme,",Syme,True,False,attribution_without_continuation_evidence,review,False
MWT_C00281,67854,68032,2813,2819,"I suppose

you do. But as for making yourself clear, it is the last thing you do.

How comes a man like you to be talking philosophy in a blue helmet on

the Thames embankment?",Syme,after_quote,,Unknown,False,False,possible_new_turn,review,False
MWT_C00282,68036,68115,2823,2825,"You have evidently not heard of the latest development in our police

system,",Syme,after_quote,replied the other.,Unknown,True,False,attribution_without_continuation_evidence,review,False
MWT_C00283,68135,68358,2825,2831,"I am not surprised at it. We are keeping

it rather dark from the educated class, because that class contains

most of our enemies. But you seem to be exactly in the right frame of

mind. I think you might almost join us.",Syme,after_quote,,Unknown,False,False,possible_new_turn,review,False
MWT_C00284,68362,68381,2835,2835,Join you in what?,Syme,after_quote,asked Syme.,Syme,True,False,attribution_without_continuation_evidence,review,False
MWT_C00285,68397,68415,2839,2839,"I will tell you,",Syme,before_quote,said the policeman slowly.,Unknown,True,False,attribution_without_continuation_evidence,review,False
MWT_C00286,68443,69253,2839,2863,"This is the situation:

The head of one of our departments, one of the most celebrated

detectives in Europe, has long been of opinion that a purely

intellectual conspiracy would soon threaten the very existence of

civilisation. He is certain that the scientific and artistic worlds are

silently bound in a crusade against the Family and the State. He has,

therefore, formed a special corps of policemen, policemen who are also

philosophers. It is their business to watch the beginnings of this

conspiracy, not merely in a criminal but in a controversial sense. I am

a democrat myself, and I am fully aware of the value of the ordinary

man in matters of ordinary valour or virtue. But it would obviously be

undesirable to employ the common policeman in an investigation which is

also a heresy hunt.",Syme,before_quote,Syme’s eyes were bright with a sympathetic curiosity.,Unknown,False,False,possible_new_turn,review,False
MWT_C00287,69314,69337,2871,2871,"What do you do, then?",Unknown,none,he said.,Unknown,True,False,attribution_without_continuation_evidence,review,False
MWT_C00288,69350,69392,2875,2875,"The work of the philosophical policeman,",Unknown,none,"replied the man in blue,",Unknown,True,False,attribution_without_continuation_evidence,review,False
MWT_C00289,69418,70086,2875,2895,"is

at once bolder and more subtle than that of the ordinary detective. The

ordinary detective goes to pot-houses to arrest thieves; we go to

artistic tea-parties to detect pessimists. The ordinary detective

discovers from a ledger or a diary that a crime has been committed. We

discover from a book of sonnets that a crime will be committed. We have

to trace the origin of those dreadful thoughts that drive men on at

last to intellectual fanaticism and intellectual crime. We were only

just in time to prevent the assassination at Hartlepool, and that was

entirely due to the fact that our Mr. Wilks (a smart young fellow)

thoroughly understood a triolet.",Syme,after_quote,,Unknown,False,False,possible_new_turn,review,False
MWT_C00290,70090,70104,2899,2899,"Do you mean,",Syme,after_quote,"asked Syme,",Syme,True,False,attribution_without_continuation_evidence,review,False
MWT_C00291,70117,70211,2899,2901,"that there is really as much connection

between crime and the modern intellect as all that?",Syme,before_quote,,Unknown,False,False,possible_new_turn,review,False
MWT_C00292,70215,70253,2905,2905,"You are not sufficiently democratic,",Syme,before_quote,"answered the policeman,",Unknown,True,False,attribution_without_continuation_evidence,review,False
MWT_C00293,70278,71731,2905,2947,"but you

were right when you said just now that our ordinary treatment of the

poor criminal was a pretty brutal business. I tell you I am sometimes

sick of my trade when I see how perpetually it means merely a war upon

the ignorant and the desperate. But this new movement of ours is a very

different affair. We deny the snobbish English assumption that the

uneducated are the dangerous criminals. We remember the Roman Emperors.

We remember the great poisoning princes of the Renaissance. We say that

the dangerous criminal is the educated criminal. We say that the most

dangerous criminal now is the entirely lawless modern philosopher.

Compared to him, burglars and bigamists are essentially moral men; my

heart goes out to them. They accept the essential ideal of man; they

merely seek it wrongly. Thieves respect property. They merely wish the

property to become their property that they may more perfectly respect

it. But philosophers dislike property as property; they wish to destroy

the very idea of personal possession. Bigamists respect marriage, or

they would not go through the highly ceremonial and even ritualistic

formality of bigamy. But philosophers despise marriage as marriage.

Murderers respect human life; they merely wish to attain a greater

fulness of human life in themselves by the sacrifice of what seems to

them to be lesser lives. But philosophers hate life itself, their own

as much as other people’s.",Syme,before_quote,Syme struck his hands together.,Unknown,False,False,possible_new_turn,review,False
MWT_C00294,71770,71789,2955,2955,"How true that is,",Unknown,none,he cried.,Unknown,True,False,attribution_without_continuation_evidence,review,False
MWT_C00295,71800,72701,2955,2981,"I have felt it from my boyhood, but

never could state the verbal antithesis. The common criminal is a bad

man, but at least he is, as it were, a conditional good man. He says

that if only a certain obstacle be removed—say a wealthy uncle—he is

then prepared to accept the universe and to praise God. He is a

reformer, but not an anarchist. He wishes to cleanse the edifice, but

not to destroy it. But the evil philosopher is not trying to alter

things, but to annihilate them. Yes, the modern world has retained all

those parts of police work which are really oppressive and ignominious,

the harrying of the poor, the spying upon the unfortunate. It has given

up its more dignified work, the punishment of powerful traitors in the

State and powerful heresiarchs in the Church. The moderns say we must

not punish heretics. My only doubt is whether we have a right to punish

anybody else.",Unknown,none,,Unknown,False,False,possible_new_turn,review,False
MWT_C00296,72705,72726,2985,2985,But this is absurd!,Unknown,none,"cried the policeman, clasping his hands with an excitement uncommon in persons of his figure and costume,",Unknown,True,False,attribution_without_continuation_evidence,review,False
MWT_C00297,72834,73173,2987,2997,"but it is

intolerable! I don’t know what you’re doing, but you’re wasting your

life. You must, you shall, join our special army against anarchy. Their

armies are on our frontiers. Their bolt is ready to fall. A moment

more, and you may lose the glory of working with us, perhaps the glory

of dying with the last heroes of the world.",Unknown,none,,Unknown,False,False,possible_new_turn,review,False
MWT_C00298,73177,73222,3001,3001,"It is a chance not to be missed, certainly,",Unknown,none,"assented Syme,",Unknown,False,False,no_explicit_boundary_evidence,review,False
MWT_C00299,73238,73563,3001,3011,"but still

I do not quite understand. I know as well as anybody that the modern

world is full of lawless little men and mad little movements. But,

beastly as they are, they generally have the one merit of disagreeing

with each other. How can you talk of their leading one army or hurling

one bolt. What is this anarchy?",Unknown,none,,Unknown,False,False,possible_new_turn,review,False
MWT_C00300,73567,73587,3015,3015,"Do not confuse it,",Unknown,none,"replied the constable,",Unknown,True,False,attribution_without_continuation_evidence,review,False
MWT_C00301,73611,74626,3015,3043,"with those chance dynamite

outbreaks from Russia or from Ireland, which are really the outbreaks

of oppressed, if mistaken, men. This is a vast philosophic movement,

consisting of an outer and an inner ring. You might even call the outer

ring the laity and the inner ring the priesthood. I prefer to call the

outer ring the innocent section, the inner ring the supremely guilty

section. The outer ring—the main mass of their supporters—are merely

anarchists; that is, men who believe that rules and formulas have

destroyed human happiness. They believe that all the evil results of

human crime are the results of the system that has called it crime.

They do not believe that the crime creates the punishment. They believe

that the punishment has created the crime. They believe that if a man

seduced seven women he would naturally walk away as blameless as the

flowers of spring. They believe that if a man picked a pocket he would

naturally feel exquisitely good. These I call the innocent section.",Syme,after_quote,,Unknown,False,False,possible_new_turn,review,False
MWT_C00302,74630,74635,3047,3047,Oh!,Syme,after_quote,said Syme.,Syme,True,False,attribution_without_continuation_evidence,review,False
MWT_C00303,74650,75022,3051,3061,"Naturally, therefore, these people talk about ‘a happy time coming’;

‘the paradise of the future’; ‘mankind freed from the bondage of vice

and the bondage of virtue,’ and so on. And so also the men of the inner

circle speak—the sacred priesthood. They also speak to applauding

crowds of the happiness of the future, and of mankind freed at last.

But in their mouths",Syme,before_quote,—and the policeman lowered his voice—,Unknown,False,False,no_explicit_boundary_evidence,review,False
MWT_C00304,75059,75753,3061,3085,"in their

mouths these happy phrases have a horrible meaning. They are under no

illusions; they are too intellectual to think that man upon this earth

can ever be quite free of original sin and the struggle. And they mean

death. When they say that mankind shall be free at last, they mean that

mankind shall commit suicide. When they talk of a paradise without

right or wrong, they mean the grave.



“They have but two objects, to destroy first humanity and then

themselves. That is why they throw bombs instead of firing pistols. The

innocent rank and file are disappointed because the bomb has not killed

the king; but the high-priesthood are happy because it has killed

somebody.",Syme,after_quote,,Unknown,False,False,possible_new_turn,review,False
MWT_C00305,75757,75778,3089,3089,How can I join you?,Syme,after_quote,"asked Syme, with a sort of passion.",Syme,True,False,attribution_without_continuation_evidence,review,False
MWT_C00306,75818,75876,3093,3093,"I know for a fact that there is a vacancy at the moment,",Syme,after_quote,"said the policeman,",Unknown,True,False,attribution_without_continuation_evidence,review,False
MWT_C00307,75898,76124,3095,3101,"as I have the honour to be somewhat in the confidence of

the chief of whom I have spoken. You should really come and see him. Or

rather, I should not say see him, nobody ever sees him; but you can

talk to him if you like.",Syme,after_quote,,Unknown,False,False,possible_new_turn,review,False
MWT_C00308,76128,76140,3105,3105,Telephone?,Syme,after_quote,"inquired Syme, with interest.",Syme,True,False,attribution_without_continuation_evidence,review,False
MWT_C00309,76174,76179,3109,3109,"No,",Syme,before_quote,"said the policeman placidly,",Unknown,True,False,attribution_without_continuation_evidence,review,False
MWT_C00310,76209,76323,3109,3113,"he has a fancy for always sitting

in a pitch-dark room. He says it makes his thoughts brighter. Do come

along.",Syme,before_quote,"Somewhat dazed and considerably excited, Syme allowed himself to be led to a side-door in the long row of buildings of Scotland Yard. Almost before he knew what he was doing, he had been passed through the hands of about four intermediate officials, and was suddenly shown into a room, the abrupt blackness of which startled him like a blaze of light. It was not the ordinary darkness, in which forms can be faintly traced; it was like going suddenly stone-blind.",Unknown,False,False,possible_new_turn,review,False
MWT_C00311,76800,76826,3133,3133,Are you the new recruit?,Unknown,none,"asked a heavy voice. And in some strange way, though there was not the shadow of a shape in the gloom, Syme knew two things: first, that it came from a man of massive stature; and second, that the man had his back to him.",Unknown,True,False,attribution_without_continuation_evidence,review,False
MWT_C00312,77057,77083,3145,3145,Are you the new recruit?,Syme,after_quote,"said the invisible chief, who seemed to have heard all about it.",Unknown,True,False,attribution_without_continuation_evidence,review,False
MWT_C00313,77150,77179,3147,3147,All right. You are engaged.,Syme,after_quote,"Syme, quite swept off his feet, made a feeble fight against this irrevocable phrase.",Unknown,False,False,possible_new_turn,review,False
MWT_C00314,77272,77302,3157,3157,"I really have no experience,",Syme,after_quote,he began.,Unknown,False,False,possible_new_turn,review,False
MWT_C00315,77316,77344,3161,3161,"No one has any experience,",Syme,after_quote,"said the other,",Unknown,True,False,attribution_without_continuation_evidence,review,False
MWT_C00316,77361,77392,3161,3163,"of the Battle of

Armageddon.",Syme,after_quote,,Unknown,False,False,possible_new_turn,review,False
MWT_C00317,77396,77420,3167,3167,But I am really unfit—,Syme,after_quote,,Unknown,False,False,possible_new_turn,review,False
MWT_C00318,77424,77458,3171,3171,"You are willing, that is enough,",Syme,after_quote,said the unknown.,Unknown,True,False,attribution_without_continuation_evidence,review,False
MWT_C00319,77480,77495,3175,3175,"Well, really,",Syme,after_quote,"said Syme,",Syme,True,False,attribution_without_continuation_evidence,review,False
MWT_C00320,77507,77582,3175,3177,"I don’t know any profession of which mere

willingness is the final test.",Syme,before_quote,,Unknown,False,False,possible_new_turn,review,False
MWT_C00321,77586,77593,3181,3181,"I do,",Syme,before_quote,said the other—,Unknown,True,False,attribution_without_continuation_evidence,review,False
MWT_C00322,77609,77660,3181,3183,"martyrs. I am condemning you to death. Good

day.",Syme,before_quote,"Thus it was that when Gabriel Syme came out again into the crimson light of evening, in his shabby black hat and shabby, lawless cloak, he came out a member of the New Detective Corps for the frustration of the great conspiracy. Acting under the advice of his friend the policeman (who was professionally inclined to neatness), he trimmed his hair and beard, bought a good hat, clad himself in an exquisite summer suit of light blue-grey, with a pale yellow flower in the button-hole, and, in short, became that elegant and rather insupportable person whom Gregory had first encountered in the little garden of Saffron Park. Before he finally left the police premises his friend provided him with a small blue card, on which was written,",Unknown,False,False,possible_new_turn,review,False
MWT_C00323,78412,78431,3207,3207,"The Last Crusade,",Unknown,none,"and a number, the sign of his official authority. He put this carefully in his upper waistcoat pocket, lit a cigarette, and went forth to track and fight the enemy in all the drawing-rooms of London. Where his adventure ultimately led him we have already seen. At about half-past one on a February night he found himself steaming in a small tug up the silent Thames, armed with swordstick and revolver, the duly elected Thursday of the Central Council of Anarchists. When Syme stepped out on to the steam-tug he had a singular sensation of stepping out into something entirely new; not merely into the landscape of a new land, but even into the landscape of a new planet. This was mainly due to the insane yet solid decision of that evening, though partly also to an entire change in the weather and the sky since he entered the little tavern some two hours before. Every trace of the passionate plumage of the cloudy sunset had been swept away, and a naked moon stood in a naked sk",Unknown,False,False,possible_new_turn,review,False
MWT_C00324,84580,84621,3423,3423,"If we walk up towards Leicester Square,",Syme,after_quote,"he said,",Unknown,True,False,attribution_without_continuation_evidence,review,False
MWT_C00325,84631,84743,3423,3427,"we shall just be in

time for breakfast. Sunday always insists on an early breakfast. Have

you had any sleep?",Syme,after_quote,,Unknown,False,False,possible_new_turn,review,False
MWT_C00326,84747,84752,3431,3431,"No,",Syme,after_quote,said Syme.,Syme,True,False,attribution_without_continuation_evidence,review,False
MWT_C00327,84767,84780,3435,3435,"Nor have I,",Syme,before_quote,answered the man in an ordinary tone.,Unknown,True,False,attribution_without_continuation_evidence,review,False
MWT_C00328,84819,84864,3435,3437,"I shall try to get

to bed after breakfast.",Syme,before_quote,"He spoke with casual civility, but in an utterly dead voice that contradicted the fanaticism of his face. It seemed almost as if all friendly words were to him lifeless conveniences, and that his only life was hate. After a pause the man spoke again.",Unknown,False,False,possible_new_turn,review,False
MWT_C00329,85125,86000,3451,3475,"Of course, the Secretary of the branch told you everything that can be

told. But the one thing that can never be told is the last notion of

the President, for his notions grow like a tropical forest. So in case

you don’t know, I’d better tell you that he is carrying out his notion

of concealing ourselves by not concealing ourselves to the most

extraordinary lengths just now. Originally, of course, we met in a cell

underground, just as your branch does. Then Sunday made us take a

private room at an ordinary restaurant. He said that if you didn’t seem

to be hiding nobody hunted you out. Well, he is the only man on earth,

I know; but sometimes I really think that his huge brain is going a

little mad in its old age. For now we flaunt ourselves before the

public. We have our breakfast on a balcony—on a balcony, if you

please—overlooking Leicester Square.",Syme,after_quote,,Unknown,False,False,possible_new_turn,review,False
MWT_C00330,86004,86033,3479,3479,And what do the people say?,Syme,after_quote,asked Syme.,Syme,True,False,attribution_without_continuation_evidence,review,False
MWT_C00331,86049,86083,3483,3483,"It’s quite simple what they say,",Syme,after_quote,answered his guide.,Unknown,True,False,attribution_without_continuation_evidence,review,False
MWT_C00332,86104,86180,3483,3485,"They say we are

a lot of jolly gentlemen who pretend they are anarchists.",Syme,after_quote,,Unknown,False,False,possible_new_turn,review,False
MWT_C00333,86184,86220,3489,3489,"It seems to me a very clever idea,",Syme,after_quote,said Syme.,Syme,True,False,attribution_without_continuation_evidence,review,False
MWT_C00334,86235,86278,3493,3493,Clever! God blast your impudence! Clever!,Syme,before_quote,"cried out the other in a sudden, shrill voice which was as startling and discordant as his crooked smile.",Unknown,True,False,attribution_without_continuation_evidence,review,False
MWT_C00335,86387,86469,3497,3499,"When you’ve seen Sunday for a split second you’ll leave

off calling him clever.",Syme,before_quote,"With this they emerged out of a narrow street, and saw the early sunlight filling Leicester Square. It will never be known, I suppose, why this square itself should look so alien and in some ways so continental. It will never be known whether it was the foreign look that attracted the foreigners or the foreigners who gave it the foreign look. But on this particular morning the effect seemed singularly bright and clear. Between the open square and the sunlit leaves and the statue and the Saracenic outlines of the Alhambra, it looked the replica of some French or even Spanish public place. And this effect increased in Syme the sensation, which in many shapes he had had through the whole adventure, the eerie sensation of having strayed into a new world. As a fact, he had bought bad cigars round Leicester Square ever since he was a boy. But as he turned that corner, and saw the trees and the Moorish cupolas, he could have sworn that he was turning into an unknown Place de",Unknown,True,False,attribution_without_continuation_evidence,review,False
MWT_C00336,89613,89648,3603,3603,"The gentlemen are up there, sare,",Unknown,none,he said.,Unknown,True,False,attribution_without_continuation_evidence,review,False
MWT_C00337,89658,89756,3603,3605,"They do talk and they do

laugh at what they talk. They do say they will throw bombs at ze king.",Unknown,none,"And the waiter hurried away with a napkin over his arm, much pleased with the singular frivolity of the gentlemen upstairs. The two men mounted the stairs in silence. Syme had never thought of asking whether the monstrous man who almost filled and broke the balcony was the great President of whom the others stood in awe. He knew it was so, with an unaccountable but instantaneous certainty. Syme, indeed, was one of those men who are open to all the more nameless psychological influences in a degree a little dangerous to mental health. Utterly devoid of fear in physical dangers, he was a great deal too sensitive to the smell of spiritual evil. Twice already that night little unmeaning things had peeped out at him almost pruriently, and given him a sense of drawing nearer and nearer to the head-quarters of hell. And this sense became overpowering as he drew nearer to the great President. The form it took was a childish and yet hateful fancy. As he walked across th",Unknown,True,False,attribution_without_continuation_evidence,review,False
MWT_C00338,93011,93032,3721,3721,"Our friend Tuesday,",Unknown,none,"said the President in a deep voice at once of quietude and volume,",Unknown,True,False,attribution_without_continuation_evidence,review,False
MWT_C00339,93101,93706,3723,3741,"our friend Tuesday doesn’t seem to grasp the

idea. He dresses up like a gentleman, but he seems to be too great a

soul to behave like one. He insists on the ways of the stage

conspirator. Now if a gentleman goes about London in a top hat and a

frock-coat, no one need know that he is an anarchist. But if a

gentleman puts on a top hat and a frock-coat, and then goes about on

his hands and knees—well, he may attract attention. That’s what Brother

Gogol does. He goes about on his hands and knees with such

inexhaustible diplomacy, that by this time he finds it quite difficult

to walk upright.",Unknown,none,,Unknown,False,False,possible_new_turn,review,False
MWT_C00340,93710,93741,3745,3745,"I am not good at concealment,",Unknown,none,"said Gogol sulkily, with a thick foreign accent;",Unknown,True,False,attribution_without_continuation_evidence,review,False
MWT_C00341,93792,93824,3747,3747,I am not ashamed of the cause.,Unknown,none,,Unknown,False,False,possible_new_turn,review,False
MWT_C00342,93828,93878,3751,3751,"Yes you are, my boy, and so is the cause of you,",Unknown,none,said the President good-naturedly.,Unknown,True,False,attribution_without_continuation_evidence,review,False
MWT_C00343,93915,94324,3753,3763,"You hide as much as anybody; but you can’t do it, you

see, you’re such an ass! You try to combine two inconsistent methods.

When a householder finds a man under his bed, he will probably pause to

note the circumstance. But if he finds a man under his bed in a top

hat, you will agree with me, my dear Tuesday, that he is not likely

even to forget it. Now when you were found under Admiral Biffin’s bed—",Unknown,none,,Unknown,False,False,possible_new_turn,review,False
MWT_C00344,94328,94357,3767,3767,"I am not good at deception,",Unknown,none,"said Tuesday gloomily, flushing.",Unknown,True,False,attribution_without_continuation_evidence,review,False
MWT_C00345,94394,94417,3771,3771,"Right, my boy, right,",Unknown,none,"said the President with a ponderous heartiness,",Unknown,True,False,attribution_without_continuation_evidence,review,False
MWT_C00346,94467,94497,3773,3773,you aren’t good at anything.,Unknown,none,"While this stream of conversation continued, Syme was looking more steadily at the men around him. As he did so, he gradually felt all his sense of something spiritually queer return. He had thought at first that they were all of common stature and costume, with the evident exception of the hairy Gogol. But as he looked at the others, he began to see in each of them exactly what he had seen in the man by the river, a demoniac detail somewhere. That lop-sided laugh, which would suddenly disfigure the fine face of his original guide, was typical of all these types. Each man had something about him, perceived perhaps at the tenth or twentieth glance, which was not normal, and which seemed hardly human. The only metaphor he could think of was this, that they all looked as men of fashion and presence would look, with the additional twist given in a false and curved mirror. Only the individual examples will express this half-concealed eccentricity. Syme’s original cice",Unknown,True,False,attribution_without_continuation_evidence,review,False
MWT_C00347,107338,107362,4197,4197,"I have often wondered,",Unknown,none,"said the Marquis, taking a great bite out of a slice of bread and jam,",Unknown,True,False,attribution_without_continuation_evidence,review,False
MWT_C00348,107435,107650,4199,4205,"whether it wouldn’t be better for me to do it

with a knife. Most of the best things have been brought off with a

knife. And it would be a new emotion to get a knife into a French

President and wriggle it round.",Unknown,none,,Unknown,False,False,possible_new_turn,review,False
MWT_C00349,107654,107670,4209,4209,"You are wrong,",Unknown,none,"said the Secretary, drawing his black brows together.",Unknown,True,False,attribution_without_continuation_evidence,review,False
MWT_C00350,107726,108084,4211,4221,"The knife was merely the expression of the old personal quarrel with a

personal tyrant. Dynamite is not only our best tool, but our best

symbol. It is as perfect a symbol of us as is incense of the prayers of

the Christians. It expands; it only destroys because it broadens; even

so, thought only destroys because it broadens. A man’s brain is a

bomb,",Unknown,none,"he cried out, loosening suddenly his strange passion and striking his own skull with violence.",Unknown,True,False,attribution_without_continuation_evidence,review,False
MWT_C00351,108181,108316,4223,4227,"My brain feels like a bomb,

night and day. It must expand! It must expand! A man’s brain must

expand, if it breaks up the universe.",Unknown,none,,Unknown,False,False,possible_new_turn,review,False
MWT_C00352,108320,108367,4231,4231,"I don’t want the universe broken up just yet,",Unknown,none,drawled the Marquis.,Unknown,False,False,possible_new_turn,review,False
MWT_C00353,108389,108478,4231,4235,"I

want to do a lot of beastly things before I die. I thought of one

yesterday in bed.",Unknown,none,,Unknown,False,False,possible_new_turn,review,False
MWT_C00354,108482,108528,4239,4239,"No, if the only end of the thing is nothing,",Unknown,none,"said Dr. Bull with his sphinx-like smile,",Unknown,True,False,attribution_without_continuation_evidence,review,False
MWT_C00355,108572,108602,4241,4241,it hardly seems worth doing.,Unknown,none,The old Professor was staring at the ceiling with dull eyes.,Unknown,False,False,possible_new_turn,review,False
MWT_C00356,108670,108701,4249,4249,"Every man knows in his heart,",Unknown,none,"he said,",Unknown,True,False,attribution_without_continuation_evidence,review,False
MWT_C00357,108711,108741,4249,4249,that nothing is worth doing.,Unknown,none,"There was a singular silence, and then the Secretary said—",Unknown,True,False,attribution_without_continuation_evidence,review,False
MWT_C00358,108807,109078,4257,4263,"We are wandering, however, from the point. The only question is how

Wednesday is to strike the blow. I take it we should all agree with the

original notion of a bomb. As to the actual arrangements, I should

suggest that tomorrow morning he should go first of all to—",Unknown,none,"The speech was broken off short under a vast shadow. President Sunday had risen to his feet, seeming to fill the sky above them.",Unknown,False,False,possible_new_turn,review,False
MWT_C00359,109215,109240,4273,4273,"Before we discuss that,",Unknown,none,"he said in a small, quiet voice,",Unknown,True,False,attribution_without_continuation_evidence,review,False
MWT_C00360,109274,109348,4273,4275,"let us go

into a private room. I have something very particular to say.",Unknown,none,"Syme stood up before any of the others. The instant of choice had come at last, the pistol was at his head. On the pavement before he could hear the policeman idly stir and stamp, for the morning, though bright, was cold. A barrel-organ in the street suddenly sprang with a jerk into a jovial tune. Syme stood up taut, as if it had been a bugle before the battle. He found himself filled with a supernatural courage that came from nowhere. That jingling music seemed full of the vivacity, the vulgarity, and the irrational valour of the poor, who in all those unclean streets were all clinging to the decencies and the charities of Christendom. His youthful prank of being a policeman had faded from his mind; he did not think of himself as the representative of the corps of gentlemen turned into fancy constables, or of the old eccentric who lived in the dark room. But he did feel himself as the ambassador of all these common and kindly people in the street, who every day mar",Unknown,False,False,possible_new_turn,review,False
MWT_C00361,111241,111282,4339,4339,"Païens ont tort et Chrétiens ont droit,",Unknown,none,"which in the old nasal French has the clang and groan of great iron. This liberation of his spirit from the load of his weakness went with a quite clear decision to embrace death. If the people of the barrel-organ could keep their old-world obligations, so could he. This very pride in keeping his word was that he was keeping it to miscreants. It was his last triumph over these lunatics to go down into their dark room and die for something that they could not even understand. The barrel-organ seemed to give the marching tune with the energy and the mingled noises of a whole orchestra; and he could hear deep and rolling, under all the trumpets of the pride of life, the drums of the pride of death. The conspirators were already filing through the open window and into the rooms behind. Syme went last, outwardly calm, but with all his brain and body throbbing with romantic rhythm. The President led them down an irregular side stair, such as might be used by servants, and",Unknown,False,False,possible_new_turn,review,False
MWT_C00362,112531,112542,4389,4389,Zso! Zso!,Unknown,none,"he cried, with an obscure excitement, his heavy Polish accent becoming almost impenetrable.",Unknown,True,False,attribution_without_continuation_evidence,review,False
MWT_C00363,112636,112772,4391,4395,"You zay you nod ’ide. You zay you

show himselves. It is all nuzzinks. Ven you vant talk importance you

run yourselves in a dark box!",Unknown,none,The President seemed to take the foreigner’s incoherent satire with entire good humour.,Unknown,False,False,possible_new_turn,review,False
MWT_C00364,112868,112906,4405,4405,"You can’t get hold of it yet, Gogol,",Unknown,none,he said in a fatherly way.,Unknown,True,False,attribution_without_continuation_evidence,review,False
MWT_C00365,112934,113169,4405,4413,"When

once they have heard us talking nonsense on that balcony they will not

care where we go afterwards. If we had come here first, we should have

had the whole staff at the keyhole. You don’t seem to know anything

about mankind.",Unknown,none,,Unknown,False,False,possible_new_turn,review,False
MWT_C00366,113173,113189,4417,4417,"I die for zem,",Unknown,none,"cried the Pole in thick excitement,",Unknown,True,False,attribution_without_continuation_evidence,review,False
MWT_C00367,113226,113343,4417,4421,"and I slay zare

oppressors. I care not for these games of gonzealment. I would zmite ze

tyrant in ze open square.",Unknown,none,,Unknown,False,False,possible_new_turn,review,False
MWT_C00368,113347,113362,4425,4425,"I see, I see,",Unknown,none,"said the President, nodding kindly as he seated himself at the top of a long table.",Unknown,True,False,attribution_without_continuation_evidence,review,False
MWT_C00369,113448,113737,4427,4435,"You die for mankind first, and then you

get up and smite their oppressors. So that’s all right. And now may I

ask you to control your beautiful sentiments, and sit down with the

other gentlemen at this table. For the first time this morning

something intelligent is going to be said.",Unknown,none,"Syme, with the perturbed promptitude he had shown since the original summons, sat down first. Gogol sat down last, grumbling in his brown beard about gombromise. No one except Syme seemed to have any notion of the blow that was about to fall. As for him, he had merely the feeling of a man mounting the scaffold with the intention, at any rate, of making a good speech.",Unknown,False,False,possible_new_turn,review,False
MWT_C00370,114119,114130,4453,4453,"Comrades,",Unknown,none,"said the President, suddenly rising,",Unknown,True,False,attribution_without_continuation_evidence,review,False
MWT_C00371,114168,114663,4453,4467,"we have spun out this

farce long enough. I have called you down here to tell you something so

simple and shocking that even the waiters upstairs (long inured to our

levities) might hear some new seriousness in my voice. Comrades, we

were discussing plans and naming places. I propose, before saying

anything else, that those plans and places should not be voted by this

meeting, but should be left wholly in the control of some one reliable

member. I suggest Comrade Saturday, Dr. Bull.",Unknown,none,"They all stared at him; then they all started in their seats, for the next words, though not loud, had a living and sensational emphasis. Sunday struck the table.",Unknown,False,False,possible_new_turn,review,False
MWT_C00372,114835,114998,4479,4483,"Not one word more about the plans and places must be said at this

meeting. Not one tiny detail more about what we mean to do must be

mentioned in this company.",Unknown,none,"Sunday had spent his life in astonishing his followers; but it seemed as if he had never really astonished them until now. They all moved feverishly in their seats, except Syme. He sat stiff in his, with his hand in his pocket, and on the handle of his loaded revolver. When the attack on him came he would sell his life dear. He would find out at least if the President was mortal. Sunday went on smoothly—",Unknown,False,False,possible_new_turn,review,False
MWT_C00373,115421,115792,4505,4515,"You will probably understand that there is only one possible motive

for forbidding free speech at this festival of freedom. Strangers

overhearing us matters nothing. They assume that we are joking. But

what would matter, even unto death, is this, that there should be one

actually among us who is not of us, who knows our grave purpose, but

does not share it, who—",Unknown,none,The Secretary screamed out suddenly like a woman.,Unknown,False,False,possible_new_turn,review,False
MWT_C00374,115849,115863,4523,4523,It can’t be!,Unknown,none,"he cried, leaping.",Unknown,True,False,attribution_without_continuation_evidence,review,False
MWT_C00375,115883,115897,4523,4523,There can’t—,Unknown,none,The President flapped his large flat hand on the table like the fin of some huge fish.,Unknown,False,False,possible_new_turn,review,False
MWT_C00376,115992,115998,4533,4533,"Yes,",Unknown,none,"he said slowly,",Unknown,True,False,attribution_without_continuation_evidence,review,False
MWT_C00377,116015,116118,4533,4535,"there is a spy in this room. There is a traitor

at this table. I will waste no more words. His name—",Unknown,none,"Syme half rose from his seat, his finger firm on the trigger.",Unknown,False,False,possible_new_turn,review,False
MWT_C00378,116187,116207,4543,4543,"His name is Gogol,",Unknown,none,said the President.,Unknown,True,False,attribution_without_continuation_evidence,review,False
MWT_C00379,116228,116292,4543,4545,"He is that hairy humbug over

there who pretends to be a Pole.",Unknown,none,"Gogol sprang to his feet, a pistol in each hand. With the same flash three men sprang at his throat. Even the Professor made an effort to rise. But Syme saw little of the scene, for he was blinded with a beneficent darkness; he had sunk down into his seat shuddering, in a palsy of passionate relief. CHAPTER VII. THE UNACCOUNTABLE CONDUCT OF PROFESSOR DE WORMS",Unknown,False,False,possible_new_turn,review,False
MWT_C00380,116677,116688,4575,4575,Sit down!,Unknown,none,"said Sunday in a voice that he used once or twice in his life, a voice that made men drop drawn swords. The three who had risen fell away from Gogol, and that equivocal person himself resumed his seat.",Unknown,True,False,attribution_without_continuation_evidence,review,False
MWT_C00381,116899,116914,4587,4587,"Well, my man,",Unknown,none,"said the President briskly, addressing him as one addresses a total stranger,",Unknown,True,False,attribution_without_continuation_evidence,review,False
MWT_C00382,116994,117103,4589,4591,"will you oblige me by putting your hand in

your upper waistcoat pocket and showing me what you have there?",Unknown,none,"The alleged Pole was a little pale under his tangle of dark hair, but he put two fingers into the pocket with apparent coolness and pulled out a blue strip of card. When Syme saw it lying on the table, he woke up again to the world outside him. For although the card lay at the other extreme of the table, and he could read nothing of the inscription on it, it bore a startling resemblance to the blue card in his own pocket, the card which had been given to him when he joined the anti-anarchist constabulary.",Unknown,False,False,possible_new_turn,review,False
MWT_C00383,117628,117644,4613,4613,"Pathetic Slav,",Unknown,none,"said the President,",Unknown,True,False,attribution_without_continuation_evidence,review,False
MWT_C00384,117665,117799,4613,4617,"tragic child of Poland, are you

prepared in the presence of that card to deny that you are in this

company—shall we say _de trop?_",Unknown,none,,Unknown,False,False,possible_new_turn,review,False
MWT_C00385,117803,117814,4621,4621,Right oh!,Unknown,none,"said the late Gogol. It made everyone jump to hear a clear, commercial and somewhat cockney voice coming out of that forest of foreign hair. It was irrational, as if a Chinaman had suddenly spoken with a Scotch accent.",Unknown,True,False,attribution_without_continuation_evidence,review,False
MWT_C00386,118040,118091,4631,4631,"I gather that you fully understand your position,",Unknown,none,said Sunday.,Unknown,True,False,attribution_without_continuation_evidence,review,False
MWT_C00387,118108,118118,4635,4635,"You bet,",Unknown,none,answered the Pole.,Unknown,True,False,attribution_without_continuation_evidence,review,False
MWT_C00388,118138,118248,4635,4637,"I see it’s a fair cop. All I say is, I

don’t believe any Pole could have imitated my accent like I did his.",Unknown,none,,Unknown,False,False,possible_new_turn,review,False
MWT_C00389,118252,118274,4641,4641,"I concede the point,",Unknown,none,said Sunday.,Unknown,True,False,attribution_without_continuation_evidence,review,False
MWT_C00390,118288,118421,4641,4645,"I believe your own accent to be

inimitable, though I shall practise it in my bath. Do you mind leaving

your beard with your card?",Unknown,none,,Unknown,False,False,possible_new_turn,review,False
MWT_C00391,118425,118437,4649,4649,"Not a bit,",Unknown,none,"answered Gogol; and with one finger he ripped off the whole of his shaggy head-covering, emerging with thin red hair and a pale, pert face.",Unknown,True,False,attribution_without_continuation_evidence,review,False
MWT_C00392,118580,118593,4653,4653,"It was hot,",Unknown,none,he added.,Unknown,True,False,attribution_without_continuation_evidence,review,False
MWT_C00393,118607,118642,4657,4657,"I will do you the justice to say,",Unknown,none,"said Sunday, not without a sort of brutal admiration,",Unknown,True,False,attribution_without_continuation_evidence,review,False
MWT_C00394,118698,119085,4659,4669,"that you seem to have kept pretty cool under it.

Now listen to me. I like you. The consequence is that it would annoy me

for just about two and a half minutes if I heard that you had died in

torments. Well, if you ever tell the police or any human soul about us,

I shall have that two and a half minutes of discomfort. On your

discomfort I will not dwell. Good day. Mind the step.",Unknown,none,"The red-haired detective who had masqueraded as Gogol rose to his feet without a word, and walked out of the room with an air of perfect nonchalance. Yet the astonished Syme was able to realise that this ease was suddenly assumed; for there was a slight stumble outside the door, which showed that the departing detective had not minded the step.",Unknown,False,False,possible_new_turn,review,False
MWT_C00395,119443,119460,4685,4685,"Time is flying,",Unknown,none,"said the President in his gayest manner, after glancing at his watch, which like everything about him seemed bigger than it ought to be.",Unknown,True,False,attribution_without_continuation_evidence,review,False
MWT_C00396,119600,119677,4689,4691,"I must go off at once; I have to take the chair

at a Humanitarian meeting.",Unknown,none,The Secretary turned to him with working eyebrows.,Unknown,False,False,possible_new_turn,review,False
MWT_C00397,119735,119760,4699,4699,"Would it not be better,",Unknown,none,"he said a little sharply,",Unknown,True,False,attribution_without_continuation_evidence,review,False
MWT_C00398,119787,119866,4699,4701,"to discuss further

the details of our project, now that the spy has left us?",Unknown,none,,Unknown,False,False,possible_new_turn,review,False
MWT_C00399,119870,119888,4705,4705,"No, I think not,",Unknown,none,said the President with a yawn like an unobtrusive earthquake.,Unknown,True,False,attribution_without_continuation_evidence,review,False
MWT_C00400,119953,120041,4707,4709,"Leave it as it is. Let Saturday settle it. I must be off.

Breakfast here next Sunday.",Unknown,none,But the late loud scenes had whipped up the almost naked nerves of the Secretary. He was one of those men who are conscientious even in crime.,Unknown,False,False,possible_new_turn,review,False
MWT_C00401,120192,120249,4719,4719,"I must protest, President, that the thing is irregular,",Unknown,none,he said.,Unknown,True,False,attribution_without_continuation_evidence,review,False
MWT_C00402,120259,120441,4719,4725,"It

is a fundamental rule of our society that all plans shall be debated in

full council. Of course, I fully appreciate your forethought when in

the actual presence of a traitor—",Unknown,none,,Unknown,False,False,possible_new_turn,review,False
MWT_C00403,120445,120457,4729,4729,"Secretary,",Unknown,none,"said the President seriously,",Unknown,True,False,attribution_without_continuation_evidence,review,False
MWT_C00404,120488,120592,4729,4733,"if you’d take your head

home and boil it for a turnip it might be useful. I can’t say. But it

might.",Unknown,none,The Secretary reared back in a kind of equine anger.,Unknown,False,False,possible_new_turn,review,False
MWT_C00405,120652,120682,4741,4741,I really fail to understand—,Unknown,none,he began in high offense.,Unknown,False,False,possible_new_turn,review,False
MWT_C00406,120712,120735,4745,4745,"That’s it, that’s it,",Unknown,none,"said the President, nodding a great many times.",Unknown,True,False,attribution_without_continuation_evidence,review,False
MWT_C00407,120785,120872,4747,4749,"That’s where you fail right enough. You fail to understand. Why, you

dancing donkey,",Unknown,none,"he roared, rising,",Unknown,False,False,no_explicit_boundary_evidence,review,False
MWT_C00408,120892,120990,4749,4751,"you didn’t want to be overheard by

a spy, didn’t you? How do you know you aren’t overheard now?",Unknown,none,"And with these words he shouldered his way out of the room, shaking with incomprehensible scorn. Four of the men left behind gaped after him without any apparent glimmering of his meaning. Syme alone had even a glimmering, and such as it was it froze him to the bone. If the last words of the President meant anything, they meant that he had not after all passed unsuspected. They meant that while Sunday could not denounce him like Gogol, he still could not trust him like the others. The other four got to their feet grumbling more or less, and betook themselves elsewhere to find lunch, for it was already well past midday. The Professor went last, very slowly and painfully. Syme sat long after the rest had gone, revolving his strange position. He had escaped a thunderbolt, but he was still under a cloud. At last he rose and made his way out of the hotel into Leicester Square. The bright, cold day had grown increasingly colder, and when he came out into the street he",Unknown,False,False,possible_new_turn,review,False
MWT_C00409,125857,125895,4913,4913,Can that old corpse be following me?,Unknown,none,"he asked himself, biting his yellow moustache.",Unknown,True,False,attribution_without_continuation_evidence,review,False
MWT_C00410,125944,126242,4915,4923,"I stopped too long up in that room, so that even

such leaden feet could catch me up. One comfort is, with a little brisk

walking I can put a man like that as far away as Timbuctoo. Or am I too

fanciful? Was he really following me? Surely Sunday would not be such a

fool as to send a lame man?",Unknown,none,"He set off at a smart pace, twisting and whirling his stick, in the direction of Covent Garden. As he crossed the great market the snow increased, growing blinding and bewildering as the afternoon began to darken. The snow-flakes tormented him like a swarm of silver bees. Getting into his eyes and beard, they added their unremitting futility to his already irritated nerves; and by the time that he had come at a swinging pace to the beginning of Fleet Street, he lost patience, and finding a Sunday teashop, turned into it to take shelter. He ordered another cup of black coffee as an excuse. Scarcely had he done so, when Professor de Worms hobbled heavily into the shop, sat down with difficulty and ordered a glass of milk. Syme’s walking-stick had fallen from his hand with a great clang, which confessed the concealed steel. But the Professor did not look round. Syme, who was commonly a cool character, was literally gaping as a rustic gapes at a conjuring trick. He had",Unknown,True,False,attribution_without_continuation_evidence,review,False
MWT_C00411,132796,132838,5137,5137,the crooked man who went a crooked mile.,Unknown,none,"He really looked as if he had been twisted out of shape by the tortuous streets he had been threading. He came nearer and nearer, the lamplight shining on his lifted spectacles, his lifted, patient face. Syme waited for him as St. George waited for the dragon, as a man waits for a final explanation or for death. And the old Professor came right up to him and passed him like a total stranger, without even a blink of his mournful eyelids. There was something in this silent and unexpected innocence that left Syme in a final fury. The man’s colourless face and manner seemed to assert that the whole following had been an accident. Syme was galvanised with an energy that was something between bitterness and a burst of boyish derision. He made a wild gesture as if to knock the old man’s hat off, called out something like",Unknown,True,False,attribution_without_continuation_evidence,review,False
MWT_C00412,133679,133701,5163,5163,"Catch me if you can,",Unknown,none,"and went racing away across the white, open Circus. Concealment was impossible now; and looking back over his shoulder, he could see the black figure of the old gentleman coming after him with long, swinging strides like a man winning a mile race. But the head upon that bounding body was still pale, grave and professional, like the head of a lecturer upon the body of a harlequin. This outrageous chase sped across Ludgate Circus, up Ludgate Hill, round St. Paul’s Cathedral, along Cheapside, Syme remembering all the nightmares he had ever known. Then Syme broke away towards the river, and ended almost down by the docks. He saw the yellow panes of a low, lighted public-house, flung himself into it and ordered beer. It was a foul tavern, sprinkled with foreign sailors, a place where opium might be smoked or knives drawn. A moment later Professor de Worms entered the place, sat down carefully, and asked for a glass of milk. CHAPTER VIII. THE PROFESSOR EXPLAINS",Unknown,True,False,attribution_without_continuation_evidence,review,False
MWT_C00413,136054,136076,5259,5259,Are you a policeman?,Unknown,none,"Whatever else Syme had expected, he had never expected anything so brutal and actual as this. Even his great presence of mind could only manage a reply with an air of rather blundering jocularity.",Unknown,False,False,possible_new_turn,review,False
MWT_C00414,136282,136296,5271,5271,A policeman?,Syme,after_quote,"he said, laughing vaguely.",Unknown,True,False,attribution_without_continuation_evidence,review,False
MWT_C00415,136324,136388,5271,5273,"Whatever made you think of a

policeman in connection with me?",Syme,after_quote,,Unknown,False,False,possible_new_turn,review,False
MWT_C00416,136392,136424,5277,5277,"The process was simple enough,",Syme,after_quote,answered the Professor patiently.,Unknown,True,False,attribution_without_continuation_evidence,review,False
MWT_C00417,136459,136516,5277,5279,"I

thought you looked like a policeman. I think so now.",Syme,after_quote,,Unknown,False,False,possible_new_turn,review,False
MWT_C00418,136520,136584,5283,5283,Did I take a policeman’s hat by mistake out of the restaurant?,Syme,after_quote,"asked Syme, smiling wildly.",Syme,True,False,attribution_without_continuation_evidence,review,False
MWT_C00419,136614,136770,5285,5289,"Have I by any chance got a number stuck on to me

somewhere? Have my boots got that watchful look? Why must I be a

policeman? Do, do let me be a postman.",Syme,before_quote,"The old Professor shook his head with a gravity that gave no hope, but Syme ran on with a feverish irony.",Unknown,False,False,possible_new_turn,review,False
MWT_C00420,136884,137351,5299,5311,"But perhaps I misunderstood the delicacies of your German philosophy.

Perhaps policeman is a relative term. In an evolutionary sense, sir,

the ape fades so gradually into the policeman, that I myself can never

detect the shade. The monkey is only the policeman that may be. Perhaps

a maiden lady on Clapham Common is only the policeman that might have

been. I don’t mind being the policeman that might have been. I don’t

mind being anything in German thought.",Syme,before_quote,,Unknown,False,False,possible_new_turn,review,False
MWT_C00421,137355,137387,5315,5315,Are you in the police service?,Syme,after_quote,"said the old man, ignoring all Syme’s improvised and desperate raillery.",Unknown,True,False,attribution_without_continuation_evidence,review,False
MWT_C00422,137462,137484,5317,5317,Are you a detective?,Syme,after_quote,"Syme’s heart turned to stone, but his face never changed.",Unknown,False,False,possible_new_turn,review,False
MWT_C00423,137549,137581,5325,5325,"Your suggestion is ridiculous,",Syme,after_quote,he began.,Unknown,False,False,possible_new_turn,review,False
MWT_C00424,137592,137607,5325,5325,Why on earth—,Syme,after_quote,"The old man struck his palsied hand passionately on the rickety table, nearly breaking it.",Unknown,False,False,possible_new_turn,review,False
MWT_C00425,137706,137764,5335,5335,"Did you hear me ask a plain question, you pattering spy?",Syme,after_quote,"he shrieked in a high, crazy voice.",Unknown,False,False,possible_new_turn,review,False
MWT_C00426,137802,137848,5337,5337,"Are you, or are you not, a police detective?",Syme,after_quote,,Unknown,False,False,possible_new_turn,review,False
MWT_C00427,137852,137857,5341,5341,No!,Syme,after_quote,"answered Syme, like a man standing on the hangman’s drop.",Syme,True,False,attribution_without_continuation_evidence,review,False
MWT_C00428,137919,137934,5345,5345,"You swear it,",Syme,before_quote,"said the old man, leaning across to him, his dead face becoming as it were loathsomely alive.",Unknown,True,False,attribution_without_continuation_evidence,review,False
MWT_C00429,138030,138374,5347,5357,"You swear it! You swear it! If

you swear falsely, will you be damned? Will you be sure that the devil

dances at your funeral? Will you see that the nightmare sits on your

grave? Will there really be no mistake? You are an anarchist, you are a

dynamiter! Above all, you are not in any sense a detective? You are not

in the British police?",Syme,after_quote,"He leant his angular elbow far across the table, and put up his large loose hand like a flap to his ear.",Unknown,False,False,possible_new_turn,review,False
MWT_C00430,138487,138520,5367,5367,"I am not in the British police,",Syme,after_quote,said Syme with insane calm. Professor de Worms fell back in his chair with a curious air of kindly collapse.,Syme,True,False,attribution_without_continuation_evidence,review,False
MWT_C00431,138637,138653,5377,5377,"That’s a pity,",Syme,before_quote,"he said,",Unknown,True,False,attribution_without_continuation_evidence,review,False
MWT_C00432,138663,138678,5377,5377,because I am.,Syme,before_quote,"Syme sprang up straight, sending back the bench behind him with a crash.",Unknown,False,False,possible_new_turn,review,False
MWT_C00433,138759,138782,5387,5387,Because you are what?,Syme,before_quote,he said thickly.,Unknown,True,False,attribution_without_continuation_evidence,review,False
MWT_C00434,138800,138815,5387,5387,You are what?,Syme,before_quote,,Unknown,False,False,possible_new_turn,review,False
MWT_C00435,138819,138838,5391,5391,"I am a policeman,",Syme,before_quote,"said the Professor with his first broad smile, and beaming through his spectacles.",Unknown,True,False,attribution_without_continuation_evidence,review,False
MWT_C00436,138923,139198,5393,5401,"But as you think policeman only a

relative term, of course I have nothing to do with you. I am in the

British police force; but as you tell me you are not in the British

police force, I can only say that I met you in a dynamiters’ club. I

suppose I ought to arrest you.",Syme,before_quote,"And with these words he laid on the table before Syme an exact facsimile of the blue card which Syme had in his own waistcoat pocket, the symbol of his power from the police. Syme had for a flash the sensation that the cosmos had turned exactly upside down, that all trees were growing downwards and that all stars were under his feet. Then came slowly the opposite conviction. For the last twenty-four hours the cosmos had really been upside down, but now the capsized universe had come right side up again. This devil from whom he had been fleeing all day was only an elder brother of his own house, who on the other side of the table lay back and laughed at him. He did not for the moment ask any questions of detail; he only knew the happy and silly fact that this shadow, which had pursued him with an intolerable oppression of peril, was only the shadow of a friend trying to catch him up. He knew simultaneously that he was a fool and a free man. For with any recovery from mo",Unknown,True,False,attribution_without_continuation_evidence,review,False
MWT_C00437,140973,141005,5461,5461,"What yer laughing at, guv’nor?",Syme,after_quote,asked one wondering labourer from the docks.,Unknown,True,False,attribution_without_continuation_evidence,review,False
MWT_C00438,141055,141067,5467,5467,"At myself,",Syme,after_quote,"answered Syme, and went off again into the agony of his ecstatic reaction.",Syme,True,False,attribution_without_continuation_evidence,review,False
MWT_C00439,141147,141172,5473,5473,"Pull yourself together,",Syme,after_quote,"said the Professor,",Unknown,True,False,attribution_without_continuation_evidence,review,False
MWT_C00440,141193,141257,5473,5475,"or you’ll get

hysterical. Have some more beer. I’ll join you.",Syme,after_quote,,Unknown,False,False,possible_new_turn,review,False
MWT_C00441,141261,141291,5479,5479,"You haven’t drunk your milk,",Syme,after_quote,said Syme.,Syme,True,False,attribution_without_continuation_evidence,review,False
MWT_C00442,141306,141316,5483,5483,My milk!,Syme,before_quote,"said the other, in tones of withering and unfathomable contempt,",Unknown,True,False,attribution_without_continuation_evidence,review,False
MWT_C00443,141383,141537,5485,5489,"my milk! Do you think I’d look at the beastly stuff when I’m

out of sight of the bloody anarchists? We’re all Christians in this

room, though perhaps,",Syme,before_quote,"he added, glancing around at the reeling crowd,",Unknown,True,False,attribution_without_continuation_evidence,review,False
MWT_C00444,141587,141670,5491,5493,"not strict ones. Finish my milk? Great blazes! yes, I’ll finish it

right enough!",Syme,after_quote,"and he knocked the tumbler off the table, making a crash of glass and a splash of silver fluid. Syme was staring at him with a happy curiosity.",Unknown,False,False,possible_new_turn,review,False
MWT_C00445,141822,141841,5503,5503,"I understand now,",Syme,after_quote,he cried;,Unknown,True,False,attribution_without_continuation_evidence,review,False
MWT_C00446,141852,141895,5503,5505,"of course, you’re not an old man at

all.",Syme,after_quote,,Unknown,False,False,possible_new_turn,review,False
MWT_C00447,141899,141931,5509,5509,"I can’t take my face off here,",Syme,after_quote,replied Professor de Worms.,Unknown,True,False,attribution_without_continuation_evidence,review,False
MWT_C00448,141960,142087,5509,5513,"It’s

rather an elaborate make-up. As to whether I’m an old man, that’s not

for me to say. I was thirty-eight last birthday.",Syme,after_quote,,Unknown,False,False,possible_new_turn,review,False
MWT_C00449,142091,142109,5517,5517,"Yes, but I mean,",Syme,after_quote,"said Syme impatiently,",Syme,True,False,attribution_without_continuation_evidence,review,False
MWT_C00450,142133,142172,5517,5519,"there’s nothing the matter

with you.",Syme,before_quote,,Unknown,False,False,possible_new_turn,review,False
MWT_C00451,142176,142182,5523,5523,"Yes,",Syme,after_quote,answered the other dispassionately.,Unknown,True,False,attribution_without_continuation_evidence,review,False
MWT_C00452,142219,142243,5523,5523,I am subject to colds.,Syme,after_quote,Syme’s laughter at all this had about it a wild weakness of relief. He laughed at the idea of the paralytic Professor being really a young actor dressed up as if for the foot-lights. But he felt that he would have laughed as loudly if a pepperpot had fallen over. The false Professor drank and wiped his false beard.,Unknown,False,False,possible_new_turn,review,False
MWT_C00453,142573,142588,5541,5541,"Did you know,",Syme,after_quote,"he asked,",Unknown,True,False,attribution_without_continuation_evidence,review,False
MWT_C00454,142599,142635,5541,5541,that that man Gogol was one of us?,Syme,after_quote,,Unknown,False,False,possible_new_turn,review,False
MWT_C00455,142639,142665,5545,5545,"I? No, I didn’t know it,",Syme,after_quote,answered Syme in some surprise.,Syme,True,False,attribution_without_continuation_evidence,review,False
MWT_C00456,142698,142716,5545,5547,"But didn’t

you?",Syme,after_quote,,Unknown,False,False,possible_new_turn,review,False
MWT_C00457,142720,142751,5551,5551,"I knew no more than the dead,",Syme,after_quote,replied the man who called himself de Worms.,Unknown,True,False,attribution_without_continuation_evidence,review,False
MWT_C00458,142798,142873,5553,5555,"I thought the President was talking about me, and I rattled in

my boots.",Syme,after_quote,,Unknown,False,False,possible_new_turn,review,False
MWT_C00459,142877,142917,5559,5559,"And I thought he was talking about me,",Syme,after_quote,"said Syme, with his rather reckless laughter.",Syme,True,False,attribution_without_continuation_evidence,review,False
MWT_C00460,142965,143009,5561,5561,I had my hand on my revolver all the time.,Syme,after_quote,,Unknown,False,False,possible_new_turn,review,False
MWT_C00461,143013,143024,5565,5565,"So had I,",Syme,after_quote,said the Professor grimly;,Unknown,True,False,attribution_without_continuation_evidence,review,False
MWT_C00462,143052,143077,5565,5565,so had Gogol evidently.,Syme,after_quote,Syme struck the table with an exclamation.,Unknown,False,False,possible_new_turn,review,False
MWT_C00463,143127,143163,5573,5573,"Why, there were three of us there!",Syme,after_quote,he cried.,Unknown,True,False,attribution_without_continuation_evidence,review,False
MWT_C00464,143174,143258,5573,5575,"Three out of seven is a

fighting number. If we had only known that we were three!",Syme,after_quote,"The face of Professor de Worms darkened, and he did not look up.",Unknown,False,False,possible_new_turn,review,False
MWT_C00465,143330,143346,5583,5583,"We were three,",Syme,after_quote,he said.,Unknown,True,False,attribution_without_continuation_evidence,review,False
MWT_C00466,143356,143421,5583,5585,"If we had been three hundred we could still

have done nothing.",Syme,after_quote,,Unknown,False,False,possible_new_turn,review,False
MWT_C00467,143425,143469,5589,5589,Not if we were three hundred against four?,Syme,after_quote,"asked Syme, jeering rather boisterously.",Syme,True,False,attribution_without_continuation_evidence,review,False
MWT_C00468,143515,143520,5595,5595,"No,",Syme,before_quote,"said the Professor with sobriety,",Unknown,True,False,attribution_without_continuation_evidence,review,False
MWT_C00469,143555,143602,5595,5597,"not if we were three hundred

against Sunday.",Syme,before_quote,"And the mere name struck Syme cold and serious; his laughter had died in his heart before it could die on his lips. The face of the unforgettable President sprang into his mind as startling as a coloured photograph, and he remarked this difference between Sunday and all his satellites, that their faces, however fierce or sinister, became gradually blurred by memory like other human faces, whereas Sunday’s seemed almost to grow more actual during absence, as if a man’s painted portrait should slowly come alive. They were both silent for a measure of moments, and then Syme’s speech came with a rush, like the sudden foaming of champagne.",Unknown,True,False,attribution_without_continuation_evidence,review,False
MWT_C00470,144263,144275,5625,5625,"Professor,",Unknown,none,"he cried,",Unknown,True,False,attribution_without_continuation_evidence,review,False
MWT_C00471,144286,144334,5625,5625,it is intolerable. Are you afraid of this man?,Unknown,none,"The Professor lifted his heavy lids, and gazed at Syme with large, wide-open, blue eyes of an almost ethereal honesty.",Unknown,False,False,possible_new_turn,review,False
MWT_C00472,144461,144473,5635,5635,"Yes, I am,",Unknown,none,he said mildly.,Unknown,True,False,attribution_without_continuation_evidence,review,False
MWT_C00473,144490,144503,5635,5635,So are you.,Unknown,none,"Syme was dumb for an instant. Then he rose to his feet erect, like an insulted man, and thrust the chair away from him.",Unknown,False,False,possible_new_turn,review,False
MWT_C00474,144631,144637,5645,5645,"Yes,",Syme,after_quote,"he said in a voice indescribable,",Unknown,True,False,attribution_without_continuation_evidence,review,False
MWT_C00475,144672,144917,5645,5653,"you are right. I am afraid of

him. Therefore I swear by God that I will seek out this man whom I fear

until I find him, and strike him on the mouth. If heaven were his

throne and the earth his footstool, I swear that I would pull him

down.",Syme,after_quote,,Unknown,False,False,possible_new_turn,review,False
MWT_C00476,144921,144927,5657,5657,How?,Syme,after_quote,asked the staring Professor.,Unknown,True,False,attribution_without_continuation_evidence,review,False
MWT_C00477,144957,144963,5657,5657,Why?,Syme,after_quote,,Unknown,False,False,possible_new_turn,review,False
MWT_C00478,144967,144996,5661,5661,"Because I am afraid of him,",Syme,after_quote,said Syme;,Syme,True,False,attribution_without_continuation_evidence,review,False
MWT_C00479,145008,145082,5661,5663,"and no man should leave in

the universe anything of which he is afraid.",Syme,before_quote,"De Worms blinked at him with a sort of blind wonder. He made an effort to speak, but Syme went on in a low voice, but with an undercurrent of inhuman exaltation—",Unknown,False,False,possible_new_turn,review,False
MWT_C00480,145253,145810,5675,5689,"Who would condescend to strike down the mere things that he does not

fear? Who would debase himself to be merely brave, like any common

prizefighter? Who would stoop to be fearless—like a tree? Fight the

thing that you fear. You remember the old tale of the English clergyman

who gave the last rites to the brigand of Sicily, and how on his

death-bed the great robber said, ‘I can give you no money, but I can

give you advice for a lifetime: your thumb on the blade, and strike

upwards.’ So I say to you, strike upwards, if you strike at the stars.",Syme,after_quote,"The other looked at the ceiling, one of the tricks of his pose.",Unknown,False,False,possible_new_turn,review,False
MWT_C00481,145881,145906,5697,5697,"Sunday is a fixed star,",Syme,after_quote,he said.,Unknown,True,False,attribution_without_continuation_evidence,review,False
MWT_C00482,145919,145954,5701,5701,"You shall see him a falling star,",Syme,after_quote,"said Syme, and put on his hat. The decision of his gesture drew the Professor vaguely to his feet.",Syme,True,False,attribution_without_continuation_evidence,review,False
MWT_C00483,146060,146080,5709,5709,"Have you any idea,",Syme,after_quote,"he asked, with a sort of benevolent bewilderment,",Unknown,True,False,attribution_without_continuation_evidence,review,False
MWT_C00484,146132,146162,5711,5711,exactly where you are going?,Syme,after_quote,,Unknown,False,False,possible_new_turn,review,False
MWT_C00485,146166,146172,5715,5715,"Yes,",Syme,after_quote,"replied Syme shortly,",Syme,True,False,attribution_without_continuation_evidence,review,False
MWT_C00486,146195,146252,5715,5717,"I am going to prevent this bomb being

thrown in Paris.",Syme,after_quote,,Unknown,False,False,possible_new_turn,review,False
MWT_C00487,146256,146286,5721,5721,Have you any conception how?,Syme,after_quote,inquired the other.,Unknown,True,False,attribution_without_continuation_evidence,review,False
MWT_C00488,146310,146315,5725,5725,"No,",Syme,after_quote,said Syme with equal decision.,Syme,True,False,attribution_without_continuation_evidence,review,False
MWT_C00489,146350,146376,5729,5729,"You remember, of course,",Syme,after_quote,"resumed the soi-disant de Worms, pulling his beard and looking out of the window,",Unknown,False,False,possible_new_turn,review,False
MWT_C00490,146460,146819,5731,5741,"that when we broke up rather

hurriedly the whole arrangements for the atrocity were left in the

private hands of the Marquis and Dr. Bull. The Marquis is by this time

probably crossing the Channel. But where he will go and what he will do

it is doubtful whether even the President knows; certainly we don’t

know. The only man who does know is Dr. Bull.",Syme,after_quote,,Unknown,False,False,possible_new_turn,review,False
MWT_C00491,146823,146837,5745,5745,Confound it!,Syme,after_quote,cried Syme.,Syme,True,False,attribution_without_continuation_evidence,review,False
MWT_C00492,146850,146882,5745,5745,And we don’t know where he is.,Syme,after_quote,,Unknown,False,False,possible_new_turn,review,False
MWT_C00493,146886,146892,5749,5749,"Yes,",Syme,after_quote,"said the other in his curious, absent-minded way,",Unknown,True,False,attribution_without_continuation_evidence,review,False
MWT_C00494,146943,146972,5749,5751,"I know where

he is myself.",Syme,after_quote,,Unknown,False,False,possible_new_turn,review,False
MWT_C00495,146976,146995,5755,5755,Will you tell me?,Syme,after_quote,asked Syme with eager eyes.,Syme,True,False,attribution_without_continuation_evidence,review,False
MWT_C00496,147027,147051,5759,5759,"I will take you there,",Syme,before_quote,"said the Professor, and took down his own hat from a peg. Syme stood looking at him with a sort of rigid excitement.",Unknown,True,False,attribution_without_continuation_evidence,review,False
MWT_C00497,147176,147195,5769,5769,What do you mean?,Syme,before_quote,he asked sharply.,Unknown,True,False,attribution_without_continuation_evidence,review,False
MWT_C00498,147214,147258,5769,5771,"Will you join me? Will you take

the risk?",Syme,before_quote,,Unknown,False,False,possible_new_turn,review,False
MWT_C00499,147262,147274,5775,5775,"Young man,",Syme,before_quote,"said the Professor pleasantly,",Unknown,True,False,attribution_without_continuation_evidence,review,False
MWT_C00500,147306,147592,5775,5783,"I am amused to observe

that you think I am a coward. As to that I will say only one word, and

that shall be entirely in the manner of your own philosophical

rhetoric. You think that it is possible to pull down the President. I

know that it is impossible, and I am going to try it,",Syme,before_quote,"and opening the tavern door, which let in a blast of bitter air, they went out together into the dark streets by the docks. Most of the snow was melted or trampled to mud, but here and there a clot of it still showed grey rather than white in the gloom. The small streets were sloppy and full of pools, which reflected the flaming lamps irregularly, and by accident, like fragments of some other and fallen world. Syme felt almost dazed as he stepped through this growing confusion of lights and shadows; but his companion walked on with a certain briskness, towards where, at the end of the street, an inch or two of the lamplit river looked like a bar of flame.",Unknown,False,False,possible_new_turn,review,False
MWT_C00501,148272,148294,5809,5809,Where are you going?,Syme,after_quote,Syme inquired.,Unknown,True,False,attribution_without_continuation_evidence,review,False
MWT_C00502,148313,148324,5813,5813,"Just now,",Syme,after_quote,"answered the Professor,",Unknown,True,False,attribution_without_continuation_evidence,review,False
MWT_C00503,148349,148461,5813,5817,"I am going just round the corner

to see whether Dr. Bull has gone to bed. He is hygienic, and retires

early.",Syme,after_quote,,Unknown,False,False,possible_new_turn,review,False
MWT_C00504,148465,148476,5821,5821,Dr. Bull!,Syme,after_quote,exclaimed Syme.,Syme,True,False,attribution_without_continuation_evidence,review,False
MWT_C00505,148493,148525,5821,5821,Does he live round the corner?,Syme,before_quote,,Unknown,False,False,possible_new_turn,review,False
MWT_C00506,148529,148534,5825,5825,"No,",Syme,before_quote,answered his friend.,Unknown,True,False,attribution_without_continuation_evidence,review,False
MWT_C00507,148556,148688,5825,5829,"As a matter of fact he lives some way off,

on the other side of the river, but we can tell from here whether he

has gone to bed.",Syme,before_quote,"Turning the corner as he spoke, and facing the dim river, flecked with flame, he pointed with his stick to the other bank. On the Surrey side at this point there ran out into the Thames, seeming almost to overhang it, a bulk and cluster of those tall tenements, dotted with lighted windows, and rising like factory chimneys to an almost insane height. Their special poise and position made one block of buildings especially look like a Tower of Babel with a hundred eyes. Syme had never seen any of the sky-scraping buildings in America, so he could only think of the buildings in a dream. Even as he stared, the highest light in this innumerably lighted turret abruptly went out, as if this black Argus had winked at him with one of his innumerable eyes. Professor de Worms swung round on his heel, and struck his stick against his boot.",Unknown,False,False,possible_new_turn,review,False
MWT_C00508,149551,149569,5867,5867,"We are too late,",Syme,after_quote,"he said,",Unknown,True,False,attribution_without_continuation_evidence,review,False
MWT_C00509,149579,149617,5867,5867,the hygienic Doctor has gone to bed.,Syme,after_quote,,Unknown,False,False,possible_new_turn,review,False
MWT_C00510,149621,149640,5871,5871,What do you mean?,Syme,after_quote,asked Syme.,Syme,True,False,attribution_without_continuation_evidence,review,False
MWT_C00511,149653,149685,5871,5871,"Does he live over there, then?",Syme,before_quote,,Unknown,False,False,possible_new_turn,review,False
MWT_C00512,149689,149695,5875,5875,"Yes,",Syme,before_quote,"said de Worms,",Unknown,True,False,attribution_without_continuation_evidence,review,False
MWT_C00513,149711,149835,5875,5879,"behind that particular window which you can’t

see. Come along and get some dinner. We must call on him tomorrow

morning.",Syme,before_quote,"Without further parley, he led the way through several by-ways until they came out into the flare and clamour of the East India Dock Road. The Professor, who seemed to know his way about the neighbourhood, proceeded to a place where the line of lighted shops fell back into a sort of abrupt twilight and quiet, in which an old white inn, all out of repair, stood back some twenty feet from the road.",Unknown,False,False,possible_new_turn,review,False
MWT_C00514,150247,150323,5897,5899,"You can find good English inns left by accident everywhere, like

fossils,",Syme,after_quote,explained the Professor.,Unknown,False,False,possible_new_turn,review,False
MWT_C00515,150349,150396,5899,5901,"I once found a decent place in the

West End.",Syme,after_quote,,Unknown,False,False,possible_new_turn,review,False
MWT_C00516,150400,150412,5905,5905,"I suppose,",Syme,after_quote,"said Syme, smiling,",Syme,True,False,attribution_without_continuation_evidence,review,False
MWT_C00517,150433,150496,5905,5907,"that this is the corresponding decent

place in the East End?",Syme,before_quote,,Unknown,False,False,possible_new_turn,review,False
MWT_C00518,150500,150508,5911,5911,"It is,",Syme,before_quote,"said the Professor reverently, and went in. In that place they dined and slept, both very thoroughly. The beans and bacon, which these unaccountable people cooked well, the astonishing emergence of Burgundy from their cellars, crowned Syme’s sense of a new comradeship and comfort. Through all this ordeal his root horror had been isolation, and there are no words to express the abyss between isolation and having one ally. It may be conceded to the mathematicians that four is twice two. But two is not twice one; two is two thousand times one. That is why, in spite of a hundred disadvantages, the world will always return to monogamy. Syme was able to pour out for the first time the whole of his outrageous tale, from the time when Gregory had taken him to the little tavern by the river. He did it idly and amply, in a luxuriant monologue, as a man speaks with very old friends. On his side, also, the man who had impersonated Professor de Worms was not less communicative.",Unknown,True,False,attribution_without_continuation_evidence,review,False
MWT_C00519,151556,151588,5949,5949,"That’s a good get-up of yours,",Syme,after_quote,"said Syme, draining a glass of Macon;",Syme,True,False,attribution_without_continuation_evidence,review,False
MWT_C00520,151628,151713,5951,5953,"a lot better than old Gogol’s. Even at the start I thought he was a

bit too hairy.",Syme,after_quote,,Unknown,False,False,possible_new_turn,review,False
MWT_C00521,151717,151751,5957,5957,"A difference of artistic theory,",Syme,after_quote,replied the Professor pensively.,Unknown,True,False,attribution_without_continuation_evidence,review,False
MWT_C00522,151786,152015,5959,5965,"Gogol was an idealist. He made up as the abstract or platonic ideal of

an anarchist. But I am a realist. I am a portrait painter. But, indeed,

to say that I am a portrait painter is an inadequate expression. I am a

portrait.",Syme,after_quote,,Unknown,False,False,possible_new_turn,review,False
MWT_C00523,152019,152044,5969,5969,"I don’t understand you,",Syme,after_quote,said Syme.,Syme,True,False,attribution_without_continuation_evidence,review,False
MWT_C00524,152059,152077,5973,5973,"I am a portrait,",Syme,after_quote,repeated the Professor.,Unknown,False,False,possible_new_turn,review,False
MWT_C00525,152102,152188,5973,5975,"I am a portrait of the

celebrated Professor de Worms, who is, I believe, in Naples.",Syme,after_quote,,Unknown,False,False,possible_new_turn,review,False
MWT_C00526,152192,152228,5979,5979,"You mean you are made up like him,",Syme,after_quote,said Syme.,Syme,True,False,attribution_without_continuation_evidence,review,False
MWT_C00527,152240,152300,5979,5981,"But doesn’t he know

that you are taking his nose in vain?",Syme,after_quote,,Unknown,False,False,possible_new_turn,review,False
MWT_C00528,152304,152331,5985,5985,"He knows it right enough,",Syme,after_quote,replied his friend cheerfully.,Unknown,True,False,attribution_without_continuation_evidence,review,False
MWT_C00529,152366,152401,5989,5989,Then why doesn’t he denounce you?,Syme,after_quote,,Unknown,False,False,possible_new_turn,review,False
MWT_C00530,152405,152428,5993,5993,"I have denounced him,",Syme,after_quote,answered the Professor.,Unknown,True,False,attribution_without_continuation_evidence,review,False
MWT_C00531,152456,152478,5997,5997,"Do explain yourself,",Syme,after_quote,said Syme.,Syme,True,False,attribution_without_continuation_evidence,review,False
MWT_C00532,152493,152545,6001,6001,"With pleasure, if you don’t mind hearing my story,",Syme,before_quote,replied the eminent foreign philosopher.,Unknown,True,False,attribution_without_continuation_evidence,review,False
MWT_C00533,152588,156924,6003,6127,"I am by profession an actor, and my name

is Wilks. When I was on the stage I mixed with all sorts of Bohemian

and blackguard company. Sometimes I touched the edge of the turf,

sometimes the riff-raff of the arts, and occasionally the political

refugee. In some den of exiled dreamers I was introduced to the great

German Nihilist philosopher, Professor de Worms. I did not gather much

about him beyond his appearance, which was very disgusting, and which I

studied carefully. I understood that he had proved that the destructive

principle in the universe was God; hence he insisted on the need for a

furious and incessant energy, rending all things in pieces. Energy, he

said, was the All. He was lame, shortsighted, and partially paralytic.

When I met him I was in a frivolous mood, and I disliked him so much

that I resolved to imitate him. If I had been a draughtsman I would

have drawn a caricature. I was only an actor, I could only act a

caricature. I made myself up into what was meant for a wild

exaggeration of the old Professor’s dirty old self. When I went into

the room full of his supporters I expected to be received with a roar

of laughter, or (if they were too far gone) with a roar of indignation

at the insult. I cannot describe the surprise I felt when my entrance

was received with a respectful silence, followed (when I had first

opened my lips) with a murmur of admiration. The curse of the perfect

artist had fallen upon me. I had been too subtle, I had been too true.

They thought I really was the great Nihilist Professor. I was a

healthy-minded young man at the time, and I confess that it was a blow.

Before I could fully recover, however, two or three of these admirers

ran up to me radiating indignation, and told me that a public insult

had been put upon me in the next room. I inquired its nature. It seemed

that an impertinent fellow had dressed himself up as a preposterous

parody of myself. I had drunk more champagne than was good for me, and

in a flash of folly I decided to see the situation through.

Consequently it was to meet the glare of the company and my own lifted

eyebrows and freezing eyes that the real Professor came into the room.



“I need hardly say there was a collision. The pessimists all round me

looked anxiously from one Professor to the other Professor to see which

was really the more feeble. But I won. An old man in poor health, like

my rival, could not be expected to be so impressively feeble as a young

actor in the prime of life. You see, he really had paralysis, and

working within this definite limitation, he couldn’t be so jolly

paralytic as I was. Then he tried to blast my claims intellectually. I

countered that by a very simple dodge. Whenever he said something that

nobody but he could understand, I replied with something which I could

not even understand myself. ‘I don’t fancy,’ he said, ‘that you could

have worked out the principle that evolution is only negation, since

there inheres in it the introduction of lacuna, which are an essential

of differentiation.’ I replied quite scornfully, ‘You read all that up

in Pinckwerts; the notion that involution functioned eugenically was

exposed long ago by Glumpe.’ It is unnecessary for me to say that there

never were such people as Pinckwerts and Glumpe. But the people all

round (rather to my surprise) seemed to remember them quite well, and

the Professor, finding that the learned and mysterious method left him

rather at the mercy of an enemy slightly deficient in scruples, fell

back upon a more popular form of wit. ‘I see,’ he sneered, ‘you prevail

like the false pig in Æsop.’ ‘And you fail,’ I answered, smiling, ‘like

the hedgehog in Montaigne.’ Need I say that there is no hedgehog in

Montaigne? ‘Your claptrap comes off,’ he said; ‘so would your beard.’ I

had no intelligent answer to this, which was quite true and rather

witty. But I laughed heartily, answered, ‘Like the Pantheist’s boots,’

at random, and turned on my heel with all the honours of victory. The

real Professor was thrown out, but not with violence, though one man

tried very patiently to pull off his nose. He is now, I believe,

received everywhere in Europe as a delightful impostor. His apparent

earnestness and anger, you see, make him all the more entertaining.",Syme,after_quote,,Unknown,False,False,possible_new_turn,review,False
MWT_C00534,156928,156935,6131,6131,"Well,",Syme,after_quote,"said Syme,",Syme,True,False,attribution_without_continuation_evidence,review,False
MWT_C00535,156947,157088,6131,6135,"I can understand your putting on his dirty old

beard for a night’s practical joke, but I don’t understand your never

taking it off again.",Syme,before_quote,,Unknown,False,False,possible_new_turn,review,False
MWT_C00536,157092,157124,6139,6139,"That is the rest of the story,",Syme,before_quote,said the impersonator.,Unknown,True,False,attribution_without_continuation_evidence,review,False
MWT_C00537,157148,158571,6139,6181,"When I myself

left the company, followed by reverent applause, I went limping down

the dark street, hoping that I should soon be far enough away to be

able to walk like a human being. To my astonishment, as I was turning

the corner, I felt a touch on the shoulder, and turning, found myself

under the shadow of an enormous policeman. He told me I was wanted. I

struck a sort of paralytic attitude, and cried in a high German accent,

‘Yes, I am wanted—by the oppressed of the world. You are arresting me

on the charge of being the great anarchist, Professor de Worms.’ The

policeman impassively consulted a paper in his hand, ‘No, sir,’ he said

civilly, ‘at least, not exactly, sir. I am arresting you on the charge

of not being the celebrated anarchist, Professor de Worms.’ This

charge, if it was criminal at all, was certainly the lighter of the

two, and I went along with the man, doubtful, but not greatly dismayed.

I was shown into a number of rooms, and eventually into the presence of

a police officer, who explained that a serious campaign had been opened

against the centres of anarchy, and that this, my successful

masquerade, might be of considerable value to the public safety. He

offered me a good salary and this little blue card. Though our

conversation was short, he struck me as a man of very massive common

sense and humour; but I cannot tell you much about him personally,

because—",Syme,after_quote,Syme laid down his knife and fork.,Unknown,False,False,possible_new_turn,review,False
MWT_C00538,158613,158622,6189,6189,"I know,",Syme,after_quote,"he said,",Unknown,True,False,attribution_without_continuation_evidence,review,False
MWT_C00539,158632,158675,6189,6189,because you talked to him in a dark room.,Syme,after_quote,Professor de Worms nodded and drained his glass. CHAPTER IX. THE MAN IN SPECTACLES,Unknown,False,False,possible_new_turn,review,False
MWT_C00540,158777,158805,6211,6211,"Burgundy is a jolly thing,",Syme,after_quote,"said the Professor sadly, as he set his glass down.",Unknown,True,False,attribution_without_continuation_evidence,review,False
MWT_C00541,158862,158893,6217,6217,"You don’t look as if it were,",Syme,after_quote,said Syme;,Syme,True,False,attribution_without_continuation_evidence,review,False
MWT_C00542,158905,158944,6217,6219,"you drink it as if it were

medicine.",Syme,before_quote,,Unknown,False,False,possible_new_turn,review,False
MWT_C00543,158948,158976,6223,6223,"You must excuse my manner,",Syme,before_quote,"said the Professor dismally,",Unknown,True,False,attribution_without_continuation_evidence,review,False
MWT_C00544,159006,159598,6223,6241,"my position

is rather a curious one. Inside I am really bursting with boyish

merriment; but I acted the paralytic Professor so well, that now I

can’t leave off. So that when I am among friends, and have no need at

all to disguise myself, I still can’t help speaking slow and wrinkling

my forehead—just as if it were my forehead. I can be quite happy, you

understand, but only in a paralytic sort of way. The most buoyant

exclamations leap up in my heart, but they come out of my mouth quite

different. You should hear me say, ‘Buck up, old cock!’ It would bring

tears to your eyes.",Syme,after_quote,,Unknown,False,False,possible_new_turn,review,False
MWT_C00545,159602,159612,6245,6245,"It does,",Syme,after_quote,said Syme;,Syme,True,False,attribution_without_continuation_evidence,review,False
MWT_C00546,159624,159708,6245,6247,"but I cannot help thinking that apart from all

that you are really a bit worried.",Syme,after_quote,The Professor started a little and looked at him steadily.,Unknown,False,False,possible_new_turn,review,False
MWT_C00547,159774,159805,6255,6255,"You are a very clever fellow,",Syme,after_quote,"he said,",Unknown,True,False,attribution_without_continuation_evidence,review,False
MWT_C00548,159815,159932,6255,6259,"it is a pleasure to work with

you. Yes, I have rather a heavy cloud in my head. There is a great

problem to face,",Syme,after_quote,and he sank his bald brow in his two hands. Then he said in a low voice—,Unknown,True,False,attribution_without_continuation_evidence,review,False
MWT_C00549,160012,160037,6267,6267,Can you play the piano?,Syme,after_quote,,Unknown,False,False,possible_new_turn,review,False
MWT_C00550,160041,160047,6271,6271,"Yes,",Syme,after_quote,"said Syme in simple wonder,",Syme,True,False,attribution_without_continuation_evidence,review,False
MWT_C00551,160076,160112,6271,6271,I’m supposed to have a good touch.,Syme,after_quote,"Then, as the other did not speak, he added—",Unknown,True,False,attribution_without_continuation_evidence,review,False
MWT_C00552,160163,160199,6279,6279,I trust the great cloud is lifted.,Syme,after_quote,"After a long silence, the Professor said out of the cavernous shadow of his hands—",Unknown,True,False,attribution_without_continuation_evidence,review,False
MWT_C00553,160290,160355,6289,6289,It would have done just as well if you could work a typewriter.,Syme,after_quote,,Unknown,False,False,possible_new_turn,review,False
MWT_C00554,160359,160371,6293,6293,"Thank you,",Syme,after_quote,"said Syme,",Syme,True,False,attribution_without_continuation_evidence,review,False
MWT_C00555,160383,160400,6293,6293,you flatter me.,Syme,before_quote,,Unknown,False,False,possible_new_turn,review,False
MWT_C00556,160404,160419,6297,6297,"Listen to me,",Syme,before_quote,"said the other,",Unknown,True,False,attribution_without_continuation_evidence,review,False
MWT_C00557,160436,161420,6297,6325,"and remember whom we have to see

tomorrow. You and I are going tomorrow to attempt something which is

very much more dangerous than trying to steal the Crown Jewels out of

the Tower. We are trying to steal a secret from a very sharp, very

strong, and very wicked man. I believe there is no man, except the

President, of course, who is so seriously startling and formidable as

that little grinning fellow in goggles. He has not perhaps the

white-hot enthusiasm unto death, the mad martyrdom for anarchy, which

marks the Secretary. But then that very fanaticism in the Secretary has

a human pathos, and is almost a redeeming trait. But the little Doctor

has a brutal sanity that is more shocking than the Secretary’s disease.

Don’t you notice his detestable virility and vitality. He bounces like

an india-rubber ball. Depend on it, Sunday was not asleep (I wonder if

he ever sleeps?) when he locked up all the plans of this outrage in the

round, black head of Dr. Bull.",Syme,after_quote,,Unknown,False,False,possible_new_turn,review,False
MWT_C00558,161424,161440,6329,6329,"And you think,",Syme,after_quote,"said Syme,",Syme,True,False,attribution_without_continuation_evidence,review,False
MWT_C00559,161452,161523,6329,6331,"that this unique monster will be soothed

if I play the piano to him?",Syme,before_quote,,Unknown,False,False,possible_new_turn,review,False
MWT_C00560,161527,161545,6335,6335,"Don’t be an ass,",Syme,before_quote,said his mentor.,Unknown,True,False,attribution_without_continuation_evidence,review,False
MWT_C00561,161563,161880,6335,6343,"I mentioned the piano because it

gives one quick and independent fingers. Syme, if we are to go through

this interview and come out sane or alive, we must have some code of

signals between us that this brute will not see. I have made a rough

alphabetical cypher corresponding to the five fingers—like this, see,",Syme,before_quote,and he rippled with his fingers on the wooden table—,Unknown,False,False,possible_new_turn,review,False
MWT_C00562,161934,161982,6345,6347,"B A D, bad, a word

we may frequently require.",Syme,before_quote,"Syme poured himself out another glass of wine, and began to study the scheme. He was abnormally quick with his brains at puzzles, and with his hands at conjuring, and it did not take him long to learn how he might convey simple messages by what would seem to be idle taps upon a table or knee. But wine and companionship had always the effect of inspiring him to a farcical ingenuity, and the Professor soon found himself struggling with the too vast energy of the new language, as it passed through the heated brain of Syme.",Unknown,False,False,possible_new_turn,review,False
MWT_C00563,162522,162556,6369,6369,"We must have several word-signs,",Syme,after_quote,said Syme seriously—,Syme,True,False,attribution_without_continuation_evidence,review,False
MWT_C00564,162577,162683,6369,6373,"words that we

are likely to want, fine shades of meaning. My favourite word is

‘coeval’. What’s yours?",Syme,after_quote,,Unknown,False,False,possible_new_turn,review,False
MWT_C00565,162687,162714,6377,6377,"Do stop playing the goat,",Syme,after_quote,said the Professor plaintively.,Unknown,True,False,attribution_without_continuation_evidence,review,False
MWT_C00566,162747,162785,6377,6379,"You don’t

know how serious this is.",Syme,after_quote,,Unknown,False,False,possible_new_turn,review,False
MWT_C00567,162789,162802,6383,6383,"‘Lush’ too,",Syme,after_quote,"said Syme, shaking his head sagaciously,",Syme,True,False,attribution_without_continuation_evidence,review,False
MWT_C00568,162844,162905,6383,6385,"we must have

‘lush’—word applied to grass, don’t you know?",Syme,after_quote,,Unknown,False,False,possible_new_turn,review,False
MWT_C00569,162909,162926,6389,6389,"Do you imagine,",Syme,after_quote,"asked the Professor furiously,",Unknown,True,False,attribution_without_continuation_evidence,review,False
MWT_C00570,162958,163011,6389,6391,"that we are going to

talk to Dr. Bull about grass?",Syme,after_quote,,Unknown,False,False,possible_new_turn,review,False
MWT_C00571,163015,163081,6395,6395,"There are several ways in which the subject could be approached,",Syme,after_quote,"said Syme reflectively,",Syme,True,False,attribution_without_continuation_evidence,review,False
MWT_C00572,163107,163332,6397,6403,"and the word introduced without appearing forced.

We might say, ‘Dr. Bull, as a revolutionist, you remember that a tyrant

once advised us to eat grass; and indeed many of us, looking on the

fresh lush grass of summer...’",Syme,after_quote,,Unknown,False,False,possible_new_turn,review,False
MWT_C00573,163336,163356,6407,6407,"Do you understand,",Syme,after_quote,"said the other,",Unknown,True,False,attribution_without_continuation_evidence,review,False
MWT_C00574,163373,163398,6407,6407,that this is a tragedy?,Syme,after_quote,,Unknown,False,False,possible_new_turn,review,False
MWT_C00575,163402,163414,6411,6411,"Perfectly,",Syme,after_quote,replied Syme;,Syme,True,False,attribution_without_continuation_evidence,review,False
MWT_C00576,163429,163723,6411,6419,"always be comic in a tragedy. What the

deuce else can you do? I wish this language of yours had a wider scope.

I suppose we could not extend it from the fingers to the toes? That

would involve pulling off our boots and socks during the conversation,

which however unobtrusively performed—",Syme,before_quote,,Unknown,False,False,possible_new_turn,review,False
MWT_C00577,163727,163734,6423,6423,"Syme,",Syme,before_quote,"said his friend with a stern simplicity,",Unknown,True,False,attribution_without_continuation_evidence,review,False
MWT_C00578,163776,163788,6423,6423,go to bed!,Syme,before_quote,"Syme, however, sat up in bed for a considerable time mastering the new code. He was awakened next morning while the east was still sealed with darkness, and found his grey-bearded ally standing like a ghost beside his bed. Syme sat up in bed blinking; then slowly collected his thoughts, threw off the bed-clothes, and stood up. It seemed to him in some curious way that all the safety and sociability of the night before fell with the bedclothes off him, and he stood up in an air of cold danger. He still felt an entire trust and loyalty towards his companion; but it was the trust between two men going to the scaffold.",Unknown,False,False,possible_new_turn,review,False
MWT_C00579,164429,164436,6451,6451,"Well,",Syme,after_quote,"said Syme with a forced cheerfulness as he pulled on his trousers,",Syme,True,False,attribution_without_continuation_evidence,review,False
MWT_C00580,164505,164579,6453,6455,"I dreamt of that alphabet of yours. Did it take you long to

make it up?",Syme,before_quote,"The Professor made no answer, but gazed in front of him with eyes the colour of a wintry sea; so Syme repeated his question.",Unknown,False,False,possible_new_turn,review,False
MWT_C00581,164712,164866,6465,6469,"I say, did it take you long to invent all this? I’m considered good at

these things, and it was a good hour’s grind. Did you learn it all on

the spot?",Syme,before_quote,"The Professor was silent; his eyes were wide open, and he wore a fixed but very small smile.",Unknown,False,False,possible_new_turn,review,False
MWT_C00582,164967,164994,6479,6479,How long did it take you?,Unknown,none,The Professor did not move.,Unknown,False,False,possible_new_turn,review,False
MWT_C00583,165029,165062,6487,6487,"Confound you, can’t you answer?",Unknown,none,"called out Syme, in a sudden anger that had something like fear underneath. Whether or no the Professor could answer, he did not. Syme stood staring back at the stiff face like parchment and the blank, blue eyes. His first thought was that the Professor had gone mad, but his second thought was more frightful. After all, what did he know about this queer creature whom he had heedlessly accepted as a friend? What did he know, except that the man had been at the anarchist breakfast and had told him a ridiculous tale? How improbable it was that there should be another friend there beside Gogol! Was this man’s silence a sensational way of declaring war? Was this adamantine stare after all only the awful sneer of some threefold traitor, who had turned for the last time? He stood and strained his ears in this heartless silence. He almost fancied he could hear dynamiters come to capture him shifting softly in the corridor outside. Then his eye strayed downwards, and he burs",Unknown,True,False,attribution_without_continuation_evidence,review,False
MWT_C00584,166301,166354,6531,6531,I will only talk like this. We must get used to it.,Unknown,none,He rapped out the answer with the impatience of relief—,Unknown,False,False,possible_new_turn,review,False
MWT_C00585,166417,166457,6539,6539,All right. Let’s get out to breakfast.,Unknown,none,"They took their hats and sticks in silence; but as Syme took his sword-stick, he held it hard. They paused for a few minutes only to stuff down coffee and coarse thick sandwiches at a coffee stall, and then made their way across the river, which under the grey and growing light looked as desolate as Acheron. They reached the bottom of the huge block of buildings which they had seen from across the river, and began in silence to mount the naked and numberless stone steps, only pausing now and then to make short remarks on the rail of the banisters. At about every other flight they passed a window; each window showed them a pale and tragic dawn lifting itself laboriously over London. From each the innumerable roofs of slate looked like the leaden surges of a grey, troubled sea after rain. Syme was increasingly conscious that his new adventure had somehow a quality of cold sanity worse than the wild adventures of the past. Last night, for instance, the tall tenements h",Unknown,False,False,possible_new_turn,review,False
MWT_C00586,169869,169914,6657,6657,"I’m sorry to disturb you so early, comrade,",Unknown,none,"said he, with a careful resumption of the slow de Worms manner.",Unknown,True,False,attribution_without_continuation_evidence,review,False
MWT_C00587,169980,170048,6659,6661,"You have no doubt made

all the arrangements for the Paris affair?",Unknown,none,"Then he added with infinite slowness,",Unknown,True,False,attribution_without_continuation_evidence,review,False
MWT_C00588,170088,170180,6663,6665,"We have information which renders intolerable anything in

the nature of a moment’s delay.",Unknown,none,"Dr. Bull smiled again, but continued to gaze on them without speaking. The Professor resumed, a pause before each weary word—",Unknown,True,False,attribution_without_continuation_evidence,review,False
MWT_C00589,170314,170803,6675,6687,"Please do not think me excessively abrupt; but I advise you to alter

those plans, or if it is too late for that, to follow your agent with

all the support you can get for him. Comrade Syme and I have had an

experience which it would take more time to recount than we can afford,

if we are to act on it. I will, however, relate the occurrence in

detail, even at the risk of losing time, if you really feel that it is

essential to the understanding of the problem we have to discuss.",Unknown,none,"He was spinning out his sentences, making them intolerably long and lingering, in the hope of maddening the practical little Doctor into an explosion of impatience which might show his hand. But the little Doctor continued only to stare and smile, and the monologue was uphill work. Syme began to feel a new sickness and despair. The Doctor’s smile and silence were not at all like the cataleptic stare and horrible silence which he had confronted in the Professor half an hour before. About the Professor’s makeup and all his antics there was always something merely grotesque, like a gollywog. Syme remembered those wild woes of yesterday as one remembers being afraid of Bogy in childhood. But here was daylight; here was a healthy, square-shouldered man in tweeds, not odd save for the accident of his ugly spectacles, not glaring or grinning at all, but smiling steadily and not saying a word. The whole had a sense of unbearable reality. Under the increasing sunlight the colo",Unknown,True,False,attribution_without_continuation_evidence,review,False
MWT_C00590,172057,172068,6729,6729,"As I say,",Unknown,none,"resumed the Professor, like a man toiling through heavy sand,",Unknown,False,False,possible_new_turn,review,False
MWT_C00591,172132,172343,6731,6737,"the incident that has occurred to us and has led us to ask for

information about the Marquis, is one which you may think it better to

have narrated; but as it came in the way of Comrade Syme rather than

me—",Unknown,none,"His words he seemed to be dragging out like words in an anthem; but Syme, who was watching, saw his long fingers rattle quickly on the edge of the crazy table. He read the message,",Unknown,False,False,possible_new_turn,review,False
MWT_C00592,172530,172578,6745,6747,"You must go on. This devil

has sucked me dry!",Unknown,none,Syme plunged into the breach with that bravado of improvisation which always came to him when he was alarmed.,Unknown,False,False,possible_new_turn,review,False
MWT_C00593,172696,172735,6757,6757,"Yes, the thing really happened to me,",Unknown,none,he said hastily.,Unknown,True,False,attribution_without_continuation_evidence,review,False
MWT_C00594,172753,173167,6757,6773,"I had the

good fortune to fall into conversation with a detective who took me,

thanks to my hat, for a respectable person. Wishing to clinch my

reputation for respectability, I took him and made him very drunk at

the Savoy. Under this influence he became friendly, and told me in so

many words that within a day or two they hope to arrest the Marquis in

France.



“So unless you or I can get on his track—",Unknown,none,"The Doctor was still smiling in the most friendly way, and his protected eyes were still impenetrable. The Professor signalled to Syme that he would resume his explanation, and he began again with the same elaborate calm.",Unknown,False,False,possible_new_turn,review,False
MWT_C00595,173399,173573,6787,6791,"Syme immediately brought this information to me, and we came here

together to see what use you would be inclined to make of it. It seems

to me unquestionably urgent that—",Unknown,none,"All this time Syme had been staring at the Doctor almost as steadily as the Doctor stared at the Professor, but quite without the smile. The nerves of both comrades-in-arms were near snapping under that strain of motionless amiability, when Syme suddenly leant forward and idly tapped the edge of the table. His message to his ally ran,",Unknown,False,False,possible_new_turn,review,False
MWT_C00596,173918,173941,6803,6805,"I have an

intuition.",Unknown,none,"The Professor, with scarcely a pause in his monologue, signalled back,",Unknown,False,False,possible_new_turn,review,False
MWT_C00597,174017,174034,6811,6811,Then sit on it.,Unknown,none,"Syme telegraphed,",Unknown,False,False,possible_new_turn,review,False
MWT_C00598,174056,174084,6815,6815,It is quite extraordinary.,Unknown,none,"The other answered,",Unknown,True,False,attribution_without_continuation_evidence,review,False
MWT_C00599,174108,174128,6819,6819,Extraordinary rot!,Unknown,none,"Syme said,",Unknown,True,False,attribution_without_continuation_evidence,review,False
MWT_C00600,174143,174157,6823,6823,I am a poet.,Unknown,none,"The other retorted,",Unknown,True,False,attribution_without_continuation_evidence,review,False
MWT_C00601,174181,174202,6827,6827,You are a dead man.,Unknown,none,"Syme had gone quite red up to his yellow hair, and his eyes were burning feverishly. As he said he had an intuition, and it had risen to a sort of lightheaded certainty. Resuming his symbolic taps, he signalled to his friend,",Unknown,True,False,attribution_without_continuation_evidence,review,False
MWT_C00602,174435,174557,6837,6841,"You scarcely realise how poetic my intuition

is. It has that sudden quality we sometimes feel in the coming of

spring.",Syme,after_quote,"He then studied the answer on his friend’s fingers. The answer was,",Unknown,False,False,possible_new_turn,review,False
MWT_C00603,174629,174643,6845,6847,"Go

to hell!",Syme,after_quote,The Professor then resumed his merely verbal monologue addressed to the Doctor.,Unknown,False,False,possible_new_turn,review,False
MWT_C00604,174731,174761,6857,6857,"Perhaps I should rather say,",Syme,after_quote,"said Syme on his fingers,",Syme,True,False,attribution_without_continuation_evidence,review,False
MWT_C00605,174788,174885,6857,6861,"that it

resembles that sudden smell of the sea which may be found in the heart

of lush woods.",Syme,after_quote,His companion disdained to reply.,Unknown,False,False,possible_new_turn,review,False
MWT_C00606,174926,174941,6869,6869,"Or yet again,",Syme,after_quote,"tapped Syme,",Unknown,False,False,no_explicit_boundary_evidence,review,False
MWT_C00607,174955,175025,6869,6871,"it is positive, as is the passionate red

hair of a beautiful woman.",Syme,after_quote,"The Professor was continuing his speech, but in the middle of it Syme decided to act. He leant across the table, and said in a voice that could not be neglected—",Unknown,True,False,attribution_without_continuation_evidence,review,False
MWT_C00608,175196,175207,6883,6883,Dr. Bull!,Syme,after_quote,"The Doctor’s sleek and smiling head did not move, but they could have sworn that under his dark glasses his eyes darted towards Syme.",Unknown,False,False,possible_new_turn,review,False
MWT_C00609,175349,175360,6893,6893,"Dr. Bull,",Syme,after_quote,"said Syme, in a voice peculiarly precise and courteous,",Syme,True,False,attribution_without_continuation_evidence,review,False
MWT_C00610,175418,175505,6895,6897,"would you do me a small favour? Would you be so kind as to take off

your spectacles?",Syme,before_quote,"The Professor swung round on his seat, and stared at Syme with a sort of frozen fury of astonishment. Syme, like a man who has thrown his life and fortune on the table, leaned forward with a fiery face. The Doctor did not move. For a few seconds there was a silence in which one could hear a pin drop, split once by the single hoot of a distant steamer on the Thames. Then Dr. Bull rose slowly, still smiling, and took off his spectacles. Syme sprang to his feet, stepping backwards a little, like a chemical lecturer from a successful explosion. His eyes were like stars, and for an instant he could only point without speaking. The Professor had also started to his feet, forgetful of his supposed paralysis. He leant on the back of the chair and stared doubtfully at Dr. Bull, as if the Doctor had been turned into a toad before his eyes. And indeed it was almost as great a transformation scene. The two detectives saw sitting in the chair before them a very boyish-loo",Unknown,False,False,possible_new_turn,review,False
MWT_C00611,176789,176811,6951,6951,"I knew I was a poet,",Syme,after_quote,cried Syme in a sort of ecstasy.,Syme,True,False,attribution_without_continuation_evidence,review,False
MWT_C00612,176845,177090,6951,6959,"I knew my

intuition was as infallible as the Pope. It was the spectacles that did

it! It was all the spectacles. Given those beastly black eyes, and all

the rest of him his health and his jolly looks, made him a live devil

among dead ones.",Syme,after_quote,,Unknown,False,False,possible_new_turn,review,False
MWT_C00613,177094,177138,6963,6963,"It certainly does make a queer difference,",Syme,after_quote,said the Professor shakily.,Unknown,True,False,attribution_without_continuation_evidence,review,False
MWT_C00614,177168,177209,6965,6965,But as regards the project of Dr. Bull—,Syme,after_quote,,Unknown,False,False,possible_new_turn,review,False
MWT_C00615,177213,177233,6969,6969,Project be damned!,Syme,after_quote,"roared Syme, beside himself.",Unknown,False,False,possible_new_turn,review,False
MWT_C00616,177263,177403,6969,6973,"Look at him! Look at

his face, look at his collar, look at his blessed boots! You don’t

suppose, do you, that that thing’s an anarchist?",Syme,after_quote,,Unknown,False,False,possible_new_turn,review,False
MWT_C00617,177407,177414,6977,6977,Syme!,Syme,after_quote,cried the other in an apprehensive agony.,Unknown,True,False,attribution_without_continuation_evidence,review,False
MWT_C00618,177460,177474,6981,6981,"Why, by God,",Syme,after_quote,"said Syme,",Syme,True,False,attribution_without_continuation_evidence,review,False
MWT_C00619,177486,177573,6981,6983,"I’ll take the risk of that myself! Dr. Bull,

I am a police officer. There’s my card,",Syme,before_quote,"and he flung down the blue card upon the table. The Professor still feared that all was lost; but he was loyal. He pulled out his own official card and put it beside his friend’s. Then the third man burst out laughing, and for the first time that morning they heard his voice.",Unknown,False,False,possible_new_turn,review,False
MWT_C00620,177861,177909,6999,6999,"I’m awfully glad you chaps have come so early,",Syme,before_quote,"he said, with a sort of schoolboy flippancy,",Unknown,True,False,attribution_without_continuation_evidence,review,False
MWT_C00621,177956,178036,7001,7003,"for we can all start for France together. Yes,

I’m in the force right enough,",Syme,before_quote,"and he flicked a blue card towards them lightly as a matter of form. Clapping a brisk bowler on his head and resuming his goblin glasses, the Doctor moved so quickly towards the door, that the others instinctively followed him. Syme seemed a little distrait, and as he passed under the doorway he suddenly struck his stick on the stone passage so that it rang.",Unknown,False,False,possible_new_turn,review,False
MWT_C00622,178409,178433,7021,7021,"But Lord God Almighty,",Unknown,none,"he cried out,",Unknown,True,False,attribution_without_continuation_evidence,review,False
MWT_C00623,178448,178564,7021,7025,"if this is all right, there

were more damned detectives than there were damned dynamiters at the

damned Council!",Unknown,none,,Unknown,False,False,possible_new_turn,review,False
MWT_C00624,178568,178598,7029,7029,"We might have fought easily,",Unknown,none,said Bull;,Unknown,True,False,attribution_without_continuation_evidence,review,False
MWT_C00625,178610,178639,7029,7029,we were four against three.,Unknown,none,"The Professor was descending the stairs, but his voice came up from below.",Unknown,False,False,possible_new_turn,review,False
MWT_C00626,178722,178727,7039,7039,"No,",Unknown,none,"said the voice,",Unknown,True,False,attribution_without_continuation_evidence,review,False
MWT_C00627,178744,178825,7039,7041,"we were not four against three—we were not so

lucky. We were four against One.",Unknown,none,"The others went down the stairs in silence. The young man called Bull, with an innocent courtesy characteristic of him, insisted on going last until they reached the street; but there his own robust rapidity asserted itself unconsciously, and he walked quickly on ahead towards a railway inquiry office, talking to the others over his shoulder.",Unknown,True,False,attribution_without_continuation_evidence,review,False
MWT_C00628,179184,179215,7061,7061,"It is jolly to get some pals,",Syme,after_quote,he said.,Unknown,True,False,attribution_without_continuation_evidence,review,False
MWT_C00629,179225,179430,7061,7067,"I’ve been half dead with the

jumps, being quite alone. I nearly flung my arms round Gogol and

embraced him, which would have been imprudent. I hope you won’t despise

me for having been in a blue funk.",Syme,after_quote,,Unknown,False,False,possible_new_turn,review,False
MWT_C00630,179434,179469,7071,7071,"All the blue devils in blue hell,",Syme,after_quote,"said Syme,",Syme,True,False,attribution_without_continuation_evidence,review,False
MWT_C00631,179481,179567,7071,7073,"contributed to my blue

funk! But the worst devil was you and your infernal goggles.",Syme,before_quote,The young man laughed delightedly.,Unknown,False,False,possible_new_turn,review,False
MWT_C00632,179609,179627,7081,7081,Wasn’t it a rag?,Syme,before_quote,he said.,Unknown,True,False,attribution_without_continuation_evidence,review,False
MWT_C00633,179637,181376,7081,7131,"Such a simple idea—not my own. I haven’t

got the brains. You see, I wanted to go into the detective service,

especially the anti-dynamite business. But for that purpose they wanted

someone to dress up as a dynamiter; and they all swore by blazes that I

could never look like a dynamiter. They said my very walk was

respectable, and that seen from behind I looked like the British

Constitution. They said I looked too healthy and too optimistic, and

too reliable and benevolent; they called me all sorts of names at

Scotland Yard. They said that if I had been a criminal, I might have

made my fortune by looking so like an honest man; but as I had the

misfortune to be an honest man, there was not even the remotest chance

of my assisting them by ever looking like a criminal. But at last I was

brought before some old josser who was high up in the force, and who

seemed to have no end of a head on his shoulders. And there the others

all talked hopelessly. One asked whether a bushy beard would hide my

nice smile; another said that if they blacked my face I might look like

a negro anarchist; but this old chap chipped in with a most

extraordinary remark. ‘A pair of smoked spectacles will do it,’ he said

positively. ‘Look at him now; he looks like an angelic office boy. Put

him on a pair of smoked spectacles, and children will scream at the

sight of him.’ And so it was, by George! When once my eyes were

covered, all the rest, smile and big shoulders and short hair, made me

look a perfect little devil. As I say, it was simple enough when it was

done, like miracles; but that wasn’t the really miraculous part of it.

There was one really staggering thing about the business, and my head

still turns at it.",Syme,after_quote,,Unknown,False,False,possible_new_turn,review,False
MWT_C00634,181380,181396,7135,7135,What was that?,Syme,after_quote,asked Syme.,Syme,True,False,attribution_without_continuation_evidence,review,False
MWT_C00635,181412,181428,7139,7139,"I’ll tell you,",Syme,after_quote,answered the man in spectacles.,Unknown,True,False,attribution_without_continuation_evidence,review,False
MWT_C00636,181461,181603,7139,7143,"This big pot in the

police who sized me up so that he knew how the goggles would go with my

hair and socks—by God, he never saw me at all!",Syme,after_quote,Syme’s eyes suddenly flashed on him.,Unknown,False,False,possible_new_turn,review,False
MWT_C00637,181647,181662,7151,7151,How was that?,Syme,after_quote,he asked.,Unknown,True,False,attribution_without_continuation_evidence,review,False
MWT_C00638,181673,181703,7151,7151,I thought you talked to him.,Syme,after_quote,,Unknown,False,False,possible_new_turn,review,False
MWT_C00639,181707,181718,7155,7155,"So I did,",Syme,after_quote,said Bull brightly;,Unknown,True,False,attribution_without_continuation_evidence,review,False
MWT_C00640,181739,181837,7155,7157,"but we talked in a pitch-dark room

like a coalcellar. There, you would never have guessed that.",Syme,after_quote,,Unknown,False,False,possible_new_turn,review,False
MWT_C00641,181841,181873,7161,7161,"I could not have conceived it,",Syme,after_quote,said Syme gravely.,Syme,True,False,attribution_without_continuation_evidence,review,False
MWT_C00642,181896,181922,7165,7165,"It is indeed a new idea,",Syme,before_quote,"said the Professor. Their new ally was in practical matters a whirlwind. At the inquiry office he asked with businesslike brevity about the trains for Dover. Having got his information, he bundled the company into a cab, and put them and himself inside a railway carriage before they had properly realised the breathless process. They were already on the Calais boat before conversation flowed freely.",Unknown,True,False,attribution_without_continuation_evidence,review,False
MWT_C00643,182336,182361,7183,7183,"I had already arranged,",Syme,before_quote,"he explained,",Unknown,False,False,no_explicit_boundary_evidence,review,False
MWT_C00644,182376,182933,7183,7199,"to go to France for my lunch;

but I am delighted to have someone to lunch with me. You see, I had to

send that beast, the Marquis, over with his bomb, because the President

had his eye on me, though God knows how. I’ll tell you the story some

day. It was perfectly choking. Whenever I tried to slip out of it I saw

the President somewhere, smiling out of the bow-window of a club, or

taking off his hat to me from the top of an omnibus. I tell you, you

can say what you like, that fellow sold himself to the devil; he can be

in six places at once.",Unknown,none,,Unknown,False,False,possible_new_turn,review,False
MWT_C00645,182937,182981,7203,7203,"So you sent the Marquis off, I understand,",Syme,after_quote,asked the Professor.,Unknown,True,False,attribution_without_continuation_evidence,review,False
MWT_C00646,183003,183056,7203,7205,"Was

it long ago? Shall we be in time to catch him?",Syme,after_quote,,Unknown,False,False,possible_new_turn,review,False
MWT_C00647,183060,183066,7209,7209,"Yes,",Syme,after_quote,"answered the new guide,",Unknown,True,False,attribution_without_continuation_evidence,review,False
MWT_C00648,183091,183153,7209,7211,"I’ve timed it all. He’ll still be at

Calais when we arrive.",Syme,after_quote,,Unknown,False,False,possible_new_turn,review,False
MWT_C00649,183157,183194,7215,7215,"But when we do catch him at Calais,",Syme,after_quote,"said the Professor,",Unknown,True,False,attribution_without_continuation_evidence,review,False
MWT_C00650,183215,183242,7215,7217,"what are we

going to do?",Syme,after_quote,"At this question the countenance of Dr. Bull fell for the first time. He reflected a little, and then said—",Unknown,True,False,attribution_without_continuation_evidence,review,False
MWT_C00651,183358,183414,7227,7227,"Theoretically, I suppose, we ought to call the police.",Syme,after_quote,,Unknown,False,False,possible_new_turn,review,False
MWT_C00652,183418,183426,7231,7231,"Not I,",Syme,after_quote,said Syme.,Syme,True,False,attribution_without_continuation_evidence,review,False
MWT_C00653,183438,183709,7231,7239,"Theoretically I ought to drown myself first. I

promised a poor fellow, who was a real modern pessimist, on my word of

honour not to tell the police. I’m no hand at casuistry, but I can’t

break my word to a modern pessimist. It’s like breaking one’s word to a

child.",Syme,before_quote,,Unknown,False,False,possible_new_turn,review,False
MWT_C00654,183713,183736,7243,7243,"I’m in the same boat,",Syme,before_quote,said the Professor.,Unknown,True,False,attribution_without_continuation_evidence,review,False
MWT_C00655,183757,184031,7243,7251,"I tried to tell the police

and I couldn’t, because of some silly oath I took. You see, when I was

an actor I was a sort of all-round beast. Perjury or treason is the

only crime I haven’t committed. If I did that I shouldn’t know the

difference between right and wrong.",Syme,before_quote,,Unknown,False,False,possible_new_turn,review,False
MWT_C00656,184035,184064,7255,7255,"I’ve been through all that,",Unknown,none,"said Dr. Bull,",Unknown,True,False,attribution_without_continuation_evidence,review,False
MWT_C00657,184080,184551,7255,7269,"and I’ve made up my mind.

I gave my promise to the Secretary—you know him, man who smiles upside

down. My friends, that man is the most utterly unhappy man that was

ever human. It may be his digestion, or his conscience, or his nerves,

or his philosophy of the universe, but he’s damned, he’s in hell! Well,

I can’t turn on a man like that, and hunt him down. It’s like whipping

a leper. I may be mad, but that’s how I feel; and there’s jolly well

the end of it.",Syme,after_quote,,Unknown,False,False,possible_new_turn,review,False
MWT_C00658,184555,184582,7273,7273,"I don’t think you’re mad,",Syme,after_quote,said Syme.,Syme,True,False,attribution_without_continuation_evidence,review,False
MWT_C00659,184594,184646,7273,7275,"I knew you would decide like

that when first you—",Syme,after_quote,,Unknown,False,False,possible_new_turn,review,False
MWT_C00660,184650,184655,7279,7279,Eh?,Syme,after_quote,said Dr. Bull.,Unknown,True,False,attribution_without_continuation_evidence,review,False
MWT_C00661,184674,184716,7283,7283,When first you took off your spectacles.,Syme,after_quote,"Dr. Bull smiled a little, and strolled across the deck to look at the sunlit sea. Then he strolled back again, kicking his heels carelessly, and a companionable silence fell between the three men.",Unknown,False,False,possible_new_turn,review,False
MWT_C00662,184922,184929,7295,7295,"Well,",Syme,after_quote,"said Syme,",Syme,True,False,attribution_without_continuation_evidence,review,False
MWT_C00663,184941,185059,7295,7297,"it seems that we have all the same kind of morality

or immorality, so we had better face the fact that comes of it.",Syme,after_quote,,Unknown,False,False,possible_new_turn,review,False
MWT_C00664,185063,185069,7301,7301,"Yes,",Syme,after_quote,"assented the Professor,",Unknown,False,False,no_explicit_boundary_evidence,review,False
MWT_C00665,185094,185192,7301,7303,"you’re quite right; and we must hurry

up, for I can see the Grey Nose standing out from France.",Syme,after_quote,,Unknown,False,False,possible_new_turn,review,False
MWT_C00666,185196,185224,7307,7307,"The fact that comes of it,",Syme,after_quote,"said Syme seriously,",Syme,True,False,attribution_without_continuation_evidence,review,False
MWT_C00667,185246,185602,7307,7317,"is this, that we

three are alone on this planet. Gogol has gone, God knows where;

perhaps the President has smashed him like a fly. On the Council we are

three men against three, like the Romans who held the bridge. But we

are worse off than that, first because they can appeal to their

organization and we cannot appeal to ours, and second because—",Syme,before_quote,,Unknown,False,False,possible_new_turn,review,False
MWT_C00668,185606,185645,7321,7321,"Because one of those other three men,",Syme,before_quote,"said the Professor,",Unknown,True,False,attribution_without_continuation_evidence,review,False
MWT_C00669,185666,185682,7321,7323,"is not a

man.",Syme,before_quote,"Syme nodded and was silent for a second or two, then he said—",Unknown,True,False,attribution_without_continuation_evidence,review,False
MWT_C00670,185751,186704,7331,7357,"My idea is this. We must do something to keep the Marquis in Calais

till tomorrow midday. I have turned over twenty schemes in my head. We

cannot denounce him as a dynamiter; that is agreed. We cannot get him

detained on some trivial charge, for we should have to appear; he knows

us, and he would smell a rat. We cannot pretend to keep him on

anarchist business; he might swallow much in that way, but not the

notion of stopping in Calais while the Czar went safely through Paris.

We might try to kidnap him, and lock him up ourselves; but he is a

well-known man here. He has a whole bodyguard of friends; he is very

strong and brave, and the event is doubtful. The only thing I can see

to do is actually to take advantage of the very things that are in the

Marquis’s favour. I am going to profit by the fact that he is a highly

respected nobleman. I am going to profit by the fact that he has many

friends and moves in the best society.",Syme,after_quote,,Unknown,False,False,possible_new_turn,review,False
MWT_C00671,186708,186747,7361,7361,What the devil are you talking about?,Syme,after_quote,asked the Professor.,Unknown,True,False,attribution_without_continuation_evidence,review,False
MWT_C00672,186772,186830,7365,7365,"The Symes are first mentioned in the fourteenth century,",Syme,after_quote,said Syme;,Syme,True,False,attribution_without_continuation_evidence,review,False
MWT_C00673,186843,186957,7367,7369,"but there is a tradition that one of them rode behind Bruce at

Bannockburn. Since 1350 the tree is quite clear.",Syme,after_quote,,Unknown,False,False,possible_new_turn,review,False
MWT_C00674,186961,186986,7373,7373,"He’s gone off his head,",Syme,after_quote,"said the little Doctor, staring.",Unknown,True,False,attribution_without_continuation_evidence,review,False
MWT_C00675,187023,187038,7377,7377,"Our bearings,",Syme,after_quote,"continued Syme calmly,",Syme,True,False,attribution_without_continuation_evidence,review,False
MWT_C00676,187062,187160,7377,7379,"are ‘argent a chevron gules

charged with three cross crosslets of the field.’ The motto varies.",Syme,after_quote,The Professor seized Syme roughly by the waistcoat.,Unknown,False,False,possible_new_turn,review,False
MWT_C00677,187219,187241,7387,7387,"We are just inshore,",Syme,after_quote,he said.,Unknown,True,False,attribution_without_continuation_evidence,review,False
MWT_C00678,187251,187299,7387,7389,"Are you seasick or joking in the wrong

place?",Syme,after_quote,,Unknown,False,False,possible_new_turn,review,False
MWT_C00679,187303,187347,7393,7393,"My remarks are almost painfully practical,",Syme,after_quote,"answered Syme, in an unhurried manner.",Syme,True,False,attribution_without_continuation_evidence,review,False
MWT_C00680,187388,187694,7395,7403,"The house of St. Eustache also is very ancient. The

Marquis cannot deny that he is a gentleman. He cannot deny that I am a

gentleman. And in order to put the matter of my social position quite

beyond a doubt, I propose at the earliest opportunity to knock his hat

off. But here we are in the harbour.",Syme,before_quote,"They went on shore under the strong sun in a sort of daze. Syme, who had now taken the lead as Bull had taken it in London, led them along a kind of marine parade until he came to some cafés, embowered in a bulk of greenery and overlooking the sea. As he went before them his step was slightly swaggering, and he swung his stick like a sword. He was making apparently for the extreme end of the line of cafés, but he stopped abruptly. With a sharp gesture he motioned them to silence, but he pointed with one gloved finger to a café table under a bank of flowering foliage at which sat the Marquis de St. Eustache, his teeth shining in his thick, black beard, and his bold, brown face shadowed by a light yellow straw hat and outlined against the violet sea. CHAPTER X. THE DUEL Syme sat down at a café table with his companions, his blue eyes sparkling like the bright sea below, and ordered a bottle of Saumur with a pleased impatience. He was for some reason in a co",Unknown,False,False,possible_new_turn,review,False
MWT_C00681,189157,189463,7467,7475,"I shall approach. Before taking off his hat, I shall take off my own.

I shall say, ‘The Marquis de Saint Eustache, I believe.’ He will say,

‘The celebrated Mr. Syme, I presume.’ He will say in the most exquisite

French, ‘How are you?’ I shall reply in the most exquisite Cockney,

‘Oh, just the Syme—’",Syme,after_quote,,Unknown,False,False,possible_new_turn,review,False
MWT_C00682,189467,189481,7479,7479,"Oh, shut it,",Syme,after_quote,said the man in spectacles.,Unknown,True,False,attribution_without_continuation_evidence,review,False
MWT_C00683,189510,189603,7479,7481,"Pull yourself together, and

chuck away that bit of paper. What are you really going to do?",Syme,after_quote,,Unknown,False,False,possible_new_turn,review,False
MWT_C00684,189607,189639,7485,7485,"But it was a lovely catechism,",Syme,after_quote,said Syme pathetically.,Syme,True,False,attribution_without_continuation_evidence,review,False
MWT_C00685,189664,189826,7485,7491,"Do let me

read it you. It has only forty-three questions and answers, and some of

the Marquis’s answers are wonderfully witty. I like to be just to my

enemy.",Syme,after_quote,,Unknown,False,False,possible_new_turn,review,False
MWT_C00686,189830,189862,7495,7495,But what’s the good of it all?,Syme,after_quote,asked Dr. Bull in exasperation.,Unknown,True,False,attribution_without_continuation_evidence,review,False
MWT_C00687,189898,189943,7499,7499,"It leads up to my challenge, don’t you see,",Syme,after_quote,"said Syme, beaming.",Syme,True,False,attribution_without_continuation_evidence,review,False
MWT_C00688,189964,190029,7499,7501,"When

the Marquis has given the thirty-ninth reply, which runs—",Syme,before_quote,,Unknown,False,False,possible_new_turn,review,False
MWT_C00689,190033,190072,7505,7505,"Has it by any chance occurred to you,",Syme,after_quote,"asked the Professor, with a ponderous simplicity,",Unknown,True,False,attribution_without_continuation_evidence,review,False
MWT_C00690,190124,190289,7507,7511,"that the Marquis may not say all the forty-three

things you have put down for him? In that case, I understand, your own

epigrams may appear somewhat more forced.",Syme,after_quote,Syme struck the table with a radiant face.,Unknown,False,False,possible_new_turn,review,False
MWT_C00691,190339,190363,7519,7519,"Why, how true that is,",Syme,after_quote,"he said,",Unknown,True,False,attribution_without_continuation_evidence,review,False
MWT_C00692,190373,190470,7519,7521,"and I never thought of it. Sir, you

have an intellect beyond the common. You will make a name.",Syme,after_quote,,Unknown,False,False,possible_new_turn,review,False
MWT_C00693,190474,190506,7525,7525,"Oh, you’re as drunk as an owl!",Syme,after_quote,said the Doctor.,Unknown,True,False,attribution_without_continuation_evidence,review,False
MWT_C00694,190527,190545,7529,7529,"It only remains,",Syme,after_quote,"continued Syme quite unperturbed,",Syme,True,False,attribution_without_continuation_evidence,review,False
MWT_C00695,190580,190980,7529,7541,"to adopt some

other method of breaking the ice (if I may so express it) between

myself and the man I wish to kill. And since the course of a dialogue

cannot be predicted by one of its parties alone (as you have pointed

out with such recondite acumen), the only thing to be done, I suppose,

is for the one party, as far as possible, to do all the dialogue by

himself. And so I will, by George!",Syme,before_quote,"And he stood up suddenly, his yellow hair blowing in the slight sea breeze. A band was playing in a _café chantant_ hidden somewhere among the trees, and a woman had just stopped singing. On Syme’s heated head the bray of the brass band seemed like the jar and jingle of that barrel-organ in Leicester Square, to the tune of which he had once stood up to die. He looked across to the little table where the Marquis sat. The man had two companions now, solemn Frenchmen in frock-coats and silk hats, one of them with the red rosette of the Legion of Honour, evidently people of a solid social position. Besides these black, cylindrical costumes, the Marquis, in his loose straw hat and light spring clothes, looked Bohemian and even barbaric; but he looked the Marquis. Indeed, one might say that he looked the king, with his animal elegance, his scornful eyes, and his proud head lifted against the purple sea. But he was no Christian king, at any rate; he was, rather, some swarthy",Unknown,False,False,possible_new_turn,review,False
MWT_C00696,192268,192307,7585,7585,Are you going to address the meeting?,Unknown,none,"asked the Professor peevishly, seeing that Syme still stood up without moving. Syme drained his last glass of sparkling wine.",Unknown,True,False,attribution_without_continuation_evidence,review,False
MWT_C00697,192441,192448,7595,7595,"I am,",Unknown,none,"he said, pointing across to the Marquis and his companions,",Unknown,True,False,attribution_without_continuation_evidence,review,False
MWT_C00698,192510,192624,7597,7599,"that meeting. That meeting displeases me. I am going to pull that

meeting’s great ugly, mahogany-coloured nose.",Syme,after_quote,"He stepped across swiftly, if not quite steadily. The Marquis, seeing him, arched his black Assyrian eyebrows in surprise, but smiled politely.",Unknown,False,False,possible_new_turn,review,False
MWT_C00699,192777,192805,7611,7611,"You are Mr. Syme, I think,",Syme,after_quote,he said. Syme bowed.,Unknown,True,False,attribution_without_continuation_evidence,review,False
MWT_C00700,192833,192877,7619,7619,"And you are the Marquis de Saint Eustache,",Syme,after_quote,he said gracefully.,Unknown,True,False,attribution_without_continuation_evidence,review,False
MWT_C00701,192899,192929,7621,7621,Permit me to pull your nose.,Syme,after_quote,"He leant over to do so, but the Marquis started backwards, upsetting his chair, and the two men in top hats held Syme back by the shoulders.",Unknown,False,False,possible_new_turn,review,False
MWT_C00702,193078,193105,7631,7631,This man has insulted me!,Syme,after_quote,"said Syme, with gestures of explanation.",Syme,True,False,attribution_without_continuation_evidence,review,False
MWT_C00703,193150,193165,7635,7635,Insulted you?,Syme,after_quote,"cried the gentleman with the red rosette,",Unknown,True,False,attribution_without_continuation_evidence,review,False
MWT_C00704,193208,193215,7635,7635,when?,Syme,after_quote,,Unknown,False,False,possible_new_turn,review,False
MWT_C00705,193219,193234,7639,7639,"Oh, just now,",Syme,after_quote,said Syme recklessly.,Syme,True,False,attribution_without_continuation_evidence,review,False
MWT_C00706,193257,193281,7639,7639,He insulted my mother.,Syme,after_quote,,Unknown,False,False,possible_new_turn,review,False
MWT_C00707,193285,193308,7643,7643,Insulted your mother!,Syme,after_quote,exclaimed the gentleman incredulously.,Unknown,True,False,attribution_without_continuation_evidence,review,False
MWT_C00708,193351,193366,7647,7647,"Well, anyhow,",Syme,after_quote,"said Syme, conceding a point,",Syme,True,False,attribution_without_continuation_evidence,review,False
MWT_C00709,193397,193407,7647,7647,my aunt.,Syme,after_quote,,Unknown,False,False,possible_new_turn,review,False
MWT_C00710,193411,193470,7651,7651,But how can the Marquis have insulted your aunt just now?,Syme,after_quote,said the second gentleman with some legitimate wonder.,Unknown,True,False,attribution_without_continuation_evidence,review,False
MWT_C00711,193527,193568,7653,7655,"He has been sitting here

all the time.",Syme,after_quote,,Unknown,False,False,possible_new_turn,review,False
MWT_C00712,193572,193598,7659,7659,"Ah, it was what he said!",Syme,after_quote,said Syme darkly.,Syme,True,False,attribution_without_continuation_evidence,review,False
MWT_C00713,193620,193644,7663,7663,"I said nothing at all,",Syme,after_quote,"said the Marquis,",Unknown,True,False,attribution_without_continuation_evidence,review,False
MWT_C00714,193663,193743,7663,7665,"except something about the

band. I only said that I liked Wagner played well.",Syme,after_quote,,Unknown,False,False,possible_new_turn,review,False
MWT_C00715,193747,193781,7669,7669,"It was an allusion to my family,",Syme,after_quote,said Syme firmly.,Syme,True,False,attribution_without_continuation_evidence,review,False
MWT_C00716,193800,193897,7669,7673,"My aunt played

Wagner badly. It was a painful subject. We are always being insulted

about it.",Syme,after_quote,,Unknown,False,False,possible_new_turn,review,False
MWT_C00717,193901,193933,7677,7677,"This seems most extraordinary,",Syme,after_quote,"said the gentleman who was _décoré_, looking doubtfully at the Marquis.",Unknown,True,False,attribution_without_continuation_evidence,review,False
MWT_C00718,194010,194029,7683,7683,"Oh, I assure you,",Syme,after_quote,"said Syme earnestly,",Syme,True,False,attribution_without_continuation_evidence,review,False
MWT_C00719,194051,194152,7683,7687,"the whole of your

conversation was simply packed with sinister allusions to my aunt’s

weaknesses.",Syme,after_quote,,Unknown,False,False,possible_new_turn,review,False
MWT_C00720,194156,194175,7691,7691,This is nonsense!,Syme,after_quote,said the second gentleman.,Unknown,True,False,attribution_without_continuation_evidence,review,False
MWT_C00721,194203,194313,7691,7695,"I for one have said

nothing for half an hour except that I liked the singing of that girl

with black hair.",Syme,after_quote,,Unknown,False,False,possible_new_turn,review,False
MWT_C00722,194317,194345,7699,7699,"Well, there you are again!",Syme,after_quote,said Syme indignantly.,Syme,True,False,attribution_without_continuation_evidence,review,False
MWT_C00723,194369,194390,7699,7701,"My aunt’s was

red.",Syme,after_quote,,Unknown,False,False,possible_new_turn,review,False
MWT_C00724,194394,194411,7705,7705,"It seems to me,",Syme,after_quote,"said the other,",Unknown,True,False,attribution_without_continuation_evidence,review,False
MWT_C00725,194428,194491,7705,7707,"that you are simply seeking a

pretext to insult the Marquis.",Syme,after_quote,,Unknown,False,False,possible_new_turn,review,False
MWT_C00726,194495,194507,7711,7711,By George!,Syme,after_quote,"said Syme, facing round and looking at him,",Syme,True,False,attribution_without_continuation_evidence,review,False
MWT_C00727,194552,194582,7711,7713,"what a clever

chap you are!",Syme,before_quote,The Marquis started up with eyes flaming like a tiger’s.,Unknown,False,False,possible_new_turn,review,False
MWT_C00728,194646,194674,7721,7721,Seeking a quarrel with me!,Syme,before_quote,he cried.,Unknown,True,False,attribution_without_continuation_evidence,review,False
MWT_C00729,194685,194874,7721,7727,"Seeking a fight with me! By

God! there was never a man who had to seek long. These gentlemen will

perhaps act for me. There are still four hours of daylight. Let us

fight this evening.",Syme,before_quote,Syme bowed with a quite beautiful graciousness.,Unknown,False,False,possible_new_turn,review,False
MWT_C00730,194929,194939,7735,7735,"Marquis,",Syme,before_quote,"he said,",Unknown,True,False,attribution_without_continuation_evidence,review,False
MWT_C00731,194949,195088,7735,7739,"your action is worthy of your fame and blood.

Permit me to consult for a moment with the gentlemen in whose hands I

shall place myself.",Syme,before_quote,"In three long strides he rejoined his companions, and they, who had seen his champagne-inspired attack and listened to his idiotic explanations, were quite startled at the look of him. For now that he came back to them he was quite sober, a little pale, and he spoke in a low voice of passionate practicality.",Unknown,False,False,possible_new_turn,review,False
MWT_C00732,195409,195426,7755,7755,"I have done it,",Unknown,none,he said hoarsely.,Unknown,True,False,attribution_without_continuation_evidence,review,False
MWT_C00733,195445,196329,7755,7779,"I have fixed a fight on the beast.

But look here, and listen carefully. There is no time for talk. You are

my seconds, and everything must come from you. Now you must insist, and

insist absolutely, on the duel coming off after seven tomorrow, so as

to give me the chance of preventing him from catching the 7.45 for

Paris. If he misses that he misses his crime. He can’t refuse to meet

you on such a small point of time and place. But this is what he will

do. He will choose a field somewhere near a wayside station, where he

can pick up the train. He is a very good swordsman, and he will trust

to killing me in time to catch it. But I can fence well too, and I

think I can keep him in play, at any rate, until the train is lost.

Then perhaps he may kill me to console his feelings. You understand?

Very well then, let me introduce you to some charming friends of mine,",Unknown,none,"and leading them quickly across the parade, he presented them to the Marquis’s seconds by two very aristocratic names of which they had not previously heard. Syme was subject to spasms of singular common sense, not otherwise a part of his character. They were (as he said of his impulse about the spectacles) poetic intuitions, and they sometimes rose to the exaltation of prophecy. He had correctly calculated in this case the policy of his opponent. When the Marquis was informed by his seconds that Syme could only fight in the morning, he must fully have realised that an obstacle had suddenly arisen between him and his bomb-throwing business in the capital. Naturally he could not explain this objection to his friends, so he chose the course which Syme had predicted. He induced his seconds to settle on a small meadow not far from the railway, and he trusted to the fatality of the first engagement. When he came down very coolly to the field of honour, no one could ha",Unknown,True,False,attribution_without_continuation_evidence,review,False
MWT_C00734,199457,199532,7897,7899,"To a man of the well-known skill and valour of Monsieur de St.

Eustache,",Unknown,none,"said the Professor solemnly,",Unknown,True,False,attribution_without_continuation_evidence,review,False
MWT_C00735,199562,199818,7899,7907,"it must be a matter of

indifference which method is adopted, and our principal has strong

reasons for demanding the longer encounter, reasons the delicacy of

which prevent me from being explicit, but for the just and honourable

nature of which I can—",Unknown,none,,Unknown,False,False,possible_new_turn,review,False
MWT_C00736,199822,199832,7911,7911,_Peste!_,Unknown,none,"broke from the Marquis behind, whose face had suddenly darkened,",Unknown,False,False,possible_new_turn,review,False
MWT_C00737,199899,199931,7913,7913,"let us stop talking and begin,",Unknown,none,"and he slashed off the head of a tall flower with his stick. Syme understood his rude impatience and instinctively looked over his shoulder to see whether the train was coming in sight. But there was no smoke on the horizon. Colonel Ducroix knelt down and unlocked the case, taking out a pair of twin swords, which took the sunlight and turned to two streaks of white fire. He offered one to the Marquis, who snatched it without ceremony, and another to Syme, who took it, bent it, and poised it with as much delay as was consistent with dignity. Then the Colonel took out another pair of blades, and taking one himself and giving another to Dr. Bull, proceeded to place the men. Both combatants had thrown off their coats and waistcoats, and stood sword in hand. The seconds stood on each side of the line of fight with drawn swords also, but still sombre in their dark frock-coats and hats. The principals saluted. The Colonel said quietly,",Unknown,True,False,attribution_without_continuation_evidence,review,False
MWT_C00738,200898,200907,7951,7951,Engage!,Unknown,none,"and the two blades touched and tingled. When the jar of the joined iron ran up Syme’s arm, all the fantastic fears that have been the subject of this story fell from him like dreams from a man waking up in bed. He remembered them clearly and in order as mere delusions of the nerves—how the fear of the Professor had been the fear of the tyrannic accidents of nightmare, and how the fear of the Doctor had been the fear of the airless vacuum of science. The first was the old fear that any miracle might happen, the second the more hopeless modern fear that no miracle can ever happen. But he saw that these fears were fancies, for he found himself in the presence of the great fact of the fear of death, with its coarse and pitiless common sense. He felt like a man who had dreamed all night of falling over precipices, and had woke up on the morning when he was to be hanged. For as soon as he had seen the sunlight run down the channel of his foe’s foreshortened blade, and as so",Unknown,False,False,possible_new_turn,review,False
MWT_C00739,206405,206417,8131,8131,"After all,",Unknown,none,"he said to himself,",Unknown,True,False,attribution_without_continuation_evidence,review,False
MWT_C00740,206438,206541,8131,8135,"I am more

than a devil; I am a man. I can do the one thing which Satan himself

cannot do—I can die,",Unknown,none,"and as the word went through his head, he heard a faint and far-off hoot, which would soon be the roar of the Paris train. He fell to fighting again with a supernatural levity, like a Mohammedan panting for Paradise. As the train came nearer and nearer he fancied he could see people putting up the floral arches in Paris; he joined in the growing noise and the glory of the great Republic whose gate he was guarding against Hell. His thoughts rose higher and higher with the rising roar of the train, which ended, as if proudly, in a long and piercing whistle. The train stopped. Suddenly, to the astonishment of everyone the Marquis sprang back quite out of sword reach and threw down his sword. The leap was wonderful, and not the less wonderful because Syme had plunged his sword a moment before into the man’s thigh.",Unknown,False,False,possible_new_turn,review,False
MWT_C00741,207384,207391,8169,8169,Stop!,Unknown,none,said the Marquis in a voice that compelled a momentary obedience.,Unknown,True,False,attribution_without_continuation_evidence,review,False
MWT_C00742,207459,207485,8171,8171,I want to say something.,Unknown,none,,Unknown,False,False,possible_new_turn,review,False
MWT_C00743,207489,207510,8175,8175,What is the matter?,Unknown,none,"asked Colonel Ducroix, staring.",Unknown,True,False,attribution_without_continuation_evidence,review,False
MWT_C00744,207543,207571,8175,8177,"Has there been

foul play?",Unknown,none,,Unknown,False,False,possible_new_turn,review,False
MWT_C00745,207575,207612,8181,8181,"There has been foul play somewhere,",Unknown,none,"said Dr. Bull, who was a little pale.",Unknown,True,False,attribution_without_continuation_evidence,review,False
MWT_C00746,207652,207739,8183,8185,"Our principal has wounded the Marquis four times at least, and

he is none the worse.",Unknown,none,The Marquis put up his hand with a curious air of ghastly patience.,Unknown,False,False,possible_new_turn,review,False
MWT_C00747,207814,207836,8193,8193,"Please let me speak,",Unknown,none,he said.,Unknown,True,False,attribution_without_continuation_evidence,review,False
MWT_C00748,207846,207881,8193,8193,"It is rather important. Mr. Syme,",Unknown,none,"he continued, turning to his opponent,",Unknown,True,False,attribution_without_continuation_evidence,review,False
MWT_C00749,207922,208137,8195,8201,"we are fighting today, if I

remember right, because you expressed a wish (which I thought

irrational) to pull my nose. Would you oblige me by pulling my nose now

as quickly as possible? I have to catch a train.",Unknown,none,,Unknown,False,False,possible_new_turn,review,False
MWT_C00750,208141,208181,8205,8205,"I protest that this is most irregular,",Unknown,none,said Dr. Bull indignantly.,Unknown,True,False,attribution_without_continuation_evidence,review,False
MWT_C00751,208212,208260,8209,8209,"It is certainly somewhat opposed to precedent,",Unknown,none,"said Colonel Ducroix, looking wistfully at his principal.",Unknown,True,False,attribution_without_continuation_evidence,review,False
MWT_C00752,208320,208554,8211,8217,"There is, I think, one case on

record (Captain Bellegarde and the Baron Zumpt) in which the weapons

were changed in the middle of the encounter at the request of one of

the combatants. But one can hardly call one’s nose a weapon.",Unknown,none,,Unknown,False,False,possible_new_turn,review,False
MWT_C00753,208558,208598,8221,8221,Will you or will you not pull my nose?,Unknown,none,said the Marquis in exasperation.,Unknown,True,False,attribution_without_continuation_evidence,review,False
MWT_C00754,208634,208803,8223,8227,"Come, come, Mr. Syme! You wanted to do it, do it! You

can have no conception of how important it is to me. Don’t be so

selfish! Pull my nose at once, when I ask you!",Unknown,none,"and he bent slightly forward with a fascinating smile. The Paris train, panting and groaning, had grated into a little station behind the neighbouring hill. Syme had the feeling he had more than once had in these adventures—the sense that a horrible and sublime wave lifted to heaven was just toppling over. Walking in a world he half understood, he took two paces forward and seized the Roman nose of this remarkable nobleman. He pulled it hard, and it came off in his hand. He stood for some seconds with a foolish solemnity, with the pasteboard proboscis still between his fingers, looking at it, while the sun and the clouds and the wooded hills looked down upon this imbecile scene. The Marquis broke the silence in a loud and cheerful voice.",Unknown,False,False,possible_new_turn,review,False
MWT_C00755,209573,209617,8261,8261,"If anyone has any use for my left eyebrow,",Unknown,none,"he said,",Unknown,True,False,attribution_without_continuation_evidence,review,False
MWT_C00756,209627,209748,8261,8265,"he can have it.

Colonel Ducroix, do accept my left eyebrow! It’s the kind of thing that

might come in useful any day,",Unknown,none,"and he gravely tore off one of his swarthy Assyrian brows, bringing about half his brown forehead with it, and politely offered it to the Colonel, who stood crimson and speechless with rage.",Unknown,False,False,possible_new_turn,review,False
MWT_C00757,209946,209963,8275,8275,"If I had known,",Unknown,none,"he spluttered,",Unknown,False,False,no_explicit_boundary_evidence,review,False
MWT_C00758,209979,210041,8275,8277,"that I was acting for a poltroon who

pads himself to fight—",Unknown,none,,Unknown,False,False,possible_new_turn,review,False
MWT_C00759,210045,210066,8281,8281,"Oh, I know, I know!",Unknown,none,"said the Marquis, recklessly throwing various parts of himself right and left about the field.",Unknown,True,False,attribution_without_continuation_evidence,review,False
MWT_C00760,210163,210276,8283,8287,"You are making a

mistake; but it can’t be explained just now. I tell you the train has

come into the station!",Syme,after_quote,,Unknown,False,False,possible_new_turn,review,False
MWT_C00761,210280,210286,8291,8291,"Yes,",Syme,after_quote,"said Dr. Bull fiercely,",Unknown,True,False,attribution_without_continuation_evidence,review,False
MWT_C00762,210311,210429,8291,8295,"and the train shall go out of the

station. It shall go out without you. We know well enough for what

devil’s work—",Syme,after_quote,"The mysterious Marquis lifted his hands with a desperate gesture. He was a strange scarecrow standing there in the sun with half his old face peeled off, and half another face glaring and grinning from underneath.",Unknown,False,False,possible_new_turn,review,False
MWT_C00763,210653,210677,8309,8309,Will you drive me mad?,Syme,after_quote,he cried.,Unknown,True,False,attribution_without_continuation_evidence,review,False
MWT_C00764,210688,210700,8309,8309,The train—,Syme,after_quote,,Unknown,False,False,possible_new_turn,review,False
MWT_C00765,210704,210736,8313,8313,"You shall not go by the train,",Syme,after_quote,"said Syme firmly, and grasped his sword. The wild figure turned towards Syme, and seemed to be gathering itself for a sublime effort before speaking.",Syme,True,False,attribution_without_continuation_evidence,review,False
MWT_C00766,210895,211005,8325,8327,"You great fat, blasted, blear-eyed, blundering, thundering, brainless,

Godforsaken, doddering, damned fool!",Syme,before_quote,he said without taking breath.,Unknown,True,False,attribution_without_continuation_evidence,review,False
MWT_C00767,211038,211091,8329,8329,"You great silly, pink-faced, towheaded turnip! You—",Syme,before_quote,,Unknown,False,False,possible_new_turn,review,False
MWT_C00768,211095,211128,8333,8333,"You shall not go by this train,",Syme,before_quote,repeated Syme.,Unknown,False,False,possible_new_turn,review,False
MWT_C00769,211147,211177,8337,8337,"And why the infernal blazes,",Syme,before_quote,"roared the other,",Unknown,False,False,no_explicit_boundary_evidence,review,False
MWT_C00770,211196,211232,8337,8339,"should I want to go

by the train?",Syme,before_quote,,Unknown,False,False,possible_new_turn,review,False
MWT_C00771,211236,211250,8343,8343,"We know all,",Syme,before_quote,said the Professor sternly.,Unknown,True,False,attribution_without_continuation_evidence,review,False
MWT_C00772,211279,211321,8343,8345,"You are going to Paris to

throw a bomb!",Unknown,none,,Unknown,False,False,possible_new_turn,review,False
MWT_C00773,211325,211366,8349,8349,Going to Jericho to throw a Jabberwock!,Syme,after_quote,"cried the other, tearing his hair, which came off easily.",Unknown,True,False,attribution_without_continuation_evidence,review,False
MWT_C00774,211426,211615,8351,8357,"Have you all got softening of the brain,

that you don’t realise what I am? Did you really think I wanted to

catch that train? Twenty Paris trains might go by for me. Damn Paris

trains!",Syme,after_quote,,Unknown,False,False,possible_new_turn,review,False
MWT_C00775,211619,211650,8361,8361,Then what did you care about?,Syme,after_quote,began the Professor.,Unknown,False,False,possible_new_turn,review,False
MWT_C00776,211675,211818,8365,8367,"What did I care about? I didn’t care about catching the train; I cared

about whether the train caught me, and now, by God! it has caught me.",Syme,after_quote,,Unknown,False,False,possible_new_turn,review,False
MWT_C00777,211822,211847,8371,8371,"I regret to inform you,",Syme,after_quote,"said Syme with restraint,",Syme,True,False,attribution_without_continuation_evidence,review,False
MWT_C00778,211874,212264,8371,8383,"that your remarks

convey no impression to my mind. Perhaps if you were to remove the

remains of your original forehead and some portion of what was once

your chin, your meaning would become clearer. Mental lucidity fulfils

itself in many ways. What do you mean by saying that the train has

caught you? It may be my literary fancy, but somehow I feel that it

ought to mean something.",Syme,before_quote,,Unknown,False,False,possible_new_turn,review,False
MWT_C00779,212268,212290,8387,8387,"It means everything,",Syme,before_quote,"said the other,",Unknown,True,False,attribution_without_continuation_evidence,review,False
MWT_C00780,212307,212381,8387,8389,"and the end of everything.

Sunday has us now in the hollow of his hand.",Syme,before_quote,,Unknown,False,False,possible_new_turn,review,False
MWT_C00781,212385,212390,8393,8393,Us!,Unknown,none,"repeated the Professor, as if stupefied.",Unknown,False,False,possible_new_turn,review,False
MWT_C00782,212432,212460,8393,8395,"What do you mean by

‘us’?",Unknown,none,,Unknown,False,False,possible_new_turn,review,False
MWT_C00783,212464,212488,8399,8399,"The police, of course!",Unknown,none,"said the Marquis, and tore off his scalp and half his face. The head which emerged was the blonde, well brushed, smooth-haired head which is common in the English constabulary, but the face was terribly pale.",Unknown,True,False,attribution_without_continuation_evidence,review,False
MWT_C00784,212707,212734,8413,8413,"I am Inspector Ratcliffe,",Unknown,none,"he said, with a sort of haste that verged on harshness.",Unknown,True,False,attribution_without_continuation_evidence,review,False
MWT_C00785,212792,212950,8415,8419,"My name is pretty well known to the police, and I can

see well enough that you belong to them. But if there is any doubt

about my position, I have a card,",Unknown,none,and he began to pull a blue card from his pocket. The Professor gave a tired gesture.,Unknown,False,False,possible_new_turn,review,False
MWT_C00786,213044,213067,8429,8429,"Oh, don’t show it us,",Unknown,none,he said wearily;,Unknown,True,False,attribution_without_continuation_evidence,review,False
MWT_C00787,213085,213136,8429,8431,"we’ve got enough of them to

equip a paper-chase.",Unknown,none,"The little man named Bull, had, like many men who seem to be of a mere vivacious vulgarity, sudden movements of good taste. Here he certainly saved the situation. In the midst of this staggering transformation scene he stepped forward with all the gravity and responsibility of a second, and addressed the two seconds of the Marquis.",Unknown,False,False,possible_new_turn,review,False
MWT_C00788,213481,213493,8447,8447,"Gentlemen,",Unknown,none,"he said,",Unknown,True,False,attribution_without_continuation_evidence,review,False
MWT_C00789,213503,214297,8447,8469,"we all owe you a serious apology; but I assure

you that you have not been made the victims of such a low joke as you

imagine, or indeed of anything undignified in a man of honour. You have

not wasted your time; you have helped to save the world. We are not

buffoons, but very desperate men at war with a vast conspiracy. A

secret society of anarchists is hunting us like hares; not such

unfortunate madmen as may here or there throw a bomb through starvation

or German philosophy, but a rich and powerful and fanatical church, a

church of eastern pessimism, which holds it holy to destroy mankind

like vermin. How hard they hunt us you can gather from the fact that we

are driven to such disguises as those for which I apologise, and to

such pranks as this one by which you suffer.",Unknown,none,"The younger second of the Marquis, a short man with a black moustache, bowed politely, and said—",Unknown,True,False,attribution_without_continuation_evidence,review,False
MWT_C00790,214402,214902,8479,8493,"Of course, I accept the apology; but you will in your turn forgive me

if I decline to follow you further into your difficulties, and permit

myself to say good morning! The sight of an acquaintance and

distinguished fellow-townsman coming to pieces in the open air is

unusual, and, upon the whole, sufficient for one day. Colonel Ducroix,

I would in no way influence your actions, but if you feel with me that

our present society is a little abnormal, I am now going to walk back

to the town.",Unknown,none,"Colonel Ducroix moved mechanically, but then tugged abruptly at his white moustache and broke out—",Unknown,False,False,possible_new_turn,review,False
MWT_C00791,215009,215216,8503,8507,"No, by George! I won’t. If these gentlemen are really in a mess with a

lot of low wreckers like that, I’ll see them through it. I have fought

for France, and it is hard if I can’t fight for civilization.",Syme,after_quote,"Dr. Bull took off his hat and waved it, cheering as at a public meeting.",Unknown,False,False,possible_new_turn,review,False
MWT_C00792,215297,215325,8517,8517,"Don’t make too much noise,",Syme,after_quote,"said Inspector Ratcliffe,",Unknown,True,False,attribution_without_continuation_evidence,review,False
MWT_C00793,215352,215375,8517,8519,"Sunday may hear

you.",Syme,after_quote,,Unknown,False,False,possible_new_turn,review,False
MWT_C00794,215379,215388,8523,8523,Sunday!,Syme,after_quote,"cried Bull, and dropped his hat.",Unknown,True,False,attribution_without_continuation_evidence,review,False
MWT_C00795,215425,215431,8527,8527,"Yes,",Syme,after_quote,"retorted Ratcliffe,",Unknown,True,False,attribution_without_continuation_evidence,review,False
MWT_C00796,215452,215474,8527,8527,he may be with them.,Syme,after_quote,,Unknown,False,False,possible_new_turn,review,False
MWT_C00797,215478,215490,8531,8531,With whom?,Syme,after_quote,asked Syme.,Syme,True,False,attribution_without_continuation_evidence,review,False
MWT_C00798,215506,215542,8535,8535,"With the people out of that train,",Syme,before_quote,said the other.,Unknown,True,False,attribution_without_continuation_evidence,review,False
MWT_C00799,215562,215596,8539,8539,"What you say seems utterly wild,",Syme,before_quote,began Syme.,Unknown,False,False,possible_new_turn,review,False
MWT_C00800,215609,215649,8539,8541,"Why, as a matter of

fact—But, my God,",Syme,before_quote,"he cried out suddenly, like a man who sees an explosion a long way off,",Unknown,True,False,attribution_without_continuation_evidence,review,False
MWT_C00801,215723,215922,8543,8549,"by God! if this is true the whole bally lot

of us on the Anarchist Council were against anarchy! Every born man was

a detective except the President and his personal secretary. What can

it mean?",Syme,before_quote,,Unknown,False,False,possible_new_turn,review,False
MWT_C00802,215926,215933,8553,8553,Mean!,Syme,before_quote,said the new policeman with incredible violence.,Unknown,True,False,attribution_without_continuation_evidence,review,False
MWT_C00803,215983,216448,8553,8567,"It means that

we are struck dead! Don’t you know Sunday? Don’t you know that his

jokes are always so big and simple that one has never thought of them?

Can you think of anything more like Sunday than this, that he should

put all his powerful enemies on the Supreme Council, and then take care

that it was not supreme? I tell you he has bought every trust, he has

captured every cable, he has control of every railway line—especially

of _that_ railway line!",Syme,before_quote,and he pointed a shaking finger towards the small wayside station.,Unknown,False,False,possible_new_turn,review,False
MWT_C00804,216517,217134,8569,8585,"The whole movement was controlled by him; half

the world was ready to rise for him. But there were just five people,

perhaps, who would have resisted him... and the old devil put them on

the Supreme Council, to waste their time in watching each other. Idiots

that we are, he planned the whole of our idiocies! Sunday knew that the

Professor would chase Syme through London, and that Syme would fight me

in France. And he was combining great masses of capital, and seizing

great lines of telegraphy, while we five idiots were running after each

other like a lot of confounded babies playing blind man’s buff.",Syme,after_quote,,Unknown,False,False,possible_new_turn,review,False
MWT_C00805,217138,217145,8589,8589,Well?,Syme,after_quote,asked Syme with a sort of steadiness.,Syme,True,False,attribution_without_continuation_evidence,review,False
MWT_C00806,217187,217194,8593,8593,"Well,",Syme,before_quote,"replied the other with sudden serenity,",Unknown,True,False,attribution_without_continuation_evidence,review,False
MWT_C00807,217235,217636,8593,8605,"he has found us

playing blind man’s buff today in a field of great rustic beauty and

extreme solitude. He has probably captured the world; it only remains

to him to capture this field and all the fools in it. And since you

really want to know what was my objection to the arrival of that train,

I will tell you. My objection was that Sunday or his Secretary has just

this moment got out of it.",Syme,before_quote,"Syme uttered an involuntary cry, and they all turned their eyes towards the far-off station. It was quite true that a considerable bulk of people seemed to be moving in their direction. But they were too distant to be distinguished in any way.",Unknown,False,False,possible_new_turn,review,False
MWT_C00808,217890,217943,8619,8619,"It was a habit of the late Marquis de St. Eustache,",Unknown,none,"said the new policeman, producing a leather case,",Unknown,True,False,attribution_without_continuation_evidence,review,False
MWT_C00809,217995,218352,8621,8631,"always to carry a pair of opera

glasses. Either the President or the Secretary is coming after us with

that mob. They have caught us in a nice quiet place where we are under

no temptations to break our oaths by calling the police. Dr. Bull, I

have a suspicion that you will see better through these than through

your own highly decorative spectacles.",Unknown,none,"He handed the field-glasses to the Doctor, who immediately took off his spectacles and put the apparatus to his eyes.",Unknown,False,False,possible_new_turn,review,False
MWT_C00810,218478,218511,8641,8641,"It cannot be as bad as you say,",Unknown,none,"said the Professor, somewhat shaken.",Unknown,True,False,attribution_without_continuation_evidence,review,False
MWT_C00811,218550,218637,8643,8645,"There are a good number of them certainly, but they may easily be

ordinary tourists.",Unknown,none,,Unknown,False,False,possible_new_turn,review,False
MWT_C00812,218641,218664,8649,8649,"Do ordinary tourists,",Unknown,none,"asked Bull, with the fieldglasses to his eyes,",Unknown,True,False,attribution_without_continuation_evidence,review,False
MWT_C00813,218713,218755,8651,8651,wear black masks half-way down the face?,Unknown,none,"Syme almost tore the glasses out of his hand, and looked through them. Most men in the advancing mob really looked ordinary enough; but it was quite true that two or three of the leaders in front wore black half-masks almost down to their mouths. This disguise is very complete, especially at such a distance, and Syme found it impossible to conclude anything from the clean-shaven jaws and chins of the men talking in the front. But presently as they talked they all smiled and one of them smiled on one side. CHAPTER XI. THE CRIMINALS CHASE THE POLICE Syme put the field-glasses from his eyes with an almost ghastly relief.",Unknown,False,False,possible_new_turn,review,False
MWT_C00814,219410,219451,8691,8691,"The President is not with them, anyhow,",Syme,after_quote,"he said, and wiped his forehead.",Unknown,True,False,attribution_without_continuation_evidence,review,False
MWT_C00815,219489,219537,8697,8697,"But surely they are right away on the horizon,",Syme,after_quote,"said the bewildered Colonel, blinking and but half recovered from Bull’s hasty though polite explanation.",Unknown,True,False,attribution_without_continuation_evidence,review,False
MWT_C00816,219646,219711,8701,8703,"Could you possibly know your President among all

those people?",Syme,after_quote,,Unknown,False,False,possible_new_turn,review,False
MWT_C00817,219715,219770,8707,8707,Could I know a white elephant among all those people!,Syme,after_quote,answered Syme somewhat irritably.,Syme,True,False,attribution_without_continuation_evidence,review,False
MWT_C00818,219806,219936,8709,8713,"As you very truly say, they are on the horizon;

but if he were walking with them... by God! I believe this ground would

shake.",Syme,after_quote,After an instant’s pause the new man called Ratcliffe said with gloomy decision—,Unknown,True,False,attribution_without_continuation_evidence,review,False
MWT_C00819,220025,220211,8723,8727,"Of course the President isn’t with them. I wish to Gemini he were.

Much more likely the President is riding in triumph through Paris, or

sitting on the ruins of St. Paul’s Cathedral.",Syme,after_quote,,Unknown,False,False,possible_new_turn,review,False
MWT_C00820,220215,220232,8731,8731,This is absurd!,Syme,after_quote,said Syme.,Syme,True,False,attribution_without_continuation_evidence,review,False
MWT_C00821,220244,220369,8731,8735,"Something may have happened in our

absence; but he cannot have carried the world with a rush like that. It

is quite true,",Syme,before_quote,"he added, frowning dubiously at the distant fields that lay towards the little station,",Unknown,True,False,attribution_without_continuation_evidence,review,False
MWT_C00822,220459,220580,8737,8741,"it is certainly true that there seems

to be a crowd coming this way; but they are not all the army that you

make out.",Syme,before_quote,,Unknown,False,False,possible_new_turn,review,False
MWT_C00823,220584,220595,8745,8745,"Oh, they,",Syme,before_quote,said the new detective contemptuously;,Unknown,True,False,attribution_without_continuation_evidence,review,False
MWT_C00824,220635,220985,8745,8755,"no, they are not a

very valuable force. But let me tell you frankly that they are

precisely calculated to our value—we are not much, my boy, in Sunday’s

universe. He has got hold of all the cables and telegraphs himself. But

to kill the Supreme Council he regards as a trivial matter, like a post

card; it may be left to his private secretary,",Syme,before_quote,and he spat on the grass. Then he turned to the others and said somewhat austerely—,Unknown,True,False,attribution_without_continuation_evidence,review,False
MWT_C00825,221077,221224,8765,8769,"There is a great deal to be said for death; but if anyone has any

preference for the other alternative, I strongly advise him to walk

after me.",Unknown,none,"With these words, he turned his broad back and strode with silent energy towards the wood. The others gave one glance over their shoulders, and saw that the dark cloud of men had detached itself from the station and was moving with a mysterious discipline across the plain. They saw already, even with the naked eye, black blots on the foremost faces, which marked the masks they wore. They turned and followed their leader, who had already struck the wood, and disappeared among the twinkling trees. The sun on the grass was dry and hot. So in plunging into the wood they had a cool shock of shadow, as of divers who plunge into a dim pool. The inside of the wood was full of shattered sunlight and shaken shadows. They made a sort of shuddering veil, almost recalling the dizziness of a cinematograph. Even the solid figures walking with him Syme could hardly see for the patterns of sun and shade that danced upon them. Now a man’s head was lit as with a light of Rembrandt, l",Unknown,False,False,possible_new_turn,review,False
MWT_C00826,224389,224401,8873,8873,"May I ask,",Syme,after_quote,"he said,",Unknown,True,False,attribution_without_continuation_evidence,review,False
MWT_C00827,224411,224448,8873,8873,where on earth we are all going to?,Syme,after_quote,"So genuine had been the doubts of his soul, that he was quite glad to hear his companion speak in an easy, human voice.",Unknown,False,False,possible_new_turn,review,False
MWT_C00828,224576,224632,8883,8883,"We must get down through the town of Lancy to the sea,",Syme,after_quote,he said.,Unknown,True,False,attribution_without_continuation_evidence,review,False
MWT_C00829,224642,224710,8883,8885,"I

think that part of the country is least likely to be with them.",Syme,after_quote,,Unknown,False,False,possible_new_turn,review,False
MWT_C00830,224714,224746,8889,8889,What can you mean by all this?,Syme,after_quote,cried Syme.,Syme,True,False,attribution_without_continuation_evidence,review,False
MWT_C00831,224759,224933,8889,8895,"They can’t be running the

real world in that way. Surely not many working men are anarchists, and

surely if they were, mere mobs could not beat modern armies and

police.",Syme,before_quote,,Unknown,False,False,possible_new_turn,review,False
MWT_C00832,224937,224949,8899,8899,Mere mobs!,Syme,before_quote,repeated his new friend with a snort of scorn.,Unknown,False,False,possible_new_turn,review,False
MWT_C00833,224997,225628,8899,8917,"So you

talk about mobs and the working classes as if they were the question.

You’ve got that eternal idiotic idea that if anarchy came it would come

from the poor. Why should it? The poor have been rebels, but they have

never been anarchists; they have more interest than anyone else in

there being some decent government. The poor man really has a stake in

the country. The rich man hasn’t; he can go away to New Guinea in a

yacht. The poor have sometimes objected to being governed badly; the

rich have always objected to being governed at all. Aristocrats were

always anarchists, as you can see from the barons’ wars.",Syme,after_quote,,Unknown,False,False,possible_new_turn,review,False
MWT_C00834,225632,225686,8921,8921,"As a lecture on English history for the little ones,",Syme,after_quote,"said Syme,",Syme,True,False,attribution_without_continuation_evidence,review,False
MWT_C00835,225698,225767,8921,8923,"this

is all very nice; but I have not yet grasped its application.",Syme,after_quote,,Unknown,False,False,possible_new_turn,review,False
MWT_C00836,225771,225792,8927,8927,"Its application is,",Syme,after_quote,"said his informant,",Unknown,True,False,attribution_without_continuation_evidence,review,False
MWT_C00837,225813,226075,8927,8935,"that most of old Sunday’s

right-hand men are South African and American millionaires. That is why

he has got hold of all the communications; and that is why the last

four champions of the anti-anarchist police force are running through a

wood like rabbits.",Syme,after_quote,,Unknown,False,False,possible_new_turn,review,False
MWT_C00838,226079,226111,8939,8939,"Millionaires I can understand,",Syme,after_quote,"said Syme thoughtfully,",Syme,True,False,attribution_without_continuation_evidence,review,False
MWT_C00839,226136,226460,8939,8949,"they are

nearly all mad. But getting hold of a few wicked old gentlemen with

hobbies is one thing; getting hold of great Christian nations is

another. I would bet the nose off my face (forgive the allusion) that

Sunday would stand perfectly helpless before the task of converting any

ordinary healthy person anywhere.",Syme,after_quote,,Unknown,False,False,possible_new_turn,review,False
MWT_C00840,226464,226471,8953,8953,"Well,",Syme,after_quote,"said the other,",Unknown,True,False,attribution_without_continuation_evidence,review,False
MWT_C00841,226488,226538,8953,8955,"it rather depends what sort of person you

mean.",Syme,after_quote,,Unknown,False,False,possible_new_turn,review,False
MWT_C00842,226542,226563,8959,8959,"Well, for instance,",Syme,after_quote,"said Syme,",Syme,True,False,attribution_without_continuation_evidence,review,False
MWT_C00843,226575,226612,8959,8959,"he could never convert that person,",Syme,before_quote,"and he pointed straight in front of him. They had come to an open space of sunlight, which seemed to express to Syme the final return of his own good sense; and in the middle of this forest clearing was a figure that might well stand for that common sense in an almost awful actuality. Burnt by the sun and stained with perspiration, and grave with the bottomless gravity of small necessary toils, a heavy French peasant was cutting wood with a hatchet. His cart stood a few yards off, already half full of timber; and the horse that cropped the grass was, like his master, valorous but not desperate; like his master, he was even prosperous, but yet was almost sad. The man was a Norman, taller than the average of the French and very angular; and his swarthy figure stood dark against a square of sunlight, almost like some allegoric figure of labour frescoed on a ground of gold.",Unknown,False,False,possible_new_turn,review,False
MWT_C00844,227515,227536,8993,8993,"Mr. Syme is saying,",Unknown,none,"called out Ratcliffe to the French Colonel,",Unknown,True,False,attribution_without_continuation_evidence,review,False
MWT_C00845,227581,227636,8993,8995,"that

this man, at least, will never be an anarchist.",Unknown,none,,Unknown,False,False,possible_new_turn,review,False
MWT_C00846,227640,227673,8999,8999,"Mr. Syme is right enough there,",Unknown,none,"answered Colonel Ducroix, laughing,",Unknown,True,False,attribution_without_continuation_evidence,review,False
MWT_C00847,227711,227857,9001,9005,"if only for the reason that he has plenty of property to defend. But I

forgot that in your country you are not used to peasants being

wealthy.",Syme,after_quote,,Unknown,False,False,possible_new_turn,review,False
MWT_C00848,227861,227877,9009,9009,"He looks poor,",Syme,after_quote,said Dr. Bull doubtfully.,Unknown,True,False,attribution_without_continuation_evidence,review,False
MWT_C00849,227907,227918,9013,9013,"Quite so,",Syme,after_quote,said the Colonel;,Unknown,True,False,attribution_without_continuation_evidence,review,False
MWT_C00850,227937,227962,9013,9013,that is why he is rich.,Syme,after_quote,,Unknown,False,False,possible_new_turn,review,False
MWT_C00851,227966,227983,9017,9017,"I have an idea,",Syme,after_quote,called out Dr. Bull suddenly;,Unknown,True,False,attribution_without_continuation_evidence,review,False
MWT_C00852,228014,228136,9017,9021,"how much would he take

to give us a lift in his cart? Those dogs are all on foot, and we could

soon leave them behind.",Syme,after_quote,,Unknown,False,False,possible_new_turn,review,False
MWT_C00853,228140,228164,9025,9025,"Oh, give him anything!",Syme,after_quote,said Syme eagerly.,Syme,True,False,attribution_without_continuation_evidence,review,False
MWT_C00854,228184,228215,9025,9027,"I have piles of money on

me.",Syme,before_quote,,Unknown,False,False,possible_new_turn,review,False
MWT_C00855,228219,228240,9031,9031,"That will never do,",Syme,before_quote,said the Colonel;,Unknown,True,False,attribution_without_continuation_evidence,review,False
MWT_C00856,228259,228328,9031,9033,"he will never have any respect

for you unless you drive a bargain.",Syme,before_quote,,Unknown,False,False,possible_new_turn,review,False
MWT_C00857,228332,228352,9037,9037,"Oh, if he haggles!",Syme,before_quote,began Bull impatiently.,Unknown,False,False,possible_new_turn,review,False
MWT_C00858,228380,228418,9041,9041,"He haggles because he is a free man,",Syme,before_quote,said the other.,Unknown,True,False,attribution_without_continuation_evidence,review,False
MWT_C00859,228435,228529,9041,9045,"You do not

understand; he would not see the meaning of generosity. He is not being

tipped.",Syme,before_quote,"And even while they seemed to hear the heavy feet of their strange pursuers behind them, they had to stand and stamp while the French Colonel talked to the French wood-cutter with all the leisurely badinage and bickering of market-day. At the end of the four minutes, however, they saw that the Colonel was right, for the wood-cutter entered into their plans, not with the vague servility of a tout too-well paid, but with the seriousness of a solicitor who had been paid the proper fee. He told them that the best thing they could do was to make their way down to the little inn on the hills above Lancy, where the innkeeper, an old soldier who had become _dévot_ in his latter years, would be certain to sympathise with them, and even to take risks in their support. The whole company, therefore, piled themselves on top of the stacks of wood, and went rocking in the rude cart down the other and steeper side of the woodland. Heavy and ramshackle as was the vehicle, it was drive",Unknown,False,False,possible_new_turn,review,False
MWT_C00860,230800,230806,9123,9123,"Yes,",Unknown,none,"replied the policeman,",Unknown,True,False,attribution_without_continuation_evidence,review,False
MWT_C00861,230830,231165,9123,9133,"that’s discipline. That’s Sunday. He is

perhaps five hundred miles off, but the fear of him is on all of them,

like the finger of God. Yes, they are walking regularly; and you bet

your boots that they are talking regularly, yes, and thinking

regularly. But the one important thing for us is that they are

disappearing regularly.",Unknown,none,"Syme nodded. It was true that the black patch of the pursuing men was growing smaller and smaller as the peasant belaboured his horse. The level of the sunlit landscape, though flat as a whole, fell away on the farther side of the wood in billows of heavy slope towards the sea, in a way not unlike the lower slopes of the Sussex downs. The only difference was that in Sussex the road would have been broken and angular like a little brook, but here the white French road fell sheer in front of them like a waterfall. Down this direct descent the cart clattered at a considerable angle, and in a few minutes, the road growing yet steeper, they saw below them the little harbour of Lancy and a great blue arc of the sea. The travelling cloud of their enemies had wholly disappeared from the horizon. The horse and cart took a sharp turn round a clump of elms, and the horse’s nose nearly struck the face of an old gentleman who was sitting on the benches outside the little café",Unknown,False,False,possible_new_turn,review,False
MWT_C00862,232168,232185,9169,9169,Le Soleil d’Or.,Unknown,none,"The peasant grunted an apology, and got down from his seat. The others also descended one by one, and spoke to the old gentleman with fragmentary phrases of courtesy, for it was quite evident from his expansive manner that he was the owner of the little tavern. He was a white-haired, apple-faced old boy, with sleepy eyes and a grey moustache; stout, sedentary, and very innocent, of a type that may often be found in France, but is still commoner in Catholic Germany. Everything about him, his pipe, his pot of beer, his flowers, and his beehive, suggested an ancestral peace; only when his visitors looked up as they entered the inn-parlour, they saw the sword upon the wall. The Colonel, who greeted the innkeeper as an old friend, passed rapidly into the inn-parlour, and sat down ordering some ritual refreshment. The military decision of his action interested Syme, who sat next to him, and he took the opportunity when the old innkeeper had gone out of satisfying his curi",Unknown,False,False,possible_new_turn,review,False
MWT_C00863,233195,233220,9207,9207,"May I ask you, Colonel,",Unknown,none,"he said in a low voice,",Unknown,True,False,attribution_without_continuation_evidence,review,False
MWT_C00864,233245,233270,9207,9209,"why we have come

here?",Unknown,none,Colonel Ducroix smiled behind his bristly white moustache.,Unknown,False,False,possible_new_turn,review,False
MWT_C00865,233336,233359,9217,9217,"For two reasons, sir,",Syme,after_quote,he said;,Unknown,True,False,attribution_without_continuation_evidence,review,False
MWT_C00866,233369,233537,9217,9221,"and I will give first, not the most

important, but the most utilitarian. We came here because this is the

only place within twenty miles in which we can get horses.",Syme,after_quote,,Unknown,False,False,possible_new_turn,review,False
MWT_C00867,233541,233550,9225,9225,Horses!,Syme,after_quote,"repeated Syme, looking up quickly.",Unknown,False,False,possible_new_turn,review,False
MWT_C00868,233589,233595,9229,9229,"Yes,",Syme,after_quote,replied the other;,Unknown,True,False,attribution_without_continuation_evidence,review,False
MWT_C00869,233615,233767,9229,9233,"if you people are really to distance your

enemies it is horses or nothing for you, unless of course you have

bicycles and motor-cars in your pocket.",Syme,after_quote,,Unknown,False,False,possible_new_turn,review,False
MWT_C00870,233771,233812,9237,9237,And where do you advise us to make for?,Syme,after_quote,asked Syme doubtfully.,Syme,True,False,attribution_without_continuation_evidence,review,False
MWT_C00871,233839,233857,9241,9241,"Beyond question,",Syme,before_quote,"replied the Colonel,",Unknown,True,False,attribution_without_continuation_evidence,review,False
MWT_C00872,233879,234184,9241,9249,"you had better make all haste

to the police station beyond the town. My friend, whom I seconded under

somewhat deceptive circumstances, seems to me to exaggerate very much

the possibilities of a general rising; but even he would hardly

maintain, I suppose, that you were not safe with the gendarmes.",Syme,before_quote,Syme nodded gravely; then he said abruptly—,Unknown,True,False,attribution_without_continuation_evidence,review,False
MWT_C00873,234235,234275,9257,9257,And your other reason for coming here?,Syme,before_quote,,Unknown,False,False,possible_new_turn,review,False
MWT_C00874,234279,234313,9261,9261,"My other reason for coming here,",Syme,before_quote,"said Ducroix soberly,",Unknown,True,False,attribution_without_continuation_evidence,review,False
MWT_C00875,234336,234427,9261,9265,"is that it is

just as well to see a good man or two when one is possibly near to

death.",Unknown,none,"Syme looked up at the wall, and saw a crudely-painted and pathetic religious picture. Then he said—",Unknown,True,False,attribution_without_continuation_evidence,review,False
MWT_C00876,234535,234551,9275,9275,"You are right,",Unknown,none,"and then almost immediately afterwards,",Unknown,False,False,no_explicit_boundary_evidence,review,False
MWT_C00877,234592,234628,9275,9277,"Has anyone

seen about the horses?",Unknown,none,,Unknown,False,False,possible_new_turn,review,False
MWT_C00878,234632,234638,9281,9281,"Yes,",Unknown,none,"answered Ducroix,",Unknown,True,False,attribution_without_continuation_evidence,review,False
MWT_C00879,234657,234942,9281,9289,"you may be quite certain that I gave orders

the moment I came in. Those enemies of yours gave no impression of

hurry, but they were really moving wonderfully fast, like a

well-trained army. I had no idea that the anarchists had so much

discipline. You have not a moment to waste.",Unknown,none,"Almost as he spoke, the old innkeeper with the blue eyes and white hair came ambling into the room, and announced that six horses were saddled outside. By Ducroix’s advice the five others equipped themselves with some portable form of food and wine, and keeping their duelling swords as the only weapons available, they clattered away down the steep, white road. The two servants, who had carried the Marquis’s luggage when he was a marquis, were left behind to drink at the café by common consent, and not at all against their own inclination. By this time the afternoon sun was slanting westward, and by its rays Syme could see the sturdy figure of the old innkeeper growing smaller and smaller, but still standing and looking after them quite silently, the sunshine in his silver hair. Syme had a fixed, superstitious fancy, left in his mind by the chance phrase of the Colonel, that this was indeed, perhaps, the last honest stranger whom he should ever see upon the earth.",Unknown,False,False,possible_new_turn,review,False
MWT_C00880,236998,237043,9379,9379,"Four out of the five rich men in this town,",Unknown,none,"he said,",Unknown,True,False,attribution_without_continuation_evidence,review,False
MWT_C00881,237053,237272,9379,9385,"are common

swindlers. I suppose the proportion is pretty equal all over the world.

The fifth is a friend of mine, and a very fine fellow; and what is even

more important from our point of view, he owns a motor-car.",Syme,after_quote,,Unknown,False,False,possible_new_turn,review,False
MWT_C00882,237276,237290,9389,9389,"I am afraid,",Syme,after_quote,"said the Professor in his mirthful way, looking back along the white road on which the black, crawling patch might appear at any moment,",Unknown,True,False,attribution_without_continuation_evidence,review,False
MWT_C00883,237430,237484,9393,9393,I am afraid we have hardly time for afternoon calls.,Syme,after_quote,,Unknown,False,False,possible_new_turn,review,False
MWT_C00884,237488,237538,9397,9397,"Doctor Renard’s house is only three minutes off,",Syme,after_quote,said the Colonel.,Unknown,True,False,attribution_without_continuation_evidence,review,False
MWT_C00885,237560,237573,9401,9401,"Our danger,",Syme,after_quote,"said Dr. Bull,",Unknown,True,False,attribution_without_continuation_evidence,review,False
MWT_C00886,237589,237614,9401,9401,is not two minutes off.,Syme,after_quote,,Unknown,False,False,possible_new_turn,review,False
MWT_C00887,237618,237624,9405,9405,"Yes,",Syme,after_quote,"said Syme,",Syme,True,False,attribution_without_continuation_evidence,review,False
MWT_C00888,237636,237706,9405,9407,"if we ride on fast we must leave them behind, for

they are on foot.",Syme,after_quote,,Unknown,False,False,possible_new_turn,review,False
MWT_C00889,237710,237731,9411,9411,"He has a motor-car,",Syme,after_quote,said the Colonel.,Unknown,True,False,attribution_without_continuation_evidence,review,False
MWT_C00890,237753,237777,9415,9415,"But we may not get it,",Syme,after_quote,said Bull.,Unknown,True,False,attribution_without_continuation_evidence,review,False
MWT_C00891,237792,237824,9419,9419,"Yes, he is quite on your side.",Syme,after_quote,,Unknown,False,False,possible_new_turn,review,False
MWT_C00892,237828,237850,9423,9423,But he might be out.,Syme,after_quote,,Unknown,False,False,possible_new_turn,review,False
MWT_C00893,237854,237873,9427,9427,"Hold your tongue,",Syme,after_quote,said Syme suddenly.,Syme,True,False,attribution_without_continuation_evidence,review,False
MWT_C00894,237894,237915,9427,9427,What is that noise?,Syme,before_quote,"For a second they all sat as still as equestrian statues, and for a second—for two or three or four seconds—heaven and earth seemed equally still. Then all their ears, in an agony of attention, heard along the road that indescribable thrill and throb that means only one thing—horses! The Colonel’s face had an instantaneous change, as if lightning had struck it, and yet left it scatheless.",Unknown,False,False,possible_new_turn,review,False
MWT_C00895,238322,238342,9449,9449,"They have done us,",Syme,after_quote,"he said, with brief military irony.",Unknown,True,False,attribution_without_continuation_evidence,review,False
MWT_C00896,238379,238409,9449,9451,"Prepare to

receive cavalry!",Syme,after_quote,,Unknown,False,False,possible_new_turn,review,False
MWT_C00897,238413,238450,9455,9455,Where can they have got the horses?,Syme,after_quote,"asked Syme, as he mechanically urged his steed to a canter. The Colonel was silent for a little, then he said in a strained voice—",Syme,True,False,attribution_without_continuation_evidence,review,False
MWT_C00898,238589,238727,9465,9467,"I was speaking with strict accuracy when I said that the ‘Soleil d’Or’

was the only place where one can get horses within twenty miles.",Syme,after_quote,,Unknown,False,False,possible_new_turn,review,False
MWT_C00899,238731,238736,9471,9471,No!,Syme,after_quote,"said Syme violently,",Syme,True,False,attribution_without_continuation_evidence,review,False
MWT_C00900,238758,238818,9471,9473,"I don’t believe he’d do it. Not with all

that white hair.",Syme,before_quote,,Unknown,False,False,possible_new_turn,review,False
MWT_C00901,238822,238848,9477,9477,"He may have been forced,",Syme,before_quote,said the Colonel gently.,Unknown,True,False,attribution_without_continuation_evidence,review,False
MWT_C00902,238874,238997,9477,9481,"They must be at

least a hundred strong, for which reason we are all going to see my

friend Renard, who has a motor-car.",Syme,before_quote,"With these words he swung his horse suddenly round a street corner, and went down the street with such thundering speed, that the others, though already well at the gallop, had difficulty in following the flying tail of his horse. Dr. Renard inhabited a high and comfortable house at the top of a steep street, so that when the riders alighted at his door they could once more see the solid green ridge of the hill, with the white road across it, standing up above all the roofs of the town. They breathed again to see that the road as yet was clear, and they rang the bell. Dr. Renard was a beaming, brown-bearded man, a good example of that silent but very busy professional class which France has preserved even more perfectly than England. When the matter was explained to him he pooh-poohed the panic of the ex-Marquis altogether; he said, with the solid French scepticism, that there was no conceivable probability of a general anarchist rising.",Unknown,True,False,attribution_without_continuation_evidence,review,False
MWT_C00903,239971,239981,9517,9517,"Anarchy,",Unknown,none,"he said, shrugging his shoulders,",Unknown,True,False,attribution_without_continuation_evidence,review,False
MWT_C00904,240017,240038,9519,9519,it is childishness!,Unknown,none,,Unknown,False,False,possible_new_turn,review,False
MWT_C00905,240042,240052,9523,9523,"_Et ça_,",Unknown,none,"cried out the Colonel suddenly, pointing over the other’s shoulder,",Unknown,True,False,attribution_without_continuation_evidence,review,False
MWT_C00906,240122,240159,9525,9525,"and that is childishness, isn’t it?",Unknown,none,"They all looked round, and saw a curve of black cavalry come sweeping over the top of the hill with all the energy of Attila. Swiftly as they rode, however, the whole rank still kept well together, and they could see the black vizards of the first line as level as a line of uniforms. But although the main black square was the same, though travelling faster, there was now one sensational difference which they could see clearly upon the slope of the hill, as if upon a slanted map. The bulk of the riders were in one block; but one rider flew far ahead of the column, and with frantic movements of hand and heel urged his horse faster and faster, so that one might have fancied that he was not the pursuer but the pursued. But even at that great distance they could see something so fanatical, so unquestionable in his figure, that they knew it was the Secretary himself.",Unknown,False,False,possible_new_turn,review,False
MWT_C00907,241049,241098,9553,9555,"I am sorry to cut short a cultured

discussion,",Unknown,none,"said the Colonel,",Unknown,True,False,attribution_without_continuation_evidence,review,False
MWT_C00908,241117,241175,9555,9557,"but can you lend me your motor-car now,

in two minutes?",Unknown,none,,Unknown,False,False,possible_new_turn,review,False
MWT_C00909,241179,241221,9561,9561,"I have a suspicion that you are all mad,",Unknown,none,"said Dr. Renard, smiling sociably;",Unknown,True,False,attribution_without_continuation_evidence,review,False
MWT_C00910,241258,241359,9563,9565,"but God forbid that madness should in any way interrupt

friendship. Let us go round to the garage.",Unknown,none,"Dr. Renard was a mild man with monstrous wealth; his rooms were like the Musée de Cluny, and he had three motor-cars. These, however, he seemed to use very sparingly, having the simple tastes of the French middle class, and when his impatient friends came to examine them, it took them some time to assure themselves that one of them even could be made to work. This with some difficulty they brought round into the street before the Doctor’s house. When they came out of the dim garage they were startled to find that twilight had already fallen with the abruptness of night in the tropics. Either they had been longer in the place than they imagined, or some unusual canopy of cloud had gathered over the town. They looked down the steep streets, and seemed to see a slight mist coming up from the sea.",Unknown,False,False,possible_new_turn,review,False
MWT_C00911,242182,242203,9595,9595,"It is now or never,",Unknown,none,said Dr. Bull.,Unknown,True,False,attribution_without_continuation_evidence,review,False
MWT_C00912,242219,242235,9595,9595,I hear horses.,Unknown,none,,Unknown,False,False,possible_new_turn,review,False
MWT_C00913,242239,242244,9599,9599,"No,",Unknown,none,"corrected the Professor,",Unknown,False,False,no_explicit_boundary_evidence,review,False
MWT_C00914,242270,242280,9599,9599,a horse.,Unknown,none,"And as they listened, it was evident that the noise, rapidly coming nearer on the rattling stones, was not the noise of the whole cavalcade but that of the one horseman, who had left it far behind—the insane Secretary. Syme’s family, like most of those who end in the simple life, had once owned a motor, and he knew all about them. He had leapt at once into the chauffeur’s seat, and with flushed face was wrenching and tugging at the disused machinery. He bent his strength upon one handle, and then said quite quietly—",Unknown,True,False,attribution_without_continuation_evidence,review,False
MWT_C00915,242819,242844,9625,9625,I am afraid it’s no go.,Unknown,none,"As he spoke, there swept round the corner a man rigid on his rushing horse, with the rush and rigidity of an arrow. He had a smile that thrust out his chin as if it were dislocated. He swept alongside of the stationary car, into which its company had crowded, and laid his hand on the front. It was the Secretary, and his mouth went quite straight in the solemnity of triumph. Syme was leaning hard upon the steering wheel, and there was no sound but the rumble of the other pursuers riding into the town. Then there came quite suddenly a scream of scraping iron, and the car leapt forward. It plucked the Secretary clean out of his saddle, as a knife is whipped out of its sheath, trailed him kicking terribly for twenty yards, and left him flung flat upon the road far in front of his frightened horse. As the car took the corner of the street with a splendid curve, they could just see the other anarchists filling the street and raising their fallen leader.",Unknown,False,False,possible_new_turn,review,False
MWT_C00916,243829,243875,9663,9663,"I can’t understand why it has grown so dark,",Unknown,none,said the Professor at last in a low voice.,Unknown,True,False,attribution_without_continuation_evidence,review,False
MWT_C00917,243923,243954,9669,9669,"Going to be a storm, I think,",Unknown,none,said Dr. Bull.,Unknown,True,False,attribution_without_continuation_evidence,review,False
MWT_C00918,243970,244046,9669,9671,"I say, it’s a pity we

haven’t got a light on this car, if only to see by.",Unknown,none,,Unknown,False,False,possible_new_turn,review,False
MWT_C00919,244050,244060,9675,9675,"We have,",Unknown,none,"said the Colonel, and from the floor of the car he fished up a heavy, old-fashioned, carved iron lantern with a light inside it. It was obviously an antique, and it would seem as if its original use had been in some way semi-religious, for there was a rude moulding of a cross upon one of its sides.",Unknown,True,False,attribution_without_continuation_evidence,review,False
MWT_C00920,244368,244402,9687,9687,Where on earth did you get that?,Unknown,none,asked the Professor.,Unknown,True,False,attribution_without_continuation_evidence,review,False
MWT_C00921,244427,244458,9691,9691,"I got it where I got the car,",Unknown,none,"answered the Colonel, chuckling,",Unknown,True,False,attribution_without_continuation_evidence,review,False
MWT_C00922,244492,245225,9691,9713,"from

my best friend. While our friend here was fighting with the steering

wheel, I ran up the front steps of the house and spoke to Renard, who

was standing in his own porch, you will remember. ‘I suppose,’ I said,

‘there’s no time to get a lamp.’ He looked up, blinking amiably at the

beautiful arched ceiling of his own front hall. From this was

suspended, by chains of exquisite ironwork, this lantern, one of the

hundred treasures of his treasure house. By sheer force he tore the

lamp out of his own ceiling, shattering the painted panels, and

bringing down two blue vases with his violence. Then he handed me the

iron lantern, and I put it in the car. Was I not right when I said that

Dr. Renard was worth knowing?",Syme,after_quote,,Unknown,False,False,possible_new_turn,review,False
MWT_C00923,245229,245240,9717,9717,"You were,",Syme,after_quote,"said Syme seriously, and hung the heavy lantern over the front. There was a certain allegory of their whole position in the contrast between the modern automobile and its strange ecclesiastical lamp. Hitherto they had passed through the quietest part of the town, meeting at most one or two pedestrians, who could give them no hint of the peace or the hostility of the place. Now, however, the windows in the houses began one by one to be lit up, giving a greater sense of habitation and humanity. Dr. Bull turned to the new detective who had led their flight, and permitted himself one of his natural and friendly smiles.",Syme,True,False,attribution_without_continuation_evidence,review,False
MWT_C00924,245876,245919,9739,9739,These lights make one feel more cheerful.,Unknown,none,Inspector Ratcliffe drew his brows together.,Unknown,False,False,possible_new_turn,review,False
MWT_C00925,245971,246032,9747,9747,"There is only one set of lights that make me more cheerful,",Unknown,none,"he said,",Unknown,True,False,attribution_without_continuation_evidence,review,False
MWT_C00926,246043,246169,9749,9751,"and they are those lights of the police station which I can see beyond

the town. Please God we may be there in ten minutes.",Unknown,none,Then all Bull’s boiling good sense and optimism broke suddenly out of him.,Unknown,False,False,possible_new_turn,review,False
MWT_C00927,246252,246286,9761,9761,"Oh, this is all raving nonsense!",Unknown,none,he cried.,Unknown,True,False,attribution_without_continuation_evidence,review,False
MWT_C00928,246297,246498,9761,9767,"If you really think that

ordinary people in ordinary houses are anarchists, you must be madder

than an anarchist yourself. If we turned and fought these fellows, the

whole town would fight for us.",Unknown,none,,Unknown,False,False,possible_new_turn,review,False
MWT_C00929,246502,246507,9771,9771,"No,",Unknown,none,"said the other with an immovable simplicity,",Unknown,True,False,attribution_without_continuation_evidence,review,False
MWT_C00930,246553,246606,9771,9773,"the whole town

would fight for them. We shall see.",Unknown,none,While they were speaking the Professor had leant forward with sudden excitement.,Unknown,False,False,possible_new_turn,review,False
MWT_C00931,246695,246716,9783,9783,What is that noise?,Unknown,none,he said.,Unknown,True,False,attribution_without_continuation_evidence,review,False
MWT_C00932,246729,246767,9787,9787,"Oh, the horses behind us, I suppose,",Unknown,none,said the Colonel.,Unknown,True,False,attribution_without_continuation_evidence,review,False
MWT_C00933,246786,246824,9787,9789,"I thought we

had got clear of them.",Unknown,none,,Unknown,False,False,possible_new_turn,review,False
MWT_C00934,246828,246855,9793,9793,"The horses behind us! No,",Unknown,none,"said the Professor,",Unknown,True,False,attribution_without_continuation_evidence,review,False
MWT_C00935,246876,246921,9793,9795,"it is not horses, and

it is not behind us.",Unknown,none,"Almost as he spoke, across the end of the street before them two shining and rattling shapes shot past. They were gone almost in a flash, but everyone could see that they were motor-cars, and the Professor stood up with a pale face and swore that they were the other two motor-cars from Dr. Renard’s garage.",Unknown,False,False,possible_new_turn,review,False
MWT_C00936,247240,247267,9811,9811,"I tell you they were his,",Unknown,none,"he repeated, with wild eyes,",Unknown,False,False,no_explicit_boundary_evidence,review,False
MWT_C00937,247297,247335,9811,9813,"and they were

full of men in masks!",Unknown,none,,Unknown,False,False,possible_new_turn,review,False
MWT_C00938,247339,247348,9817,9817,Absurd!,Unknown,none,said the Colonel angrily.,Unknown,True,False,attribution_without_continuation_evidence,review,False
MWT_C00939,247375,247420,9817,9819,"Dr. Renard would never give them

his cars.",Unknown,none,,Unknown,False,False,possible_new_turn,review,False
MWT_C00940,247424,247450,9823,9823,"He may have been forced,",Unknown,none,said Ratcliffe quietly.,Unknown,True,False,attribution_without_continuation_evidence,review,False
MWT_C00941,247475,247510,9823,9825,"The whole town is

on their side.",Unknown,none,,Unknown,False,False,possible_new_turn,review,False
MWT_C00942,247514,247539,9829,9829,"You still believe that,",Unknown,none,asked the Colonel incredulously.,Unknown,True,False,attribution_without_continuation_evidence,review,False
MWT_C00943,247576,247607,9833,9833,"You will all believe it soon,",Unknown,none,"said the other with a hopeless calm. There was a puzzled pause for some little time, and then the Colonel began again abruptly—",Unknown,True,False,attribution_without_continuation_evidence,review,False
MWT_C00944,247743,247837,9843,9845,"No, I can’t believe it. The thing is nonsense. The plain people of a

peaceable French town—",Unknown,none,"He was cut short by a bang and a blaze of light, which seemed close to his eyes. As the car sped on it left a floating patch of white smoke behind it, and Syme had heard a shot shriek past his ear.",Unknown,False,False,possible_new_turn,review,False
MWT_C00945,248044,248053,9857,9857,My God!,Syme,after_quote,"said the Colonel,",Unknown,True,False,attribution_without_continuation_evidence,review,False
MWT_C00946,248072,248097,9857,9857,someone has shot at us.,Syme,after_quote,,Unknown,False,False,possible_new_turn,review,False
MWT_C00947,248101,248138,9861,9861,"It need not interrupt conversation,",Syme,after_quote,said the gloomy Ratcliffe.,Unknown,True,False,attribution_without_continuation_evidence,review,False
MWT_C00948,248166,248282,9861,9865,"Pray

resume your remarks, Colonel. You were talking, I think, about the

plain people of a peaceable French town.",Syme,after_quote,The staring Colonel was long past minding satire. He rolled his eyes all round the street.,Unknown,False,False,possible_new_turn,review,False
MWT_C00949,248381,248403,9875,9875,"It is extraordinary,",Syme,after_quote,"he said,",Unknown,True,False,attribution_without_continuation_evidence,review,False
MWT_C00950,248413,248434,9875,9875,most extraordinary.,Syme,after_quote,,Unknown,False,False,possible_new_turn,review,False
MWT_C00951,248438,248460,9879,9879,"A fastidious person,",Syme,after_quote,"said Syme,",Syme,True,False,attribution_without_continuation_evidence,review,False
MWT_C00952,248472,248620,9879,9883,"might even call it unpleasant.

However, I suppose those lights out in the field beyond this street are

the Gendarmerie. We shall soon get there.",Syme,before_quote,,Unknown,False,False,possible_new_turn,review,False
MWT_C00953,248624,248629,9887,9887,"No,",Syme,before_quote,"said Inspector Ratcliffe,",Unknown,True,False,attribution_without_continuation_evidence,review,False
MWT_C00954,248656,248683,9887,9887,we shall never get there.,Syme,before_quote,He had been standing up and looking keenly ahead of him. Now he sat down and smoothed his sleek hair with a weary gesture.,Unknown,False,False,possible_new_turn,review,False
MWT_C00955,248814,248833,9897,9897,What do you mean?,Syme,before_quote,asked Bull sharply.,Unknown,True,False,attribution_without_continuation_evidence,review,False
MWT_C00956,248857,248896,9901,9901,"I mean that we shall never get there,",Syme,before_quote,said the pessimist placidly.,Unknown,True,False,attribution_without_continuation_evidence,review,False
MWT_C00957,248927,249117,9903,9907,"They have two rows of armed men across the road already; I can see

them from here. The town is in arms, as I said it was. I can only

wallow in the exquisite comfort of my own exactitude.",Syme,before_quote,"And Ratcliffe sat down comfortably in the car and lit a cigarette, but the others rose excitedly and stared down the road. Syme had slowed down the car as their plans became doubtful, and he brought it finally to a standstill just at the corner of a side street that ran down very steeply to the sea. The town was mostly in shadow, but the sun had not sunk; wherever its level light could break through, it painted everything a burning gold. Up this side street the last sunset light shone as sharp and narrow as the shaft of artificial light at the theatre. It struck the car of the five friends, and lit it like a burning chariot. But the rest of the street, especially the two ends of it, was in the deepest twilight, and for some seconds they could see nothing. Then Syme, whose eyes were the keenest, broke into a little bitter whistle, and said,",Unknown,True,False,attribution_without_continuation_evidence,review,False
MWT_C00958,249990,250088,9941,9943,"It is quite true. There is a crowd or an army or some such thing

across the end of that street.",Unknown,none,,Unknown,False,False,possible_new_turn,review,False
MWT_C00959,250092,250112,9947,9947,"Well, if there is,",Unknown,none,"said Bull impatiently,",Unknown,True,False,attribution_without_continuation_evidence,review,False
MWT_C00960,250136,250382,9947,9955,"it must be something

else—a sham fight or the mayor’s birthday or something. I cannot and

will not believe that plain, jolly people in a place like this walk

about with dynamite in their pockets. Get on a bit, Syme, and let us

look at them.",Unknown,none,"The car crawled about a hundred yards farther, and then they were all startled by Dr. Bull breaking into a high crow of laughter.",Unknown,False,False,possible_new_turn,review,False
MWT_C00961,250520,250542,9965,9965,"Why, you silly mugs!",Unknown,none,"he cried,",Unknown,True,False,attribution_without_continuation_evidence,review,False
MWT_C00962,250553,250651,9965,9967,"what did I tell you. That crowd’s as

law-abiding as a cow, and if it weren’t, it’s on our side.",Unknown,none,,Unknown,False,False,possible_new_turn,review,False
MWT_C00963,250655,250673,9971,9971,How do you know?,Unknown,none,"asked the professor, staring.",Unknown,True,False,attribution_without_continuation_evidence,review,False
MWT_C00964,250707,250723,9975,9975,"You blind bat,",Unknown,none,"cried Bull,",Unknown,True,False,attribution_without_continuation_evidence,review,False
MWT_C00965,250736,250772,9975,9975,don’t you see who is leading them?,Unknown,none,"They peered again, and then the Colonel, with a catch in his voice, cried out—",Unknown,True,False,attribution_without_continuation_evidence,review,False
MWT_C00966,250859,250878,9985,9985,"Why, it’s Renard!",Unknown,none,"There was, indeed, a rank of dim figures running across the road, and they could not be clearly seen; but far enough in front to catch the accident of the evening light was stalking up and down the unmistakable Dr. Renard, in a white hat, stroking his long brown beard, and holding a revolver in his left hand.",Unknown,False,False,possible_new_turn,review,False
MWT_C00967,251200,251224,10001,10001,What a fool I’ve been!,Unknown,none,exclaimed the Colonel.,Unknown,True,False,attribution_without_continuation_evidence,review,False
MWT_C00968,251248,251305,10001,10003,"Of course, the dear

old boy has turned out to help us.",Unknown,none,"Dr. Bull was bubbling over with laughter, swinging the sword in his hand as carelessly as a cane. He jumped out of the car and ran across the intervening space, calling out—",Unknown,False,False,possible_new_turn,review,False
MWT_C00969,251488,251513,10015,10015,Dr. Renard! Dr. Renard!,Unknown,none,"An instant after Syme thought his own eyes had gone mad in his head. For the philanthropic Dr. Renard had deliberately raised his revolver and fired twice at Bull, so that the shots rang down the road. Almost at the same second as the puff of white cloud went up from this atrocious explosion a long puff of white cloud went up also from the cigarette of the cynical Ratcliffe. Like all the rest he turned a little pale, but he smiled. Dr. Bull, at whom the bullets had been fired, just missing his scalp, stood quite still in the middle of the road without a sign of fear, and then turned very slowly and crawled back to the car, and climbed in with two holes through his hat.",Unknown,False,False,possible_new_turn,review,False
MWT_C00970,252209,252216,10043,10043,"Well,",Unknown,none,"said the cigarette smoker slowly,",Unknown,True,False,attribution_without_continuation_evidence,review,False
MWT_C00971,252251,252275,10043,10043,what do you think now?,Unknown,none,,Unknown,False,False,possible_new_turn,review,False
MWT_C00972,252279,252289,10047,10047,"I think,",Unknown,none,"said Dr. Bull with precision,",Unknown,True,False,attribution_without_continuation_evidence,review,False
MWT_C00973,252320,252907,10047,10063,"that I am lying in bed at No.

217 Peabody Buildings, and that I shall soon wake up with a jump; or,

if that’s not it, I think that I am sitting in a small cushioned cell

in Hanwell, and that the doctor can’t make much of my case. But if you

want to know what I don’t think, I’ll tell you. I don’t think what you

think. I don’t think, and I never shall think, that the mass of

ordinary men are a pack of dirty modern thinkers. No, sir, I’m a

democrat, and I still don’t believe that Sunday could convert one

average navvy or counter-jumper. No, I may be mad, but humanity isn’t.",Unknown,none,Syme turned his bright blue eyes on Bull with an earnestness which he did not commonly make clear.,Unknown,False,False,possible_new_turn,review,False
MWT_C00974,253014,253043,10073,10073,"You are a very fine fellow,",Unknown,none,he said.,Unknown,True,False,attribution_without_continuation_evidence,review,False
MWT_C00975,253053,253403,10073,10083,"You can believe in a sanity

which is not merely your sanity. And you’re right enough about

humanity, about peasants and people like that jolly old innkeeper. But

you’re not right about Renard. I suspected him from the first. He’s

rationalistic, and, what’s worse, he’s rich. When duty and religion are

really destroyed, it will be by the rich.",Unknown,none,,Unknown,False,False,possible_new_turn,review,False
MWT_C00976,253407,253439,10087,10087,"They are really destroyed now,",Unknown,none,"said the man with a cigarette, and rose with his hands in his pockets.",Unknown,True,False,attribution_without_continuation_evidence,review,False
MWT_C00977,253512,253539,10089,10089,The devils are coming on!,Unknown,none,"The men in the motor-car looked anxiously in the direction of his dreamy gaze, and they saw that the whole regiment at the end of the road was advancing upon them, Dr. Renard marching furiously in front, his beard flying in the breeze. The Colonel sprang out of the car with an intolerant exclamation.",Unknown,False,False,possible_new_turn,review,False
MWT_C00978,253854,253866,10107,10107,"Gentlemen,",Syme,after_quote,"he cried,",Unknown,True,False,attribution_without_continuation_evidence,review,False
MWT_C00979,253877,254058,10107,10111,"the thing is incredible. It must be a practical

joke. If you knew Renard as I do—it’s like calling Queen Victoria a

dynamiter. If you had got the man’s character into your head—",Syme,after_quote,,Unknown,False,False,possible_new_turn,review,False
MWT_C00980,254062,254073,10115,10115,"Dr. Bull,",Syme,after_quote,"said Syme sardonically,",Syme,True,False,attribution_without_continuation_evidence,review,False
MWT_C00981,254098,254133,10115,10115,has at least got it into his hat.,Syme,before_quote,,Unknown,False,False,possible_new_turn,review,False
MWT_C00982,254137,254162,10119,10119,I tell you it can’t be!,Syme,before_quote,"cried the Colonel, stamping.",Unknown,True,False,attribution_without_continuation_evidence,review,False
MWT_C00983,254195,254248,10123,10123,"Renard shall explain it. He shall explain it to me,",Syme,after_quote,and he strode forward.,Unknown,False,False,possible_new_turn,review,False
MWT_C00984,254276,254303,10129,10129,"Don’t be in such a hurry,",Syme,after_quote,drawled the smoker.,Unknown,False,False,possible_new_turn,review,False
MWT_C00985,254324,254369,10129,10131,"He will very soon

explain it to all of us.",Syme,after_quote,"But the impatient Colonel was already out of earshot, advancing towards the advancing enemy. The excited Dr. Renard lifted his pistol again, but perceiving his opponent, hesitated, and the Colonel came face to face with him with frantic gestures of remonstrance.",Unknown,False,False,possible_new_turn,review,False
MWT_C00986,254642,254658,10145,10145,"It is no good,",Syme,after_quote,said Syme.,Syme,True,False,attribution_without_continuation_evidence,review,False
MWT_C00987,254670,254881,10145,10151,"He will never get anything out of that old

heathen. I vote we drive bang through the thick of them, bang as the

bullets went through Bull’s hat. We may all be killed, but we must kill

a tidy number of them.",Syme,before_quote,,Unknown,False,False,possible_new_turn,review,False
MWT_C00988,254885,254903,10155,10155,"I won’t ’ave it,",Syme,before_quote,"said Dr. Bull, growing more vulgar in the sincerity of his virtue.",Unknown,True,False,attribution_without_continuation_evidence,review,False
MWT_C00989,254972,255041,10157,10159,"The poor chaps may be making a mistake. Give the

Colonel a chance.",Syme,before_quote,,Unknown,False,False,possible_new_turn,review,False
MWT_C00990,255045,255070,10163,10163,"Shall we go back, then?",Syme,before_quote,asked the Professor.,Unknown,True,False,attribution_without_continuation_evidence,review,False
MWT_C00991,255095,255100,10167,10167,"No,",Syme,before_quote,"said Ratcliffe in a cold voice,",Unknown,True,False,attribution_without_continuation_evidence,review,False
MWT_C00992,255133,255229,10167,10169,"the street behind us is held

too. In fact, I seem to see there another friend of yours, Syme.",Syme,before_quote,"Syme spun round smartly, and stared backwards at the track which they had travelled. He saw an irregular body of horsemen gathering and galloping towards them in the gloom. He saw above the foremost saddle the silver gleam of a sword, and then as it grew nearer the silver gleam of an old man’s hair. The next moment, with shattering violence, he had swung the motor round and sent it dashing down the steep side street to the sea, like a man that desired only to die.",Unknown,False,False,possible_new_turn,review,False
MWT_C00993,255711,255734,10189,10189,What the devil is up?,Syme,after_quote,"cried the Professor, seizing his arm.",Unknown,True,False,attribution_without_continuation_evidence,review,False
MWT_C00994,255776,255806,10193,10193,The morning star has fallen!,Syme,after_quote,"said Syme, as his own car went down the darkness like a falling star. The others did not understand his words, but when they looked back at the street above they saw the hostile cavalry coming round the corner and down the slopes after them; and foremost of all rode the good innkeeper, flushed with the fiery innocence of the evening light.",Syme,True,False,attribution_without_continuation_evidence,review,False
MWT_C00995,256159,256181,10209,10209,The world is insane!,Syme,after_quote,"said the Professor, and buried his face in his hands.",Unknown,True,False,attribution_without_continuation_evidence,review,False
MWT_C00996,256240,256245,10215,10215,"No,",Syme,after_quote,"said Dr. Bull in adamantine humility,",Unknown,True,False,attribution_without_continuation_evidence,review,False
MWT_C00997,256284,256294,10215,10215,it is I.,Syme,after_quote,,Unknown,False,False,possible_new_turn,review,False
MWT_C00998,256298,256324,10219,10219,What are we going to do?,Syme,after_quote,asked the Professor.,Unknown,True,False,attribution_without_continuation_evidence,review,False
MWT_C00999,256349,256366,10223,10223,"At this moment,",Syme,after_quote,"said Syme, with a scientific detachment,",Syme,True,False,attribution_without_continuation_evidence,review,False
MWT_C01000,256408,256457,10223,10225,"I think we

are going to smash into a lamppost.",Syme,after_quote,"The next instant the automobile had come with a catastrophic jar against an iron object. The instant after that four men had crawled out from under a chaos of metal, and a tall lean lamp-post that had stood up straight on the edge of the marine parade stood out, bent and twisted, like the branch of a broken tree.",Unknown,False,False,possible_new_turn,review,False
MWT_C01001,256783,256812,10241,10241,"Well, we smashed something,",Syme,after_quote,"said the Professor, with a faint smile.",Unknown,True,False,attribution_without_continuation_evidence,review,False
MWT_C01002,256854,256876,10243,10243,That’s some comfort.,Syme,after_quote,,Unknown,False,False,possible_new_turn,review,False
MWT_C01003,256880,256911,10247,10247,"You’re becoming an anarchist,",Syme,after_quote,"said Syme, dusting his clothes with his instinct of daintiness.",Syme,True,False,attribution_without_continuation_evidence,review,False
MWT_C01004,256980,256994,10253,10253,"Everyone is,",Syme,before_quote,"said Ratcliffe. As they spoke, the white-haired horseman and his followers came thundering from above, and almost at the same moment a dark string of men ran shouting along the sea-front. Syme snatched a sword, and took it in his teeth; he stuck two others under his arm-pits, took a fourth in his left hand and the lantern in his right, and leapt off the high parade on to the beach below. The others leapt after him, with a common acceptance of such decisive action, leaving the debris and the gathering mob above them.",Unknown,True,False,attribution_without_continuation_evidence,review,False
MWT_C01005,257532,257558,10277,10277,"We have one more chance,",Syme,after_quote,"said Syme, taking the steel out of his mouth.",Syme,True,False,attribution_without_continuation_evidence,review,False
MWT_C01006,257606,257943,10279,10287,"Whatever all this pandemonium means, I suppose the police

station will help us. We can’t get there, for they hold the way. But

there’s a pier or breakwater runs out into the sea just here, which we

could defend longer than anything else, like Horatius and his bridge.

We must defend it till the Gendarmerie turn out. Keep after me.",Syme,before_quote,"They followed him as he went crunching down the beach, and in a second or two their boots broke not on the sea gravel, but on broad, flat stones. They marched down a long, low jetty, running out in one arm into the dim, boiling sea, and when they came to the end of it they felt that they had come to the end of their story. They turned and faced the town. That town was transfigured with uproar. All along the high parade from which they had just descended was a dark and roaring stream of humanity, with tossing arms and fiery faces, groping and glaring towards them. The long dark line was dotted with torches and lanterns; but even where no flame lit up a furious face, they could see in the farthest figure, in the most shadowy gesture, an organised hate. It was clear that they were the accursed of all men, and they knew not why. Two or three men, looking little and black like monkeys, leapt over the edge as they had done and dropped on to the beach. These came ploughi",Unknown,False,False,possible_new_turn,review,False
MWT_C01007,259312,259326,10341,10341,The peasant!,Syme,after_quote,cried Syme.,Syme,True,False,attribution_without_continuation_evidence,review,False
MWT_C01008,259339,259383,10341,10341,They have not risen since the Middle Ages.,Syme,before_quote,,Unknown,False,False,possible_new_turn,review,False
MWT_C01009,259387,259420,10345,10345,"Even if the police do come now,",Syme,before_quote,"said the Professor mournfully,",Unknown,True,False,attribution_without_continuation_evidence,review,False
MWT_C01010,259452,259489,10345,10347,"they

can do nothing with this mob.",Syme,before_quote,,Unknown,False,False,possible_new_turn,review,False
MWT_C01011,259493,259504,10351,10351,Nonsense!,Syme,before_quote,said Bull desperately;,Unknown,True,False,attribution_without_continuation_evidence,review,False
MWT_C01012,259528,259588,10351,10353,"there must be some people left in

the town who are human.",Syme,before_quote,,Unknown,False,False,possible_new_turn,review,False
MWT_C01013,259592,259597,10357,10357,"No,",Syme,before_quote,"said the hopeless Inspector,",Unknown,True,False,attribution_without_continuation_evidence,review,False
MWT_C01014,259627,259695,10357,10359,"the human being will soon be

extinct. We are the last of mankind.",Syme,before_quote,,Unknown,False,False,possible_new_turn,review,False
MWT_C01015,259699,259711,10363,10363,"It may be,",Syme,before_quote,"said the Professor absently. Then he added in his dreamy voice,",Unknown,True,False,attribution_without_continuation_evidence,review,False
MWT_C01016,259777,260091,10365,10379,"What is all that at the end of the ‘Dunciad’?



‘Nor public flame; nor private, dares to shine;

Nor human light is left, nor glimpse divine!

Lo! thy dread Empire, Chaos, is restored;

Light dies before thine uncreating word:

Thy hand, great Anarch, lets the curtain fall;

And universal darkness buries all.’",Syme,after_quote,,Unknown,False,False,possible_new_turn,review,False
MWT_C01017,260097,260104,10385,10385,Stop!,Syme,after_quote,"cried Bull suddenly,",Unknown,True,False,attribution_without_continuation_evidence,review,False
MWT_C01018,260126,260150,10385,10385,the gendarmes are out.,Syme,after_quote,"The low lights of the police station were indeed blotted and broken with hurrying figures, and they heard through the darkness the clash and jingle of a disciplined cavalry.",Unknown,False,False,possible_new_turn,review,False
MWT_C01019,260333,260361,10397,10397,They are charging the mob!,Syme,after_quote,cried Bull in ecstacy or alarm.,Unknown,True,False,attribution_without_continuation_evidence,review,False
MWT_C01020,260397,260402,10401,10401,"No,",Syme,after_quote,"said Syme,",Syme,True,False,attribution_without_continuation_evidence,review,False
MWT_C01021,260414,260449,10401,10401,they are formed along the parade.,Syme,before_quote,,Unknown,False,False,possible_new_turn,review,False
MWT_C01022,260453,260488,10405,10405,"They have unslung their carbines,",Syme,before_quote,cried Bull dancing with excitement.,Unknown,True,False,attribution_without_continuation_evidence,review,False
MWT_C01023,260528,260534,10409,10409,"Yes,",Syme,before_quote,"said Ratcliffe,",Unknown,True,False,attribution_without_continuation_evidence,review,False
MWT_C01024,260551,260586,10409,10409,and they are going to fire on us.,Syme,before_quote,"As he spoke there came a long crackle of musketry, and bullets seemed to hop like hailstones on the stones in front of them.",Unknown,False,False,possible_new_turn,review,False
MWT_C01025,260719,260752,10419,10419,The gendarmes have joined them!,Syme,before_quote,"cried the Professor, and struck his forehead.",Unknown,True,False,attribution_without_continuation_evidence,review,False
MWT_C01026,260803,260829,10425,10425,"I am in the padded cell,",Syme,before_quote,"said Bull solidly. There was a long silence, and then Ratcliffe said, looking out over the swollen sea, all a sort of grey purple—",Unknown,True,False,attribution_without_continuation_evidence,review,False
MWT_C01027,260968,261044,10435,10437,"What does it matter who is mad or who is sane? We shall all be dead

soon.",Syme,after_quote,Syme turned to him and said—,Unknown,True,False,attribution_without_continuation_evidence,review,False
MWT_C01028,261080,261111,10445,10445,"You are quite hopeless, then?",Syme,after_quote,Mr. Ratcliffe kept a stony silence; then at last he said quietly—,Unknown,True,False,attribution_without_continuation_evidence,review,False
MWT_C01029,261184,261422,10453,10459,"No; oddly enough I am not quite hopeless. There is one insane little

hope that I cannot get out of my mind. The power of this whole planet

is against us, yet I cannot help wondering whether this one silly

little hope is hopeless yet.",Syme,after_quote,,Unknown,False,False,possible_new_turn,review,False
MWT_C01030,261426,261457,10463,10463,In what or whom is your hope?,Syme,after_quote,asked Syme with curiosity.,Syme,True,False,attribution_without_continuation_evidence,review,False
MWT_C01031,261488,261511,10467,10467,"In a man I never saw,",Syme,after_quote,"said the other, looking at the leaden sea.",Unknown,True,False,attribution_without_continuation_evidence,review,False
MWT_C01032,261558,261581,10471,10471,"I know what you mean,",Syme,after_quote,"said Syme in a low voice,",Syme,True,False,attribution_without_continuation_evidence,review,False
MWT_C01033,261608,261676,10471,10473,"the man in the dark

room. But Sunday must have killed him by now.",Syme,before_quote,,Unknown,False,False,possible_new_turn,review,False
MWT_C01034,261680,261690,10477,10477,"Perhaps,",Syme,before_quote,said the other steadily;,Unknown,True,False,attribution_without_continuation_evidence,review,False
MWT_C01035,261716,261784,10477,10479,"but if so, he was the only man

whom Sunday found it hard to kill.",Syme,after_quote,,Unknown,False,False,possible_new_turn,review,False
MWT_C01036,261788,261812,10483,10483,"I heard what you said,",Syme,after_quote,"said the Professor, with his back turned.",Unknown,True,False,attribution_without_continuation_evidence,review,False
MWT_C01037,261855,261909,10483,10485,"I

also am holding hard on to the thing I never saw.",Syme,after_quote,"All of a sudden Syme, who was standing as if blind with introspective thought, swung round and cried out, like a man waking from sleep—",Unknown,True,False,attribution_without_continuation_evidence,review,False
MWT_C01038,262053,262102,10495,10495,Where is the Colonel? I thought he was with us!,Syme,after_quote,,Unknown,False,False,possible_new_turn,review,False
MWT_C01039,262106,262125,10499,10499,"The Colonel! Yes,",Syme,after_quote,"cried Bull,",Unknown,True,False,attribution_without_continuation_evidence,review,False
MWT_C01040,262138,262170,10499,10499,where on earth is the Colonel?,Syme,after_quote,,Unknown,False,False,possible_new_turn,review,False
MWT_C01041,262174,262203,10503,10503,"He went to speak to Renard,",Syme,after_quote,said the Professor.,Unknown,True,False,attribution_without_continuation_evidence,review,False
MWT_C01042,262227,262272,10507,10507,"We cannot leave him among all those beasts,",Syme,after_quote,cried Syme.,Syme,True,False,attribution_without_continuation_evidence,review,False
MWT_C01043,262285,262317,10507,10509,"Let us die

like gentlemen if—",Syme,after_quote,,Unknown,False,False,possible_new_turn,review,False
MWT_C01044,262321,262347,10513,10513,"Do not pity the Colonel,",Syme,after_quote,"said Ratcliffe, with a pale sneer.",Unknown,True,False,attribution_without_continuation_evidence,review,False
MWT_C01045,262383,262421,10513,10515,"He is

extremely comfortable. He is—",Syme,after_quote,,Unknown,False,False,possible_new_turn,review,False
MWT_C01046,262425,262438,10519,10519,No! no! no!,Syme,after_quote,"cried Syme in a kind of frenzy,",Syme,True,False,attribution_without_continuation_evidence,review,False
MWT_C01047,262471,262519,10519,10521,"not the Colonel too! I

will never believe it!",Syme,before_quote,,Unknown,False,False,possible_new_turn,review,False
MWT_C01048,262523,262552,10525,10525,Will you believe your eyes?,Syme,before_quote,"asked the other, and pointed to the beach. Many of their pursuers had waded into the water shaking their fists, but the sea was rough, and they could not reach the pier. Two or three figures, however, stood on the beginning of the stone footway, and seemed to be cautiously advancing down it. The glare of a chance lantern lit up the faces of the two foremost. One face wore a black half-mask, and under it the mouth was twisting about in such a madness of nerves that the black tuft of beard wriggled round and round like a restless, living thing. The other was the red face and white moustache of Colonel Ducroix. They were in earnest consultation.",Unknown,True,False,attribution_without_continuation_evidence,review,False
MWT_C01049,263219,263241,10551,10551,"Yes, he is gone too,",Syme,after_quote,"said the Professor, and sat down on a stone.",Unknown,True,False,attribution_without_continuation_evidence,review,False
MWT_C01050,263288,263411,10553,10555,"Everything’s gone. I’m gone! I can’t trust my own bodily machinery. I

feel as if my own hand might fly up and strike me.",Syme,after_quote,,Unknown,False,False,possible_new_turn,review,False
MWT_C01051,263415,263439,10559,10559,"When my hand flies up,",Syme,after_quote,"said Syme,",Syme,True,False,attribution_without_continuation_evidence,review,False
MWT_C01052,263451,263482,10559,10559,"it will strike somebody else,",Syme,before_quote,"and he strode along the pier towards the Colonel, the sword in one hand and the lantern in the other. As if to destroy the last hope or doubt, the Colonel, who saw him coming, pointed his revolver at him and fired. The shot missed Syme, but struck his sword, breaking it short at the hilt. Syme rushed on, and swung the iron lantern above his head.",Unknown,False,False,possible_new_turn,review,False
MWT_C01053,263843,263864,10577,10577,Judas before Herod!,Syme,after_quote,"he said, and struck the Colonel down upon the stones. Then he turned to the Secretary, whose frightful mouth was almost foaming now, and held the lamp high with so rigid and arresting a gesture, that the man was, as it were, frozen for a moment, and forced to hear.",Unknown,True,False,attribution_without_continuation_evidence,review,False
MWT_C01054,264138,264164,10589,10589,Do you see this lantern?,Syme,after_quote,cried Syme in a terrible voice.,Syme,True,False,attribution_without_continuation_evidence,review,False
MWT_C01055,264197,264826,10589,10607,"Do you see

the cross carved on it, and the flame inside? You did not make it. You

did not light it. Better men than you, men who could believe and obey,

twisted the entrails of iron and preserved the legend of fire. There is

not a street you walk on, there is not a thread you wear, that was not

made as this lantern was, by denying your philosophy of dirt and rats.

You can make nothing. You can only destroy. You will destroy mankind;

you will destroy the world. Let that suffice you. Yet this one old

Christian lantern you shall not destroy. It shall go where your empire

of apes will never have the wit to find it.",Syme,after_quote,"He struck the Secretary once with the lantern so that he staggered; and then, whirling it twice round his head, sent it flying far out to sea, where it flared like a roaring rocket and fell.",Unknown,False,False,possible_new_turn,review,False
MWT_C01056,265026,265035,10619,10619,Swords!,Syme,after_quote,"shouted Syme, turning his flaming face to the three behind him.",Syme,True,False,attribution_without_continuation_evidence,review,False
MWT_C01057,265101,265158,10621,10621,"Let us charge these dogs, for our time has come to die.",Syme,before_quote,"His three companions came after him sword in hand. Syme’s sword was broken, but he rent a bludgeon from the fist of a fisherman, flinging him down. In a moment they would have flung themselves upon the face of the mob and perished, when an interruption came. The Secretary, ever since Syme’s speech, had stood with his hand to his stricken head as if dazed; now he suddenly pulled off his black mask. The pale face thus peeled in the lamplight revealed not so much rage as astonishment. He put up his hand with an anxious authority.",Unknown,False,False,possible_new_turn,review,False
MWT_C01058,265707,265731,10645,10645,"There is some mistake,",Syme,after_quote,he said.,Unknown,True,False,attribution_without_continuation_evidence,review,False
MWT_C01059,265741,265835,10645,10647,"Mr. Syme, I hardly think you

understand your position. I arrest you in the name of the law.",Syme,after_quote,,Unknown,False,False,possible_new_turn,review,False
MWT_C01060,265839,265852,10651,10651,Of the law?,Syme,after_quote,"said Syme, and dropped his stick.",Syme,True,False,attribution_without_continuation_evidence,review,False
MWT_C01061,265890,265902,10655,10655,Certainly!,Syme,before_quote,said the Secretary.,Unknown,True,False,attribution_without_continuation_evidence,review,False
MWT_C01062,265923,265961,10655,10655,"I am a detective from Scotland Yard,",Syme,before_quote,and he took a small blue card from his pocket.,Unknown,False,False,possible_new_turn,review,False
MWT_C01063,266013,266046,10661,10661,And what do you suppose we are?,Syme,before_quote,"asked the Professor, and threw up his arms.",Unknown,True,False,attribution_without_continuation_evidence,review,False
MWT_C01064,266095,266101,10667,10667,"You,",Syme,before_quote,"said the Secretary stiffly,",Unknown,True,False,attribution_without_continuation_evidence,review,False
MWT_C01065,266130,266229,10667,10669,"are, as I know for a fact, members

of the Supreme Anarchist Council. Disguised as one of you, I—",Syme,before_quote,Dr. Bull tossed his sword into the sea.,Unknown,False,False,possible_new_turn,review,False
MWT_C01066,266276,266324,10677,10677,"There never was any Supreme Anarchist Council,",Syme,before_quote,he said.,Unknown,True,False,attribution_without_continuation_evidence,review,False
MWT_C01067,266334,266535,10677,10683,"We were all

a lot of silly policemen looking at each other. And all these nice

people who have been peppering us with shot thought we were the

dynamiters. I knew I couldn’t be wrong about the mob,",Syme,before_quote,"he said, beaming over the enormous multitude, which stretched away to the distance on both sides.",Unknown,True,False,attribution_without_continuation_evidence,review,False
MWT_C01068,266636,266758,10687,10689,"Vulgar people are never mad. I’m vulgar myself, and I

know. I am now going on shore to stand a drink to everybody here.",Unknown,none,"CHAPTER XIII. THE PURSUIT OF THE PRESIDENT Next morning five bewildered but hilarious people took the boat for Dover. The poor old Colonel might have had some cause to complain, having been first forced to fight for two factions that didn’t exist, and then knocked down with an iron lantern. But he was a magnanimous old gentleman, and being much relieved that neither party had anything to do with dynamite, he saw them off on the pier with great geniality. The five reconciled detectives had a hundred details to explain to each other. The Secretary had to tell Syme how they had come to wear masks originally in order to approach the supposed enemy as fellow-conspirators. Syme had to explain how they had fled with such swiftness through a civilised country. But above all these matters of detail which could be explained, rose the central mountain of the matter that they could not explain. What did it all mean? If they were all harmless officers, what was Sun",Unknown,False,False,possible_new_turn,review,False
MWT_C01069,267881,267960,10745,10747,"I can’t make head or tail of old Sunday’s little game any more than

you can,",Syme,after_quote,he said.,Unknown,True,False,attribution_without_continuation_evidence,review,False
MWT_C01070,267970,268066,10747,10749,"But whatever else Sunday is, he isn’t a blameless

citizen. Damn it! do you remember his face?",Syme,after_quote,,Unknown,False,False,possible_new_turn,review,False
MWT_C01071,268070,268084,10753,10753,"I grant you,",Syme,after_quote,"answered Syme,",Syme,True,False,attribution_without_continuation_evidence,review,False
MWT_C01072,268100,268144,10753,10755,"that I have never been able to forget

it.",Syme,before_quote,,Unknown,False,False,possible_new_turn,review,False
MWT_C01073,268148,268155,10759,10759,"Well,",Syme,before_quote,"said the Secretary,",Unknown,True,False,attribution_without_continuation_evidence,review,False
MWT_C01074,268176,268277,10759,10761,"I suppose we can find out soon, for

tomorrow we have our next general meeting. You will excuse me,",Syme,before_quote,"he said, with a rather ghastly smile,",Unknown,True,False,attribution_without_continuation_evidence,review,False
MWT_C01075,268317,268373,10763,10765,"for being well acquainted with my

secretarial duties.",Syme,before_quote,,Unknown,False,False,possible_new_turn,review,False
MWT_C01076,268377,268403,10769,10769,"I suppose you are right,",Syme,before_quote,said the Professor reflectively.,Unknown,True,False,attribution_without_continuation_evidence,review,False
MWT_C01077,268437,268562,10769,10773,"I suppose

we might find it out from him; but I confess that I should feel a bit

afraid of asking Sunday who he really is.",Syme,before_quote,,Unknown,False,False,possible_new_turn,review,False
MWT_C01078,268566,268572,10777,10777,"Why,",Syme,before_quote,"asked the Secretary,",Unknown,True,False,attribution_without_continuation_evidence,review,False
MWT_C01079,268594,268614,10777,10777,for fear of bombs?,Unknown,none,,Unknown,False,False,possible_new_turn,review,False
MWT_C01080,268618,268623,10781,10781,"No,",Unknown,none,"said the Professor,",Unknown,True,False,attribution_without_continuation_evidence,review,False
MWT_C01081,268644,268672,10781,10781,for fear he might tell me.,Unknown,none,,Unknown,False,False,possible_new_turn,review,False
MWT_C01082,268676,268702,10785,10785,"Let us have some drinks,",Unknown,none,"said Dr. Bull, after a silence. Throughout their whole journey by boat and train they were highly convivial, but they instinctively kept together. Dr. Bull, who had always been the optimist of the party, endeavoured to persuade the other four that the whole company could take the same hansom cab from Victoria; but this was overruled, and they went in a four-wheeler, with Dr. Bull on the box, singing. They finished their journey at an hotel in Piccadilly Circus, so as to be close to the early breakfast next morning in Leicester Square. Yet even then the adventures of the day were not entirely over. Dr. Bull, discontented with the general proposal to go to bed, had strolled out of the hotel at about eleven to see and taste some of the beauties of London. Twenty minutes afterwards, however, he came back and made quite a clamour in the hall. Syme, who tried at first to soothe him, was forced at last to listen to his communication with quite new attention.",Unknown,True,False,attribution_without_continuation_evidence,review,False
MWT_C01083,269688,269715,10819,10819,I tell you I’ve seen him!,Syme,after_quote,"said Dr. Bull, with thick emphasis.",Unknown,True,False,attribution_without_continuation_evidence,review,False
MWT_C01084,269755,269762,10823,10823,Whom?,Syme,after_quote,asked Syme quickly.,Syme,True,False,attribution_without_continuation_evidence,review,False
MWT_C01085,269783,269803,10823,10823,Not the President?,Syme,after_quote,,Unknown,False,False,possible_new_turn,review,False
MWT_C01086,269807,269828,10827,10827,"Not so bad as that,",Syme,after_quote,"said Dr. Bull, with unnecessary laughter,",Unknown,True,False,attribution_without_continuation_evidence,review,False
MWT_C01087,269871,269912,10827,10829,"not so

bad as that. I’ve got him here.",Syme,after_quote,,Unknown,False,False,possible_new_turn,review,False
MWT_C01088,269916,269932,10833,10833,Got whom here?,Syme,after_quote,asked Syme impatiently.,Syme,True,False,attribution_without_continuation_evidence,review,False
MWT_C01089,269960,269972,10837,10837,"Hairy man,",Syme,after_quote,"said the other lucidly,",Unknown,True,False,attribution_without_continuation_evidence,review,False
MWT_C01090,269997,270048,10837,10839,"man that used to be hairy

man—Gogol. Here he is,",Syme,after_quote,"and he pulled forward by a reluctant elbow the identical young man who five days before had marched out of the Council with thin red hair and a pale face, the first of all the sham anarchists who had been exposed.",Unknown,False,False,possible_new_turn,review,False
MWT_C01091,270269,270296,10849,10849,Why do you worry with me?,Syme,after_quote,he cried.,Unknown,True,False,attribution_without_continuation_evidence,review,False
MWT_C01092,270307,270339,10849,10849,You have expelled me as a spy.,Syme,after_quote,,Unknown,False,False,possible_new_turn,review,False
MWT_C01093,270343,270362,10853,10853,We are all spies!,Syme,after_quote,whispered Syme.,Syme,True,False,attribution_without_continuation_evidence,review,False
MWT_C01094,270382,270400,10857,10857,We’re all spies!,Syme,after_quote,shouted Dr. Bull.,Unknown,True,False,attribution_without_continuation_evidence,review,False
MWT_C01095,270419,270443,10857,10857,Come and have a drink.,Syme,after_quote,Next morning the battalion of the reunited six marched stolidly towards the hotel in Leicester Square.,Unknown,False,False,possible_new_turn,review,False
MWT_C01096,270554,270578,10867,10867,"This is more cheerful,",Syme,after_quote,said Dr. Bull;,Unknown,True,False,attribution_without_continuation_evidence,review,False
MWT_C01097,270594,270647,10867,10869,"we are six men going to ask

one man what he means.",Syme,after_quote,,Unknown,False,False,possible_new_turn,review,False
MWT_C01098,270651,270691,10873,10873,"I think it is a bit queerer than that,",Syme,after_quote,said Syme.,Syme,True,False,attribution_without_continuation_evidence,review,False
MWT_C01099,270703,270764,10873,10875,"I think it is six

men going to ask one man what they mean.",Syme,before_quote,"They turned in silence into the Square, and though the hotel was in the opposite corner, they saw at once the little balcony and a figure that looked too big for it. He was sitting alone with bent head, poring over a newspaper. But all his councillors, who had come to vote him down, crossed that Square as if they were watched out of heaven by a hundred eyes. They had disputed much upon their policy, about whether they should leave the unmasked Gogol without and begin diplomatically, or whether they should bring him in and blow up the gunpowder at once. The influence of Syme and Bull prevailed for the latter course, though the Secretary to the last asked them why they attacked Sunday so rashly.",Unknown,True,False,attribution_without_continuation_evidence,review,False
MWT_C01100,271486,271514,10905,10905,"My reason is quite simple,",Syme,after_quote,said Syme.,Syme,True,False,attribution_without_continuation_evidence,review,False
MWT_C01101,271526,271576,10905,10907,"I attack him rashly because I

am afraid of him.",Syme,before_quote,"They followed Syme up the dark stair in silence, and they all came out simultaneously into the broad sunlight of the morning and the broad sunlight of Sunday’s smile.",Unknown,False,False,possible_new_turn,review,False
MWT_C01102,271752,271765,10919,10919,Delightful!,Syme,before_quote,he said.,Unknown,True,False,attribution_without_continuation_evidence,review,False
MWT_C01103,271775,271851,10919,10921,"So pleased to see you all. What an exquisite

day it is. Is the Czar dead?",Syme,before_quote,"The Secretary, who happened to be foremost, drew himself together for a dignified outburst.",Unknown,False,False,possible_new_turn,review,False
MWT_C01104,271951,271961,10931,10931,"No, sir,",Syme,before_quote,he said sternly,Unknown,True,False,attribution_without_continuation_evidence,review,False
MWT_C01105,271978,272059,10931,10933,"there has been no massacre. I bring you

news of no such disgusting spectacles.",Syme,before_quote,,Unknown,False,False,possible_new_turn,review,False
MWT_C01106,272063,272087,10937,10937,Disgusting spectacles?,Unknown,none,"repeated the President, with a bright, inquiring smile.",Unknown,False,False,possible_new_turn,review,False
MWT_C01107,272145,272178,10939,10939,You mean Dr. Bull’s spectacles?,Unknown,none,"The Secretary choked for a moment, and the President went on with a sort of smooth appeal—",Unknown,False,False,possible_new_turn,review,False
MWT_C01108,272277,272393,10949,10951,"Of course, we all have our opinions and even our eyes, but really to

call them disgusting before the man himself—",Unknown,none,Dr. Bull tore off his spectacles and broke them on the table.,Unknown,False,False,possible_new_turn,review,False
MWT_C01109,272462,272495,10959,10959,"My spectacles are blackguardly,",Unknown,none,"he said,",Unknown,True,False,attribution_without_continuation_evidence,review,False
MWT_C01110,272505,272537,10959,10961,"but I’m not. Look at my

face.",Unknown,none,,Unknown,False,False,possible_new_turn,review,False
MWT_C01111,272541,272594,10965,10965,"I dare say it’s the sort of face that grows on one,",Unknown,none,"said the President,",Unknown,True,False,attribution_without_continuation_evidence,review,False
MWT_C01112,272616,272753,10967,10971,"in fact, it grows on you; and who am I to quarrel with the

wild fruits upon the Tree of Life? I dare say it will grow on me some

day.",Unknown,none,,Unknown,False,False,possible_new_turn,review,False
MWT_C01113,272757,272790,10975,10975,"We have no time for tomfoolery,",Unknown,none,"said the Secretary, breaking in savagely.",Unknown,True,False,attribution_without_continuation_evidence,review,False
MWT_C01114,272834,273085,10977,10983,"We have come to know what all this means. Who are you? What

are you? Why did you get us all here? Do you know who and what we are?

Are you a half-witted man playing the conspirator, or are you a clever

man playing the fool? Answer me, I tell you.",Syme,after_quote,,Unknown,False,False,possible_new_turn,review,False
MWT_C01115,273089,273102,10987,10987,"Candidates,",Syme,after_quote,"murmured Sunday,",Unknown,False,False,no_explicit_boundary_evidence,review,False
MWT_C01116,273120,273525,10987,10999,"are only required to answer eight out

of the seventeen questions on the paper. As far as I can make out, you

want me to tell you what I am, and what you are, and what this table

is, and what this Council is, and what this world is for all I know.

Well, I will go so far as to rend the veil of one mystery. If you want

to know what you are, you are a set of highly well-intentioned young

jackasses.",Syme,after_quote,,Unknown,False,False,possible_new_turn,review,False
MWT_C01117,273529,273539,11003,11003,"And you,",Syme,after_quote,"said Syme, leaning forward,",Syme,True,False,attribution_without_continuation_evidence,review,False
MWT_C01118,273568,273583,11003,11003,what are you?,Syme,before_quote,,Unknown,False,False,possible_new_turn,review,False
MWT_C01119,273587,273602,11007,11007,I? What am I?,Syme,before_quote,"roared the President, and he rose slowly to an incredible height, like some enormous wave about to arch above them and break.",Unknown,False,False,possible_new_turn,review,False
MWT_C01120,273731,274478,11011,11031,"You want to know what I am, do you? Bull, you are a man of

science. Grub in the roots of those trees and find out the truth about

them. Syme, you are a poet. Stare at those morning clouds. But I tell

you this, that you will have found out the truth of the last tree and

the top-most cloud before the truth about me. You will understand the

sea, and I shall be still a riddle; you shall know what the stars are,

and not know what I am. Since the beginning of the world all men have

hunted me like a wolf—kings and sages, and poets and lawgivers, all the

churches, and all the philosophies. But I have never been caught yet,

and the skies will fall in the time I turn to bay. I have given them a

good run for their money, and I will now.",Syme,before_quote,"Before one of them could move, the monstrous man had swung himself like some huge ourang-outang over the balustrade of the balcony. Yet before he dropped he pulled himself up again as on a horizontal bar, and thrusting his great chin over the edge of the balcony, said solemnly—",Unknown,True,False,attribution_without_continuation_evidence,review,False
MWT_C01121,274767,274883,11045,11047,"There’s one thing I’ll tell you though about who I am. I am the man in

the dark room, who made you all policemen.",Unknown,none,"With that he fell from the balcony, bouncing on the stones below like a great ball of india-rubber, and went bounding off towards the corner of the Alhambra, where he hailed a hansom-cab and sprang inside it. The six detectives had been standing thunderstruck and livid in the light of his last assertion; but when he disappeared into the cab, Syme’s practical senses returned to him, and leaping over the balcony so recklessly as almost to break his legs, he called another cab. He and Bull sprang into the cab together, the Professor and the Inspector into another, while the Secretary and the late Gogol scrambled into a third just in time to pursue the flying Syme, who was pursuing the flying President. Sunday led them a wild chase towards the north-west, his cabman, evidently under the influence of more than common inducements, urging the horse at breakneck speed. But Syme was in no mood for delicacies, and he stood up in his own cab shouting,",Unknown,True,False,attribution_without_continuation_evidence,review,False
MWT_C01122,275858,275871,11081,11081,Stop thief!,Unknown,none,"until crowds ran along beside his cab, and policemen began to stop and ask questions. All this had its influence upon the President’s cabman, who began to look dubious, and to slow down to a trot. He opened the trap to talk reasonably to his fare, and in so doing let the long whip droop over the front of the cab. Sunday leant forward, seized it, and jerked it violently out of the man’s hand. Then standing up in front of the cab himself, he lashed the horse and roared aloud, so that they went down the streets like a flying storm. Through street after street and square after square went whirling this preposterous vehicle, in which the fare was urging the horse and the driver trying desperately to stop it. The other three cabs came after it (if the phrase be permissible of a cab) like panting hounds. Shops and streets shot by like rattling arrows. At the highest ecstacy of speed, Sunday turned round on the splashboard where he stood, and sticking his great grinning head o",Unknown,False,False,possible_new_turn,review,False
MWT_C01123,277497,277530,11133,11133,What about Martin Tupper _now?_,Unknown,none,,Unknown,False,False,possible_new_turn,review,False
MWT_C01124,277536,277568,11139,11139,What does the old maniac mean?,Unknown,none,"asked Bull, staring at the words.",Unknown,True,False,attribution_without_continuation_evidence,review,False
MWT_C01125,277604,277632,11141,11141,"What does yours say, Syme?",Unknown,none,"Syme’s message was, at any rate, longer, and ran as follows:—",Unknown,False,False,possible_new_turn,review,False
MWT_C01126,277701,277937,11149,11155,"No one would regret anything in the nature of an interference by the

Archdeacon more than I. I trust it will not come to that. But, for the

last time, where are your goloshes? The thing is too bad, especially

after what uncle said.",Unknown,none,"The President’s cabman seemed to be regaining some control over his horse, and the pursuers gained a little as they swept round into the Edgware Road. And here there occurred what seemed to the allies a providential stoppage. Traffic of every kind was swerving to right or left or stopping, for down the long road was coming the unmistakable roar announcing the fire-engine, which in a few seconds went by like a brazen thunderbolt. But quick as it went by, Sunday had bounded out of his cab, sprung at the fire-engine, caught it, slung himself on to it, and was seen as he disappeared in the noisy distance talking to the astonished fireman with explanatory gestures.",Unknown,False,False,possible_new_turn,review,False
MWT_C01127,278624,278636,11183,11183,After him!,Unknown,none,howled Syme.,Unknown,False,False,possible_new_turn,review,False
MWT_C01128,278650,278712,11183,11185,"He can’t go astray now. There’s no mistaking

a fire-engine.",Unknown,none,"The three cabmen, who had been stunned for a moment, whipped up their horses and slightly decreased the distance between themselves and their disappearing prey. The President acknowledged this proximity by coming to the back of the car, bowing repeatedly, kissing his hand, and finally flinging a neatly-folded note into the bosom of Inspector Ratcliffe. When that gentleman opened it, not without impatience, he found it contained the words:—",Unknown,False,False,possible_new_turn,review,False
MWT_C01129,279169,279244,11205,11207,"Fly at once. The truth about your trouser-stretchers is known.—A

FRIEND.",Unknown,none,"The fire-engine had struck still farther to the north, into a region that they did not recognise; and as it ran by a line of high railings shadowed with trees, the six friends were startled, but somewhat relieved, to see the President leap from the fire-engine, though whether through another whim or the increasing protest of his entertainers they could not see. Before the three cabs, however, could reach up to the spot, he had gone up the high railings like a huge grey cat, tossed himself over, and vanished in a darkness of leaves. Syme with a furious gesture stopped his cab, jumped out, and sprang also to the escalade. When he had one leg over the fence and his friends were following, he turned a face on them which shone quite pale in the shadow.",Unknown,False,False,possible_new_turn,review,False
MWT_C01130,280024,280049,11241,11241,What place can this be?,Syme,after_quote,he asked.,Unknown,True,False,attribution_without_continuation_evidence,review,False
MWT_C01131,280060,280138,11241,11243,"Can it be the old devil’s house?

I’ve heard he has a house in North London.",Syme,after_quote,,Unknown,False,False,possible_new_turn,review,False
MWT_C01132,280142,280159,11247,11247,"All the better,",Syme,after_quote,"said the Secretary grimly, planting a foot in a foothold,",Unknown,True,False,attribution_without_continuation_evidence,review,False
MWT_C01133,280219,280247,11249,11249,we shall find him at home.,Syme,after_quote,,Unknown,False,False,possible_new_turn,review,False
MWT_C01134,280251,280275,11253,11253,"No, but it isn’t that,",Syme,after_quote,"said Syme, knitting his brows.",Syme,True,False,attribution_without_continuation_evidence,review,False
MWT_C01135,280307,280411,11253,11257,"I hear the

most horrible noises, like devils laughing and sneezing and blowing

their devilish noses!",Syme,after_quote,,Unknown,False,False,possible_new_turn,review,False
MWT_C01136,280415,280445,11261,11261,"His dogs barking, of course,",Syme,after_quote,said the Secretary.,Unknown,True,False,attribution_without_continuation_evidence,review,False
MWT_C01137,280469,280509,11265,11265,Why not say his black-beetles barking!,Syme,after_quote,"said Syme furiously,",Syme,True,False,attribution_without_continuation_evidence,review,False
MWT_C01138,280531,280608,11265,11267,"snails

barking! geraniums barking! Did you ever hear a dog bark like that?",Syme,before_quote,"He held up his hand, and there came out of the thicket a long growling roar that seemed to get under the skin and freeze the flesh—a low thrilling roar that made a throbbing in the air all about them.",Unknown,False,False,possible_new_turn,review,False
MWT_C01139,280818,280865,11279,11279,"The dogs of Sunday would be no ordinary dogs,",Syme,before_quote,"said Gogol, and shuddered. Syme had jumped down on the other side, but he still stood listening impatiently.",Unknown,True,False,attribution_without_continuation_evidence,review,False
MWT_C01140,280983,281006,11291,11291,"Well, listen to that,",Syme,before_quote,"he said,",Unknown,True,False,attribution_without_continuation_evidence,review,False
MWT_C01141,281016,281046,11291,11291,is that a dog—anybody’s dog?,Unknown,none,"There broke upon their ear a hoarse screaming as of things protesting and clamouring in sudden pain; and then, far off like an echo, what sounded like a long nasal trumpet.",Unknown,False,False,possible_new_turn,review,False
MWT_C01142,281228,281263,11303,11303,"Well, his house ought to be hell!",Unknown,none,said the Secretary;,Unknown,True,False,attribution_without_continuation_evidence,review,False
MWT_C01143,281284,281319,11303,11305,"and if it is

hell, I’m going in!",Unknown,none,"and he sprang over the tall railings almost with one swing. The others followed. They broke through a tangle of plants and shrubs, and came out on an open path. Nothing was in sight, but Dr. Bull suddenly struck his hands together.",Unknown,False,False,possible_new_turn,review,False
MWT_C01144,281561,281578,11319,11319,"Why, you asses,",Syme,after_quote,"he cried,",Unknown,True,False,attribution_without_continuation_evidence,review,False
MWT_C01145,281589,281604,11319,11319,it’s the Zoo!,Syme,after_quote,"As they were looking round wildly for any trace of their wild quarry, a keeper in uniform came running along the path with a man in plain clothes.",Unknown,False,False,possible_new_turn,review,False
MWT_C01146,281760,281783,11331,11331,Has it come this way?,Syme,after_quote,gasped the keeper.,Unknown,False,False,possible_new_turn,review,False
MWT_C01147,281806,281817,11335,11335,Has what?,Syme,after_quote,asked Syme.,Syme,True,False,attribution_without_continuation_evidence,review,False
MWT_C01148,281833,281848,11339,11339,The elephant!,Syme,after_quote,cried the keeper.,Unknown,True,False,attribution_without_continuation_evidence,review,False
MWT_C01149,281867,281908,11339,11341,"An elephant has gone mad and run

away!",Syme,after_quote,,Unknown,False,False,possible_new_turn,review,False
MWT_C01150,281912,281952,11345,11345,"He has run away with an old gentleman,",Syme,after_quote,"said the other stranger breathlessly,",Unknown,True,False,attribution_without_continuation_evidence,review,False
MWT_C01151,281992,282031,11347,11347,a poor old gentleman with white hair!,Syme,after_quote,,Unknown,False,False,possible_new_turn,review,False
MWT_C01152,282035,282064,11351,11351,What sort of old gentleman?,Syme,after_quote,"asked Syme, with great curiosity.",Syme,True,False,attribution_without_continuation_evidence,review,False
MWT_C01153,282102,282161,11355,11355,"A very large and fat old gentleman in light grey clothes,",Syme,after_quote,said the keeper eagerly.,Unknown,True,False,attribution_without_continuation_evidence,review,False
MWT_C01154,282191,282198,11361,11361,"Well,",Syme,after_quote,"said Syme,",Syme,True,False,attribution_without_continuation_evidence,review,False
MWT_C01155,282210,282580,11361,11371,"if he’s that particular kind of old gentleman, if

you’re quite sure that he’s a large and fat old gentleman in grey

clothes, you may take my word for it that the elephant has not run away

with him. He has run away with the elephant. The elephant is not made

by God that could run away with him if he did not consent to the

elopement. And, by thunder, there he is!",Syme,before_quote,"There was no doubt about it this time. Clean across the space of grass, about two hundred yards away, with a crowd screaming and scampering vainly at his heels, went a huge grey elephant at an awful stride, with his trunk thrown out as rigid as a ship’s bowsprit, and trumpeting like the trumpet of doom. On the back of the bellowing and plunging animal sat President Sunday with all the placidity of a sultan, but goading the animal to a furious speed with some sharp object in his hand.",Unknown,False,False,possible_new_turn,review,False
MWT_C01156,283082,283093,11391,11391,Stop him!,Unknown,none,screamed the populace.,Unknown,False,False,possible_new_turn,review,False
MWT_C01157,283117,283144,11391,11391,He’ll be out of the gate!,Unknown,none,,Unknown,False,False,possible_new_turn,review,False
MWT_C01158,283148,283167,11395,11395,Stop a landslide!,Unknown,none,said the keeper.,Unknown,True,False,attribution_without_continuation_evidence,review,False
MWT_C01159,283185,283209,11395,11395,He is out of the gate!,Unknown,none,"And even as he spoke, a final crash and roar of terror announced that the great grey elephant had broken out of the gates of the Zoological Gardens, and was careening down Albany Street like a new and swift sort of omnibus.",Unknown,False,False,possible_new_turn,review,False
MWT_C01160,283443,283456,11409,11409,Great Lord!,Unknown,none,"cried Bull,",Unknown,True,False,attribution_without_continuation_evidence,review,False
MWT_C01161,283469,283581,11409,11411,"I never knew an elephant could go so fast.

Well, it must be hansom-cabs again if we are to keep him in sight.",Unknown,none,"As they raced along to the gate out of which the elephant had vanished, Syme felt a glaring panorama of the strange animals in the cages which they passed. Afterwards he thought it queer that he should have seen them so clearly. He remembered especially seeing pelicans, with their preposterous, pendant throats. He wondered why the pelican was the symbol of charity, except it was that it wanted a good deal of charity to admire a pelican. He remembered a hornbill, which was simply a huge yellow beak with a small bird tied on behind it. The whole gave him a sensation, the vividness of which he could not explain, that Nature was always making quite mysterious jokes. Sunday had told them that they would understand him when they had understood the stars. He wondered whether even the archangels understood the hornbill. The six unhappy detectives flung themselves into cabs and followed the elephant sharing the terror which he spread through the long stretch of the streets.",Unknown,False,False,possible_new_turn,review,False
MWT_C01162,285384,285422,11471,11471,"The word, I fancy, should be ‘pink’.",Unknown,none,"The man once known as Gogol said nothing, but the movements of his hands and feet were like those of a man urging a horse to renewed efforts. Through street after street, through district after district, went the prodigy of the flying elephant, calling crowds to every window, and driving the traffic left and right. And still through all this insane publicity the three cabs toiled after it, until they came to be regarded as part of a procession, and perhaps the advertisement of a circus. They went at such a rate that distances were shortened beyond belief, and Syme saw the Albert Hall in Kensington when he thought that he was still in Paddington. The animal’s pace was even more fast and free through the empty, aristocratic streets of South Kensington, and he finally headed towards that part of the sky-line where the enormous Wheel of Earl’s Court stood up in the sky. The wheel grew larger and larger, till it filled heaven like the wheel of stars. The beast outst",Unknown,True,False,attribution_without_continuation_evidence,review,False
MWT_C01163,286768,286791,11525,11525,Where has he gone to?,Syme,after_quote,"asked Syme, slipping to the ground.",Syme,True,False,attribution_without_continuation_evidence,review,False
MWT_C01164,286831,286875,11529,11529,"Gentleman rushed into the Exhibition, sir!",Syme,before_quote,said an official in a dazed manner. Then he added in an injured voice:,Unknown,True,False,attribution_without_continuation_evidence,review,False
MWT_C01165,286948,287018,11531,11533,"Funny gentleman, sir.

Asked me to hold his horse, and gave me this.",Syme,before_quote,"He held out with distaste a piece of folded paper, addressed:",Unknown,False,False,possible_new_turn,review,False
MWT_C01166,287084,287137,11537,11539,"To the

Secretary of the Central Anarchist Council.",Syme,after_quote,"The Secretary, raging, rent it open, and found written inside it:—",Unknown,False,False,possible_new_turn,review,False
MWT_C01167,287211,287363,11547,11555,"When the herring runs a mile,

Let the Secretary smile;

When the herring tries to _fly_,

Let the Secretary die.

                    Rustic Proverb.",Syme,after_quote,,Unknown,False,False,possible_new_turn,review,False
MWT_C01168,287369,287394,11561,11561,"Why the eternal crikey,",Syme,after_quote,"began the Secretary,",Unknown,False,False,no_explicit_boundary_evidence,review,False
MWT_C01169,287416,287515,11561,11565,"did you let the man in?

Do people commonly come to your Exhibition riding on mad elephants?

Do—",Syme,after_quote,,Unknown,False,False,possible_new_turn,review,False
MWT_C01170,287519,287526,11569,11569,Look!,Syme,after_quote,shouted Syme suddenly.,Syme,True,False,attribution_without_continuation_evidence,review,False
MWT_C01171,287550,287568,11569,11569,Look over there!,Syme,after_quote,,Unknown,False,False,possible_new_turn,review,False
MWT_C01172,287572,287587,11573,11573,Look at what?,Syme,after_quote,asked the Secretary savagely.,Unknown,True,False,attribution_without_continuation_evidence,review,False
MWT_C01173,287621,287651,11577,11577,Look at the captive balloon!,Syme,after_quote,"said Syme, and pointed in a frenzy.",Syme,True,False,attribution_without_continuation_evidence,review,False
MWT_C01174,287691,287743,11581,11581,Why the blazes should I look at a captive balloon?,Syme,after_quote,demanded the Secretary.,Unknown,True,False,attribution_without_continuation_evidence,review,False
MWT_C01175,287769,287815,11583,11583,What is there queer about a captive balloon?,Syme,after_quote,,Unknown,False,False,possible_new_turn,review,False
MWT_C01176,287819,287829,11587,11587,"Nothing,",Syme,after_quote,"said Syme,",Syme,True,False,attribution_without_continuation_evidence,review,False
MWT_C01177,287841,287872,11587,11587,except that it isn’t captive!,Syme,before_quote,"They all turned their eyes to where the balloon swung and swelled above the Exhibition on a string, like a child’s balloon. A second afterwards the string came in two just under the car, and the balloon, broken loose, floated away with the freedom of a soap bubble.",Unknown,False,False,possible_new_turn,review,False
MWT_C01178,288148,288170,11601,11601,Ten thousand devils!,Syme,before_quote,shrieked the Secretary.,Unknown,False,False,possible_new_turn,review,False
MWT_C01179,288195,288214,11601,11601,He’s got into it!,Syme,before_quote,"and he shook his fists at the sky. The balloon, borne by some chance wind, came right above them, and they could see the great white head of the President peering over the side and looking benevolently down on them.",Unknown,False,False,possible_new_turn,review,False
MWT_C01180,288440,288460,11615,11615,God bless my soul!,Unknown,none,said the Professor with the elderly manner that he could never disconnect from his bleached beard and parchment face.,Unknown,True,False,attribution_without_continuation_evidence,review,False
MWT_C01181,288580,288662,11617,11621,"God

bless my soul! I seemed to fancy that something fell on the top of my

hat!",Unknown,none,"He put up a trembling hand and took from that shelf a piece of twisted paper, which he opened absently only to find it inscribed with a true lover’s knot and, the words:—",Unknown,False,False,possible_new_turn,review,False
MWT_C01182,288842,288906,11633,11633,Your beauty has not left me indifferent.—From LITTLE SNOWDROP.,Unknown,none,"There was a short silence, and then Syme said, biting his beard—",Unknown,True,False,attribution_without_continuation_evidence,review,False
MWT_C01183,288980,289063,11643,11645,"I’m not beaten yet. The blasted thing must come down somewhere. Let’s

follow it!",Unknown,none,"CHAPTER XIV. THE SIX PHILOSOPHERS Across green fields, and breaking through blooming hedges, toiled six draggled detectives, about five miles out of London. The optimist of the party had at first proposed that they should follow the balloon across South England in hansom-cabs. But he was ultimately convinced of the persistent refusal of the balloon to follow the roads, and the still more persistent refusal of the cabmen to follow the balloon. Consequently the tireless though exasperated travellers broke through black thickets and ploughed through ploughed fields till each was turned into a figure too outrageous to be mistaken for a tramp. Those green hills of Surrey saw the final collapse and tragedy of the admirable light grey suit in which Syme had set out from Saffron Park. His silk hat was broken over his nose by a swinging bough, his coat-tails were torn to the shoulder by arresting thorns, the clay of England was splashed up to his collar; but he stil",Unknown,False,False,possible_new_turn,review,False
MWT_C01184,290276,290288,11699,11699,"After all,",Unknown,none,"he said,",Unknown,True,False,attribution_without_continuation_evidence,review,False
MWT_C01185,290298,290321,11699,11699,it is very beautiful!,Unknown,none,,Unknown,False,False,possible_new_turn,review,False
MWT_C01186,290325,290368,11703,11703,It is singularly and strangely beautiful!,Unknown,none,said the Professor.,Unknown,True,False,attribution_without_continuation_evidence,review,False
MWT_C01187,290389,290431,11703,11705,"I wish

the beastly gas-bag would burst!",Unknown,none,,Unknown,False,False,possible_new_turn,review,False
MWT_C01188,290435,290440,11709,11709,"No,",Unknown,none,"said Dr. Bull,",Unknown,True,False,attribution_without_continuation_evidence,review,False
MWT_C01189,290456,290501,11709,11709,I hope it won’t. It might hurt the old boy.,Unknown,none,,Unknown,False,False,possible_new_turn,review,False
MWT_C01190,290505,290516,11713,11713,Hurt him!,Syme,after_quote,"said the vindictive Professor,",Unknown,True,False,attribution_without_continuation_evidence,review,False
MWT_C01191,290548,290633,11713,11715,"hurt him! Not as much as

I’d hurt him if I could get up with him. Little Snowdrop!",Syme,after_quote,,Unknown,False,False,possible_new_turn,review,False
MWT_C01192,290637,290670,11719,11719,"I don’t want him hurt, somehow,",Syme,after_quote,said Dr. Bull.,Unknown,True,False,attribution_without_continuation_evidence,review,False
MWT_C01193,290689,290696,11723,11723,What!,Syme,after_quote,cried the Secretary bitterly.,Unknown,True,False,attribution_without_continuation_evidence,review,False
MWT_C01194,290727,290834,11723,11727,"Do you believe all that tale

about his being our man in the dark room? Sunday would say he was

anybody.",Syme,after_quote,,Unknown,False,False,possible_new_turn,review,False
MWT_C01195,290838,290881,11731,11731,"I don’t know whether I believe it or not,",Syme,after_quote,said Dr. Bull.,Unknown,True,False,attribution_without_continuation_evidence,review,False
MWT_C01196,290897,290983,11731,11735,"But it

isn’t that that I mean. I can’t wish old Sunday’s balloon to burst

because—",Syme,after_quote,,Unknown,False,False,possible_new_turn,review,False
MWT_C01197,290987,290994,11739,11739,"Well,",Syme,after_quote,"said Syme impatiently,",Syme,True,False,attribution_without_continuation_evidence,review,False
MWT_C01198,291018,291028,11739,11739,because?,Syme,before_quote,,Unknown,False,False,possible_new_turn,review,False
MWT_C01199,291032,291085,11743,11743,"Well, because he’s so jolly like a balloon himself,",Syme,before_quote,said Dr. Bull desperately.,Unknown,True,False,attribution_without_continuation_evidence,review,False
MWT_C01200,291114,291560,11745,11757,"I don’t understand a word of all that idea of his being

the same man who gave us all our blue cards. It seems to make

everything nonsense. But I don’t care who knows it, I always had a

sympathy for old Sunday himself, wicked as he was. Just as if he was a

great bouncing baby. How can I explain what my queer sympathy was? It

didn’t prevent my fighting him like hell! Shall I make it clear if I

say that I liked him because he was so fat?",Syme,after_quote,,Unknown,False,False,possible_new_turn,review,False
MWT_C01201,291564,291579,11761,11761,"You will not,",Syme,after_quote,said the Secretary.,Unknown,True,False,attribution_without_continuation_evidence,review,False
MWT_C01202,291603,291621,11765,11765,"I’ve got it now,",Syme,after_quote,"cried Bull,",Unknown,True,False,attribution_without_continuation_evidence,review,False
MWT_C01203,291634,291997,11765,11775,"it was because he was so fat and so

light. Just like a balloon. We always think of fat people as heavy, but

he could have danced against a sylph. I see now what I mean. Moderate

strength is shown in violence, supreme strength is shown in levity. It

was like the old speculations—what would happen if an elephant could

leap up in the sky like a grasshopper?",Syme,after_quote,,Unknown,False,False,possible_new_turn,review,False
MWT_C01204,292001,292016,11779,11779,"Our elephant,",Syme,after_quote,"said Syme, looking upwards,",Syme,True,False,attribution_without_continuation_evidence,review,False
MWT_C01205,292045,292090,11779,11781,"has leapt into the sky

like a grasshopper.",Syme,before_quote,,Unknown,False,False,possible_new_turn,review,False
MWT_C01206,292094,292108,11785,11785,"And somehow,",Syme,before_quote,"concluded Bull,",Unknown,False,False,no_explicit_boundary_evidence,review,False
MWT_C01207,292125,292691,11785,11801,"that’s why I can’t help liking old

Sunday. No, it’s not an admiration of force, or any silly thing like

that. There is a kind of gaiety in the thing, as if he were bursting

with some good news. Haven’t you sometimes felt it on a spring day? You

know Nature plays tricks, but somehow that day proves they are

good-natured tricks. I never read the Bible myself, but that part they

laugh at is literal truth, ‘Why leap ye, ye high hills?’ The hills do

leap—at least, they try to.... Why do I like Sunday?... how can I tell

you?... because he’s such a Bounder.",Syme,before_quote,"There was a long silence, and then the Secretary said in a curious, strained voice—",Unknown,True,False,attribution_without_continuation_evidence,review,False
MWT_C01208,292783,294462,11811,11857,"You do not know Sunday at all. Perhaps it is because you are better

than I, and do not know hell. I was a fierce fellow, and a trifle

morbid from the first. The man who sits in darkness, and who chose us

all, chose me because I had all the crazy look of a conspirator—because

my smile went crooked, and my eyes were gloomy, even when I smiled. But

there must have been something in me that answered to the nerves in all

these anarchic men. For when I first saw Sunday he expressed to me, not

your airy vitality, but something both gross and sad in the Nature of

Things. I found him smoking in a twilight room, a room with brown blind

down, infinitely more depressing than the genial darkness in which our

master lives. He sat there on a bench, a huge heap of a man, dark and

out of shape. He listened to all my words without speaking or even

stirring. I poured out my most passionate appeals, and asked my most

eloquent questions. Then, after a long silence, the Thing began to

shake, and I thought it was shaken by some secret malady. It shook like

a loathsome and living jelly. It reminded me of everything I had ever

read about the base bodies that are the origin of life—the deep sea

lumps and protoplasm. It seemed like the final form of matter, the most

shapeless and the most shameful. I could only tell myself, from its

shudderings, that it was something at least that such a monster could

be miserable. And then it broke upon me that the bestial mountain was

shaking with a lonely laughter, and the laughter was at me. Do you ask

me to forgive him that? It is no small thing to be laughed at by

something at once lower and stronger than oneself.",Unknown,none,,Unknown,False,False,possible_new_turn,review,False
MWT_C01209,294466,294511,11861,11861,"Surely you fellows are exaggerating wildly,",Unknown,none,cut in the clear voice of Inspector Ratcliffe.,Unknown,False,False,possible_new_turn,review,False
MWT_C01210,294560,295787,11863,11897,"President Sunday is a terrible fellow for one’s

intellect, but he is not such a Barnum’s freak physically as you make

out. He received me in an ordinary office, in a grey check coat, in

broad daylight. He talked to me in an ordinary way. But I’ll tell you

what is a trifle creepy about Sunday. His room is neat, his clothes are

neat, everything seems in order; but he’s absent-minded. Sometimes his

great bright eyes go quite blind. For hours he forgets that you are

there. Now absent-mindedness is just a bit too awful in a bad man. We

think of a wicked man as vigilant. We can’t think of a wicked man who

is honestly and sincerely dreamy, because we daren’t think of a wicked

man alone with himself. An absentminded man means a good-natured man.

It means a man who, if he happens to see you, will apologise. But how

will you bear an absentminded man who, if he happens to see you, will

kill you? That is what tries the nerves, abstraction combined with

cruelty. Men have felt it sometimes when they went through wild

forests, and felt that the animals there were at once innocent and

pitiless. They might ignore or slay. How would you like to pass ten

mortal hours in a parlour with an absent-minded tiger?",Syme,after_quote,,Unknown,False,False,possible_new_turn,review,False
MWT_C01211,295791,295832,11901,11901,"And what do you think of Sunday, Gogol?",Syme,after_quote,asked Syme.,Syme,True,False,attribution_without_continuation_evidence,review,False
MWT_C01212,295848,295887,11905,11905,"I don’t think of Sunday on principle,",Syme,after_quote,"said Gogol simply,",Unknown,True,False,attribution_without_continuation_evidence,review,False
MWT_C01213,295907,295954,11905,11907,"any more

than I stare at the sun at noonday.",Syme,after_quote,,Unknown,False,False,possible_new_turn,review,False
MWT_C01214,295958,295990,11911,11911,"Well, that is a point of view,",Syme,after_quote,said Syme thoughtfully.,Syme,True,False,attribution_without_continuation_evidence,review,False
MWT_C01215,296015,296045,11911,11913,"What do you

say, Professor?",Syme,after_quote,"The Professor was walking with bent head and trailing stick, and he did not answer at all.",Unknown,False,False,possible_new_turn,review,False
MWT_C01216,296144,296165,11923,11923,"Wake up, Professor!",Syme,after_quote,said Syme genially.,Syme,True,False,attribution_without_continuation_evidence,review,False
MWT_C01217,296186,296222,11923,11925,"Tell us what you think of

Sunday.",Syme,before_quote,The Professor spoke at last very slowly.,Unknown,False,False,possible_new_turn,review,False
MWT_C01218,296270,296290,11933,11933,"I think something,",Syme,before_quote,"he said,",Unknown,True,False,attribution_without_continuation_evidence,review,False
MWT_C01219,296300,296852,11933,11951,"that I cannot say clearly. Or, rather, I

think something that I cannot even think clearly. But it is something

like this. My early life, as you know, was a bit too large and loose.



“Well, when I saw Sunday’s face I thought it was too large—everybody

does, but I also thought it was too loose. The face was so big, that

one couldn’t focus it or make it a face at all. The eye was so far away

from the nose, that it wasn’t an eye. The mouth was so much by itself,

that one had to think of it by itself. The whole thing is too hard to

explain.",Syme,before_quote,"He paused for a little, still trailing his stick, and then went on—",Unknown,False,False,possible_new_turn,review,False
MWT_C01220,296927,297975,11959,11987,"But put it this way. Walking up a road at night, I have seen a lamp

and a lighted window and a cloud make together a most complete and

unmistakable face. If anyone in heaven has that face I shall know him

again. Yet when I walked a little farther I found that there was no

face, that the window was ten yards away, the lamp ten hundred yards,

the cloud beyond the world. Well, Sunday’s face escaped me; it ran away

to right and left, as such chance pictures run away. And so his face

has made me, somehow, doubt whether there are any faces. I don’t know

whether your face, Bull, is a face or a combination in perspective.

Perhaps one black disc of your beastly glasses is quite close and

another fifty miles away. Oh, the doubts of a materialist are not worth

a dump. Sunday has taught me the last and the worst doubts, the doubts

of a spiritualist. I am a Buddhist, I suppose; and Buddhism is not a

creed, it is a doubt. My poor dear Bull, I do not believe that you

really have a face. I have not faith enough to believe in matter.",Unknown,none,"Syme’s eyes were still fixed upon the errant orb, which, reddened in the evening light, looked like some rosier and more innocent world.",Unknown,False,False,possible_new_turn,review,False
MWT_C01221,298120,298152,11997,11997,"Have you noticed an odd thing,",Unknown,none,"he said,",Unknown,True,False,attribution_without_continuation_evidence,review,False
MWT_C01222,298162,298730,11997,12013,"about all your descriptions?

Each man of you finds Sunday quite different, yet each man of you can

only find one thing to compare him to—the universe itself. Bull finds

him like the earth in spring, Gogol like the sun at noonday. The

Secretary is reminded of the shapeless protoplasm, and the Inspector of

the carelessness of virgin forests. The Professor says he is like a

changing landscape. This is queer, but it is queerer still that I also

have had my odd notion about the President, and I also find that I

think of Sunday as I think of the whole world.",Syme,after_quote,,Unknown,False,False,possible_new_turn,review,False
MWT_C01223,298734,298765,12017,12017,"Get on a little faster, Syme,",Syme,after_quote,said Bull;,Unknown,True,False,attribution_without_continuation_evidence,review,False
MWT_C01224,298777,298802,12017,12017,never mind the balloon.,Syme,after_quote,,Unknown,False,False,possible_new_turn,review,False
MWT_C01225,298806,298832,12021,12021,"When I first saw Sunday,",Syme,after_quote,"said Syme slowly,",Syme,True,False,attribution_without_continuation_evidence,review,False
MWT_C01226,298851,299196,12021,12031,"I only saw his back; and

when I saw his back, I knew he was the worst man in the world. His neck

and shoulders were brutal, like those of some apish god. His head had a

stoop that was hardly human, like the stoop of an ox. In fact, I had at

once the revolting fancy that this was not a man at all, but a beast

dressed up in men’s clothes.",Syme,before_quote,,Unknown,False,False,possible_new_turn,review,False
MWT_C01227,299200,299209,12035,12035,"Get on,",Syme,before_quote,said Dr. Bull.,Unknown,True,False,attribution_without_continuation_evidence,review,False
MWT_C01228,299228,299615,12039,12049,"And then the queer thing happened. I had seen his back from the

street, as he sat in the balcony. Then I entered the hotel, and coming

round the other side of him, saw his face in the sunlight. His face

frightened me, as it did everyone; but not because it was brutal, not

because it was evil. On the contrary, it frightened me because it was

so beautiful, because it was so good.",Syme,before_quote,,Unknown,False,False,possible_new_turn,review,False
MWT_C01229,299619,299626,12053,12053,"Syme,",Unknown,none,"exclaimed the Secretary,",Unknown,True,False,attribution_without_continuation_evidence,review,False
MWT_C01230,299652,299666,12053,12053,are you ill?,Unknown,none,,Unknown,False,False,possible_new_turn,review,False
MWT_C01231,299670,300034,12057,12067,"It was like the face of some ancient archangel, judging justly after

heroic wars. There was laughter in the eyes, and in the mouth honour

and sorrow. There was the same white hair, the same great, grey-clad

shoulders that I had seen from behind. But when I saw him from behind I

was certain he was an animal, and when I saw him in front I knew he was

a god.",Unknown,none,,Unknown,False,False,possible_new_turn,review,False
MWT_C01232,300038,300044,12071,12071,"Pan,",Unknown,none,"said the Professor dreamily,",Unknown,True,False,attribution_without_continuation_evidence,review,False
MWT_C01233,300074,300100,12071,12071,was a god and an animal.,Unknown,none,,Unknown,False,False,possible_new_turn,review,False
MWT_C01234,300104,300133,12075,12075,"Then, and again and always,",Unknown,none,"went on Syme like a man talking to himself,",Unknown,False,False,possible_new_turn,review,False
MWT_C01235,300179,300657,12077,12089,"that has been for me the mystery of Sunday, and it is also

the mystery of the world. When I see the horrible back, I am sure the

noble face is but a mask. When I see the face but for an instant, I

know the back is only a jest. Bad is so bad, that we cannot but think

good an accident; good is so good, that we feel certain that evil could

be explained. But the whole came to a kind of crest yesterday when I

raced Sunday for the cab, and was just behind him all the way.",Syme,after_quote,,Unknown,False,False,possible_new_turn,review,False
MWT_C01236,300661,300694,12093,12093,Had you time for thinking then?,Syme,after_quote,asked Ratcliffe.,Unknown,True,False,attribution_without_continuation_evidence,review,False
MWT_C01237,300715,300722,12097,12097,"Time,",Syme,after_quote,"replied Syme,",Syme,True,False,attribution_without_continuation_evidence,review,False
MWT_C01238,300737,301021,12097,12105,"for one outrageous thought. I was suddenly

possessed with the idea that the blind, blank back of his head really

was his face—an awful, eyeless face staring at me! And I fancied that

the figure running in front of me was really a figure running

backwards, and dancing as he ran.",Syme,after_quote,,Unknown,False,False,possible_new_turn,review,False
MWT_C01239,301025,301036,12109,12109,Horrible!,Syme,after_quote,"said Dr. Bull, and shuddered.",Unknown,True,False,attribution_without_continuation_evidence,review,False
MWT_C01240,301070,301097,12113,12113,"Horrible is not the word,",Syme,after_quote,said Syme.,Syme,True,False,attribution_without_continuation_evidence,review,False
MWT_C01241,301109,301341,12113,12119,"It was exactly the worst

instant of my life. And yet ten minutes afterwards, when he put his

head out of the cab and made a grimace like a gargoyle, I knew that he

was only like a father playing hide-and-seek with his children.",Syme,after_quote,,Unknown,False,False,possible_new_turn,review,False
MWT_C01242,301345,301365,12123,12123,"It is a long game,",Syme,after_quote,"said the Secretary, and frowned at his broken boots.",Unknown,True,False,attribution_without_continuation_evidence,review,False
MWT_C01243,301423,301438,12129,12129,"Listen to me,",Syme,after_quote,cried Syme with extraordinary emphasis.,Syme,True,False,attribution_without_continuation_evidence,review,False
MWT_C01244,301479,301827,12129,12139,"Shall I tell

you the secret of the whole world? It is that we have only known the

back of the world. We see everything from behind, and it looks brutal.

That is not a tree, but the back of a tree. That is not a cloud, but

the back of a cloud. Cannot you see that everything is stooping and

hiding a face? If we could only get round in front—",Syme,before_quote,,Unknown,False,False,possible_new_turn,review,False
MWT_C01245,301831,301838,12143,12143,Look!,Syme,before_quote,"cried out Bull clamorously,",Unknown,True,False,attribution_without_continuation_evidence,review,False
MWT_C01246,301867,301896,12143,12143,the balloon is coming down!,Syme,before_quote,"There was no need to cry out to Syme, who had never taken his eyes off it. He saw the great luminous globe suddenly stagger in the sky, right itself, and then sink slowly behind the trees like a setting sun. The man called Gogol, who had hardly spoken through all their weary travels, suddenly threw up his hands like a lost spirit.",Unknown,True,False,attribution_without_continuation_evidence,review,False
MWT_C01247,302242,302255,12161,12161,He is dead!,Unknown,none,he cried.,Unknown,True,False,attribution_without_continuation_evidence,review,False
MWT_C01248,302266,302323,12161,12163,"And now I know he was my friend—my friend in

the dark!",Unknown,none,,Unknown,False,False,possible_new_turn,review,False
MWT_C01249,302327,302334,12167,12167,Dead!,Unknown,none,snorted the Secretary.,Unknown,False,False,possible_new_turn,review,False
MWT_C01250,302358,302514,12167,12171,"You will not find him dead easily. If

he has been tipped out of the car, we shall find him rolling as a colt

rolls in a field, kicking his legs for fun.",Unknown,none,,Unknown,False,False,possible_new_turn,review,False
MWT_C01251,302518,302539,12175,12175,"Clashing his hoofs,",Unknown,none,said the Professor.,Unknown,True,False,attribution_without_continuation_evidence,review,False
MWT_C01252,302560,302592,12175,12177,"The colts do, and so did

Pan.",Unknown,none,,Unknown,False,False,possible_new_turn,review,False
MWT_C01253,302596,302608,12181,12181,Pan again!,Unknown,none,said Dr. Bull irritably.,Unknown,True,False,attribution_without_continuation_evidence,review,False
MWT_C01254,302634,302673,12181,12183,"You seem to think Pan is

everything.",Unknown,none,,Unknown,False,False,possible_new_turn,review,False
MWT_C01255,302677,302688,12187,12187,"So he is,",Unknown,none,"said the Professor,",Unknown,True,False,attribution_without_continuation_evidence,review,False
MWT_C01256,302709,302741,12187,12187,in Greek. He means everything.,Unknown,none,,Unknown,False,False,possible_new_turn,review,False
MWT_C01257,302745,302760,12191,12191,"Don’t forget,",Unknown,none,"said the Secretary, looking down,",Unknown,True,False,attribution_without_continuation_evidence,review,False
MWT_C01258,302795,302823,12191,12193,"that he also means

Panic.",Unknown,none,Syme had stood without hearing any of the exclamations.,Unknown,False,False,possible_new_turn,review,False
MWT_C01259,302886,302907,12201,12201,"It fell over there,",Unknown,none,he said shortly.,Unknown,True,False,attribution_without_continuation_evidence,review,False
MWT_C01260,302925,302944,12201,12201,Let us follow it!,Unknown,none,Then he added with an indescribable gesture—,Unknown,True,False,attribution_without_continuation_evidence,review,False
MWT_C01261,302996,303081,12209,12211,"Oh, if he has cheated us all by getting killed! It would be like one

of his larks.",Unknown,none,"He strode off towards the distant trees with a new energy, his rags and ribbons fluttering in the wind. The others followed him in a more footsore and dubious manner. And almost at the same moment all six men realised that they were not alone in the little field. Across the square of turf a tall man was advancing towards them, leaning on a strange long staff like a sceptre. He was clad in a fine but old-fashioned suit with knee-breeches; its colour was that shade between blue, violet and grey which can be seen in certain shadows of the woodland. His hair was whitish grey, and at the first glance, taken along with his knee-breeches, looked as if it was powdered. His advance was very quiet; but for the silver frost upon his head, he might have been one to the shadows of the wood.",Unknown,False,False,possible_new_turn,review,False
MWT_C01262,303890,303902,12243,12243,"Gentlemen,",Syme,after_quote,"he said,",Unknown,True,False,attribution_without_continuation_evidence,review,False
MWT_C01263,303912,303976,12243,12245,"my master has a carriage waiting for you in the

road just by.",Syme,after_quote,,Unknown,False,False,possible_new_turn,review,False
MWT_C01264,303980,304001,12249,12249,Who is your master?,Syme,after_quote,"asked Syme, standing quite still.",Syme,True,False,attribution_without_continuation_evidence,review,False
MWT_C01265,304039,304070,12253,12253,"I was told you knew his name,",Syme,before_quote,"said the man respectfully. There was a silence, and then the Secretary said—",Unknown,True,False,attribution_without_continuation_evidence,review,False
MWT_C01266,304154,304179,12261,12261,Where is this carriage?,Syme,before_quote,,Unknown,False,False,possible_new_turn,review,False
MWT_C01267,304183,304224,12265,12265,"It has been waiting only a few moments,",Syme,before_quote,said the stranger.,Unknown,True,False,attribution_without_continuation_evidence,review,False
MWT_C01268,304244,304281,12265,12267,"My master

has only just come home.",Syme,before_quote,"Syme looked left and right upon the patch of green field in which he found himself. The hedges were ordinary hedges, the trees seemed ordinary trees; yet he felt like a man entrapped in fairyland. He looked the mysterious ambassador up and down, but he could discover nothing except that the man’s coat was the exact colour of the purple shadows, and that the man’s face was the exact colour of the red and brown and golden sky.",Unknown,False,False,possible_new_turn,review,False
MWT_C01269,304725,304745,12289,12289,"Show us the place,",Unknown,none,"Syme said briefly, and without a word the man in the violet coat turned his back and walked towards a gap in the hedge, which let in suddenly the light of a white road. As the six wanderers broke out upon this thoroughfare, they saw the white road blocked by what looked like a long row of carriages, such a row of carriages as might close the approach to some house in Park Lane. Along the side of these carriages stood a rank of splendid servants, all dressed in the grey-blue uniform, and all having a certain quality of stateliness and freedom which would not commonly belong to the servants of a gentleman, but rather to the officials and ambassadors of a great king. There were no less than six carriages waiting, one for each of the tattered and miserable band. All the attendants (as if in court-dress) wore swords, and as each man crawled into his carriage they drew them, and saluted with a sudden blaze of steel.",Unknown,True,False,attribution_without_continuation_evidence,review,False
MWT_C01270,305689,305712,12323,12323,What can it all mean?,Syme,after_quote,asked Bull of Syme as they separated.,Unknown,True,False,attribution_without_continuation_evidence,review,False
MWT_C01271,305751,305787,12323,12325,"Is this

another joke of Sunday’s?",Syme,after_quote,,Unknown,False,False,possible_new_turn,review,False
MWT_C01272,305791,305806,12329,12329,"I don’t know,",Syme,after_quote,said Syme as he sank wearily back in the cushions of his carriage;,Syme,True,False,attribution_without_continuation_evidence,review,False
MWT_C01273,305875,305954,12331,12333,"but if it is, it’s one of the jokes you talk about. It’s

a good-natured one.",Syme,before_quote,"The six adventurers had passed through many adventures, but not one had carried them so utterly off their feet as this last adventure of comfort. They had all become inured to things going roughly; but things suddenly going smoothly swamped them. They could not even feebly imagine what the carriages were; it was enough for them to know that they were carriages, and carriages with cushions. They could not conceive who the old man was who had led them; but it was quite enough that he had certainly led them to the carriages. Syme drove through a drifting darkness of trees in utter abandonment. It was typical of him that while he had carried his bearded chin forward fiercely so long as anything could be done, when the whole business was taken out of his hands he fell back on the cushions in a frank collapse. Very gradually and very vaguely he realised into what rich roads the carriage was carrying him. He saw that they passed the stone gates of what might have been a",Unknown,True,False,attribution_without_continuation_evidence,review,False
MWT_C01274,308220,308269,12413,12413,Refreshments are provided for you in your room.,Unknown,none,"Syme, under the influence of the same mesmeric sleep of amazement, went up the large oaken stairs after the respectful attendant. He entered a splendid suite of apartments that seemed to be designed specially for him. He walked up to a long mirror with the ordinary instinct of his class, to pull his tie straight or to smooth his hair; and there he saw the frightful figure that he was—blood running down his face from where the bough had struck him, his hair standing out like yellow rags of rank grass, his clothes torn into long, wavering tatters. At once the whole enigma sprang up, simply as the question of how he had got there, and how he was to get out again. Exactly at the same moment a man in blue, who had been appointed as his valet, said very solemnly—",Unknown,True,False,attribution_without_continuation_evidence,review,False
MWT_C01275,309054,309089,12441,12441,"I have put out your clothes, sir.",Syme,after_quote,,Unknown,False,False,possible_new_turn,review,False
MWT_C01276,309093,309103,12445,12445,Clothes!,Syme,after_quote,said Syme sardonically.,Syme,True,False,attribution_without_continuation_evidence,review,False
MWT_C01277,309128,309161,12445,12445,"I have no clothes except these,",Syme,after_quote,"and he lifted two long strips of his frock-coat in fascinating festoons, and made a movement as if to twirl like a ballet girl.",Unknown,False,False,possible_new_turn,review,False
MWT_C01278,309295,309322,12453,12453,"My master asks me to say,",Syme,after_quote,"said the attendant,",Unknown,True,False,attribution_without_continuation_evidence,review,False
MWT_C01279,309343,309599,12453,12461,"that there is a fancy

dress ball tonight, and that he desires you to put on the costume that

I have laid out. Meanwhile, sir, there is a bottle of Burgundy and some

cold pheasant, which he hopes you will not refuse, as it is some hours

before supper.",Syme,after_quote,,Unknown,False,False,possible_new_turn,review,False
MWT_C01280,309603,309635,12465,12465,"Cold pheasant is a good thing,",Syme,after_quote,"said Syme reflectively,",Syme,True,False,attribution_without_continuation_evidence,review,False
MWT_C01281,309660,309868,12465,12471,"and Burgundy

is a spanking good thing. But really I do not want either of them so

much as I want to know what the devil all this means, and what sort of

costume you have got laid out for me. Where is it?",Syme,after_quote,"The servant lifted off a kind of ottoman a long peacock-blue drapery, rather of the nature of a domino, on the front of which was emblazoned a large golden sun, and which was splashed here and there with flaming stars and crescents.",Unknown,False,False,possible_new_turn,review,False
MWT_C01282,310111,310151,12485,12485,"You’re to be dressed as Thursday, sir,",Syme,after_quote,said the valet somewhat affably.,Unknown,True,False,attribution_without_continuation_evidence,review,False
MWT_C01283,310189,310211,12491,12491,Dressed as Thursday!,Syme,after_quote,said Syme in meditation.,Syme,True,False,attribution_without_continuation_evidence,review,False
MWT_C01284,310237,310272,12491,12493,"It doesn’t sound a

warm costume.",Syme,after_quote,,Unknown,False,False,possible_new_turn,review,False
MWT_C01285,310276,310291,12497,12497,"Oh, yes, sir,",Syme,after_quote,"said the other eagerly,",Unknown,True,False,attribution_without_continuation_evidence,review,False
MWT_C01286,310316,310386,12497,12499,"the Thursday costume is quite

warm, sir. It fastens up to the chin.",Syme,after_quote,,Unknown,False,False,possible_new_turn,review,False
MWT_C01287,310390,310426,12503,12503,"Well, I don’t understand anything,",Syme,after_quote,"said Syme, sighing.",Syme,True,False,attribution_without_continuation_evidence,review,False
MWT_C01288,310447,310765,12503,12513,"I have been

used so long to uncomfortable adventures that comfortable adventures

knock me out. Still, I may be allowed to ask why I should be

particularly like Thursday in a green frock spotted all over with the

sun and moon. Those orbs, I think, shine on other days. I once saw the

moon on Tuesday, I remember.",Syme,after_quote,,Unknown,False,False,possible_new_turn,review,False
MWT_C01289,310769,310787,12517,12517,"Beg pardon, sir,",Syme,after_quote,"said the valet,",Unknown,True,False,attribution_without_continuation_evidence,review,False
MWT_C01290,310804,310834,12517,12517,"Bible also provided for you,",Syme,after_quote,"and with a respectful and rigid finger he pointed out a passage in the first chapter of Genesis. Syme read it wondering. It was that in which the fourth day of the week is associated with the creation of the sun and moon. Here, however, they reckoned from a Christian Sunday.",Unknown,False,False,possible_new_turn,review,False
MWT_C01291,311118,311154,12529,12529,"This is getting wilder and wilder,",Syme,after_quote,"said Syme, as he sat down in a chair.",Syme,True,False,attribution_without_continuation_evidence,review,False
MWT_C01292,311194,311315,12531,12533,"Who are these people who provide cold pheasant and Burgundy,

and green clothes and Bibles? Do they provide everything?",Syme,after_quote,,Unknown,False,False,possible_new_turn,review,False
MWT_C01293,311319,311342,12537,12537,"Yes, sir, everything,",Syme,after_quote,said the attendant gravely.,Unknown,True,False,attribution_without_continuation_evidence,review,False
MWT_C01294,311371,311412,12537,12539,"Shall I help you

on with your costume?",Syme,after_quote,,Unknown,False,False,possible_new_turn,review,False
MWT_C01295,311416,311447,12543,12543,"Oh, hitch the bally thing on!",Syme,after_quote,"said Syme impatiently. But though he affected to despise the mummery, he felt a curious freedom and naturalness in his movements as the blue and gold garment fell about him; and when he found that he had to wear a sword, it stirred a boyish dream. As he passed out of the room he flung the folds across his shoulder with a gesture, his sword stood out at an angle, and he had all the swagger of a troubadour. For these disguises did not disguise, but reveal. CHAPTER XV. THE ACCUSER As Syme strode along the corridor he saw the Secretary standing at the top of a great flight of stairs. The man had never looked so noble. He was draped in a long robe of starless black, down the centre of which fell a band or broad stripe of pure white, like a single shaft of light. The whole looked like some very severe ecclesiastical vestment. There was no need for Syme to search his memory or the Bible in order to remember that the first day of creation marked the mere creation",Syme,True,False,attribution_without_continuation_evidence,review,False
MWT_C01296,316728,316780,12737,12737,We do not know yet that he is not dead in a field.,Unknown,none,"Almost as Syme heard the words, he saw on the sea of human faces in front of him a frightful and beautiful alteration, as if heaven had opened behind his head. But Sunday had only passed silently along the front like a shadow, and had sat in the central seat. He was draped plainly, in a pure and terrible white, and his hair was like a silver flame on his forehead. For a long time—it seemed for hours—that huge masquerade of mankind swayed and stamped in front of them to marching and exultant music. Every couple dancing seemed a separate romance; it might be a fairy dancing with a pillar-box, or a peasant girl dancing with the moon; but in each case it was, somehow, as absurd as Alice in Wonderland, yet as grave and kind as a love story. At last, however, the thick crowd began to thin itself. Couples strolled away into the garden-walks, or began to drift towards that end of the building where stood smoking, in huge pots like fish-kettles, some hot and scented mixtures",Unknown,False,False,possible_new_turn,review,False
MWT_C01297,318894,318924,12811,12811,"We will eat and drink later,",Unknown,none,he said.,Unknown,True,False,attribution_without_continuation_evidence,review,False
MWT_C01298,318934,319632,12811,12831,"Let us remain together a

little, we who have loved each other so sadly, and have fought so long.

I seem to remember only centuries of heroic war, in which you were

always heroes—epic on epic, iliad on iliad, and you always brothers in

arms. Whether it was but recently (for time is nothing), or at the

beginning of the world, I sent you out to war. I sat in the darkness,

where there is not any created thing, and to you I was only a voice

commanding valour and an unnatural virtue. You heard the voice in the

dark, and you never heard it again. The sun in heaven denied it, the

earth and sky denied it, all human wisdom denied it. And when I met you

in the daylight I denied it myself.",Unknown,none,"Syme stirred sharply in his seat, but otherwise there was silence, and the incomprehensible went on.",Unknown,False,False,possible_new_turn,review,False
MWT_C01299,319741,320029,12841,12849,"But you were men. You did not forget your secret honour, though the

whole cosmos turned an engine of torture to tear it out of you. I knew

how near you were to hell. I know how you, Thursday, crossed swords

with King Satan, and how you, Wednesday, named me in the hour without

hope.",Unknown,none,"There was complete silence in the starlit garden, and then the black-browed Secretary, implacable, turned in his chair towards Sunday, and said in a harsh voice—",Unknown,True,False,attribution_without_continuation_evidence,review,False
MWT_C01300,320200,320223,12861,12861,Who and what are you?,Unknown,none,,Unknown,False,False,possible_new_turn,review,False
MWT_C01301,320227,320246,12865,12865,"I am the Sabbath,",Unknown,none,said the other without moving.,Unknown,True,False,attribution_without_continuation_evidence,review,False
MWT_C01302,320278,320303,12865,12867,"I am the peace of

God.",Unknown,none,"The Secretary started up, and stood crushing his costly robe in his hand.",Unknown,False,False,possible_new_turn,review,False
MWT_C01303,320385,320408,12877,12877,"I know what you mean,",Unknown,none,"he cried,",Unknown,True,False,attribution_without_continuation_evidence,review,False
MWT_C01304,320419,320972,12877,12893,"and it is exactly that that I cannot

forgive you. I know you are contentment, optimism, what do they call

the thing, an ultimate reconciliation. Well, I am not reconciled. If

you were the man in the dark room, why were you also Sunday, an offense

to the sunlight? If you were from the first our father and our friend,

why were you also our greatest enemy? We wept, we fled in terror; the

iron entered into our souls—and you are the peace of God! Oh, I can

forgive God His anger, though it destroyed nations; but I cannot

forgive Him His peace.",Syme,after_quote,"Sunday answered not a word, but very slowly he turned his face of stone upon Syme as if asking a question.",Unknown,True,False,attribution_without_continuation_evidence,review,False
MWT_C01305,321087,321092,12903,12903,"No,",Syme,after_quote,"said Syme,",Syme,True,False,attribution_without_continuation_evidence,review,False
MWT_C01306,321104,321398,12903,12911,"I do not feel fierce like that. I am grateful to you,

not only for wine and hospitality here, but for many a fine scamper and

free fight. But I should like to know. My soul and heart are as happy

and quiet here as this old garden, but my reason is still crying out. I

should like to know.",Syme,before_quote,"Sunday looked at Ratcliffe, whose clear voice said—",Unknown,True,False,attribution_without_continuation_evidence,review,False
MWT_C01307,321457,321540,12919,12921,"It seems so _silly_ that you should have been on both sides and fought

yourself.",Syme,before_quote,Bull said—,Unknown,True,False,attribution_without_continuation_evidence,review,False
MWT_C01308,321558,321627,12929,12929,"I understand nothing, but I am happy. In fact, I am going to sleep.",Syme,before_quote,,Unknown,False,False,possible_new_turn,review,False
MWT_C01309,321631,321648,12933,12933,"I am not happy,",Unknown,none,"said the Professor with his head in his hands,",Unknown,True,False,attribution_without_continuation_evidence,review,False
MWT_C01310,321697,321772,12935,12937,"because I do not understand. You let me stray a little too near to

hell.",Unknown,none,"And then Gogol said, with the absolute simplicity of a child—",Unknown,True,False,attribution_without_continuation_evidence,review,False
MWT_C01311,321841,321880,12945,12945,I wish I knew why I was hurt so much.,Unknown,none,"Still Sunday said nothing, but only sat with his mighty chin upon his hand, and gazed at the distance. Then at last he said—",Unknown,True,False,attribution_without_continuation_evidence,review,False
MWT_C01312,322013,322127,12955,12957,"I have heard your complaints in order. And here, I think, comes

another to complain, and we will hear him also.",Unknown,none,"The falling fire in the great cresset threw a last long gleam, like a bar of burning gold, across the dim grass. Against this fiery band was outlined in utter black the advancing legs of a black-clad figure. He seemed to have a fine close suit with knee-breeches such as that which was worn by the servants of the house, only that it was not blue, but of this absolute sable. He had, like the servants, a kind of sword by his side. It was only when he had come quite close to the crescent of the seven and flung up his face to look at them, that Syme saw, with thunder-struck clearness, that the face was the broad, almost ape-like face of his old friend Gregory, with its rank red hair and its insulting smile.",Unknown,False,False,possible_new_turn,review,False
MWT_C01313,322856,322866,12985,12985,Gregory!,Gregory,after_quote,"gasped Syme, half-rising from his seat.",Unknown,False,False,possible_new_turn,review,False
MWT_C01314,322907,322942,12985,12987,"Why, this is the

real anarchist!",Gregory,after_quote,,Unknown,False,False,possible_new_turn,review,False
MWT_C01315,322946,322952,12991,12991,"Yes,",Gregory,after_quote,"said Gregory, with a great and dangerous restraint,",Gregory,True,False,attribution_without_continuation_evidence,review,False
MWT_C01316,323005,323032,12991,12993,"I am the

real anarchist.",Gregory,after_quote,,Unknown,False,False,possible_new_turn,review,False
MWT_C01317,323036,323060,12997,12997,"‘Now there was a day,’",Gregory,after_quote,"murmured Bull, who seemed really to have fallen asleep,",Unknown,False,False,possible_new_turn,review,False
MWT_C01318,323118,323219,12999,13001,"‘when the sons of God came to present themselves before

the Lord, and Satan came also among them.’",Gregory,after_quote,,Unknown,False,False,possible_new_turn,review,False
MWT_C01319,323223,323239,13005,13005,"You are right,",Gregory,after_quote,"said Gregory, and gazed all round.",Gregory,True,False,attribution_without_continuation_evidence,review,False
MWT_C01320,323275,323333,13005,13007,"I am a destroyer.

I would destroy the world if I could.",Syme,after_quote,"A sense of a pathos far under the earth stirred up in Syme, and he spoke brokenly and without sequence.",Unknown,False,False,possible_new_turn,review,False
MWT_C01321,323445,323468,13017,13017,"Oh, most unhappy man,",Syme,after_quote,"he cried,",Unknown,True,False,attribution_without_continuation_evidence,review,False
MWT_C01322,323479,323534,13017,13019,"try to be happy! You have red hair

like your sister.",Syme,after_quote,,Unknown,False,False,possible_new_turn,review,False
MWT_C01323,323538,323594,13023,13023,"My red hair, like red flames, shall burn up the world,",Syme,after_quote,said Gregory.,Gregory,True,False,attribution_without_continuation_evidence,review,False
MWT_C01324,323610,323745,13025,13027,"I thought I hated everything more than common men can hate anything;

but I find that I do not hate everything so much as I hate you!",Syme,after_quote,,Unknown,False,False,possible_new_turn,review,False
MWT_C01325,323749,323769,13031,13031,"I never hated you,",Syme,after_quote,said Syme very sadly. Then out of this unintelligible creature the last thunders broke.,Syme,True,False,attribution_without_continuation_evidence,review,False
MWT_C01326,323864,323870,13039,13039,You!,Syme,before_quote,he cried.,Unknown,True,False,attribution_without_continuation_evidence,review,False
MWT_C01327,323881,324870,13039,13067,"You never hated because you never lived. I know what

you are all of you, from first to last—you are the people in power! You

are the police—the great fat, smiling men in blue and buttons! You are

the Law, and you have never been broken. But is there a free soul alive

that does not long to break you, only because you have never been

broken? We in revolt talk all kind of nonsense doubtless about this

crime or that crime of the Government. It is all folly! The only crime

of the Government is that it governs. The unpardonable sin of the

supreme power is that it is supreme. I do not curse you for being

cruel. I do not curse you (though I might) for being kind. I curse you

for being safe! You sit in your chairs of stone, and have never come

down from them. You are the seven angels of heaven, and you have had no

troubles. Oh, I could forgive you everything, you that rule all

mankind, if I could feel for once that you had suffered for one hour a

real agony such as I—",Syme,before_quote,"Syme sprang to his feet, shaking from head to foot.",Unknown,False,False,possible_new_turn,review,False
MWT_C01328,324929,324948,13075,13075,"I see everything,",Unknown,none,"he cried,",Unknown,True,False,attribution_without_continuation_evidence,review,False
MWT_C01329,324959,326195,13075,13113,"everything that there is. Why does each

thing on the earth war against each other thing? Why does each small

thing in the world have to fight against the world itself? Why does a

fly have to fight the whole universe? Why does a dandelion have to

fight the whole universe? For the same reason that I had to be alone in

the dreadful Council of the Days. So that each thing that obeys law may

have the glory and isolation of the anarchist. So that each man

fighting for order may be as brave and good a man as the dynamiter. So

that the real lie of Satan may be flung back in the face of this

blasphemer, so that by tears and torture we may earn the right to say

to this man, ‘You lie!’ No agonies can be too great to buy the right to

say to this accuser, ‘We also have suffered.’



“It is not true that we have never been broken. We have been broken

upon the wheel. It is not true that we have never descended from these

thrones. We have descended into hell. We were complaining of

unforgettable miseries even at the very moment when this man entered

insolently to accuse us of happiness. I repel the slander; we have not

been happy. I can answer for every one of the great guards of Law whom

he has accused. At least—",Unknown,none,"He had turned his eyes so as to see suddenly the great face of Sunday, which wore a strange smile.",Unknown,False,False,possible_new_turn,review,False
MWT_C01330,326302,326313,13123,13123,"Have you,",Unknown,none,"he cried in a dreadful voice,",Unknown,True,False,attribution_without_continuation_evidence,review,False
MWT_C01331,326344,326369,13123,13123,have you ever suffered?,Unknown,none,"As he gazed, the great face grew to an awful size, grew larger than the colossal mask of Memnon, which had made him scream as a child. It grew larger and larger, filling the whole sky; then everything went black. Only in the blackness before it entirely destroyed his brain he seemed to hear a distant voice saying a commonplace text that he had heard somewhere,",Unknown,False,False,possible_new_turn,review,False
MWT_C01332,326741,326783,13137,13137,Can ye drink of the cup that I drink of?,Unknown,none,,Unknown,False,False,no_explicit_boundary_evidence,review,False
