candidate_id,quoted_text,start_char,end_char,speaker_after_raw,speaker_before_raw,speaker_after_normalized,speaker_before_normalized,speaker_after_type,speaker_before_type,proposed_speaker,attribution_source,candidate_status,context_before,context_after,suspicious
OWT_C00033,"I don't care if she does,",25883,25910,Sophia,,Sophia,,NAMED,NONE,Sophia,AFTER_QUOTE_NAMED,ATTRIBUTED_DIALOGUE_CANDIDATE,"""No gloves, of course!"" Sophia criticized.    ""Well, you can't expect her to have gloves,"" said Constance.    Then a pause, as the bonnet and dress neared the top of the Square.    ""Supposing she turns round and sees us?"" Constance suggested.","said Sophia, with a haughtiness almost  impassioned; and her head trembled slightly.    There were, as usual, several loafers at the top of the Square, in the  corner between the bank and the ""Marquis of Granby."" And one of these  loafers stepped fo",False
OWT_C00035,WELL!,26423,26430,Constance.,,Constance,,NAMED,NONE,Constance,AFTER_QUOTE_NAMED,ATTRIBUTED_DIALOGUE_CANDIDATE,"ok hands with an obviously willing  Maggie. Clearly it was a rendezvous, open, unashamed. The twelfth  victim had been selected by the virgin of forty, whose kiss would not  have melted lard! The couple disappeared together down Oldcastle Street.","cried Constance. ""Did you ever see such a thing?""    While Sophia, short of adequate words, flushed and bit her lip.    With the profound, instinctive cruelty of youth, Constance and Sophia  had assembled in their favourite haunt, the show-room, exp",False
OWT_C00037,It's too ridiculous!,27323,27345,Sophia,,Sophia,,NAMED,NONE,Sophia,AFTER_QUOTE_NAMED,ATTRIBUTED_DIALOGUE_CANDIDATE,"e should give rein to chaste passion was  more than grotesque; it was offensive and wicked. But let it not for an  instant be doubted that they were nice, kind-hearted, well-behaved, and  delightful girls! Because they were. They were not angels.","said Sophia, severely. She had youth, beauty,  and rank in her favour. And to her it really was ridiculous.    ""Poor old Maggie!"" Constance murmured. Constance was foolishly  good-natured, a perfect manufactory of excuses for other people; and  her",False
OWT_C00044,"I couldn't think of it,",28138,28163,Constance,,Constance,,NAMED,NONE,Constance,AFTER_QUOTE_NAMED,ATTRIBUTED_DIALOGUE_CANDIDATE,"oys,  and not, as their mother called them, ""great girls.""    ""Let's go and play the Osborne quadrilles,"" Sophia suggested (the  Osborne quadrilles being a series of dances arranged to be performed on  drawing-room pianos by four jewelled hands).","said Constance, with a precocious gesture of  seriousness. In that gesture, and in her tone, was something which  conveyed to Sophia: ""Sophia, how can you be so utterly blind to the  gravity of our fleeting existence as to ask me to go and strum the",False
OWT_C00046,"Con,",29973,29979,Sophia,,Sophia,,NAMED,NONE,Sophia,AFTER_QUOTE_NAMED,ATTRIBUTED_DIALOGUE_CANDIDATE,"vas was destined to adorn a gilt  firescreen in the drawing-room, and also to form a birthday gift to  Mrs. Baines from her elder daughter. But whether the enterprise was as  secret from Mrs. Baines as Constance hoped, none save Mrs. Baines knew.","murmured Sophia, ""you're too sickening sometimes.""    ""Well,"" said Constance, blandly, ""it's no use pretending that this  hasn't got to be finished before we go back to school, because it has.""  Sophia wandered about, a prey ripe for the Evil One. """,False
OWT_C00048,"Well,",30034,30041,Constance,,Constance,,NAMED,NONE,Constance,AFTER_QUOTE_NAMED,ATTRIBUTED_DIALOGUE_CANDIDATE,"oom, and also to form a birthday gift to  Mrs. Baines from her elder daughter. But whether the enterprise was as  secret from Mrs. Baines as Constance hoped, none save Mrs. Baines knew.    ""Con,"" murmured Sophia, ""you're too sickening sometimes.""","said Constance, blandly, ""it's no use pretending that this  hasn't got to be finished before we go back to school, because it has.""  Sophia wandered about, a prey ripe for the Evil One. ""Oh,"" she  exclaimed joyously--even ecstatically--looking behin",False
OWT_C00064,"He did look funny,",43241,43261,Sophia.,,Sophia,,NAMED,NONE,Sophia,AFTER_QUOTE_NAMED,ATTRIBUTED_DIALOGUE_CANDIDATE,"he dentist's. But such was the case. He had not dared to set forth.  The paragon of commonsense, pictured by most people as being somehow  unliable to human frailties, could not yet screw himself up to the  point of ringing a dentist's door-bell.","said Sophia. ""I wonder what he thought. I couldn't  help laughing!""    Constance made no answer; but when Sophia had resumed her own clothes,  and it was ascertained beyond doubt that the new dress had not  suffered, and Constance herself was calmly",False
OWT_C00074,"Oh no, thanks!",45334,45350,Mr. Povey.    Then he began to,,Mr. Povey. Then he began to,,NAMED,NONE,Mr. Povey. Then he began to,AFTER_QUOTE_NAMED,ATTRIBUTED_DIALOGUE_CANDIDATE,"s tooth as a  murderer tries to flee from his conscience.    ""Oh, Mr. Povey!"" said Constance quickly--for he had surprised them  coming out of his bedroom; ""we were just looking for you.""    ""To see if we could do anything for you,"" Sophia added.","said Mr. Povey.    Then he began to come down the corridor, slowly.    ""You haven't been to the dentist's,"" said Constance sympathetically.    ""No, I haven't,"" said Mr. Povey, as if Constance was indicating a fact  which had escaped his attention. """,True
OWT_C00076,"No, I haven't,",45494,45510,Mr. Povey,,Mr. Povey,,NAMED,NONE,Mr. Povey,AFTER_QUOTE_NAMED,ATTRIBUTED_DIALOGUE_CANDIDATE,"were just looking for you.""    ""To see if we could do anything for you,"" Sophia added.    ""Oh no, thanks!"" said Mr. Povey.    Then he began to come down the corridor, slowly.    ""You haven't been to the dentist's,"" said Constance sympathetically.","said Mr. Povey, as if Constance was indicating a fact  which had escaped his attention. ""The truth is, I thought it looked  like rain, and if I'd got wet--you see--""    Miserable Mr. Povey!    ""Yes,"" said Constance, ""you certainly ought to keep out",False
OWT_C00077,"Yes,",45704,45710,Constance,,Constance,,NAMED,NONE,Constance,AFTER_QUOTE_NAMED,ATTRIBUTED_DIALOGUE_CANDIDATE,"'s,"" said Constance sympathetically.    ""No, I haven't,"" said Mr. Povey, as if Constance was indicating a fact  which had escaped his attention. ""The truth is, I thought it looked  like rain, and if I'd got wet--you see--""    Miserable Mr. Povey!","said Constance, ""you certainly ought to keep out of draughts.  Don't you think it would be a good thing if you went and sat in the  parlour? There's a fire there.""    ""I shall be all right, thank you,"" said Mr. Povey. And after a pause:  ""Well, than",False
OWT_C00078,"I shall be all right, thank you,",45878,45912,Mr. Povey. And after a pause,,Mr. Povey. And after a pause,,NAMED,NONE,Mr. Povey. And after a pause,AFTER_QUOTE_NAMED,ATTRIBUTED_DIALOGUE_CANDIDATE,"ooked  like rain, and if I'd got wet--you see--""    Miserable Mr. Povey!    ""Yes,"" said Constance, ""you certainly ought to keep out of draughts.  Don't you think it would be a good thing if you went and sat in the  parlour? There's a fire there.""","said Mr. Povey. And after a pause:  ""Well, thanks, I will.""    III    The girls made way for him to pass them at the head of the twisting  stairs which led down to the parlour. Constance followed, and Sophia  followed Constance.    ""Have father's ch",True
OWT_C00082,"I think I'd sooner have the other one,",46458,46498,Mr. Povey,,Mr. Povey,,NAMED,NONE,Mr. Povey,AFTER_QUOTE_NAMED,ATTRIBUTED_DIALOGUE_CANDIDATE,"g-chairs with fluted backs covered by  antimacassars, one on either side of the hearth. That to the left was  still entitled ""father's chair,"" though its owner had not sat in it  since long before the Crimean war, and would never sit in it again.","said Mr. Povey, ""because it's  on the right side, you see."" And he touched his right cheek.    Having taken Mrs. Baines's chair, he bent his face down to the fire,  seeking comfort from its warmth. Sophia poked the fire, whereupon Mr.  Povey abruptl",False
OWT_C00086,"There's sure to be some in mother's cupboard,",48951,48998,Sophia.    Constance,,Sophia. Constance,,NAMED,NONE,Sophia. Constance,AFTER_QUOTE_NAMED,ATTRIBUTED_DIALOGUE_CANDIDATE,"ce:    ""I suppose you haven't got any laudanum?""    The girls started into life. ""Laudanum, Mr. Povey?""    ""Yes, to hold in my mouth.""    He sat up, tense; another wave was forming. The excellent fellow was  lost to all self-respect, all decency.","said Sophia.    Constance, who bore Mrs. Baines's bunch of keys at her girdle, a solemn  trust, moved a little fearfully to a corner cupboard which was hung in  the angle to the right of the projecting fireplace, over a shelf on  which stood a large",False
OWT_C00091,"It's sure to be all right,",51426,51454,Sophia.,,Sophia,,NAMED,NONE,Sophia,AFTER_QUOTE_NAMED,ATTRIBUTED_DIALOGUE_CANDIDATE,", half cured his toothache.    ""Oh no!"" he said. ""No need to ask Mr. Critchlow ... Two or three drops  in a little water."" He showed impatience to be at the laudanum.    The girls knew that an antipathy existed between the chemist and Mr.  Povey.","said Sophia. ""I'll get the water.""    With youthful cries and alarms they succeeded in pouring four mortal  dark drops (one more than Constance intended) into a cup containing a  little water. And as they handed the cup to Mr. Povey their faces were",False
OWT_C00096,"He's asleep, anyhow,",53099,53121,Sophia,,Sophia,,NAMED,NONE,Sophia,AFTER_QUOTE_NAMED,ATTRIBUTED_DIALOGUE_CANDIDATE,"on his shoulders; and Sophia put another one over his thin little legs,  all drawn up.    They then gazed at their handiwork, with secret self-accusations and  the most dreadful misgivings.    ""He surely never swallowed it!"" Constance whispered.","said Sophia, more loudly.    Mr. Povey was certainly asleep, and his mouth was very wide open--like  a shop-door. The only question was whether his sleep was not an eternal  sleep; the only question was whether he was not out of his pain for  ever.",False
OWT_C00099,"That's the one,",54061,54078,Sophia,,Sophia,,NAMED,NONE,Sophia,AFTER_QUOTE_NAMED,ATTRIBUTED_DIALOGUE_CANDIDATE,"o Mr. Povey by the  slenderest tie, so that at each respiration of Mr. Povey, when his body  slightly heaved and the gale moaned in the cavern, this tooth moved  separately, showing that its long connection with Mr. Povey was drawing  to a close.","said Sophia, pointing. ""And it's as loose as  anything. Did you ever see such a funny thing?""    The extreme funniness of the thing had lulled in Sophia the fear of Mr.  Povey's sudden death.    ""I'll see how much he's taken,"" said Constance, preocc",False
OWT_C00100,"I'll see how much he's taken,",54274,54305,Constance,,Constance,,NAMED,NONE,Constance,AFTER_QUOTE_NAMED,ATTRIBUTED_DIALOGUE_CANDIDATE,"r. Povey was drawing  to a close.    ""That's the one,"" said Sophia, pointing. ""And it's as loose as  anything. Did you ever see such a funny thing?""    The extreme funniness of the thing had lulled in Sophia the fear of Mr.  Povey's sudden death.","said Constance, preoccupied, going to  the mantelpiece.    ""Why, I do believe--"" Sophia began, and then stopped, glancing at the  sewing-machine, which stood next to the sofa.    It was a Howe sewing-machine. It had a little tool-drawer, and in the",False
OWT_C00109,"Now, my little missies,",56779,56804,the vile Hollins.,,the vile Hollins,,DESCRIPTIVE,NONE,the vile Hollins,AFTER_QUOTE_DESCRIPTIVE,ATTRIBUTED_DIALOGUE_CANDIDATE,"f the  unutterable.    ""What!"" Constance's face showed the final contortions of that horrified  incredulity which is forced to believe.    Sophia nudged her violently to remind her that they were in the street,  and also quite close to Mr. Povey.","said the vile Hollins. ""Three pence a pint,  and how's your honoured mother to-day? Yes, fresh, so help me God!""          CHAPTER II    THE TOOTH    I      The two girls came up the unlighted stone staircase which led from  Maggie's cave to the door",False
OWT_C00116,"Yes, PLEASE,",62446,62460,Sophia,,Sophia,,NAMED,NONE,Sophia,AFTER_QUOTE_NAMED,ATTRIBUTED_DIALOGUE_CANDIDATE,"ch justified it despite any irrefutable argument to the  contrary. Mr. Povey was better already, and he evidently remained in  ignorance of his loss.    ""Have some?"" Constance asked of Sophia, with a large spoon hovering  over the bowl of shells.","said Sophia, positively.    Constance well knew that she would have some, and had only asked from  sheer nervousness.    ""Pass your plate, then.""    Now when everybody was served with mussels, cockles, tea, and toast,  and Mr. Povey had been persuad",False
OWT_C00122,"That tooth has been loose for two years,",64309,64351,Mr. Povey,,Mr. Povey,,NAMED,NONE,Mr. Povey,AFTER_QUOTE_NAMED,ATTRIBUTED_DIALOGUE_CANDIDATE,"the right side of his mouth.    ""Oh yes!"" he said, as if solemnly accepting the inevitable. ""I've  swallowed it!""    Sophia's face was now scarlet; she seemed to be looking for some place  to hide it. Constance could not think of anything to say.","said Mr. Povey, ""and now  I've swallowed it with a mussel.""    ""Oh, Mr. Povey!"" Constance cried in confusion, and added, ""There's one  good thing, it can't hurt you any more now.""    ""Oh!"" said Mr. Povey. ""It wasn't THAT tooth that was hurting me. I",False
OWT_C00124,Oh!,64535,64540,Mr. Povey.,,Mr. Povey,,NAMED,NONE,Mr. Povey,AFTER_QUOTE_NAMED,ATTRIBUTED_DIALOGUE_CANDIDATE,"of anything to say.    ""That tooth has been loose for two years,"" said Mr. Povey, ""and now  I've swallowed it with a mussel.""    ""Oh, Mr. Povey!"" Constance cried in confusion, and added, ""There's one  good thing, it can't hurt you any more now.""","said Mr. Povey. ""It wasn't THAT tooth that was hurting me. It's  an old stump at the back that's upset me so this last day or two. I  wish it had been.""    Sophia had her teacup close to her red face. At these words of Mr.  Povey her cheeks seemed t",False
OWT_C00135,"I think she must be in bed, mother,",70459,70496,Constance,,Constance,,NAMED,NONE,Constance,AFTER_QUOTE_NAMED,ATTRIBUTED_DIALOGUE_CANDIDATE,"esture as she climbed the two  steps that gave variety to the corridor. At the gas-jet she paused,  and, putting her hand to the tap, gazed up into the globe.    ""Where's Sophia?"" she demanded, her eyes fixed on the gas as she  lowered the flame.","said Constance, nonchalantly.    The returned mistress was point by point resuming knowledge and control  of that complicated machine--her household.    Then Constance and her mother disappeared into the bedroom, and the  door was shut with a gentle",False
OWT_C00137,"Asleep,",74188,74197,Constance.,,Constance,,NAMED,NONE,Constance,AFTER_QUOTE_NAMED,ATTRIBUTED_DIALOGUE_CANDIDATE,"g that behind the door were  three hooks, of which Constance commanded two.    ""Well,"" Sophia began, when Constance appeared. ""How's darling Mr.  Povey?"" She was lying on her back, and smiling at her two hands, which  she held up in front of her.","said Constance. ""At least mother thinks so. She says sleep is  the best thing for him.""    ""'It will probably come on again,'"" said Sophia.    ""What's that you say?"" Constance asked, undressing.    ""'It will probably come on again.'""    These words",False
OWT_C00138,"'It will probably come on again,'",74289,74324,Sophia.,,Sophia,,NAMED,NONE,Sophia,AFTER_QUOTE_NAMED,ATTRIBUTED_DIALOGUE_CANDIDATE,"when Constance appeared. ""How's darling Mr.  Povey?"" She was lying on her back, and smiling at her two hands, which  she held up in front of her.    ""Asleep,"" said Constance. ""At least mother thinks so. She says sleep is  the best thing for him.""","said Sophia.    ""What's that you say?"" Constance asked, undressing.    ""'It will probably come on again.'""    These words were a quotation from the utterances of darling Mr. Povey  on the stairs, and Sophia delivered them with an exact imitation of",False
OWT_C00141,"Sophia,",74607,74616,Constance,,Constance,,NAMED,NONE,Constance,AFTER_QUOTE_NAMED,ATTRIBUTED_DIALOGUE_CANDIDATE,"say?"" Constance asked, undressing.    ""'It will probably come on again.'""    These words were a quotation from the utterances of darling Mr. Povey  on the stairs, and Sophia delivered them with an exact imitation of Mr.  Povey's vocal mannerism.","said Constance, firmly, approaching the bed, ""I wish you  wouldn't be so silly!"" She had benevolently ignored the satirical note  in Sophia's first remark, but a strong instinct in her rose up and  objected to further derision. ""Surely you've done e",False
OWT_C00143,_I_ don't know what's come over you!,75061,75099,Constance.,,Constance,,NAMED,NONE,Constance,AFTER_QUOTE_NAMED,ATTRIBUTED_DIALOGUE_CANDIDATE,"nd  objected to further derision. ""Surely you've done enough for one day!""  she added.    For answer Sophia exploded into violent laughter, which she made no  attempt to control. She laughed too long and too freely while Constance  stared at her.","said Constance.    ""It's only because I can't look at it without simply going off into  fits!"" Sophia gasped out. And she held up a tiny object in her left  hand.    Constance started, flushing. ""You don't mean to say you've kept it!""  she protested",False
OWT_C00146,"Give it me,",75816,75829,Constance,,Constance,,NAMED,NONE,Constance,AFTER_QUOTE_NAMED,ATTRIBUTED_DIALOGUE_CANDIDATE,"'s too lovely.""    She had laughed away all her secret resentment against Constance for  having ignored her during the whole evening and for being on such  intimate terms with their parents. And she was ready to be candidly  jolly with Constance.","said Constance, doggedly.    Sophia hid her hand under the clothes. ""You can have his old stump,  when it comes out, if you like. But not this. What a pity it's the  wrong one!""    ""Sophia, I'm ashamed of you! Give it me.""    Then it was that Sophia",False
OWT_C00161,"Put this curl straight,",84021,84046,Mrs. Baines,,Mrs. Baines,,NAMED,NONE,Mrs. Baines,AFTER_QUOTE_NAMED,ATTRIBUTED_DIALOGUE_CANDIDATE,"s were at work among a sticky  substance in a large white bowl.    ""Mother, are you there?"" she heard a voice from above.    ""Yes, my chuck.""    Footsteps apparently reluctant and hesitating clinked on the stairs,  and Sophia entered the kitchen.","said Mrs. Baines, lowering her head slightly  and holding up her floured hands, which might not touch anything but  flour. ""Thank you. It bothered me. And now stand out of my light. I'm  in a hurry. I must get into the shop so that I can send Mr. Po",False
OWT_C00169,Constance has told you--about leaving school?,86821,86868,Mrs. Baines,,Mrs. Baines,,NAMED,NONE,Mrs. Baines,AFTER_QUOTE_NAMED,ATTRIBUTED_DIALOGUE_CANDIDATE,"of butter in  rows on a large plain of paste. The best fresh butter! Cooking butter,  to say naught of lard, was unknown in that kitchen on Friday mornings.  She doubled the expanse of paste on itself and rolled the butter  in--supreme operation!","said Mrs. Baines, in  the vein of small-talk, as she trimmed the paste to the shape of a  pie-dish.    ""Yes,"" Sophia replied shortly. Then she moved away from the table to  the range. There was a toasting-fork on the rack, and she began to play  wit",False
OWT_C00171,"Mother,",87337,87346,Sophia,,Sophia,,NAMED,NONE,Sophia,AFTER_QUOTE_NAMED,ATTRIBUTED_DIALOGUE_CANDIDATE,"ack, and she began to play  with it.    ""Well, are you glad? Your aunt Harriet thinks you are quite old enough  to leave. And as we'd decided in any case that Constance was to leave,  it's really much simpler that you should both leave together.""","said Sophia, rattling the toasting-fork, ""what am I going to  do after I've left school?""    ""I hope,"" Mrs. Baines answered with that sententiousness which even the  cleverest of parents are not always clever enough to deny themselves,  ""I hope that",False
OWT_C00173,"Yes,",87679,87685,Sophia,,Sophia,,NAMED,NONE,Sophia,AFTER_QUOTE_NAMED,ATTRIBUTED_DIALOGUE_CANDIDATE,"chool?""    ""I hope,"" Mrs. Baines answered with that sententiousness which even the  cleverest of parents are not always clever enough to deny themselves,  ""I hope that both of you will do what you can to help your mother--and  father,"" she added.","said Sophia, irritated. ""But what am I going to DO?""    ""That must be considered. As Constance is to learn the millinery, I've  been thinking that you might begin to make yourself useful in the  underwear, gloves, silks, and so on. Then between you,",False
OWT_C00176,"I wish you would be quiet with that fork,",88576,88619,Mrs. Baines,,Mrs. Baines,,NAMED,NONE,Mrs. Baines,AFTER_QUOTE_NAMED,ATTRIBUTED_DIALOGUE_CANDIDATE,"deemed herself a finished expert in the  reading of Sophia's moods; nevertheless, as she looked at that straight  back and proud head, she had no suspicion that the whole essence and  being of Sophia was silently but intensely imploring sympathy.","said Mrs. Baines, with the  curious, grim politeness which often characterized her relations with  her daughters.    The toasting-fork fell on the brick floor, after having rebounded from  the ash-tin. Sophia hurriedly replaced it on the rack.    ""T",False
OWT_C00180,"Yes,",90132,90138,Sophia.,,Sophia,,NAMED,NONE,Sophia,AFTER_QUOTE_NAMED,ATTRIBUTED_DIALOGUE_CANDIDATE,"ning, of putting herself on a level  with Sophia. ""You can't stay at school for ever, my pet, can you? Out  of my way!""    She hurried across the kitchen with a pie, which she whipped into the  oven, shutting the iron door with a careful gesture.","said Sophia. ""I should like to be a teacher. That's what I want  to be.""    The tap in the coal-cellar, out of repair, could be heard distinctly  and systematically dropping water into a jar on the slopstone.    ""A school-teacher?"" inquired Mrs. Bai",False
OWT_C00182,Of course. What other kind is there?,90396,90434,Sophia,,Sophia,,NAMED,NONE,Sophia,AFTER_QUOTE_NAMED,ATTRIBUTED_DIALOGUE_CANDIDATE,"phia. ""I should like to be a teacher. That's what I want  to be.""    The tap in the coal-cellar, out of repair, could be heard distinctly  and systematically dropping water into a jar on the slopstone.    ""A school-teacher?"" inquired Mrs. Baines.","said Sophia, sharply. ""With Miss  Chetwynd.""    ""I don't think your father would like that,"" Mrs. Baines replied. ""I'm  sure he wouldn't like it.""    ""Why not?""    ""It wouldn't be quite suitable.""    ""Why not, mother?"" the girl demanded with a sort",False
OWT_C00187,"It would take you too much away from home,",91970,92014,Mrs. Baines,,Mrs. Baines,,NAMED,NONE,Mrs. Baines,AFTER_QUOTE_NAMED,ATTRIBUTED_DIALOGUE_CANDIDATE,"orizons of Mrs.  Baines's common sense. Comfortable parents of to-day who have a  difficulty in sympathizing with Mrs. Baines, should picture what their  feelings would be if their Sophias showed a rude desire to adopt the  vocation of chauffeur.","said Mrs. Baines,  achieving a second pie.    She spoke softly. The experience of being Sophia's mother for nearly  sixteen years had not been lost on Mrs. Baines, and though she was now  discovering undreamt-of dangers in Sophia's erratic temperame",False
OWT_C00189,"And there's no opening in Bursley,",92582,92618,Mrs. Baines.,,Mrs. Baines,,NAMED,NONE,Mrs. Baines,AFTER_QUOTE_NAMED,ATTRIBUTED_DIALOGUE_CANDIDATE,"diplomatic  smoothness. It was undoubtedly humiliating to a mother to be forced to  use diplomacy in dealing with a girl in short sleeves. In HER day  mothers had been autocrats. But Sophia was Sophia.    ""What if it did?"" Sophia curtly demanded.","said Mrs. Baines.    ""Miss Chetwynd would have me, and then after a time I could go to her  sister.""    ""Her sister? What sister?""    ""Her sister that has a big school in London somewhere.""    Mrs. Baines covered her unprecedented emotions by gazing",False
OWT_C00195,"Now, really, Mr. Povey, this is not like you,",94930,94977,Mrs. Baines,,Mrs. Baines,,NAMED,NONE,Mrs. Baines,AFTER_QUOTE_NAMED,ATTRIBUTED_DIALOGUE_CANDIDATE,"whenever the foot of the eavesdropper was  heard.    Mrs. Baines put a floured finger to her double chin. ""That will do,""  said she, with finality.    Maggie appeared, and Sophia, with a brusque precipitation of herself,  vanished upstairs.    II","said Mrs. Baines, who,  on her way into the shop, had discovered the Indispensable in the  cutting-out room.    It is true that the cutting-out room was almost Mr. Povey's sanctum,  whither he retired from time to time to cut out suits of clothes an",False
OWT_C00196,"I'm just cutting out that suit for the minister,",95581,95631,Mr. Povey.    The Reverend Mr. Murley,,Mr. Povey. The Reverend Mr. Murley,,NAMED,NONE,Mr. Povey. The Reverend Mr. Murley,AFTER_QUOTE_NAMED,ATTRIBUTED_DIALOGUE_CANDIDATE,"orders, employing several tailors  who crossed legs in their own homes, and that appointments were  continually being made with customers for trying-on in that room. But  these considerations did not affect Mrs. Baines's attitude of  disapproval.","said Mr. Povey.    The Reverend Mr. Murley, superintendent of the Wesleyan Methodist  circuit, called on Mr. Baines every week. On a recent visit Mr. Baines  had remarked that the parson's coat was ageing into green, and had  commanded that a new su",True
OWT_C00197,"I see you are,",96197,96213,Mrs. Baines tartly.,,Mrs. Baines tartly,,NAMED,NONE,Mrs. Baines tartly,AFTER_QUOTE_NAMED,ATTRIBUTED_DIALOGUE_CANDIDATE,"ad a genuine mediaeval passion for souls, and who  spent his money and health freely in gratifying the passion, had  accepted the offer strictly on behalf of Christ, and had carefully  explained to Mr. Povey Christ's use for multifarious pockets.","said Mrs. Baines tartly. ""But that's no reason why you  should be without a coat--and in this cold room too. You with  toothache!""    The fact was that Mr. Povey always doffed his coat when cutting out.  Instead of a coat he wore a tape-measure.",False
OWT_C00199,Fiddlesticks!,96576,96591,Mrs. Baines.    This exclamation shocked Mr.,,Mrs. Baines. This exclamation shocked Mr,,NAMED,NONE,Mrs. Baines. This exclamation shocked Mr,AFTER_QUOTE_NAMED,ATTRIBUTED_DIALOGUE_CANDIDATE,"with  toothache!""    The fact was that Mr. Povey always doffed his coat when cutting out.  Instead of a coat he wore a tape-measure.    ""My tooth doesn't hurt me,"" said he, sheepishly, dropping the great  scissors and picking up a cake of chalk.","said Mrs. Baines.    This exclamation shocked Mr. Povey. It was not unknown on the lips of  Mrs. Baines, but she usually reserved it for members of her own sex.  Mr. Povey could not recall that she had ever applied it to any  statement of his. ""What",True
OWT_C00216,"Here it is,",98386,98399,Constance,,Constance,,NAMED,NONE,Constance,AFTER_QUOTE_NAMED,ATTRIBUTED_DIALOGUE_CANDIDATE,"ical sentiments. Mr. Povey rapidly  bathed in that sympathy, and then decided that he must show himself a  man of oak and iron.    ""It's always best to get these things done with,"" said he, with stern  detachment. ""I'll just slip my overcoat on.""","said Constance, quickly. Mr. Povey's overcoat and hat  were hung on a hook immediately outside the room, in the passage. She  gave him the overcoat, anxious to be of service.    ""I didn't call you in here to be Mr. Povey's valet,"" said Mrs. Baines",False
OWT_C00217,"I didn't call you in here to be Mr. Povey's valet,",98578,98630,Mrs. Baines  to herself with mild,,Mrs. Baines to herself with mild,,NAMED,NONE,Mrs. Baines to herself with mild,AFTER_QUOTE_NAMED,ATTRIBUTED_DIALOGUE_CANDIDATE,"th stern  detachment. ""I'll just slip my overcoat on.""    ""Here it is,"" said Constance, quickly. Mr. Povey's overcoat and hat  were hung on a hook immediately outside the room, in the passage. She  gave him the overcoat, anxious to be of service.","said Mrs. Baines  to herself with mild grimness; and aloud: ""I can't stay in the shop  long, Constance, but you can be there, can't you, till Mr. Povey comes  back? And if anything happens run upstairs and tell me.""    ""Yes, mother,"" Constance eager",True
OWT_C00220,"I think I'll go out by the side-door,",99121,99160,Mr. Povey.,,Mr. Povey,,NAMED,NONE,Mr. Povey,AFTER_QUOTE_NAMED,ATTRIBUTED_DIALOGUE_CANDIDATE,"nce eagerly consented. She hesitated and then  turned to obey at once.    ""I want to speak to you first, my pet,"" Mrs. Baines stopped her. And  her tone was peculiar, charged with import, confidential, and therefore  very flattering to Constance.","said Mr. Povey. ""It'll be  nearer.""    This was truth. He would save about ten yards, in two miles, by going  out through the side-door instead of through the shop. Who could have  guessed that he was ashamed to be seen going to the dentist's, afrai",False
OWT_C00221,"You won't want that tape-measure,",99597,99632,Mrs. Baines,,Mrs. Baines,,NAMED,NONE,Mrs. Baines,AFTER_QUOTE_NAMED,ATTRIBUTED_DIALOGUE_CANDIDATE,"ed that he was ashamed to be seen going to the dentist's, afraid  lest, if he went through the shop, Mrs. Baines might follow him and  utter some remark prejudicial to his dignity before the assistants?  (Mrs. Baines could have guessed, and did.)","said Mrs. Baines, dryly, as Mr.  Povey dragged open the side-door. The ends of the forgotten  tape-measure were dangling beneath coat and overcoat.    ""Oh!"" Mr. Povey scowled at his forgetfulness.    ""I'll put it in its place,"" said Constance, offer",False
OWT_C00223,"I'll put it in its place,",99833,99860,Constance,,Constance,,NAMED,NONE,Constance,AFTER_QUOTE_NAMED,ATTRIBUTED_DIALOGUE_CANDIDATE,"and did.)    ""You won't want that tape-measure,"" said Mrs. Baines, dryly, as Mr.  Povey dragged open the side-door. The ends of the forgotten  tape-measure were dangling beneath coat and overcoat.    ""Oh!"" Mr. Povey scowled at his forgetfulness.","said Constance, offering to receive the  tape-measure.    ""Thank you,"" said Mr. Povey, gravely. ""I don't suppose they'll be long  over my bit of a job,"" he added, with a difficult, miserable smile.    Then he went off down King Street, with an exter",False
OWT_C00224,"Thank you,",99919,99931,Mr. Povey,,Mr. Povey,,NAMED,NONE,Mr. Povey,AFTER_QUOTE_NAMED,ATTRIBUTED_DIALOGUE_CANDIDATE,"ey dragged open the side-door. The ends of the forgotten  tape-measure were dangling beneath coat and overcoat.    ""Oh!"" Mr. Povey scowled at his forgetfulness.    ""I'll put it in its place,"" said Constance, offering to receive the  tape-measure.","said Mr. Povey, gravely. ""I don't suppose they'll be long  over my bit of a job,"" he added, with a difficult, miserable smile.    Then he went off down King Street, with an exterior of gay briskness  and dignified joy in the fine May morning. But th",False
OWT_C00232,What? Yonder?,101655,101670,Mrs. Baines,,Mrs. Baines,,NAMED,NONE,Mrs. Baines,AFTER_QUOTE_NAMED,ATTRIBUTED_DIALOGUE_CANDIDATE,"octor.""    The doctor, who carried a little bag and wore riding-breeches (he was  the last doctor in Bursley to abandon the saddle for the dog-cart),  saluted and straightened his high, black stock.    ""Morning! Morning, missy! Well, it's a boy.""","asked Mrs. Baines, indicating the confectioner's.    Dr. Harrop nodded. ""I wanted to inform him,"" said he, jerking his  shoulder in the direction of the swaggering coward.    ""What did I tell you, Constance?"" said Mrs. Baines, turning to her  daught",False
OWT_C00234,"What did I tell you, Constance?",101846,101879,Mrs. Baines,,Mrs. Baines,,NAMED,NONE,Mrs. Baines,AFTER_QUOTE_NAMED,ATTRIBUTED_DIALOGUE_CANDIDATE,"stock.    ""Morning! Morning, missy! Well, it's a boy.""    ""What? Yonder?"" asked Mrs. Baines, indicating the confectioner's.    Dr. Harrop nodded. ""I wanted to inform him,"" said he, jerking his  shoulder in the direction of the swaggering coward.","said Mrs. Baines, turning to her  daughter.    Constance's confusion was equal to her pleasure. The alert doctor had  halted at the foot of the two steps, and with one hand in the pocket of  his ""full-fall"" breeches, he gazed up, smiling out of litt",False
OWT_C00239,"No,",102455,102460,Mrs. Baines,,Mrs. Baines,,NAMED,NONE,Mrs. Baines,AFTER_QUOTE_NAMED,ATTRIBUTED_DIALOGUE_CANDIDATE,"en up most of th' night. Difficult! Difficult!""    ""It's all RIGHT, I hope?""    ""Oh yes. Fine child! Fine child! But he put his mother to some trouble,  for all that. Nothing fresh?"" This time he lifted his eyes to indicate  Mr. Baines's bedroom.","said Mrs. Baines, with a different expression.    ""Keeps cheerful?""    ""Yes.""    ""Good! A very good morning to you.""    He strode off towards his house, which was lower down the street.    ""I hope she'll turn over a new leaf now,"" observed Mrs. Bain",False
OWT_C00243,"I hope she'll turn over a new leaf now,",102650,102691,Mrs. Baines to  Constance as she,,Mrs. Baines to Constance as she,,NAMED,NONE,Mrs. Baines to Constance as she,AFTER_QUOTE_NAMED,ATTRIBUTED_DIALOGUE_CANDIDATE,"lifted his eyes to indicate  Mr. Baines's bedroom.    ""No,"" said Mrs. Baines, with a different expression.    ""Keeps cheerful?""    ""Yes.""    ""Good! A very good morning to you.""    He strode off towards his house, which was lower down the street.","observed Mrs. Baines to  Constance as she closed the door. Constance knew that her mother was  referring to the confectioner's wife; she gathered that the hope was  slight in the extreme.    ""What did you want to speak to me about, mother?"" she aske",True
OWT_C00251,Neither did I!,103835,103851,Mrs. Baines.,,Mrs. Baines,,NAMED,NONE,Mrs. Baines,AFTER_QUOTE_NAMED,ATTRIBUTED_DIALOGUE_CANDIDATE,"some things which one  cannot bring one's self to say. She added, ""Instead of going into the  shop!""    ""I never heard of such a thing!"" Constance murmured brokenly, in the  excess of her astonishment. She was rolling up Mr. Povey's tape-measure.","said Mrs. Baines.    ""And shall you let her, mother?""    ""Neither your father nor I would ever dream of it!"" Mrs. Baines  replied, with calm and yet terrible decision. ""I only mentioned it to  you because I thought Sophia would have told you somethi",False
OWT_C00256,"Yes, mother,",105240,105254,Sophia,,Sophia,,NAMED,NONE,Sophia,AFTER_QUOTE_NAMED,ATTRIBUTED_DIALOGUE_CANDIDATE,"es offered no comment on Sophia's  geographical situation, nor on her idleness.    ""My dear,"" she said, standing at the door, with a self-conscious effort  to behave as though nothing had happened, ""will you come and sit with  your father a bit?""","answered Sophia, with a sort of cold alacrity.    ""Sophia is coming, father,"" said Mrs. Baines at the open door of the  bedroom, which was at right-angles with, and close to, the drawing-room  door. Then she surged swishing along the corridor and we",False
OWT_C00257,"Sophia is coming, father,",105305,105332,Mrs. Baines at the open door,,Mrs. Baines at the open door,,NAMED,NONE,Mrs. Baines at the open door,AFTER_QUOTE_NAMED,ATTRIBUTED_DIALOGUE_CANDIDATE,"her idleness.    ""My dear,"" she said, standing at the door, with a self-conscious effort  to behave as though nothing had happened, ""will you come and sit with  your father a bit?""    ""Yes, mother,"" answered Sophia, with a sort of cold alacrity.","said Mrs. Baines at the open door of the  bedroom, which was at right-angles with, and close to, the drawing-room  door. Then she surged swishing along the corridor and went into the  showroom, whither she had been called.    Sophia passed to the be",True
OWT_C00282,"I'm not so set up with my pastry to-day,",117464,117506,Mrs. Baines,,Mrs. Baines,,NAMED,NONE,Mrs. Baines,AFTER_QUOTE_NAMED,ATTRIBUTED_DIALOGUE_CANDIDATE,"d to eat; each time she tried to  swallow, the tears came into her eyes, and her throat shut itself up.  Mrs. Baines and Constance had a too careful air of eating just as  usual. Mrs. Baines's handsome ringlets dominated the table under the  gas.","observed Mrs. Baines,  critically munching a fragment of pie-crust.    She rang a little hand-bell. Maggie appeared from the cave. She wore a  plain white bib-less apron, but no cap.    ""Maggie, will you have some pie?""    ""Yes, if you can spare it,",False
OWT_C00292,"And I will be, too!",119432,119453,Sophia,,Sophia,,NAMED,NONE,Sophia,AFTER_QUOTE_NAMED,ATTRIBUTED_DIALOGUE_CANDIDATE,"""I suppose you and mother have been talking me over finely to-day?""  Sophia burst forth, to Constance's surprise, in a wet voice.    ""No,"" said Constance soothingly. ""Mother only told me.""    ""Told you what?""    ""That you wanted to be a teacher.""","said Sophia, bitterly.    ""You don't know mother,"" thought Constance; but she made no audible  comment.    There was another detached, hard sob. And then, such is the astonishing  talent of youth, they both fell asleep.    The next morning, early, S",False
OWT_C00297,"It's for Sophia,",121744,121762,Mrs. Baines,,Mrs. Baines,,NAMED,NONE,Mrs. Baines,AFTER_QUOTE_NAMED,ATTRIBUTED_DIALOGUE_CANDIDATE,"There's a dear! You're shivering.""    White Sophia obeyed. It was true; she was shivering. Constance awoke.  Mrs. Baines went to the dressing-table and filled the egg-cup out of  the bottle.    ""Who's that for, mother?"" Constance asked sleepily.","said Mrs. Baines, with good cheer. ""Now, Sophia!""  and she advanced with the egg-cup in one hand and the table-spoon in  the other.    ""What is it, mother?"" asked Sophia, who well knew what it was.    ""Castor-oil, my dear,"" said Mrs. Baines, winning",False
OWT_C00299,"What is it, mother?",121898,121919,Sophia,,Sophia,,NAMED,NONE,Sophia,AFTER_QUOTE_NAMED,ATTRIBUTED_DIALOGUE_CANDIDATE,"illed the egg-cup out of  the bottle.    ""Who's that for, mother?"" Constance asked sleepily.    ""It's for Sophia,"" said Mrs. Baines, with good cheer. ""Now, Sophia!""  and she advanced with the egg-cup in one hand and the table-spoon in  the other.","asked Sophia, who well knew what it was.    ""Castor-oil, my dear,"" said Mrs. Baines, winningly.    The ludicrousness of attempting to cure obstinacy and yearnings for a  freer life by means of castor-oil is perhaps less real than apparent.  The stra",False
OWT_C00300,"Castor-oil, my dear,",121964,121986,Mrs. Baines,,Mrs. Baines,,NAMED,NONE,Mrs. Baines,AFTER_QUOTE_NAMED,ATTRIBUTED_DIALOGUE_CANDIDATE,"Constance asked sleepily.    ""It's for Sophia,"" said Mrs. Baines, with good cheer. ""Now, Sophia!""  and she advanced with the egg-cup in one hand and the table-spoon in  the other.    ""What is it, mother?"" asked Sophia, who well knew what it was.","said Mrs. Baines, winningly.    The ludicrousness of attempting to cure obstinacy and yearnings for a  freer life by means of castor-oil is perhaps less real than apparent.  The strange interdependence of spirit and body, though only understood  int",False
OWT_C00301,"I don't want any, mother,",122975,123002,Sophia,,Sophia,,NAMED,NONE,Sophia,AFTER_QUOTE_NAMED,ATTRIBUTED_DIALOGUE_CANDIDATE,"-six, had fallen from top to bottom of his staircase. He had  scrambled up, taken a dose of castor-oil at once, and on the morrow was  as well as if he had never seen a staircase. This episode was town  property and had sunk deep into all hearts.","said Sophia, in dejection. ""I'm quite well.""    ""You simply ate nothing all day yesterday,"" said Mrs. Baines. And she  added, ""Come!"" As if to say, ""There's always this silly fuss with  castor-oil. Don't keep me waiting.""    ""I don't WANT any,"" said",False
OWT_C00303,"You simply ate nothing all day yesterday,",123051,123094,Mrs. Baines. And she  added,,Mrs. Baines. And she added,,NAMED,NONE,Mrs. Baines. And she added,AFTER_QUOTE_NAMED,ATTRIBUTED_DIALOGUE_CANDIDATE,"taken a dose of castor-oil at once, and on the morrow was  as well as if he had never seen a staircase. This episode was town  property and had sunk deep into all hearts.    ""I don't want any, mother,"" said Sophia, in dejection. ""I'm quite well.""","said Mrs. Baines. And she  added, ""Come!"" As if to say, ""There's always this silly fuss with  castor-oil. Don't keep me waiting.""    ""I don't WANT any,"" said Sophia, irritated and captious.    The two girls lay side by side, on their backs. They see",True
OWT_C00305,"I don't WANT any,",123228,123247,Sophia,,Sophia,,NAMED,NONE,Sophia,AFTER_QUOTE_NAMED,ATTRIBUTED_DIALOGUE_CANDIDATE,"don't want any, mother,"" said Sophia, in dejection. ""I'm quite well.""    ""You simply ate nothing all day yesterday,"" said Mrs. Baines. And she  added, ""Come!"" As if to say, ""There's always this silly fuss with  castor-oil. Don't keep me waiting.""","said Sophia, irritated and captious.    The two girls lay side by side, on their backs. They seemed very thin  and fragile in comparison with the solidity of their mother. Constance  wisely held her peace.    Mrs. Baines put her lips together, meani",False
OWT_C00310,"I won't take it,",124215,124233,Sophia,,Sophia,,NAMED,NONE,Sophia,AFTER_QUOTE_NAMED,ATTRIBUTED_DIALOGUE_CANDIDATE,"w, when things had  arrived at the pitch of 'or won't you' spoken in Mrs. Baines's firmest  tone, that the end was upon them. Never had the ultimatum failed.    There was a silence.    ""And I'll thank you to mind your manners,"" Mrs. Baines added.","said Sophia, sullenly and flatly; and she hid her  face in the pillow.    It was a historic moment in the family life. Mrs. Baines thought the  last day had come. But still she held herself in dignity while the  apocalypse roared in her ears.    ""OF",False
OWT_C00314,"Constance, stay where you are,",126472,126504,Mrs. Baines suddenly to  Constance,,Mrs. Baines suddenly to Constance,,NAMED,NONE,Mrs. Baines suddenly to Constance,AFTER_QUOTE_NAMED,ATTRIBUTED_DIALOGUE_CANDIDATE,"nd the bell rung, and Sophia came insolently downstairs  to join her mother and sister. And nothing happened. The dinner was  silently eaten, and Constance having rendered thanks to God, Sophia  rose abruptly to go.    ""Sophia!""    ""Yes, mother.""","said Mrs. Baines suddenly to  Constance, who had meant to flee. Constance was therefore destined to  be present at the happening, doubtless in order to emphasize its  importance and seriousness.    ""Sophia,"" Mrs. Baines resumed to her younger daught",True
OWT_C00322,"Oh, of course Constance is always right!",128180,128222,Sophia,,Sophia,,NAMED,NONE,Sophia,AFTER_QUOTE_NAMED,ATTRIBUTED_DIALOGUE_CANDIDATE,"dn't mean to say it rudely, did I, Constance?"" Sophia's head  turned sharply to her sister. Constance knew not where to look.    ""Don't answer back,"" Mrs. Baines repeated sternly. ""And don't try to  drag Constance into this, for I won't have it.""","observed Sophia, with an  irony whose unparalleled impudence shook Mrs. Baines to her massive  foundations.    ""Do you want me to have to smack you, child?""    Her temper flashed out and you could see ringlets vibrating under the  provocation of Sop",False
OWT_C00324,"You are a very naughty girl,",128606,128636,Mrs. Baines,,Mrs. Baines,,NAMED,NONE,Mrs. Baines,AFTER_QUOTE_NAMED,ATTRIBUTED_DIALOGUE_CANDIDATE,"e to smack you, child?""    Her temper flashed out and you could see ringlets vibrating under the  provocation of Sophia's sauciness. Then Sophia's lower lip began to  fall and to bulge outwards, and all the muscles of her face seemed to  slacken.","said Mrs. Baines, with restraint. (""I've  got her,"" said Mrs. Baines to herself. ""I may just as well keep my  temper."")    And a sob broke out of Sophia. She was behaving like a little child.  She bore no trace of the young maiden sedately crossing",False
OWT_C00326,"I knew she was going to cry,",128939,128969,Mrs. Baines,,Mrs. Baines,,NAMED,NONE,Mrs. Baines,AFTER_QUOTE_NAMED,ATTRIBUTED_DIALOGUE_CANDIDATE,"said Mrs. Baines to herself. ""I may just as well keep my  temper."")    And a sob broke out of Sophia. She was behaving like a little child.  She bore no trace of the young maiden sedately crossing the Square  without leave and without an escort.    (","said Mrs. Baines, breathing relief.)    ""I'm waiting,"" said Mrs. Baines aloud.    A second sob. Mrs. Baines manufactured patience to meet the demand.    ""You tell me not to answer back, and then you say you're waiting,""  Sophia blubbered thickly.",False
OWT_C00327,"I'm waiting,",129010,129024,Mrs. Baines aloud.    A second sob.,,Mrs. Baines aloud. A second sob,,NAMED,NONE,Mrs. Baines aloud. A second sob,AFTER_QUOTE_NAMED,ATTRIBUTED_DIALOGUE_CANDIDATE,"And a sob broke out of Sophia. She was behaving like a little child.  She bore no trace of the young maiden sedately crossing the Square  without leave and without an escort.    (""I knew she was going to cry,"" said Mrs. Baines, breathing relief.)","said Mrs. Baines aloud.    A second sob. Mrs. Baines manufactured patience to meet the demand.    ""You tell me not to answer back, and then you say you're waiting,""  Sophia blubbered thickly.    ""What's that you say? How can I tell what you say if y",True
OWT_C00331,"It's you who make me cry,",129670,129697,Sophia,,Sophia,,NAMED,NONE,Sophia,AFTER_QUOTE_NAMED,ATTRIBUTED_DIALOGUE_CANDIDATE,"forth in a sob. She was  weeping now, and tears were ricocheting off her lovely crimson cheeks  on to the carpet; her whole body was trembling.    ""Don't be a great baby,"" Mrs. Baines enjoined, with a touch of rough  persuasiveness in her voice.","said Sophia, bitterly. ""You make me cry and  then you call me a great baby!"" And sobs ran through her frame like  waves one after another. She spoke so indistinctly that her mother now  really had some difficulty in catching her words.    ""Sophia,""",False
OWT_C00332,"Sophia,",129937,129946,Mrs. Baines,,Mrs. Baines,,NAMED,NONE,Mrs. Baines,AFTER_QUOTE_NAMED,ATTRIBUTED_DIALOGUE_CANDIDATE,"e me cry,"" said Sophia, bitterly. ""You make me cry and  then you call me a great baby!"" And sobs ran through her frame like  waves one after another. She spoke so indistinctly that her mother now  really had some difficulty in catching her words.","said Mrs. Baines, with god-like calm, ""it is not I who make  you cry. It is your guilty conscience makes you cry. I have merely  asked you a question, and I intend to have an answer.""    ""I've told you."" Here Sophia checked the sobs with an immense",False
OWT_C00336,"I will have no trifling,",130257,130283,Mrs. Baines.,,Mrs. Baines,,NAMED,NONE,Mrs. Baines,AFTER_QUOTE_NAMED,ATTRIBUTED_DIALOGUE_CANDIDATE,"you cry. It is your guilty conscience makes you cry. I have merely  asked you a question, and I intend to have an answer.""    ""I've told you."" Here Sophia checked the sobs with an immense effort.    ""What have you told me?""    ""I just went out.""","said Mrs. Baines. ""What did you go out for,  and without telling me? If you had told me afterwards, when I came in,  of your own accord, it might have been different. But no, not a word!  It is I who have to ask! Now, quick! I can't wait any longer.",False
OWT_C00351,"Take these for tea,",135932,135953,Mrs. Baines when Maggie descended.,,Mrs. Baines when Maggie descended,,NAMED,NONE,Mrs. Baines when Maggie descended,AFTER_QUOTE_NAMED,ATTRIBUTED_DIALOGUE_CANDIDATE,"rough the  banisters to the second floor.    ""Maggie!"" she piercingly whispered.    ""Yes, mum,"" came a voice.    ""Are you dressed?""    ""Yes, mum. I'm just coming.""    ""Well, put on your muslin."" ""Apron,"" Mrs. Baines implied.    Maggie understood.","said Mrs. Baines when Maggie descended. ""Better  rub them over. You know where the cake is--that new one. The best cups.  And the silver spoons.""    They both heard a knock at the side-door, far off, below.    ""There!"" exclaimed Mrs. Baines. ""Now ta",True
OWT_C00352,There!,136164,136172,Mrs. Baines.,,Mrs. Baines,,NAMED,NONE,Mrs. Baines,AFTER_QUOTE_NAMED,ATTRIBUTED_DIALOGUE_CANDIDATE,"ie understood.    ""Take these for tea,"" said Mrs. Baines when Maggie descended. ""Better  rub them over. You know where the cake is--that new one. The best cups.  And the silver spoons.""    They both heard a knock at the side-door, far off, below.","exclaimed Mrs. Baines. ""Now take these right down into the  kitchen before you open.""    ""Yes, mum,"" said Maggie, departing.    Mrs. Baines was wearing a black alpaca apron. She removed it and put on  another one of black satin embroidered with yell",False
OWT_C00353,"Yes, mum,",136262,136273,Maggie,,Maggie,,NAMED,NONE,Maggie,AFTER_QUOTE_NAMED,ATTRIBUTED_DIALOGUE_CANDIDATE,"over. You know where the cake is--that new one. The best cups.  And the silver spoons.""    They both heard a knock at the side-door, far off, below.    ""There!"" exclaimed Mrs. Baines. ""Now take these right down into the  kitchen before you open.""","said Maggie, departing.    Mrs. Baines was wearing a black alpaca apron. She removed it and put on  another one of black satin embroidered with yellow flowers, which, by  merely inserting her arm into the chamber, she had taken from off the  chest o",False
OWT_C00354,"Ah! Miss Chetwynd,",136664,136684,Mrs. Baines,,Mrs. Baines,,NAMED,NONE,Mrs. Baines,AFTER_QUOTE_NAMED,ATTRIBUTED_DIALOGUE_CANDIDATE,"ith yellow flowers, which, by  merely inserting her arm into the chamber, she had taken from off the  chest of drawers in her bedroom. Then she fixed herself in the  drawing-room.    Maggie returned, rather short of breath, convoying the visitor.","said Mrs. Baines, rising to welcome. ""I'm sure I'm  delighted to see you. I saw you coming down the Square, and I said to  myself, 'Now, I do hope Miss Chetwynd isn't going to forget us.'""    Miss Chetwynd, simpering momentarily, came forward with t",False
OWT_C00357,"She is very well, thank you,",140589,140619,Miss Chetwynd,,Miss Chetwynd,,NAMED,NONE,Miss Chetwynd,AFTER_QUOTE_NAMED,ATTRIBUTED_DIALOGUE_CANDIDATE,in the way of small-talk--for the hostess felt a  certain unwilling hesitation to approach the topic of daughters--but it  happened to suit the social purpose of Miss Chetwynd to a nicety. Miss  Chetwynd was a vessel brimming with great tidings.,"said Miss Chetwynd, and her expression  grew exceedingly vivacious. Her face glowed with pride as she added,  ""Of course everything is changed now.""    ""Indeed?"" murmured Mrs. Baines, with polite curiosity.    ""Yes,"" said Miss Chetwynd. ""You've not",False
OWT_C00359,Indeed?,140772,140781,Mrs. Baines,,Mrs. Baines,,NAMED,NONE,Mrs. Baines,AFTER_QUOTE_NAMED,ATTRIBUTED_DIALOGUE_CANDIDATE,"icety. Miss  Chetwynd was a vessel brimming with great tidings.    ""She is very well, thank you,"" said Miss Chetwynd, and her expression  grew exceedingly vivacious. Her face glowed with pride as she added,  ""Of course everything is changed now.""","murmured Mrs. Baines, with polite curiosity.    ""Yes,"" said Miss Chetwynd. ""You've not heard?""    ""No,"" said Mrs. Baines. Miss Chetwynd knew that she had not heard.    ""About Elizabeth's engagement? To the Reverend Archibald Jones?""    It is the fac",False
OWT_C00360,"Yes,",140830,140836,Miss Chetwynd.,,Miss Chetwynd,,NAMED,NONE,Miss Chetwynd,AFTER_QUOTE_NAMED,ATTRIBUTED_DIALOGUE_CANDIDATE,"ings.    ""She is very well, thank you,"" said Miss Chetwynd, and her expression  grew exceedingly vivacious. Her face glowed with pride as she added,  ""Of course everything is changed now.""    ""Indeed?"" murmured Mrs. Baines, with polite curiosity.","said Miss Chetwynd. ""You've not heard?""    ""No,"" said Mrs. Baines. Miss Chetwynd knew that she had not heard.    ""About Elizabeth's engagement? To the Reverend Archibald Jones?""    It is the fact that Mrs. Baines was taken aback. She did nothing  in",False
OWT_C00362,"No,",140880,140885,Mrs. Baines. Miss Chetwynd knew that,,Mrs. Baines. Miss Chetwynd knew that,,NAMED,NONE,Mrs. Baines. Miss Chetwynd knew that,AFTER_QUOTE_NAMED,ATTRIBUTED_DIALOGUE_CANDIDATE,"Chetwynd, and her expression  grew exceedingly vivacious. Her face glowed with pride as she added,  ""Of course everything is changed now.""    ""Indeed?"" murmured Mrs. Baines, with polite curiosity.    ""Yes,"" said Miss Chetwynd. ""You've not heard?""","said Mrs. Baines. Miss Chetwynd knew that she had not heard.    ""About Elizabeth's engagement? To the Reverend Archibald Jones?""    It is the fact that Mrs. Baines was taken aback. She did nothing  indiscreet; she did not give vent to her excusable",True
OWT_C00366,I suppose you weren't surprised by my letter?,144100,144147,Mrs. Baines.,,Mrs. Baines,,NAMED,NONE,Mrs. Baines,AFTER_QUOTE_NAMED,ATTRIBUTED_DIALOGUE_CANDIDATE,it suddenly occurred to Miss  Chetwynd that her pride in being the prospective sister-in-law of the  Rev. Archibald Jones would be better for a while in her pocket. And she  inquired after Mr. Baines. After this the conversation limped somewhat.,"said Mrs. Baines.    ""I was and I wasn't,"" answered Miss Chetwynd, in her professional  manner and not her manner of a prospective sister-in-law. ""Of course I  am naturally sorry to lose two such good pupils, but we can't keep our  pupils for ever.""",False
OWT_C00367,"I was and I wasn't,",144169,144190,Miss Chetwynd,,Miss Chetwynd,,NAMED,NONE,Miss Chetwynd,AFTER_QUOTE_NAMED,ATTRIBUTED_DIALOGUE_CANDIDATE,"rospective sister-in-law of the  Rev. Archibald Jones would be better for a while in her pocket. And she  inquired after Mr. Baines. After this the conversation limped somewhat.    ""I suppose you weren't surprised by my letter?"" said Mrs. Baines.","answered Miss Chetwynd, in her professional  manner and not her manner of a prospective sister-in-law. ""Of course I  am naturally sorry to lose two such good pupils, but we can't keep our  pupils for ever."" She smiled; she was not without fortitude-",False
OWT_C00371,Oh NO!,144760,144768,Miss Chetwynd.,,Miss Chetwynd,,NAMED,NONE,Miss Chetwynd,AFTER_QUOTE_NAMED,ATTRIBUTED_DIALOGUE_CANDIDATE,"""what you  say of Sophia is perfectly true, perfectly. She is quite as advanced as  Constance. Still""--another pause and a more rapid enunciation--""Sophia  is by no means an ordinary girl.""    ""I hope she hasn't been a very great trouble to you?""","exclaimed Miss Chetwynd. ""Sophia and I have got on very well  together. I have always tried to appeal to her reason. I have never  FORCED her ... Now, with some girls ... In some ways I look on Sophia  as the most remarkable girl--not pupil--but the",False
OWT_C00373,Indeed!,145173,145182,Mrs. Baines. She told herself,,Mrs. Baines. She told herself,,NAMED,NONE,Mrs. Baines. She told herself,AFTER_QUOTE_NAMED,ATTRIBUTED_DIALOGUE_CANDIDATE,"h some girls ... In some ways I look on Sophia  as the most remarkable girl--not pupil--but the most remarkable--what  shall I say?--individuality, that I have ever met with."" And her  demeanour added, ""And, mind you, this is something--from me!""","said Mrs. Baines. She told herself, ""I am not your common  foolish parent. I see my children impartially. I am incapable of being  flattered concerning them.""    Nevertheless she was flattered, and the thought shaped itself that  really Sophia was n",True
OWT_C00374,I suppose she has talked to you about becoming a teacher?,145452,145511,Miss  Chetwynd,,Miss Chetwynd,,NAMED,NONE,Miss Chetwynd,AFTER_QUOTE_NAMED,ATTRIBUTED_DIALOGUE_CANDIDATE,"he told herself, ""I am not your common  foolish parent. I see my children impartially. I am incapable of being  flattered concerning them.""    Nevertheless she was flattered, and the thought shaped itself that  really Sophia was no ordinary girl.","asked Miss  Chetwynd, taking a morsel of the unparalleled jam.    She held the spoon with her thumb and three fingers. Her fourth finger,  in matters of honest labour, would never associate with the other  three; delicately curved, it always drew pr",False
OWT_C00376,Oh yes!,145854,145863,Miss Chetwynd.,,Miss Chetwynd,,NAMED,NONE,Miss Chetwynd,AFTER_QUOTE_NAMED,ATTRIBUTED_DIALOGUE_CANDIDATE,"r thumb and three fingers. Her fourth finger,  in matters of honest labour, would never associate with the other  three; delicately curved, it always drew proudly away from them.    ""Has she mentioned that to you?"" Mrs. Baines demanded, startled.","said Miss Chetwynd. ""Several times. Sophia is a very  secretive girl, very--but I think I may say I have always had her  confidence. There have been times when Sophia and I have been very near  each other. Elizabeth was much struck with her. Indeed,",False
OWT_C00377,"I dare say your sister will give up her school now,",146372,146425,Mrs.  Baines,,Mrs. Baines,,NAMED,NONE,Mrs. Baines,AFTER_QUOTE_NAMED,ATTRIBUTED_DIALOGUE_CANDIDATE,"ll you  that in one of her last letters to me she spoke of Sophia and said she  had mentioned her to Mr. Jones, and Mr. Jones remembered her quite  well.""    Impossible for even a wise, uncommon parent not to be affected by such  an announcement!","observed Mrs.  Baines, to divert attention from her self-consciousness.    ""Oh NO!"" And this time Mrs. Baines had genuinely shocked Miss Chetwynd.  ""Nothing would induce Elizabeth to give up the cause of education.  Archibald takes the keenest inter",False
OWT_C00379,THEN YOU THINK SOPHIA WOULD MAKE A GOOD TEACHER?,146722,146772,Mrs. Baines  with apparent inconsequence,,Mrs. Baines with apparent inconsequence,,NAMED,NONE,Mrs. Baines with apparent inconsequence,AFTER_QUOTE_NAMED,ATTRIBUTED_DIALOGUE_CANDIDATE,"m her self-consciousness.    ""Oh NO!"" And this time Mrs. Baines had genuinely shocked Miss Chetwynd.  ""Nothing would induce Elizabeth to give up the cause of education.  Archibald takes the keenest interest in the school. Oh no! Not for  worlds!""","asked Mrs. Baines  with apparent inconsequence, and with a smile. But the words marked an  epoch in her mind. All was over.    ""I think she is very much set on it and--""    ""That wouldn't affect her father--or me,"" said Mrs. Baines quickly.    ""Cert",True
OWT_C00381,"That wouldn't affect her father--or me,",146946,146987,Mrs. Baines quickly.,,Mrs. Baines quickly,,NAMED,NONE,Mrs. Baines quickly,AFTER_QUOTE_NAMED,ATTRIBUTED_DIALOGUE_CANDIDATE,"no! Not for  worlds!""    ""THEN YOU THINK SOPHIA WOULD MAKE A GOOD TEACHER?"" asked Mrs. Baines  with apparent inconsequence, and with a smile. But the words marked an  epoch in her mind. All was over.    ""I think she is very much set on it and--""","said Mrs. Baines quickly.    ""Certainly not! I merely say that she is very much set on it. Yes, she  would, at any rate, make a teacher far superior to the average."" (""That  girl has got the better of her mother without me!"" she reflected.) ""Ah!  He",False
OWT_C00387,"No,",150796,150801,Sophia,,Sophia,,NAMED,NONE,Sophia,AFTER_QUOTE_NAMED,ATTRIBUTED_DIALOGUE_CANDIDATE,"ctivity  which freed her from the danger. Heart, how absurd of you to bleed!          CHAPTER IV    ELEPHANT    I      ""Sophia, will you come and see the elephant? Do come!"" Constance  entered the drawing-room with this request on her eager lips.","said Sophia, with a touch of condescension. ""I'm far too busy for  elephants.""    Only two years had passed; but both girls were grown up now; long  sleeves, long skirts, hair that had settled down in life; and a  demeanour immensely serious, as tho",False
OWT_C00388,"Well,",152668,152675,Constance,,Constance,,NAMED,NONE,Constance,AFTER_QUOTE_NAMED,ATTRIBUTED_DIALOGUE_CANDIDATE,"artificial flowers, and stuffs, Sophia's fine hands were seldom  innocent of ink. But Sophia was splendidly beautiful. And even her  mother and Constance had an instinctive idea that that face was, at any  rate, a partial excuse for her asperity.","said Constance, ""if you won't, I do believe I shall ask mother  if she will.""    Sophia, bending over her books, made no answer. But the top of her head  said: ""This has no interest for me whatever.""    Constance left the room, and in a moment retur",False
OWT_C00389,This has no interest for me whatever.,152836,152875,,the top of her head,,the top of her head,NONE,DESCRIPTIVE,the top of her head,BEFORE_QUOTE_DESCRIPTIVE,ATTRIBUTED_DIALOGUE_CANDIDATE,"tive idea that that face was, at any  rate, a partial excuse for her asperity.    ""Well,"" said Constance, ""if you won't, I do believe I shall ask mother  if she will.""    Sophia, bending over her books, made no answer. But the top of her head  said:","Constance left the room, and in a moment returned with her mother.    ""Sophia,"" said her mother, with gay excitement, ""you might go and sit  with your father for a bit while Constance and I just run up to the  playground to see the elephant. You",True
OWT_C00392,"We're going now,",157693,157711,Mrs. Baines,,Mrs. Baines,,NAMED,NONE,Mrs. Baines,AFTER_QUOTE_NAMED,ATTRIBUTED_DIALOGUE_CANDIDATE,decision of the Chief Bailiff and the Medical Officer as to  his burial. And everybody had to visit the corpse. No social  exclusiveness could withstand the seduction of that dead elephant.  Pilgrims travelled from all the Five Towns to see him.,"said Mrs. Baines, after she had assumed her bonnet  and shawl.    ""All right,"" said Sophia, pretending to be absorbed in study, as she  sat on the sofa at the foot of her father's bed.    And Constance, having put her head in at the door, drew her m",False
OWT_C00393,"All right,",157778,157790,Sophia,,Sophia,,NAMED,NONE,Sophia,AFTER_QUOTE_NAMED,ATTRIBUTED_DIALOGUE_CANDIDATE,"dy had to visit the corpse. No social  exclusiveness could withstand the seduction of that dead elephant.  Pilgrims travelled from all the Five Towns to see him.    ""We're going now,"" said Mrs. Baines, after she had assumed her bonnet  and shawl.","said Sophia, pretending to be absorbed in study, as she  sat on the sofa at the foot of her father's bed.    And Constance, having put her head in at the door, drew her mother  after her like a magnet.    Then Sophia heard a remarkable conversation",False
OWT_C00394,"Are you going up to see the elephant, Mrs. Baines?",158059,158111,the voice of  Mr. Povey.,,the voice of Mr. Povey,,DESCRIPTIVE,NONE,the voice of Mr. Povey,AFTER_QUOTE_DESCRIPTIVE,ATTRIBUTED_DIALOGUE_CANDIDATE,"nding to be absorbed in study, as she  sat on the sofa at the foot of her father's bed.    And Constance, having put her head in at the door, drew her mother  after her like a magnet.    Then Sophia heard a remarkable conversation in the passage.","asked the voice of  Mr. Povey.    ""Yes. Why?""    ""I think I had better come with you. The crowd is sure to be very  rough."" Mr. Povey's tone was firm; he had a position.    ""But the shop?""    ""We shall not be long,"" said Mr. Povey.    ""Oh yes, mothe",True
OWT_C00397,"We shall not be long,",158304,158327,Mr. Povey.,,Mr. Povey,,NAMED,NONE,Mr. Povey,AFTER_QUOTE_NAMED,ATTRIBUTED_DIALOGUE_CANDIDATE,".    ""Are you going up to see the elephant, Mrs. Baines?"" asked the voice of  Mr. Povey.    ""Yes. Why?""    ""I think I had better come with you. The crowd is sure to be very  rough."" Mr. Povey's tone was firm; he had a position.    ""But the shop?""","said Mr. Povey.    ""Oh yes, mother,"" Constance added appealingly.    Sophia felt the house thrill as the side-door banged. She sprang up and  watched the three cross King Street diagonally, and so plunge into the  Wakes. This triple departure was su",False
OWT_C00431,"Yes, miss,",170143,170155,Maggie,,Maggie,,NAMED,NONE,Maggie,AFTER_QUOTE_NAMED,ATTRIBUTED_DIALOGUE_CANDIDATE,"id Sophia's horror, and her terrible grief and shame, she had  visitings of the idea: he did it on purpose!    She ran out of the room, knowing by intuition that he was dead, and  shrieked out, ""Maggie,"" at the top of her voice; the house echoed.","said Maggie, quite close, coming out of Mr. Povey's  chamber with a slop-pail.    ""Fetch Mr. Critchlow at once. Be quick. Just as you are. It's father--""    Maggie, perceiving darkly that disaster was in the air, and instantly  filled with importanc",False
OWT_C00439,"Run for the doctor, Maggie,",172809,172838,Sophia.,,Sophia,,NAMED,NONE,Sophia,AFTER_QUOTE_NAMED,ATTRIBUTED_DIALOGUE_CANDIDATE,", and wiped  those clotted lips with his apron.    Sophia heard loud breathing behind her. It was Maggie. She heard a  huge, snorting sob; Maggie was showing her emotion.    ""Go fetch doctor!"" Mr. Critchlow rasped. ""And don't stand gaping there!""","said Sophia.    ""How came ye to let him fall?"" Mr. Critchlow demanded.    ""I was out of the room. I just ran down into the shop--""    ""Gallivanting with that young Scales!"" said Mr. Critchlow, with  devilish ferocity. ""Well, you've killed yer father",False
OWT_C00442,Gallivanting with that young Scales!,172973,173011,Mr. Critchlow,,Mr. Critchlow,,NAMED,NONE,Mr. Critchlow,AFTER_QUOTE_NAMED,ATTRIBUTED_DIALOGUE_CANDIDATE,"otion.    ""Go fetch doctor!"" Mr. Critchlow rasped. ""And don't stand gaping there!""    ""Run for the doctor, Maggie,"" said Sophia.    ""How came ye to let him fall?"" Mr. Critchlow demanded.    ""I was out of the room. I just ran down into the shop--""","said Mr. Critchlow, with  devilish ferocity. ""Well, you've killed yer father; that's all!""    He must have been at his shop door and seen the entry of the traveller!  And it was precisely characteristic of Mr. Critchlow to jump in the  dark at a hor",False
OWT_C00448,"Been to see the elephant, I reckon!",174027,174064,Mr. Critchlow,,Mr. Critchlow,,NAMED,NONE,Mr. Critchlow,AFTER_QUOTE_NAMED,ATTRIBUTED_DIALOGUE_CANDIDATE,"liking the  crowds abroad, had returned alone; she had left Constance in charge of  Mr. Povey. Coming into her house by the shop and showroom, she had  first noted the phenomenon of the pail--proof of her theory of  Maggie's incurable untidiness.","said Mr. Critchlow, in fierce  sarcasm, as he recognized Mrs. Baines's voice.    Sophia leaped towards the door, as though to bar her mother's entrance.  But Mrs. Baines was already opening the door.    ""Well, my pet--"" she was beginning cheerfully.",False
OWT_C00451,Mother!,175302,175311,Sophia,,Sophia,,NAMED,NONE,Sophia,AFTER_QUOTE_NAMED,ATTRIBUTED_DIALOGUE_CANDIDATE,"ome to that, and it had come to that.    ""She let him fall out o' bed, and ye're a widow now, missis!"" he  announced with a virulence hardly conceivable. His angular features and  dark eyes expressed a murderous hate for every woman named Baines.","cried Sophia, ""I only ran down into the shop to--to--""    She seized her mother's arm in frenzied agony.    ""My child!"" said Mrs. Baines, rising miraculously to the situation with  a calm benevolence of tone and gesture that remained for ever sublim",False
OWT_C00453,My child!,175420,175431,Mrs. Baines,,Mrs. Baines,,NAMED,NONE,Mrs. Baines,AFTER_QUOTE_NAMED,ATTRIBUTED_DIALOGUE_CANDIDATE,"ith a virulence hardly conceivable. His angular features and  dark eyes expressed a murderous hate for every woman named Baines.    ""Mother!"" cried Sophia, ""I only ran down into the shop to--to--""    She seized her mother's arm in frenzied agony.","said Mrs. Baines, rising miraculously to the situation with  a calm benevolence of tone and gesture that remained for ever sublime  in the stormy heart of Sophia, ""do not hold me."" With infinite  gentleness she loosed herself from those clasping han",False
OWT_C00470,"Come, sister,",184970,184985,Mrs. Maddack.,,Mrs. Maddack,,NAMED,NONE,Mrs. Maddack,AFTER_QUOTE_NAMED,ATTRIBUTED_DIALOGUE_CANDIDATE,".""    ""That is what I had thought of, Mrs. Maddack.""    She went upstairs. Mrs. Baines had reached the showroom again, and was  smoothing out creases in the white damask cloth and arranging glass  dishes of jam at equal distances from each other.","said Mrs. Maddack. ""A last look.""    And they passed into the mortuary bedroom to gaze at Mr. Baines before  he should be everlastingly nailed down. In death he had recovered some  of his earlier dignity; but even so he was a startling sight. The tw",False
OWT_C00472,"I shall fetch Constance and Sophia,",185367,185404,Mrs. Maddack,,Mrs. Maddack,,NAMED,NONE,Mrs. Maddack,AFTER_QUOTE_NAMED,ATTRIBUTED_DIALOGUE_CANDIDATE,"ngly nailed down. In death he had recovered some  of his earlier dignity; but even so he was a startling sight. The two  widows bent over him, one on either side, and gravely stared at that  twisted, worn white face all neatly tucked up in linen.","said Mrs. Maddack, with tears in  her voice. ""Do you go into the drawing-room, sister.""    But Mrs. Maddack only succeeded in fetching Constance.    Then there was the sound of wheels in King Street. The long rite of the  funeral was about to begin.",False
OWT_C00475,"Calm yourself, my pet,",189401,189425,Mrs. Baines,,Mrs. Baines,,NAMED,NONE,Mrs. Baines,AFTER_QUOTE_NAMED,ATTRIBUTED_DIALOGUE_CANDIDATE,"e, which abraded  her soft skin.    ""Mother,"" she wept passionately, ""I want to leave the school now. I  want to please you. I'll do anything in the world to please you. I'll  go into the shop if you'd like me to!"" Her voice lost itself in tears.","said Mrs. Baines, tenderly, caressing her. It  was a triumph for the mother in the very hour when she needed a triumph.          CHAPTER V    THE TRAVELLER    I      'Equisite, 1s. 11d.'    These singular signs were being painted in shiny black on a",False
OWT_C00476,Splendid!,190423,190434,Mr. Povey.    Mr. Povey was fronting,,Mr. Povey. Mr. Povey was fronting,,NAMED,NONE,Mr. Povey. Mr. Povey was fronting,AFTER_QUOTE_NAMED,ATTRIBUTED_DIALOGUE_CANDIDATE,"it is  now. She bent low to the task, holding her head slightly askew, putting  the tip of her tongue between her lips, and expending all the energy of  her soul and body in an intense effort to do what she was doing as well  as it could be done.","said Mr. Povey.    Mr. Povey was fronting her at the table; he had his elbows on the  table, and watched her carefully, with the breathless and divine  anxiety of a dreamer who is witnessing the realization of his dream.  And Constance, without movi",True
OWT_C00480,Look at the clock!,197261,197281,Mrs. Baines,,Mrs. Baines,,NAMED,NONE,Mrs. Baines,AFTER_QUOTE_NAMED,ATTRIBUTED_DIALOGUE_CANDIDATE,"he had abandoned the cocoon of  crape, but still wore weeds. She was stouter than ever.    ""What!"" she cried. ""Not ready! Now really!""    ""Oh, mother! How you made me jump!"" Constance protested. ""What time is  it? It surely isn't time to go yet!""","said Mrs. Baines, drily.    ""Well, I never!"" Constance murmured, confused.    ""Come, put your things together, and don't keep me waiting,"" said Mrs.  Baines, going past the table to the window, and lifting the blind to  peep out. ""Still snowing,"" sh",False
OWT_C00482,"Come, put your things together, and don't keep me waiting,",197360,197420,Mrs.  Baines,,Mrs. Baines,,NAMED,NONE,Mrs. Baines,AFTER_QUOTE_NAMED,ATTRIBUTED_DIALOGUE_CANDIDATE,"she cried. ""Not ready! Now really!""    ""Oh, mother! How you made me jump!"" Constance protested. ""What time is  it? It surely isn't time to go yet!""    ""Look at the clock!"" said Mrs. Baines, drily.    ""Well, I never!"" Constance murmured, confused.","said Mrs.  Baines, going past the table to the window, and lifting the blind to  peep out. ""Still snowing,"" she observed. ""Oh, the band's going away at  last! I wonder how they can play at all in this weather. By the way,  what was that tune they ga",False
OWT_C00485,What's this?,198283,198297,Mrs. Baines,,Mrs. Baines,,NAMED,NONE,Mrs. Baines,AFTER_QUOTE_NAMED,ATTRIBUTED_DIALOGUE_CANDIDATE,"bed in their efforts for the welfare  of the shop that they had positively not only forgotten the time, but  had also failed to notice the band! But if Constance had had her wits  about her she would at least have pretended that she had heard it.","asked Mrs. Baines, bringing her vast form to the table  and picking up a ticket.    Mr. Povey said nothing. Constance said: ""Mr. Povey thought of it  to-day. Don't you think it's very good, mother?""    ""I'm afraid I don't,"" Mrs. Baines coldly replie",False
OWT_C00499,"You must take my arm, my pet,",209621,209652,Mrs. Baines to Sophia.    Then Mr.,,Mrs. Baines to Sophia. Then Mr,,NAMED,NONE,Mrs. Baines to Sophia. Then Mr,AFTER_QUOTE_NAMED,ATTRIBUTED_DIALOGUE_CANDIDATE,"w, dividing into several black, silent-footed processions,  down Trafalgar Road, up towards the playground, along the market-place,  and across Duck Square in the direction of St. Luke's Square.    Mr. Povey was between Mrs. Baines and Constance.","said Mrs. Baines to Sophia.    Then Mr. Povey and Constance waded on in front through the drifts.  Sophia balanced that enormous swaying mass, her mother. Owing to their  hoops, she had much difficulty in keeping close to her. Mrs. Baines  laughed w",True
OWT_C00500,"Why, bless us!",210154,210170,Mrs. Baines,,Mrs. Baines,,NAMED,NONE,Mrs. Baines,AFTER_QUOTE_NAMED,ATTRIBUTED_DIALOGUE_CANDIDATE,"h the complacent ease of obesity, yet a fall would have been  almost irremediable for her; and so Sophia had to laugh too. But,  though she laughed, God had not helped her. She did not know where she  was going, nor what might happen to her next.","exclaimed Mrs. Baines, as they turned the corner into  King Street. ""There's some one sitting on our door-step!""    There was: a figure swathed in an ulster, a maud over the ulster, and a  high hat on the top of all. It could not have been there ver",False
OWT_C00502,"It's Mr. Scales, of all people!",210499,210532,Mr. Povey.,,Mr. Povey,,NAMED,NONE,Mr. Povey,AFTER_QUOTE_NAMED,ATTRIBUTED_DIALOGUE_CANDIDATE,"ome one sitting on our door-step!""    There was: a figure swathed in an ulster, a maud over the ulster, and a  high hat on the top of all. It could not have been there very long,  because it was only speckled with snow. Mr. Povey plunged forward.","said Mr. Povey.    ""Mr. Scales!"" cried Mrs. Baines.    And, ""Mr. Scales!"" murmured Sophia, terribly afraid.    Perhaps she was afraid of miracles. Mr. Scales sitting on her mother's  doorstep in the middle of the snowy night had assuredly the air of",False
OWT_C00503,Mr. Scales!,210552,210565,Mrs. Baines.    And,,Mrs. Baines. And,,NAMED,NONE,Mrs. Baines. And,AFTER_QUOTE_NAMED,ATTRIBUTED_DIALOGUE_CANDIDATE,"gure swathed in an ulster, a maud over the ulster, and a  high hat on the top of all. It could not have been there very long,  because it was only speckled with snow. Mr. Povey plunged forward.    ""It's Mr. Scales, of all people!"" said Mr. Povey.","cried Mrs. Baines.    And, ""Mr. Scales!"" murmured Sophia, terribly afraid.    Perhaps she was afraid of miracles. Mr. Scales sitting on her mother's  doorstep in the middle of the snowy night had assuredly the air of a  miracle, of something dreamed",True
OWT_C00504,Mr. Scales!,210593,210606,Sophia,,Sophia,,NAMED,NONE,Sophia,AFTER_QUOTE_NAMED,ATTRIBUTED_DIALOGUE_CANDIDATE,"e ulster, and a  high hat on the top of all. It could not have been there very long,  because it was only speckled with snow. Mr. Povey plunged forward.    ""It's Mr. Scales, of all people!"" said Mr. Povey.    ""Mr. Scales!"" cried Mrs. Baines.    And,","murmured Sophia, terribly afraid.    Perhaps she was afraid of miracles. Mr. Scales sitting on her mother's  doorstep in the middle of the snowy night had assuredly the air of a  miracle, of something dreamed in a dream, of something pathetically an",False
OWT_C00505,"Is that you, Mrs. Baines?",211297,211324,Gerald Scales,,Gerald Scales,,NAMED,NONE,Gerald Scales,AFTER_QUOTE_NAMED,ATTRIBUTED_DIALOGUE_CANDIDATE,"rd his being on the  doorstep as the most natural and characteristic thing in the world.  Real miracles never seem to be miracles, and that which at the first  blush resembles one usually proves to be an instance of the extremely  prosaic.    III","asked Gerald Scales, in a half-witted  voice, looking up, and then getting to his feet. ""Is this your house?  So it is! Well, I'd no idea I was sitting on your doorstep.""    He smiled timidly, nay, sheepishly, while the women and Mr. Povey  surround",False
OWT_C00508,"Oh no,",211801,211809,the young man lightly.,,the young man lightly,,DESCRIPTIVE,NONE,the young man lightly,AFTER_QUOTE_DESCRIPTIVE,ATTRIBUTED_DIALOGUE_CANDIDATE,"and Mr. Povey  surrounded him with their astonished faces under the light of the  gas-lamp. Certainly he was very pale.    ""But whatever is the matter, Mr. Scales?"" Mrs. Baines demanded in an  anxious tone. ""Are you ill? Have you been suddenly--""","said the young man lightly. ""It's nothing. Only I was set on  just now, down there,""--he pointed to the depths of King Street.    ""Set on!"" Mrs. Baines repeated, alarmed.    ""That makes the fourth case in a week, that we KNOW of!"" said Mr.  Povey. """,False
OWT_C00510,"That makes the fourth case in a week, that we KNOW of!",211984,212040,Mr.  Povey.,,Mr. Povey,,NAMED,NONE,Mr. Povey,AFTER_QUOTE_NAMED,ATTRIBUTED_DIALOGUE_CANDIDATE,"ed in an  anxious tone. ""Are you ill? Have you been suddenly--""    ""Oh no,"" said the young man lightly. ""It's nothing. Only I was set on  just now, down there,""--he pointed to the depths of King Street.    ""Set on!"" Mrs. Baines repeated, alarmed.","said Mr.  Povey. ""It really is becoming a scandal.""    The fact was that, owing to depression of trade, lack of employment,  and rigorous weather, public security in the Five Towns was at that  period not as perfect as it ought to have been. In the",False
OWT_C00512,I hope you weren't--,213230,213252,Mrs. Baines,,Mrs. Baines,,NAMED,NONE,Mrs. Baines,AFTER_QUOTE_NAMED,ATTRIBUTED_DIALOGUE_CANDIDATE,"chester, a witness and victim to  the deplorable moral condition of the Five Towns. What would he think  of the Five Towns? The evil and the danger had been a topic of  discussion in the shop for a week past, and now it was brought home to  them.","said Mrs. Baines, apologetically and  sympathetically.    ""Oh no!"" Mr. Scales interrupted her quite gaily. ""I managed to beat  them off. Only my elbow--""    Meanwhile it was continuing to snow.    ""Do come in!"" said Mrs. Baines.    ""I couldn't think",False
OWT_C00514,Do come in!,213450,213463,Mrs. Baines.,,Mrs. Baines,,NAMED,NONE,Mrs. Baines,AFTER_QUOTE_NAMED,ATTRIBUTED_DIALOGUE_CANDIDATE,"was brought home to  them.    ""I hope you weren't--"" said Mrs. Baines, apologetically and  sympathetically.    ""Oh no!"" Mr. Scales interrupted her quite gaily. ""I managed to beat  them off. Only my elbow--""    Meanwhile it was continuing to snow.","said Mrs. Baines.    ""I couldn't think of troubling you,"" said Mr. Scales. ""I'm all right  now, and I can find my way to the Tiger.""    ""You must come in, if it's only for a minute,"" said Mrs. Baines, with  decision. She had to think of the honour o",False
OWT_C00515,"I couldn't think of troubling you,",213485,213521,Mr. Scales.,,Mr. Scales,,NAMED,NONE,Mr. Scales,AFTER_QUOTE_NAMED,ATTRIBUTED_DIALOGUE_CANDIDATE,"pe you weren't--"" said Mrs. Baines, apologetically and  sympathetically.    ""Oh no!"" Mr. Scales interrupted her quite gaily. ""I managed to beat  them off. Only my elbow--""    Meanwhile it was continuing to snow.    ""Do come in!"" said Mrs. Baines.","said Mr. Scales. ""I'm all right  now, and I can find my way to the Tiger.""    ""You must come in, if it's only for a minute,"" said Mrs. Baines, with  decision. She had to think of the honour of the town.    ""You're very kind,"" said Mr. Scales.    The",False
OWT_C00516,"You must come in, if it's only for a minute,",213600,213646,Mrs. Baines,,Mrs. Baines,,NAMED,NONE,Mrs. Baines,AFTER_QUOTE_NAMED,ATTRIBUTED_DIALOGUE_CANDIDATE,"te gaily. ""I managed to beat  them off. Only my elbow--""    Meanwhile it was continuing to snow.    ""Do come in!"" said Mrs. Baines.    ""I couldn't think of troubling you,"" said Mr. Scales. ""I'm all right  now, and I can find my way to the Tiger.""","said Mrs. Baines, with  decision. She had to think of the honour of the town.    ""You're very kind,"" said Mr. Scales.    The door was suddenly opened from within, and Maggie surveyed them from  the height of the two steps.    ""A happy New Year, mum,",False
OWT_C00517,"You're very kind,",213728,213747,Mr. Scales.    The door was suddenly,,Mr. Scales. The door was suddenly,,NAMED,NONE,Mr. Scales. The door was suddenly,AFTER_QUOTE_NAMED,ATTRIBUTED_DIALOGUE_CANDIDATE,"es.    ""I couldn't think of troubling you,"" said Mr. Scales. ""I'm all right  now, and I can find my way to the Tiger.""    ""You must come in, if it's only for a minute,"" said Mrs. Baines, with  decision. She had to think of the honour of the town.","said Mr. Scales.    The door was suddenly opened from within, and Maggie surveyed them from  the height of the two steps.    ""A happy New Year, mum, to all of you.""    ""Thank you, Maggie,"" said Mrs. Baines, and primly added:    ""The same to you!"" An",True
OWT_C00519,"Thank you, Maggie,",213916,213936,Mrs. Baines,,Mrs. Baines,,NAMED,NONE,Mrs. Baines,AFTER_QUOTE_NAMED,ATTRIBUTED_DIALOGUE_CANDIDATE,"ith  decision. She had to think of the honour of the town.    ""You're very kind,"" said Mr. Scales.    The door was suddenly opened from within, and Maggie surveyed them from  the height of the two steps.    ""A happy New Year, mum, to all of you.""","said Mrs. Baines, and primly added:    ""The same to you!"" And in her own mind she said that Maggie could best  prove her desire for a happy new year by contriving in future not to  'scamp her corners,' and not to break so much crockery.    Sophia, s",False
OWT_C00524,Ah! So you know Lawyer Lawton!,217167,217199,Mrs. Baines,,Mrs. Baines,,NAMED,NONE,Mrs. Baines,AFTER_QUOTE_NAMED,ATTRIBUTED_DIALOGUE_CANDIDATE,"plete pre-eminence that gave him, as he sat there in the  rocking-chair in her mother's parlour, that air of the unreal and the  incredible.    ""I stayed in the town on purpose to go to a New Year's party at Mr.  Lawton's,"" Mr. Scales was saying.","observed Mrs. Baines, impressed, for  Lawyer Lawton did not consort with tradespeople. He was jolly with  them, and he did their legal business for them, but he was not of them.  His friends came from afar.    ""My people are old acquaintances of his",False
OWT_C00525,"My people are old acquaintances of his,",217410,217451,Mr. Scales,,Mr. Scales,,NAMED,NONE,Mr. Scales,AFTER_QUOTE_NAMED,ATTRIBUTED_DIALOGUE_CANDIDATE,"ng.    ""Ah! So you know Lawyer Lawton!"" observed Mrs. Baines, impressed, for  Lawyer Lawton did not consort with tradespeople. He was jolly with  them, and he did their legal business for them, but he was not of them.  His friends came from afar.","said Mr. Scales, sipping the  milk which Maggie had brought.    ""Now, Mr. Scales, you must taste my mince. A happy month for every tart  you eat, you know,"" Mrs. Baines reminded him.    He bowed. ""And it was as I was coming away from there that I go",False
OWT_C00526,You are fond of dogs?,218323,218346,Mr. Povey,,Mr. Povey,,NAMED,NONE,Mr. Povey,AFTER_QUOTE_NAMED,ATTRIBUTED_DIALOGUE_CANDIDATE,"r of him, for he had  in his pocket-book a considerable sum of money in notes--accounts paid!  He had often thought what an excellent thing it would be if commercials  could travel with dogs, particularly in winter. There was nothing like  a dog.","asked Mr. Povey, who had always had a secret  but impracticable ambition to keep a dog.    ""Yes,"" said Mr. Scales, turning now to Mr. Povey.    ""Keep one?"" asked Mr. Povey, in a sporting tone.    ""I have a fox-terrier bitch,"" said Mr. Scales, ""that",False
OWT_C00527,"Yes,",218438,218444,Mr. Scales,,Mr. Scales,,NAMED,NONE,Mr. Scales,AFTER_QUOTE_NAMED,ATTRIBUTED_DIALOGUE_CANDIDATE,"what an excellent thing it would be if commercials  could travel with dogs, particularly in winter. There was nothing like  a dog.    ""You are fond of dogs?"" asked Mr. Povey, who had always had a secret  but impracticable ambition to keep a dog.","said Mr. Scales, turning now to Mr. Povey.    ""Keep one?"" asked Mr. Povey, in a sporting tone.    ""I have a fox-terrier bitch,"" said Mr. Scales, ""that took a first at  Knutsford; but she's getting old now.""    The sexual epithet fell queerly on the",False
OWT_C00528,Keep one?,218491,218502,Mr. Povey,,Mr. Povey,,NAMED,NONE,Mr. Povey,AFTER_QUOTE_NAMED,ATTRIBUTED_DIALOGUE_CANDIDATE,"could travel with dogs, particularly in winter. There was nothing like  a dog.    ""You are fond of dogs?"" asked Mr. Povey, who had always had a secret  but impracticable ambition to keep a dog.    ""Yes,"" said Mr. Scales, turning now to Mr. Povey.","asked Mr. Povey, in a sporting tone.    ""I have a fox-terrier bitch,"" said Mr. Scales, ""that took a first at  Knutsford; but she's getting old now.""    The sexual epithet fell queerly on the room. Mr. Povey, being a man of  the world, behaved as if",False
OWT_C00529,"I have a fox-terrier bitch,",218543,218572,Mr. Scales,,Mr. Scales,,NAMED,NONE,Mr. Scales,AFTER_QUOTE_NAMED,ATTRIBUTED_DIALOGUE_CANDIDATE,"e was nothing like  a dog.    ""You are fond of dogs?"" asked Mr. Povey, who had always had a secret  but impracticable ambition to keep a dog.    ""Yes,"" said Mr. Scales, turning now to Mr. Povey.    ""Keep one?"" asked Mr. Povey, in a sporting tone.","said Mr. Scales, ""that took a first at  Knutsford; but she's getting old now.""    The sexual epithet fell queerly on the room. Mr. Povey, being a man of  the world, behaved as if nothing had happened; but Mrs. Baines's curls  protested against this",False
OWT_C00534,"Straight up the Square and first on the right,",220885,220933,the commonsense  of Mr. Povey.,,the commonsense of Mr. Povey,,DESCRIPTIVE,NONE,the commonsense of Mr. Povey,AFTER_QUOTE_DESCRIPTIVE,ATTRIBUTED_DIALOGUE_CANDIDATE,"just to let you  know I'm all right,"" said he, in the white street.    ""Oh, do!"" said Constance. Constance's perfect innocence made her  strangely forward at times.    ""A happy New Year and many of them!""    ""Thanks! Same to you! Don't get lost.""","called the commonsense  of Mr. Povey.    Nothing else remained to say, and the visitor disappeared silently in  the whirling snow. ""Brrr!"" murmured Mr. Povey, shutting the door.  Everybody felt: ""What a funny ending of the old year!""    ""Sophia, my",True
OWT_C00535,Brrr!,221065,221072,Mr. Povey,,Mr. Povey,,NAMED,NONE,Mr. Povey,AFTER_QUOTE_NAMED,ATTRIBUTED_DIALOGUE_CANDIDATE,"Year and many of them!""    ""Thanks! Same to you! Don't get lost.""    ""Straight up the Square and first on the right,"" called the commonsense  of Mr. Povey.    Nothing else remained to say, and the visitor disappeared silently in  the whirling snow.","murmured Mr. Povey, shutting the door.  Everybody felt: ""What a funny ending of the old year!""    ""Sophia, my pet,"" Mrs. Baines began.    But Sophia had vanished to bed.    ""Tell her about her new night-dress,"" said Mrs. Baines to Constance.    ""Yes",False
OWT_C00538,"Tell her about her new night-dress,",221246,221283,Mrs. Baines to Constance.,,Mrs. Baines to Constance,,NAMED,NONE,Mrs. Baines to Constance,AFTER_QUOTE_NAMED,ATTRIBUTED_DIALOGUE_CANDIDATE,"to say, and the visitor disappeared silently in  the whirling snow. ""Brrr!"" murmured Mr. Povey, shutting the door.  Everybody felt: ""What a funny ending of the old year!""    ""Sophia, my pet,"" Mrs. Baines began.    But Sophia had vanished to bed.","said Mrs. Baines to Constance.    ""Yes, mother.""    ""I don't know that I'm so set up with that young man, after all,"" Mrs.  Baines reflected aloud.    ""Oh, mother!"" Constance protested. ""I think he's just lovely.""    ""He never looks you straight in",False
OWT_C00543,"He never looks you straight in the face,",221501,221543,Mrs. Baines.,,Mrs. Baines,,NAMED,NONE,Mrs. Baines,AFTER_QUOTE_NAMED,ATTRIBUTED_DIALOGUE_CANDIDATE,"her about her new night-dress,"" said Mrs. Baines to Constance.    ""Yes, mother.""    ""I don't know that I'm so set up with that young man, after all,"" Mrs.  Baines reflected aloud.    ""Oh, mother!"" Constance protested. ""I think he's just lovely.""","said Mrs. Baines.    ""Don't tell ME!"" laughed Constance, kissing her mother good night.  ""You're only on your high horse because he didn't praise your mince.  _I_ noticed it.""    IV    ""If anybody thinks I'm going to stand the cold in this showroom",False
OWT_C00547,"The last time I saw you,",225610,225636,Mr. Scales,,Mr. Scales,,NAMED,NONE,Mr. Scales,AFTER_QUOTE_NAMED,ATTRIBUTED_DIALOGUE_CANDIDATE,degree  that impressed her more than anything had impressed her in her life.  And all the proud and aristocratic instinct that was at the base of her  character sprang up and seized on his gentlemanliness like a famished  animal seizing on food.,"said Mr. Scales, in a new tone, ""you said  you were never in the shop.""    ""What? Yesterday? Did I?""    ""No, I mean the last time I saw you alone,"" said he.    ""Oh!"" she exclaimed. ""It's just an accident.""    ""That's exactly what you said last time.",False
OWT_C00576,"You needn't be afraid,",229088,229112,Sophia,,Sophia,,NAMED,NONE,Sophia,AFTER_QUOTE_NAMED,ATTRIBUTED_DIALOGUE_CANDIDATE,ine Gladstone; if the first book had not  been ceremoniously 'taken out' of the Free Library by the Chief Bailiff  in person--a grandfather of stainless renown--Mrs. Baines would  probably have risked her authority in forbidding the Free Library.,"said Sophia, laughing. ""It's Miss Sewell's  Experience of Life.""    ""A novel, I see,"" observed Mrs. Baines, dropping the book.    Gold and jewels would probably not tempt a Sophia of these days to read  Experience of Life; but to Sophia Baines the b",False
OWT_C00577,"A novel, I see,",229181,229198,Mrs. Baines,,Mrs. Baines,,NAMED,NONE,Mrs. Baines,AFTER_QUOTE_NAMED,ATTRIBUTED_DIALOGUE_CANDIDATE,"by the Chief Bailiff  in person--a grandfather of stainless renown--Mrs. Baines would  probably have risked her authority in forbidding the Free Library.    ""You needn't be afraid,"" said Sophia, laughing. ""It's Miss Sewell's  Experience of Life.""","observed Mrs. Baines, dropping the book.    Gold and jewels would probably not tempt a Sophia of these days to read  Experience of Life; but to Sophia Baines the bland story had the  piquancy of the disapproved.    The next day Mrs. Baines summoned",False
OWT_C00580,"You were seen in Wedgwood Street,",229653,229688,Mrs. Baines.,,Mrs. Baines,,NAMED,NONE,Mrs. Baines,AFTER_QUOTE_NAMED,ATTRIBUTED_DIALOGUE_CANDIDATE,"proved.    The next day Mrs. Baines summoned Sophia into her bedroom.    ""Sophia,"" said she, trembling, ""I shall be glad if you will not walk  about the streets with young men until you have my permission.""    The girl blushed violently. ""I--I--""","said Mrs. Baines.    ""Who's been gossiping--Mr. Critchlow, I suppose?"" Sophia exclaimed  scornfully.    ""No one has been 'gossiping,'"" said Mrs. Baines. ""Well, if I meet some  one by accident in the street I can't help it, can I?"" Sophia's voice  sh",False
OWT_C00582,"No one has been 'gossiping,'",229793,229823,Mrs. Baines.,,Mrs. Baines,,NAMED,NONE,Mrs. Baines,AFTER_QUOTE_NAMED,ATTRIBUTED_DIALOGUE_CANDIDATE,"k  about the streets with young men until you have my permission.""    The girl blushed violently. ""I--I--""    ""You were seen in Wedgwood Street,"" said Mrs. Baines.    ""Who's been gossiping--Mr. Critchlow, I suppose?"" Sophia exclaimed  scornfully.","said Mrs. Baines. ""Well, if I meet some  one by accident in the street I can't help it, can I?"" Sophia's voice  shook.    ""You know what I mean, my child,"" said Mrs. Baines, with careful calm.    Sophia dashed angrily from the room.    ""I like the i",False
OWT_C00583,"You know what I mean, my child,",229946,229979,Mrs. Baines,,Mrs. Baines,,NAMED,NONE,Mrs. Baines,AFTER_QUOTE_NAMED,ATTRIBUTED_DIALOGUE_CANDIDATE,"s. Baines.    ""Who's been gossiping--Mr. Critchlow, I suppose?"" Sophia exclaimed  scornfully.    ""No one has been 'gossiping,'"" said Mrs. Baines. ""Well, if I meet some  one by accident in the street I can't help it, can I?"" Sophia's voice  shook.","said Mrs. Baines, with careful calm.    Sophia dashed angrily from the room.    ""I like the idea of him having 'a heavy day'!"" Mrs. Baines reflected  ironically, recalling a phrase which had lodged in her mind. And very  vaguely, with an uneasiness",False
OWT_C00622,"He's always very great at Conferences,",255771,255811,Gerald Scales.,,Gerald Scales,,NAMED,NONE,Gerald Scales,AFTER_QUOTE_NAMED,ATTRIBUTED_DIALOGUE_CANDIDATE,"es of Miss Sewell.    ""Your uncle...?"" she questioned vaguely.    ""Yes, Mr. Boldero. He's a partner in Birkinshaws.""    ""Oh!""    ""You've heard of him? He's a great Wesleyan.""    ""Oh yes,"" she said. ""When we had the Wesleyan Conference here, he--""","said Gerald Scales.    ""I didn't know he had anything to do with Birkinshaws.""    ""He isn't a working partner of course,"" Mr. Scales explained. ""But he  means me to be one. I have to learn the business from the bottom. So  now you understand why I'm",False
OWT_C00626,"I'm an orphan,",256130,256146,Gerald.,,Gerald,,NAMED,NONE,Gerald,AFTER_QUOTE_NAMED,ATTRIBUTED_DIALOGUE_CANDIDATE,"kinshaws.""    ""He isn't a working partner of course,"" Mr. Scales explained. ""But he  means me to be one. I have to learn the business from the bottom. So  now you understand why I'm a traveller.""    ""I see,"" she said, still more deeply impressed.","said Gerald. ""And Uncle Boldero took me in hand when I  was three.""    ""I SEE!"" she repeated.    It seemed strange to her that Mr. Scales should be a Wesleyan--just  like herself. She would have been sure that he was 'Church.' Her  notions of Wesley",False
OWT_C00630,"You're the finest girl I've ever met, anyhow,",256688,256735,Mr. Scales with  gallant emphasis,,Mr. Scales with gallant emphasis,,NAMED,NONE,Mr. Scales with gallant emphasis,AFTER_QUOTE_NAMED,ATTRIBUTED_DIALOGUE_CANDIDATE,"hings, were  sharply modified.    ""Now tell me about you,"" Mr. Scales suggested.    ""Oh! I'm nothing!"" she burst out.    The exclamation was perfectly sincere. Mr. Scales's disclosures  concerning himself, while they excited her, discouraged her.","said Mr. Scales with  gallant emphasis, and he dug his stick into the soft ground.    She blushed and made no answer.    They walked on in silence, each wondering apprehensively what might  happen next.    Suddenly Mr. Scales stopped at a dilapidate",True
OWT_C00635,"How strange,",257832,257846,Mr. Scales,,Mr. Scales,,NAMED,NONE,Mr. Scales,AFTER_QUOTE_NAMED,ATTRIBUTED_DIALOGUE_CANDIDATE,"ages of the  ghosts of miners wandering for ever in subterranean passages, far, far  beneath. The noise of the falling stone had awakened for her the secret  terrors of the earth. She could scarcely even look at the wall without  a spasm of fear.","said Mr. Scales, a little awe in his voice, too, ""that  that should be left there like that! I suppose it's very deep.""    ""Some of them are,"" she trembled.    ""I must just have a look,"" he said, and put his hands on the top of the  wall.    ""Come a",False
OWT_C00649,"You've been out, Sophia?",260674,260700,Mrs. Baines in the parlour,,Mrs. Baines in the parlour,,NAMED,NONE,Mrs. Baines in the parlour,AFTER_QUOTE_NAMED,ATTRIBUTED_DIALOGUE_CANDIDATE,but not the same she! So this was  the end of the incredible adventure!    When she reached the turnpike she thought of her mother and of  Constance. She had completely forgotten them; for a space they had  utterly ceased to exist for her.    IV,"said Mrs. Baines in the parlour,  questioningly. Sophia had taken off her hat and mantle hurriedly in the  cutting-out room, for she was in danger of being late for tea; but her  hair and face showed traces of the March breeze. Mrs. Baines, whose  s",True
OWT_C00655,"You can pour out the tea,",262466,262493,Mrs. Baines.,,Mrs. Baines,,NAMED,NONE,Mrs. Baines,AFTER_QUOTE_NAMED,ATTRIBUTED_DIALOGUE_CANDIDATE,"iant; it might be summed up in the  phrase which she had repeated again and again under her breath on the  way home, ""Well, mother can't kill me!""    Mrs. Baines put down the blue-covered magazine and twisted her  rocking-chair towards the table.","said Mrs. Baines.    ""Where's Constance?""    ""She's not very well. She's lying down.""    ""Anything the matter with her?""    ""No.""    This was inaccurate. Nearly everything was the matter with Constance,  who had never been less Constance than during",False
OWT_C00664,"What's all that clay on your boots, child?",264248,264292,Mrs. Baines.,,Mrs. Baines,,NAMED,NONE,Mrs. Baines,AFTER_QUOTE_NAMED,ATTRIBUTED_DIALOGUE_CANDIDATE,"e.)    ""Yes, if you will stay in the shop till I come. Light me the gas before  you go.""    Sophia took a wax taper from a vase on the mantelpiece, stuck it in the  fire and lit the gas, which exploded in its crystal cloister with a  mild report.","asked Mrs. Baines.    ""Clay?"" repeated Sophia, staring foolishly at her boots.    ""Yes,"" said Mrs. Baines. ""It looks like marl. Where on earth have you  been?""    She interrogated her daughter with an upward gaze, frigid and  unconsciously hostile,",False
OWT_C00666,"Yes,",264375,264381,Mrs. Baines.,,Mrs. Baines,,NAMED,NONE,Mrs. Baines,AFTER_QUOTE_NAMED,ATTRIBUTED_DIALOGUE_CANDIDATE,"on the mantelpiece, stuck it in the  fire and lit the gas, which exploded in its crystal cloister with a  mild report.    ""What's all that clay on your boots, child?"" asked Mrs. Baines.    ""Clay?"" repeated Sophia, staring foolishly at her boots.","said Mrs. Baines. ""It looks like marl. Where on earth have you  been?""    She interrogated her daughter with an upward gaze, frigid and  unconsciously hostile, through her gold-rimmed glasses.    ""I must have picked it up on the roads,"" said Sophia,",False
OWT_C00667,"I must have picked it up on the roads,",264578,264618,Sophia,,Sophia,,NAMED,NONE,Sophia,AFTER_QUOTE_NAMED,ATTRIBUTED_DIALOGUE_CANDIDATE,"ted Sophia, staring foolishly at her boots.    ""Yes,"" said Mrs. Baines. ""It looks like marl. Where on earth have you  been?""    She interrogated her daughter with an upward gaze, frigid and  unconsciously hostile, through her gold-rimmed glasses.","said Sophia, and hastened to  the door.    ""Sophia!""    ""Yes, mother.""    ""Shut the door.""    Sophia unwillingly shut the door which she had half opened.    ""Come here.""    Sophia obeyed, with falling lip.    ""You are deceiving me, Sophia,"" said Mrs",False
OWT_C00672,"You are deceiving me, Sophia,",264828,264859,Mrs. Baines,,Mrs. Baines,,NAMED,NONE,Mrs. Baines,AFTER_QUOTE_NAMED,ATTRIBUTED_DIALOGUE_CANDIDATE,"""I must have picked it up on the roads,"" said Sophia, and hastened to  the door.    ""Sophia!""    ""Yes, mother.""    ""Shut the door.""    Sophia unwillingly shut the door which she had half opened.    ""Come here.""    Sophia obeyed, with falling lip.","said Mrs. Baines, with fierce  solemnity. ""Where have you been this afternoon?""    Sophia's foot was restless on the carpet behind the table. ""I haven't  been anywhere,"" she murmured glumly.    ""Have you seen young Scales?""    ""Yes,"" said Sophia wit",False
OWT_C00681,"If you are going to be sullen, I shall have to suppose the worst,",265597,265664,Mrs. Baines.    Sophia kept her silence.,,Mrs. Baines. Sophia kept her silence,,NAMED,NONE,Mrs. Baines. Sophia kept her silence,AFTER_QUOTE_NAMED,ATTRIBUTED_DIALOGUE_CANDIDATE,"me,"" said her heart,  with the trembling, cruel insolence of the mirror-flattered child.)    ""How came you to meet him?""    No answer.    ""Sophia, you heard what I said!""    Still no answer. Sophia looked down at the table. (""She can't kill me."")","said Mrs. Baines.    Sophia kept her silence.    ""Of course,"" Mrs. Baines resumed, ""if you choose to be wicked, neither  your mother nor any one else can stop you. There are certain things I  CAN do, and these I SHALL do ... Let me warn you that yo",True
OWT_C00692,"Well, child, you needn't be in such a hurry,",280914,280960,Mrs. Baines,,Mrs. Baines,,NAMED,NONE,Mrs. Baines,AFTER_QUOTE_NAMED,ATTRIBUTED_DIALOGUE_CANDIDATE,"ance said grace after meat, and the formula on this particular  occasion ran thus--    ""Thank God for our good dinner, Amen.--Mother, I must just run upstairs  to my room."" ('MY room'-Sophia being far away.)    And off she ran, strangely girlish.","said Mrs. Baines,  ringing the bell and rising.    She hoped that Constance would remember the conditions precedent to  sleep.    ""I should like to have a word with you, if it's all the same to you,  Mrs. Baines,"" said Mr. Povey suddenly, with obvio",False
OWT_C00694,"About Constance,",281424,281442,the astonishing man.,,the astonishing man,,DESCRIPTIVE,NONE,the astonishing man,AFTER_QUOTE_DESCRIPTIVE,ATTRIBUTED_DIALOGUE_CANDIDATE,"said Mr. Povey suddenly, with obvious nervousness. And  his tone struck a rude unexpected blow at Mrs. Baines's peace of mind.  It was a portentous tone.    ""What about?"" asked she, with an inflection subtly to remind Mr. Povey  what day it was.","said the astonishing man.    ""Constance!"" exclaimed Mrs. Baines with a histrionic air of  bewilderment.    Maggie entered the room, solely in response to the bell, yet a thought  jumped up in Mrs. Baines's brain, ""How prying servants are, to be  sur",False
OWT_C00695,Constance!,281472,281484,Mrs. Baines with a histrionic air,,Mrs. Baines with a histrionic air,,NAMED,NONE,Mrs. Baines with a histrionic air,AFTER_QUOTE_NAMED,ATTRIBUTED_DIALOGUE_CANDIDATE,"ss. And  his tone struck a rude unexpected blow at Mrs. Baines's peace of mind.  It was a portentous tone.    ""What about?"" asked she, with an inflection subtly to remind Mr. Povey  what day it was.    ""About Constance,"" said the astonishing man.","exclaimed Mrs. Baines with a histrionic air of  bewilderment.    Maggie entered the room, solely in response to the bell, yet a thought  jumped up in Mrs. Baines's brain, ""How prying servants are, to be  sure!"" For quite five seconds she had a griev",True
OWT_C00697,Oh!,282057,282062,Mr. Povey,,Mr. Povey,,NAMED,NONE,Mr. Povey,AFTER_QUOTE_NAMED,ATTRIBUTED_DIALOGUE_CANDIDATE,"Maggie cleared the  table. Mr. Povey put both his hands in his pockets, got up, went to the  window, whistled, and generally behaved in a manner which foretold the  worst.    At last Maggie vanished, shutting the door.    ""What is it, Mr. Povey?""","said Mr. Povey, facing her with absurd nervous brusqueness, as  though pretending: ""Ah, yes! We have something to say--I was  forgetting!"" Then he began: ""It's about Constance and me.""    Yes, they had evidently plotted this interview. Constance had",False
OWT_C00699,"I'm not at all satisfied with the present situation,",282485,282539,Mr. Povey,,Mr. Povey,,NAMED,NONE,Mr. Povey,AFTER_QUOTE_NAMED,ATTRIBUTED_DIALOGUE_CANDIDATE,"nce and me.""    Yes, they had evidently plotted this interview. Constance had evidently  taken herself off on purpose to leave Mr. Povey unhampered. They were  in league. The inevitable had come. No sleep! No repose! Nothing but  worry once more!","said Mr. Povey,  in a tone that corresponded to his words.    ""I don't know what you mean, Mr. Povey,"" said Mrs. Baines stiffly. This  was a simple lie.    ""Well, really, Mrs. Baines!"" Mr. Povey protested, ""I suppose you won't  deny that you know th",False
OWT_C00700,"I don't know what you mean, Mr. Povey,",282602,282642,Mrs. Baines stiffly. This  was a,,Mrs. Baines stiffly. This was a,,NAMED,NONE,Mrs. Baines stiffly. This was a,AFTER_QUOTE_NAMED,ATTRIBUTED_DIALOGUE_CANDIDATE,"to leave Mr. Povey unhampered. They were  in league. The inevitable had come. No sleep! No repose! Nothing but  worry once more!    ""I'm not at all satisfied with the present situation,"" said Mr. Povey,  in a tone that corresponded to his words.","said Mrs. Baines stiffly. This  was a simple lie.    ""Well, really, Mrs. Baines!"" Mr. Povey protested, ""I suppose you won't  deny that you know there is something between me and Constance? I  suppose you won't deny that?""    ""What is there between y",True
OWT_C00733,"I cannot bind myself to a date,",286380,286413,Mrs. Baines,,Mrs. Baines,,NAMED,NONE,Mrs. Baines,AFTER_QUOTE_NAMED,ATTRIBUTED_DIALOGUE_CANDIDATE,"s Mr. Povey? Mr. Povey was nobody.    ""I must think things over,"" she said firmly, putting her lips together.  ""I can't reply like this. It is a serious matter.""    ""When can I have your answer? To-morrow?""    ""No--really--""    ""In a week, then?""","said Mrs. Baines, haughtily. She felt  that she was gaining ground.    ""Because I can't stay on here indefinitely as things are,"" Mr. Povey  burst out, and there was a touch of hysteria in his tone.    ""Now, Mr. Povey, please do be reasonable.""    """,False
OWT_C00743,"That's the worst of those quiet calm ones,",288176,288220,Mrs. Baines to  herself.,,Mrs. Baines to herself,,NAMED,NONE,Mrs. Baines to herself,AFTER_QUOTE_NAMED,ATTRIBUTED_DIALOGUE_CANDIDATE,"ibly human nature could have shown nothing  more human than Mr. Povey at the moment when, unable any longer to  restrain the paroxysm which had so surprisingly overtaken him, he fled  from the parlour, passionately, to the retreat of his bedroom.","said Mrs. Baines to  herself. ""You never know if they won't give way. And when they do, it's  awful--awful.... What did I do, what did I say, to bring it on?  Nothing! Nothing!""    And where was her afternoon sleep? What was going to happen to her",False
OWT_C00747,"Well, I do declare!",291407,291428,Mrs. Maddack.,,Mrs. Maddack,,NAMED,NONE,Mrs. Maddack,AFTER_QUOTE_NAMED,ATTRIBUTED_DIALOGUE_CANDIDATE,"d. ""What! You,  sister? You're soon up. What a blessing!""    The two majestic and imposing creatures met on the mat, craning forward  so that their lips might meet above their terrific bosoms.    ""What's the matter?"" Mrs. Baines asked, fearfully.","said Mrs. Maddack. ""And I've driven specially  over to ask you!""    ""Where's Sophia?"" demanded Mrs. Baines.    ""You don't mean to say she's not come, sister?"" Mrs. Maddack sank down  on to the sofa.    ""Come?"" Mrs. Baines repeated. ""Of course she's",False
OWT_C00748,Where's Sophia?,291497,291514,Mrs. Baines.,,Mrs. Baines,,NAMED,NONE,Mrs. Baines,AFTER_QUOTE_NAMED,ATTRIBUTED_DIALOGUE_CANDIDATE,"creatures met on the mat, craning forward  so that their lips might meet above their terrific bosoms.    ""What's the matter?"" Mrs. Baines asked, fearfully.    ""Well, I do declare!"" said Mrs. Maddack. ""And I've driven specially  over to ask you!""","demanded Mrs. Baines.    ""You don't mean to say she's not come, sister?"" Mrs. Maddack sank down  on to the sofa.    ""Come?"" Mrs. Baines repeated. ""Of course she's not come! What do you  mean, sister?""    ""The very moment she got Constance's letter y",False
OWT_C00752,Serious it is!,292420,292436,Mrs. Baines.,,Mrs. Baines,,NAMED,NONE,Mrs. Baines,AFTER_QUOTE_NAMED,ATTRIBUTED_DIALOGUE_CANDIDATE,"from Constance. I told her to be sure and  write me how you were last night, and she promised faithfully she  would. And it was because I got nothing by this morning's post that I  decided to come over myself, to see if it was anything serious.""","murmured Mrs. Baines.    ""What--""    ""Sophia's run off. That's the plain English of it!"" said Mrs. Baines  with frigid calm.    ""Nay! That I'll never believe. I've looked after Sophia night and day  as if she was my own, and--""    ""If she hasn't run",False
OWT_C00754,Sophia's run off. That's the plain English of it!,292474,292525,Mrs. Baines  with frigid calm.,,Mrs. Baines with frigid calm,,NAMED,NONE,Mrs. Baines with frigid calm,AFTER_QUOTE_NAMED,ATTRIBUTED_DIALOGUE_CANDIDATE,"ow you were last night, and she promised faithfully she  would. And it was because I got nothing by this morning's post that I  decided to come over myself, to see if it was anything serious.""    ""Serious it is!"" murmured Mrs. Baines.    ""What--""","said Mrs. Baines  with frigid calm.    ""Nay! That I'll never believe. I've looked after Sophia night and day  as if she was my own, and--""    ""If she hasn't run off, where is she?""    Mrs. Maddack opened the door with a tragic gesture.    ""Bladen,""",True
OWT_C00761,I thought so!,293255,293270,Mrs. Maddack,,Mrs. Maddack,,NAMED,NONE,Mrs. Maddack,AFTER_QUOTE_NAMED,ATTRIBUTED_DIALOGUE_CANDIDATE,"a member of the class  which ought never to be enlightened about one's private affairs.    ""He didn't come all the way here?""    ""No'm. He happened to say last night when he got back as Miss Sophia  had told him to set her down at Knype Station.""","said Mrs. Maddack, courageously.    ""Yes'm.""    ""Sister!"" she moaned, after carefully shutting the door.    They clung to each other.    The horror of what had occurred did not instantly take full possession  of them, because the power of credence,",False
OWT_C00765,"It's as plain as a pikestaff,",296953,296984,Mr. Critchlow.,,Mr. Critchlow,,NAMED,NONE,Mr. Critchlow,AFTER_QUOTE_NAMED,ATTRIBUTED_DIALOGUE_CANDIDATE,", and returned with the news  that an aunt of Scales had recently died, leaving him twelve thousand  pounds, and that he had, after quarrelling with his uncle Boldero,  abandoned Birkinshaws at an hour's notice and vanished with his  inheritance.","said Mr. Critchlow. ""I could ha' warned  ye o' all this years ago, even since she killed her father!""    Mr. Critchlow left nothing unsaid.    During the night Mrs. Baines lived through all Sophia's life, lived  through it more intensely than ever S",False
OWT_C00767,My life is over.,297738,297756,,And Mrs. Baines,,And Mrs. Baines,NONE,NAMED,And Mrs. Baines,BEFORE_QUOTE_NAMED,ATTRIBUTED_DIALOGUE_CANDIDATE,"ted from London.    ""Dear Mother, I am married to Gerald Scales. Please don't worry about  me. We are going abroad. Your affectionate Sophia. Love to Constance.""  No tear-stains on that pale blue sheet! No sign of agitation!    And Mrs. Baines said:","It was, though she was  scarcely fifty. She felt old, old and beaten. She had fought and been  vanquished. The everlasting purpose had been too much for her. Virtue  had gone out of her--the virtue to hold up her head and look the Square  in the fac",True
OWT_C00768,"Well,",299043,299050,Mr. Povey,,Mr. Povey,,NAMED,NONE,Mr. Povey,AFTER_QUOTE_NAMED,ATTRIBUTED_DIALOGUE_CANDIDATE,"impassive old house perhaps heard  her heart saying: ""Only yesterday they were little girls, ever so tiny,  and now--"" The driving-off of a waggonette can be a dreadful thing.          BOOK II    CONSTANCE          CHAPTER I    REVOLUTION    I","said Mr. Povey, rising from the rocking-chair that in a  previous age had been John Baines's, ""I've got to make a start some  time, so I may as well begin now!""    And he went from the parlour into the shop. Constance's eye followed  him as far as t",False
OWT_C00769,"If you please, Mrs. Povey,",301075,301103,Maggie,,Maggie,,NAMED,NONE,Maggie,AFTER_QUOTE_NAMED,ATTRIBUTED_DIALOGUE_CANDIDATE,"house--at any rate until she had  grown more accustomed to her situation.    The hope was to be disappointed. Maggie's rather silly, obsequious  smile concealed but for a moment the ineffable tragedy that had lain in  wait for unarmed Constance.","said Maggie, as she crushed cups together  on the tin tray with her great, red hands, which always looked like  something out of a butcher's shop; then a pause, ""Will you please  accept of this?""    Now, before the wedding Maggie had already, with t",False
OWT_C00770,Maggie!,301749,301758,the old Constance,,the old Constance,,DESCRIPTIVE,NONE,the old Constance,AFTER_QUOTE_DESCRIPTIVE,ATTRIBUTED_DIALOGUE_CANDIDATE,"go out), and  Constance wondered what was coming now from Maggie's pocket. A small  piece of folded paper came from Maggie's pocket. Constance accepted of  it, and read: ""I begs to give one month's notice to leave. Signed  Maggie. June 10, 1867.""","exclaimed the old Constance, terrified by this incredible  occurrence, ere the married woman could strangle her.    ""I never give notice before, Mrs. Povey,"" said Maggie, ""so I don't know  as I know how it ought for be done--not rightly. But I hope",False
OWT_C00771,"I never give notice before, Mrs. Povey,",301875,301916,Maggie,,Maggie,,NAMED,NONE,Maggie,AFTER_QUOTE_NAMED,ATTRIBUTED_DIALOGUE_CANDIDATE,"ocket. Constance accepted of  it, and read: ""I begs to give one month's notice to leave. Signed  Maggie. June 10, 1867.""    ""Maggie!"" exclaimed the old Constance, terrified by this incredible  occurrence, ere the married woman could strangle her.","said Maggie, ""so I don't know  as I know how it ought for be done--not rightly. But I hope as you'll  accept of it, Mrs. Povey.""    ""Oh! of course,"" said Mrs. Povey, primly, just as if Maggie was not the  central supporting pillar of the house, just",False
OWT_C00772,"Oh! of course,",302049,302065,Mrs. Povey,,Mrs. Povey,,NAMED,NONE,Mrs. Povey,AFTER_QUOTE_NAMED,ATTRIBUTED_DIALOGUE_CANDIDATE,"y this incredible  occurrence, ere the married woman could strangle her.    ""I never give notice before, Mrs. Povey,"" said Maggie, ""so I don't know  as I know how it ought for be done--not rightly. But I hope as you'll  accept of it, Mrs. Povey.""","said Mrs. Povey, primly, just as if Maggie was not the  central supporting pillar of the house, just as if Maggie had not  assisted at her birth, just as if the end of the world had not abruptly  been announced, just as if St. Luke's Square were not",False
OWT_C00774,"You'll soon be suited with another, Mrs. Povey,",303375,303424,Maggie.,,Maggie,,NAMED,NONE,Maggie,AFTER_QUOTE_NAMED,ATTRIBUTED_DIALOGUE_CANDIDATE,"ate and  perhaps capricious individuality. Maggie's engagements had never been  real to her employers. Within the house she had never been, in  practice, anything but 'Maggie'--an organism. And now she was  permitting herself ideas about changes!","said Maggie. ""There's  many a--many a--"" She burst into sobs.    ""But if you really want to leave, what are you crying for, Maggie?""  asked Mrs. Povey, at her wisest. ""Have you told mother?""    ""No, miss,"" Maggie whimpered, absently wiping her wrink",False
OWT_C00775,"But if you really want to leave, what are you crying for, Maggie?",303490,303557,Mrs. Povey,,Mrs. Povey,,NAMED,NONE,Mrs. Povey,AFTER_QUOTE_NAMED,ATTRIBUTED_DIALOGUE_CANDIDATE,"ouse she had never been, in  practice, anything but 'Maggie'--an organism. And now she was  permitting herself ideas about changes!    ""You'll soon be suited with another, Mrs. Povey,"" said Maggie. ""There's  many a--many a--"" She burst into sobs.","asked Mrs. Povey, at her wisest. ""Have you told mother?""    ""No, miss,"" Maggie whimpered, absently wiping her wrinkled cheeks with  ineffectual muslin. ""I couldn't seem to fancy telling your mother. And  as you're the mistress now, I thought as I'd",False
OWT_C00780,Indeed!,304306,304315,Constance,,Constance,,NAMED,NONE,Constance,AFTER_QUOTE_NAMED,ATTRIBUTED_DIALOGUE_CANDIDATE,"ur to either of them that they were living in the sixties.    ""Thank ye, miss.""    ""And what are you thinking of doing, Maggie? You know you won't get  many places like this.""    ""To tell ye the truth, Mrs. Povey, I'm going to get married mysen.""","murmured Constance, with the perfunctoriness of habit in  replying to these tidings.    ""Oh! but I am, mum,"" Maggie insisted. ""It's all settled. Mr. Hollins,  mum.""    ""Not Hollins, the fish-hawker!""    ""Yes, mum. I seem to fancy him. You don't reme",False
OWT_C00792,"I think I shall go up, dear,",310791,310821,Constance.,,Constance,,NAMED,NONE,Constance,AFTER_QUOTE_NAMED,ATTRIBUTED_DIALOGUE_CANDIDATE,"n admirable assumption of light and easy casualness.    Mr. Povey seemed to think that Hollins would suit Maggie pretty well.  He made no remark to the betrothed when she answered the final bell of  the night.    He opened his ledgers, whistling.","said Constance. ""I've a lot of things to  put away.""    ""Do,"" said he. ""Call out when you've done.""    II    ""Sam!"" she cried from the top of the crooked stairs.    No answer. The door at the foot was closed.    ""Sam!""    ""Hello?"" Distantly, faintly",False
OWT_C00800,Really?,313938,313947,Mr. Povey,,Mr. Povey,,NAMED,NONE,Mr. Povey,AFTER_QUOTE_NAMED,ATTRIBUTED_DIALOGUE_CANDIDATE,"e? Besides, confound it, we've been married a fortnight!""    ""Doesn't it give you a funny feeling, sleeping in this room? It does  me,"" said Constance. Women, even experienced women, are so foolishly  frank. They have no decency, no self-respect.","replied Mr. Povey, with loftiness, as who should say: ""What  an extraordinary thing that a reasonable creature can have such  fancies! Now to me this room is exactly like any other room."" And he  added aloud, glancing away from the glass, where he w",False
OWT_C00808,Wasn't that Mr. Yardley in the shop to-night?,317696,317743,Constance.,,Constance,,NAMED,NONE,Constance,AFTER_QUOTE_NAMED,ATTRIBUTED_DIALOGUE_CANDIDATE,"out him, an indescribable something that  occasionally, when his face was close to hers, made her dizzy.    The chasm had disappeared. In such moments, when each must pretend not  to have seen or even suspected the chasm, small-talk is essential.","began Constance.    ""Yes.""    ""What did he want?""    ""I'd sent for him. He's going to paint us a signboard.""    Useless for Samuel to make-believe that nothing in this world is more  ordinary than a signboard.    ""Oh!"" murmured Constance. She said n",False
OWT_C00815,"Morning, missis!",320869,320887,Boon,,Boon,,NAMED,NONE,Boon,AFTER_QUOTE_NAMED,ATTRIBUTED_DIALOGUE_CANDIDATE,"James Boon, of Buck Row, the greatest dog-fancier in the  Five Towns, stood at the bottom of the steps: a tall, fat man, clad in  stiff, stained brown and smoking a black clay pipe less than three  inches long. Behind him attended two bull-dogs.","cried Boon, cheerfully. ""I've heerd tell as th'  mister is looking out for a dog, as you might say.""    ""I don't stay here with them animals a-sniffing at me--no, that I  don't!"" observed Maggie, picking herself up.    ""Is he?"" Constance hesitated.",False
OWT_C00817,Ay!,321423,321428,James Boon,,James Boon,,NAMED,NONE,James Boon,AFTER_QUOTE_NAMED,ATTRIBUTED_DIALOGUE_CANDIDATE,"erred  to dogs; she had not, however, imagined that he regarded a dog as aught  but a beautiful dream. No dog had ever put paw into that house, and it  seemed impossible that one should ever do so. As for those beasts of  prey on the pavement...!","said James Boon, calmly.    ""I'll tell him you're here,"" said Constance. ""But I don't know if he's  at liberty. He seldom is at this time of day. Maggie, you'd better come  in.""    She went slowly to the shop, full of fear for the future.    ""Sam,""",False
OWT_C00818,"I'll tell him you're here,",321457,321485,Constance.,,Constance,,NAMED,NONE,Constance,AFTER_QUOTE_NAMED,ATTRIBUTED_DIALOGUE_CANDIDATE,"er, imagined that he regarded a dog as aught  but a beautiful dream. No dog had ever put paw into that house, and it  seemed impossible that one should ever do so. As for those beasts of  prey on the pavement...!    ""Ay!"" said James Boon, calmly.","said Constance. ""But I don't know if he's  at liberty. He seldom is at this time of day. Maggie, you'd better come  in.""    She went slowly to the shop, full of fear for the future.    ""Sam,"" she whispered to her husband, who was writing at his desk",False
OWT_C00825,"Now, there's a dog!",322269,322290,Boon,,Boon,,NAMED,NONE,Boon,AFTER_QUOTE_NAMED,ATTRIBUTED_DIALOGUE_CANDIDATE,"through  with the affair, and he went through with it, though nervously.  Constance followed his agitated footsteps to the side-door.    ""Morning, Boon.""    ""Morning, master.""    They began to talk dogs, Mr. Povey, for his part, with due caution.","said Boon, pointing to one of the bull-dogs, a  miracle of splendid ugliness.    ""Yes,"" responded Mr. Povey, insincerely. ""He is a beauty. What's it  worth now, at a venture?""    ""I'll tak' a hundred and twenty sovereigns for her,"" said Boon. ""Th'",False
OWT_C00827,"I'll tak' a hundred and twenty sovereigns for her,",322470,322522,Boon.,,Boon,,NAMED,NONE,Boon,AFTER_QUOTE_NAMED,ATTRIBUTED_DIALOGUE_CANDIDATE,"s, Mr. Povey, for his part, with due caution.    ""Now, there's a dog!"" said Boon, pointing to one of the bull-dogs, a  miracle of splendid ugliness.    ""Yes,"" responded Mr. Povey, insincerely. ""He is a beauty. What's it  worth now, at a venture?""","said Boon. ""Th'  other's a bit cheaper--a hundred.""    ""Oh, Sam!"" gasped Constance.    And even Mr. Povey nearly lost his nerve. ""That's more than I want to  give,"" said he timidly.    ""But look at her!"" Boon persisted, roughly snatching up the more",False
OWT_C00830,"That's not quite the sort of dog I want,",322883,322925,Mr. Povey.,,Mr. Povey,,NAMED,NONE,Mr. Povey,AFTER_QUOTE_NAMED,ATTRIBUTED_DIALOGUE_CANDIDATE,"ly lost his nerve. ""That's more than I want to  give,"" said he timidly.    ""But look at her!"" Boon persisted, roughly snatching up the more  expensive animal, and displaying her cannibal teeth.    Mr. Povey shook his head. Constance glanced away.","said Mr. Povey.    ""Fox-terrier?""    ""Yes, that's more like,"" Mr. Povey agreed eagerly.    ""What'll ye run to?""    ""Oh,"" said Mr. Povey, largely, ""I don't know.""    ""Will ye run to a tenner?""    ""I thought of something cheaper.""    ""Well, hoo much?",False
OWT_C00834,"Oh,",323041,323046,Mr. Povey,,Mr. Povey,,NAMED,NONE,Mr. Povey,AFTER_QUOTE_NAMED,ATTRIBUTED_DIALOGUE_CANDIDATE,"and displaying her cannibal teeth.    Mr. Povey shook his head. Constance glanced away.    ""That's not quite the sort of dog I want,"" said Mr. Povey.    ""Fox-terrier?""    ""Yes, that's more like,"" Mr. Povey agreed eagerly.    ""What'll ye run to?""","said Mr. Povey, largely, ""I don't know.""    ""Will ye run to a tenner?""    ""I thought of something cheaper.""    ""Well, hoo much? Out wi' it, mester.""    ""Not more than two pounds,"" said Mr. Povey. He would have said one  pound had he dared. The price",False
OWT_C00839,"Not more than two pounds,",323199,323226,Mr. Povey. He would have said,,Mr. Povey. He would have said,,NAMED,NONE,Mr. Povey. He would have said,AFTER_QUOTE_NAMED,ATTRIBUTED_DIALOGUE_CANDIDATE,"-terrier?""    ""Yes, that's more like,"" Mr. Povey agreed eagerly.    ""What'll ye run to?""    ""Oh,"" said Mr. Povey, largely, ""I don't know.""    ""Will ye run to a tenner?""    ""I thought of something cheaper.""    ""Well, hoo much? Out wi' it, mester.""","said Mr. Povey. He would have said one  pound had he dared. The prices of dogs amazed him.    ""I thowt it was a dog as ye wanted!"" said Boon. ""Look 'ere, mester.  Come up to my yard and see what I've got.""    ""I will,"" said Mr. Povey.    ""And bring",True
OWT_C00840,I thowt it was a dog as ye wanted!,323321,323357,Boon.,,Boon,,NAMED,NONE,Boon,AFTER_QUOTE_NAMED,ATTRIBUTED_DIALOGUE_CANDIDATE,"""I don't know.""    ""Will ye run to a tenner?""    ""I thought of something cheaper.""    ""Well, hoo much? Out wi' it, mester.""    ""Not more than two pounds,"" said Mr. Povey. He would have said one  pound had he dared. The prices of dogs amazed him.","said Boon. ""Look 'ere, mester.  Come up to my yard and see what I've got.""    ""I will,"" said Mr. Povey.    ""And bring missis along too. Now, what about a cat for th' missis? Or a  gold-fish?""    The end of the episode was that a young lady aged some",False
OWT_C00841,"I will,",323436,323445,Mr. Povey.,,Mr. Povey,,NAMED,NONE,Mr. Povey,AFTER_QUOTE_NAMED,ATTRIBUTED_DIALOGUE_CANDIDATE,"mester.""    ""Not more than two pounds,"" said Mr. Povey. He would have said one  pound had he dared. The prices of dogs amazed him.    ""I thowt it was a dog as ye wanted!"" said Boon. ""Look 'ere, mester.  Come up to my yard and see what I've got.""","said Mr. Povey.    ""And bring missis along too. Now, what about a cat for th' missis? Or a  gold-fish?""    The end of the episode was that a young lady aged some twelve months  entered the Povey household on trial. Her exiguous legs twinkled all  ov",False
OWT_C00843,"Oh, nothing!",325191,325205,Mr. Povey,,Mr. Povey,,NAMED,NONE,Mr. Povey,AFTER_QUOTE_NAMED,ATTRIBUTED_DIALOGUE_CANDIDATE,"lence.    That very night, coming suddenly into the parlour, she caught Samuel at  the harmonium. The lid went down with a resonant bang that awoke  sympathetic vibrations in every corner of the room.    ""What is it?"" Constance inquired, jumping.","replied Mr. Povey, carelessly. Each was deceiving the  other: Mr. Povey hid his crime, and Constance hid her knowledge of his  crime. False, false! But this is what marriage is.    And the next day Constance had a visit in the shop from a possible n",False
OWT_C00844,Will you please step this way?,325515,325547,Constance,,Constance,,NAMED,NONE,Constance,AFTER_QUOTE_NAMED,ATTRIBUTED_DIALOGUE_CANDIDATE,"r: Mr. Povey hid his crime, and Constance hid her knowledge of his  crime. False, false! But this is what marriage is.    And the next day Constance had a visit in the shop from a possible new  servant, recommended to her by Mr. Holl, the grocer.","said Constance, with affable primness,  steeped in the novel sense of what it is to be the sole responsible  mistress of a vast household. She preceded the girl to the parlour, and  as they passed the open door of Mr. Povey's cutting-out room, Const",False
OWT_C00855,"I hope she'll be all right alone,",329515,329550,Constance.,,Constance,,NAMED,NONE,Constance,AFTER_QUOTE_NAMED,ATTRIBUTED_DIALOGUE_CANDIDATE,"al that Mrs.  Baines's vigorous cheerfulness should be somewhat forced.    ""What is it, do you think?"" Constance inquired.    Mrs. Baines pushed her lips out and raised her eyebrows--a gesture  which meant that the pains might mean God knew what.","observed Constance. ""Of course,""  said Mrs. Baines, quickly. ""But you don't suppose I was going to  disappoint you, do you?"" she added, looking round as if to defy the  fates in general.    This speech, and its tone, gave intense pleasure to Constan",False
OWT_C00856,"Of course,",329571,329583,Mrs. Baines,,Mrs. Baines,,NAMED,NONE,Mrs. Baines,AFTER_QUOTE_NAMED,ATTRIBUTED_DIALOGUE_CANDIDATE,"omewhat forced.    ""What is it, do you think?"" Constance inquired.    Mrs. Baines pushed her lips out and raised her eyebrows--a gesture  which meant that the pains might mean God knew what.    ""I hope she'll be all right alone,"" observed Constance.","said Mrs. Baines, quickly. ""But you don't suppose I was going to  disappoint you, do you?"" she added, looking round as if to defy the  fates in general.    This speech, and its tone, gave intense pleasure to Constance; and,  laden with parcels, the",False
OWT_C00857,"Well, my chuck, you all right?",330663,330695,Mrs. Baines,,Mrs. Baines,,NAMED,NONE,Mrs. Baines,AFTER_QUOTE_NAMED,ATTRIBUTED_DIALOGUE_CANDIDATE,"fingering her weeds,  she glanced about the chamber. Nothing was changed. Though Constance  had, previous to her marriage, envisaged certain alterations, she had  determined to postpone them, feeling that one revolutionist in a house  was enough.","said Mrs. Baines, with hearty and  direct energy, gazing straight into her daughter's eyes.    Constance perceived that the question was universal in its  comprehensiveness, the one unique expression that the mother would give  to her maternal conce",False
OWT_C00867,So your name's Fan!,334455,334476,Mrs. Baines,,Mrs. Baines,,NAMED,NONE,Mrs. Baines,AFTER_QUOTE_NAMED,ATTRIBUTED_DIALOGUE_CANDIDATE,"not have missed. Constance emitted an ""Oh, FAN!"" of shocked  terror, and Samuel betrayed his nervous tension by an involuntary  movement. But Fan had settled down into that titanic lap as into  heaven. It was a greater flattery than Mr. Povey's.","murmured Mrs. Baines, stroking the animal. ""You  are a dear!""    ""Yes, isn't she?"" said Constance, with inconceivable rapidity.    The danger was past. Thus, without any explanation, Fan became an  accepted fact.    The next moment Maggie served the",False
OWT_C00868,"Yes, isn't she?",334542,334559,Constance,,Constance,,NAMED,NONE,Constance,AFTER_QUOTE_NAMED,ATTRIBUTED_DIALOGUE_CANDIDATE,"ed his nervous tension by an involuntary  movement. But Fan had settled down into that titanic lap as into  heaven. It was a greater flattery than Mr. Povey's.    ""So your name's Fan!"" murmured Mrs. Baines, stroking the animal. ""You  are a dear!""","said Constance, with inconceivable rapidity.    The danger was past. Thus, without any explanation, Fan became an  accepted fact.    The next moment Maggie served the Yorkshire pudding.    ""Well, Maggie,"" said Mrs. Baines. ""So you are going to get m",False
OWT_C00869,"Well, Maggie,",334749,334764,Mrs. Baines.,,Mrs. Baines,,NAMED,NONE,Mrs. Baines,AFTER_QUOTE_NAMED,ATTRIBUTED_DIALOGUE_CANDIDATE,"stroking the animal. ""You  are a dear!""    ""Yes, isn't she?"" said Constance, with inconceivable rapidity.    The danger was past. Thus, without any explanation, Fan became an  accepted fact.    The next moment Maggie served the Yorkshire pudding.","said Mrs. Baines. ""So you are going to get married this  time? When is it?""    ""Sunday, ma'am.""    ""And you leave here on Saturday?""    ""Yes, ma'am.""    ""Well, I must have a talk with you before I go.""    During the dinner, not a word as to the sign",False
OWT_C00875,"I expect she has gone to look at father's grave,",336235,336285,Constance.,,Constance,,NAMED,NONE,Constance,AFTER_QUOTE_NAMED,ATTRIBUTED_DIALOGUE_CANDIDATE,"ons.    A little before tea Mrs. Baines announced that she would go out for a  short walk by herself.    ""Where has she gone to?"" smiled Samuel, superiorly, as with Constance  at the window he watched her turn down King Street towards the church.","said Constance.    ""Oh!"" muttered Samuel, apologetically.    Constance was mistaken. Before reaching the church, Mrs. Baines  deviated to the right, got into Brougham Street and thence, by Acre  Lane, into Oldcastle Street, whose steep she climbed.",False
OWT_C00878,Indeed I shan't!,337301,337319,Mrs. Baines.,,Mrs. Baines,,NAMED,NONE,Mrs. Baines,AFTER_QUOTE_NAMED,ATTRIBUTED_DIALOGUE_CANDIDATE,"t the very  door of the waggonette. Somehow, he contrived to be talking of  Christmas. Only a person of Samuel's native clumsiness would have  mentioned Christmas in July.    ""You know you'll spend Christmas with us!"" said he into the waggonette.","replied Mrs. Baines. ""Aunt Harriet and I will expect  you at Axe. We've already settled that.""    Mr. Povey bridled. ""Oh no!"" he protested, hurt by this summariness.    Having had no relatives, except his cousin the confectioner, for many  years, he",False
OWT_C00880,"We couldn't possibly leave the shop,",337705,337743,Mr. Povey.,,Mr. Povey,,NAMED,NONE,Mr. Povey,AFTER_QUOTE_NAMED,ATTRIBUTED_DIALOGUE_CANDIDATE,"ted, hurt by this summariness.    Having had no relatives, except his cousin the confectioner, for many  years, he had dreamt of at last establishing a family Christmas under  his own roof, and the dream was dear to him.    Mrs. Baines said nothing.","said  Mr. Povey.    ""Nonsense!"" Mrs. Baines retorted, putting her lips together. ""Christmas  Day is on a Monday.""    The waggonette in starting jerked her head towards the door and set all  her curls shaking. No white in those curls yet, scarcely a",False
OWT_C00884,There he is!,341938,341952,Mr. Povey,,Mr. Povey,,NAMED,NONE,Mr. Povey,AFTER_QUOTE_NAMED,ATTRIBUTED_DIALOGUE_CANDIDATE,"not quite the ordinary servant, but a benefactor where a  benefactor was needed, both Constance and her mother thought it well to  occupy themselves in household work, 'sparing' the benefactor as much  as possible. Hence Constance's white apron.","said Mr. Povey, still playing, but with his eye on the  street.    Constance sprang up eagerly. Then there was a knock on the door.  Constance opened, and an icy blast swept into the room. The postman  stood on the steps, his instrument for knocking",False
OWT_C00885,"Merry Christmas, ma'am!",342329,342354,the postman,,the postman,,DESCRIPTIVE,NONE,the postman,AFTER_QUOTE_DESCRIPTIVE,ATTRIBUTED_DIALOGUE_CANDIDATE,"door.  Constance opened, and an icy blast swept into the room. The postman  stood on the steps, his instrument for knocking (like a drumstick) in  one hand, a large bundle of letters in the other, and a yawning bag  across the pit of his stomach.","cried the postman, trying to keep warm by  cheerfulness.    Constance, taking the letters, responded, while Mr. Povey, playing the  harmonium with his right hand, drew half a crown from his pocket with  the left.    ""Here you are!"" he said, giving i",False
OWT_C00898,"What is that, Samuel?",347485,347508,Mrs. Baines,,Mrs. Baines,,NAMED,NONE,Mrs. Baines,AFTER_QUOTE_NAMED,ATTRIBUTED_DIALOGUE_CANDIDATE,"Maria's funeral, which  touched the extreme of modesty: a hearse and a one-horse coach. Mr.  Povey was glad, because he happened to be very busy. An hour before his  mother-in-law's departure he came into the parlour with the proof of a  poster.","asked Mrs. Baines, not dreaming of the blow  that awaited her.    ""It's for my first Annual Sale,"" replied Mr. Povey with false  tranquillity.    Mrs. Baines merely tossed her head. Constance, happily for Constance,  was not present at this final de",False
OWT_C00899,"It's for my first Annual Sale,",347575,347607,Mr. Povey with false  tranquillity.    Mrs.,,Mr. Povey with false tranquillity. Mrs,,NAMED,NONE,Mr. Povey with false tranquillity. Mrs,AFTER_QUOTE_NAMED,ATTRIBUTED_DIALOGUE_CANDIDATE,"r.  Povey was glad, because he happened to be very busy. An hour before his  mother-in-law's departure he came into the parlour with the proof of a  poster.    ""What is that, Samuel?"" asked Mrs. Baines, not dreaming of the blow  that awaited her.","replied Mr. Povey with false  tranquillity.    Mrs. Baines merely tossed her head. Constance, happily for Constance,  was not present at this final defeat of the old order. Had she been  there, she would certainly not have known where to look.    II",True
OWT_C00906,"Not so bad for a start, eh?",364336,364365,the great Daniel. Though by,,the great Daniel. Though by,,DESCRIPTIVE,NONE,the great Daniel. Though by,AFTER_QUOTE_DESCRIPTIVE,ATTRIBUTED_DIALOGUE_CANDIDATE,"of Samuel at the rate of quite six miles an hour.    Samuel picked him up, unscathed. And somehow this picking up of Dick  invested Samuel with importance, gave him a share in the glory of the  feat itself.    Daniel Povey same running and joyous.","exclaimed the great Daniel. Though by no means a simple man, his pride  in his offspring sometimes made him a little naive.    Father and son explained the machine to Samuel, Dick incessantly  repeating the exceedingly strange truth that if you fel",True
OWT_C00912,Well?,374989,374996,Constance,,Constance,,NAMED,NONE,Constance,AFTER_QUOTE_NAMED,ATTRIBUTED_DIALOGUE_CANDIDATE,"hich  gather up all the sadness of the moving earth and transform it into  beauty.    Samuel Povey turned the corner from Wedgwood Street, and crossed King  Street obliquely to the front-door, which Constance opened. He seemed  tired and anxious.","demanded Constance, as he entered.    ""She's no better. There's no getting away from it, she's worse. I  should have stayed, only I knew you'd be worrying. So I caught the  three-fifty.""    ""How is that Mrs. Gilchrist shaping as a nurse?""    ""She's",False
OWT_C00914,"She's very good,",375239,375257,Samuel,,Samuel,,NAMED,NONE,Samuel,AFTER_QUOTE_NAMED,ATTRIBUTED_DIALOGUE_CANDIDATE,"""Well?"" demanded Constance, as he entered.    ""She's no better. There's no getting away from it, she's worse. I  should have stayed, only I knew you'd be worrying. So I caught the  three-fifty.""    ""How is that Mrs. Gilchrist shaping as a nurse?""","said Samuel, with conviction. ""Very good!""    ""What a blessing! I suppose you didn't happen to see the doctor?""    ""Yes, I did.""    ""What did he say to you?""    Samuel gave a deprecating gesture. ""Didn't say anything particular.  With dropsy, at tha",False
OWT_C00925,Precious!,376432,376443,Amy,,Amy,,NAMED,NONE,Amy,AFTER_QUOTE_NAMED,ATTRIBUTED_DIALOGUE_CANDIDATE,"ter.    Constance dived into the recesses of the perambulator and extricated  from its cocoon the centre of the universe, and scrutinized him with  quiet passion, and then rushed with him into the house, though not a  drop of rain had yet fallen.","exclaimed Amy, in ecstasy, her young virginal eyes  following him till he disappeared. Then she wheeled away the  perambulator, which now had no more value nor interest than an  egg-shell. It was necessary to take it right round to the Brougham  Str",False
OWT_C00929,"You must give the girl time to take her things off,",377735,377788,Constance.,,Constance,,NAMED,NONE,Constance,AFTER_QUOTE_NAMED,ATTRIBUTED_DIALOGUE_CANDIDATE,"as though saying: ""I know that great sticking-out limb, and there is a  joke about it which no one but me can see, and which is my secret joy  that you shall never share.""    ""Tea ready?"" Samuel asked, resuming his gravity and his ordinary pose.","said Constance.  ""We'll have the table drawn, away from the fire, and baby can lie on  his shawl on the hearthrug while we're having tea."" Then to the baby,  in rapture: ""And play with his toys; all his nice, nice toys!""    ""You know Miss Insull is",False
OWT_C00934,"My dear girl,",380277,380292,Samuel,,Samuel,,NAMED,NONE,Samuel,AFTER_QUOTE_NAMED,ATTRIBUTED_DIALOGUE_CANDIDATE,"d her head. The words, clinching what had led up to them, drew  her from her dream and she saw, for a moment, her mother in an agony.    ""But you don't surely mean--?"" she began, trying to disperse the  painful vision as unjustified by the facts.","said Samuel, with head singing, and hot eyes, and a  consciousness of high tension in every nerve of his body, ""I simply  mean that if there's any sudden change they will telegraph.""    While they had tea, Samuel sitting opposite to his wife, and Mi",False
OWT_C00936,Does it?,383309,383319,Constance,,Constance,,NAMED,NONE,Constance,AFTER_QUOTE_NAMED,ATTRIBUTED_DIALOGUE_CANDIDATE,"uality. Width 20, t.a. 22 yards,"" Miss Insull read  out of a great book. She and Mr. Povey were checking stock.    And Mr. Povey responded, ""Black alpaca B quality. Width 20, t.a. 22  yards. It wants ten minutes yet."" He had glanced at the clock.","said Constance, well knowing that it wanted ten minutes.    The baby did not guess that a high invisible god named Samuel Povey,  whom nothing escaped, and who could do everything at once, was  controlling his universe from an inconceivable distance",False
OWT_C00940,"Excuse me,",391277,391289,Miss Insull,,Miss Insull,,NAMED,NONE,Miss Insull,AFTER_QUOTE_NAMED,ATTRIBUTED_DIALOGUE_CANDIDATE,"p. And  while Miss Insull and Samuel combined pounds, shillings, and pence,  whispering at great speed, she bent over the delicate, intimate,  wasteful handiwork, drawing the needle with slow exactitude. Then she  would raise her head and listen.","said Miss Insull, ""I think I hear baby crying.""    ""And two are eight and three are eleven. He must cry,"" said Mr. Povey,  rapidly, without looking up.    The baby's parents did not make a practice of discussing their domestic  existence even with M",False
OWT_C00942,"And two are eight and three are eleven. He must cry,",391341,391395,Mr. Povey,,Mr. Povey,,NAMED,NONE,Mr. Povey,AFTER_QUOTE_NAMED,ATTRIBUTED_DIALOGUE_CANDIDATE,"and pence,  whispering at great speed, she bent over the delicate, intimate,  wasteful handiwork, drawing the needle with slow exactitude. Then she  would raise her head and listen.    ""Excuse me,"" said Miss Insull, ""I think I hear baby crying.""","said Mr. Povey,  rapidly, without looking up.    The baby's parents did not make a practice of discussing their domestic  existence even with Miss Insull; but Constance had to justify herself  as a mother.    ""I've made perfectly sure he's comfortab",False
OWT_C00943,"I've made perfectly sure he's comfortable,",391605,391649,Constance.,,Constance,,NAMED,NONE,Constance,AFTER_QUOTE_NAMED,ATTRIBUTED_DIALOGUE_CANDIDATE,"ight and three are eleven. He must cry,"" said Mr. Povey,  rapidly, without looking up.    The baby's parents did not make a practice of discussing their domestic  existence even with Miss Insull; but Constance had to justify herself  as a mother.","said Constance. ""He's only  crying because he fancies he's neglected. And we think he can't begin  too early to learn.""    ""How right you are!"" said Miss Insull. ""Two and carry three.""    That distant, feeble, querulous, pitiful cry continued obstin",False
OWT_C00944,How right you are!,391773,391793,Miss Insull.,,Miss Insull,,NAMED,NONE,Miss Insull,AFTER_QUOTE_NAMED,ATTRIBUTED_DIALOGUE_CANDIDATE,"ence even with Miss Insull; but Constance had to justify herself  as a mother.    ""I've made perfectly sure he's comfortable,"" said Constance. ""He's only  crying because he fancies he's neglected. And we think he can't begin  too early to learn.""","said Miss Insull. ""Two and carry three.""    That distant, feeble, querulous, pitiful cry continued obstinately. It  continued for thirty minutes. Constance could not proceed with her  work. The cry disintegrated her will, dissolved her hard sagacity",False
OWT_C00947,"I'm just listening,",392424,392445,Constance.,,Constance,,NAMED,NONE,Constance,AFTER_QUOTE_NAMED,ATTRIBUTED_DIALOGUE_CANDIDATE,"then bounded up after her, startling  Fan. He shut the door on Miss Insull, but Fan was too quick for him. He  saw Constance with her hand on the bedroom door.    ""My dear girl,"" he protested, holding himself in. ""Now what ARE you  going to do?""","said Constance.    ""Do be reasonable and come downstairs.""    He spoke in a low voice, scarcely masking his nervous irritation, and  tiptoed along the corridor towards her and up the two steps past the  gas-burner. Fan followed, wagging her tail exp",False
OWT_C00951,A telegram!,393627,393640,Miss Insull.,,Miss Insull,,NAMED,NONE,Miss Insull,AFTER_QUOTE_NAMED,ATTRIBUTED_DIALOGUE_CANDIDATE,"It would have assuredly ended in a  quarrel, with Samuel glaring at her in black fury from the other side  of a bottomless chasm, had not Miss Insull most surprisingly burst up  the stairs.    Mr. Povey turned to face her, swallowing his emotion.","said Miss Insull. ""The postmaster brought it down  himself--""    ""What? Mr. Derry?"" asked Samuel, opening the telegram with an  affectation of majesty.    ""Yes. He said it was too late for delivery by rights. But as it seemed  very important ...""",False
OWT_C00952,What? Mr. Derry?,393706,393724,Samuel,,Samuel,,NAMED,NONE,Samuel,AFTER_QUOTE_NAMED,ATTRIBUTED_DIALOGUE_CANDIDATE,"k fury from the other side  of a bottomless chasm, had not Miss Insull most surprisingly burst up  the stairs.    Mr. Povey turned to face her, swallowing his emotion.    ""A telegram!"" said Miss Insull. ""The postmaster brought it down  himself--""","asked Samuel, opening the telegram with an  affectation of majesty.    ""Yes. He said it was too late for delivery by rights. But as it seemed  very important ...""    Samuel scanned it and nodded gravely; then gave it to his wife. Tears  came into he",False
OWT_C00953,"I'll get Cousin Daniel to drive me over at once,",393985,394035,Samuel,,Samuel,,NAMED,NONE,Samuel,AFTER_QUOTE_NAMED,ATTRIBUTED_DIALOGUE_CANDIDATE,"el, opening the telegram with an  affectation of majesty.    ""Yes. He said it was too late for delivery by rights. But as it seemed  very important ...""    Samuel scanned it and nodded gravely; then gave it to his wife. Tears  came into her eyes.","said Samuel, master  of himself and of the situation.    ""Wouldn't it be better to hire?"" Constance suggested. She had a  prejudice against Daniel.    Mr. Povey shook his head. ""He offered,"" he replied. ""I can't refuse his  offer.""    ""Put your thic",False
OWT_C00956,"Put your thick overcoat on, dear,",394271,394306,Constance,,Constance,,NAMED,NONE,Constance,AFTER_QUOTE_NAMED,ATTRIBUTED_DIALOGUE_CANDIDATE,"over at once,"" said Samuel, master  of himself and of the situation.    ""Wouldn't it be better to hire?"" Constance suggested. She had a  prejudice against Daniel.    Mr. Povey shook his head. ""He offered,"" he replied. ""I can't refuse his  offer.""","said Constance, in a dream,  descending with him.    ""I hope it isn't--"" Miss Insull stopped.    ""Yes it is, Miss Insull,"" said Samuel, deliberately.    In less than a minute he was gone.    Constance ran upstairs. But the cry had ceased. She turned",False
OWT_C00958,"Yes it is, Miss Insull,",394404,394429,Samuel,,Samuel,,NAMED,NONE,Samuel,AFTER_QUOTE_NAMED,ATTRIBUTED_DIALOGUE_CANDIDATE,"a  prejudice against Daniel.    Mr. Povey shook his head. ""He offered,"" he replied. ""I can't refuse his  offer.""    ""Put your thick overcoat on, dear,"" said Constance, in a dream,  descending with him.    ""I hope it isn't--"" Miss Insull stopped.","said Samuel, deliberately.    In less than a minute he was gone.    Constance ran upstairs. But the cry had ceased. She turned the  door-knob softly, slowly, and crept into the chamber. A night-light  made large shadows among the heavy mahogany and",False
OWT_C00970,"Amy,",410764,410770,Constance,,Constance,,NAMED,NONE,Constance,AFTER_QUOTE_NAMED,ATTRIBUTED_DIALOGUE_CANDIDATE,"abby uniform. ""My bell's at wum (home). I mun go and fetch my bell.  Yo' write it down on a bit o' paper for me so as I can read it, and  I'll foot off for my bell. Folk wouldna' listen to me if I hadna'  gotten my bell.""    Thus was Cyril cried.","said Constance, when she and the girl were alone, ""there's no  use in you standing blubbering there. Get to work and clear up that  drawing-room, do! The child is sure to be found soon. Your master's  gone out, too.""    Brave words! Constance aided",False
OWT_C00971,Stand away!,411489,411502,Mr. Povey.,,Mr. Povey,,NAMED,NONE,Mr. Povey,AFTER_QUOTE_NAMED,ATTRIBUTED_DIALOGUE_CANDIDATE,"the two cellars to the yard and to  Brougham Street. He was carrying in his arms an obscene black mass.  This mass was Cyril, once white.    Constance screamed. She was at liberty to give way to her feelings,  because Amy happened to be upstairs.","cried Mr. Povey. ""He isn't fit to touch.""    And Mr. Povey made as if to pass directly onward, ignoring the mother.    ""Wherever did you find him?""    ""I found him in the far cellar,"" said Mr. Povey, compelled to stop,  after all. ""He was down there",False
OWT_C00974,"I found him in the far cellar,",411654,411686,Mr. Povey,,Mr. Povey,,NAMED,NONE,Mr. Povey,AFTER_QUOTE_NAMED,ATTRIBUTED_DIALOGUE_CANDIDATE,"was at liberty to give way to her feelings,  because Amy happened to be upstairs.    ""Stand away!"" cried Mr. Povey. ""He isn't fit to touch.""    And Mr. Povey made as if to pass directly onward, ignoring the mother.    ""Wherever did you find him?""","said Mr. Povey, compelled to stop,  after all. ""He was down there with me yesterday, and it just occurred  to me that he might have gone there again.""    ""What! All in the dark?""    ""He'd lighted a candle, if you please! I'd left a candle-stick and",False
OWT_C00977,Can't you?,412091,412103,Mr. Povey,,Mr. Povey,,NAMED,NONE,Mr. Povey,AFTER_QUOTE_NAMED,ATTRIBUTED_DIALOGUE_CANDIDATE,"""What! All in the dark?""    ""He'd lighted a candle, if you please! I'd left a candle-stick and a  box of matches handy because I hadn't finished that shelving.""    ""Well!"" Constance murmured. ""I can't think how ever he dared go there  all alone!""","said Mr. Povey, cynically. ""I can. He simply did it to  frighten us.""    ""Oh, Cyril!"" Constance admonished the child. ""Cyril!""    The child showed no emotion. His face was an enigma. It might have  hidden sullenness or mere callous indifference, or",False
OWT_C00980,"Give him to me,",412391,412408,Constance.,,Constance,,NAMED,NONE,Constance,AFTER_QUOTE_NAMED,ATTRIBUTED_DIALOGUE_CANDIDATE,"simply did it to  frighten us.""    ""Oh, Cyril!"" Constance admonished the child. ""Cyril!""    The child showed no emotion. His face was an enigma. It might have  hidden sullenness or mere callous indifference, or a perfect  unconsciousness of sin.","said Constance.    ""I'll look after him this evening,"" said Samuel, grimly.    ""But you can't wash him,"" said Constance, her relief yielding to  apprehension.    ""Why not?"" demanded Mr. Povey. And he moved off.    ""But Sam--""    ""I'll look after him",False
OWT_C00981,"I'll look after him this evening,",412428,412463,Samuel,,Samuel,,NAMED,NONE,Samuel,AFTER_QUOTE_NAMED,ATTRIBUTED_DIALOGUE_CANDIDATE,"Oh, Cyril!"" Constance admonished the child. ""Cyril!""    The child showed no emotion. His face was an enigma. It might have  hidden sullenness or mere callous indifference, or a perfect  unconsciousness of sin.    ""Give him to me,"" said Constance.","said Samuel, grimly.    ""But you can't wash him,"" said Constance, her relief yielding to  apprehension.    ""Why not?"" demanded Mr. Povey. And he moved off.    ""But Sam--""    ""I'll look after him, I tell you!"" Mr. Povey repeated, threateningly.    ""B",False
OWT_C00982,"But you can't wash him,",412488,412513,Constance,,Constance,,NAMED,NONE,Constance,AFTER_QUOTE_NAMED,ATTRIBUTED_DIALOGUE_CANDIDATE,"child showed no emotion. His face was an enigma. It might have  hidden sullenness or mere callous indifference, or a perfect  unconsciousness of sin.    ""Give him to me,"" said Constance.    ""I'll look after him this evening,"" said Samuel, grimly.","said Constance, her relief yielding to  apprehension.    ""Why not?"" demanded Mr. Povey. And he moved off.    ""But Sam--""    ""I'll look after him, I tell you!"" Mr. Povey repeated, threateningly.    ""But what are you going to do?"" Constance asked with",False
OWT_C00983,Why not?,412571,412581,Mr. Povey. And he moved off.,,Mr. Povey. And he moved off,,NAMED,NONE,Mr. Povey. And he moved off,AFTER_QUOTE_NAMED,ATTRIBUTED_DIALOGUE_CANDIDATE,"r mere callous indifference, or a perfect  unconsciousness of sin.    ""Give him to me,"" said Constance.    ""I'll look after him this evening,"" said Samuel, grimly.    ""But you can't wash him,"" said Constance, her relief yielding to  apprehension.","demanded Mr. Povey. And he moved off.    ""But Sam--""    ""I'll look after him, I tell you!"" Mr. Povey repeated, threateningly.    ""But what are you going to do?"" Constance asked with fear.    ""Well,"" said Mr. Povey, ""has this sort of thing got to be",True
OWT_C00987,"Well,",412773,412780,Mr. Povey,,Mr. Povey,,NAMED,NONE,Mr. Povey,AFTER_QUOTE_NAMED,ATTRIBUTED_DIALOGUE_CANDIDATE,"tance, her relief yielding to  apprehension.    ""Why not?"" demanded Mr. Povey. And he moved off.    ""But Sam--""    ""I'll look after him, I tell you!"" Mr. Povey repeated, threateningly.    ""But what are you going to do?"" Constance asked with fear.","said Mr. Povey, ""has this sort of thing got to be dealt with,  or hasn't it?"" He departed upstairs.    Constance overtook him at the door of Cyril's bedroom.    Mr. Povey did not wait for her to speak. His eyes were blazing.    ""See here!"" he admoni",False
OWT_C00990,"He's in bed now,",413894,413912,Mr. Povey,,Mr. Povey,,NAMED,NONE,Mr. Povey,AFTER_QUOTE_NAMED,ATTRIBUTED_DIALOGUE_CANDIDATE,il  was found. Somehow she could not resist the instinct to tell her also  that the master had the affair in hand. Amy then wept.    After about an hour Mr. Povey at last reappeared. Constance was trying  to count silver teaspoons in the parlour.,"said Mr. Povey, with a magnificent attempt to be  nonchalant. ""You mustn't go near him.""    ""But have you washed him?"" Constance whimpered.    ""I've washed him,"" replied the astonishing Mr. Povey.    ""What have you done to him?""    ""I've punished hi",False
OWT_C00993,"I've washed him,",414056,414074,the astonishing Mr. Povey.,,the astonishing Mr. Povey,,DESCRIPTIVE,NONE,the astonishing Mr. Povey,AFTER_QUOTE_DESCRIPTIVE,ATTRIBUTED_DIALOGUE_CANDIDATE,"at last reappeared. Constance was trying  to count silver teaspoons in the parlour.    ""He's in bed now,"" said Mr. Povey, with a magnificent attempt to be  nonchalant. ""You mustn't go near him.""    ""But have you washed him?"" Constance whimpered.","replied the astonishing Mr. Povey.    ""What have you done to him?""    ""I've punished him, of course,"" said Mr. Povey, like a god who is above  human weaknesses. ""What did you expect me to do? Someone had to do it.""    Constance wiped her eyes with t",False
OWT_C00995,"I've punished him, of course,",414145,414176,Mr. Povey,,Mr. Povey,,NAMED,NONE,Mr. Povey,AFTER_QUOTE_NAMED,ATTRIBUTED_DIALOGUE_CANDIDATE,"He's in bed now,"" said Mr. Povey, with a magnificent attempt to be  nonchalant. ""You mustn't go near him.""    ""But have you washed him?"" Constance whimpered.    ""I've washed him,"" replied the astonishing Mr. Povey.    ""What have you done to him?""","said Mr. Povey, like a god who is above  human weaknesses. ""What did you expect me to do? Someone had to do it.""    Constance wiped her eyes with the edge of the white apron which she was  wearing over her new silk dress. She surrendered; she accept",False
OWT_C00998,"Why, of course!",415195,415212,Mr. Povey,,Mr. Povey,,NAMED,NONE,Mr. Povey,AFTER_QUOTE_NAMED,ATTRIBUTED_DIALOGUE_CANDIDATE,"yet Samuel seemed a strange,  unknown man. It was in Constance's life one of those crises when the  human soul seems to be on the very brink of mysterious and  disconcerting cognitions, and then, the wave recedes as inexplicably as  it surged up.","said Mr. Povey, turning away lightly, as though to  imply that she was making tragedies out of nothing.    She gave an involuntary gesture of almost childish relief.    Cyril slept calmly. It was a triumph for Mr. Povey.    Constance could not sleep",False
OWT_C01001,"You ought to be ashamed of yourself,",417299,417337,Amy.,,Amy,,NAMED,NONE,Amy,AFTER_QUOTE_NAMED,ATTRIBUTED_DIALOGUE_CANDIDATE,"ron, was setting the breakfast table. The boy turned  his head, still bending.    ""Shut up, Ame,"" he replied, smiling. Life being short, he usually  called her Ame when they were alone together. ""Or I'll catch you one in  the eye with the poker.""","said Amy. ""And you know your  mother told you to wash your feet this morning, and you haven't done.  Fine clothes is all very well, but--""    ""Who says I haven't washed my feet?"" asked Cyril, guiltily.    Amy's mention of fine clothes referred to th",False
OWT_C01002,Who says I haven't washed my feet?,417480,417516,Cyril,,Cyril,,NAMED,NONE,Cyril,AFTER_QUOTE_NAMED,ATTRIBUTED_DIALOGUE_CANDIDATE,"one together. ""Or I'll catch you one in  the eye with the poker.""    ""You ought to be ashamed of yourself,"" said Amy. ""And you know your  mother told you to wash your feet this morning, and you haven't done.  Fine clothes is all very well, but--""","asked Cyril, guiltily.    Amy's mention of fine clothes referred to the fact that he was that  morning wearing his Sunday suit for the first time on a week-day.    ""I say you haven't,"" said Amy.    She was more than three times his age still, but th",False
OWT_C01004,And how do you know?,417836,417858,Cyril,,Cyril,,NAMED,NONE,Cyril,AFTER_QUOTE_NAMED,ATTRIBUTED_DIALOGUE_CANDIDATE,"he fact that he was that  morning wearing his Sunday suit for the first time on a week-day.    ""I say you haven't,"" said Amy.    She was more than three times his age still, but they had been treating  each other as intellectual equals for years.","asked Cyril, tired of the fire.    ""I know,"" said Amy.    ""Well, you just don't, then!"" said Cyril. ""And what about YOUR feet? I  should be sorry to see your feet, Ame.""    Amy was excusably annoyed. She tossed her head. ""My feet are as clean  as yo",False
OWT_C01005,"I know,",417894,417903,Amy.,,Amy,,NAMED,NONE,Amy,AFTER_QUOTE_NAMED,ATTRIBUTED_DIALOGUE_CANDIDATE,"for the first time on a week-day.    ""I say you haven't,"" said Amy.    She was more than three times his age still, but they had been treating  each other as intellectual equals for years.    ""And how do you know?"" asked Cyril, tired of the fire.","said Amy.    ""Well, you just don't, then!"" said Cyril. ""And what about YOUR feet? I  should be sorry to see your feet, Ame.""    Amy was excusably annoyed. She tossed her head. ""My feet are as clean  as yours any day,"" she said. ""And I shall tell you",False
OWT_C01006,"Well, you just don't, then!",417917,417946,Cyril.,,Cyril,,NAMED,NONE,Cyril,AFTER_QUOTE_NAMED,ATTRIBUTED_DIALOGUE_CANDIDATE,"week-day.    ""I say you haven't,"" said Amy.    She was more than three times his age still, but they had been treating  each other as intellectual equals for years.    ""And how do you know?"" asked Cyril, tired of the fire.    ""I know,"" said Amy.","said Cyril. ""And what about YOUR feet? I  should be sorry to see your feet, Ame.""    Amy was excusably annoyed. She tossed her head. ""My feet are as clean  as yours any day,"" she said. ""And I shall tell your mother.""    But he would not leave her fe",False
OWT_C01027,"Let me see,",423785,423798,Samuel,,Samuel,,NAMED,NONE,Samuel,AFTER_QUOTE_NAMED,ATTRIBUTED_DIALOGUE_CANDIDATE,"t of his father as a man who, in response to any  request, always began by answering with a thoughtful, serious 'No, I'm  afraid not.'    ""So you haven't lost your appetite!"" his mother commented.    Cyril grinned. ""Did you expect me to, mother?""","said Samuel, as if vaguely recalling an unimportant fact.  ""It's to-day you begin to go to school, isn't it?""    ""I wish father wouldn't be such a chump!"" Cyril reflected. And,  considering that this commencement of school (real school, not a girls'",False
OWT_C01030,"Now, there's one thing you must always remember, my boy,",424217,424275,Mr.  Povey.,,Mr. Povey,,NAMED,NONE,Mr. Povey,AFTER_QUOTE_NAMED,ATTRIBUTED_DIALOGUE_CANDIDATE,"ed. And,  considering that this commencement of school (real school, not a girls'  school, as once) had been the chief topic in the house for days, weeks;  considering that it now occupied and filled all hearts, Cyril's  reflection was excusable.","said Mr.  Povey. ""Promptness. Never be late either in going to school or in  coming home. And in order that you may have no excuse""--Mr. Povey  pressed on the word 'excuse' as though condemning Cyril in  advance--""here's something for you!"" He said",False
OWT_C01047,Come back home!,444294,444311,Mr. Povey,,Mr. Povey,,NAMED,NONE,Mr. Povey,AFTER_QUOTE_NAMED,ATTRIBUTED_DIALOGUE_CANDIDATE,"ements in the shop after Cyril's departure to school, jammed his hat  on his head and ran forth in pursuit of Cyril, whom he intercepted with  two other boys, at the corner of Oldcastle Street and Acre Passage.    Cyril stood as if turned into salt.","said Mr. Povey,  grimly; and for the sake of the other boys: ""Please.""    ""But I shall be late for school, father,"" Cyril weakly urged.    ""Never mind.""    They passed through the shop together, causing a terrific concealed  emotion, and then they d",False
OWT_C01059,"It's part of what mother gave me,",446151,446186,the boy.,,the boy,,DESCRIPTIVE,NONE,the boy,AFTER_QUOTE_DESCRIPTIVE,ATTRIBUTED_DIALOGUE_CANDIDATE,", offered no reply.    ""You heard what I said,"" Mr. Povey thundered.    ""I've got three-halfpence,"" Cyril murmured glumly, looking down at the  floor. His lower lip seemed to hang precariously away from his gums.    ""Where did you get that from?""","said the boy.    ""I did give him a threepenny bit last week,"" Constance put in guiltily.  ""It was a long time since he had had any money.""    ""If you gave it him, that's enough,"" said Mr. Povey, quickly, and to  the boy: ""That's all you've got?""",False
OWT_C01062,"If you gave it him, that's enough,",446329,446365,Mr. Povey,,Mr. Povey,,NAMED,NONE,Mr. Povey,AFTER_QUOTE_NAMED,ATTRIBUTED_DIALOGUE_CANDIDATE,"g precariously away from his gums.    ""Where did you get that from?""    ""It's part of what mother gave me,"" said the boy.    ""I did give him a threepenny bit last week,"" Constance put in guiltily.  ""It was a long time since he had had any money.""","said Mr. Povey, quickly, and to  the boy: ""That's all you've got?""    ""Yes, father,"" said the boy.    ""You're sure?""    ""Yes, father.""    Cyril was playing a hazardous game for the highest stakes, and under  grave disadvantages; and he acted for the",False
OWT_C01064,"Yes, father,",446436,446450,the boy.,,the boy,,DESCRIPTIVE,NONE,the boy,AFTER_QUOTE_DESCRIPTIVE,ATTRIBUTED_DIALOGUE_CANDIDATE,"said the boy.    ""I did give him a threepenny bit last week,"" Constance put in guiltily.  ""It was a long time since he had had any money.""    ""If you gave it him, that's enough,"" said Mr. Povey, quickly, and to  the boy: ""That's all you've got?""","said the boy.    ""You're sure?""    ""Yes, father.""    Cyril was playing a hazardous game for the highest stakes, and under  grave disadvantages; and he acted for the best. He guarded his own  interests as well as he could.    Mr. Povey found himself",False
OWT_C01067,"Cyril,",446846,446854,Constance,,Constance,,NAMED,NONE,Constance,AFTER_QUOTE_NAMED,ATTRIBUTED_DIALOGUE_CANDIDATE,"nd he acted for the best. He guarded his own  interests as well as he could.    Mr. Povey found himself obliged to take a serious risk. ""Empty your  pockets, then.""    Cyril, perceiving that he had lost that particular game, emptied his  pockets.","said Constance, ""how often have I told you to change your  handkerchiefs oftener! Just look at this!""    Astonishing creature! She was in the seventh hell of sick apprehension,  and yet she said that!    After the handkerchief emerged the common sch",False
OWT_C01069,"Give it your mother,",447247,447269,Mr. Povey.    The boy stepped forward,,Mr. Povey. The boy stepped forward,,NAMED,NONE,Mr. Povey. The boy stepped forward,AFTER_QUOTE_NAMED,ATTRIBUTED_DIALOGUE_CANDIDATE,"seventh hell of sick apprehension,  and yet she said that!    After the handkerchief emerged the common schoolboy stock of articles  useful and magic, and then, last, a silver florin!    Mr. Povey felt relief.    ""Oh, Cyril!"" whimpered Constance.","said Mr. Povey.    The boy stepped forward awkwardly, and Constance, weeping, took the  coin.    ""Please look at it, mother,"" said Mr. Povey. ""And tell me if there's a  cross marked on it.""    Constance's tears blurred the coin. She had to wipe her",True
OWT_C01070,"Please look at it, mother,",447367,447395,Mr. Povey.,,Mr. Povey,,NAMED,NONE,Mr. Povey,AFTER_QUOTE_NAMED,ATTRIBUTED_DIALOGUE_CANDIDATE,"of articles  useful and magic, and then, last, a silver florin!    Mr. Povey felt relief.    ""Oh, Cyril!"" whimpered Constance.    ""Give it your mother,"" said Mr. Povey.    The boy stepped forward awkwardly, and Constance, weeping, took the  coin.","said Mr. Povey. ""And tell me if there's a  cross marked on it.""    Constance's tears blurred the coin. She had to wipe her eyes.    ""Yes,"" she whispered faintly. ""There's something on it.""    ""I thought so,"" said Mr. Povey. ""Where did you steal it f",False
OWT_C01073,"I thought so,",447588,447603,Mr. Povey.,,Mr. Povey,,NAMED,NONE,Mr. Povey,AFTER_QUOTE_NAMED,ATTRIBUTED_DIALOGUE_CANDIDATE,"weeping, took the  coin.    ""Please look at it, mother,"" said Mr. Povey. ""And tell me if there's a  cross marked on it.""    Constance's tears blurred the coin. She had to wipe her eyes.    ""Yes,"" she whispered faintly. ""There's something on it.""","said Mr. Povey. ""Where did you steal it from?"" he  demanded.    ""Out of the till,"" answered Cyril.    ""Have you ever stolen anything out of the till before?""    ""Yes.""    ""Yes, what.""    ""Yes, father.""    ""Take your hands out of your pockets and sta",False
OWT_C01075,"Out of the till,",447668,447686,Cyril.,,Cyril,,NAMED,NONE,Cyril,AFTER_QUOTE_NAMED,ATTRIBUTED_DIALOGUE_CANDIDATE,"ell me if there's a  cross marked on it.""    Constance's tears blurred the coin. She had to wipe her eyes.    ""Yes,"" she whispered faintly. ""There's something on it.""    ""I thought so,"" said Mr. Povey. ""Where did you steal it from?"" he  demanded.","answered Cyril.    ""Have you ever stolen anything out of the till before?""    ""Yes.""    ""Yes, what.""    ""Yes, father.""    ""Take your hands out of your pockets and stand up straight, if you can.  How often?""    ""I--I don't know, father.""    ""I blame",False
OWT_C01081,"I blame myself,",447927,447944,Mr. Povey,,Mr. Povey,,NAMED,NONE,Mr. Povey,AFTER_QUOTE_NAMED,ATTRIBUTED_DIALOGUE_CANDIDATE,"he till,"" answered Cyril.    ""Have you ever stolen anything out of the till before?""    ""Yes.""    ""Yes, what.""    ""Yes, father.""    ""Take your hands out of your pockets and stand up straight, if you can.  How often?""    ""I--I don't know, father.""","said Mr. Povey, frankly. ""I blame myself. The till  ought always to be locked. All tills ought always to be locked. But we  felt we could trust the assistants. If anybody had told me that I ought  not to trust you, if anybody had told me that my own",False
OWT_C01086,Oh!,449738,449743,Mr. Povey.,,Mr. Povey,,NAMED,NONE,Mr. Povey,AFTER_QUOTE_NAMED,ATTRIBUTED_DIALOGUE_CANDIDATE,"oung criminals.    ""And how have you been spending this money?"" Mr. Povey inquired.    Cyril's hands slipped into his pockets again. Then, noticing the lapse,  he dragged them out.    ""Sweets,"" said he.    ""Anything else?""    ""Sweets and things.""","said Mr. Povey. ""Well, now you can go down into the cinder-cellar  and bring up here all the things there are in that little box in the  corner. Off you go!""    And off went Cyril. He had to swagger through the kitchen.    ""What did I tell you, Mast",False
OWT_C01092,I never dreamt of such a thing!,453274,453307,Constance,,Constance,,NAMED,NONE,Constance,AFTER_QUOTE_NAMED,ATTRIBUTED_DIALOGUE_CANDIDATE,"happen, he must improve  the occasion.    ""Here we have trade getting worse every day,"" said he (it was true),  ""and you are robbing your parents to make a beast of yourself, and  corrupting your companions! I wonder your mother never smelt you!""","said Constance, grievously.    Besides, a young man clever enough to rob a till is usually clever  enough to find out that the secret of safety in smoking is to use  cachous and not to keep the stuff in your pockets a minute longer than  you can hel",False
OWT_C01093,"There's no knowing how much money you have stolen,",453563,453615,Mr. Povey.,,Mr. Povey,,NAMED,NONE,Mr. Povey,AFTER_QUOTE_NAMED,ATTRIBUTED_DIALOGUE_CANDIDATE,"Constance, grievously.    Besides, a young man clever enough to rob a till is usually clever  enough to find out that the secret of safety in smoking is to use  cachous and not to keep the stuff in your pockets a minute longer than  you can help.","said Mr. Povey. ""A  thief!""    If Cyril had stolen cakes, jam, string, cigars, Mr. Povey would never  have said 'thief' as he did say it. But money! Money was different. And  a till was not a cupboard or a larder. A till was a till. Cyril had  struc",False
OWT_C01108,Hear that?,457709,457721,Cyril,,Cyril,,NAMED,NONE,Cyril,AFTER_QUOTE_NAMED,ATTRIBUTED_DIALOGUE_CANDIDATE,"guilt for long periods, nevertheless the convention of his leprosy had  more or less persisted with Samuel until that moment: when it vanished  with strange suddenness, to Samuel's conscious relief.    There was a rain of pellets on the window.","demanded Cyril, whispering dramatically. ""And it's been  like that on my window too.""    Samuel arose. ""Go back to your room!"" he ordered in the same dramatic  whisper; but not as father to son--rather as conspirator to conspirator.    Constance sle",False
OWT_C01112,"Yes,",459054,459060,Samuel,,Samuel,,NAMED,NONE,Samuel,AFTER_QUOTE_NAMED,ATTRIBUTED_DIALOGUE_CANDIDATE,"o a father and  son when they are afoot together upon an enterprise unsuspected by the  woman from whom their lives have no secrets.    Samuel put his head out of the window.    A man was standing there.    ""That you, Samuel?"" The voice came low.","replied Samuel, cautiously. ""It's not Cousin Daniel, is it?""    ""I want ye,"" said Daniel Povey, curtly.    Samuel paused. ""I'll be down in a minute,"" he said.    Cyril at length received the command to get back into bed at once.    ""Whatever's up, f",False
OWT_C01114,"I want ye,",459125,459137,Daniel Povey,,Daniel Povey,,NAMED,NONE,Daniel Povey,AFTER_QUOTE_NAMED,ATTRIBUTED_DIALOGUE_CANDIDATE,"uspected by the  woman from whom their lives have no secrets.    Samuel put his head out of the window.    A man was standing there.    ""That you, Samuel?"" The voice came low.    ""Yes,"" replied Samuel, cautiously. ""It's not Cousin Daniel, is it?""","said Daniel Povey, curtly.    Samuel paused. ""I'll be down in a minute,"" he said.    Cyril at length received the command to get back into bed at once.    ""Whatever's up, father?"" he asked joyously.    ""I don't know. I must put some things on and go",False
OWT_C01120,"Yes,",459620,459626,Mr. Povey,,Mr. Povey,,NAMED,NONE,Mr. Povey,AFTER_QUOTE_NAMED,ATTRIBUTED_DIALOGUE_CANDIDATE,"things on and go and see.""    He shut down the window on all the breezes that were pouring into the  room.    ""Now quick, before I turn the gas out!"" he admonished, his hand on the  gas-tap.    ""You'll tell me in the morning, won't you, father?""","said Mr. Povey, conquering his habitual impulse to say 'No.'    He crept back to the large bedroom to grope for clothes.    When, having descended to the parlour and lighted the gas there, he  opened the side-door, expecting to let Cousin Daniel in,",False
OWT_C01121,"Good-night, officer! Brrr!",460859,460887,Mr. Povey,,Mr. Povey,,NAMED,NONE,Mr. Povey,AFTER_QUOTE_NAMED,ATTRIBUTED_DIALOGUE_CANDIDATE,"te  shutters one by one as in the sixteenth century. The little portal in  the vast sheet of armour was ajar, and Daniel had passed into the gloom  beyond. At the same moment a policeman came along on his beat, cutting  off Mr. Povey from Daniel.","said Mr. Povey, gathering his dignity  about him and holding himself as though it was part of his normal habit  to take exercise bareheaded and collarless in St. Luke's Square on cold  November nights. He behaved so because, if Daniel had desired th",False
OWT_C01122,"Goo' night, sir,",461216,461234,the policeman,,the policeman,,DESCRIPTIVE,NONE,the policeman,AFTER_QUOTE_DESCRIPTIVE,ATTRIBUTED_DIALOGUE_CANDIDATE,"it was part of his normal habit  to take exercise bareheaded and collarless in St. Luke's Square on cold  November nights. He behaved so because, if Daniel had desired the  services of a policeman, Daniel would of course have spoken to this one.","said the policeman, after recognizing him.    ""What time is it?"" asked Samuel, bold.    ""A quarter-past one, sir.""    The policeman, leaving Samuel at the little open door, went forward  across the lamplit Square, and Samuel entered his cousin's sho",False
OWT_C01123,What time is it?,461281,461299,Samuel,,Samuel,,NAMED,NONE,Samuel,AFTER_QUOTE_NAMED,ATTRIBUTED_DIALOGUE_CANDIDATE,"collarless in St. Luke's Square on cold  November nights. He behaved so because, if Daniel had desired the  services of a policeman, Daniel would of course have spoken to this one.    ""Goo' night, sir,"" said the policeman, after recognizing him.","asked Samuel, bold.    ""A quarter-past one, sir.""    The policeman, leaving Samuel at the little open door, went forward  across the lamplit Square, and Samuel entered his cousin's shop.    Daniel Povey was standing behind the door, and as Samuel ca",False
OWT_C01128,"N--no,",462319,462327,Samuel.,,Samuel,,NAMED,NONE,Samuel,AFTER_QUOTE_NAMED,ATTRIBUTED_DIALOGUE_CANDIDATE,"man seized him with one hand by the  shoulder in a grip that convicted Samuel of frailty.    ""Look here, Sam'l,"" said he in his low, pleasant voice, somewhat  altered by excitement. ""You know as my wife drinks?""    He stared defiantly at Samuel.","said Samuel. ""That is--no one's ever SAID----""    This was true. He did not know that Mrs. Daniel Povey, at the age of  fifty, had definitely taken to drink. There had been rumours that she  enjoyed a glass with too much gusto; but 'drinks' meant mo",False
OWT_C01132,"I'm very sorry to hear it,",462670,462698,Samuel,,Samuel,,NAMED,NONE,Samuel,AFTER_QUOTE_NAMED,ATTRIBUTED_DIALOGUE_CANDIDATE,"aniel Povey, at the age of  fifty, had definitely taken to drink. There had been rumours that she  enjoyed a glass with too much gusto; but 'drinks' meant more than that.    ""She drinks,"" Daniel Povey continued. ""And has done this last two year!""","said Samuel, tremendously shocked by this  brutal rending of the cloak of decency.    Always, everybody had feigned to Daniel, and Daniel had feigned to  everybody, that his wife was as other wives. And now the man himself  had torn to pieces in a m",False
OWT_C01151,"Not yet,",466077,466087,Daniel,,Daniel,,NAMED,NONE,Daniel,AFTER_QUOTE_NAMED,ATTRIBUTED_DIALOGUE_CANDIDATE,", complaining wail from an upper  floor.    ""That's Dick! That is!"" said Daniel Povey.    It sounded more like the distress of a child than of an adventurous  young man of twenty-four or so.    ""But is he in pain? Haven't you fetched the doctor?""","answered Daniel, with a vacant stare.    Samuel gazed at him closely for a second. And Daniel seemed to him very  old and helpless and pathetic, a man unequal to the situation in which  he found himself; and yet, despite the dignified snow of his ag",False
OWT_C01152,"I'll just run upstairs and have a look at him,",466741,466789,Samuel,,Samuel,,NAMED,NONE,Samuel,AFTER_QUOTE_NAMED,ATTRIBUTED_DIALOGUE_CANDIDATE,"ke charge, and I must."" And all the courageous resolution of  his character braced itself to the crisis. Being without a collar,  being in slippers, and his suspenders imperfectly fastened  anyhow,--these things seemed to be a part of the crisis.","said Samuel, in a  matter-of-fact tone.    Daniel did not reply.    There was a glimmer at the top of the stairs. Samuel mounted, found the  gas-jet, and turned it on full. A dingy, dirty, untidy passage was  revealed, the very antechamber of discom",False
OWT_C01155,"He's coming, he's coming,",467839,467866,Samuel,,Samuel,,NAMED,NONE,Samuel,AFTER_QUOTE_NAMED,ATTRIBUTED_DIALOGUE_CANDIDATE,"sweating; his tousled brown hair was limp with  sweat.    ""Where the hell's the doctor?"" the young man demanded brusquely.  Evidently he had no curiosity about Samuel's presence; the one thing  that struck him was that Samuel was not the doctor.","said Samuel, soothingly.    ""Well, if he isn't here soon I shall be damn well dead,"" said Dick, in  feeble resentful anger. ""I can tell you that.""    Samuel deposited the candle and ran downstairs. ""I say, Daniel,"" he  said, roused and hot, ""this is",False
OWT_C01156,"Well, if he isn't here soon I shall be damn well dead,",467895,467951,Dick,,Dick,,NAMED,NONE,Dick,AFTER_QUOTE_NAMED,ATTRIBUTED_DIALOGUE_CANDIDATE,"""Where the hell's the doctor?"" the young man demanded brusquely.  Evidently he had no curiosity about Samuel's presence; the one thing  that struck him was that Samuel was not the doctor.    ""He's coming, he's coming,"" said Samuel, soothingly.","said Dick, in  feeble resentful anger. ""I can tell you that.""    Samuel deposited the candle and ran downstairs. ""I say, Daniel,"" he  said, roused and hot, ""this is really ridiculous. Why on earth didn't  you fetch the doctor while you were waiting",False
OWT_C01162,"Happen you'd better go and have a look at her,",468644,468692,Daniel Povey.,,Daniel Povey,,NAMED,NONE,Daniel Povey,AFTER_QUOTE_NAMED,ATTRIBUTED_DIALOGUE_CANDIDATE,"hop. He had provisioned himself with Indian corn  as ammunition for Samuel's bedroom window; he was now returning the  surplus.    ""Are ye going for Harrop?"" he questioned hesitatingly.    ""Why, of course!"" Samuel exclaimed. ""Where's the missis?""","said Daniel Povey.  ""She's in th' parlour.""    He preceded Samuel to the shut door on the right. When he opened it the  parlour appeared in full illumination.    ""Here! Go in!"" said Daniel.    Samuel went in, afraid. In a room as dishevelled and fil",False
OWT_C01166,"Ay, Sam'l, lad!",470264,470281,the old man from the,,the old man from the,,DESCRIPTIVE,NONE,the old man from the,AFTER_QUOTE_DESCRIPTIVE,ATTRIBUTED_DIALOGUE_CANDIDATE,"retty, artificial, coquettish, and adamantine in her  caprices as a young harlot with a fool at her feet. Time and the slow  wrath of God had changed her.    He remained master of himself and approached her; then stopped.    ""But--"" he stammered.","said the old man from the door. ""I doubt I've killed  her! I doubt I've killed her! I took and shook her. I got her by the  neck. And before I knew where I was, I'd done it. She'll never drink  brandy again. This is what it's come to!""    He moved a",True
OWT_C01171,"You come in, sergeant,",472767,472791,Daniel.,,Daniel,,NAMED,NONE,Daniel,AFTER_QUOTE_NAMED,ATTRIBUTED_DIALOGUE_CANDIDATE,"re. Of the sixty  policemen in Bursley, just he had been chosen by fate to fit the socket  of destiny. He was startled.    ""What's this, what's this, Mr. Povey?"" he turned hastily to Samuel.  ""What's this as Mr. Councillor Povey is a-telling me?""","said Daniel.    ""If I come in,"" said the policeman to Samuel, ""you mun' go along  Wedgwood Street, Mr. Povey, and bring my mate. He should be on Duck  Bank, by rights.""    It was astonishing, when once the stone had begun to roll, how quickly  it ra",False
OWT_C01172,"If I come in,",472808,472823,the policeman to Samuel,,the policeman to Samuel,,DESCRIPTIVE,NONE,the policeman to Samuel,AFTER_QUOTE_DESCRIPTIVE,ATTRIBUTED_DIALOGUE_CANDIDATE,"ust he had been chosen by fate to fit the socket  of destiny. He was startled.    ""What's this, what's this, Mr. Povey?"" he turned hastily to Samuel.  ""What's this as Mr. Councillor Povey is a-telling me?""    ""You come in, sergeant,"" said Daniel.","said the policeman to Samuel, ""you mun' go along  Wedgwood Street, Mr. Povey, and bring my mate. He should be on Duck  Bank, by rights.""    It was astonishing, when once the stone had begun to roll, how quickly  it ran. In half an hour Samuel had ac",False
OWT_C01175,"Your muffler--I'll get it,",474209,474237,Constance.,,Constance,,NAMED,NONE,Constance,AFTER_QUOTE_NAMED,ATTRIBUTED_DIALOGUE_CANDIDATE,"And with it all he felt, too, a certain officious self-importance, as  he woke his wife and essayed to break the news to her in a manner  tactfully calm. He had assisted at the most overwhelming event ever  known in the history of the town.    II","said Constance. ""Cyril, run upstairs and  get father's muffler. You know the drawer.""    Cyril ran. It behoved everybody, that morning, to be prompt and  efficient.    ""I don't need any muffler, thank you,"" said Samuel, coughing and  smothering the",False
OWT_C01176,"I don't need any muffler, thank you,",474406,474444,Samuel,,Samuel,,NAMED,NONE,Samuel,AFTER_QUOTE_NAMED,ATTRIBUTED_DIALOGUE_CANDIDATE,"ent ever  known in the history of the town.    II    ""Your muffler--I'll get it,"" said Constance. ""Cyril, run upstairs and  get father's muffler. You know the drawer.""    Cyril ran. It behoved everybody, that morning, to be prompt and  efficient.","said Samuel, coughing and  smothering the cough.    ""Oh! But, Sam--"" Constance protested.    ""Now please don't worry me!"" said Samuel with frigid finality. ""I've  got quite enough--!"" He did not finish.    Constance sighed as her husband stepped, ne",False
OWT_C01185,"Mr. Huntbach is waiting for you in the parlour,",485881,485930,Constance.,,Constance,,NAMED,NONE,Constance,AFTER_QUOTE_NAMED,ATTRIBUTED_DIALOGUE_CANDIDATE,"him.    ""Sam!"" his wife called him in a low voice. She was standing behind the  till.    ""What is it?"" He was ready to crush, and especially to crush indiscreet  babble in the shop. He thought she was going to vent her womanly  curiosity at once.","said Constance.    ""Mr. Huntbach?""    ""Yes, from Longshaw."" She whispered, ""It's Mrs. Povey's cousin. He's  come to see about the funeral and so on, the--the inquest, I suppose.""    Samuel paused. ""Oh, has he!"" said he defiantly. ""Well, I'll see him",False
OWT_C01193,Mr. Critchlow!,495975,495991,Constance,,Constance,,NAMED,NONE,Constance,AFTER_QUOTE_NAMED,ATTRIBUTED_DIALOGUE_CANDIDATE,"an rudeness. It was a manner that said: ""You've  got to take me as I am. I may be an egotist, hard, mean, and convinced;  but those who don't like it can lump it. I'm indifferent.""    He put one elbow on the top of the screen, showing the Signal.","said Constance, primly; she had acquired Samuel's  dislike of him.    ""It's begun!"" he observed with mysterious glee.    ""Has it?"" Constance said eagerly. ""Is it in the paper already?""    She had been far more disturbed about her husband's health th",False
OWT_C01197,Ay!,496407,496412,Mr. Critchlow.,,Mr. Critchlow,,NAMED,NONE,Mr. Critchlow,AFTER_QUOTE_NAMED,ATTRIBUTED_DIALOGUE_CANDIDATE,"the paper already?""    She had been far more disturbed about her husband's health than about  the trial of Daniel Povey for murder, but her interest in the trial was  of course tremendous. And this news, that it had actually begun,  thrilled her.","said Mr. Critchlow. ""Didn't ye hear the Signal boy hollering just  now all over the Square?""    ""No,"" said Constance. For her, newspapers did not exist. She never had  the idea of opening one, never felt any curiosity which she could not  satisfy, i",False
OWT_C01201,Nothing yet!,497018,497032,Mr. Critchlow,,Mr. Critchlow,,NAMED,NONE,Mr. Critchlow,AFTER_QUOTE_NAMED,ATTRIBUTED_DIALOGUE_CANDIDATE,"urred to her that the  Signal might be worth opening.    ""Ay!"" repeated Mr. Critchlow. ""Seemingly it began at two o'clock--or  thereabouts."" He gave a moment of his attention to a noisy gas-jet,  which he carefully lowered.    ""What does it say?""","said Mr. Critchlow; and they read the few brief  sentences, under their big heading, which described the formal  commencement of the trial of Daniel Povey for the murder of his wife.  ""There was some as said,"" he remarked, pushing up his spectacles,",False
OWT_C01205,Not it!,497896,497905,Mr. Critchlow,,Mr. Critchlow,,NAMED,NONE,Mr. Critchlow,AFTER_QUOTE_NAMED,ATTRIBUTED_DIALOGUE_CANDIDATE,"y of grand juries, but she  had understood nothing, nor had she sought to understand.    ""I'm very glad it's come on so soon,"" she said. ""In a sense, that is! I  was afraid Sam might be kept at Stafford for days. Do you think it will  last long?""","said Mr. Critchlow, positively. ""There's naught in it to spin  out.""    Then a silence, punctuated by the sound of stitching.    Constance would really have preferred not to converse with the old man;  but the desire for reassurance, for the calming",False
OWT_C01213,"Good afternoon, Mr. Critchlow,",500711,500743,Cyril,,Cyril,,NAMED,NONE,Cyril,AFTER_QUOTE_NAMED,ATTRIBUTED_DIALOGUE_CANDIDATE,"n of reason; it was an act of faith;  and arguments merely fretted, without in the slightest degree  disturbing it.    ""Ye may be!"" Mr. Critchlow gaily concurred. He was very content.    Just as he shuffled round to leave the shop, Cyril entered.","said Cyril, sheepishly polite.    Mr. Critchlow gazed hard at the boy, then nodded his head several times  rapidly, as though to say: ""Here's another fool in the making! So the  generations follow one another!"" He made no answer to the salutation,",False
OWT_C01221,There's a paper!,502914,502932,the apprentice.,,the apprentice,,DESCRIPTIVE,NONE,the apprentice,AFTER_QUOTE_DESCRIPTIVE,ATTRIBUTED_DIALOGUE_CANDIDATE,"Constance advised.    But he would keep near the door. Soon he ran off again.    And perhaps fifteen seconds after he had gone, the strident cry of a  Signal boy was heard in the distance, faint and indistinct at first,  then clearer and louder.","said the apprentice.    ""Sh!"" said Constance, listening.    ""Sh!"" echoed Miss Insull.    ""Yes, it is!"" said Constance. ""Miss Insull, just step out and get a  paper. Here's a halfpenny.""    The halfpenny passed quickly from one thimbled hand to anoth",False
OWT_C01222,Sh!,502957,502962,Constance,,Constance,,NAMED,NONE,Constance,AFTER_QUOTE_NAMED,ATTRIBUTED_DIALOGUE_CANDIDATE,"ar the door. Soon he ran off again.    And perhaps fifteen seconds after he had gone, the strident cry of a  Signal boy was heard in the distance, faint and indistinct at first,  then clearer and louder.    ""There's a paper!"" said the apprentice.","said Constance, listening.    ""Sh!"" echoed Miss Insull.    ""Yes, it is!"" said Constance. ""Miss Insull, just step out and get a  paper. Here's a halfpenny.""    The halfpenny passed quickly from one thimbled hand to another. Miss  Insull scurried.",False
OWT_C01224,"Yes, it is!",503022,503035,Constance.,,Constance,,NAMED,NONE,Constance,AFTER_QUOTE_NAMED,ATTRIBUTED_DIALOGUE_CANDIDATE,"s after he had gone, the strident cry of a  Signal boy was heard in the distance, faint and indistinct at first,  then clearer and louder.    ""There's a paper!"" said the apprentice.    ""Sh!"" said Constance, listening.    ""Sh!"" echoed Miss Insull.","said Constance. ""Miss Insull, just step out and get a  paper. Here's a halfpenny.""    The halfpenny passed quickly from one thimbled hand to another. Miss  Insull scurried.    She came in triumphantly with the sheet, which Constance tremblingly  too",False
OWT_C01236,"Now do as I say, please,",527364,527390,Constance,,Constance,,NAMED,NONE,Constance,AFTER_QUOTE_NAMED,ATTRIBUTED_DIALOGUE_CANDIDATE,"stepped into the drawing-room, where Cyril was sketching by  the fire.    ""Cyril,"" she said, ""go across and ask Dr. Harrop to come round at once.  And if he isn't in, then his new partner.""    ""Is it for father?""    ""Yes.""    ""What's the matter?""","said Constance, sharply, adding: ""I don't  know what's the matter. Perhaps nothing. But I'm not satisfied.""    The venerable Harrop pronounced the word 'pneumonia.' It was acute  double pneumonia that Samuel had got. During the three worst months of",False
OWT_C01240,"If you please, can I speak to the missis?",539711,539754,the girl,,the girl,,DESCRIPTIVE,NONE,the girl,AFTER_QUOTE_DESCRIPTIVE,ATTRIBUTED_DIALOGUE_CANDIDATE,"the assistants sprang  instinctively to the gas; but on perceiving that the disturber of peace  was only a slatternly girl, hatless and imperfectly clean, she decided  to leave the gas as it was, and put on a condescending, suspicious  demeanour.","said the girl, breathlessly.    She seemed to be about eighteen years of age, fat and plain. Her blue  frock was torn, and over it she wore a rough brown apron, caught up at  one corner to the waist. Her bare forearms were of brick-red colour.    ""W",False
OWT_C01241,What is it?,540002,540015,the assistant.    Miss Insull looked,,the assistant. Miss Insull looked,,DESCRIPTIVE,NONE,the assistant. Miss Insull looked,AFTER_QUOTE_DESCRIPTIVE,ATTRIBUTED_DIALOGUE_CANDIDATE,"?"" said the girl, breathlessly.    She seemed to be about eighteen years of age, fat and plain. Her blue  frock was torn, and over it she wore a rough brown apron, caught up at  one corner to the waist. Her bare forearms were of brick-red colour.","demanded the assistant.    Miss Insull looked over her shoulder across the shop. ""It must be  Maggie's--Mrs. Hollins's daughter!"" said Miss Insull under her breath.    ""What can she want?"" said Constance, leaving the desk instantly; and to  the girl",True
OWT_C01242,What can she want?,540184,540204,Constance,,Constance,,NAMED,NONE,Constance,AFTER_QUOTE_NAMED,ATTRIBUTED_DIALOGUE_CANDIDATE,"corner to the waist. Her bare forearms were of brick-red colour.    ""What is it?"" demanded the assistant.    Miss Insull looked over her shoulder across the shop. ""It must be  Maggie's--Mrs. Hollins's daughter!"" said Miss Insull under her breath.","said Constance, leaving the desk instantly; and to  the girl, who stood sturdily holding her own against the group of  assistants: ""You are Mrs. Hollins's daughter, aren't you?""    ""Yes, mum.""    ""What's your name?""    ""Maggie, mum. And, if you plea",False
OWT_C01282,"I can't allow you to do it yet,",552790,552823,Constance,,Constance,,NAMED,NONE,Constance,AFTER_QUOTE_NAMED,ATTRIBUTED_DIALOGUE_CANDIDATE,"lied.    ""But, mother! That's all very well! I'm sure father would have agreed.  If I'm going to take up drawing I ought to do it at once. That's what  the drawing-master says, and I suppose he ought to know."" He finished  on a tone of insolence.","said Constance, quietly. ""It's quite  out of the question. Quite!""    He pouted and then he sulked. It was war between them. At times he was  the image of his Aunt Sophia. He would not leave the subject alone; but  he would not listen to Constance's",False
OWT_C01297,"Yes, sir; yes, sir,",563105,563126,the waiter,,the waiter,,DESCRIPTIVE,NONE,the waiter,AFTER_QUOTE_DESCRIPTIVE,ATTRIBUTED_DIALOGUE_CANDIDATE,"his sentiment. But everybody seemed  too stiff to move. Even the auctioneer was self-conscious.    ""Waiter! Offer wine to Mr. Critchlow!"" he exclaimed bullyingly, as if  saying: ""Man! what on earth are you thinking of, to neglect Mr.  Critchlow?""","said the waiter, who was dispensing wine as fast  as a waiter can.    The auction commenced.    Seizing the hammer, the auctioneer gave a short biography of William  Clews Mericarp, and, this pious duty accomplished, called upon a  solicitor to read",False
OWT_C01298,"Now, gentlemen,",564092,564109,the auctioneer,,the auctioneer,,DESCRIPTIVE,NONE,the auctioneer,AFTER_QUOTE_DESCRIPTIVE,ATTRIBUTED_DIALOGUE_CANDIDATE,"sly, as though being at last found  out. The auctioneer referred to John Baines and to Samuel Povey, with a  sense of personal loss, and then expressed his pleasure in the presence  of 'the ladies;' he meant Constance, who once more had to blush.","said the auctioneer, ""what do you say for these  famous premises? I think I do not exaggerate when I use the word  'famous.'""    Some one said a thousand pounds, in the terrorized voice of a  delinquent.    ""A thousand pounds,"" repeated the auctione",False
OWT_C01301,"A thousand and fifty,",564455,564478,the auctioneer.    Then there was,,the auctioneer. Then there was,,DESCRIPTIVE,NONE,the auctioneer. Then there was,AFTER_QUOTE_DESCRIPTIVE,ATTRIBUTED_DIALOGUE_CANDIDATE,"hen I use the word  'famous.'""    Some one said a thousand pounds, in the terrorized voice of a  delinquent.    ""A thousand pounds,"" repeated the auctioneer, paused, sipped, and  smacked.    ""Guineas,"" said another voice self-accused of iniquity.","said the auctioneer.    Then there was a long interval, an interval that tightened the nerves  of the assembly.    ""Now, ladies and gentlemen,"" the auctioneer adjured.    The first voice said sulkily: ""Eleven hundred.""    And thus the bids rose to f",True
OWT_C01304,"Gentlemen,",564943,564955,the auctioneer,,the auctioneer,,DESCRIPTIVE,NONE,the auctioneer,AFTER_QUOTE_DESCRIPTIVE,ATTRIBUTED_DIALOGUE_CANDIDATE,"ed.""    And thus the bids rose to fifteen hundred, lifted bit by bit, as it  were, by the magnetic force of the auctioneer's personality. The man  was now standing up, in domination. He bent down to the solicitor's  head; they whispered together.","said the auctioneer, ""I am happy to inform you that the  sale is now open."" His tone translated better than words his calm  professional beatitude. Suddenly in a voice of wrath he hissed at the  waiter: ""Waiter, why don't you serve these gentlemen?""",False
OWT_C01310,"You can shut,",567444,567459,Miss Insull to the youth.    But,,Miss Insull to the youth. But,,NAMED,NONE,Miss Insull to the youth. But,AFTER_QUOTE_NAMED,ATTRIBUTED_DIALOGUE_CANDIDATE,"assistants had just left. The bull-terrier had  wandered into the shop as he almost invariably did at closing time--for  he slept there, an efficient guard--and had lain down by the dying  stove; though not venerable, he was stiffening into age.","said Miss Insull to the youth.    But as the final shutter was ascending to its position, Mr. Critchlow  appeared on the pavement.    ""Hold on, young fellow!"" Mr. Critchlow commanded, and stepped slowly,  lifting up his long apron, over the horizont",True
OWT_C01314,"Shut, lad,",567879,567891,Mr. Critchlow,,Mr. Critchlow,,NAMED,NONE,Mr. Critchlow,AFTER_QUOTE_NAMED,ATTRIBUTED_DIALOGUE_CANDIDATE,"low commanded, and stepped slowly,  lifting up his long apron, over the horizontal shutter on which the  perpendicular shutters rested in the doorway.    ""Shall you be long, Mr. Critchlow?"" the youth asked, posing the  shutter. ""Or am I to shut?""","said Mr. Critchlow, briefly. ""I'll go out by th' side  door.""    ""Here's Mr. Critchlow!"" Miss Insull called out to Constance, in a  peculiar tone. And a flush, scarcely perceptible, crept very slowly  over her dark features. In the twilight of the s",False
OWT_C01321,"That'll be all right,",572604,572627,Mr. Critchlow.,,Mr. Critchlow,,NAMED,NONE,Mr. Critchlow,AFTER_QUOTE_NAMED,ATTRIBUTED_DIALOGUE_CANDIDATE,"ld. As for  her, she was too indifferent to refuse him. Why refuse him? Oysters do  not refuse.    ""I'm sure I congratulate you both,"" Constance breathed, realizing the  import of Mr. Critchlow's laconic words. ""I'm sure I hope you'll be  happy.""","said Mr. Critchlow.    ""Thank you, Mrs. Povey,"" said Maria Insull.    Nobody seemed to know what to say next. ""It's rather sudden,"" was on  Constance's tongue, but did not achieve utterance, being patently  absurd.    ""Ah!"" exclaimed Mr. Critchlow,",False
OWT_C01324,Ah!,572846,572851,Mr. Critchlow,,Mr. Critchlow,,NAMED,NONE,Mr. Critchlow,AFTER_QUOTE_NAMED,ATTRIBUTED_DIALOGUE_CANDIDATE,"py.""    ""That'll be all right,"" said Mr. Critchlow.    ""Thank you, Mrs. Povey,"" said Maria Insull.    Nobody seemed to know what to say next. ""It's rather sudden,"" was on  Constance's tongue, but did not achieve utterance, being patently  absurd.","exclaimed Mr. Critchlow, as though himself contemplating anew the  situation.    Miss Insull gave the dog a final pat.    ""So that's settled,"" said Mr. Critchlow. ""Now, missis, ye want to give  up this shop, don't ye?""    ""I'm not so sure about that",False
OWT_C01325,"So that's settled,",572974,572994,Mr. Critchlow.,,Mr. Critchlow,,NAMED,NONE,Mr. Critchlow,AFTER_QUOTE_NAMED,ATTRIBUTED_DIALOGUE_CANDIDATE,"to say next. ""It's rather sudden,"" was on  Constance's tongue, but did not achieve utterance, being patently  absurd.    ""Ah!"" exclaimed Mr. Critchlow, as though himself contemplating anew the  situation.    Miss Insull gave the dog a final pat.","said Mr. Critchlow. ""Now, missis, ye want to give  up this shop, don't ye?""    ""I'm not so sure about that,"" Constance answered uneasily.    ""Don't tell me!"" he protested. ""Of course ye want to give up the shop.""    ""I've lived here all my life,"" sa",False
OWT_C01329,"I've lived here all my life,",573211,573241,Constance.,,Constance,,NAMED,NONE,Constance,AFTER_QUOTE_NAMED,ATTRIBUTED_DIALOGUE_CANDIDATE,"inal pat.    ""So that's settled,"" said Mr. Critchlow. ""Now, missis, ye want to give  up this shop, don't ye?""    ""I'm not so sure about that,"" Constance answered uneasily.    ""Don't tell me!"" he protested. ""Of course ye want to give up the shop.""","said Constance.    ""Ye've not lived in th' shop all ye're life. I said th' shop. Listen  here!"" he continued. ""I've got a proposal to make to you. You can keep  on the house, and I'll take the shop off ye're hands. Now?"" He looked  at her inquiringl",False
OWT_C01332,"Come here,",573635,573647,Mr. Critchlow,,Mr. Critchlow,,NAMED,NONE,Mr. Critchlow,AFTER_QUOTE_NAMED,ATTRIBUTED_DIALOGUE_CANDIDATE,"ou. You can keep  on the house, and I'll take the shop off ye're hands. Now?"" He looked  at her inquiringly.    Constance was taken aback by the brusqueness of the suggestion, which,  moreover, she did not understand.    ""But how--"" she faltered.","said Mr. Critchlow, impatiently, and he moved towards the  house-door of the shop, behind the till.    ""Come where? What do you want?"" Constance demanded in a maze.    ""Here!"" said Mr. Critchlow, with increasing impatience. ""Follow me,  will ye?""",False
OWT_C01334,Here!,573816,573823,Mr. Critchlow,,Mr. Critchlow,,NAMED,NONE,Mr. Critchlow,AFTER_QUOTE_NAMED,ATTRIBUTED_DIALOGUE_CANDIDATE,",  moreover, she did not understand.    ""But how--"" she faltered.    ""Come here,"" said Mr. Critchlow, impatiently, and he moved towards the  house-door of the shop, behind the till.    ""Come where? What do you want?"" Constance demanded in a maze.","said Mr. Critchlow, with increasing impatience. ""Follow me,  will ye?""    Constance obeyed. Miss Insull sidled after Constance, and the dog after  Miss Insull. Mr. Critchlow went through the doorway and down the  corridor, past the cutting-out room",False
OWT_C01337,And what about the shop?,574747,574773,Constance.,,Constance,,NAMED,NONE,Constance,AFTER_QUOTE_NAMED,ATTRIBUTED_DIALOGUE_CANDIDATE,"ot your house to yourself. Ye say ye've  lived here all your life. Well, what's to prevent ye finishing up here?  The fact is,"" he added, ""it would only be making into two houses again  what was two houses to start with, afore your time, missis.""","cried Constance.    ""Ye can sell us th' stock at a valuation.""    Constance suddenly comprehended the scheme. Mr. Critchlow would remain  the chemist, while Mrs. Critchlow became the head of the chief drapery  business in the town. Doubtless they wo",False
OWT_C01351,The old man's cigars weren't so bad.,589562,589600,,the ceiling. And afterwards he,,the ceiling. And afterwards he,NONE,DESCRIPTIVE,the ceiling. And afterwards he,BEFORE_QUOTE_DESCRIPTIVE,ATTRIBUTED_DIALOGUE_CANDIDATE,"to tease her, she did not like being  called Mrs. Plover, and she never failed to say: ""I'm not Mrs. Plover.""  He smoked the cigar slowly, in the rocking-chair, throwing his head  back and sending clouds to the ceiling. And afterwards he remarked:","""Indeed!"" she answered tartly,  as if maternally resenting this easy patronage. But in secret she was  delighted. There was something in her son's favourable verdict on her  husband's cigars that thrilled her.    And she looked at him. Impossible to",True
OWT_C01371,"It means a pound a week,",595763,595789,Cyril,,Cyril,,NAMED,NONE,Cyril,AFTER_QUOTE_NAMED,ATTRIBUTED_DIALOGUE_CANDIDATE,"silly of me! This can't possibly be anything serious!""    And now she was condemned. She knew it. She knew there could be no  appeal. She knew that she might as usefully have besought mercy from a  tiger as from her good, industrious, dreamy son.","said Cyril, his self-consciousness  intensified by her silence and by the dreadful look on her face. ""And  of course free tuition.""    ""For how long?"" she managed to say.    ""Well,"" said he, ""that depends. Nominally for a year. But if you behave  yo",False
OWT_C01383,"Here you are, sir! Second smoker!",604488,604523,the porter.    The daily frequenters,,the porter. The daily frequenters,,DESCRIPTIVE,NONE,the porter. The daily frequenters,AFTER_QUOTE_DESCRIPTIVE,ATTRIBUTED_DIALOGUE_CANDIDATE,"fe out. He smelt the  odour of her crape. He was, for an instant, close to her, close; and he  seemed to have an overwhelmingly intimate glimpse into her secrets; he  seemed to be choked in the sudden strong emotion of that crape. He felt  queer.","called the porter.    The daily frequenters of the train boarded it with their customary  disgust.    ""I'll write as soon as ever I get there!"" said Cyril, of his own  accord. It was the best he could muster.    With what grace he raised his hat!",True
OWT_C01384,I'll write as soon as ever I get there!,604626,604667,Cyril,,Cyril,,NAMED,NONE,Cyril,AFTER_QUOTE_NAMED,ATTRIBUTED_DIALOGUE_CANDIDATE,"limpse into her secrets; he  seemed to be choked in the sudden strong emotion of that crape. He felt  queer.    ""Here you are, sir! Second smoker!"" called the porter.    The daily frequenters of the train boarded it with their customary  disgust.","said Cyril, of his own  accord. It was the best he could muster.    With what grace he raised his hat!    A sliding-away; clouds of steam; and she shared the dead platform with  milk-cans, two porters, and Smith's noisy boy!    She walked home, very",False
OWT_C01445,"I'm not sure, sir; I think not,",628869,628902,the hall-porter.    The fear that,,the hall-porter. The fear that,,DESCRIPTIVE,NONE,the hall-porter. The fear that,AFTER_QUOTE_DESCRIPTIVE,ATTRIBUTED_DIALOGUE_CANDIDATE,"pose I must go through with it.""    He felt desperate. He was ready to pay any price in order to be able to  say to himself that he had accomplished what he had set his heart on.    ""My wife hasn't gone out, has she?"" he asked of the hall-porter.","said the hall-porter.    The fear that Sophia had already departed made him sick. When he  noticed her trunk still there, he took hope and ran upstairs.    He saw her, a dark crumpled, sinuous piece of humanity, half on and  half off the bed, silhou",True
OWT_C01447,"Very well, then,",629913,629931,Gerald.,,Gerald,,NAMED,NONE,Gerald,AFTER_QUOTE_NAMED,ATTRIBUTED_DIALOGUE_CANDIDATE,"ll the power of her will not to move,  she could not stifle a sob that had lain in ambush in her throat.    The sound of the sob fetched tears to the eyes of Gerald.    ""Sophia!"" he appealed to her.    But she did not stir. Another sob shook her.","said Gerald. ""We'll stay in London till we can be  married. I'll arrange it. I'll find a nice boarding-house for you, and  I'll tell the people you're my cousin. I shall stay on at this hotel,  and I'll come and see you every day.""    A silence.",False
OWT_C01469,I do wish I'd noticed her!,639356,639384,Sophia.,,Sophia,,NAMED,NONE,Sophia,AFTER_QUOTE_NAMED,ATTRIBUTED_DIALOGUE_CANDIDATE,"would do her best to assume  omniscience in its ways, but to him, in her present mood, she liked to  play the ignorant, uninitiated little thing.    ""Why,"" he said, ""the Schneider has been the rage since last year but  one. Absolutely the rage.""","said Sophia.    ""As soon as the Varietes reopens we'll go and see her,"" he replied, and  then gave his detailed version of the career of Hortense Schneider.    More joys for her in the near future! She had yet scarcely penetrated  the crust of her b",False
OWT_C01477,All sorts here!,643073,643090,Gerald,,Gerald,,NAMED,NONE,Gerald,AFTER_QUOTE_NAMED,ATTRIBUTED_DIALOGUE_CANDIDATE,"the windows were wide open, and the sounds of the  street mingled clearly with the tinkle of the supper-room. Outside,  against a sky of deepest purple, Sophia could discern the black  skeleton of a gigantic building; it was the new opera house.","said Gerald, contentedly, after he had ordered iced  soup and sparkling Moselle. Sophia did not know what Moselle was, but  she imagined that anything would be better than champagne.    Sylvain's was then typical of the Second Empire, and particular",False
OWT_C01482,"Oh, what a horrid idea!",646837,646862,Sophia.,,Sophia,,NAMED,NONE,Sophia,AFTER_QUOTE_NAMED,ATTRIBUTED_DIALOGUE_CANDIDATE,"e-aged men at the next table but one.    ""What are they talking about?""    ""They're talking about the execution of the murderer Rivain that takes  place at Auxerre the day after to-morrow. They're arranging to make up  a party and go and see it.""","said Sophia.    ""Guillotine, you know!"" said Gerald.    ""But can people see it?""    ""Yes, of course.""    ""Well, I think it's horrible.""    ""Yes, that's why people like to go and see it. Besides, the man isn't  an ordinary sort of criminal at all. He",False
OWT_C01483,"Guillotine, you know!",646879,646902,Gerald.,,Gerald,,NAMED,NONE,Gerald,AFTER_QUOTE_NAMED,ATTRIBUTED_DIALOGUE_CANDIDATE,"What are they talking about?""    ""They're talking about the execution of the murderer Rivain that takes  place at Auxerre the day after to-morrow. They're arranging to make up  a party and go and see it.""    ""Oh, what a horrid idea!"" said Sophia.","said Gerald.    ""But can people see it?""    ""Yes, of course.""    ""Well, I think it's horrible.""    ""Yes, that's why people like to go and see it. Besides, the man isn't  an ordinary sort of criminal at all. He's very young and good-looking,  and wel",False
OWT_C01495,"Oui, oui! Guillotine. Enfin...!",652905,652938,the woman excitedly. Encouraged  by,,the woman excitedly. Encouraged by,,DESCRIPTIVE,NONE,the woman excitedly. Encouraged by,AFTER_QUOTE_DESCRIPTIVE,ATTRIBUTED_DIALOGUE_CANDIDATE,"ailed. Then the woman recommenced, talking at length.  When she had done he shook his head. His acquaintance with French was  limited to the vocabulary of food.    ""Guillotine!"" he murmured, the sole word of her discourse that he had  understood.","cried the woman excitedly. Encouraged  by her success in conveying even one word of her remarks, she began a  third time.    ""Excuse me,"" said Gerald. ""Madame is talking about the execution at  Auxerre the day after to-morrow. N'est-ce-pas, madame,",True
OWT_C01496,"Excuse me,",653064,653076,Gerald.,,Gerald,,NAMED,NONE,Gerald,AFTER_QUOTE_NAMED,ATTRIBUTED_DIALOGUE_CANDIDATE,".    ""Guillotine!"" he murmured, the sole word of her discourse that he had  understood.    ""Oui, oui! Guillotine. Enfin...!"" cried the woman excitedly. Encouraged  by her success in conveying even one word of her remarks, she began a  third time.","said Gerald. ""Madame is talking about the execution at  Auxerre the day after to-morrow. N'est-ce-pas, madame, que vous parliez  de Rivain?""    The Englishman glared angrily at Gerald's officious interruption. But  the woman smiled benevolently on G",False
OWT_C01497,Indeed!,653576,653585,the Englishman.    Wine affected them,,the Englishman. Wine affected them,,DESCRIPTIVE,NONE,the Englishman. Wine affected them,AFTER_QUOTE_DESCRIPTIVE,ATTRIBUTED_DIALOGUE_CANDIDATE,"erald, and insisted on talking to her  friend through him. And the Englishman had to make the best of the  situation.    ""There isn't a restaurant in Paris to-night where they aren't talking  about that execution,"" said Gerald on his own account.","observed the Englishman.    Wine affected them in different ways.    Now a fragile, short young Frenchman, with an extremely pale face  ending in a thin black imperial, appeared at the entrance. He looked  about, and, recognizing the woman of the sc",True
OWT_C01498,"My wife,",654055,654065,Gerald,,Gerald,,NAMED,NONE,Gerald,AFTER_QUOTE_NAMED,ATTRIBUTED_DIALOGUE_CANDIDATE,"ecognizing the woman of the scarlet cloak, very discreetly  saluted her. Then he saw Gerald, and his worn, fatigued features showed  a sudden, startled smile. He came rapidly forward, hat in hand, seized  Gerald's palm and greeted him effusively.","said Gerald, with the solemn care of a man who is determined  to prove that he is entirely sober.    The young man became grave and excessively ceremonious. He bowed low  over Sophia's hand and kissed it. Her impulse was to laugh, but the  gravity o",False
OWT_C01504,Don't mention it!,655079,655098,the humorous Gerald in English,,the humorous Gerald in English,,DESCRIPTIVE,NONE,the humorous Gerald in English,AFTER_QUOTE_DESCRIPTIVE,ATTRIBUTED_DIALOGUE_CANDIDATE,"rmilion cloak.    ""It is the first time you come Paris, madame?"" Chirac addressed himself  to Sophia, in limping, timorous English.    ""Yes,"" she giggled. He bowed again.    Chirac, with his best compliments, felicitated Gerald upon his marriage.","said the humorous Gerald in English, amused at his  own wit; and then: ""What about this execution?""    ""Ah!"" replied Chirac, breathing out a long breath, and smiling at  Sophia. ""Rivain! Rivain!"" He made a large, important gesture with his  hand.",True
OWT_C01506,Ah!,655202,655207,Chirac,,Chirac,,NAMED,NONE,Chirac,AFTER_QUOTE_NAMED,ATTRIBUTED_DIALOGUE_CANDIDATE,"English.    ""Yes,"" she giggled. He bowed again.    Chirac, with his best compliments, felicitated Gerald upon his marriage.    ""Don't mention it!"" said the humorous Gerald in English, amused at his  own wit; and then: ""What about this execution?""","replied Chirac, breathing out a long breath, and smiling at  Sophia. ""Rivain! Rivain!"" He made a large, important gesture with his  hand.    It was at once to be seen that Gerald had touched the topic which  secretly ravaged the supper-world as a su",False
OWT_C01508,I go!,655492,655499,Chirac,,Chirac,,NAMED,NONE,Chirac,AFTER_QUOTE_NAMED,ATTRIBUTED_DIALOGUE_CANDIDATE,"ng breath, and smiling at  Sophia. ""Rivain! Rivain!"" He made a large, important gesture with his  hand.    It was at once to be seen that Gerald had touched the topic which  secretly ravaged the supper-world as a subterranean fire ravages a mine.","said Chirac, with pride, glancing at Sophia, who smiled  self-consciously.    Chirac entered upon a conversation with Gerald in French. Sophia  comprehended that Gerald was surprised and impressed by what Chirac  told him and that Chirac in turn was",False
OWT_C01509,Madame!,655903,655912,Chirac,,Chirac,,NAMED,NONE,Chirac,AFTER_QUOTE_NAMED,ATTRIBUTED_DIALOGUE_CANDIDATE,"ded that Gerald was surprised and impressed by what Chirac  told him and that Chirac in turn was surprised. Then Gerald laboriously  found his pocket-book, and after some fumbling with it handed it to  Chirac so that the latter might write in it.","murmured Chirac, resuming his ceremonious stiffness in order  to take leave. ""Alors, c'est entendu, mon cher ami!"" he said to Gerald,  who nodded phlegmatically. And Chirac went away to the next table but  one, where were the three lorettes and the",False
OWT_C01516,Oh!,657488,657493,Sophia,,Sophia,,NAMED,NONE,Sophia,AFTER_QUOTE_NAMED,ATTRIBUTED_DIALOGUE_CANDIDATE,"itting silent.  ""About Hortense Schneider--you know, we met her to-night. It seems she  made a bet of a louis with some fellow, and when he lost he sent her  the louis set in diamonds worth a hundred thousand francs. That's how  they go on here.""","cried Sophia, further than ever in the labyrinth.    ""'Scuse me,"" the Englishman put in heavily. He had heard the words  'Hortense Schneider,' 'Hortense Schneider,' repeating themselves in the  conversation, and at last it had occurred to him that t",False
OWT_C01519,"Yes,",657866,657872,Gerald.,,Gerald,,NAMED,NONE,Gerald,AFTER_QUOTE_NAMED,ATTRIBUTED_DIALOGUE_CANDIDATE,"Hortense Schneider,' 'Hortense Schneider,' repeating themselves in the  conversation, and at last it had occurred to him that the conversation  was about Hortense Schneider. ""'Scuse me,"" he began again. ""Are you--do  you mean Hortense Schneider?""","said Gerald. ""We met her to-night.""    ""She's in Trouville,"" said the Englishman, flatly.    Gerald shook his head positively.    ""I gave a supper to her in Trouville last night,"" said the Englishman.  ""And she plays at the Casino Theatre to-night.""",False
OWT_C01521,"She's in Trouville,",657912,657933,the Englishman,,the Englishman,,DESCRIPTIVE,NONE,the Englishman,AFTER_QUOTE_DESCRIPTIVE,ATTRIBUTED_DIALOGUE_CANDIDATE,"eating themselves in the  conversation, and at last it had occurred to him that the conversation  was about Hortense Schneider. ""'Scuse me,"" he began again. ""Are you--do  you mean Hortense Schneider?""    ""Yes,"" said Gerald. ""We met her to-night.""","said the Englishman, flatly.    Gerald shook his head positively.    ""I gave a supper to her in Trouville last night,"" said the Englishman.  ""And she plays at the Casino Theatre to-night.""    Gerald was repulsed but not defeated. ""What is she playin",False
OWT_C01522,"I gave a supper to her in Trouville last night,",658003,658052,the Englishman.,,the Englishman,,DESCRIPTIVE,NONE,the Englishman,AFTER_QUOTE_DESCRIPTIVE,ATTRIBUTED_DIALOGUE_CANDIDATE,"ation  was about Hortense Schneider. ""'Scuse me,"" he began again. ""Are you--do  you mean Hortense Schneider?""    ""Yes,"" said Gerald. ""We met her to-night.""    ""She's in Trouville,"" said the Englishman, flatly.    Gerald shook his head positively.","said the Englishman.  ""And she plays at the Casino Theatre to-night.""    Gerald was repulsed but not defeated. ""What is she playing in to-night?  Tell me that!"" he sneered.    ""I don't see why I sh'd tell you.""    ""Hm!"" Gerald retorted. ""If what you",False
OWT_C01530,At your service!,659292,659310,Gerald,,Gerald,,NAMED,NONE,Gerald,AFTER_QUOTE_NAMED,ATTRIBUTED_DIALOGUE_CANDIDATE,"ters in a group  watched it with an impartial sporting interest. The English voices grew  more menacing.    Then suddenly the whiskered Englishman, jerking his head towards the  door, said more quietly:    ""Hadn't we better settle thish outside?""","said Gerald, rising.    The owner of the vermilion cloak lifted her eyebrows to Chirac in  fatigued disgust, but she said nothing. Nor did Sophia say anything.  Sophia was overcome by terror.    The swain of the cloak, dragging his coat after him ac",False
OWT_C01537,"I have no money,",662362,662380,Sophia,,Sophia,,NAMED,NONE,Sophia,AFTER_QUOTE_NAMED,ATTRIBUTED_DIALOGUE_CANDIDATE,"e of mind to thank her saviour.    ""But the bill?"" she stammered. ""The bill isn't paid.""    He did not instantly understand her. But one of the waiters had caught  the sound of a familiar word, and sprang forward with a slip of paper  on a plate.","said Sophia, with a feeble smile.    ""Je vous arrangerai ca,"" he said. ""What name of the hotel? Meurice, is  it not?""    ""Hotel Meurice,"" said Sophia. ""Yes.""    He spoke to the head-waiter about the bill, which was carried away like  something obsce",False
OWT_C01539,"Hotel Meurice,",662502,662518,Sophia.,,Sophia,,NAMED,NONE,Sophia,AFTER_QUOTE_NAMED,ATTRIBUTED_DIALOGUE_CANDIDATE,"the waiters had caught  the sound of a familiar word, and sprang forward with a slip of paper  on a plate.    ""I have no money,"" said Sophia, with a feeble smile.    ""Je vous arrangerai ca,"" he said. ""What name of the hotel? Meurice, is  it not?""","said Sophia. ""Yes.""    He spoke to the head-waiter about the bill, which was carried away like  something obscene; and on his arm, which he punctiliously offered and  she could not refuse, Sophia left the scene of her ignominy. She was so  distraugh",False
OWT_C01541,"I tell them at the restaurant where you gone,",663116,663163,Chirac,,Chirac,,NAMED,NONE,Chirac,AFTER_QUOTE_NAMED,ATTRIBUTED_DIALOGUE_CANDIDATE,"is foe!    He put her into an open carriage, and in five minutes they had  clattered down the brilliant silence of the Rue de la Paix, through the  Place Vendome into the Rue de Rivoli; and the night-porter of the hotel  was at the carriage-step.","said Chirac,  bare-headed under the long colonnade of the street. ""If your husband is  there, I tell him. Till to-morrow...!""    His manners were more wonderful than any that Sophia had ever imagined.  He might have been in the dark Tuileries on the",False
OWT_C01543,"So it seems,",665916,665930,Gerald,,Gerald,,NAMED,NONE,Gerald,AFTER_QUOTE_NAMED,ATTRIBUTED_DIALOGUE_CANDIDATE,"gun. The  door opened and disclosed Gerald.    They exchanged a searching glance, and Gerald shut the door. Gerald  infected the air, but she perceived at once that he was sobered. His  lip was bleeding.    ""Mr. Chirac brought me home,"" she said.","said Gerald, curtly. ""I asked you to wait for me. Didn't  I say I should come back?""    He was adopting the injured magisterial tone of the man who is  ridiculously trying to conceal from himself and others that he has  recently behaved like an ass.",False
OWT_C01546,"I knocked my chin against the damned balustrade, coming upstairs,",666524,666591,Gerald,,Gerald,,NAMED,NONE,Gerald,AFTER_QUOTE_NAMED,ATTRIBUTED_DIALOGUE_CANDIDATE,"hat?"" he bullied her, determined that she should be in the wrong.    And what a hard look on his pretty face!    Her prudence bade her accept the injustice. She was his. Rapt away from  her own world, she was utterly dependent on his good nature.","said Gerald, gloomily.    She knew that was a lie. ""Did you?"" she replied kindly. ""Let me bathe  it.""          CHAPTER III    AN AMBITION SATISFIED    I      She went to sleep in misery. All the glory of her new life had been  eclipsed. But when sh",False
OWT_C01557,Who else?,670615,670626,Gerald,,Gerald,,NAMED,NONE,Gerald,AFTER_QUOTE_NAMED,ATTRIBUTED_DIALOGUE_CANDIDATE,"th us, early. He's  waiting in the drawing-room. Just put your bodice on, and go and talk  to him till I come.""    He jumped out of bed, and then, standing in his night-garb, stretched  himself and terrifically yawned.    ""Me?"" Sophia questioned.","said Gerald, with that curious satiric dryness which he  would sometimes import into his tone.    ""But I can't speak French!"" she protested.    ""I didn't suppose you could,"" said Gerald, with an increase of dryness;  ""but you know as well as I do th",False
OWT_C01559,"I didn't suppose you could,",670771,670800,Gerald,,Gerald,,NAMED,NONE,Gerald,AFTER_QUOTE_NAMED,ATTRIBUTED_DIALOGUE_CANDIDATE,"in his night-garb, stretched  himself and terrifically yawned.    ""Me?"" Sophia questioned.    ""Who else?"" said Gerald, with that curious satiric dryness which he  would sometimes import into his tone.    ""But I can't speak French!"" she protested.","said Gerald, with an increase of dryness;  ""but you know as well as I do that he can speak English.""    ""Oh, very well, then!"" she murmured with agreeable alacrity.    Evidently Gerald had not yet quite recovered from his legitimate  displeasure of",False
OWT_C01576,"As psychological experience,",674224,674254,Chirac,,Chirac,,NAMED,NONE,Chirac,AFTER_QUOTE_NAMED,ATTRIBUTED_DIALOGUE_CANDIDATE,"honeymoon, she should be  going with her husband to a particular town because a notorious  murderer was about to be decapitated there in public.    ""My husband has always wanted to see an execution,"" she said, later.  ""It would be a pity to ...""","replied Chirac, pronouncing the p of the  adjective, ""it will be very interessant.... To observe one's self, in  such circumstances ..."" He smiled enthusiastically.    She thought how strange even nice Frenchmen were. Imagine going to an  execution",False
OWT_C01579,Brute!,678902,678910,Chirac,,Chirac,,NAMED,NONE,Chirac,AFTER_QUOTE_NAMED,ATTRIBUTED_DIALOGUE_CANDIDATE,"ion.    Chirac protested, telling him that the cab was already engaged.    The usurper scowled and swore, and the young girl laughed boldly.    Sophia, shrinking, expected her escort to execute justice heroic and  final; but she was disappointed.","murmured Chirac, and shrugged his shoulders, as the carriage  drove off, leaving them foolish on the kerb.    By this time all the other cabs had been seized. They walked to the  Hotel de l'Epee, jostled by the crowd, Sophia and Chirac in front, and",False
OWT_C01582,"It's all right,",681898,681915,Gerald,,Gerald,,NAMED,NONE,Gerald,AFTER_QUOTE_NAMED,ATTRIBUTED_DIALOGUE_CANDIDATE,"hem occupied by people who laughed and chattered. Then there  was a shout: Gerald's voice. He had appeared at a window on the second  floor of the hotel with Chirac and a very fat woman. Chirac saluted,  and Gerald laughed carelessly, and nodded.","said Gerald, having descended.    ""How much do they ask?"" Sophia inquired indiscreetly.    Gerald hesitated, and looked self-conscious. ""Thirty-five francs,"" he  said. ""But I've had enough of driving about. It seems we're lucky to  get it even at th",False
OWT_C01585,Oh! Damn!,682385,682396,Gerald,,Gerald,,NAMED,NONE,Gerald,AFTER_QUOTE_NAMED,ATTRIBUTED_DIALOGUE_CANDIDATE,"re lucky to  get it even at that.""    And Chirac shrugged his shoulders as if to indicate that the situation  and the price ought to be accepted philosophically. Gerald gave the  driver five francs. He examined the piece and demanded a pourboire.","said Gerald, and, because he had no smaller change, parted  with another two francs.    ""Is any one coming out for this damned valise?"" Gerald demanded, like a  tyrant whose wrath would presently fall if the populace did not  instantly set about min",False
OWT_C01588,"You don't suppose I shall go to bed, do you?",682995,683041,Gerald,,Gerald,,NAMED,NONE,Gerald,AFTER_QUOTE_NAMED,ATTRIBUTED_DIALOGUE_CANDIDATE,"e hotel was dark and malodorous, and every room seemed to be crowded  with giggling groups of drinkers.    ""We can't both sleep in this bed, surely,"" said Sophia when, Chirac  having remained downstairs, she faced Gerald in a small, mean bedroom.","said Gerald, rather  brusquely. ""It's for you. We're going to eat now. Look sharp.""    III    It was night. She lay in the narrow, crimson-draped bed. The heavy  crimson curtains had been drawn across the dirty lace curtains of the  window, but the",False
OWT_C01598,"He is some little souffrant,",702712,702742,Chirac,,Chirac,,NAMED,NONE,Chirac,AFTER_QUOTE_NAMED,ATTRIBUTED_DIALOGUE_CANDIDATE,". Gerald staggered past her into the room,  and sank with a groan on to the bed. Not long since he had been proudly  conversing with impudent women. Now, in swift collapse, he was as  flaccid as a sick hound and as disgusting as an aged drunkard.","said Chirac, weakly.    Sophia perceived in Chirac's tone the assumption that of course her  present duty was to devote herself to the task of restoring her shamed  husband to his manly pride.    ""And what about me?"" she thought bitterly.    The fat",False
OWT_C01602,"Good-bye, madame!",704025,704044,Chirac,,Chirac,,NAMED,NONE,Chirac,AFTER_QUOTE_NAMED,ATTRIBUTED_DIALOGUE_CANDIDATE,"of severed heads only groaned.    With a movement of irritation she went to him and felt in his pockets  for his purse; he acquiesced, still groaning. Chirac helped her to  choose and count the coins.    The fat woman, appeased, pursued her way.","said Chirac, with his customary courtliness,  transforming the landing of the hideous hotel into some imperial  antechamber.    ""Are you going away?"" she asked, in surprise. Her distress was so  obvious that it tremendously flattered him. He would h",False
OWT_C01643,"Monsieur asked for monsieur,",739839,739869,the waiter.,,the waiter,,DESCRIPTIVE,NONE,the waiter,AFTER_QUOTE_DESCRIPTIVE,ATTRIBUTED_DIALOGUE_CANDIDATE,"n. He noiselessly approached the bed--he seemed to have  none of the characteristics of a man, but to be a creature infinitely  mysterious and aloof from humanity--and held out to Sophia a visiting  card in his grey hand.    It was Chirac's card.","said the waiter. ""And then, as monsieur  had gone away he demanded to see madame. He says it is very important.""    Her heart jumped, partly in vague alarm, and partly with a sense of  relief at this chance of speaking to some one whom she knew. She",False
OWT_C01649,"It is well, madame,",740567,740588,the waiter,,the waiter,,DESCRIPTIVE,NONE,the waiter,AFTER_QUOTE_DESCRIPTIVE,ATTRIBUTED_DIALOGUE_CANDIDATE,"nce. How could it be eleven o'clock, with  the dawn scarcely finished?    ""He says it is very important,"" repeated the waiter, imperturbably and  solemnly. ""Will madame see him an instant?""    Between resignation and anticipation she said: ""Yes.""","said the waiter, disappearing without a sound.    She sat up and managed to drag her matinee from a chair and put it  around her shoulders. Then she sank back from weakness, physical and  spiritual. She hated to receive Chirac in a bedroom, and part",False
OWT_C01665,"Eh, well,",743285,743296,Chirac.,,Chirac,,NAMED,NONE,Chirac,AFTER_QUOTE_NAMED,ATTRIBUTED_DIALOGUE_CANDIDATE,".    ""It is serious?"" he questioned.    ""All that is most serious,"" she replied.    ""And you ill! Ah, the wretch! Ah, the wretch! That, for example!"" He  waved his hat about.    ""What is it you want, Chirac?"" she demanded, in a confidential tone.","said Chirac. ""You do not know where he has gone?""    ""No. What do you want?"" she insisted.    He was nervous. He fidgetted. She guessed that, though warm with  sympathy for her plight, he was preoccupied by interests and  apprehensions of his own. H",False
OWT_C01672,You did not know that he was coming to me?,745623,745667,Chirac,,Chirac,,NAMED,NONE,Chirac,AFTER_QUOTE_NAMED,ATTRIBUTED_DIALOGUE_CANDIDATE,"no scruple. And  as for common prudence--had he not risked permanent disgrace and even  prison for a paltry sum which he would certainly squander in two or  three days? Yes, it was indubitable that he would stop at nothing, at  nothing whatever.","asked Chirac, pulling his  short, silky brown beard.    ""No,"" Sophia answered.    ""But he said that you had charged him with your friendlinesses to me!""  He nodded his head once or twice, sadly but candidly accepting, in his  quality of a Latin, the",False
OWT_C01678,"No,",746782,746787,Sophia.,,Sophia,,NAMED,NONE,Sophia,AFTER_QUOTE_NAMED,ATTRIBUTED_DIALOGUE_CANDIDATE,"ndoned her on  the previous evening--that is to say, immediately after the borrowing  from Chirac. But Chirac did not examine the statement.    ""Perhaps he has the intention to send me the money. Perhaps, after all,  he is now at the offices----""","said Sophia. ""He is gone. Will you go downstairs and wait for me.  We will go together to Cook's office. It is English money I have.""    ""Cook's?"" he repeated. The word now so potent had then little  significance. ""But you are ill. You cannot----""",False
OWT_C01694,How kind you have been!,758005,758030,Sophia,,Sophia,,NAMED,NONE,Sophia,AFTER_QUOTE_NAMED,ATTRIBUTED_DIALOGUE_CANDIDATE,"ermined that no friend of Chirac's should be committed to the  horrors of a Paris hospital. Madame Foucault had suffered in one as a  patient, and Laurence had been a nurse in another....    Chirac was now away. The women talked loosely of a war.","murmured Sophia, with humid eyes.    But they silenced her with gestures. She was not to talk. They seemed  to have nothing further to tell her. They said Chirac would be  returning perhaps soon, and that she could talk to him. Evidently they  both",False
OWT_C01696,"Come in,",760372,760382,Sophia,,Sophia,,NAMED,NONE,Sophia,AFTER_QUOTE_NAMED,ATTRIBUTED_DIALOGUE_CANDIDATE,"t the door of Sophia's little room  (this ceremony of knocking was one of the indications that Sophia,  convalescent, had been reinstated in her rights as an individual), and  cried:    ""Madame, one is going to leave you all alone for some time.""","said Sophia, who was sitting up in an armchair, and reading.    Madame Foucault opened the door. ""One is going to leave you all alone  for some time,"" she repeated in a low, confidential voice, sharply  contrasting with her shriek behind the door.",False
OWT_C01698,"You are very chic,",761821,761841,Sophia,,Sophia,,NAMED,NONE,Sophia,AFTER_QUOTE_NAMED,ATTRIBUTED_DIALOGUE_CANDIDATE,"rthy of the effort that must have  gone to it. Madame Foucault was not rejuvenated by her toilette, but it  almost procured her pardon for the crime of being over forty, fat,  creased, and worn out. It was one of those defeats that are a triumph.","said Sophia, uttering her admiration.    ""Ah!"" said Madame Foucault, shrugging the shoulders of disillusion.  ""Chic! What does that do?""    But she was pleased.    The front-door banged. Sophia, by herself for the first time in the  flat into which",False
OWT_C01699,Ah!,761883,761888,Madame Foucault,,Madame Foucault,,NAMED,NONE,Madame Foucault,AFTER_QUOTE_NAMED,ATTRIBUTED_DIALOGUE_CANDIDATE,"was not rejuvenated by her toilette, but it  almost procured her pardon for the crime of being over forty, fat,  creased, and worn out. It was one of those defeats that are a triumph.    ""You are very chic,"" said Sophia, uttering her admiration.","said Madame Foucault, shrugging the shoulders of disillusion.  ""Chic! What does that do?""    But she was pleased.    The front-door banged. Sophia, by herself for the first time in the  flat into which she had been carried unconscious and which she",False
OWT_C01702,J'en ai soupe!,775504,775520,the man,,the man,,DESCRIPTIVE,NONE,the man,AFTER_QUOTE_DESCRIPTIVE,ATTRIBUTED_DIALOGUE_CANDIDATE,"repast. The odours of cookery still  hung in the air.    The noise of virulent discussion increased and continued, and then  Sophia could hear sobbing, broken by short and fierce phrases from the  man. Then the door of the bedroom opened brusquely.","exclaimed the man, in tones of angry disgust. ""Laisse-moi, je te prie!""  And then a soft muffled sound, as of a struggle, a quick step, and the  very violent banging of the front door. After that there was a  noticeable silence, save for the regula",False
OWT_C01711,"Oh, yes, you have,",780511,780531,Sophia,,Sophia,,NAMED,NONE,Sophia,AFTER_QUOTE_NAMED,ATTRIBUTED_DIALOGUE_CANDIDATE,", disagreeable, undignified woman; but her heart was  reluctant; her heart did not want to know anything at all about Madame  Foucault, nor to enter in any way into her private life.    ""I have not a single friend now,"" stammered Madame Foucault.","said Sophia, cheerfully. ""You have Madame  Laurence.""    ""Laurence--that is not a friend. You know what I mean.""    ""And me! I am your friend!"" said Sophia, in obedience to her conscience.    ""You are very kind,"" replied Madame Foucault, from the pi",False
OWT_C01713,And me! I am your friend!,780648,780675,Sophia,,Sophia,,NAMED,NONE,Sophia,AFTER_QUOTE_NAMED,ATTRIBUTED_DIALOGUE_CANDIDATE,"or to enter in any way into her private life.    ""I have not a single friend now,"" stammered Madame Foucault.    ""Oh, yes, you have,"" said Sophia, cheerfully. ""You have Madame  Laurence.""    ""Laurence--that is not a friend. You know what I mean.""","said Sophia, in obedience to her conscience.    ""You are very kind,"" replied Madame Foucault, from the pillow. ""But you  know what I mean.""    The fact was that Sophia did know what she meant. The terms of their  intercourse had been suddenly change",False
OWT_C01714,"You are very kind,",780724,780744,Madame Foucault,,Madame Foucault,,NAMED,NONE,Madame Foucault,AFTER_QUOTE_NAMED,ATTRIBUTED_DIALOGUE_CANDIDATE,"now,"" stammered Madame Foucault.    ""Oh, yes, you have,"" said Sophia, cheerfully. ""You have Madame  Laurence.""    ""Laurence--that is not a friend. You know what I mean.""    ""And me! I am your friend!"" said Sophia, in obedience to her conscience.","replied Madame Foucault, from the pillow. ""But you  know what I mean.""    The fact was that Sophia did know what she meant. The terms of their  intercourse had been suddenly changed. There was no pretentious  ceremony now, but the sincerity that dis",False
OWT_C01718,"Yes,",782128,782134,Madame Foucault.,,Madame Foucault,,NAMED,NONE,Madame Foucault,AFTER_QUOTE_NAMED,ATTRIBUTED_DIALOGUE_CANDIDATE,"men are poltroons,  all! I could let three bedrooms for three hundred and fifty francs a  month, and with serving meals and so on I could live.""    ""Then that,"" Sophia interrupted, pointing to her own bedroom across the  corridor, ""is your room?""","said Madame Foucault. ""I put you in it because at the moment all  these were let. They are so no longer. Only one--Laurence--and she does  not pay me always. What would you? Tenants--that does not find itself  at the present hour.... I have nothing,",False
OWT_C01722,"You must not forget,",786806,786828,Sophia,,Sophia,,NAMED,NONE,Sophia,AFTER_QUOTE_NAMED,ATTRIBUTED_DIALOGUE_CANDIDATE,"eak voice damp with tears; she also continued to apologize for  mentioning herself. She had finished sobbing, and lay looking at the  wall, away from Sophia, who stood irresolute near the bed, ashamed for  her companion's weakness and incapacity.","said Sophia, irritated by the unrelieved  darkness of the picture drawn by Madame Foucault, ""that at least I owe  you a considerable sum, and that I am only waiting for you to tell me  how much it is. I have asked you twice already, I think.""    ""Oh",False
OWT_C01723,"Oh, you are still suffering!",787075,787105,Madame Foucault.,,Madame Foucault,,NAMED,NONE,Madame Foucault,AFTER_QUOTE_NAMED,ATTRIBUTED_DIALOGUE_CANDIDATE,"t,"" said Sophia, irritated by the unrelieved  darkness of the picture drawn by Madame Foucault, ""that at least I owe  you a considerable sum, and that I am only waiting for you to tell me  how much it is. I have asked you twice already, I think.""","said Madame Foucault.    ""I am quite well enough to pay my debts,"" said Sophia.    ""I do not like to accept money from you,"" said Madame Foucault.    ""But why not?""    ""You will have the doctor to pay.""    ""Please do not talk in that way,"" said Soph",False
OWT_C01724,"I am quite well enough to pay my debts,",787131,787172,Sophia.,,Sophia,,NAMED,NONE,Sophia,AFTER_QUOTE_NAMED,ATTRIBUTED_DIALOGUE_CANDIDATE,"f the picture drawn by Madame Foucault, ""that at least I owe  you a considerable sum, and that I am only waiting for you to tell me  how much it is. I have asked you twice already, I think.""    ""Oh, you are still suffering!"" said Madame Foucault.","said Sophia.    ""I do not like to accept money from you,"" said Madame Foucault.    ""But why not?""    ""You will have the doctor to pay.""    ""Please do not talk in that way,"" said Sophia. ""I have money, and I can  pay for everything, and I shall pay f",False
OWT_C01725,"I do not like to accept money from you,",787189,787230,Madame Foucault.,,Madame Foucault,,NAMED,NONE,Madame Foucault,AFTER_QUOTE_NAMED,ATTRIBUTED_DIALOGUE_CANDIDATE,"we  you a considerable sum, and that I am only waiting for you to tell me  how much it is. I have asked you twice already, I think.""    ""Oh, you are still suffering!"" said Madame Foucault.    ""I am quite well enough to pay my debts,"" said Sophia.","said Madame Foucault.    ""But why not?""    ""You will have the doctor to pay.""    ""Please do not talk in that way,"" said Sophia. ""I have money, and I can  pay for everything, and I shall pay for everything.""    She was annoyed because she was sure th",False
OWT_C01728,"Please do not talk in that way,",787312,787345,Sophia.,,Sophia,,NAMED,NONE,Sophia,AFTER_QUOTE_NAMED,ATTRIBUTED_DIALOGUE_CANDIDATE,"I think.""    ""Oh, you are still suffering!"" said Madame Foucault.    ""I am quite well enough to pay my debts,"" said Sophia.    ""I do not like to accept money from you,"" said Madame Foucault.    ""But why not?""    ""You will have the doctor to pay.""","said Sophia. ""I have money, and I can  pay for everything, and I shall pay for everything.""    She was annoyed because she was sure that Madame Foucault was only  making a pretence of delicacy, and that in any case her delicacy was  preposterous. So",False
OWT_C01729,How long have I been here?,788655,788683,Sophia.,,Sophia,,NAMED,NONE,Sophia,AFTER_QUOTE_NAMED,ATTRIBUTED_DIALOGUE_CANDIDATE,"ire, and by a  natural objection to the role of a subject for philanthropy. She would  not admit that Madame Foucault's devotion as a nurse entitled her to  the satisfaction of being a philanthropist when there was no necessity  for philanthropy.","asked Sophia.    ""I don't know."" murmured Madame Foucault. ""Eight weeks--or is it nine?""    ""Suppose we say nine,"" said Sophia.    ""Very well,"" agreed Madame Foucault, apparently reluctant.    ""Now, how much must I pay you per week?""    ""I don't wan",False
OWT_C01730,I don't know.,788701,788716,Madame Foucault.,,Madame Foucault,,NAMED,NONE,Madame Foucault,AFTER_QUOTE_NAMED,ATTRIBUTED_DIALOGUE_CANDIDATE,"f a subject for philanthropy. She would  not admit that Madame Foucault's devotion as a nurse entitled her to  the satisfaction of being a philanthropist when there was no necessity  for philanthropy.    ""How long have I been here?"" asked Sophia.","murmured Madame Foucault. ""Eight weeks--or is it nine?""    ""Suppose we say nine,"" said Sophia.    ""Very well,"" agreed Madame Foucault, apparently reluctant.    ""Now, how much must I pay you per week?""    ""I don't want anything--I don't want anything",False
OWT_C01732,"Suppose we say nine,",788776,788798,Sophia.,,Sophia,,NAMED,NONE,Sophia,AFTER_QUOTE_NAMED,ATTRIBUTED_DIALOGUE_CANDIDATE,"evotion as a nurse entitled her to  the satisfaction of being a philanthropist when there was no necessity  for philanthropy.    ""How long have I been here?"" asked Sophia.    ""I don't know."" murmured Madame Foucault. ""Eight weeks--or is it nine?""","said Sophia.    ""Very well,"" agreed Madame Foucault, apparently reluctant.    ""Now, how much must I pay you per week?""    ""I don't want anything--I don't want anything! You are a friend of  Chirac's. You----""    ""Not at all!"" Sophia interrupted, tap",False
OWT_C01737,Shall I pay you seventy-five francs a week?,789143,789188,Sophia,,Sophia,,NAMED,NONE,Sophia,AFTER_QUOTE_NAMED,ATTRIBUTED_DIALOGUE_CANDIDATE,"ust I pay you per week?""    ""I don't want anything--I don't want anything! You are a friend of  Chirac's. You----""    ""Not at all!"" Sophia interrupted, tapping her foot and biting her lip.  ""Naturally I must pay.""    Madame Foucault wept quietly.","said Sophia, anxious to  end the matter.    ""It is too much!"" Madame Foucault protested, insincerely.    ""What? For all you have done for me?""    ""I speak not of that,"" Madame Foucault modestly replied.    If the devotion was not to be paid for, the",False
OWT_C01743,"I have no change,",789867,789886,Madame Foucault.,,Madame Foucault,,NAMED,NONE,Madame Foucault,AFTER_QUOTE_NAMED,ATTRIBUTED_DIALOGUE_CANDIDATE,"ain protested, at sight of the bank-notes which Sophia brought  from her trunk:    ""I am sure that it is too much.""    ""Not at all!"" Sophia repeated. ""Nine weeks at seventy-five. That makes  six hundred and seventy-five. Here are seven hundreds.""","said Madame Foucault. ""I have nothing.""    ""That will pay for the hire of the bath,"" said Sophia.    She laid the notes on the pillow. Madame Foucault looked at them  gluttonously, as any other person would have done in her place. She did  not touch",False
OWT_C01749,"He has chucked me, Laurence!",792616,792646,Madame Foucault,,Madame Foucault,,NAMED,NONE,Madame Foucault,AFTER_QUOTE_NAMED,ATTRIBUTED_DIALOGUE_CANDIDATE,"and the deshabille of Sophia her appearance, all  fresh from a modish restaurant, was brilliant; it gave her an advantage  over the other two--that moral advantage which ceremonial raiment  always gives.    ""What is it that passes?"" she demanded.","exclaimed Madame Foucault, in a sort of  hysteric scream which seemed to force its way through her sobs. From  the extraordinary freshness of Madame Foucault's woe, it might have  been supposed that her young man had only that instant strode out.",False
OWT_C01751,Never!,793279,793287,Madame Foucault.,,Madame Foucault,,NAMED,NONE,Madame Foucault,AFTER_QUOTE_NAMED,ATTRIBUTED_DIALOGUE_CANDIDATE,"e were now  of a different, a more candid order. She indicated her perception of  the change by a single slight movement of the eyebrows.    ""But listen, Aimee,"" she said authoritatively. ""You must not let  yourself go like that. He will return.""","cried Madame Foucault. ""It is finished. And he is the last!""    Laurence, ignoring Madame Foucault, approached Sophia. ""You have an air  very fatigued,"" she said, caressing Sophia's shoulder with her gloved  hand. ""You are pale like everything. All",False
OWT_C01756,"I have put her to bed,",794594,794618,Laurence,,Laurence,,NAMED,NONE,Laurence,AFTER_QUOTE_NAMED,ATTRIBUTED_DIALOGUE_CANDIDATE,"they talked that night they would talk as  friends, and that Laurence would ever afterwards treat her with the  familiarity of a friend. This she dreaded. Still, she knew that she  would yield, at any rate, to the temptation to listen to gossip.","said Laurence, in a whisper, as she cautiously  closed the door. ""The poor woman! Oh, what a charming bracelet! It is a  true pearl, naturally?""    Her roving eye had immediately, with an infallible instinct, caught  sight of a bracelet which, in ta",False
OWT_C01760,It must have been her fault!,795967,795997,Laurence.,,Laurence,,NAMED,NONE,Laurence,AFTER_QUOTE_NAMED,ATTRIBUTED_DIALOGUE_CANDIDATE,"o be the  familiar of Sophia.    ""Not a word!"" said Sophia.    In this brief question and reply, all was crudely implied that had  previously been supposed not to exist. The relations between the two  women were altered irretrievably in a moment.","said Laurence. ""With men she is  insupportable. I have never understood how that poor woman has made her  way. With women she is charming. But she seems to be incapable of not  treating men like dogs. Some men adore that, but they are few. Is it  no",False
OWT_C01761,Why not?,796546,796556,Sophia,,Sophia,,NAMED,NONE,Sophia,AFTER_QUOTE_NAMED,ATTRIBUTED_DIALOGUE_CANDIDATE,"ny times have I told her! But it is useless. It  is stronger than she is, and if she finishes on straw one will be able  to say that it was because of that. But truly she ought not to have  asked him here! Truly that was too much! If he knew...!""","asked Sophia, awkwardly. The answer startled her.    ""Because her room has not been disinfected.""    ""But I thought all the flat had been disinfected?""    ""All except her room.""    ""But why not her room?""    Laurence shrugged her shoulders. ""She did",False
OWT_C01772,Oh!,797651,797656,Sophia.,,Sophia,,NAMED,NONE,Sophia,AFTER_QUOTE_NAMED,ATTRIBUTED_DIALOGUE_CANDIDATE,"time I brought  Monsieur Cerf here, she was excessively rude to him. She has doubtless  told you about Monsieur Cerf?""    ""No. Who is Monsieur Cerf?""    ""Ah! She has not told you? That astonishes me. Monsieur Cerf, that is  my friend, you know.""","murmured Sophia.    ""Yes,"" Laurence proceeded, impelled by a desire to impress Sophia and  to gossip at large. ""That is my friend. I knew him at the hospital. It  was to please him that I left the hospital. After that we quarrelled  for two years; b",False
OWT_C01774,Truly!,798455,798463,Sophia,,Sophia,,NAMED,NONE,Sophia,AFTER_QUOTE_NAMED,ATTRIBUTED_DIALOGUE_CANDIDATE,"ow; that is to say, relatively. He has a  cousin infinitely more rich than he. I dined with them both to-night at  the Maison Doree. For a luxurious boy, he is a luxurious boy--the  cousin I mean. It appears that he has made a fortune in Canada.""","said Sophia, with politeness. Laurence's hand was playing on  the edge of the bed, and Sophia observed for the first time that it  bore a wedding-ring.    ""You remark my ring?"" Laurence laughed. ""That is he--the cousin.  'What!' he said, 'you do not",False
OWT_C01776,"Yes,",799024,799030,Sophia.,,Sophia,,NAMED,NONE,Sophia,AFTER_QUOTE_NAMED,ATTRIBUTED_DIALOGUE_CANDIDATE,"to arrange that after dinner.' I said that all the  jewellers' shops would be closed. 'That is all the same to me,' he  said. 'We will open one.' And in effect ... it passed like that. He  succeeded! Is it not beautiful?"" She held forth her hand.","said Sophia. ""It is very beautiful.""    ""Yours also is beautiful,"" said Laurence, with an extremely puzzling  intonation.    ""It is just the ordinary English wedding-ring,"" said Sophia. In spite  of herself she blushed.    ""Now I have married you. I",False
OWT_C01778,"Yours also is beautiful,",799071,799097,Laurence,,Laurence,,NAMED,NONE,Laurence,AFTER_QUOTE_NAMED,ATTRIBUTED_DIALOGUE_CANDIDATE,"the  jewellers' shops would be closed. 'That is all the same to me,' he  said. 'We will open one.' And in effect ... it passed like that. He  succeeded! Is it not beautiful?"" She held forth her hand.    ""Yes,"" said Sophia. ""It is very beautiful.""","said Laurence, with an extremely puzzling  intonation.    ""It is just the ordinary English wedding-ring,"" said Sophia. In spite  of herself she blushed.    ""Now I have married you. It is I, the cure, said he--the cousin--when  he put the ring on my",False
OWT_C01781,"It is true you are not yet strong enough,",800447,800490,the imperturbable  Laurence,,the imperturbable Laurence,,DESCRIPTIVE,NONE,the imperturbable Laurence,AFTER_QUOTE_DESCRIPTIVE,ATTRIBUTED_DIALOGUE_CANDIDATE,"She honestly endeavoured to keep  out of her reply any accent of moral superiority, but she did not quite  succeed. She was not at all horrified by Laurence's suggestion. She  meant simply to refuse it; but she could not do so in a natural voice.","said the imperturbable  Laurence, quickly, and with a perfect imitation of naturalness. ""But  soon you must make a little promenade."" She stared at her ring. ""After  all, it is more proper,"" she observed judicially. ""With a wedding-ring  one is less",False
OWT_C01784,You like jewellery?,800834,800855,Sophia.,,Sophia,,NAMED,NONE,Sophia,AFTER_QUOTE_NAMED,ATTRIBUTED_DIALOGUE_CANDIDATE,"soon you must make a little promenade."" She stared at her ring. ""After  all, it is more proper,"" she observed judicially. ""With a wedding-ring  one is less likely to be annoyed. What is curious is that the idea  never before came to me. Yet ...""","said Sophia.    ""If I like jewellery!"" with a gesture of the hands.    ""Will you pass me that bracelet?""    Laurence obeyed, and Sophia clasped it round the girl's wrist.    ""Keep it,"" Sophia said.    ""For me?"" Laurence exclaimed, ravished. ""It is t",False
OWT_C01790,"It is not enough,",801118,801137,Sophia.,,Sophia,,NAMED,NONE,Sophia,AFTER_QUOTE_NAMED,ATTRIBUTED_DIALOGUE_CANDIDATE,"""If I like jewellery!"" with a gesture of the hands.    ""Will you pass me that bracelet?""    Laurence obeyed, and Sophia clasped it round the girl's wrist.    ""Keep it,"" Sophia said.    ""For me?"" Laurence exclaimed, ravished. ""It is too much.""","said Sophia. ""And when you look at it, you must  remember how kind you were to me, and how grateful I am.""    ""How nicely you say that!"" Laurence said ecstatically.    And Sophia felt that she had indeed said it rather nicely. This giving  of the br",False
OWT_C01793,"Yes, a little!",801612,801628,Laurence,,Laurence,,NAMED,NONE,Laurence,AFTER_QUOTE_NAMED,ATTRIBUTED_DIALOGUE_CANDIDATE,"y. This giving  of the bracelet, souvenir of one of the few capricious follies that  Gerald had committed for her and not for himself, pleased Sophia very  much.    ""I am afraid your nursing of me forced you to neglect Monsieur Cerf,""  she added.","said Laurence, impartially, with a small pout of  haughtiness. ""It is true that he used to complain. But I soon put him  straight. What an idea! He knows there are things upon which I do not  joke. It is not he who will quarrel a second time! Believ",False
OWT_C01794,"I shall not show this to Aimee,",802189,802222,Laurence,,Laurence,,NAMED,NONE,Laurence,AFTER_QUOTE_NAMED,ATTRIBUTED_DIALOGUE_CANDIDATE,"t impressed Sophia.  To Sophia she seemed to be a vulgar little piece of goods, with dubious  charm and a glance that was far too brazen. Her movements were vulgar.  And Sophia wondered how she had established her empire and upon what it  rested.","whispered Laurence, indicating the  bracelet.    ""As you wish,"" said Sophia.    ""By the way, have I told you that war is declared?"" Laurence casually  remarked.    ""No,"" said Sophia. ""What war?""    ""The scene with Aimee made me forget it ... With Ge",False
OWT_C01795,"As you wish,",802272,802286,Sophia.,,Sophia,,NAMED,NONE,Sophia,AFTER_QUOTE_NAMED,ATTRIBUTED_DIALOGUE_CANDIDATE,"h dubious  charm and a glance that was far too brazen. Her movements were vulgar.  And Sophia wondered how she had established her empire and upon what it  rested.    ""I shall not show this to Aimee,"" whispered Laurence, indicating the  bracelet.","said Sophia.    ""By the way, have I told you that war is declared?"" Laurence casually  remarked.    ""No,"" said Sophia. ""What war?""    ""The scene with Aimee made me forget it ... With Germany. The city is  quite excited. An immense crowd in front of",False
OWT_C01797,"No,",802387,802392,Sophia.,,Sophia,,NAMED,NONE,Sophia,AFTER_QUOTE_NAMED,ATTRIBUTED_DIALOGUE_CANDIDATE,"established her empire and upon what it  rested.    ""I shall not show this to Aimee,"" whispered Laurence, indicating the  bracelet.    ""As you wish,"" said Sophia.    ""By the way, have I told you that war is declared?"" Laurence casually  remarked.","said Sophia. ""What war?""    ""The scene with Aimee made me forget it ... With Germany. The city is  quite excited. An immense crowd in front of the new Opera. They say we  shall be at Berlin in a month--or at most two months.""    ""Oh!"" Sophia muttere",False
OWT_C01843,Returned for lunch!,811106,811127,Sophia.,,Sophia,,NAMED,NONE,Sophia,AFTER_QUOTE_NAMED,ATTRIBUTED_DIALOGUE_CANDIDATE,"ited the  interest of the whole house. Just as the carriage was driving off, the  concierge came across the pavement and paid her compliments, and then  said:    ""You do not know by hazard why Madame Foucault has not returned for  lunch, madame?""","said Sophia. ""She will not come back till  to-morrow.""    The concierge made a face. ""Ah! How curious it is! She told my husband  that she would return in two hours. It is very grave! Question of  business.""    ""I know nothing, madame,"" said Sophia.",False
OWT_C01851,A victory! If only it was true!,813907,813940,Chirac,,Chirac,,NAMED,NONE,Chirac,AFTER_QUOTE_NAMED,ATTRIBUTED_DIALOGUE_CANDIDATE,"your illness.""    She recounted details.    As the fiacre entered the Rue Royale, they noticed a crowd of people in  front of the Madeleine shouting and cheering.    The cabman turned towards them. ""It appears there has been a victory!""  he said.","murmured Chirac, cynically.    In the Rue Royale people were running frantically to and fro, laughing  and gesticulating in glee. The customers in the cafes stood on their  chairs, and even on tables, to watch, and occasionally to join in, the  sudd",False
OWT_C01853,My God!,814429,814438,Chirac,,Chirac,,NAMED,NONE,Chirac,AFTER_QUOTE_NAMED,ATTRIBUTED_DIALOGUE_CANDIDATE,", the  sudden fever. The fiacre was slowed to a walking pace. Flags and  carpets began to show from the upper storeys of houses. The crowd grew  thicker and more febrile. ""Victory! Victory!"" rang hoarsely, shrilly,  and hoarsely again in the air.","said Chirac, trembling. ""It must be a true victory! We are  saved! We are saved! ... Oh yes, it is true!""    ""But naturally it is true! What are you saying?"" demanded the driver.    At the Place de la Concorde the fiacre had to stop altogether. The",False
OWT_C01854,But naturally it is true! What are you saying?,814548,814596,the driver.    At the Place,,the driver. At the Place,,DESCRIPTIVE,NONE,the driver. At the Place,AFTER_QUOTE_DESCRIPTIVE,ATTRIBUTED_DIALOGUE_CANDIDATE,"f houses. The crowd grew  thicker and more febrile. ""Victory! Victory!"" rang hoarsely, shrilly,  and hoarsely again in the air.    ""My God!"" said Chirac, trembling. ""It must be a true victory! We are  saved! We are saved! ... Oh yes, it is true!""","demanded the driver.    At the Place de la Concorde the fiacre had to stop altogether. The  immense square was a sea of white hats and flowers and happy faces,  with carriages anchored like boats on its surface. Flag after flag  waved out from neigh",True
OWT_C01865,"I am the concierge,",818070,818091,the man who had addressed,,the man who had addressed,,DESCRIPTIVE,NONE,the man who had addressed,AFTER_QUOTE_DESCRIPTIVE,ATTRIBUTED_DIALOGUE_CANDIDATE,"flat after her. They stared, puzzled, at the strips of  paper pasted on the doors.    ""What do you want?"" she asked haughtily. She was very frightened. The  extraordinary interruption brought her down with a shock to the scale  of the individual.","said the man who had addressed her. He had the  air of a superior artisan. ""It was my wife who spoke to you this  afternoon. This,"" pointing to his companion, ""this is the law. I regret  it, but ...""    The law saluted and shut the front door. Like",True
OWT_C01867,The rent?,818434,818445,Sophia.,,Sophia,,NAMED,NONE,Sophia,AFTER_QUOTE_NAMED,ATTRIBUTED_DIALOGUE_CANDIDATE,"ho spoke to you this  afternoon. This,"" pointing to his companion, ""this is the law. I regret  it, but ...""    The law saluted and shut the front door. Like the concierge, the law  emitted an odour--the odour of uncleanliness on a hot August day.","exclaimed Sophia.    ""No, madame, not the rent: the furniture!""    Then she learnt the history of the furniture. It had belonged to the  concierge, who had acquired it from a previous tenant and sold it on  credit to Madame Foucault. Madame Foucault",False
OWT_C01871,Save me!,821727,821737,Madame Foucault,,Madame Foucault,,NAMED,NONE,Madame Foucault,AFTER_QUOTE_NAMED,ATTRIBUTED_DIALOGUE_CANDIDATE,"ng her things  together, and wondering where she was to go, and whether it would be  politic to consult Chirac, she heard a fluster at the front door:  cries, protestations, implorings. Her own door was thrust open, and  Madame Foucault burst in.","exclaimed Madame Foucault, sinking to the ground.    The feeble theatricality of the gesture offended Sophia's taste. She  asked sternly what Madame Foucault expected her to do. Had not Madame  Foucault knowingly exposed her, without the least warni",False
OWT_C01880,"Please rise,",823767,823781,Sophia,,Sophia,,NAMED,NONE,Sophia,AFTER_QUOTE_NAMED,ATTRIBUTED_DIALOGUE_CANDIDATE,"ht Sophia's hard sense.    ""How much is it?"" Sophia glumly asked.    ""It isn't a thousand francs!"" said Madame Foucault with eagerness. ""All  my beautiful furniture will go for less than a thousand francs! Save  me!""    She was nauseating Sophia.","said Sophia, her hands fidgeting undecidedly.    ""I shall repay you, surely!"" Madame Foucault asseverated. ""I swear!""    ""Does she take me for a fool?"" thought Sophia, ""with her oaths!""    ""No!"" said Sophia. ""I won't lend you the money. But I tell y",False
OWT_C01885,No!,823971,823976,Sophia.,,Sophia,,NAMED,NONE,Sophia,AFTER_QUOTE_NAMED,ATTRIBUTED_DIALOGUE_CANDIDATE,"! Save  me!""    She was nauseating Sophia.    ""Please rise,"" said Sophia, her hands fidgeting undecidedly.    ""I shall repay you, surely!"" Madame Foucault asseverated. ""I swear!""    ""Does she take me for a fool?"" thought Sophia, ""with her oaths!""","said Sophia. ""I won't lend you the money. But I tell you what I  will do. I will buy the furniture at that price; and I will promise to  re-sell it to you as soon as you can pay me. Like that, you can be  tranquil. But I have very little money. I mu",False
OWT_C01886,You are an angel of charity!,824296,824326,Madame Foucault,,Madame Foucault,,NAMED,NONE,Madame Foucault,AFTER_QUOTE_NAMED,ATTRIBUTED_DIALOGUE_CANDIDATE,"do. I will buy the furniture at that price; and I will promise to  re-sell it to you as soon as you can pay me. Like that, you can be  tranquil. But I have very little money. I must have a guarantee. The  furniture must be mine till you pay me.""","cried Madame Foucault, embracing  Sophia's skirts. ""I will do whatever you wish. Ah! You Englishwomen are  astonishing.""    Sophia was not an angel of charity. What she had promised to do  involved sacrifice and anxiety without the prospect of rewar",False
OWT_C01887,"Here are a lady and a gentleman who want a bedroom,",829203,829256,Madame  Foucault,,Madame Foucault,,NAMED,NONE,Madame Foucault,AFTER_QUOTE_NAMED,ATTRIBUTED_DIALOGUE_CANDIDATE,lt should co-operate in order to let furnished rooms at a  remunerative profit. Sophia felt the nearness of the idea and she  wanted to be shocked at the notion of any avowed association between  herself and Madame Foucault; but she could not be.,"began Madame  Foucault, ""a nice large bedroom, furnished.""    ""Oh!"" said Sophia; ""who are they?""    ""They will pay a hundred and thirty francs a month, in advance, for the  middle bedroom.""    ""You've shown it to them already?"" said Sophia. And her",False
OWT_C01889,Oh!,829319,829324,Sophia,,Sophia,,NAMED,NONE,Sophia,AFTER_QUOTE_NAMED,ATTRIBUTED_DIALOGUE_CANDIDATE,"and she  wanted to be shocked at the notion of any avowed association between  herself and Madame Foucault; but she could not be.    ""Here are a lady and a gentleman who want a bedroom,"" began Madame  Foucault, ""a nice large bedroom, furnished.""","said Sophia; ""who are they?""    ""They will pay a hundred and thirty francs a month, in advance, for the  middle bedroom.""    ""You've shown it to them already?"" said Sophia. And her tone implied  that somehow she was conscious of a right to overlook",False
OWT_C01892,"No,",829609,829614,the other.,,the other,,DESCRIPTIVE,NONE,the other,AFTER_QUOTE_DESCRIPTIVE,ATTRIBUTED_DIALOGUE_CANDIDATE,"hey will pay a hundred and thirty francs a month, in advance, for the  middle bedroom.""    ""You've shown it to them already?"" said Sophia. And her tone implied  that somehow she was conscious of a right to overlook the affair of  Madame Foucault.","said the other. ""I said to myself that first I would ask you for  a counsel.""    ""Then will they pay all that for a room they haven't seen?""    ""The fact is,"" said Madame Foucault, sheepishly. ""The lady has seen the  room before. I know her a little",False
OWT_C01894,"The fact is,",829759,829773,Madame Foucault,,Madame Foucault,,NAMED,NONE,Madame Foucault,AFTER_QUOTE_NAMED,ATTRIBUTED_DIALOGUE_CANDIDATE,"e implied  that somehow she was conscious of a right to overlook the affair of  Madame Foucault.    ""No,"" said the other. ""I said to myself that first I would ask you for  a counsel.""    ""Then will they pay all that for a room they haven't seen?""","said Madame Foucault, sheepishly. ""The lady has seen the  room before. I know her a little. It is a former tenant. She lived here  some weeks.""    ""In that room?""    ""Oh no! She was poor enough then.""    ""Where are they?""    ""In the corridor. She is",False
OWT_C01901,"Ah, my faith, no!",830801,830820,Madame Foucault,,Madame Foucault,,NAMED,NONE,Madame Foucault,AFTER_QUOTE_NAMED,ATTRIBUTED_DIALOGUE_CANDIDATE,"ple?""    ""Ah! You know, one cannot demand the marriage certificate."" Madame  Foucault indicated by a gesture that the Rue Breda was not the paradise  of saints.    ""When she came before, this lady, was it with the same man?"" Sophia  asked coldly.","exclaimed Madame Foucault, bridling. ""It was a bad  sort, the other, a...! Ah, no.""    ""Why do you ask my advice?"" Sophia abruptly questioned, in a hard,  inimical voice. ""Is it that it concerns me?""    Tears came at once into the eyes of Madame Fou",False
OWT_C01904,"I'm not unkind,",831115,831132,Sophia,,Sophia,,NAMED,NONE,Sophia,AFTER_QUOTE_NAMED,ATTRIBUTED_DIALOGUE_CANDIDATE,"a bad  sort, the other, a...! Ah, no.""    ""Why do you ask my advice?"" Sophia abruptly questioned, in a hard,  inimical voice. ""Is it that it concerns me?""    Tears came at once into the eyes of Madame Foucault. ""Do not be  unkind,"" she implored.","said Sophia, in the same tone.    ""Shall you leave me if I accept this offer?""    There was a pause.    ""Yes,"" said Sophia, bluntly. She tried to be large-hearted,  large-minded, and sympathetic; but there was no sign of these qualities  in her spee",False
OWT_C01906,"Yes,",831237,831243,Sophia,,Sophia,,NAMED,NONE,Sophia,AFTER_QUOTE_NAMED,ATTRIBUTED_DIALOGUE_CANDIDATE,"ice. ""Is it that it concerns me?""    Tears came at once into the eyes of Madame Foucault. ""Do not be  unkind,"" she implored.    ""I'm not unkind,"" said Sophia, in the same tone.    ""Shall you leave me if I accept this offer?""    There was a pause.","said Sophia, bluntly. She tried to be large-hearted,  large-minded, and sympathetic; but there was no sign of these qualities  in her speech.    ""And if you take with you the furniture which is yours...!""    Sophia kept silence.    ""How am I to live",False
OWT_C01909,By being respectable and dealing with respectable people!,831546,831605,Sophia,,Sophia,,NAMED,NONE,Sophia,AFTER_QUOTE_NAMED,ATTRIBUTED_DIALOGUE_CANDIDATE,"large-minded, and sympathetic; but there was no sign of these qualities  in her speech.    ""And if you take with you the furniture which is yours...!""    Sophia kept silence.    ""How am I to live, I demand of you?"" Madame Foucault asked weakly.","said  Sophia, uncompromisingly, in tones of steel.    ""I am unhappy!"" murmured the elder woman. ""However, you are more strong  than I!""    She brusquely dabbed her eyes, gave a little sob, and ran out of the  room. Sophia listened at the door, and h",False
OWT_C01910,I am unhappy!,831660,831675,the elder woman.,,the elder woman,,DESCRIPTIVE,NONE,the elder woman,AFTER_QUOTE_DESCRIPTIVE,ATTRIBUTED_DIALOGUE_CANDIDATE,"you the furniture which is yours...!""    Sophia kept silence.    ""How am I to live, I demand of you?"" Madame Foucault asked weakly.    ""By being respectable and dealing with respectable people!"" said  Sophia, uncompromisingly, in tones of steel.","murmured the elder woman. ""However, you are more strong  than I!""    She brusquely dabbed her eyes, gave a little sob, and ran out of the  room. Sophia listened at the door, and heard her dismiss the would-be  tenants of the best bedroom. She wonder",False
OWT_C01913,Ah!,835646,835651,Madame Foucault,,Madame Foucault,,NAMED,NONE,Madame Foucault,AFTER_QUOTE_NAMED,ATTRIBUTED_DIALOGUE_CANDIDATE,"The association between them would be strange;  it would have been impossible to explain it to St. Luke's Square....  And yet, if there was anything at all in the virtue of Christian  charity, what could properly be urged against the association?","murmured Madame Foucault, kissing Sophia's hands, ""it is to-day,  then, that I recommence my life. You will see--you will see! You have  saved me!""    It was a strange sight, the time-worn, disfigured courtesan, half  prostrate before the beautiful",False
OWT_C01914,If we took a promenade on the boulevard?,836694,836736,,Madame Foucault,,Madame Foucault,NONE,NAMED,Madame Foucault,BEFORE_QUOTE_NAMED,ATTRIBUTED_DIALOGUE_CANDIDATE,"orked hard at the bedrooms from early  morning. The grocer was installed in his chamber, and the two other  rooms were cleansed as they had never been cleansed. At four o'clock,  the weather being more magnificent than ever, Madame Foucault said:","Sophia reflected. They were partners. ""Very well,"" she agreed.    The boulevard was crammed with gay, laughing crowds. All the cafes were  full. None, who did not know, could have guessed that the news of Sedan  was scarcely a day old in the capi",False
OWT_C01917,Vive la republique!,837407,837428,Madame Foucault,,Madame Foucault,,NAMED,NONE,Madame Foucault,AFTER_QUOTE_NAMED,ATTRIBUTED_DIALOGUE_CANDIDATE,"o,  perched on a ladder, was chipping away the ""N"" from the official sign  of a court-tradesman. He was exchanging jokes with a circle of open  mouths. It was in this way that Madame Foucault and Sophia learnt of  the establishment of a republic.","cried Madame Foucault, incontinently, and then  apologized to Sophia for the lapse.    They listened a long while to a man who was telling strange histories  of the Empress.    Suddenly Sophia noticed that Madame Foucault was no longer at her  elbow",False
OWT_C01964,My paper has stopped!,866541,866564,Chirac.,,Chirac,,NAMED,NONE,Chirac,AFTER_QUOTE_NAMED,ATTRIBUTED_DIALOGUE_CANDIDATE,"rac came home at an unusual hour, knocked at the  kitchen door, and said:    ""I must give notice to leave you.""    ""Why?"" she demanded curtly.    She was kneading flour and water for a potato-cake. Her potato-cakes  were the joy of the household.","said Chirac.    ""Oh!"" she added thoughtfully, but not looking at him. ""That is no  reason why you should leave.""    ""Yes,"" he said. ""This place is beyond my means. I do not need to tell  you that in ceasing to appear the paper has omitted to pay its",False
OWT_C01967,No!,866880,866885,Sophia.,,Sophia,,NAMED,NONE,Sophia,AFTER_QUOTE_NAMED,ATTRIBUTED_DIALOGUE_CANDIDATE,"him. ""That is no  reason why you should leave.""    ""Yes,"" he said. ""This place is beyond my means. I do not need to tell  you that in ceasing to appear the paper has omitted to pay its debts.  The house owes me a month's salary. So I must leave.""","said Sophia. ""You can pay me when you have money.""    He shook his head. ""I have no intention of accepting your kindness.""    ""Haven't you got any money?"" she abruptly asked.    ""None,"" said he. ""It is the disaster--quite simply!""    ""Then you will",False
OWT_C01983,"Ah! he has money,",867886,867905,Chirac,,Chirac,,NAMED,NONE,Chirac,AFTER_QUOTE_NAMED,ATTRIBUTED_DIALOGUE_CANDIDATE,"t,"" he protested. ""You ought to know it is not that.""  (She did.) ""It is solely that I cannot permit myself to----""    ""Enough!"" she cried peremptorily, stopping him. And then in a quieter  tone, ""And what about Carlier? Is he also in the ditch?""","said Chirac, with sad envy.    ""You also, one day,"" said she. ""You stop--in any case until after  Christmas, or we quarrel. Is it agreed?"" Her accent had softened.    ""You are too good!"" he yielded. ""I cannot quarrel with you. But it  pains me to ac",False
OWT_C01988,There!,869737,869745,Sophia,,Sophia,,NAMED,NONE,Sophia,AFTER_QUOTE_NAMED,ATTRIBUTED_DIALOGUE_CANDIDATE,"was earning nothing, to spend a sou more than was  absolutely necessary. He had decided to join forces with a widowed  sister, who was accustomed to parsimony as parsimony is understood in  France, and who was living on hoarded potatoes and wine.","said Sophia, ""you have lost me a tenant!""    And she insisted, half jocularly and half seriously, that Carlier was  leaving because he could not stand Chirac's infantile conceit. The flat  was full of acrimonious words.    On Christmas morning Chira",False
OWT_C02004,"Last year at this moment,",872503,872530,Chirac,,Chirac,,NAMED,NONE,Chirac,AFTER_QUOTE_NAMED,ATTRIBUTED_DIALOGUE_CANDIDATE,"sponse to the whip-cracking, which sounded in the streets as in an  empty vault. Higher up, in the Rue Fontaine, one of the few shops that  were open displayed this announcement: ""A large selection of cheeses  for New Year's gifts."" They laughed.","said Chirac, ""I was thinking of only one  thing--the masked ball at the opera. I could not sleep after it. This  year even the churches, are not open. And you?""    She put her lips together. ""Do not ask me,"" she said.    They proceeded in silence.",False
OWT_C02010,Ah! the poor animal!,875049,875071,Chirac,,Chirac,,NAMED,NONE,Chirac,AFTER_QUOTE_NAMED,ATTRIBUTED_DIALOGUE_CANDIDATE,"eted his customers as honest friends. His  greasy face was honest, and so was the pale, weary, humorous face of  his wife. Chirac saluted her.    ""You see,"" said she, across from the other corner, indicating a bone on  her plate. ""This is Diane!""","exclaimed Chirac, sympathetically.    ""What would you?"" said the landlady. ""It cost too dear to feed her. And  she was so mignonne! One could not watch her grow thin!""    ""I was saying to my wife,"" the landlord put in, ""how she would have  enjoyed t",False
OWT_C02011,What would you?,875110,875127,the landlady.,,the landlady,,DESCRIPTIVE,NONE,the landlady,AFTER_QUOTE_DESCRIPTIVE,ATTRIBUTED_DIALOGUE_CANDIDATE,"nest, and so was the pale, weary, humorous face of  his wife. Chirac saluted her.    ""You see,"" said she, across from the other corner, indicating a bone on  her plate. ""This is Diane!""    ""Ah! the poor animal!"" exclaimed Chirac, sympathetically.","said the landlady. ""It cost too dear to feed her. And  she was so mignonne! One could not watch her grow thin!""    ""I was saying to my wife,"" the landlord put in, ""how she would have  enjoyed that bone--Diane!"" He roared with laughter.    Sophia and",False
OWT_C02016,Ah!,876148,876153,the landlord,,the landlord,,DESCRIPTIVE,NONE,the landlord,AFTER_QUOTE_DESCRIPTIVE,ATTRIBUTED_DIALOGUE_CANDIDATE,"knew the value of the  little money they had, and who knew also how to appreciate sincere and  accomplished cookery. The landlord was the chef, and he was always  referred to as the chef, even by his wife.    ""How did you get that?"" Chirac asked.","said the landlord, mysteriously. ""I have one of my friends, who  comes from Villeneuve St. Georges--refugee, you know. In fine ..."" A  wave of the fat hands, suggesting that Chirac should not inquire too  closely.    ""In effect!"" Chirac commented. """,False
OWT_C02019,I believe you that it is chic!,876434,876466,the landlady,,the landlady,,DESCRIPTIVE,NONE,the landlady,AFTER_QUOTE_DESCRIPTIVE,ATTRIBUTED_DIALOGUE_CANDIDATE,"y. ""I have one of my friends, who  comes from Villeneuve St. Georges--refugee, you know. In fine ..."" A  wave of the fat hands, suggesting that Chirac should not inquire too  closely.    ""In effect!"" Chirac commented. ""But it is very chic, that!""","said the landlady, sturdily.    ""It is charming,"" Sophia murmured politely.    ""And then a quite little salad!"" said the landlord.    ""But that--that is still more striking!"" said Chirac.    The landlord winked. The fact was that the commerce which",False
OWT_C02021,And then a quite little salad!,876546,876578,the landlord.,,the landlord,,DESCRIPTIVE,NONE,the landlord,AFTER_QUOTE_DESCRIPTIVE,ATTRIBUTED_DIALOGUE_CANDIDATE,"the fat hands, suggesting that Chirac should not inquire too  closely.    ""In effect!"" Chirac commented. ""But it is very chic, that!""    ""I believe you that it is chic!"" said the landlady, sturdily.    ""It is charming,"" Sophia murmured politely.","said the landlord.    ""But that--that is still more striking!"" said Chirac.    The landlord winked. The fact was that the commerce which resulted in  fresh green vegetables in the heart of a beleagured town was notorious.    ""And then also a quite l",False
OWT_C02023,And then also a quite little cheese!,876804,876842,Sophia,,Sophia,,NAMED,NONE,Sophia,AFTER_QUOTE_NAMED,ATTRIBUTED_DIALOGUE_CANDIDATE,"n a quite little salad!"" said the landlord.    ""But that--that is still more striking!"" said Chirac.    The landlord winked. The fact was that the commerce which resulted in  fresh green vegetables in the heart of a beleagured town was notorious.","said Sophia, slightly imitating  the tone of the landlord, as she drew from the inwardness of her cloak  a small round parcel. It contained a Brie cheese, in fairly good  condition. It was worth at least fifty francs, and it had cost Sophia  less th",False
OWT_C02024,Madame is too good!,877244,877265,the landlady,,the landlady,,DESCRIPTIVE,NONE,the landlady,AFTER_QUOTE_DESCRIPTIVE,ATTRIBUTED_DIALOGUE_CANDIDATE,"se, in fairly good  condition. It was worth at least fifty francs, and it had cost Sophia  less than two francs. The landlady joined the landlord in inspecting  this wondrous jewel. Sophia seized a knife and cut a slice for the  landlady's table.","said the landlady, confused by this noble  generosity, and bearing the gift off to her table as a fox-terrier will  hurriedly seek solitude with a sumptuous morsel. The landlord beamed.  Chirac was enchanted. In the intimate and unaffected cosiness",False
OWT_C02025,"It is a friend of mine,",877916,877941,the landlord,,the landlord,,DESCRIPTIVE,NONE,the landlord,AFTER_QUOTE_DESCRIPTIVE,ATTRIBUTED_DIALOGUE_CANDIDATE,"or the feet of madame. It was  more an acknowledgment of the slice of cheese than a necessity, for the  restaurant was very warm; the tiny kitchen opened directly into it, and  the door between the two was open; there was no ventilation whatever.","said the landlord, proudly, in the way of  gossip as he served an undescribed soup, ""a butcher in the Faubourg St.  Honore, who has bought the three elephants of the Jardin des Plantes  for twenty-seven thousand francs.""    Eyebrows were lifted. He",False
OWT_C02066,The victuals!,904946,904961,the man with the watch.,,the man with the watch,,DESCRIPTIVE,NONE,the man with the watch,AFTER_QUOTE_DESCRIPTIVE,ATTRIBUTED_DIALOGUE_CANDIDATE,"d, sir! Yes, sir!""    Suddenly Chirac turned to the car and put a question to the sailor, who  shook his head. Whereupon Chirac gave a gesture of submissive despair  to the man with the watch. And in an instant the whole throng was in a  ferment.","cried the man with the watch. ""The victuals, name of  God! Must one be indeed an idiot to forget the victuals! Name of  God--of God!""    Sophia smiled at the agitation, and at the inefficient management which  had never thought of food. For it appea",True
OWT_C02078,"He is never too prompt, the Governor. It is a quality!",910886,910942,Carlier,,Carlier,,NAMED,NONE,Carlier,AFTER_QUOTE_NAMED,ATTRIBUTED_DIALOGUE_CANDIDATE,"sponded, bent down to  make an inquiry, which Chirac answered, and then, with another exchange  of salutes, the official telegram was handed over to Chirac, and the  horse backed away from the crowd. It was quite thrilling. Carlier was  thrilled.","said Carlier,  with irony.    Chirac entered the car. And then the old man with the watch drew a  black bag from the shadow behind him and entrusted it to Chirac, who  accepted it with a profound deference and hid it. The sailor began to  issue comm",False
OWT_C02079,Let go all!,911430,911443,the sailor,,the sailor,,DESCRIPTIVE,NONE,the sailor,AFTER_QUOTE_DESCRIPTIVE,ATTRIBUTED_DIALOGUE_CANDIDATE,issue commands. The men at the ropes were bending down now. Suddenly  the balloon rose about a foot and trembled. The sailor continued to  shout. All the persons of authority gazed motionless at the balloon.  The moment of suspense was eternal.,"cried the sailor, standing up, and clinging to the  cordage. Chirac was seated in the car, a mass of dark fur with a small  patch of white in it. The men at the ropes were a knot of struggling  confused figures.    One side of the car tilted up, and",False
OWT_C02081,Adieu!,911925,911933,Chirac,,Chirac,,NAMED,NONE,Chirac,AFTER_QUOTE_NAMED,ATTRIBUTED_DIALOGUE_CANDIDATE,"car tilted up, and the sailor was nearly pitched out.  Three men at the other side had failed to free the ropes.    ""Let go, corpses!"" the sailor yelled at them.    The balloon jumped, as if it were drawn by some terrific impulse from  the skies.","called Chirac, pulling his cap off and waving it. ""Adieu!""    ""Bon voyage! Bon voyage!"" the little crowd cheered. And then, ""Vive la  France!"" Throats tightened, including Sophia's.    But the top of the balloon had leaned over, destroying its pear-",False
OWT_C02089,"No,",933544,933549,Peel-Swynnerton,,Peel-Swynnerton,,NAMED,NONE,Peel-Swynnerton,AFTER_QUOTE_NAMED,ATTRIBUTED_DIALOGUE_CANDIDATE,"intedly engaged Peel-Swynnerton  with his sociable glance.    ""Ah!"" he breathed out. ""Nuisance when you come in late, sir!""    Peel-Swynnerton gave a reluctant affirmative.    ""Doesn't only upset you! It upsets the house! Servants don't like it!""","murmured Peel-Swynnerton, ""I suppose not.""    ""However, it's not often _I_'m late,"" said the man. ""Can't help it  sometimes. Business! Worst of these French business people is that  they've no notion of time. Appointments...! God bless my soul!""",False
OWT_C02091,"However, it's not often _I_'m late,",933596,933633,the man.,,the man,,DESCRIPTIVE,NONE,the man,AFTER_QUOTE_DESCRIPTIVE,ATTRIBUTED_DIALOGUE_CANDIDATE,"lance.    ""Ah!"" he breathed out. ""Nuisance when you come in late, sir!""    Peel-Swynnerton gave a reluctant affirmative.    ""Doesn't only upset you! It upsets the house! Servants don't like it!""    ""No,"" murmured Peel-Swynnerton, ""I suppose not.""","said the man. ""Can't help it  sometimes. Business! Worst of these French business people is that  they've no notion of time. Appointments...! God bless my soul!""    ""Do you come here often?"" asked Peel-Swynnerton. He detested the  fellow, quite inex",False
OWT_C02093,"I live here,",934147,934161,the other.,,the other,,DESCRIPTIVE,NONE,the other,AFTER_QUOTE_DESCRIPTIVE,ATTRIBUTED_DIALOGUE_CANDIDATE,"ps because his serviette was tucked  under his chin; but he saw that the fellow was one of your determined  talkers, who always win in the end. Moreover, as being clearly not an  ordinary tourist in Paris, the fellow mildly excited his curiosity.","said the other. ""Very convenient for a bachelor, you  know. Have done for years. My office is just close by. You may know my  name--Lewis Mardon.""    Peel-Swynnerton hesitated. The hesitation convicted him of not 'knowing  his Paris' well.    ""House",False
OWT_C02094,"House-agent,",934405,934419,Lewis Mardon,,Lewis Mardon,,NAMED,NONE,Lewis Mardon,AFTER_QUOTE_NAMED,ATTRIBUTED_DIALOGUE_CANDIDATE,"here,"" said the other. ""Very convenient for a bachelor, you  know. Have done for years. My office is just close by. You may know my  name--Lewis Mardon.""    Peel-Swynnerton hesitated. The hesitation convicted him of not 'knowing  his Paris' well.","said Lewis Mardon, quickly.    ""Oh yes,"" said Peel-Swynnerton, vaguely recalling a vision of the name  among the advertisements on newspaper kiosks.    ""I expect,"" Mr. Mardon went on, ""my name is as well-known as anybody's  in Paris.""    ""I suppose",False
OWT_C02095,"Oh yes,",934451,934460,Peel-Swynnerton,,Peel-Swynnerton,,NAMED,NONE,Peel-Swynnerton,AFTER_QUOTE_NAMED,ATTRIBUTED_DIALOGUE_CANDIDATE,"bachelor, you  know. Have done for years. My office is just close by. You may know my  name--Lewis Mardon.""    Peel-Swynnerton hesitated. The hesitation convicted him of not 'knowing  his Paris' well.    ""House-agent,"" said Lewis Mardon, quickly.","said Peel-Swynnerton, vaguely recalling a vision of the name  among the advertisements on newspaper kiosks.    ""I expect,"" Mr. Mardon went on, ""my name is as well-known as anybody's  in Paris.""    ""I suppose so,"" assented Peel-Swynnerton.    The con",False
OWT_C02101,"Very,",936097,936104,Peel-Swynnerton,,Peel-Swynnerton,,NAMED,NONE,Peel-Swynnerton,AFTER_QUOTE_NAMED,ATTRIBUTED_DIALOGUE_CANDIDATE,"him to write home for  money to replace the money spent on making himself into a fool.    Mr. Mardon was conscious of a check. But, being of an accommodating  disposition, he at once tried another direction.    ""Good food here, eh?"" he suggested.","said Peel-Swynnerton, with sincerity. ""I was quite--""    At that moment, a tall straight woman of uncertain age pushed open the  principal door and stood for an instant in the doorway. Peel-Swynnerton  had just time to notice that she was handsome a",False
OWT_C02103,Who is that?,936599,936613,Peel-Swynnerton,,Peel-Swynnerton,,NAMED,NONE,Peel-Swynnerton,AFTER_QUOTE_NAMED,ATTRIBUTED_DIALOGUE_CANDIDATE,"ome and pale, and that her  hair was black, and then she was gone again, followed by a clipped  poodle that accompanied her. She had signed with a brief gesture to one  of the servants, who at once set about lighting the gas-jets over the  table.","asked Peel-Swynnerton, without reflecting that it was  now he who was making advances to the fellow whose napkin covered all  his shirt-front.    ""That's the missis, that is,"" said Mr. Mardon, in a lower and  semi-confidential voice.    ""Oh! Mrs. Fr",False
OWT_C02104,"That's the missis, that is,",936760,936789,Mr. Mardon,,Mr. Mardon,,NAMED,NONE,Mr. Mardon,AFTER_QUOTE_NAMED,ATTRIBUTED_DIALOGUE_CANDIDATE,"to one  of the servants, who at once set about lighting the gas-jets over the  table.    ""Who is that?"" asked Peel-Swynnerton, without reflecting that it was  now he who was making advances to the fellow whose napkin covered all  his shirt-front.","said Mr. Mardon, in a lower and  semi-confidential voice.    ""Oh! Mrs. Frensham?""    ""Yes. But her real name is Scales,"" said Mr. Mardon, proudly.    ""Widow, I suppose?""    ""Yes.""    ""And she runs the whole show?""    ""She runs the entire contraption",False
OWT_C02106,"Yes. But her real name is Scales,",936875,936910,Mr. Mardon,,Mr. Mardon,,NAMED,NONE,Mr. Mardon,AFTER_QUOTE_NAMED,ATTRIBUTED_DIALOGUE_CANDIDATE,"Swynnerton, without reflecting that it was  now he who was making advances to the fellow whose napkin covered all  his shirt-front.    ""That's the missis, that is,"" said Mr. Mardon, in a lower and  semi-confidential voice.    ""Oh! Mrs. Frensham?""","said Mr. Mardon, proudly.    ""Widow, I suppose?""    ""Yes.""    ""And she runs the whole show?""    ""She runs the entire contraption,"" said Mr. Mardon, solemnly; ""and  don't you make any mistake!"" He was getting familiar.    Peel-Swynnerton beat him off",False
OWT_C02110,"She runs the entire contraption,",937007,937041,Mr. Mardon,,Mr. Mardon,,NAMED,NONE,Mr. Mardon,AFTER_QUOTE_NAMED,ATTRIBUTED_DIALOGUE_CANDIDATE,"""That's the missis, that is,"" said Mr. Mardon, in a lower and  semi-confidential voice.    ""Oh! Mrs. Frensham?""    ""Yes. But her real name is Scales,"" said Mr. Mardon, proudly.    ""Widow, I suppose?""    ""Yes.""    ""And she runs the whole show?""","said Mr. Mardon, solemnly; ""and  don't you make any mistake!"" He was getting familiar.    Peel-Swynnerton beat him off once more, glancing with careful,  uninterested nonchalance at the gas-burners which exploded one after  another with a little plo",False
OWT_C02111,Have a whiskey?,939750,939767,Mr. Mardon,,Mr. Mardon,,NAMED,NONE,Mr. Mardon,AFTER_QUOTE_NAMED,ATTRIBUTED_DIALOGUE_CANDIDATE,"was out of date, and  Peel-Swynnerton was able to set him right on important details. But his  information about Paris was infinitely precious and interesting to the  younger man, who saw that he had hitherto lived under strange  misconceptions.","asked Mr. Mardon, suddenly. ""Very good here!"" he  added.    ""Thanks!"" drawled Peel-Swynnerton.    The temptation to listen to Mr. Mardon as long as Mr. Mardon would talk  was not to be overcome. And presently, when the old men had departed,  they we",False
OWT_C02115,"Do have one with me,",940285,940307,Matthew,,Matthew,,NAMED,NONE,Matthew,AFTER_QUOTE_NAMED,ATTRIBUTED_DIALOGUE_CANDIDATE,"each other stories in the dimness of the  retreat. Then, when the supply of stories came to an end, Mr. Mardon  smacked his lips over the last drop of whiskey and ejaculated: ""Yes!""  as if giving a general confirmation to all that had been said.","said Matthew, politely. It was the least he  could do.    The second supply of whiskies was brought into the Lounge by Mr.  Mardon's Marie. He smiled on her familiarly, and remarked that he  supposed she would soon be going to bed after a hard day's",False
OWT_C02116,"Carries herself well, doesn't she?",940625,940661,Mr. Mardon,,Mr. Mardon,,NAMED,NONE,Mr. Mardon,AFTER_QUOTE_NAMED,ATTRIBUTED_DIALOGUE_CANDIDATE,"d supply of whiskies was brought into the Lounge by Mr.  Mardon's Marie. He smiled on her familiarly, and remarked that he  supposed she would soon be going to bed after a hard day's work. She  gave a moue and a flounce in reply, and swished out.","observed Mr. Mardon, as though  Marie had been an exhibit at an agricultural show. ""Ten years ago she  was very fresh and pretty, but of course it takes it out of 'em, a  place like this!""    ""But still,"" said Peel-Swynnerton, ""they must like it or",False
OWT_C02117,"But still,",940854,940866,Peel-Swynnerton,,Peel-Swynnerton,,NAMED,NONE,Peel-Swynnerton,AFTER_QUOTE_NAMED,ATTRIBUTED_DIALOGUE_CANDIDATE,"and swished out.    ""Carries herself well, doesn't she?"" observed Mr. Mardon, as though  Marie had been an exhibit at an agricultural show. ""Ten years ago she  was very fresh and pretty, but of course it takes it out of 'em, a  place like this!""","said Peel-Swynnerton, ""they must like it or they wouldn't  stay--that is, unless things are very different here from what they are  in England.""    The conversation seemed to have stimulated him to examine the woman  question in all its bearings, wi",False
OWT_C02127,Yes!,943585,943591,Mr. Mardon after a pause,,Mr. Mardon after a pause,,NAMED,NONE,Mr. Mardon after a pause,AFTER_QUOTE_NAMED,ATTRIBUTED_DIALOGUE_CANDIDATE,"ris a long time,"" said Peel-Swynnerton.    Mr. Mardon could never resist an opportunity to talk about himself. His  was a wonderful history. And Peel-Swynnerton, while scorning the man  for his fatuity, was impressed. And when that was finished--","said Mr. Mardon after a pause, reaffirming everything in  general by a single monosyllable.    Shortly afterwards he rose, saying that his habits were regular.    ""Good-night,"" he said with a mechanical smile.    ""G-good-night,"" said Peel-Swynnerton",True
OWT_C02129,"G-good-night,",943805,943820,Peel-Swynnerton,,Peel-Swynnerton,,NAMED,NONE,Peel-Swynnerton,AFTER_QUOTE_NAMED,ATTRIBUTED_DIALOGUE_CANDIDATE,"d when that was finished--    ""Yes!"" said Mr. Mardon after a pause, reaffirming everything in  general by a single monosyllable.    Shortly afterwards he rose, saying that his habits were regular.    ""Good-night,"" he said with a mechanical smile.","said Peel-Swynnerton, trying to force the tone of  fellowship and not succeeding. Their intimacy, which had sprung up like  a mushroom, suddenly fell into dust. Peel-Swynnerton's unspoken comment  to Mr. Mardon's back was: ""Ass!"" Still, the sum of P",False
OWT_C02144,"Hello, Matt!",951802,951816,the second figure,,the second figure,,DESCRIPTIVE,NONE,the second figure,AFTER_QUOTE_DESCRIPTIVE,ATTRIBUTED_DIALOGUE_CANDIDATE,ing his straw hat on his head with one hand. On reaching  the pavement he checked himself suddenly and became carelessly calm.  Another straw-hatted and grey-clad figure was standing at the side-gate  of No. 26 in the act of lighting a cigarette.,"exclaimed the second figure, languidly, and in a veiled  voice due to the fact that he was still holding the match to the  cigarette and puffing. ""What's the meaning of all this fluster? You're  just the man I want to see.""    He threw away the matc",False
OWT_C02145,"I want to see you, too,",952184,952209,Matthew.,,Matthew,,NAMED,NONE,Matthew,AFTER_QUOTE_NAMED,ATTRIBUTED_DIALOGUE_CANDIDATE,"the  cigarette and puffing. ""What's the meaning of all this fluster? You're  just the man I want to see.""    He threw away the match with a wave of the arm, and took Matthew's hand  for a moment, blowing a double shaft of smoke through his nose.","said Matthew. ""And I've only got a minute.  I'm on my way to Euston. I must catch the twelve-five.""    He looked at his friend, and could positively see no feature of it that  was not a feature of Mrs. Scales's face. Also, the elderly woman held  he",False
OWT_C02146,"Have a cigarette,",952543,952562,Cyril Povey,,Cyril Povey,,NAMED,NONE,Cyril Povey,AFTER_QUOTE_NAMED,ATTRIBUTED_DIALOGUE_CANDIDATE,"he twelve-five.""    He looked at his friend, and could positively see no feature of it that  was not a feature of Mrs. Scales's face. Also, the elderly woman held  her body in exactly the same way as the young man. It was entirely  disconcerting.","answered Cyril Povey, imperturbably. He was two  years younger than Matthew, from whom he had acquired most of his vast  and intricate knowledge of life and art, with certain leading notions  of deportment; whose pupil indeed he was in all the thing",False
OWT_C02149,"Well, that's very nice of you,",953892,953924,Cyril,,Cyril,,NAMED,NONE,Cyril,AFTER_QUOTE_NAMED,ATTRIBUTED_DIALOGUE_CANDIDATE,"th itself, and needing  nothing.    Matthew lightly took Cyril's arm and drew him further down the street,  past the gate leading to the studio (hidden behind a house) which Cyril  rented.    ""Look here, my boy,"" he began, ""I've found your aunt.""","said Cyril, solemnly. ""That's a  friendly act. May I ask what aunt?""    ""Mrs. Scales,"" said Matthew. ""You know--""    ""Not the--"" Cyril's face changed.    ""Yes, precisely!"" said Matthew, feeling that he was not being cheated  of the legitimate joy ca",False
OWT_C02150,"Mrs. Scales,",953997,954011,Matthew.,,Matthew,,NAMED,NONE,Matthew,AFTER_QUOTE_NAMED,ATTRIBUTED_DIALOGUE_CANDIDATE,",  past the gate leading to the studio (hidden behind a house) which Cyril  rented.    ""Look here, my boy,"" he began, ""I've found your aunt.""    ""Well, that's very nice of you,"" said Cyril, solemnly. ""That's a  friendly act. May I ask what aunt?""","said Matthew. ""You know--""    ""Not the--"" Cyril's face changed.    ""Yes, precisely!"" said Matthew, feeling that he was not being cheated  of the legitimate joy caused by making a sensation. Assuredly he had  made a sensation in Victoria Grove.    Wh",False
OWT_C02153,"Yes, precisely!",954079,954096,Matthew,,Matthew,,NAMED,NONE,Matthew,AFTER_QUOTE_NAMED,ATTRIBUTED_DIALOGUE_CANDIDATE,".    ""Look here, my boy,"" he began, ""I've found your aunt.""    ""Well, that's very nice of you,"" said Cyril, solemnly. ""That's a  friendly act. May I ask what aunt?""    ""Mrs. Scales,"" said Matthew. ""You know--""    ""Not the--"" Cyril's face changed.","said Matthew, feeling that he was not being cheated  of the legitimate joy caused by making a sensation. Assuredly he had  made a sensation in Victoria Grove.    When he had related the whole story, Cyril said: ""Then she doesn't know  you know?""",False
OWT_C02157,Proof be damned!,954593,954611,Matthew,,Matthew,,NAMED,NONE,Matthew,AFTER_QUOTE_NAMED,ATTRIBUTED_DIALOGUE_CANDIDATE,"""I don't think so. No, I'm sure she doesn't. She may guess.""    ""But how can you be certain you haven't made a mistake? It may be  that--""    ""Look here, my boy,"" Matthew interrupted him. ""I've not made any  mistake.""    ""But you've no proof.""","said Matthew, nettled. ""I tell you it's HER!""    ""Oh! All right! All right! What puzzles me most is what the devil you  were doing in a place like that. According to your description of it,  it must be a--""    ""I went there because I was broke,"" sai",False
OWT_C02159,"I went there because I was broke,",954822,954857,Matthew.,,Matthew,,NAMED,NONE,Matthew,AFTER_QUOTE_NAMED,ATTRIBUTED_DIALOGUE_CANDIDATE,"you've no proof.""    ""Proof be damned!"" said Matthew, nettled. ""I tell you it's HER!""    ""Oh! All right! All right! What puzzles me most is what the devil you  were doing in a place like that. According to your description of it,  it must be a--""","said Matthew.    ""Razzle?""    Matthew nodded.    ""Pretty stiff, that!"" commented Cyril, when Matthew had narrated the  prologue to Frensham's.    ""Well, she absolutely swore she never took less than two hundred  francs. And she looked it, too! And s",False
OWT_C02166,Can't!,955758,955766,Matthew.,,Matthew,,NAMED,NONE,Matthew,AFTER_QUOTE_NAMED,ATTRIBUTED_DIALOGUE_CANDIDATE,"open your eyes, my child.""    Cyril smiled sheepishly. ""Why can't you stay now?"" he asked. ""I'm going  to take the cast of that Verrall girl's arm this afternoon, and I know  I can't do it alone. And Robson's no good. You're just the man I want.""","said Matthew.    ""Well, come into the studio a minute, anyhow.""    ""Haven't time; I shall miss my train.""    ""I don't care if you miss forty trains. You must come in. You've got to  see that fountain,"" Cyril insisted crossly.    Matthew yielded. Whe",False
OWT_C02170,"Yes,",956206,956212,Cyril,,Cyril,,NAMED,NONE,Cyril,AFTER_QUOTE_NAMED,ATTRIBUTED_DIALOGUE_CANDIDATE,"t fountain,"" Cyril insisted crossly.    Matthew yielded. When they emerged into the street again, after six  minutes of Cyril's savage interest in his own work, Matthew remembered  Mrs. Scales.    ""Of course you'll write to your mother?"" he said.","said Cyril, ""I'll write; but if you happen to see her, you might  tell her.""    ""I will,"" said Matthew. ""Shall you go over to Paris?""    ""What! To see Auntie?"" He smiled. ""I don't know. Depends. If the mater  will fork out all my exes ... it's an id",False
OWT_C02171,"I will,",956293,956302,Matthew.,,Matthew,,NAMED,NONE,Matthew,AFTER_QUOTE_NAMED,ATTRIBUTED_DIALOGUE_CANDIDATE,"eet again, after six  minutes of Cyril's savage interest in his own work, Matthew remembered  Mrs. Scales.    ""Of course you'll write to your mother?"" he said.    ""Yes,"" said Cyril, ""I'll write; but if you happen to see her, you might  tell her.""","said Matthew. ""Shall you go over to Paris?""    ""What! To see Auntie?"" He smiled. ""I don't know. Depends. If the mater  will fork out all my exes ... it's an idea,"" he said lightly, and then  without any change of tone, ""Naturally, if you're going to",False
OWT_C02176,"Yes, sir,",957088,957099,the driver,,the driver,,DESCRIPTIVE,NONE,the driver,AFTER_QUOTE_DESCRIPTIVE,ATTRIBUTED_DIALOGUE_CANDIDATE,"emanded. ""It's a good thing  I've got my return ticket. I've run it as fine as ever I did in my  life.""    Cyril produced eight shillings in silver. Secure in the possession of  these riches, Matthew called to the driver--    ""Euston--like hell!""","said the driver, calmly.    ""Not coming my way I suppose?"" Matthew shouted as an afterthought, just  when the cab began to move.    ""No. Barber's,"" Cyril shouted in answer, and waved his hand.    The horse rattled into Fulham Road.    III    Three d",False
OWT_C02180,"Not since Wednesday,",959457,959479,Matthew.,,Matthew,,NAMED,NONE,Matthew,AFTER_QUOTE_NAMED,ATTRIBUTED_DIALOGUE_CANDIDATE,"e greeted her, standing over her with his hat  raised. (It was a fashion he had picked up in Paris.) ""Here I am, you  see.""    ""You're quite a stranger, Mr. Matthew. I needn't ask you how you are.  Have you been seeing anything of my boy lately?""","said Matthew. ""Of course he's written to you?""    ""There's no 'of course' about it,"" she laughed faintly. ""I had a short  letter from him on Wednesday morning. He said you were in Paris.""    ""But since that--hasn't he written?""    ""If I hear from hi",False
OWT_C02184,"If I hear from him on Sunday I shall be lucky, bless ye!",959711,959769,Constance,,Constance,,NAMED,NONE,Constance,AFTER_QUOTE_NAMED,ATTRIBUTED_DIALOGUE_CANDIDATE,"since Wednesday,"" said Matthew. ""Of course he's written to you?""    ""There's no 'of course' about it,"" she laughed faintly. ""I had a short  letter from him on Wednesday morning. He said you were in Paris.""    ""But since that--hasn't he written?""","said  Constance, grimly. ""It's not letter-writing that will kill Cyril.""    ""But do you mean to say he hasn't--"" Matthew stopped.    ""Whatever's amiss?"" asked Constance. Matthew was at a loss to know what  to do or say. ""Oh, nothing.""    ""Now, Mr. M",False
OWT_C02205,"Mr. Matthew will come with me,",965033,965065,Constance.,,Constance,,NAMED,NONE,Constance,AFTER_QUOTE_NAMED,ATTRIBUTED_DIALOGUE_CANDIDATE,"trength, she saw the hedge of faces at the doorway, she agreed with  Mr. Shawcross that she would do better to have a cab. Young Allman went  to the door and whistled to the unique cab that stands for ever at the  grand entrance to the Town Hall.","said Constance.    ""Certainly, with pleasure,"" said Matthew.    And she passed through the little crowd of gapers on Mr. Shawcross's  arm.    ""Just take care of yourself, missis,"" said Mr. Shawcross to her,  through the window of the cab. ""It's fain",False
OWT_C02207,"Just take care of yourself, missis,",965208,965245,Mr. Shawcross to her,,Mr. Shawcross to her,,NAMED,NONE,Mr. Shawcross to her,AFTER_QUOTE_NAMED,ATTRIBUTED_DIALOGUE_CANDIDATE,"nique cab that stands for ever at the  grand entrance to the Town Hall.    ""Mr. Matthew will come with me,"" said Constance.    ""Certainly, with pleasure,"" said Matthew.    And she passed through the little crowd of gapers on Mr. Shawcross's  arm.","said Mr. Shawcross to her,  through the window of the cab. ""It's fainting weather, and we're none  of us any younger, seemingly.""    She nodded.    ""I'm awfully sorry I upset you, Mrs. Povey,"" said Matthew, when the cab  moved.    She shook her head",False
OWT_C02208,"I'm awfully sorry I upset you, Mrs. Povey,",965394,965438,Matthew,,Matthew,,NAMED,NONE,Matthew,AFTER_QUOTE_NAMED,ATTRIBUTED_DIALOGUE_CANDIDATE,"through the little crowd of gapers on Mr. Shawcross's  arm.    ""Just take care of yourself, missis,"" said Mr. Shawcross to her,  through the window of the cab. ""It's fainting weather, and we're none  of us any younger, seemingly.""    She nodded.","said Matthew, when the cab  moved.    She shook her head, refusing his apology as unnecessary. Tears filled  her eyes. In less than a minute the cab had stopped in front of  Constance's light-grained door. She demanded her reticule from Matthew,  wh",False
OWT_C02214,"It's really very funny that Cyril hasn't written to you,",968312,968370,Matthew.,,Matthew,,NAMED,NONE,Matthew,AFTER_QUOTE_NAMED,ATTRIBUTED_DIALOGUE_CANDIDATE,"ped for this. Never hoped for it!"" she  went on. ""It makes me so happy--in a way.... You mustn't take any  notice of me. I'm silly. You must kindly write down that address for  me. And I must write to Cyril at once. And I must see Mr. Critchlow.""","said Matthew.    ""Cyril has not been a good son,"" she said with sudden, solemn coldness.  ""To think that he should have kept that...!"" She wept again.    At length Matthew saw the possibility of leaving. He felt her warm,  soft, crinkled hand round",False
OWT_C02218,"She is sleeping tranquilly, the poor one!",969662,969705,the portress,,the portress,,DESCRIPTIVE,NONE,the portress,AFTER_QUOTE_DESCRIPTIVE,ATTRIBUTED_DIALOGUE_CANDIDATE,"Matthew Peel-Swynnerton spoke to Mrs. Scales, Matthew  was not the only person in the Pension Frensham who failed to sleep.  When the old portress came downstairs from her errand, she observed  that her mistress was leaving the mahogany retreat.","said the portress,  discharging her commission, which had been to learn the latest news of  the mistress's indisposed dog, Fossette. In saying this her ancient,  vibrant voice was rich with sympathy for the suffering animal. And she  smiled. She was",False
OWT_C02219,"I think I shall go to bed, Jacqueline,",970554,970594,the mistress,,the mistress,,DESCRIPTIVE,NONE,the mistress,AFTER_QUOTE_DESCRIPTIVE,ATTRIBUTED_DIALOGUE_CANDIDATE,", over a quarter of a century before, because she was old and  could not easily have found another place. Although the clientele was  almost exclusively English, she spoke only French, explaining herself  to Britons by means of benevolent smiles.","said the mistress, in reply.    A strange reply, thought Jacqueline. The unalterable custom of  Jacqueline was to retire at midnight and to rise at five-thirty. Her  mistress also usually retired about midnight, and during the final hour  mistress a",False
OWT_C02221,"Arrange yourself as you can,",971269,971299,the mistress,,the mistress,,DESCRIPTIVE,NONE,the mistress,AFTER_QUOTE_DESCRIPTIVE,ATTRIBUTED_DIALOGUE_CANDIDATE,"was satisfactory, and that  madame and Jacqueline had several customary daily matters to discuss,  it seemed odd that madame should thus be going instantly to bed.  However, Jacqueline said nothing but:    ""Very well, madame. And the number 32?""","said the mistress, curtly.    ""It is well, madame. Good evening, madame, and a good night.""    Jacqueline, alone in the hall, re-entered her box and set upon one of  those endless, mysterious tasks which occupied her when she was not  rushing to and",False
OWT_C02230,"I will fetch the doctor--myself,",980597,980631,Jacqueline,,Jacqueline,,NAMED,NONE,Jacqueline,AFTER_QUOTE_NAMED,ATTRIBUTED_DIALOGUE_CANDIDATE,"acqueline!""    It came out of her, a horribly difficult and misshapen birth, but it  came. She was exhausted.    ""Yes, madame."" Jacqueline entered.    As soon as she had a glimpse of Sophia she threw up her hands. Sophia  stared at her, wordless.","whispered Jacqueline, and fled.    ""Jacqueline!"" The woman stopped. Then Sophia determined to force  herself to make a speech, and she braced her muscles to an  unprecedented effort. ""Say not a word to the others."" She could not  bear that the whole",False
OWT_C02249,"There's only one thing that makes me dream of it even for a moment,",995269,995338,Sophia.,,Sophia,,NAMED,NONE,Sophia,AFTER_QUOTE_NAMED,ATTRIBUTED_DIALOGUE_CANDIDATE,","" she said.    He took his leave, waddling down the street in his vague clothes,  conscious of his fame as Lewis Mardon, the great house-agent of the  Champs Elysees, known throughout Europe and America.    In a few days he did mention it again.","said Sophia. ""And that is my sister's health.""    ""Your sister!"" he exclaimed. He did not know she had a sister. Never  had she spoken of her family.    ""Yes. Her letters are beginning to worry me.""    ""Does she live in Paris?""    ""No. In Staffords",False
OWT_C02256,"That will do, thank you, Amy,",997736,997767,Constance,,Constance,,NAMED,NONE,Constance,AFTER_QUOTE_NAMED,ATTRIBUTED_DIALOGUE_CANDIDATE,"r, he wore the same long white apron, and his voice (which  showed however an occasional tendency to shrillness) had the same  grating quality. He stood fairly straight. He was carrying a newspaper  in his vellum hand.    ""Well, missis!"" he said.","said Constance, quietly. Amy went  slowly.    ""So ye're washing him for her!"" said Mr. Critchlow.    ""Yes,"" Constance admitted. Spot glanced sharply at the aged man.    ""An' ye seen this bit in the paper about Sophia?"" he asked, holding the  Signal",False
OWT_C02257,So ye're washing him for her!,997814,997845,Mr. Critchlow.,,Mr. Critchlow,,NAMED,NONE,Mr. Critchlow,AFTER_QUOTE_NAMED,ATTRIBUTED_DIALOGUE_CANDIDATE,"occasional tendency to shrillness) had the same  grating quality. He stood fairly straight. He was carrying a newspaper  in his vellum hand.    ""Well, missis!"" he said.    ""That will do, thank you, Amy,"" said Constance, quietly. Amy went  slowly.","said Mr. Critchlow.    ""Yes,"" Constance admitted. Spot glanced sharply at the aged man.    ""An' ye seen this bit in the paper about Sophia?"" he asked, holding the  Signal for her inspection.    ""About Sophia?"" cried Constance. ""What's amiss?""    ""No",False
OWT_C02260,About Sophia?,998040,998055,Constance.,,Constance,,NAMED,NONE,Constance,AFTER_QUOTE_NAMED,ATTRIBUTED_DIALOGUE_CANDIDATE,"y. Amy went  slowly.    ""So ye're washing him for her!"" said Mr. Critchlow.    ""Yes,"" Constance admitted. Spot glanced sharply at the aged man.    ""An' ye seen this bit in the paper about Sophia?"" he asked, holding the  Signal for her inspection.","cried Constance. ""What's amiss?""    ""Nothing's amiss. But they've got it. It's in the 'Staffordshire day by  day' column. Here! I'll read it ye."" He drew a long wooden  spectacle-case from his waistcoat pocket, and placed a second pair of  spectacle",False
OWT_C02263,"Eh, bless ye, I don't know,",999031,999060,Mr. Critchlow.    This was an untruth.,,Mr. Critchlow. This was an untruth,,NAMED,NONE,Mr. Critchlow. This was an untruth,AFTER_QUOTE_NAMED,ATTRIBUTED_DIALOGUE_CANDIDATE,"d of the Pension Frensham to a limited company, and we are  betraying no secret in stating that the price paid ran well into five  figures.' So ye see!"" Mr. Critchlow commented.    ""How do those Signal people find out things?"" Constance murmured.","said Mr. Critchlow.    This was an untruth. Mr. Critchlow had himself given the information to  the new editor of the Signal, who had soon been made aware of  Critchlow's passion for the press, and who knew how to make use of it.    ""I wish it hadn'",True
OWT_C02264,"I wish it hadn't appeared just to-day,",999294,999334,Constance.,,Constance,,NAMED,NONE,Constance,AFTER_QUOTE_NAMED,ATTRIBUTED_DIALOGUE_CANDIDATE,", I don't know,"" said Mr. Critchlow.    This was an untruth. Mr. Critchlow had himself given the information to  the new editor of the Signal, who had soon been made aware of  Critchlow's passion for the press, and who knew how to make use of it.","said Constance.    ""Why?""    ""Oh! I don't know, I wish it hadn't.""    ""Well, I'll be touring on, missis,"" said Mr. Critchlow, meaning that he  would go.    He left the paper, and descended the steps with senile deliberation. It  was characteristic t",False
OWT_C02267,"Well, I'll be touring on, missis,",999405,999440,Mr. Critchlow,,Mr. Critchlow,,NAMED,NONE,Mr. Critchlow,AFTER_QUOTE_NAMED,ATTRIBUTED_DIALOGUE_CANDIDATE,"the new editor of the Signal, who had soon been made aware of  Critchlow's passion for the press, and who knew how to make use of it.    ""I wish it hadn't appeared just to-day,"" said Constance.    ""Why?""    ""Oh! I don't know, I wish it hadn't.""","said Mr. Critchlow, meaning that he  would go.    He left the paper, and descended the steps with senile deliberation. It  was characteristic that he had shown no curiosity whatever as to the  details of Sophia's arrival.    Constance removed her ap",False
OWT_C02269,"I have decided to go by train,",999880,999912,Constance,,Constance,,NAMED,NONE,Constance,AFTER_QUOTE_NAMED,ATTRIBUTED_DIALOGUE_CANDIDATE,"he  details of Sophia's arrival.    Constance removed her apron, wrapped Spot up in it, and put him in a  corner of the sofa. She then abruptly sent Amy out to buy a penny  time-table.    ""I thought you were going by tram to Knype,"" Amy observed.","said Constance, with cold dignity, as  if she had decided the fate of nations. She hated such observations  from Amy, who unfortunately lacked, in an increasing degree, the  supreme gift of unquestioning obedience.    When Amy came breathlessly back",False
OWT_C02271,"Let me look,",1002099,1002113,Constance,,Constance,,NAMED,NONE,Constance,AFTER_QUOTE_NAMED,ATTRIBUTED_DIALOGUE_CANDIDATE,"rter to three, gets to Knype at ten minutes  past."" said Amy. officiously. ""But supposing it was only three minutes  late and the London train was prompt, then you might miss her. Happen  you'd better take the two fifteen to be on the safe side.""","said Constance, firmly. ""Please put all this paper in  the wardrobe.""    She would have preferred not to follow Amy's suggestion, but it was so  incontestably wise that she was obliged to accept it.    ""Unless ye go by tram,"" said Amy. ""That won't m",False
OWT_C02272,"Unless ye go by tram,",1002316,1002339,Amy.,,Amy,,NAMED,NONE,Amy,AFTER_QUOTE_NAMED,ATTRIBUTED_DIALOGUE_CANDIDATE,"teen to be on the safe side.""    ""Let me look,"" said Constance, firmly. ""Please put all this paper in  the wardrobe.""    She would have preferred not to follow Amy's suggestion, but it was so  incontestably wise that she was obliged to accept it.","said Amy. ""That won't mean starting quite so  soon.""    But Constance would not go by tram. If she took the tram she would be  bound to meet people who had read the Signal, and who would say, with  their stupid vacuity: ""Going to meet your sister at",False
OWT_C02276,"Oh yes, 'm,",1006321,1006334,Amy,,Amy,,NAMED,NONE,Amy,AFTER_QUOTE_NAMED,ATTRIBUTED_DIALOGUE_CANDIDATE,"nce knew it. She was  not afraid of her drawing-room being seen by anybody.    She passed for an instant into her own bedroom, where Amy was patiently  picking balls of paper from the bed.    ""Now you quite understand about tea?"" Constance asked.","said Amy, as if to say: ""How much oftener are you going  to ask me that question?"" ""Are you off now, 'm?""    ""Yes,"" said Constance. ""Come and fasten the front-door after me.""    They descended together to the parlour. A white cloth for tea lay  fold",False
OWT_C02278,"Yes,",1006444,1006450,Constance.,,Constance,,NAMED,NONE,Constance,AFTER_QUOTE_NAMED,ATTRIBUTED_DIALOGUE_CANDIDATE,"om, where Amy was patiently  picking balls of paper from the bed.    ""Now you quite understand about tea?"" Constance asked.    ""Oh yes, 'm,"" said Amy, as if to say: ""How much oftener are you going  to ask me that question?"" ""Are you off now, 'm?""","said Constance. ""Come and fasten the front-door after me.""    They descended together to the parlour. A white cloth for tea lay  folded on the table. It was of the finest damask that skill could  choose and money buy. It was fifteen years old, and h",False
OWT_C02283,"Amy, I wonder AT you!",1008265,1008288,Constance,,Constance,,NAMED,NONE,Constance,AFTER_QUOTE_NAMED,ATTRIBUTED_DIALOGUE_CANDIDATE,"ts jumped. Amy instinctively looked out of the window.  He was there, sure enough, in the gutter, studying the  indescribabilities of King Street. He had obviously escaped when Amy  came in from buying the time-table. The woman's face was guilty.","exclaimed Constance, tragically. She opened the  door.    ""Well, I never did see the like of that dog!"" murmured Amy.    ""Spot!"" his mistress commanded. ""Come here at once. Do you hear me?""    Spot turned sharply and gazed motionless at Constance. T",False
OWT_C02284,"Well, I never did see the like of that dog!",1008347,1008392,Amy.,,Amy,,NAMED,NONE,Amy,AFTER_QUOTE_NAMED,ATTRIBUTED_DIALOGUE_CANDIDATE,"in the gutter, studying the  indescribabilities of King Street. He had obviously escaped when Amy  came in from buying the time-table. The woman's face was guilty.    ""Amy, I wonder AT you!"" exclaimed Constance, tragically. She opened the  door.","murmured Amy.    ""Spot!"" his mistress commanded. ""Come here at once. Do you hear me?""    Spot turned sharply and gazed motionless at Constance. Then with a toss  of the head he dashed off to the corner of the Square, and gazed  motionless again. Amy",False
OWT_C02287,"You must wash him in the scullery, that's all there is for it,",1009161,1009225,Constance,,Constance,,NAMED,NONE,Constance,AFTER_QUOTE_NAMED,ATTRIBUTED_DIALOGUE_CANDIDATE,"nothing had gone right that day. And Spot had the most innocent,  trustful air. Impossible to make him realize that his aunt Sophia was  coming. He would have sold his entire family into servitude in order to  buy ten yards of King Street gutter.","said  Constance, controlling herself. ""Put that apron on, and don't forget  one of your new aprons when you open the door. Better shut him up in  Mr. Cyril's bedroom when you've dried him.""    And she went, charged with worries, clasping her bag and",False
OWT_C02288,"That's a funny way to go to Bursley Station, that is,",1009569,1009624,Amy,,Amy,,NAMED,NONE,Amy,AFTER_QUOTE_NAMED,ATTRIBUTED_DIALOGUE_CANDIDATE,"prons when you open the door. Better shut him up in  Mr. Cyril's bedroom when you've dried him.""    And she went, charged with worries, clasping her bag and her umbrella  and smoothing her gloves, and spying downwards at the folds of her  mantle.","said Amy,  observing that Constance was descending King Street instead of crossing  it into Wedgwood Street. And she caught Spot 'a fair clout on the  head,' to indicate to him that she had him alone in the house now.    Constance was taking a round",False
OWT_C02290,"I should have known you anywhere,",1012636,1012671,Sophia,,Sophia,,NAMED,NONE,Sophia,AFTER_QUOTE_NAMED,ATTRIBUTED_DIALOGUE_CANDIDATE,"Then the strange idea came to her: ""That's Sophia!"" She was  sure.... She was not sure.... She was sure. The woman emerged from the  crowd. Her eye fell on Constance. They both hesitated, and, as it were,  wavered uncertainly towards each other.","said Sophia, with apparently  careless tranquillity, as she stooped to kiss Constance, raising her  veil.    Constance saw that this marvellous tranquillity must be imitated, and  she imitated it very well. It was a 'Baines' tranquillity. But she  n",False
OWT_C02292,Oh yes!,1013284,1013293,Sophia,,Sophia,,NAMED,NONE,Sophia,AFTER_QUOTE_NAMED,ATTRIBUTED_DIALOGUE_CANDIDATE,"e in foolishness. There  was also something queer about the permanent lines of Sophia's mouth.  That must be due to the 'attack' about which Sophia had written.    ""Did Cyril meet you?"" asked Constance. It was all that she could think  of to say.","said Sophia, eagerly. ""And I went to his studio, and he saw  me off at Euston. He is a VERY nice boy. I love him.""    She said 'I love him' with the intonation of Sophia aged fifteen. Her  tone and imperious gesture sent Constance flying back to the",False
OWT_C02295,"This is Fossette,",1014001,1014020,Sophia,,Sophia,,NAMED,NONE,Sophia,AFTER_QUOTE_NAMED,ATTRIBUTED_DIALOGUE_CANDIDATE,"at Constance's  Sophia had not changed. Powerful individualities remain undisfigured by  no matter what vicissitudes. After this revelation of the original  Sophia, arising as it did out of praise of Cyril, Constance felt  easier, felt reassured.","said Sophia, pulling at the chain.    Constance knew not what to reply. Surely Sophia could not be aware what  she did in bringing such a dog to a place where people were so  particular as they are in the Five Towns.    ""Fossette!"" She repeated the",False
OWT_C02298,What do you think?,1016056,1016076,Sophia,,Sophia,,NAMED,NONE,Sophia,AFTER_QUOTE_NAMED,ATTRIBUTED_DIALOGUE_CANDIDATE,"smiling.""  Constance felt sorry for her. While recognizing in Sophia a superior in  charm, in experience, in knowledge of the world and in force of  personality, she yet with a kind of undisturbed, fundamental  superiority felt sorry for Sophia.","said Sophia, absently fingering Fossette. ""A man  came up to me at Euston, while Cyril was getting my ticket, and said,  'Eh, Miss Baines, I haven't seen ye for over thirty years, but I know  you're Miss Baines, or WERE--and you're looking bonny.' T",False
OWT_C02301,Really!,1016517,1016526,Sophia.,,Sophia,,NAMED,NONE,Sophia,AFTER_QUOTE_NAMED,ATTRIBUTED_DIALOGUE_CANDIDATE,"you're Miss Baines, or WERE--and you're looking bonny.' Then he went  off. I think it must have been Holl, the grocer.""    ""Had he got a long white beard?""    ""Yes.""    ""Then it was Mr. Holl. He's been Mayor twice. He's an alderman, you  know.""","said Sophia. ""But wasn't it queer?""    ""Eh! Bless us!"" exclaimed Constance. ""Don't talk about queer! It's  terrible how time flies.""    The conversation stopped, and it refused to start again. Two women who  are full of affectionate curiosity about",False
OWT_C02303,Eh! Bless us!,1016566,1016581,Constance.,,Constance,,NAMED,NONE,Constance,AFTER_QUOTE_NAMED,ATTRIBUTED_DIALOGUE_CANDIDATE,"bonny.' Then he went  off. I think it must have been Holl, the grocer.""    ""Had he got a long white beard?""    ""Yes.""    ""Then it was Mr. Holl. He's been Mayor twice. He's an alderman, you  know.""    ""Really!"" said Sophia. ""But wasn't it queer?""","exclaimed Constance. ""Don't talk about queer! It's  terrible how time flies.""    The conversation stopped, and it refused to start again. Two women who  are full of affectionate curiosity about each other, and who have not  seen each other for thirt",False
OWT_C02304,Well I never!,1017054,1017069,Sophia,,Sophia,,NAMED,NONE,Sophia,AFTER_QUOTE_NAMED,ATTRIBUTED_DIALOGUE_CANDIDATE,"seen each other for thirty years, and who are anxious to confide in  each other, ought to discover no difficulty in talking; but somehow  these two could not talk. Constance perceived that Sophia was impeded  by the same awkwardness as herself.","cried Sophia, suddenly. She had glanced out of the  window and had seen two camels and an elephant in a field close to the  line, amid manufactories and warehouses and advertisements of soap.    ""Oh!"" said Constance. ""That's Barnum's, you know. They",False
OWT_C02305,Oh!,1017265,1017270,Constance.,,Constance,,NAMED,NONE,Constance,AFTER_QUOTE_NAMED,ATTRIBUTED_DIALOGUE_CANDIDATE,"by the same awkwardness as herself.    ""Well I never!"" cried Sophia, suddenly. She had glanced out of the  window and had seen two camels and an elephant in a field close to the  line, amid manufactories and warehouses and advertisements of soap.","said Constance. ""That's Barnum's, you know. They have what they  call a central depot here, because it's the middle of England.""  Constance spoke proudly. (After all, there can be only one middle.) It  was on her tongue to say, in her 'tart' manner,",False
OWT_C02306,Same smoke!,1017770,1017783,Sophia.,,Sophia,,NAMED,NONE,Sophia,AFTER_QUOTE_NAMED,ATTRIBUTED_DIALOGUE_CANDIDATE,"that Fossette ought to  be with the camels, but she refrained. Sophia hit on the excellent idea  of noting all the buildings that were new to her and all the landmarks  that she remembered. It was surprising how little the district had  altered.","said Sophia.    ""Same smoke!"" Constance agreed.    ""It's even worse,"" said Sophia.    ""Do you think so?"" Constance was slightly piqued. ""But they're doing  something now for smoke abatement.""    ""I must have forgotten how dirty it was!"" said Sophia.",False
OWT_C02308,"It's even worse,",1017835,1017853,Sophia.,,Sophia,,NAMED,NONE,Sophia,AFTER_QUOTE_NAMED,ATTRIBUTED_DIALOGUE_CANDIDATE,"ophia hit on the excellent idea  of noting all the buildings that were new to her and all the landmarks  that she remembered. It was surprising how little the district had  altered.    ""Same smoke!"" said Sophia.    ""Same smoke!"" Constance agreed.","said Sophia.    ""Do you think so?"" Constance was slightly piqued. ""But they're doing  something now for smoke abatement.""    ""I must have forgotten how dirty it was!"" said Sophia. ""I suppose  that's it. I'd no idea...!""    ""Really!"" said Constance.",False
OWT_C02310,I must have forgotten how dirty it was!,1017979,1018020,Sophia.,,Sophia,,NAMED,NONE,Sophia,AFTER_QUOTE_NAMED,ATTRIBUTED_DIALOGUE_CANDIDATE,"how little the district had  altered.    ""Same smoke!"" said Sophia.    ""Same smoke!"" Constance agreed.    ""It's even worse,"" said Sophia.    ""Do you think so?"" Constance was slightly piqued. ""But they're doing  something now for smoke abatement.""","said Sophia. ""I suppose  that's it. I'd no idea...!""    ""Really!"" said Constance. Then, in candid admission, ""The fact is, it  is dirty. You can't imagine what work it makes, especially with  window-curtains.""    As the train puffed under Trafalgar",False
OWT_C02311,Really!,1018077,1018086,Constance. Then,,Constance. Then,,NAMED,NONE,Constance. Then,AFTER_QUOTE_NAMED,ATTRIBUTED_DIALOGUE_CANDIDATE,"eed.    ""It's even worse,"" said Sophia.    ""Do you think so?"" Constance was slightly piqued. ""But they're doing  something now for smoke abatement.""    ""I must have forgotten how dirty it was!"" said Sophia. ""I suppose  that's it. I'd no idea...!""","said Constance. Then, in candid admission, ""The fact is, it  is dirty. You can't imagine what work it makes, especially with  window-curtains.""    As the train puffed under Trafalgar Road, Constance pointed to a new  station that was being built the",True
OWT_C02314,"But of course it's not the same to you,",1018712,1018753,Constance,,Constance,,NAMED,NONE,Constance,AFTER_QUOTE_NAMED,ATTRIBUTED_DIALOGUE_CANDIDATE,"ne stations--Turnhill, Bursley, Bleakridge, Hanbridge, Cauldon,  Knype, Trent Vale, and Longshaw. A 'Trafalgar Road' inserting itself  between Bleakridge and Hanbridge seemed to her excessively curious.    ""Yes, I suppose it will,"" Sophia agreed.","said Constance, dashed. She  indicated the glories of Bursley Park, as the train slackened for  Bursley, with modesty. Sophia gazed, and vaguely recognized the slopes  where she had taken her first walk with Gerald Scales.    Nobody accosted them at",False
OWT_C02315,"Good afternoon, m'm,",1019186,1019208,Amy,,Amy,,NAMED,NONE,Amy,AFTER_QUOTE_NAMED,ATTRIBUTED_DIALOGUE_CANDIDATE,"taken her first walk with Gerald Scales.    Nobody accosted them at Bursley Station, and they drove to the Square  in a cab. Amy was at the window; she held up Spot, who was in a plenary  state of cleanliness, rivalling the purity of Amy's apron.","said Amy, officiously, to Sophia, as Sophia came  up the steps.    ""Good afternoon, Amy,"" Sophia replied. She flattered Amy in thus  showing that she was acquainted with her name; but if ever a servant  was put into her place by mere tone, Amy was p",False
OWT_C02320,So here I am!,1020360,1020375,the tall,,the tall,,DESCRIPTIVE,NONE,the tall,AFTER_QUOTE_DESCRIPTIVE,ATTRIBUTED_DIALOGUE_CANDIDATE,"""Now, Fossette!"" She welcomed the incoming poodle kindly; the poodle  began at once to sniff.    The fat, red cabman was handling the trunks on the pavement, and Amy  was upstairs. For a moment the sisters were alone together in the  parlour.","exclaimed the tall, majestic woman of fifty. And her  lips twitched again as she looked round the room--so small to her.    ""Yes, here you are!"" Constance agreed. She bit her lip, and, as a  measure of prudence to avoid breaking down, she bustled ou",False
OWT_C02323,"Fossette will be quite right with me,",1021054,1021093,Sophia,,Sophia,,NAMED,NONE,Sophia,AFTER_QUOTE_NAMED,ATTRIBUTED_DIALOGUE_CANDIDATE,"generosity, and then there was quietness. Amy was  already brewing the tea in the cave. The prepared tea-table in front of  the fire made a glittering array.    ""Now, what about Fossette?"" Constance voiced anxieties that had been  growing on her.","said Sophia, firmly.    They ascended to the guest's room, which drew Sophia's admiration for  its prettiness. She hurried to the window and looked out into the  Square.    ""Would you like a fire?"" Constance asked, in a rather perfunctory  manner. F",False
OWT_C02325,"Oh, no!",1021439,1021448,Sophia,,Sophia,,NAMED,NONE,Sophia,AFTER_QUOTE_NAMED,ATTRIBUTED_DIALOGUE_CANDIDATE,"its prettiness. She hurried to the window and looked out into the  Square.    ""Would you like a fire?"" Constance asked, in a rather perfunctory  manner. For a bedroom fire, in seasons of normal health, was still  regarded as absurd in the Square.","said Sophia; but with a slight failure to rebut the  suggestion as utterly ridiculous.    ""Sure?"" Constance questioned.    ""Quite, thank you,"" said Sophia.    ""Well, I'll leave you. I expect Amy will have tea ready directly."" She  went down into the",False
OWT_C02327,"Quite, thank you,",1021572,1021591,Sophia.,,Sophia,,NAMED,NONE,Sophia,AFTER_QUOTE_NAMED,ATTRIBUTED_DIALOGUE_CANDIDATE,"erfunctory  manner. For a bedroom fire, in seasons of normal health, was still  regarded as absurd in the Square.    ""Oh, no!"" said Sophia; but with a slight failure to rebut the  suggestion as utterly ridiculous.    ""Sure?"" Constance questioned.","said Sophia.    ""Well, I'll leave you. I expect Amy will have tea ready directly."" She  went down into the kitchen. ""Amy,"" she said, ""as soon as we've finished  tea, light a fire in Mrs. Scales's bedroom.""    ""In the top bedroom, m'm?""    ""Yes.""",False
OWT_C02333,So this is where you had it bricked up?,1022582,1022623,Sophia.,,Sophia,,NAMED,NONE,Sophia,AFTER_QUOTE_NAMED,ATTRIBUTED_DIALOGUE_CANDIDATE,"is  here."" With her perfect simplicity it did not occur to Constance to  speculate as to what Sophia thought of her.    Sophia was downstairs first, and Constance found her looking at the  blank wall beyond the door leading to the kitchen steps.","said Sophia.    ""Yes,"" said Constance. ""That's the place.""    ""It makes me feel like people feel when they have tickling in a limb  that's been cut off!"" said Sophia.    ""Oh, Sophia!""    The tea received a great deal of praise from Sophia, but neith",False
OWT_C02334,"Yes,",1022640,1022646,Constance.,,Constance,,NAMED,NONE,Constance,AFTER_QUOTE_NAMED,ATTRIBUTED_DIALOGUE_CANDIDATE,"o Constance to  speculate as to what Sophia thought of her.    Sophia was downstairs first, and Constance found her looking at the  blank wall beyond the door leading to the kitchen steps.    ""So this is where you had it bricked up?"" said Sophia.","said Constance. ""That's the place.""    ""It makes me feel like people feel when they have tickling in a limb  that's been cut off!"" said Sophia.    ""Oh, Sophia!""    The tea received a great deal of praise from Sophia, but neither of  them ate much. C",False
OWT_C02340,"Oh, my dear!",1024967,1024981,Constance,,Constance,,NAMED,NONE,Constance,AFTER_QUOTE_NAMED,ATTRIBUTED_DIALOGUE_CANDIDATE,"right Sophia over her spectacles, a leaf of the album  raised against her finger.    Sophia unmistakably flushed. ""I don't know that I am a widow,"" said  she, with an air. ""My husband left me in 1870, and I've never seen nor  heard of him since.""","cried Constance, alarmed and deafened as by a clap of  awful thunder. ""I thought ye were a widow. Mr. Peel-Swynnerton said he  was told positively ye were a widow. That's why I never...."" She  stopped. Her face was troubled.    ""Of course I always p",False
OWT_C02341,"Of course I always passed for a widow, over there,",1025210,1025262,Sophia.,,Sophia,,NAMED,NONE,Sophia,AFTER_QUOTE_NAMED,ATTRIBUTED_DIALOGUE_CANDIDATE,"e.""    ""Oh, my dear!"" cried Constance, alarmed and deafened as by a clap of  awful thunder. ""I thought ye were a widow. Mr. Peel-Swynnerton said he  was told positively ye were a widow. That's why I never...."" She  stopped. Her face was troubled.","said Sophia.    ""Of course,"" said Constance quickly. ""I see....""    ""And I may be a widow,"" said Sophia.    Constance made no remark. This was a blow. Bursley was such a  particular place. Doubtless, Gerald Scales had behaved like a  scoundrel. That",False
OWT_C02349,"You didn't tell me this afternoon,",1028212,1028248,Constance,,Constance,,NAMED,NONE,Constance,AFTER_QUOTE_NAMED,ATTRIBUTED_DIALOGUE_CANDIDATE,"o see ye!""    Every one was thunderstruck at this expression of joy. Mr. Critchlow  had never been known to be glad to see anybody.    ""Yes,"" twittered Maria, ""Mr. Critchlow would come in to-night. Nothing  would do but he must come in to-night.""","said Constance, ""that you were  going to give us the pleasure of your company like this.""    He looked momentarily at Constance. ""No,"" he grated, ""I don't know as I  did.""    His gaze flattered Sophia. Evidently he treated this experienced and  sad",False
OWT_C02351,"Well,",1029033,1029040,Sophia.,,Sophia,,NAMED,NONE,Sophia,AFTER_QUOTE_NAMED,ATTRIBUTED_DIALOGUE_CANDIDATE,"redly he was much older in a drawing-room than behind the counter  of his shop. Constance had noticed that in the afternoon. A live coal  fell out of the fire. He bent forward, wet his fingers, picked up the  coal and threw it back into the fire.","said Sophia. ""I wouldn't have done that.""    ""I never saw Mr. Critchlow's equal for picking up hot cinders,"" Maria  giggled.    Mr. Critchlow deigned no remark. ""When did ye leave this Paris?"" he  demanded of Sophia, leaning back, and putting his ha",False
OWT_C02355,"Yesterday morning,",1029324,1029344,Sophia,,Sophia,,NAMED,NONE,Sophia,AFTER_QUOTE_NAMED,ATTRIBUTED_DIALOGUE_CANDIDATE,"e that.""    ""I never saw Mr. Critchlow's equal for picking up hot cinders,"" Maria  giggled.    Mr. Critchlow deigned no remark. ""When did ye leave this Paris?"" he  demanded of Sophia, leaning back, and putting his hands on the arms of  the chair.","said Sophia,    ""And what'n ye been doing with yeself since yesterday morning?""    ""I spent last night in London,"" Sophia replied.    ""Oh, in London, did ye?""    ""Yes. Cyril and I had an evening together.""    ""Eh? Cyril! What's yer opinion o' Cyril,",False
OWT_C02361,"I'm very proud to have Cyril for a nephew,",1029607,1029651,Sophia.,,Sophia,,NAMED,NONE,Sophia,AFTER_QUOTE_NAMED,ATTRIBUTED_DIALOGUE_CANDIDATE,"""And what'n ye been doing with yeself since yesterday morning?""    ""I spent last night in London,"" Sophia replied.    ""Oh, in London, did ye?""    ""Yes. Cyril and I had an evening together.""    ""Eh? Cyril! What's yer opinion o' Cyril, Sophia?""","said Sophia.    ""Oh! Are ye?"" The old man was obviously ironic.    ""Yes I am,"" Sophia insisted sharply. ""I'm not going to hear a word said  against Cyril.""    She proceeded to an enthusiastic laudation of Cyril which rather  overwhelmed his mother.",False
OWT_C02364,"Yes, Mrs. Scales,",1030464,1030483,Amy,,Amy,,NAMED,NONE,Amy,AFTER_QUOTE_NAMED,ATTRIBUTED_DIALOGUE_CANDIDATE,"e; whereas  she, Constance, being but a plain person, could not glitter.    She rang the bell and gave instructions to Amy about food--fruit cakes,  coffee and hot milk, on a tray; and Sophia also spoke to Amy murmuring  a request as to Fossette.","said Amy, with eager deference.    Mrs. Critchlow smiled vaguely from a low chair near the curtained  window. Then Constance lit another burner of the chandelier. In doing  so, she gave a little sigh; it was a sigh of relief. Mr. Critchlow had  beha",False
OWT_C02372,"Mrs. Critchlow and I will go down into the parlour,",1032304,1032357,Constance,,Constance,,NAMED,NONE,Constance,AFTER_QUOTE_NAMED,ATTRIBUTED_DIALOGUE_CANDIDATE,"he retorted fiercely.    There was a pause. Maria Critchlow moved.    ""As for you being in no hurry, Sophia,"" the old man went on, ""nobody  can say as you've been in a hurry.""    Sophia had suffered a check. She glanced hesitatingly at Constance.","said Constance,  quickly. ""There is a bit of fire there.""    ""Oh no. I won't hear of such a thing!""    ""Yes, we will, won't we, Mrs. Critchlow?"" Constance insisted,  cheerfully but firmly. She was determined that in her house Sophia  should have all",False
OWT_C02379,"In the kitchen, m'm,",1034143,1034165,Amy,,Amy,,NAMED,NONE,Amy,AFTER_QUOTE_NAMED,ATTRIBUTED_DIALOGUE_CANDIDATE,"vouring to keep  alive a silly conversation with Maria Critchlow.    Amy passed through the parlour to go to bed. There was no other way of  reaching the upper part of the house.    ""Are you going to bed, Amy?""    ""Yes'm.""    ""Where is Fossette?""","said Amy, defending herself. ""Mrs. Scales told  me the dog might sleep in the kitchen with Spot, as they was such good  friends. I've opened the bottom drawer, and Fossit is lying in that.""    ""Mrs. Scales has brought a dog with her!"" exclaimed Mari",False
OWT_C02380,Mrs. Scales has brought a dog with her!,1034359,1034400,Maria.,,Maria,,NAMED,NONE,Maria,AFTER_QUOTE_NAMED,ATTRIBUTED_DIALOGUE_CANDIDATE,"es'm.""    ""Where is Fossette?""    ""In the kitchen, m'm,"" said Amy, defending herself. ""Mrs. Scales told  me the dog might sleep in the kitchen with Spot, as they was such good  friends. I've opened the bottom drawer, and Fossit is lying in that.""","exclaimed Maria.    ""Yes'm!"" said Amy, drily, before Constance could answer. She implied  everything in that affirmative.    ""You are a family for dogs,"" said Maria. ""What sort of dog is it?""    ""Well,"" said Constance. ""I don't know exactly what the",False
OWT_C02381,Yes'm!,1034421,1034429,Amy,,Amy,,NAMED,NONE,Amy,AFTER_QUOTE_NAMED,ATTRIBUTED_DIALOGUE_CANDIDATE,"Amy, defending herself. ""Mrs. Scales told  me the dog might sleep in the kitchen with Spot, as they was such good  friends. I've opened the bottom drawer, and Fossit is lying in that.""    ""Mrs. Scales has brought a dog with her!"" exclaimed Maria.","said Amy, drily, before Constance could answer. She implied  everything in that affirmative.    ""You are a family for dogs,"" said Maria. ""What sort of dog is it?""    ""Well,"" said Constance. ""I don't know exactly what they call it. It's a  French dog",False
OWT_C02382,"You are a family for dogs,",1034526,1034554,Maria.,,Maria,,NAMED,NONE,Maria,AFTER_QUOTE_NAMED,ATTRIBUTED_DIALOGUE_CANDIDATE,"uch good  friends. I've opened the bottom drawer, and Fossit is lying in that.""    ""Mrs. Scales has brought a dog with her!"" exclaimed Maria.    ""Yes'm!"" said Amy, drily, before Constance could answer. She implied  everything in that affirmative.","said Maria. ""What sort of dog is it?""    ""Well,"" said Constance. ""I don't know exactly what they call it. It's a  French dog, one of those French dogs."" Amy was lingering at the  stairfoot. ""Good night, Amy, thank you.""    Amy ascended, shutting the",False
OWT_C02384,"Well,",1034596,1034603,Constance.,,Constance,,NAMED,NONE,Constance,AFTER_QUOTE_NAMED,ATTRIBUTED_DIALOGUE_CANDIDATE,"in that.""    ""Mrs. Scales has brought a dog with her!"" exclaimed Maria.    ""Yes'm!"" said Amy, drily, before Constance could answer. She implied  everything in that affirmative.    ""You are a family for dogs,"" said Maria. ""What sort of dog is it?""","said Constance. ""I don't know exactly what they call it. It's a  French dog, one of those French dogs."" Amy was lingering at the  stairfoot. ""Good night, Amy, thank you.""    Amy ascended, shutting the door.    ""Oh! I see!"" Maria muttered. ""Well, I n",False
OWT_C02388,"I'll be going on to open our side-door,",1034987,1035028,Maria.,,Maria,,NAMED,NONE,Maria,AFTER_QUOTE_NAMED,ATTRIBUTED_DIALOGUE_CANDIDATE,"irfoot. ""Good night, Amy, thank you.""    Amy ascended, shutting the door.    ""Oh! I see!"" Maria muttered. ""Well, I never!""    It was ten o'clock before sounds above indicated that the first  interview between trustee and beneficiary was finished.","said Maria. ""Say good night  to Mrs. Scales for me."" She was not sure whether Charles Critchlow had  really meant her to go home, or whether her mere absence from the  drawing-room had contented him. So she departed. He came down the  stairs with th",False
OWT_C02389,What about bed?,1035905,1035922,Sophia.,,Sophia,,NAMED,NONE,Sophia,AFTER_QUOTE_NAMED,ATTRIBUTED_DIALOGUE_CANDIDATE,"subject of Charles Critchlow and Maria,  and learnt that their ideas were similar. Constance said nothing as to  the private interview. Nor did Sophia. At present, on this the first  day, they could only achieve intimacy by intermittent flashes.","asked Sophia.    ""You must be tired,"" said Constance.    Sophia got to the stairs, which received a little light from the  corridor gas, before Constance, having tested the window-fastening,  turned out the gas in the parlour. They climbed the lower",False
OWT_C02393,"Oh, a fire! How nice!",1036372,1036395,Sophia.,,Sophia,,NAMED,NONE,Sophia,AFTER_QUOTE_NAMED,ATTRIBUTED_DIALOGUE_CANDIDATE,"out the gas in the parlour. They climbed the lower flight of  stairs together.    ""I must just see that your room is all right,"" Constance said.    ""Must you?"" Sophia smiled.    They climbed the second flight, slowly. Constance was out of breath.","cried Sophia. ""But why did you go to all that  trouble? I told you not to.""    ""It's no trouble at all,"" said Constance, raising the gas in the  bedroom. Her tone implied that bedroom fires were a quite ordinary  incident of daily life in a place li",False
OWT_C02394,"It's no trouble at all,",1036475,1036500,Constance,,Constance,,NAMED,NONE,Constance,AFTER_QUOTE_NAMED,ATTRIBUTED_DIALOGUE_CANDIDATE,"your room is all right,"" Constance said.    ""Must you?"" Sophia smiled.    They climbed the second flight, slowly. Constance was out of breath.    ""Oh, a fire! How nice!"" cried Sophia. ""But why did you go to all that  trouble? I told you not to.""","said Constance, raising the gas in the  bedroom. Her tone implied that bedroom fires were a quite ordinary  incident of daily life in a place like Bursley.    ""Well, my dear, I hope you'll find everything comfortable,"" said  Constance.    ""I'm sure",False
OWT_C02395,"Well, my dear, I hope you'll find everything comfortable,",1036660,1036719,Constance.,,Constance,,NAMED,NONE,Constance,AFTER_QUOTE_NAMED,ATTRIBUTED_DIALOGUE_CANDIDATE,"""But why did you go to all that  trouble? I told you not to.""    ""It's no trouble at all,"" said Constance, raising the gas in the  bedroom. Her tone implied that bedroom fires were a quite ordinary  incident of daily life in a place like Bursley.","said  Constance.    ""I'm sure I shall. Good night, dear.""    ""Good night, then.""    They looked at each other again, with timid affectionateness. They did  not kiss. The thought in both their minds was: ""We couldn't keep on  kissing every day."" But",False
OWT_C02409,"Good morning, Amy,",1056677,1056697,Sophia,,Sophia,,NAMED,NONE,Sophia,AFTER_QUOTE_NAMED,ATTRIBUTED_DIALOGUE_CANDIDATE,"Spot, and this disturbed Sophia much more than Fossette's  yelp.    Sophia coughed, and entered the kitchen.    Spot was lapping his morning milk out of a saucer, while Fossette stood  wistfully, an amorphous mass of thick hair, under the table.","said Sophia, with dreadful politeness.    ""Good morning, m'm,"" said Amy, glumly.    Amy knew that Sophia had heard that yelp, and Sophia knew that she  knew. The pretence of politeness was horrible. Both the women felt as  though the kitchen was san",False
OWT_C02410,"Good morning, m'm,",1056740,1056760,Amy,,Amy,,NAMED,NONE,Amy,AFTER_QUOTE_NAMED,ATTRIBUTED_DIALOGUE_CANDIDATE,"p.    Sophia coughed, and entered the kitchen.    Spot was lapping his morning milk out of a saucer, while Fossette stood  wistfully, an amorphous mass of thick hair, under the table.    ""Good morning, Amy,"" said Sophia, with dreadful politeness.","said Amy, glumly.    Amy knew that Sophia had heard that yelp, and Sophia knew that she  knew. The pretence of politeness was horrible. Both the women felt as  though the kitchen was sanded with gunpowder and there were lighted  matches about. Sophi",False
OWT_C02411,"Gas-stove, m'm?",1057747,1057764,Amy,,Amy,,NAMED,NONE,Amy,AFTER_QUOTE_NAMED,ATTRIBUTED_DIALOGUE_CANDIDATE,"den it under her customary cringing  politeness to Sophia.    They surveyed each other like opposing armies.    ""What a pity you have no gas-stove here! I want to make some tea at  once for Mrs. Povey,"" said Sophia, inspecting the just-born fire.","said Amy, hostilely. It was Sophia's list slippers  which had finally decided Amy to drop the mask of deference.    She made no effort to aid Sophia; she gave no indication as to where  the various necessaries for tea were to be found. Sophia got th",False
OWT_C02415,"Oh no, thanks,",1059509,1059525,Constance.,,Constance,,NAMED,NONE,Constance,AFTER_QUOTE_NAMED,ATTRIBUTED_DIALOGUE_CANDIDATE,"t  was by the watch in the watch-case on the chest of drawers (the Swiss  clock had long since ceased to work), pulled the red tassel of the  bell-cord over her bed. A bell tinkled far away in the kitchen.    ""Anything I can do?"" Sophia inquired.","said Constance. ""I only want my letters, if the  postman has come. He ought to have been here long ago."" Sophia had  learned during her stay that Sunday morning was the morning on which  Constance expected a letter from Cyril. It was a definite arra",False
OWT_C02420,"There ain't no letters,",1061731,1061756,Amy,,Amy,,NAMED,NONE,Amy,AFTER_QUOTE_NAMED,ATTRIBUTED_DIALOGUE_CANDIDATE,"of sciatica, as being  a too permanent reproof of her carelessness as to doors.    Constance also waited, for the fraction of a second, as if expectant.    ""Well, Amy,"" she said at length in her voice weakened by fatigue and  pain. ""The letters?""","said Amy, grimly. ""You might have known, if  there'd been any, I should have brought 'em up. Postman went past  twenty minutes agone. I'm always being interrupted, and it isn't as if  I hadn't got enough to do--now!""    She turned to leave, and was",False
OWT_C02431,"Of course I really ought not to allow it,",1063762,1063805,Constance.,,Constance,,NAMED,NONE,Constance,AFTER_QUOTE_NAMED,ATTRIBUTED_DIALOGUE_CANDIDATE,"g once got into her eyes, she could not dismiss them. There they  were!    ""She's been with me such a long time,"" Constance murmured. ""She takes  liberties. I've corrected her once or twice.""    ""Liberties!"" Sophia repeated the word. ""Liberties!""","said Constance. ""I ought to  have put a stop to it long since.""    ""Well,"" said Sophia, rather relieved by this symptom of Constance's  secret mind, ""I do hope you won't think I'm meddlesome, but truly it  was too much for me. The words were out of",False
OWT_C02432,"Well,",1063873,1063880,Sophia,,Sophia,,NAMED,NONE,Sophia,AFTER_QUOTE_NAMED,ATTRIBUTED_DIALOGUE_CANDIDATE,","" Constance murmured. ""She takes  liberties. I've corrected her once or twice.""    ""Liberties!"" Sophia repeated the word. ""Liberties!""    ""Of course I really ought not to allow it,"" said Constance. ""I ought to  have put a stop to it long since.""","said Sophia, rather relieved by this symptom of Constance's  secret mind, ""I do hope you won't think I'm meddlesome, but truly it  was too much for me. The words were out of my mouth before I----"" She  stopped.    ""You were quite right, quite right,",False
OWT_C02433,"You were quite right, quite right,",1064095,1064131,Constance,,Constance,,NAMED,NONE,Constance,AFTER_QUOTE_NAMED,ATTRIBUTED_DIALOGUE_CANDIDATE,"stop to it long since.""    ""Well,"" said Sophia, rather relieved by this symptom of Constance's  secret mind, ""I do hope you won't think I'm meddlesome, but truly it  was too much for me. The words were out of my mouth before I----"" She  stopped.","said Constance, seeing before her  in the woman of fifty the passionate girl of fifteen.    ""I've had a good deal of experience of servants,"" said Sophia.    ""I know you have,"" Constance put in.    ""And I'm convinced that it never pays to stand any",False
OWT_C02434,"I've had a good deal of experience of servants,",1064224,1064273,Sophia.,,Sophia,,NAMED,NONE,Sophia,AFTER_QUOTE_NAMED,ATTRIBUTED_DIALOGUE_CANDIDATE,"t think I'm meddlesome, but truly it  was too much for me. The words were out of my mouth before I----"" She  stopped.    ""You were quite right, quite right,"" said Constance, seeing before her  in the woman of fifty the passionate girl of fifteen.","said Sophia.    ""I know you have,"" Constance put in.    ""And I'm convinced that it never pays to stand any sauce. Servants  don't understand kindness and forbearance. And this sort of thing grows  and grows till you can't call your soul your own.""",False
OWT_C02440,She's given notice! And Sunday too!,1066452,1066489,,Constance,,Constance,NONE,NAMED,Constance,BEFORE_QUOTE_NAMED,ATTRIBUTED_DIALOGUE_CANDIDATE,"f the crisis  affected the atmosphere of the entire house. Constance got up for tea  and managed to walk to the drawing-room. And when Sophia, after an  absence in her own room, came down to tea and found the tea all served,  Constance whispered:","""What did she say?""    ""She didn't say much,"" Constance replied vaguely, hiding from Sophia  that Amy had harped on the too great profusion of mistresses in that  house. ""After all, it's just as well. She'll be all right. She's saved  a good bit",False
OWT_C02444,"She simply doesn't care,",1066832,1066858,Constance,,Constance,,NAMED,NONE,Constance,AFTER_QUOTE_NAMED,ATTRIBUTED_DIALOGUE_CANDIDATE,"ia  that Amy had harped on the too great profusion of mistresses in that  house. ""After all, it's just as well. She'll be all right. She's saved  a good bit of money, and she has friends.""    ""But how foolish of her to give up such a good place!""","said Constance, who was a little hurt by  Amy's defection. ""When she takes a thing into her head she simply  doesn't care. She's got no common sense. I've always known that.""    ""So you're going to leave, Amy?"" said Sophia that evening, as Amy was",False
OWT_C02446,"I am, m'm,",1067205,1067217,Amy,,Amy,,NAMED,NONE,Amy,AFTER_QUOTE_NAMED,ATTRIBUTED_DIALOGUE_CANDIDATE,"she simply  doesn't care. She's got no common sense. I've always known that.""    ""So you're going to leave, Amy?"" said Sophia that evening, as Amy was  passing through the parlour on her way to bed. Constance was already  arranged for the night.","answered Amy, precisely.    Her tone was not rude, but it was firm. She had apparently reconnoitred  her position in calmness.    ""I'm sorry I was obliged to correct you this morning,"" said Sophia,  with cheerful amicableness, pleased in spite of he",False
OWT_C02447,"I'm sorry I was obliged to correct you this morning,",1067348,1067402,Sophia,,Sophia,,NAMED,NONE,Sophia,AFTER_QUOTE_NAMED,ATTRIBUTED_DIALOGUE_CANDIDATE,"Amy was  passing through the parlour on her way to bed. Constance was already  arranged for the night.    ""I am, m'm,"" answered Amy, precisely.    Her tone was not rude, but it was firm. She had apparently reconnoitred  her position in calmness.","said Sophia,  with cheerful amicableness, pleased in spite of herself with the  woman's tone. ""But I think you will see that I had reason to.""    ""I've been thinking it over, m'm,"" said Amy, with dignity, ""and I see  as I must leave.""    There was a",False
OWT_C02449,"I've been thinking it over, m'm,",1067549,1067583,Amy,,Amy,,NAMED,NONE,Amy,AFTER_QUOTE_NAMED,ATTRIBUTED_DIALOGUE_CANDIDATE,"ently reconnoitred  her position in calmness.    ""I'm sorry I was obliged to correct you this morning,"" said Sophia,  with cheerful amicableness, pleased in spite of herself with the  woman's tone. ""But I think you will see that I had reason to.""","said Amy, with dignity, ""and I see  as I must leave.""    There was a pause.    ""Well, you know best.... Good night, Amy.""    ""Good night, m'm.""    ""She's a decent woman,"" thought Sophia, ""but hopeless for this place  now.""    The sisters were fronte",False
OWT_C02461,"I will, m'm,",1072466,1072480,Amy,,Amy,,NAMED,NONE,Amy,AFTER_QUOTE_NAMED,ATTRIBUTED_DIALOGUE_CANDIDATE,"""Yes, m'm.""    ""Where is his surgery?""    ""Well, m'm, he did live just opposite, with Dr. Harrop, but latterly  he's gone to live at Bleakridge.""    ""I wish you would put your things on, and run up there and ask him to  call as soon as he can.""","said Amy, with the greatest willingness. ""I thought I  heard missis cry out."" She was not effusive. She was better than  effusive: kindly and helpful with a certain reserve.    ""There's something about that woman I like,"" said Sophia, to herself.  F",False
OWT_C02462,"There's something about that woman I like,",1072658,1072702,Sophia,,Sophia,,NAMED,NONE,Sophia,AFTER_QUOTE_NAMED,ATTRIBUTED_DIALOGUE_CANDIDATE,"run up there and ask him to  call as soon as he can.""    ""I will, m'm,"" said Amy, with the greatest willingness. ""I thought I  heard missis cry out."" She was not effusive. She was better than  effusive: kindly and helpful with a certain reserve.","said Sophia, to herself.  For a proved fool, Amy was indeed holding her own rather well.    Dr. Stirling drove down about two o'clock. He had now been established  in the Five Towns for more than a decade, and the stamp of success was  on his brow a",False
OWT_C02463,What is it?,1074942,1074955,Constance,,Constance,,NAMED,NONE,Constance,AFTER_QUOTE_NAMED,ATTRIBUTED_DIALOGUE_CANDIDATE,"rare gift of taking a case very  seriously while remaining cheerful.    He said he would return in a quarter of an hour, and he returned in  thirteen minutes with a hypodermic syringe, with which he attacked the  pain in its central strongholds.","asked Constance, breathing gratitude for the relief.    He paused, looking at her roguishly from under lowered eyelids.    ""I'd better not tell ye,"" he said. ""It might lead ye into mischief.""    ""Oh, but you must tell me, doctor,"" Constance insisted",False
OWT_C02490,What CAN she have in the way of worries?,1081515,1081557,Sophia.,,Sophia,,NAMED,NONE,Sophia,AFTER_QUOTE_NAMED,ATTRIBUTED_DIALOGUE_CANDIDATE,"well--I mean what you may call quite well--until the  day before yesterday, when she sat in that draught. She was better last  night, and then this morning I find her ever so much worse.""    ""No worries?"" The doctor looked at her confidentially.","exclaimed Sophia. ""That's to  say--real worries.""    ""Exactly!"" the doctor agreed.    ""I tell her she doesn't know what worry is,"" said Sophia.    ""So do I!"" said the doctor, his eyes twinkling.    ""She was a little upset because she didn't receive",False
OWT_C02492,"I tell her she doesn't know what worry is,",1081644,1081688,Sophia.,,Sophia,,NAMED,NONE,Sophia,AFTER_QUOTE_NAMED,ATTRIBUTED_DIALOGUE_CANDIDATE,"ight, and then this morning I find her ever so much worse.""    ""No worries?"" The doctor looked at her confidentially.    ""What CAN she have in the way of worries?"" exclaimed Sophia. ""That's to  say--real worries.""    ""Exactly!"" the doctor agreed.","said Sophia.    ""So do I!"" said the doctor, his eyes twinkling.    ""She was a little upset because she didn't receive her usual Sunday  letter from Cyril yesterday. But then she was weak and low.""    ""Clever youth, Cyril!"" mused the doctor.    ""I th",False
OWT_C02493,So do I!,1081705,1081715,the doctor,,the doctor,,DESCRIPTIVE,NONE,the doctor,AFTER_QUOTE_DESCRIPTIVE,ATTRIBUTED_DIALOGUE_CANDIDATE,"""No worries?"" The doctor looked at her confidentially.    ""What CAN she have in the way of worries?"" exclaimed Sophia. ""That's to  say--real worries.""    ""Exactly!"" the doctor agreed.    ""I tell her she doesn't know what worry is,"" said Sophia.","said the doctor, his eyes twinkling.    ""She was a little upset because she didn't receive her usual Sunday  letter from Cyril yesterday. But then she was weak and low.""    ""Clever youth, Cyril!"" mused the doctor.    ""I think he's a particularly nic",False
OWT_C02495,"I think he's a particularly nice boy,",1081933,1081972,Sophia,,Sophia,,NAMED,NONE,Sophia,AFTER_QUOTE_NAMED,ATTRIBUTED_DIALOGUE_CANDIDATE,"is,"" said Sophia.    ""So do I!"" said the doctor, his eyes twinkling.    ""She was a little upset because she didn't receive her usual Sunday  letter from Cyril yesterday. But then she was weak and low.""    ""Clever youth, Cyril!"" mused the doctor.","said Sophia, eagerly,    ""So you've seen him?""    ""Of course,"" said Sophia, rather stiffly. Did the doctor suppose that  she did not know her own nephew? She went back to the subject of her  sister. ""She is also a little bothered, I think, because t",False
OWT_C02497,"Of course,",1082023,1082035,Sophia,,Sophia,,NAMED,NONE,Sophia,AFTER_QUOTE_NAMED,ATTRIBUTED_DIALOGUE_CANDIDATE,"upset because she didn't receive her usual Sunday  letter from Cyril yesterday. But then she was weak and low.""    ""Clever youth, Cyril!"" mused the doctor.    ""I think he's a particularly nice boy,"" said Sophia, eagerly,    ""So you've seen him?""","said Sophia, rather stiffly. Did the doctor suppose that  she did not know her own nephew? She went back to the subject of her  sister. ""She is also a little bothered, I think, because the servant is  going to leave.""    ""Oh! So Amy is going to leav",False
OWT_C02500,"I did something,",1082574,1082592,Sophia,,Sophia,,NAMED,NONE,Sophia,AFTER_QUOTE_NAMED,ATTRIBUTED_DIALOGUE_CANDIDATE,"een  you and me, it's no bad thing.""    ""I'm so glad you think so.""    ""In another few years the servant would have been the mistress here.  One can see these things coming on, but it's so difficult to do  anything. In fact ye can't do anything.""","said Sophia, sharply. ""I told the woman straight  that it shouldn't go on while I was in the house. I didn't suspect it  at first--but when I found it out ... I can tell you!"" She let the  doctor imagine what she could tell him.    He smiled. ""No,""",False
OWT_C02502,Then people talk about it?,1083038,1083066,Sophia,,Sophia,,NAMED,NONE,Sophia,AFTER_QUOTE_NAMED,ATTRIBUTED_DIALOGUE_CANDIDATE,"imagine what she could tell him.    He smiled. ""No,"" he said. ""I can easily understand that ye didn't  suspect anything at first. When she's well and bright Mrs. Povey could  hold her own--so I'm told. But it was certainly slowly getting worse.""","said Sophia, shocked.    ""As a native of Bursley, Mrs. Scales,"" said the doctor, ""ye ought to  know what people in Bursley do!"" Sophia put her lips together. The  doctor rose, smoothing his waistcoat. ""What does she bother with  servants at all for?",False
OWT_C02503,"As a native of Bursley, Mrs. Scales,",1083092,1083130,the doctor,,the doctor,,DESCRIPTIVE,NONE,the doctor,AFTER_QUOTE_DESCRIPTIVE,ATTRIBUTED_DIALOGUE_CANDIDATE,"he said. ""I can easily understand that ye didn't  suspect anything at first. When she's well and bright Mrs. Povey could  hold her own--so I'm told. But it was certainly slowly getting worse.""    ""Then people talk about it?"" said Sophia, shocked.","said the doctor, ""ye ought to  know what people in Bursley do!"" Sophia put her lips together. The  doctor rose, smoothing his waistcoat. ""What does she bother with  servants at all for?"" he burst out. ""She's perfectly free. She hasn't  got a care in",False
OWT_C02508,My word!,1084316,1084326,the doctor.,,the doctor,,DESCRIPTIVE,NONE,the doctor,AFTER_QUOTE_DESCRIPTIVE,ATTRIBUTED_DIALOGUE_CANDIDATE,"d especially in St. Luke's Square,  right in the thick of it all! Smoke! Dirt! No air! No light! No  scenery! No amusements! What does she do it for? She's in a rut.""    ""Yes, she's in a rut,"" Sophia repeated her own phrase, which he had  copied.","said the doctor. ""Wouldn't I clear out and enjoy myself if I  could! Your sister's a young woman.""    ""Of course she is!"" Sophia concurred, feeling that she herself was even  younger. ""Of course she is!""    ""And except that she's nervously organized",False
OWT_C02511,"Doctor,",1084937,1084946,Sophia,,Sophia,,NAMED,NONE,Sophia,AFTER_QUOTE_NAMED,ATTRIBUTED_DIALOGUE_CANDIDATE,"e cured, but it might be, by a complete change and  throwing off all these ridiculous worries. Not only does she live in  the most depressing conditions, but she suffers tortures for it, and  there's absolutely no need for her to be here at all.""","said Sophia, solemnly, impressed, ""you are quite right. I  agree with every word you say.""    ""Naturally she's attached to the place,"" he continued, glancing round  the room. ""I know all about that. After living here all her life! But  she's got to",False
OWT_C02513,"Of course,",1085364,1085376,Sophia,,Sophia,,NAMED,NONE,Sophia,AFTER_QUOTE_NAMED,ATTRIBUTED_DIALOGUE_CANDIDATE,"e room. ""I know all about that. After living here all her life! But  she's got to break herself of her attachment. It's her duty to do so.  She ought to show a little energy. I'm deeply attached to my bed in the  morning, but I have to leave it.""","said Sophia, in an impatient tone, as though disgusted  with every person who could not perceive, or would not subscribe to,  these obvious truths that the doctor was uttering. ""Of course!""    ""What she needs is the bustle of life in a good hotel, a",False
OWT_C02516,"No one better,",1086300,1086316,Sophia.,,Sophia,,NAMED,NONE,Sophia,AFTER_QUOTE_NAMED,ATTRIBUTED_DIALOGUE_CANDIDATE,"lm amusement. ""I expect so,"" she  said superiorly.    ""A hotel--that's the life. No worries. If ye want anything ye ring a  bell. If a waiter gives notice, it's some one else who has the worry,  not you. But you know all about that, Mrs. Scales.""","murmured Sophia.    ""Good evening,"" he said abruptly, sticking out his hand. ""I'll be down  in the morning.""    ""Did you ever mention this to my sister?"" Sophia asked him, rising.    ""Yes,"" said he. ""But it's no use. Oh yes, I've told her. But she d",False
OWT_C02520,"I never thought of that,",1086702,1086728,Sophia.,,Sophia,,NAMED,NONE,Sophia,AFTER_QUOTE_NAMED,ATTRIBUTED_DIALOGUE_CANDIDATE,"his to my sister?"" Sophia asked him, rising.    ""Yes,"" said he. ""But it's no use. Oh yes, I've told her. But she does  really think it's quite impossible. She wouldn't even hear of going to  live in London with her beloved son. She won't listen.""","said Sophia. ""Good night.""    Their hand-grasp was very intimate and mutually comprehending. He was  pleased by the quick responsiveness of her temperament, and the  masterful vigour which occasionally flashed out in her replies. He  noticed the har",False
OWT_C02524,"You've been having quite a long chat with the doctor,",1087618,1087673,Constance.,,Constance,,NAMED,NONE,Constance,AFTER_QUOTE_NAMED,ATTRIBUTED_DIALOGUE_CANDIDATE,"er own  thoughts. She honoured him by standing at the door till he had driven  off.    For a few moments she mused solitary in the parlour, and then, lowering  the gas, she went upstairs to her sister, who lay in the dark. Sophia  struck a match.","said Constance.  ""He's very good company, isn't he? What did he talk about this time?""    ""He wanted to know about Paris and so on,"" Sophia answered.    ""Oh! I believe he's a rare student.""    Lying there in the dark, the simple Constance never susp",False
OWT_C02530,"I must send him a line,",1090292,1090317,Constance,,Constance,,NAMED,NONE,Constance,AFTER_QUOTE_NAMED,ATTRIBUTED_DIALOGUE_CANDIDATE,"Bursley on Wednesday, on  business with Peels. I shall get to Knype at 5.28, and take the Loop.  I've been very busy, and as I was coming down I didn't write on  Saturday. I hope you didn't worry. Love to yourself and Aunt Sophia.    ""Yours, C.""","said Constance, excitedly.    ""What? To-night?""    ""Yes. Amy can easily catch the last post with it. Otherwise he won't  know that I've got his letter.""    She rang the bell.    Sophia thought: ""His coming down is really no excuse for his not  writi",False
OWT_C02537,"Amy,",1092240,1092246,Constance,,Constance,,NAMED,NONE,Constance,AFTER_QUOTE_NAMED,ATTRIBUTED_DIALOGUE_CANDIDATE,"ut I thought I heard the door.  What a long time she is!""    ""What do you want?"" Sophia asked.    ""I just want to speak to her,"" said Constance.    When the bell had been rung seven or eight times, Amy at length  re-appeared, somewhat breathless.","said Constance, ""let me examine those sheets, will you?""    ""Yes'm,"" said Amy, apparently knowing what sheets, of all the various  and multitudinous sheets in that house.    ""And the pillow-cases,"" Constance added as Amy left the room.    So it cont",False
OWT_C02539,"Yes'm,",1092307,1092315,Amy,,Amy,,NAMED,NONE,Amy,AFTER_QUOTE_NAMED,ATTRIBUTED_DIALOGUE_CANDIDATE,"do you want?"" Sophia asked.    ""I just want to speak to her,"" said Constance.    When the bell had been rung seven or eight times, Amy at length  re-appeared, somewhat breathless.    ""Amy,"" said Constance, ""let me examine those sheets, will you?""","said Amy, apparently knowing what sheets, of all the various  and multitudinous sheets in that house.    ""And the pillow-cases,"" Constance added as Amy left the room.    So it continued. The next day the fever heightened. Constance was up  early, be",False
OWT_C02543,"I'm going to change it with that one,",1093856,1093895,Constance,,Constance,,NAMED,NONE,Constance,AFTER_QUOTE_NAMED,ATTRIBUTED_DIALOGUE_CANDIDATE,"he had a tendency to rasp. After the high-tea  was set she suddenly sprang on to the sofa and lifted down the 'Stag at  Eve' engraving. The dust on the top of the frame incensed her.    ""What are you going to do?"" Sophia asked, in a final marvel.","said Constance, pointing to  another engraving opposite the fireplace. ""He said the effect would be  very much better if they were changed. And his lordship is very  particular.""    Constance did not go to Bursley station to meet her son. She explai",False
OWT_C02544,"Suppose I go to meet him,",1094229,1094256,Sophia,,Sophia,,NAMED,NONE,Sophia,AFTER_QUOTE_NAMED,ATTRIBUTED_DIALOGUE_CANDIDATE,"effect would be  very much better if they were changed. And his lordship is very  particular.""    Constance did not go to Bursley station to meet her son. She explained  that it upset her to do so, and that also Cyril preferred her not to  come.","said Sophia, at half-past five. The idea  had visited her suddenly. She thought: ""Then I could talk to him before  any one else.""    ""Oh, do!"" Constance agreed.    Sophia put her things on with remarkable expedition. She arrived at the  station a mi",False
OWT_C02549,Where?,1095361,1095369,Constance.,,Constance,,NAMED,NONE,Constance,AFTER_QUOTE_NAMED,ATTRIBUTED_DIALOGUE_CANDIDATE,"as silent and calm; Sophia also.    ""What a shame! What a shame!"" thumped Sophia's heart.    It was the most ordinary episode. But beneath her calm she was furious  against her favourite. She hesitated.    ""I'm just going out a minute,"" she said.","asked Constance. ""Hadn't we better have tea? I suppose we must  have tea.""    ""I shan't be long. I want to buy something.""    Sophia went to the post-office and despatched a telegram. Then,  partially eased, she returned to the arid and painful deso",False
OWT_C02563,"I wish I was half as good-looking,",1097781,1097817,Cyril,,Cyril,,NAMED,NONE,Cyril,AFTER_QUOTE_NAMED,ATTRIBUTED_DIALOGUE_CANDIDATE,"f  her!""    Whereupon Sophia shook her head, deprecating such wit. Sophia was very  lenient towards him. Her leniency could be perceived in her eyes, which  followed his movements all the time. ""Do you think he is like me,  Constance?"" she asked.","said Cyril, quickly; and Constance  said:    ""As a baby he was very like you. He was a handsome baby. He wasn't at  all like you when he was at school. These last few years he's begun to  be like you again. He's very much changed since he left schoo",False
OWT_C02564,Heavy and clumsy!,1098112,1098131,Sophia.,,Sophia,,NAMED,NONE,Sophia,AFTER_QUOTE_NAMED,ATTRIBUTED_DIALOGUE_CANDIDATE,"""As a baby he was very like you. He was a handsome baby. He wasn't at  all like you when he was at school. These last few years he's begun to  be like you again. He's very much changed since he left school; he was  rather heavy and clumsy then.""","exclaimed Sophia. ""Well, I should never have  believed it!""    ""Oh, but he was!"" Constance insisted.    ""Now, mater,"" said Cyril, ""it's a pity you don't want that cake cutting  into. I think I could have eaten a bit of that cake. But of course if  i",False
OWT_C02566,"Now, mater,",1098236,1098249,Cyril,,Cyril,,NAMED,NONE,Cyril,AFTER_QUOTE_NAMED,ATTRIBUTED_DIALOGUE_CANDIDATE,"ears he's begun to  be like you again. He's very much changed since he left school; he was  rather heavy and clumsy then.""    ""Heavy and clumsy!"" exclaimed Sophia. ""Well, I should never have  believed it!""    ""Oh, but he was!"" Constance insisted.","said Cyril, ""it's a pity you don't want that cake cutting  into. I think I could have eaten a bit of that cake. But of course if  it's only for show...!""    Constance sprang up, seizing a knife.    ""You shouldn't tease your mother,"" Sophia told him.",False
OWT_C02573,Oh!,1100580,1100585,Sophia,,Sophia,,NAMED,NONE,Sophia,AFTER_QUOTE_NAMED,ATTRIBUTED_DIALOGUE_CANDIDATE,"he telegram, which read--    ""Very well. Will come same train to-day.""    And Constance learned that when Sophia had rushed out just before tea  on the previous evening, it was to telegraph to Cyril.    ""What did you say to him?"" Constance asked.","said Sophia, with a careless air, ""I told him I thought he ought  to come. After all, you're more important than any business, Constance!  And I don't like him behaving like that. I was determined he should  come!""    Sophia had tossed her proud hea",False
OWT_C02588,"I should have preferred you to see Mr. Peel-Swynnerton here,",1105230,1105292,Constance.,,Constance,,NAMED,NONE,Constance,AFTER_QUOTE_NAMED,ATTRIBUTED_DIALOGUE_CANDIDATE,"hint of the nature of the business! He never explained. As to  business, Constance knew only that she allowed him three hundred a  year, and paid his local tailor. The sum had at first seemed to her  enormous, but she had grown accustomed to it.","said  Constance. ""You could have had a room to yourselves. I do not like you  going out at ten o'clock at night to a club.""    ""Well, good night, mater,"" he said, getting up. ""See you to-morrow. I  shall take the key out of the door. It's true my po",False
OWT_C02590,Oh!,1106641,1106646,Cyril,,Cyril,,NAMED,NONE,Cyril,AFTER_QUOTE_NAMED,ATTRIBUTED_DIALOGUE_CANDIDATE,"nsham. She said to  herself: ""My life has been so queer--and yet every part of it  separately seemed ordinary enough--how will it end?""    Then there were footfalls on the steps outside, and a key was put into  the door, which she at once opened.","exclaimed Cyril, startled, and also somewhat out of countenance.  ""You're still up! Thanks."" He came in, smoking the end of a cigar.  ""Fancy having to cart that about!"" he murmured, holding up the great  old-fashioned key before inserting it in the",False
OWT_C02593,"I stayed up,",1106919,1106933,Sophia,,Sophia,,NAMED,NONE,Sophia,AFTER_QUOTE_NAMED,ATTRIBUTED_DIALOGUE_CANDIDATE,"led, and also somewhat out of countenance.  ""You're still up! Thanks."" He came in, smoking the end of a cigar.  ""Fancy having to cart that about!"" he murmured, holding up the great  old-fashioned key before inserting it in the lock on the inside.","said Sophia, ""because I wanted to talk to you about your  mother, and it's so difficult to get a chance.""    Cyril smiled, not without self-consciousness, and dropped into his  mother's rocking-chair, which he had twisted round with his feet to  fac",False
OWT_C02595,"I thought you ought to come down,",1107347,1107382,Sophia,,Sophia,,NAMED,NONE,Sophia,AFTER_QUOTE_NAMED,ATTRIBUTED_DIALOGUE_CANDIDATE,"ped into his  mother's rocking-chair, which he had twisted round with his feet to  face the sofa.    ""Yes,"" he said. ""I was wondering what was the real meaning of your  telegram. What was it?"" He blew out a lot of smoke and waited for her  reply.","said Sophia, cheerfully but firmly.  ""It was a fearful disappointment to your mother that you didn't come  yesterday. And when she's expecting a letter from you and it doesn't  come, it makes her ill.""    ""Oh, well!"" he said. ""I'm glad it's no worse",False
OWT_C02614,Yes.,1109932,1109938,Sophia,,Sophia,,NAMED,NONE,Sophia,AFTER_QUOTE_NAMED,ATTRIBUTED_DIALOGUE_CANDIDATE,"his elbow  and looking down at her. ""Stirling said that, did he? I should have  thought she would have been better where she is, in the Square.""    ""Why better in the Square?""    ""Oh, I don't know!""    ""Neither do I!""    ""She's always been here.""","said Sophia, ""she's been here a great deal too long.""    ""What do YOU suggest?"" Cyril asked, with impatience in his voice  against this new anxiety that was being thrust upon him.    ""Well,"" said Sophia, ""what should you say to her coming to London",False
OWT_C02617,"Well,",1110122,1110129,Sophia,,Sophia,,NAMED,NONE,Sophia,AFTER_QUOTE_NAMED,ATTRIBUTED_DIALOGUE_CANDIDATE,"t know!""    ""Neither do I!""    ""She's always been here.""    ""Yes."" said Sophia, ""she's been here a great deal too long.""    ""What do YOU suggest?"" Cyril asked, with impatience in his voice  against this new anxiety that was being thrust upon him.","said Sophia, ""what should you say to her coming to London and  living with you?""    Cyril started back. Sophia could see that he was genuinely shocked. ""I  don't think that would do at all,"" he said.    ""Why?""    ""Oh! I don't think it would. London",False
OWT_C02621,"Yes,",1110883,1110889,Sophia.,,Sophia,,NAMED,NONE,Sophia,AFTER_QUOTE_NAMED,ATTRIBUTED_DIALOGUE_CANDIDATE,"e,"" Cyril began in a new and brighter tone. ""Why don't you and  she keep house together somewhere? That would be the very--""    He turned his head sharply. There was a noise on the staircase, and the  staircase door opened with its eternal creak.","said Sophia. ""The Champs Elysees begins at the Place de la  Concorde, and ends----. Is that you, Constance?""    The figure of Constance filled the doorway. Her face was troubled. She  had heard Cyril in the street, and had come down to see why he re",False
OWT_C02623,"No,",1111448,1111453,Sophia.,,Sophia,,NAMED,NONE,Sophia,AFTER_QUOTE_NAMED,ATTRIBUTED_DIALOGUE_CANDIDATE,"ophia with him.  There they were, as intimate as cronies, chattering about Paris!  Undoubtedly she was jealous! Never did Cyril talk like that to her!    ""I thought you were in bed and asleep, Sophia,"" she said weakly. ""It's  nearly one o'clock.""","said Sophia. ""I didn't seem to feel like going to bed; and then  Cyril happened to come in.""    But neither she nor Cyril could look innocent. And Constance glanced  from one to the other apprehensively.    The next morning Cyril received a letter w",False
OWT_C02630,"I'm coming too,",1128498,1128515,Sophia,,Sophia,,NAMED,NONE,Sophia,AFTER_QUOTE_NAMED,ATTRIBUTED_DIALOGUE_CANDIDATE,"her in the dining-room. Constance  could not eat. But Sophia ate, and she poured out cheerfulness and  energy as from a source inexhaustible. After lunch it began to rain.  Constance said she thought she should retire directly to the  sitting-room.","said Sophia, who was still wearing her  hat and coat and carried her gloves in her hand. In the pretentious and  banal sitting-room they sat down on either side the fire. Constance put  a little shawl round her shoulders, pushed her spectacles into",False
OWT_C02632,"I tell you what I've been thinking,",1128894,1128931,Sophia,,Sophia,,NAMED,NONE,Sophia,AFTER_QUOTE_NAMED,ATTRIBUTED_DIALOGUE_CANDIDATE,"oom they sat down on either side the fire. Constance put  a little shawl round her shoulders, pushed her spectacles into her grey  hair, folded her hands, and sighed an enormous sigh: ""Oh, dear!"" She  was the tragic muse, aged, and in black silk.","said Sophia, folding up her  gloves.    ""What?"" asked Constance, expecting some wonderful solution to come out  of Sophia's active brain.    ""There's no earthly reason why you should go back to Bursley. The house  won't run away, and it's costing no",False
OWT_C02633,What?,1128972,1128979,Constance,,Constance,,NAMED,NONE,Constance,AFTER_QUOTE_NAMED,ATTRIBUTED_DIALOGUE_CANDIDATE,"her shoulders, pushed her spectacles into her grey  hair, folded her hands, and sighed an enormous sigh: ""Oh, dear!"" She  was the tragic muse, aged, and in black silk.    ""I tell you what I've been thinking,"" said Sophia, folding up her  gloves.","asked Constance, expecting some wonderful solution to come out  of Sophia's active brain.    ""There's no earthly reason why you should go back to Bursley. The house  won't run away, and it's costing nothing but the rent. Why not take  things easy fo",False
OWT_C02634,And stay here?,1129242,1129258,Constance,,Constance,,NAMED,NONE,Constance,AFTER_QUOTE_NAMED,ATTRIBUTED_DIALOGUE_CANDIDATE,"nce, expecting some wonderful solution to come out  of Sophia's active brain.    ""There's no earthly reason why you should go back to Bursley. The house  won't run away, and it's costing nothing but the rent. Why not take  things easy for a bit?""","said Constance, with an inflection that enlightened  Sophia as to the intensity of her dislike of the existence at the  Rutland.    ""No, not here,"" Sophia answered with quick deprecation. ""There are  plenty of other places we could go to.""    ""I don",False
OWT_C02636,"I don't think I should be easy in my mind,",1129502,1129546,Constance.,,Constance,,NAMED,NONE,Constance,AFTER_QUOTE_NAMED,ATTRIBUTED_DIALOGUE_CANDIDATE,"here?"" said Constance, with an inflection that enlightened  Sophia as to the intensity of her dislike of the existence at the  Rutland.    ""No, not here,"" Sophia answered with quick deprecation. ""There are  plenty of other places we could go to.""","said Constance. ""What with  nothing being settled, the house----""    ""What does it matter about the house?""    ""It matters a great deal,"" said Constance, seriously, and slightly  hurt. ""I didn't leave things as if we were going to be away for a long",False
OWT_C02638,"It matters a great deal,",1129658,1129684,Constance,,Constance,,NAMED,NONE,Constance,AFTER_QUOTE_NAMED,ATTRIBUTED_DIALOGUE_CANDIDATE,"ophia answered with quick deprecation. ""There are  plenty of other places we could go to.""    ""I don't think I should be easy in my mind,"" said Constance. ""What with  nothing being settled, the house----""    ""What does it matter about the house?""","said Constance, seriously, and slightly  hurt. ""I didn't leave things as if we were going to be away for a long  time. It wouldn't do.""    ""I don't see that anything could come to any harm, I really don't!""  said Sophia, persuasively. ""Dirt can alwa",False
OWT_C02639,"I don't see that anything could come to any harm, I really don't!",1129824,1129891,Sophia,,Sophia,,NAMED,NONE,Sophia,AFTER_QUOTE_NAMED,ATTRIBUTED_DIALOGUE_CANDIDATE,"nothing being settled, the house----""    ""What does it matter about the house?""    ""It matters a great deal,"" said Constance, seriously, and slightly  hurt. ""I didn't leave things as if we were going to be away for a long  time. It wouldn't do.""","said Sophia, persuasively. ""Dirt can always be cleaned, after all. I  think you ought to go about more. It would do you good--all the good in  the world. And there is no reason why you shouldn't go about. You are  perfectly free. Why shouldn't we g",False
OWT_C02640,Abroad?,1130229,1130238,Constance,,Constance,,NAMED,NONE,Constance,AFTER_QUOTE_NAMED,ATTRIBUTED_DIALOGUE_CANDIDATE,"to go about more. It would do you good--all the good in  the world. And there is no reason why you shouldn't go about. You are  perfectly free. Why shouldn't we go abroad together, for instance, you  and I? I'm sure you would enjoy it very much.""","murmured Constance, aghast, recoiling from the proposition as  from a grave danger.    ""Yes,"" said Sophia, brightly and eagerly. She was determined to take  Constance abroad. ""There are lots of places we could go to, and live  very comfortably among",False
OWT_C02641,"Yes,",1130326,1130332,Sophia,,Sophia,,NAMED,NONE,Sophia,AFTER_QUOTE_NAMED,ATTRIBUTED_DIALOGUE_CANDIDATE,"u shouldn't go about. You are  perfectly free. Why shouldn't we go abroad together, for instance, you  and I? I'm sure you would enjoy it very much.""    ""Abroad?"" murmured Constance, aghast, recoiling from the proposition as  from a grave danger.","said Sophia, brightly and eagerly. She was determined to take  Constance abroad. ""There are lots of places we could go to, and live  very comfortably among nice English people."" She thought of the resorts  she had visited with Gerald in the sixties.",False
OWT_C02642,"I don't think going abroad would suit me,",1130671,1130714,Constance.,,Constance,,NAMED,NONE,Constance,AFTER_QUOTE_NAMED,ATTRIBUTED_DIALOGUE_CANDIDATE,"are lots of places we could go to, and live  very comfortably among nice English people."" She thought of the resorts  she had visited with Gerald in the sixties. They seemed to her like  cities of a dream. They came back to her as a dream recurs.","said Constance.    ""But why not? You don't know. You've never tried, my dear."" She smiled  encouragingly. But Constance did not smile. Constance was inclined to  be grim.    ""I don't think it would,"" said she, obstinately. ""I'm one of your  stay-at-",False
OWT_C02646,"I think I shall have to be getting back to St. Luke's Square,",1131454,1131517,Constance,,Constance,,NAMED,NONE,Constance,AFTER_QUOTE_NAMED,ATTRIBUTED_DIALOGUE_CANDIDATE,"d persuasiveness, ""in England  or Scotland. There are several places I should like to visit--Torquay,  Tunbridge Wells. I've always under-stood that Tunbridge Wells is a very  nice town indeed, with very superior people, and a beautiful climate.""","said  Constance, ignoring all that Sophia had said. ""There's so much to be  done.""    Then Sophia looked at Constance with a more serious and resolute air;  but still kindly, as though looking thus at Constance for Constance's  own good.    ""You are",False
OWT_C02648,A mistake!,1131846,1131858,Constance,,Constance,,NAMED,NONE,Constance,AFTER_QUOTE_NAMED,ATTRIBUTED_DIALOGUE_CANDIDATE,"ne.""    Then Sophia looked at Constance with a more serious and resolute air;  but still kindly, as though looking thus at Constance for Constance's  own good.    ""You are making a mistake, Constance,"" she said, ""if you will allow me  to say so.""","exclaimed Constance, startled.    ""A very great mistake,"" Sophia insisted, observing that she was  creating an effect.    ""I don't see how I can be making a mistake,"" Constance said, gaining  confidence in herself, as she thought the matter over.",False
OWT_C02651,"No,",1132109,1132114,Sophia,,Sophia,,NAMED,NONE,Sophia,AFTER_QUOTE_NAMED,ATTRIBUTED_DIALOGUE_CANDIDATE,"exclaimed Constance, startled.    ""A very great mistake,"" Sophia insisted, observing that she was  creating an effect.    ""I don't see how I can be making a mistake,"" Constance said, gaining  confidence in herself, as she thought the matter over.","said Sophia, ""I'm sure you don't see it. But you are. You know,  you are just a little apt to let yourself be a slave to that house of  yours. Instead of the house existing for you, you exist for the house.""    ""Oh! Sophia!"" Constance muttered awkwa",False
OWT_C02655,"There's one thing I can't understand,",1132801,1132840,Sophia,,Sophia,,NAMED,NONE,Sophia,AFTER_QUOTE_NAMED,ATTRIBUTED_DIALOGUE_CANDIDATE,"take things easier than I do as regards housekeeping. I can  assure you I let dozens of little matters go, rather than bother  myself.""    ""Then why do you bother now?"" Sophia posed her.    ""I can't leave the place like that."" Constance was hurt.","said Sophia, raising her head  and gazing at Constance again, ""and that is, why you live in St. Luke's  Square at all.""    ""I must live somewhere. And I'm sure it's very pleasant.""    ""In all that smoke! And with that dirt! And the house is very old",False
OWT_C02659,"Well,",1133948,1133955,Sophia,,Sophia,,NAMED,NONE,Sophia,AFTER_QUOTE_NAMED,ATTRIBUTED_DIALOGUE_CANDIDATE,"oked upon as a  very good house indeed.""    ""Oh! I don't say it isn't; I don't say it isn't. But you would be  better away from it. Every one says that.""    ""Every one?"" Constance looked up, dropping her work. ""Who? Who's been  talking about me?""","said Sophia, ""the doctor, for instance.""    ""Dr. Stirling? I like that! He's always saying that Bursley is one of  the healthiest climates in England. He's always sticking up for  Bursley.""    ""Dr. Stirling thinks you ought to go away more--not stay",False
OWT_C02664,Do!,1134722,1134727,Constance,,Constance,,NAMED,NONE,Constance,AFTER_QUOTE_NAMED,ATTRIBUTED_DIALOGUE_CANDIDATE,"he ever told you you ought to go away more?"" Sophia persisted.    ""He may have mentioned it,"" Constance reluctantly admitted.    ""When he was talking to me he did a good deal more than mention it. And  I've a good mind to tell you what he said.""","said Constance, politely.    ""You don't realize how serious it is, I'm afraid,"" said Sophia. ""You  can't see yourself."" She hesitated a moment. Her blood being stirred by  Constance's peculiar inflection of the phrase 'my dark house,' her  judgment",False
OWT_C02665,"You don't realize how serious it is, I'm afraid,",1134757,1134807,Sophia.,,Sophia,,NAMED,NONE,Sophia,AFTER_QUOTE_NAMED,ATTRIBUTED_DIALOGUE_CANDIDATE,"way more?"" Sophia persisted.    ""He may have mentioned it,"" Constance reluctantly admitted.    ""When he was talking to me he did a good deal more than mention it. And  I've a good mind to tell you what he said.""    ""Do!"" said Constance, politely.","said Sophia. ""You  can't see yourself."" She hesitated a moment. Her blood being stirred by  Constance's peculiar inflection of the phrase 'my dark house,' her  judgment was slightly obscured. She decided to give Constance a fairly  full version of t",False
OWT_C02671,It's no use!,1136225,1136239,Constance,,Constance,,NAMED,NONE,Constance,AFTER_QUOTE_NAMED,ATTRIBUTED_DIALOGUE_CANDIDATE,"embroidery.    ""Now, what do you say?"" Sophia gently entreated.    ""There's some of us like Bursley, black as it is!"" said Constance. And  Sophia was surprised to detect tears in her sister's voice.    ""Now, my dear Constance,"" she remonstrated.","cried Constance, flinging away her work, and letting her  tears flow suddenly. Her face was distorted. She was behaving just like  a child. ""It's no use! I've got to go back home and look after things.  It's no use. Here we are pitching money about",False
OWT_C02672,"We will count it that you are here as my guest,",1136845,1136894,Sophia,,Sophia,,NAMED,NONE,Sophia,AFTER_QUOTE_NAMED,ATTRIBUTED_DIALOGUE_CANDIDATE,"never heard of such goings-on. And I'd sooner be at home.  That's it. I'd sooner be at home."" This was the first reference that  Constance had made for a long time to the question of expense, and  incomparably the most violent. It angered Sophia.","said Sophia, loftily,  ""if that is how you look at it.""    ""Oh no!"" said Constance. ""It isn't the money I grudge. Oh no, we  won't."" And her tears were falling thick.    ""Yes, we will,"" said Sophia, coldly. ""I've only been talking to you for  your o",False
OWT_C02674,Oh no!,1136954,1136962,Constance.,,Constance,,NAMED,NONE,Constance,AFTER_QUOTE_NAMED,ATTRIBUTED_DIALOGUE_CANDIDATE,"rst reference that  Constance had made for a long time to the question of expense, and  incomparably the most violent. It angered Sophia.    ""We will count it that you are here as my guest,"" said Sophia, loftily,  ""if that is how you look at it.""","said Constance. ""It isn't the money I grudge. Oh no, we  won't."" And her tears were falling thick.    ""Yes, we will,"" said Sophia, coldly. ""I've only been talking to you for  your own good. I--""    ""Well,"" Constance interrupted her despairingly, ""I",False
OWT_C02675,"Yes, we will,",1137065,1137080,Sophia,,Sophia,,NAMED,NONE,Sophia,AFTER_QUOTE_NAMED,ATTRIBUTED_DIALOGUE_CANDIDATE,"iolent. It angered Sophia.    ""We will count it that you are here as my guest,"" said Sophia, loftily,  ""if that is how you look at it.""    ""Oh no!"" said Constance. ""It isn't the money I grudge. Oh no, we  won't."" And her tears were falling thick.","said Sophia, coldly. ""I've only been talking to you for  your own good. I--""    ""Well,"" Constance interrupted her despairingly, ""I wish you wouldn't  try to domineer over me!""    ""Domineer!"" exclaimed Sophia, aghast. ""Well, Constance, I do think--""",False
OWT_C02677,Domineer!,1137260,1137271,Sophia,,Sophia,,NAMED,NONE,Sophia,AFTER_QUOTE_NAMED,ATTRIBUTED_DIALOGUE_CANDIDATE,"h no, we  won't."" And her tears were falling thick.    ""Yes, we will,"" said Sophia, coldly. ""I've only been talking to you for  your own good. I--""    ""Well,"" Constance interrupted her despairingly, ""I wish you wouldn't  try to domineer over me!""","exclaimed Sophia, aghast. ""Well, Constance, I do think--""    She got up and went to her bedroom, where the dogs were imprisoned.  They escaped to the stairs. She was shaking with emotion. This was what  came of trying to help other people! Imagine C",False
OWT_C02680,There!,1140117,1140125,Sophia.,,Sophia,,NAMED,NONE,Sophia,AFTER_QUOTE_NAMED,ATTRIBUTED_DIALOGUE_CANDIDATE,"with equal violence into the  parlour, where she deposited the basket on the floor near the empty  fireplace. She was triumphant and breathless. She looked at Constance,  who had been standing near the door in the attitude of a shocked  listener.","said Sophia. ""Did you hear how she talked?""    ""Yes,"" said Constance. ""What shall you do?""    ""Well,"" said Sophia. ""I had a very good mind to order her out of the  house at once. But then I thought I would take no notice. Her time will  be up in thr",False
OWT_C02682,"Yes,",1140173,1140179,Constance.,,Constance,,NAMED,NONE,Constance,AFTER_QUOTE_NAMED,ATTRIBUTED_DIALOGUE_CANDIDATE,"ed the basket on the floor near the empty  fireplace. She was triumphant and breathless. She looked at Constance,  who had been standing near the door in the attitude of a shocked  listener.    ""There!"" said Sophia. ""Did you hear how she talked?""","said Constance. ""What shall you do?""    ""Well,"" said Sophia. ""I had a very good mind to order her out of the  house at once. But then I thought I would take no notice. Her time will  be up in three weeks. It's best to be indifferent. If once they se",False
OWT_C02684,"Well,",1140220,1140227,Sophia.,,Sophia,,NAMED,NONE,Sophia,AFTER_QUOTE_NAMED,ATTRIBUTED_DIALOGUE_CANDIDATE,"place. She was triumphant and breathless. She looked at Constance,  who had been standing near the door in the attitude of a shocked  listener.    ""There!"" said Sophia. ""Did you hear how she talked?""    ""Yes,"" said Constance. ""What shall you do?""","said Sophia. ""I had a very good mind to order her out of the  house at once. But then I thought I would take no notice. Her time will  be up in three weeks. It's best to be indifferent. If once they see  they can upset you.... However, I wasn't goin",False
OWT_C02686,"And here,",1140938,1140949,Sophia.,,Sophia,,NAMED,NONE,Sophia,AFTER_QUOTE_NAMED,ATTRIBUTED_DIALOGUE_CANDIDATE,"ead, examined the skin. Fossette was a sick dog  and behaved like one. Fossette, too, was nine years older, and her  senility was offensive. She was to no sense a pleasant object.    ""See here,"" said Sophia.    Constance also knelt to the basket.","said Sophia. ""And here.""    The dog sighed, the insincere and pity-seeking sigh of a spoilt animal.  Fossette foolishly hoped by such appeals to be spared the annoying  treatment prescribed for her by the veterinary surgeon.    While the sisters wer",False
OWT_C02689,"I do declare,",1142136,1142151,Sophia,,Sophia,,NAMED,NONE,Sophia,AFTER_QUOTE_NAMED,ATTRIBUTED_DIALOGUE_CANDIDATE,"lousy.  He got his foot into the basket.    ""Will you!"" exclaimed Sophia angrily, and gave him a clout on his old  head. He barked snappishly, and retired to the kitchen again,  disillusioned, tired of the world, and nursing his terrific grievance.","said Sophia, ""that dog gets worse and worse.""    Constance said nothing.    When everything was done that could be done for the aged virgin in the  basket, the sisters rose from their knees, stiffly; and they began to  whisper to each other about th",False
OWT_C02692,"Please shut the door after you, Maud,",1150724,1150763,Sophia,,Sophia,,NAMED,NONE,Sophia,AFTER_QUOTE_NAMED,ATTRIBUTED_DIALOGUE_CANDIDATE,"topics, as  though nothing had occurred that day to mar the beauty of ideal  relations between employers and employed. The pretence was ludicrous.  The young wench saw through it instantly, and her mysterious smile  developed almost into a laugh.","said Sophia, as the girl picked  up her empty tray.    ""Yes, ma'am,"" replied Maud, politely.    She went out and left the door open.    It was a defiance, offered from sheer, youthful, wanton mischief.    The sisters looked at each other, their face",False
OWT_C02693,"Yes, ma'am,",1150819,1150832,Maud,,Maud,,NAMED,NONE,Maud,AFTER_QUOTE_NAMED,ATTRIBUTED_DIALOGUE_CANDIDATE,"employers and employed. The pretence was ludicrous.  The young wench saw through it instantly, and her mysterious smile  developed almost into a laugh.    ""Please shut the door after you, Maud,"" said Sophia, as the girl picked  up her empty tray.","replied Maud, politely.    She went out and left the door open.    It was a defiance, offered from sheer, youthful, wanton mischief.    The sisters looked at each other, their faces gravely troubled, aghast,  as though they had glimpsed the end of c",False
OWT_C02701,I'm not going to let her think she can spoil my appetite!,1153855,1153914,Sophia,,Sophia,,NAMED,NONE,Sophia,AFTER_QUOTE_NAMED,ATTRIBUTED_DIALOGUE_CANDIDATE,"s as nothing to the  ingenious naughtiness of the servant. Maud had a sense of temporary  defeat, and was planning fresh operations; but really it was Maud who  had conquered. Poor old things, they were in such a 'state' that they  could not eat!","said  Sophia, dauntless. Truly that woman's spirit was unquenchable.    She cut a couple of slices off the cold fowl; she cut a tomato into  slices; she disturbed the butter; she crumbled bread on the cloth, and  rubbed bits of fowl over the plates,",False
OWT_C02704,"I do hope he'll call in,",1155697,1155723,Mrs. Povey,,Mrs. Povey,,NAMED,NONE,Mrs. Povey,AFTER_QUOTE_NAMED,ATTRIBUTED_DIALOGUE_CANDIDATE,"ears before at the age of over seventy, and the  practice was much larger than it had ever been, even in the time of old  Harrop. Instead of two or three horses, Stirling kept a car, which was  a constant spectacle in the streets of the district.","said Mrs. Povey, and sighed.    Sophia smiled to herself with a little scorn. She knew that Constance's  desire for Dr. Stirling was due simply to the need which she felt of  telling some one about the great calamity that had happened to them  that",False
OWT_C02706,"I wish you'd go down, Sophia,",1156803,1156834,Constance.,,Constance,,NAMED,NONE,Constance,AFTER_QUOTE_NAMED,ATTRIBUTED_DIALOGUE_CANDIDATE,"sed to notice it. Only occasionally,  when her nerves were more upset than usual, did it strike her.    She went into Constance's bedroom to see whether the doctor's car  halted in King Street. It did.    ""He's here,"" she called out to Constance.","said Constance. ""I can't trust that  minx----""    So Sophia went downstairs to superintend the opening of the door by the  minx.    The doctor was radiant, according to custom.    ""I thought I'd just see how that dizziness was going on,"" said he as",False
OWT_C02708,"I'm glad you've come,",1157110,1157133,Sophia,,Sophia,,NAMED,NONE,Sophia,AFTER_QUOTE_NAMED,ATTRIBUTED_DIALOGUE_CANDIDATE,"trust that  minx----""    So Sophia went downstairs to superintend the opening of the door by the  minx.    The doctor was radiant, according to custom.    ""I thought I'd just see how that dizziness was going on,"" said he as he  came up the steps.","said Sophia, confidentially. Since the first  days of their acquaintanceship they had always been confidential.  ""You'll do my sister good to-day.""    Just as Maud was closing the door a telegraph-boy arrived, with a  telegram addressed to Mrs. Scal",False
OWT_C02711,"She only wants a bit of your society,",1157533,1157572,Sophia.,,Sophia,,NAMED,NONE,Sophia,AFTER_QUOTE_NAMED,ATTRIBUTED_DIALOGUE_CANDIDATE,"Just as Maud was closing the door a telegraph-boy arrived, with a  telegram addressed to Mrs. Scales. Sophia read it and then crumpled it  in her hand.    ""What's wrong with Mrs. Povey to-day?"" the doctor asked, when the  servant had withdrawn.","said Sophia. ""Will you go up?  You know the way to the drawing-room. I'll follow.""    As soon as he had gone she sat down on the sofa, staring out of the  window. Then with a grunt: ""Well, that's no use, anyway!"" she went  upstairs after the doctor.",False
OWT_C02716,"It's very trying,",1158876,1158895,the doctor.,,the doctor,,DESCRIPTIVE,NONE,the doctor,AFTER_QUOTE_DESCRIPTIVE,ATTRIBUTED_DIALOGUE_CANDIDATE,"etically.    She nodded. ""When I was married,"" said she, ""the first thing my husband  did was to buy a fox-terrier, and ever since we've always had a  fox-terrier in the house."" This was not true, but Constance was firmly  convinced of its truth.","said the doctor. ""I know when my Airedale died, I  said to my wife I'd never have another dog--unless she could find me  one that would live for ever. Ye remember my Airedale?""    ""Oh, quite well!""    ""Well, my wife said I should be bound to have an",False
OWT_C02718,"Of course,",1159663,1159675,Dr. Stirling,,Dr. Stirling,,NAMED,NONE,Dr. Stirling,AFTER_QUOTE_NAMED,ATTRIBUTED_DIALOGUE_CANDIDATE,", and she said so,  tartly. Then she recommenced the tale of Spot's death from the  beginning, and took it as far as his burial, that afternoon, by Mr.  Critchlow's manager, in the yard. It had been necessary to remove and  replace paving-stones.","said Dr. Stirling, ""ten years is a long time. He was an  old dog. Well, you've still got the celebrated Fossette."" He turned to  Sophia.    ""Oh yes,"" said Constance, perfunctorily. ""Fossette's ill. The fact is  that if Fossette hadn't been ill, Spot",False
OWT_C02719,"Oh yes,",1159816,1159825,Constance,,Constance,,NAMED,NONE,Constance,AFTER_QUOTE_NAMED,ATTRIBUTED_DIALOGUE_CANDIDATE,"Critchlow's manager, in the yard. It had been necessary to remove and  replace paving-stones.    ""Of course,"" said Dr. Stirling, ""ten years is a long time. He was an  old dog. Well, you've still got the celebrated Fossette."" He turned to  Sophia.","said Constance, perfunctorily. ""Fossette's ill. The fact is  that if Fossette hadn't been ill, Spot would probably have been alive  and well now.""    Her tone exhibited a grievance. She could not forget that Sophia had  harshly dismissed Spot to the",False
OWT_C02722,"It's very kind of Dick,",1161040,1161065,Constance.,,Constance,,NAMED,NONE,Constance,AFTER_QUOTE_NAMED,ATTRIBUTED_DIALOGUE_CANDIDATE,"for changing it.    ""I've just met Richard Povey in the town,"" said he. ""He told me to tell  ye that he'll be round in about an hour or so to take you for a spin.  He was in a new car, which he did his best to sell to me, but he didn't  succeed.""","said Constance. ""But this afternoon really  we're not--""    ""I'll thank ye to take it as a prescription, then,"" replied the doctor.  ""I told Dick I'd see that ye went. Splendid June weather. No dust after  all that rain. It'll do ye all the good in",False
OWT_C02723,"I'll thank ye to take it as a prescription, then,",1161126,1161177,the doctor.,,the doctor,,DESCRIPTIVE,NONE,the doctor,AFTER_QUOTE_DESCRIPTIVE,ATTRIBUTED_DIALOGUE_CANDIDATE,"tell  ye that he'll be round in about an hour or so to take you for a spin.  He was in a new car, which he did his best to sell to me, but he didn't  succeed.""    ""It's very kind of Dick,"" said Constance. ""But this afternoon really  we're not--""","replied the doctor.  ""I told Dick I'd see that ye went. Splendid June weather. No dust after  all that rain. It'll do ye all the good in the world. I must exercise  my authority. The truth is, I've gradually been losing all control over  ye. Ye do j",False
OWT_C02724,"Oh, doctor, how you do run on!",1161447,1161479,Constance,,Constance,,NAMED,NONE,Constance,AFTER_QUOTE_NAMED,ATTRIBUTED_DIALOGUE_CANDIDATE,"""I told Dick I'd see that ye went. Splendid June weather. No dust after  all that rain. It'll do ye all the good in the world. I must exercise  my authority. The truth is, I've gradually been losing all control over  ye. Ye do just as ye like.""","murmured Constance, not quite well  pleased to-day by his tone.    After the scene between Sophia and herself at Buxton, Constance had  always, to a certain extent, in the doctor's own phrase, 'got her knife  into him.' Sophia had, then, in a manner",False
OWT_C02726,"You haven't heard his latest, I suppose?",1163599,1163641,the doctor,,the doctor,,DESCRIPTIVE,NONE,the doctor,AFTER_QUOTE_DESCRIPTIVE,ATTRIBUTED_DIALOGUE_CANDIDATE,"been  conquered instantly. Afterwards he had taken them out for occasional  runs. He had a great admiration for Constance, founded on gratitude to  Samuel Povey; and as for Sophia, he always said to her that she would  be an ornament to any car.","said the doctor, smiling.    ""What is it?"" Sophia asked perfunctorily.    ""He wants to take to ballooning. It seems he's been up once.""    Constance made a deprecating noise with her lips.    ""However, that's not his surprise,"" the doctor added, smi",False
OWT_C02737,"Of course,",1170099,1170111,Sophia.,,Sophia,,NAMED,NONE,Sophia,AFTER_QUOTE_NAMED,ATTRIBUTED_DIALOGUE_CANDIDATE,"s principally  aware of the sentiment of fear. She recoiled from the future.    ""What shall you do?"" Constance asked. Constance was weeping.    Sophia tapped her foot, glancing out of the window.    ""Shall you go to see him?"" Constance continued.","said Sophia. ""I must!""    She hated the thought of going to see him. She flinched from it. She  felt herself under no moral obligation to go. Why should she go? Gerald  was nothing to her, and had no claim on her of any kind. This she  honestly beli",False
OWT_C02747,"I'm sorry we can't come,",1173097,1173123,Sophia.,,Sophia,,NAMED,NONE,Sophia,AFTER_QUOTE_NAMED,ATTRIBUTED_DIALOGUE_CANDIDATE,"in their painful quandary, could not help  noticing what a nice, quiet, ladylike girl Lily Holl was. Her one fault  appeared to be that she was too quiet. Dick Povey was not the man to  pass time in formalities, and he was soon urging departure.","said Sophia. ""I've got to go to Manchester  now. We are in great trouble.""    ""Yes, in great trouble,"" Constance weakly echoed.    Dick's face clouded sympathetically. And both the affianced began to  see that to which the egotism of their happiness",False
OWT_C02749,Trouble? I'm sorry to hear that!,1173521,1173555,Dick.,,Dick,,NAMED,NONE,Dick,AFTER_QUOTE_NAMED,ATTRIBUTED_DIALOGUE_CANDIDATE,"ded sympathetically. And both the affianced began to  see that to which the egotism of their happiness had blinded them. They  felt that long, long years had elapsed since these ageing ladies had  experienced the delights which they were feeling.","said Dick.    ""Can you tell me the trains to Manchester?"" asked Sophia.    ""No,"" said Dick, quickly, ""But I can drive you there quicker than any  train, if it's urgent. Where do you want to go to?""    ""Deansgate,"" Sophia faltered.    ""Look here,"" sa",False
OWT_C02750,Can you tell me the trains to Manchester?,1173570,1173613,Sophia.,,Sophia,,NAMED,NONE,Sophia,AFTER_QUOTE_NAMED,ATTRIBUTED_DIALOGUE_CANDIDATE,"to  see that to which the egotism of their happiness had blinded them. They  felt that long, long years had elapsed since these ageing ladies had  experienced the delights which they were feeling.    ""Trouble? I'm sorry to hear that!"" said Dick.","asked Sophia.    ""No,"" said Dick, quickly, ""But I can drive you there quicker than any  train, if it's urgent. Where do you want to go to?""    ""Deansgate,"" Sophia faltered.    ""Look here,"" said Dick, ""it's half-past three. Put yourself in my  hands;",False
OWT_C02751,"No,",1173631,1173636,Dick,,Dick,,NAMED,NONE,Dick,AFTER_QUOTE_NAMED,ATTRIBUTED_DIALOGUE_CANDIDATE,"nded them. They  felt that long, long years had elapsed since these ageing ladies had  experienced the delights which they were feeling.    ""Trouble? I'm sorry to hear that!"" said Dick.    ""Can you tell me the trains to Manchester?"" asked Sophia.","said Dick, quickly, ""But I can drive you there quicker than any  train, if it's urgent. Where do you want to go to?""    ""Deansgate,"" Sophia faltered.    ""Look here,"" said Dick, ""it's half-past three. Put yourself in my  hands; I'll guarantee at Dean",False
OWT_C02753,"Look here,",1173790,1173802,Dick,,Dick,,NAMED,NONE,Dick,AFTER_QUOTE_NAMED,ATTRIBUTED_DIALOGUE_CANDIDATE,"to hear that!"" said Dick.    ""Can you tell me the trains to Manchester?"" asked Sophia.    ""No,"" said Dick, quickly, ""But I can drive you there quicker than any  train, if it's urgent. Where do you want to go to?""    ""Deansgate,"" Sophia faltered.","said Dick, ""it's half-past three. Put yourself in my  hands; I'll guarantee at Deansgate you shall be before half-past five.  I'll look after you.""    ""But----""    ""There isn't any 'but.' I'm quite free for the afternoon and evening.""    At first th",False
OWT_C02771,"Yes,",1179446,1179452,Sophia,,Sophia,,NAMED,NONE,Sophia,AFTER_QUOTE_NAMED,ATTRIBUTED_DIALOGUE_CANDIDATE,"in  that mild, benevolent voice.    ""He's dead?"" Sophia asked.    Mr. Till Boldero nodded. ""He's dead. I may as well tell you that he had  passed away before I telegraphed. It all happened very, very suddenly.""  He paused. ""Very, very suddenly!""","said Sophia, weakly. She was conscious of a profound sadness  which was not grief, though it resembled grief. And she had also a  feeling that she was responsible to Mr. Till Boldero for anything  untoward that might have occurred to him by reason o",False
OWT_C02772,"Yes,",1179715,1179721,Mr. Till Boldero,,Mr. Till Boldero,,NAMED,NONE,Mr. Till Boldero,AFTER_QUOTE_NAMED,ATTRIBUTED_DIALOGUE_CANDIDATE,"weakly. She was conscious of a profound sadness  which was not grief, though it resembled grief. And she had also a  feeling that she was responsible to Mr. Till Boldero for anything  untoward that might have occurred to him by reason of Gerald.","said Mr. Till Boldero, deliberately and softly. ""He came in last  night just as we were closing. We had very heavy rain here. I don't  know how it was with you. He was wet, in a dreadful state, simply  dreadful. Of course, I didn't recognize him. I'",False
OWT_C02775,He's here?,1180721,1180733,Sophia,,Sophia,,NAMED,NONE,Sophia,AFTER_QUOTE_NAMED,ATTRIBUTED_DIALOGUE_CANDIDATE,"s afternoon. I was  very sorry my wife wasn't here to look after things a bit better. But  she's at Southport, not well at all.""    ""What was it?"" Sophia asked briefly.    Mr. Boldero indicated the enigmatic. ""Exhaustion, I suppose,"" he  replied.","demanded Sophia, lifting her eyes to possible bedrooms.    ""Yes,"" said Mr. Boldero. ""I suppose you would wish to see him?""    ""Yes,"" said Sophia.    ""You haven't seen him for a long time, your sister told me?"" Mr.  Boldero murmured, sympathetically.",False
OWT_C02776,"Yes,",1180793,1180799,Mr. Boldero.,,Mr. Boldero,,NAMED,NONE,Mr. Boldero,AFTER_QUOTE_NAMED,ATTRIBUTED_DIALOGUE_CANDIDATE,"a bit better. But  she's at Southport, not well at all.""    ""What was it?"" Sophia asked briefly.    Mr. Boldero indicated the enigmatic. ""Exhaustion, I suppose,"" he  replied.    ""He's here?"" demanded Sophia, lifting her eyes to possible bedrooms.","said Mr. Boldero. ""I suppose you would wish to see him?""    ""Yes,"" said Sophia.    ""You haven't seen him for a long time, your sister told me?"" Mr.  Boldero murmured, sympathetically.    ""Not since 'seventy,"" said Sophia.    ""Eh, dear! Eh, dear!"" ej",False
OWT_C02778,"Yes,",1180860,1180866,Sophia.,,Sophia,,NAMED,NONE,Sophia,AFTER_QUOTE_NAMED,ATTRIBUTED_DIALOGUE_CANDIDATE,"as it?"" Sophia asked briefly.    Mr. Boldero indicated the enigmatic. ""Exhaustion, I suppose,"" he  replied.    ""He's here?"" demanded Sophia, lifting her eyes to possible bedrooms.    ""Yes,"" said Mr. Boldero. ""I suppose you would wish to see him?""","said Sophia.    ""You haven't seen him for a long time, your sister told me?"" Mr.  Boldero murmured, sympathetically.    ""Not since 'seventy,"" said Sophia.    ""Eh, dear! Eh, dear!"" ejaculated Mr. Boldero. ""I fear it's been a sad  business for ye, Mrs",False
OWT_C02780,"Not since 'seventy,",1180987,1181008,Sophia.,,Sophia,,NAMED,NONE,Sophia,AFTER_QUOTE_NAMED,ATTRIBUTED_DIALOGUE_CANDIDATE,"anded Sophia, lifting her eyes to possible bedrooms.    ""Yes,"" said Mr. Boldero. ""I suppose you would wish to see him?""    ""Yes,"" said Sophia.    ""You haven't seen him for a long time, your sister told me?"" Mr.  Boldero murmured, sympathetically.","said Sophia.    ""Eh, dear! Eh, dear!"" ejaculated Mr. Boldero. ""I fear it's been a sad  business for ye, Mrs. Scales. Not since 'seventy!"" He sighed. ""You must  take it as well as you can. I'm not one as talks much, but I  sympathize, with you. I do",False
OWT_C02785,"It's you that make me cry,",1181396,1181424,Sophia,,Sophia,,NAMED,NONE,Sophia,AFTER_QUOTE_NAMED,ATTRIBUTED_DIALOGUE_CANDIDATE,"He sighed. ""You must  take it as well as you can. I'm not one as talks much, but I  sympathize, with you. I do that! I wish my wife had been here to  receive you.""    Tears came into Sophia's eyes.    ""Nay, nay!"" he said. ""You must bear up now!""","said Sophia, gratefully. ""You were very  good to take him in. It must have been exceedingly trying for you.""    ""Oh,"" he protested, ""you mustn't talk like that. I couldn't leave a  Boldero on the pavement, and an old man at that! ... Oh, to think th",False
OWT_C02787,Will you come now? Or will you wait a bit?,1181888,1181932,Mr. Boldero,,Mr. Boldero,,NAMED,NONE,Mr. Boldero,AFTER_QUOTE_NAMED,ATTRIBUTED_DIALOGUE_CANDIDATE,"old man at that! ... Oh, to think that  if he'd only managed to please his uncle he might ha' been one of the  richest men in Lancashire. But then there'd ha' been no Boldero  Institute at Strangeways!"" he added.    They both sat silent a moment.","asked Mr. Boldero, gently.  ""Just as you wish. I'm sorry as my wife's away, that I am!""    ""I'll come now,"" said Sophia, firmly. But she was stricken.    He conducted her up a short, dark flight of stairs, which gave on a  passage, and at the end of",False
OWT_C02789,"I'll come now,",1182024,1182040,Sophia,,Sophia,,NAMED,NONE,Sophia,AFTER_QUOTE_NAMED,ATTRIBUTED_DIALOGUE_CANDIDATE,". But then there'd ha' been no Boldero  Institute at Strangeways!"" he added.    They both sat silent a moment.    ""Will you come now? Or will you wait a bit?"" asked Mr. Boldero, gently.  ""Just as you wish. I'm sorry as my wife's away, that I am!""","said Sophia, firmly. But she was stricken.    He conducted her up a short, dark flight of stairs, which gave on a  passage, and at the end of the passage was a door ajar. He pushed the  door open. ""I'll leave you for a moment,"" he said, always in th",False
OWT_C02800,"Nothing,",1188131,1188141,Mr. Boldero in his low,,Mr. Boldero in his low,,NAMED,NONE,Mr. Boldero in his low,AFTER_QUOTE_NAMED,ATTRIBUTED_DIALOGUE_CANDIDATE,"it.    ""Then what can I get you?""    ""If I could have just milk and water,"" she said meekly.    Mr. Boldero emptied the cup into the slop basin, and began to fill it  again.    ""Did he tell you anything?"" she asked, after a considerable silence.","said Mr. Boldero in his low, soothing tones. ""Nothing except  that he had come from Liverpool. Judging from his shoes I should say he  must have walked a good bit of the way.""    ""At his age!"" murmured Sophia, touched.    ""Yes,"" sighed Mr. Boldero.",True
OWT_C02801,At his age!,1188321,1188334,Sophia,,Sophia,,NAMED,NONE,Sophia,AFTER_QUOTE_NAMED,ATTRIBUTED_DIALOGUE_CANDIDATE,"you anything?"" she asked, after a considerable silence.    ""Nothing,"" said Mr. Boldero in his low, soothing tones. ""Nothing except  that he had come from Liverpool. Judging from his shoes I should say he  must have walked a good bit of the way.""","murmured Sophia, touched.    ""Yes,"" sighed Mr. Boldero. ""He must have been in great straits. You  know, he could scarcely talk at all. By the way, here are his clothes.  I have had them put aside.""    Sophia saw a small pile of clothes on a chair. S",False
OWT_C02804,"No,",1188962,1188967,Mr. Boldero.,,Mr. Boldero,,NAMED,NONE,Mr. Boldero,AFTER_QUOTE_NAMED,ATTRIBUTED_DIALOGUE_CANDIDATE,"of bone. As for the boots, she had  noticed such boots on the feet of tramps. She wept now. These were the  clothes of him who had once been a dandy living at the rate of fifty  pounds a week.    ""No luggage or anything, of course?"" she muttered.","said Mr. Boldero. ""In the pockets there was nothing whatever but  this.""    He went to the mantelpiece and picked up a cheap, cracked letter case,  which Sophia opened. In it were a visiting card--'Senorita Clemenzia  Borja'--and a bill-head of the",False
OWT_C02805,"One would suppose,",1189328,1189348,Mr. Boldero,,Mr. Boldero,,NAMED,NONE,Mr. Boldero,AFTER_QUOTE_NAMED,ATTRIBUTED_DIALOGUE_CANDIDATE,"ked up a cheap, cracked letter case,  which Sophia opened. In it were a visiting card--'Senorita Clemenzia  Borja'--and a bill-head of the Hotel of the Holy Spirit, Concepcion del  Uruguay, on the back of which a lot of figures had been scrawled.","said Mr. Boldero, ""that he had come from South  America.""    ""Nothing else?""    ""Nothing.""    Gerald's soul had not been compelled to abandon much in the haste of  its flight.    A servant announced that Mrs. Scales's friends were waiting for her  o",False
OWT_C02812,"Well, there's nothing for it!",1192043,1192074,Dick,,Dick,,NAMED,NONE,Dick,AFTER_QUOTE_NAMED,ATTRIBUTED_DIALOGUE_CANDIDATE,"ious.    It was a difficult and a trying situation for two lovers. Their voices  changed momentarily to the tone of alarm and consternation, and then  grew firm again. Sophia showed life but not reason. Lily could feel the  poor old lady's heart.","said Dick, briefly, when all their  efforts failed to rouse her.    ""What--shall you do?""    ""Go straight home as quick as I can on three tyres. We must get her  over to this side, and you must hold her. Like that we shall keep the  weight off the o",False
OWT_C02814,Where are you going?,1192928,1192950,Lily.,,Lily,,NAMED,NONE,Lily,AFTER_QUOTE_NAMED,ATTRIBUTED_DIALOGUE_CANDIDATE,"shock well,  though the carrying into the house of Sophia's inert, twitching body,  with its hat forlornly awry, was a sight to harrow a soul sturdier than  Constance.    When that was done, Dick said curtly: ""I'm off. You stay here, of  course.""","asked Lily.    ""Doctor!"" snapped Dick, hobbling rapidly down the steps.    IV    The extraordinary violence of the turn in affairs was what chiefly  struck Constance, though it did not overwhelm her. Less than twelve  hours before--nay, scarcely six",False
OWT_C02822,More photographs?,1215757,1215776,,the tone in which she,,the tone in which she,NONE,DESCRIPTIVE,the tone in which she,BEFORE_QUOTE_DESCRIPTIVE,ATTRIBUTED_DIALOGUE_CANDIDATE,"the  personification of gentleness--one of those feather-beds that some  capricious men occasionally have the luck to marry. She was capable,  with a touch of honest, simple stupidity. All her character was  displayed in the tone in which she said:","It showed  an eager responsive sympathy with Constance's cult for photographs,  also a slight personal fondness for photographs, also a dim perception  that a cult for photographs might be carried to the ridiculous, and a  kind desire to hide all tr",True
OWT_C02823,"Her ladyship has just given it to me,",1216404,1216443,Constance.,,Constance,,NAMED,NONE,Constance,AFTER_QUOTE_NAMED,ATTRIBUTED_DIALOGUE_CANDIDATE,"zzical gleam behind her spectacles as she  silently held up the photograph for Lily's inspection.    Lily, sitting down, lowered the corners of her soft lips when she  beheld the photograph, and nodded her head several times, scarce  perceptibly.","whispered Constance.    ""Indeed!"" said Lily, with an extraordinary accent.    'Her ladyship' was the last and best of Constance's servants, a really  excellent creature of thirty, who had known misfortune, and who must  assuredly have been sent to C",False
OWT_C02824,Indeed!,1216468,1216477,Lily,,Lily,,NAMED,NONE,Lily,AFTER_QUOTE_NAMED,ATTRIBUTED_DIALOGUE_CANDIDATE,"photograph for Lily's inspection.    Lily, sitting down, lowered the corners of her soft lips when she  beheld the photograph, and nodded her head several times, scarce  perceptibly.    ""Her ladyship has just given it to me,"" whispered Constance.","said Lily, with an extraordinary accent.    'Her ladyship' was the last and best of Constance's servants, a really  excellent creature of thirty, who had known misfortune, and who must  assuredly have been sent to Constance by the old watchful Provi",False
OWT_C02825,"Yes,",1216880,1216886,Constance.,,Constance,,NAMED,NONE,Constance,AFTER_QUOTE_NAMED,ATTRIBUTED_DIALOGUE_CANDIDATE,"d known misfortune, and who must  assuredly have been sent to Constance by the old watchful Providence.  They 'got on together' nearly perfectly. Her name was Mary. After ten  years of turmoil, Constance in the matter of servants was now at rest.","said Constance. ""She's named it to me several times--about  having her photograph taken, and last week I let her go. I told you,  didn't I? I always consider her in every way, all her little fancies  and everything. And the copies came to-day. I wou",False
OWT_C02827,Why!,1218222,1218228,Lily.,,Lily,,NAMED,NONE,Lily,AFTER_QUOTE_NAMED,ATTRIBUTED_DIALOGUE_CANDIDATE,"ttle nervous  movements. Occasionally she would sniff and occasionally a mysterious  noise would occur in her chest; she always pretended that this noise  was a cough, and would support the pretence by emitting a real cough  immediately after it.","exclaimed Lily. ""Have I seen that before?""    ""I don't know, my dear,"" said Constance. ""HAVE you?""    It was a photograph of Sophia taken a few years previously by 'a very  nice gentleman,' whose acquaintance the sisters had made during a  holiday a",False
OWT_C02829,"I don't know, my dear,",1218275,1218299,Constance.,,Constance,,NAMED,NONE,Constance,AFTER_QUOTE_NAMED,ATTRIBUTED_DIALOGUE_CANDIDATE,"and occasionally a mysterious  noise would occur in her chest; she always pretended that this noise  was a cough, and would support the pretence by emitting a real cough  immediately after it.    ""Why!"" exclaimed Lily. ""Have I seen that before?""","said Constance. ""HAVE you?""    It was a photograph of Sophia taken a few years previously by 'a very  nice gentleman,' whose acquaintance the sisters had made during a  holiday at Harrogate. It portrayed Sophia on a knoll, fronting the  weather.",False
OWT_C02831,"It's Mrs. Scales to the life--I can see that,",1218549,1218596,Lily.,,Lily,,NAMED,NONE,Lily,AFTER_QUOTE_NAMED,ATTRIBUTED_DIALOGUE_CANDIDATE,"said Constance. ""HAVE you?""    It was a photograph of Sophia taken a few years previously by 'a very  nice gentleman,' whose acquaintance the sisters had made during a  holiday at Harrogate. It portrayed Sophia on a knoll, fronting the  weather.","said Lily.    ""Yes,"" said Constance. ""Whenever there was a wind she always stood like  that, and took long deep breaths of it.""    This recollection of one of Sophia's habits recalled the whole woman to  Constance's memory, and drew a picture of her",False
OWT_C02832,"Yes,",1218611,1218617,Constance.,,Constance,,NAMED,NONE,Constance,AFTER_QUOTE_NAMED,ATTRIBUTED_DIALOGUE_CANDIDATE,"taken a few years previously by 'a very  nice gentleman,' whose acquaintance the sisters had made during a  holiday at Harrogate. It portrayed Sophia on a knoll, fronting the  weather.    ""It's Mrs. Scales to the life--I can see that,"" said Lily.","said Constance. ""Whenever there was a wind she always stood like  that, and took long deep breaths of it.""    This recollection of one of Sophia's habits recalled the whole woman to  Constance's memory, and drew a picture of her character for the gi",False
OWT_C02834,"I've got another copy of it in my bedroom,",1219061,1219105,Constance.,,Constance,,NAMED,NONE,Constance,AFTER_QUOTE_NAMED,ATTRIBUTED_DIALOGUE_CANDIDATE,"s memory, and drew a picture of her character for the girl  who had scarcely known her.    ""It's not like ordinary photographs. There's something special about  it,"" said Lily, enthusiastically. ""I don't think I ever saw a  photograph like that.""","said Constance. ""I'll give  you this one.""    ""Oh, Mrs. Povey! I couldn't think--!""    ""Yes, yes!"" said Constance, removing the photograph from the page.    ""Oh, THANK you!"" said Lily.    ""And that reminds me,"" said Constance, getting up with great",False
OWT_C02836,"Yes, yes!",1219193,1219204,Constance,,Constance,,NAMED,NONE,Constance,AFTER_QUOTE_NAMED,ATTRIBUTED_DIALOGUE_CANDIDATE,"e's something special about  it,"" said Lily, enthusiastically. ""I don't think I ever saw a  photograph like that.""    ""I've got another copy of it in my bedroom,"" said Constance. ""I'll give  you this one.""    ""Oh, Mrs. Povey! I couldn't think--!""","said Constance, removing the photograph from the page.    ""Oh, THANK you!"" said Lily.    ""And that reminds me,"" said Constance, getting up with great difficulty  from her chair.    ""Can I find anything for you?"" Lily asked.    ""No, no!"" said Constan",False
OWT_C02837,"Oh, THANK you!",1219263,1219279,Lily.,,Lily,,NAMED,NONE,Lily,AFTER_QUOTE_NAMED,ATTRIBUTED_DIALOGUE_CANDIDATE,"t think I ever saw a  photograph like that.""    ""I've got another copy of it in my bedroom,"" said Constance. ""I'll give  you this one.""    ""Oh, Mrs. Povey! I couldn't think--!""    ""Yes, yes!"" said Constance, removing the photograph from the page.","said Lily.    ""And that reminds me,"" said Constance, getting up with great difficulty  from her chair.    ""Can I find anything for you?"" Lily asked.    ""No, no!"" said Constance, leaving the room.    She returned in a moment with her jewel-box, a rec",False
OWT_C02838,"And that reminds me,",1219294,1219316,Constance,,Constance,,NAMED,NONE,Constance,AFTER_QUOTE_NAMED,ATTRIBUTED_DIALOGUE_CANDIDATE,"h like that.""    ""I've got another copy of it in my bedroom,"" said Constance. ""I'll give  you this one.""    ""Oh, Mrs. Povey! I couldn't think--!""    ""Yes, yes!"" said Constance, removing the photograph from the page.    ""Oh, THANK you!"" said Lily.","said Constance, getting up with great difficulty  from her chair.    ""Can I find anything for you?"" Lily asked.    ""No, no!"" said Constance, leaving the room.    She returned in a moment with her jewel-box, a receptacle of ebony with  ivory ornament",False
OWT_C02840,"No, no!",1219432,1219441,Constance,,Constance,,NAMED,NONE,Constance,AFTER_QUOTE_NAMED,ATTRIBUTED_DIALOGUE_CANDIDATE,"ink--!""    ""Yes, yes!"" said Constance, removing the photograph from the page.    ""Oh, THANK you!"" said Lily.    ""And that reminds me,"" said Constance, getting up with great difficulty  from her chair.    ""Can I find anything for you?"" Lily asked.","said Constance, leaving the room.    She returned in a moment with her jewel-box, a receptacle of ebony with  ivory ornamentations.    ""I've always meant to give you this,"" said Constance, taking from the  box a fine cameo brooch. ""I don't seem to f",False
OWT_C02841,"I've always meant to give you this,",1219577,1219614,Constance,,Constance,,NAMED,NONE,Constance,AFTER_QUOTE_NAMED,ATTRIBUTED_DIALOGUE_CANDIDATE,"ance, getting up with great difficulty  from her chair.    ""Can I find anything for you?"" Lily asked.    ""No, no!"" said Constance, leaving the room.    She returned in a moment with her jewel-box, a receptacle of ebony with  ivory ornamentations.","said Constance, taking from the  box a fine cameo brooch. ""I don't seem to fancy wearing it myself. And  I should like to see you wearing it. It was mother's. I believe they're  coming into fashion again. I don't see why you shouldn't wear it while",False
OWT_C02842,Truly!,1219956,1219964,Lily,,Lily,,NAMED,NONE,Lily,AFTER_QUOTE_NAMED,ATTRIBUTED_DIALOGUE_CANDIDATE,"myself. And  I should like to see you wearing it. It was mother's. I believe they're  coming into fashion again. I don't see why you shouldn't wear it while  you're in mourning. They aren't half so strict now about mourning as  they used to be.""","murmured Lily, ecstatically. They kissed. Constance seemed to  breathe out benevolence, as with trembling hands she pinned the brooch  at Lily's neck. She lavished the warm treasure of her heart on Lily,  whom she regarded as an almost perfect girl,",False
OWT_C02843,What a magnificent old watch!,1220268,1220299,Lily,,Lily,,NAMED,NONE,Lily,AFTER_QUOTE_NAMED,ATTRIBUTED_DIALOGUE_CANDIDATE,"eemed to  breathe out benevolence, as with trembling hands she pinned the brooch  at Lily's neck. She lavished the warm treasure of her heart on Lily,  whom she regarded as an almost perfect girl, and who had become the  idol of her latter years.","said Lily, as they delved together in  the lower recesses of the box. ""AND the chain to it!""    ""That was father's,"" said Constance. ""He always used to swear by it.  When it didn't agree with the Town Hall, he used to say: 'Then th' Town  Hall's wro",False
OWT_C02845,"That was father's,",1220396,1220416,Constance.,,Constance,,NAMED,NONE,Constance,AFTER_QUOTE_NAMED,ATTRIBUTED_DIALOGUE_CANDIDATE,"of her heart on Lily,  whom she regarded as an almost perfect girl, and who had become the  idol of her latter years.    ""What a magnificent old watch!"" said Lily, as they delved together in  the lower recesses of the box. ""AND the chain to it!""","said Constance. ""He always used to swear by it.  When it didn't agree with the Town Hall, he used to say: 'Then th' Town  Hall's wrong.' And it's curious, the Town Hall WAS wrong. You know the  Town Hall clock has never been a good timekeeper. I've",False
OWT_C02846,HAVE you?,1220725,1220736,Lily.,,Lily,,NAMED,NONE,Lily,AFTER_QUOTE_NAMED,ATTRIBUTED_DIALOGUE_CANDIDATE,"idn't agree with the Town Hall, he used to say: 'Then th' Town  Hall's wrong.' And it's curious, the Town Hall WAS wrong. You know the  Town Hall clock has never been a good timekeeper. I've been thinking of  giving that watch and chain to Dick.""","said Lily.    ""Yes. It's just as good as it was when father wore it. My husband never  would wear it. He preferred his own. He had little fancies like that.  And Cyril takes after his father."" She spoke in her 'dry' tone. ""I've  almost decided to gi",False
OWT_C02849,"Well,",1221110,1221117,Constance,,Constance,,NAMED,NONE,Constance,AFTER_QUOTE_NAMED,ATTRIBUTED_DIALOGUE_CANDIDATE,"He had little fancies like that.  And Cyril takes after his father."" She spoke in her 'dry' tone. ""I've  almost decided to give it to Dick--that is, if he behaves himself. Is  he still on with this ballooning?""    Lily Smiled guiltily: ""Oh yes!""","said Constance, ""I never heard the like! If he's been up and  come down safely, that ought to be enough for him. I wonder you let him  do it, my dear.""    ""But how can I stop him? I've no control over him.""    ""But do you mean to say that he'd still",False
OWT_C02851,"Yes,",1221429,1221435,Lily,,Lily,,NAMED,NONE,Lily,AFTER_QUOTE_NAMED,ATTRIBUTED_DIALOGUE_CANDIDATE,"come down safely, that ought to be enough for him. I wonder you let him  do it, my dear.""    ""But how can I stop him? I've no control over him.""    ""But do you mean to say that he'd still do it if you told him seriously  you didn't want him to?""","said Lily; and added: ""So I shan't tell him.""    Constance nodded her head, musing over the secret nature of men. She  remembered too well the cruel obstinacy of Samuel, who had nevertheless  loved her. And Dick Povey was a thousand times more bizar",False
OWT_C02859,"I hope pride won't have a fall,",1224015,1224048,Constance,,Constance,,NAMED,NONE,Constance,AFTER_QUOTE_NAMED,ATTRIBUTED_DIALOGUE_CANDIDATE,"ogether with a resounding smack, and then  rubbed them rapidly.    ""AND a good price, too!"" he exclaimed blithely. ""Mrs. Povey, I don't  mind telling you that I've netted seventy pounds odd this afternoon.""    Lily's eyes expressed her proud joy.","said Constance, with a calm smile out  of which peeped a hint of a rebuke. ""That's what I hope. I must just go  and see about tea.""    ""I can't stay for tea--really,"" said Dick.    ""Of course you can,"" said Constance, positively. ""Suppose you'd been",False
OWT_C02860,"I can't stay for tea--really,",1224184,1224215,Dick.,,Dick,,NAMED,NONE,Dick,AFTER_QUOTE_NAMED,ATTRIBUTED_DIALOGUE_CANDIDATE,"d seventy pounds odd this afternoon.""    Lily's eyes expressed her proud joy.    ""I hope pride won't have a fall,"" said Constance, with a calm smile out  of which peeped a hint of a rebuke. ""That's what I hope. I must just go  and see about tea.""","said Dick.    ""Of course you can,"" said Constance, positively. ""Suppose you'd been at  Birmingham? It's weeks since you stayed to tea.""    ""Oh, well, thanks!"" Dick yielded, rather snubbed.    ""Can't I save you a journey, Mrs. Povey?"" Lily asked, eag",False
OWT_C02861,"Of course you can,",1224230,1224250,Constance,,Constance,,NAMED,NONE,Constance,AFTER_QUOTE_NAMED,ATTRIBUTED_DIALOGUE_CANDIDATE,"s eyes expressed her proud joy.    ""I hope pride won't have a fall,"" said Constance, with a calm smile out  of which peeped a hint of a rebuke. ""That's what I hope. I must just go  and see about tea.""    ""I can't stay for tea--really,"" said Dick.","said Constance, positively. ""Suppose you'd been at  Birmingham? It's weeks since you stayed to tea.""    ""Oh, well, thanks!"" Dick yielded, rather snubbed.    ""Can't I save you a journey, Mrs. Povey?"" Lily asked, eagerly  thoughtful.    ""No, thank you",False
OWT_C02870,Thank you for nothing!,1225367,1225391,Dick.,,Dick,,NAMED,NONE,Dick,AFTER_QUOTE_NAMED,ATTRIBUTED_DIALOGUE_CANDIDATE,"well saying I  ought to keep her off balloons. You try to keep her off balloons when  once she begins, and see!""    ""What started her?""    ""She said she was thinking of giving you old Mr. Baines's gold watch  and chain--if you behaved yourself.""","said Dick. ""I don't want it.""    ""Have you seen it?""    ""Have I seen it? I should say I had seen it. She's mentioned it once or  twice before.""    ""Oh! I didn't know.""    ""I don't see myself carting that thing about. I much prefer my own.  What do y",False
OWT_C02874,"Of course it is rather clumsy,",1225661,1225693,Lily.,,Lily,,NAMED,NONE,Lily,AFTER_QUOTE_NAMED,ATTRIBUTED_DIALOGUE_CANDIDATE,"want it.""    ""Have you seen it?""    ""Have I seen it? I should say I had seen it. She's mentioned it once or  twice before.""    ""Oh! I didn't know.""    ""I don't see myself carting that thing about. I much prefer my own.  What do you think of it?""","said Lily. ""But if she offered it to  you, you couldn't refuse it, and you'd simply have to wear it.""    ""Well, then,"" said Dick, ""I must try to behave myself just badly enough  to keep off the watch, but not badly enough to upset her notions about",False
OWT_C02875,"Well, then,",1225799,1225812,Dick,,Dick,,NAMED,NONE,Dick,AFTER_QUOTE_NAMED,ATTRIBUTED_DIALOGUE_CANDIDATE,"n't know.""    ""I don't see myself carting that thing about. I much prefer my own.  What do you think of it?""    ""Of course it is rather clumsy,"" said Lily. ""But if she offered it to  you, you couldn't refuse it, and you'd simply have to wear it.""","said Dick, ""I must try to behave myself just badly enough  to keep off the watch, but not badly enough to upset her notions about  wedding-presents.""    ""Poor old thing!"" Lily murmured, compassionately.    Then Lily put her hand silently to her neck",False
OWT_C02880,And I suppose you'll have to wear that!,1226277,1226318,Dick.,,Dick,,NAMED,NONE,Dick,AFTER_QUOTE_NAMED,ATTRIBUTED_DIALOGUE_CANDIDATE,"y put her hand silently to her neck.    ""What's that?""    ""She's just given it to me.""    Dick approached very near to examine the cameo brooch. ""Hm!"" he  murmured. It was an adverse verdict. And Lily coincided with it by a  lift of the eyebrows.","said Dick.    ""She values it as much as anything she's got, poor old thing!"" said  Lily. ""It belonged to her mother. And she says cameos are coming into  fashion again. It really is rather good, you know.""    ""I wonder where she learnt that!"" said D",False
OWT_C02881,"She values it as much as anything she's got, poor old thing!",1226333,1226395,Lily.,,Lily,,NAMED,NONE,Lily,AFTER_QUOTE_NAMED,ATTRIBUTED_DIALOGUE_CANDIDATE,"""She's just given it to me.""    Dick approached very near to examine the cameo brooch. ""Hm!"" he  murmured. It was an adverse verdict. And Lily coincided with it by a  lift of the eyebrows.    ""And I suppose you'll have to wear that!"" said Dick.","said  Lily. ""It belonged to her mother. And she says cameos are coming into  fashion again. It really is rather good, you know.""    ""I wonder where she learnt that!"" said Dick, drily. ""I see you've been  suffering from the photographs again.""    ""We",False
OWT_C02882,I wonder where she learnt that!,1226528,1226561,Dick,,Dick,,NAMED,NONE,Dick,AFTER_QUOTE_NAMED,ATTRIBUTED_DIALOGUE_CANDIDATE,"And I suppose you'll have to wear that!"" said Dick.    ""She values it as much as anything she's got, poor old thing!"" said  Lily. ""It belonged to her mother. And she says cameos are coming into  fashion again. It really is rather good, you know.""","said Dick, drily. ""I see you've been  suffering from the photographs again.""    ""Well,"" said Lily, ""I much prefer the photographs to helping her to  play Patience. The way she cheats herself--it's too silly! I--""    She stopped. The door which had a",False
OWT_C02883,"Well,",1226642,1226649,Lily,,Lily,,NAMED,NONE,Lily,AFTER_QUOTE_NAMED,ATTRIBUTED_DIALOGUE_CANDIDATE,"g!"" said  Lily. ""It belonged to her mother. And she says cameos are coming into  fashion again. It really is rather good, you know.""    ""I wonder where she learnt that!"" said Dick, drily. ""I see you've been  suffering from the photographs again.""","said Lily, ""I much prefer the photographs to helping her to  play Patience. The way she cheats herself--it's too silly! I--""    She stopped. The door which had after all not been latched, was pushed  open, and the antique Fossette introduced herself",False
OWT_C02885,"That dog does smell,",1227149,1227171,Lily,,Lily,,NAMED,NONE,Lily,AFTER_QUOTE_NAMED,ATTRIBUTED_DIALOGUE_CANDIDATE,"painfully into the  room. Fossette had an affection for Dick Povey.    ""Well, Methusaleh!"" he greeted the animal loudly. She could scarcely  wag her tail, nor shake the hair out of her dim eyes in order to look  up at him. He stooped to pat her.","said Lily, bluntly.    ""What do you expect? What she wants is the least dose of prussic acid.  She's a burden to herself.""    ""It's funny that if you venture to hint to Mrs. Povey that the dog is  offensive she gets quite peppery,"" said Lily.    ""We",False
OWT_C02886,"Well, that's very simple,",1227418,1227445,Dick.,,Dick,,NAMED,NONE,Dick,AFTER_QUOTE_NAMED,ATTRIBUTED_DIALOGUE_CANDIDATE,"l,"" said Lily, bluntly.    ""What do you expect? What she wants is the least dose of prussic acid.  She's a burden to herself.""    ""It's funny that if you venture to hint to Mrs. Povey that the dog is  offensive she gets quite peppery,"" said Lily.","said Dick. ""Don't hint, that's all! Hold  your nose and your tongue too.""    ""Dick, I do wish you wouldn't be so absurd.""    Constance returned into the room, cutting short the conversation.    ""Mrs. Povey,"" said Dick, in a voice full of gratitude,",False
OWT_C02888,"Mrs. Povey,",1227640,1227653,Dick,,Dick,,NAMED,NONE,Dick,AFTER_QUOTE_NAMED,ATTRIBUTED_DIALOGUE_CANDIDATE,"ite peppery,"" said Lily.    ""Well, that's very simple,"" said Dick. ""Don't hint, that's all! Hold  your nose and your tongue too.""    ""Dick, I do wish you wouldn't be so absurd.""    Constance returned into the room, cutting short the conversation.","said Dick, in a voice full of gratitude, ""Lily has just  been showing me her brooch--""    He noticed that she paid no heed to him, but passed hurriedly to the  window.    ""What's amiss in the Square?"" Constance exclaimed. ""When I was in the  parlour",False
OWT_C02890,It must be something on the pavement--or in the shop!,1228450,1228505,Constance.,,Constance,,NAMED,NONE,Constance,AFTER_QUOTE_NAMED,ATTRIBUTED_DIALOGUE_CANDIDATE,"he window of Mrs. Povey's drawing-room,  which was over part of Mrs. Critchlow's shop. As the windows of the  shop projected beyond the walls of the house it was impossible, from  the drawing-room window, to see the pavement in front of the shop.","murmured  Constance.    ""Oh, ma'am!"" said a startled voice behind the three. It was Mary,  original of the photograph, who had run unperceived into the  drawing-room. ""They say as Mrs. Critchlow has tried to commit suicide!""    Constance started bac",False
OWT_C02895,"By Jove! I'd better go and see if I can help, hadn't I?",1228955,1229012,Dick  Povey,,Dick Povey,,NAMED,NONE,Dick Povey,AFTER_QUOTE_NAMED,ATTRIBUTED_DIALOGUE_CANDIDATE,"tried to commit suicide!""    Constance started back. Lily went towards her, with an instinctive  gesture of supporting consolation.    ""Maria Critchlow tried to commit suicide!"" Constance muttered.    ""Yes, ma'am! But they say she's not done it.""","cried Dick  Povey, hobbling off, excited and speedy. ""Strange, isn't it?"" he  exclaimed afterwards, ""how I manage to come in for things? Sheer chance  that I was here to-day! But it's always like that! Somehow something  extraordinary is always happ",False
OWT_C02904,"Mary,",1257493,1257500,Constance,,Constance,,NAMED,NONE,Constance,AFTER_QUOTE_NAMED,ATTRIBUTED_DIALOGUE_CANDIDATE,"left arm and leg were extraordinarily tender to the touch. When Mary at  length entered, clean and fresh and pale in all her mildness, she found  the mistress the colour of a duck's egg, with puffed features, and a  strangely anxious expression.","said Constance, ""I feel so queer. Perhaps you'd better run up  and tell Miss Holl, and ask her to telephone for Dr. Stirling.""    This was the beginning of Constance's last illness. Mary most  impressively informed Miss Holl that her mistress had be",False
OWT_C02906,"Oh yes,",1257991,1258000,Lily,,Lily,,NAMED,NONE,Lily,AFTER_QUOTE_NAMED,ATTRIBUTED_DIALOGUE_CANDIDATE,"ss had been out on the  previous afternoon in spite of her sciatica, and Lily telephoned the  fact to the Doctor. Lily then came down to take charge of Constance.  But she dared not upbraid the invalid.    ""Is the result out?"" Constance murmured.","said Lily, lightly. ""There's a majority of over twelve  hundred against Federation. Great excitement last night! I told you  yesterday morning that Federation was bound to be beaten.""    Lily spoke as though the result throughout had been a certaint",False
OWT_C02907,Oh!,1258851,1258856,Constance,,Constance,,NAMED,NONE,Constance,AFTER_QUOTE_NAMED,ATTRIBUTED_DIALOGUE_CANDIDATE,"ed to  see that the mere blind, deaf, inert forces of reaction, with faulty  organization, and quite deprived of the aid of logic, had proved far  stronger than all the alert enthusiasm arrayed against them. It was a  notable lesson to reformers.","murmured Constance, startled. She was relieved; but she would  have liked the majority to be smaller. Moreover, her interest in the  question had lessened. It was her limbs that pre-occupied her now.    ""You look tired,"" she said feebly to Lily.",False
OWT_C02909,Do I?,1259106,1259113,Lily,,Lily,,NAMED,NONE,Lily,AFTER_QUOTE_NAMED,ATTRIBUTED_DIALOGUE_CANDIDATE,"murmured Constance, startled. She was relieved; but she would  have liked the majority to be smaller. Moreover, her interest in the  question had lessened. It was her limbs that pre-occupied her now.    ""You look tired,"" she said feebly to Lily.","said Lily, shortly, hiding the fact that she had spent half the  night in tending Dick Povey, who, in a sensational descent near  Macclesfield, had been dragged through the tops of a row of elm trees  to the detriment of an elbow-joint; the professi",False
OWT_C02910,"I'm afraid my sciatica's worse, Doctor,",1259426,1259467,Constance,,Constance,,NAMED,NONE,Constance,AFTER_QUOTE_NAMED,ATTRIBUTED_DIALOGUE_CANDIDATE,"e  night in tending Dick Povey, who, in a sensational descent near  Macclesfield, had been dragged through the tops of a row of elm trees  to the detriment of an elbow-joint; the professional aeronaut had  broken a leg.    Then Dr. Stirling came.","said Constance,  apologetically.    ""Did you expect it to be better?"" said he, gazing at her sternly. She  knew then that some one had saved her the trouble of confessing her  escapade.    However, her sciatica was not worse. Her sciatica had not be",False
OWT_C02912,"Lily never told me,",1261546,1261567,Constance,,Constance,,NAMED,NONE,Constance,AFTER_QUOTE_NAMED,ATTRIBUTED_DIALOGUE_CANDIDATE,"ca is even more tedious than complaints  about sciatica.    She asked one day that Dick should come to see her. He came with his  arm in a sling, and told her charily that he had hurt his elbow through  dropping his stick and slipping downstairs.","said Constance, suspiciously.    ""Oh, it's simply nothing!"" said Dick. Not even the sick room could  chasten him of his joy in the magnificent balloon adventure.    ""I do hope you won't go running any risks!"" said Constance.    ""Never you fear!"" sai",False
OWT_C02914,I do hope you won't go running any risks!,1261733,1261776,Constance.,,Constance,,NAMED,NONE,Constance,AFTER_QUOTE_NAMED,ATTRIBUTED_DIALOGUE_CANDIDATE,"elbow through  dropping his stick and slipping downstairs.    ""Lily never told me,"" said Constance, suspiciously.    ""Oh, it's simply nothing!"" said Dick. Not even the sick room could  chasten him of his joy in the magnificent balloon adventure.","said Constance.    ""Never you fear!"" said he. ""I shall die in my bed.""    And he was absolutely convinced that he would, and not as the result of  any accident, either! The nurse would not allow him to remain in the  room.    Lily suggested that Con",False
