text_id,turn_id,sentence_id,speaker,previous_text,current_text,next_text,unit_type,extraction_confidence,source
VOF,VOF_T00001,VOF_T00001_S01,Unknown,,"What’s this, mr. Holmes?","Man, it’s witchcraft!",dialogue_candidate,review,Project Gutenberg #3289 - The Valley of Fear
VOF,VOF_T00001,VOF_T00001_S02,Unknown,"What’s this, mr. Holmes?","Man, it’s witchcraft!",Where in the name of all that is wonderful did you get those names?,dialogue_candidate,review,Project Gutenberg #3289 - The Valley of Fear
VOF,VOF_T00001,VOF_T00001_S03,Unknown,"Man, it’s witchcraft!",Where in the name of all that is wonderful did you get those names?,,dialogue_candidate,review,Project Gutenberg #3289 - The Valley of Fear
VOF,VOF_T00002,VOF_T00002_S01,Unknown,,"Watson, would you be afraid to sleep in the same room with a lunatic.",,dialogue_candidate,review,Project Gutenberg #3289 - The Valley of Fear
VOF,VOF_T00003,VOF_T00003_S01,Unknown,,"If your heart is as big as your body, and your soul as fine as your face, then I’d ask for nothing better, Oh, Jack, I implore you to give it up!",,speaker_attributed_dialogue,review,Project Gutenberg #3289 - The Valley of Fear
VOF,VOF_T00004,VOF_T00004_S01,Unknown,,"Not a sound, for your lives!",,dialogue_candidate,review,Project Gutenberg #3289 - The Valley of Fear
VOF,VOF_T00005,VOF_T00005_S01,I,,"I am inclined to think— I should do so,",,speaker_attributed_dialogue,high,Project Gutenberg #3289 - The Valley of Fear
VOF,VOF_T00006,VOF_T00006_S01,I,,"Really, Holmes, you are a little trying at times.",,speaker_attributed_dialogue,high,Project Gutenberg #3289 - The Valley of Fear
VOF,VOF_T00007,VOF_T00007_S01,he,,"It is Porlock’s writing, I can hardly doubt that it is Porlock’s writing, though I have seen it only twice before.",The Greek e with the peculiar top flourish is distinctive.,speaker_attributed_dialogue,high,Project Gutenberg #3289 - The Valley of Fear
VOF,VOF_T00007,VOF_T00007_S02,he,"It is Porlock’s writing, I can hardly doubt that it is Porlock’s writing, though I have seen it only twice before.",The Greek e with the peculiar top flourish is distinctive.,"But if it is Porlock, then it must be something of the very first importance.",speaker_attributed_dialogue,high,Project Gutenberg #3289 - The Valley of Fear
VOF,VOF_T00007,VOF_T00007_S03,he,The Greek e with the peculiar top flourish is distinctive.,"But if it is Porlock, then it must be something of the very first importance.",,speaker_attributed_dialogue,high,Project Gutenberg #3289 - The Valley of Fear
VOF,VOF_T00008,VOF_T00008_S01,Unknown,,Who then is Porlock?,,dialogue_candidate,review,Project Gutenberg #3289 - The Valley of Fear
VOF,VOF_T00009,VOF_T00009_S01,Unknown,,"Porlock, Watson, is a nom-de-plume, a mere identification mark; but behind it lies a shifty and evasive personality.","In a former letter he frankly informed me that the name was not his own, and defied me ever to trace him among the teeming millions of this great city.",dialogue_candidate,review,Project Gutenberg #3289 - The Valley of Fear
VOF,VOF_T00009,VOF_T00009_S02,Unknown,"Porlock, Watson, is a nom-de-plume, a mere identification mark; but behind it lies a shifty and evasive personality.","In a former letter he frankly informed me that the name was not his own, and defied me ever to trace him among the teeming millions of this great city.","Porlock is important, not for himself, but for the great man with whom he is in touch.",dialogue_candidate,review,Project Gutenberg #3289 - The Valley of Fear
VOF,VOF_T00009,VOF_T00009_S03,Unknown,"In a former letter he frankly informed me that the name was not his own, and defied me ever to trace him among the teeming millions of this great city.","Porlock is important, not for himself, but for the great man with whom he is in touch.","Picture to yourself the pilot fish with the shark, the jackal with the lion—anything that is insignificant in companionship with what is formidable: not only formidable, Watson, but sinister—in the highest degree sinister.",dialogue_candidate,review,Project Gutenberg #3289 - The Valley of Fear
VOF,VOF_T00009,VOF_T00009_S04,Unknown,"Porlock is important, not for himself, but for the great man with whom he is in touch.","Picture to yourself the pilot fish with the shark, the jackal with the lion—anything that is insignificant in companionship with what is formidable: not only formidable, Watson, but sinister—in the highest degree sinister.",That is where he comes within my purview.,dialogue_candidate,review,Project Gutenberg #3289 - The Valley of Fear
VOF,VOF_T00009,VOF_T00009_S05,Unknown,"Picture to yourself the pilot fish with the shark, the jackal with the lion—anything that is insignificant in companionship with what is formidable: not only formidable, Watson, but sinister—in the highest degree sinister.",That is where he comes within my purview.,You have heard me speak of Professor Moriarty?,dialogue_candidate,review,Project Gutenberg #3289 - The Valley of Fear
VOF,VOF_T00009,VOF_T00009_S06,Unknown,That is where he comes within my purview.,You have heard me speak of Professor Moriarty?,,dialogue_candidate,review,Project Gutenberg #3289 - The Valley of Fear
VOF,VOF_T00010,VOF_T00010_S01,Unknown,,"The famous scientific criminal, as famous among crooks as—",,dialogue_candidate,review,Project Gutenberg #3289 - The Valley of Fear
VOF,VOF_T00011,VOF_T00011_S01,Unknown,,"My blushes, Watson!",,dialogue_candidate,review,Project Gutenberg #3289 - The Valley of Fear
VOF,VOF_T00012,VOF_T00012_S01,Unknown,,"I was about to say, as he is unknown to the public.",,dialogue_candidate,review,Project Gutenberg #3289 - The Valley of Fear
VOF,VOF_T00013,VOF_T00013_S01,Holmes,,A touch!,A distinct touch!,speaker_attributed_dialogue,high,Project Gutenberg #3289 - The Valley of Fear
VOF,VOF_T00013,VOF_T00013_S02,Holmes,A touch!,A distinct touch!,"You are developing a certain unexpected vein of pawky humour, Watson, against which I must learn to guard myself.",speaker_attributed_dialogue,high,Project Gutenberg #3289 - The Valley of Fear
VOF,VOF_T00013,VOF_T00013_S03,Holmes,A distinct touch!,"You are developing a certain unexpected vein of pawky humour, Watson, against which I must learn to guard myself.",But in calling Moriarty a criminal you are uttering libel in the eyes of the law—and there lie the glory and the wonder of it!,speaker_attributed_dialogue,high,Project Gutenberg #3289 - The Valley of Fear
VOF,VOF_T00013,VOF_T00013_S04,Holmes,"You are developing a certain unexpected vein of pawky humour, Watson, against which I must learn to guard myself.",But in calling Moriarty a criminal you are uttering libel in the eyes of the law—and there lie the glory and the wonder of it!,"The greatest schemer of all time, the organizer of every deviltry, the controlling brain of the underworld, a brain which might have made or marred the destiny of nations—that’s the man!",speaker_attributed_dialogue,high,Project Gutenberg #3289 - The Valley of Fear
VOF,VOF_T00013,VOF_T00013_S05,Holmes,But in calling Moriarty a criminal you are uttering libel in the eyes of the law—and there lie the glory and the wonder of it!,"The greatest schemer of all time, the organizer of every deviltry, the controlling brain of the underworld, a brain which might have made or marred the destiny of nations—that’s the man!","But so aloof is he from general suspicion, so immune from criticism, so admirable in his management and self-effacement, that for those very words that you have uttered he could hale you to a court and emerge with your year’s pension as a solatium for his wounded character.",speaker_attributed_dialogue,high,Project Gutenberg #3289 - The Valley of Fear
VOF,VOF_T00013,VOF_T00013_S06,Holmes,"The greatest schemer of all time, the organizer of every deviltry, the controlling brain of the underworld, a brain which might have made or marred the destiny of nations—that’s the man!","But so aloof is he from general suspicion, so immune from criticism, so admirable in his management and self-effacement, that for those very words that you have uttered he could hale you to a court and emerge with your year’s pension as a solatium for his wounded character.","Is he not the celebrated author of The Dynamics of an Asteroid, a book which ascends to such rarefied heights of pure mathematics that it is said that there was no man in the scientific press capable of criticizing it?",speaker_attributed_dialogue,high,Project Gutenberg #3289 - The Valley of Fear
VOF,VOF_T00013,VOF_T00013_S07,Holmes,"But so aloof is he from general suspicion, so immune from criticism, so admirable in his management and self-effacement, that for those very words that you have uttered he could hale you to a court and emerge with your year’s pension as a solatium for his wounded character.","Is he not the celebrated author of The Dynamics of an Asteroid, a book which ascends to such rarefied heights of pure mathematics that it is said that there was no man in the scientific press capable of criticizing it?",Is this a man to traduce?,speaker_attributed_dialogue,high,Project Gutenberg #3289 - The Valley of Fear
VOF,VOF_T00013,VOF_T00013_S08,Holmes,"Is he not the celebrated author of The Dynamics of an Asteroid, a book which ascends to such rarefied heights of pure mathematics that it is said that there was no man in the scientific press capable of criticizing it?",Is this a man to traduce?,Foul-mouthed doctor and slandered professor—such would be your respective rôles!,speaker_attributed_dialogue,high,Project Gutenberg #3289 - The Valley of Fear
VOF,VOF_T00013,VOF_T00013_S09,Holmes,Is this a man to traduce?,Foul-mouthed doctor and slandered professor—such would be your respective rôles!,"That’s genius, Watson.",speaker_attributed_dialogue,high,Project Gutenberg #3289 - The Valley of Fear
VOF,VOF_T00013,VOF_T00013_S10,Holmes,Foul-mouthed doctor and slandered professor—such would be your respective rôles!,"That’s genius, Watson.","But if I am spared by lesser men, our day will surely come.",speaker_attributed_dialogue,high,Project Gutenberg #3289 - The Valley of Fear
VOF,VOF_T00013,VOF_T00013_S11,Holmes,"That’s genius, Watson.","But if I am spared by lesser men, our day will surely come.",,speaker_attributed_dialogue,high,Project Gutenberg #3289 - The Valley of Fear
VOF,VOF_T00014,VOF_T00014_S01,Unknown,,May I be there to see!,,dialogue_candidate,review,Project Gutenberg #3289 - The Valley of Fear
VOF,VOF_T00015,VOF_T00015_S01,Unknown,,But you were speaking of this man Porlock.,,dialogue_candidate,review,Project Gutenberg #3289 - The Valley of Fear
VOF,VOF_T00016,VOF_T00016_S01,Unknown,,"Ah, yes—the so-called Porlock is a link in the chain some little way from its great attachment.",Porlock is not quite a sound link—between ourselves.,dialogue_candidate,review,Project Gutenberg #3289 - The Valley of Fear
VOF,VOF_T00016,VOF_T00016_S02,Unknown,"Ah, yes—the so-called Porlock is a link in the chain some little way from its great attachment.",Porlock is not quite a sound link—between ourselves.,He is the only flaw in that chain so far as I have been able to test it.,dialogue_candidate,review,Project Gutenberg #3289 - The Valley of Fear
VOF,VOF_T00016,VOF_T00016_S03,Unknown,Porlock is not quite a sound link—between ourselves.,He is the only flaw in that chain so far as I have been able to test it.,,dialogue_candidate,review,Project Gutenberg #3289 - The Valley of Fear
VOF,VOF_T00017,VOF_T00017_S01,Unknown,,But no chain is stronger than its weakest link.,,dialogue_candidate,review,Project Gutenberg #3289 - The Valley of Fear
VOF,VOF_T00018,VOF_T00018_S01,Unknown,,"Exactly, my dear Watson!",Hence the extreme importance of Porlock.,dialogue_candidate,review,Project Gutenberg #3289 - The Valley of Fear
VOF,VOF_T00018,VOF_T00018_S02,Unknown,"Exactly, my dear Watson!",Hence the extreme importance of Porlock.,"Led on by some rudimentary aspirations towards right, and encouraged by the judicious stimulation of an occasional ten-pound note sent to him by devious methods, he has once or twice given me advance information which has been of value—that highest value which anticipates and prevents rather than avenges crime.",dialogue_candidate,review,Project Gutenberg #3289 - The Valley of Fear
VOF,VOF_T00018,VOF_T00018_S03,Unknown,Hence the extreme importance of Porlock.,"Led on by some rudimentary aspirations towards right, and encouraged by the judicious stimulation of an occasional ten-pound note sent to him by devious methods, he has once or twice given me advance information which has been of value—that highest value which anticipates and prevents rather than avenges crime.","I cannot doubt that, if we had the cipher, we should find that this communication is of the nature that I indicate.",dialogue_candidate,review,Project Gutenberg #3289 - The Valley of Fear
VOF,VOF_T00018,VOF_T00018_S04,Unknown,"Led on by some rudimentary aspirations towards right, and encouraged by the judicious stimulation of an occasional ten-pound note sent to him by devious methods, he has once or twice given me advance information which has been of value—that highest value which anticipates and prevents rather than avenges crime.","I cannot doubt that, if we had the cipher, we should find that this communication is of the nature that I indicate.",,dialogue_candidate,review,Project Gutenberg #3289 - The Valley of Fear
VOF,VOF_T00019,VOF_T00019_S01,Unknown,,"What do you make of it, Holmes?",,dialogue_candidate,review,Project Gutenberg #3289 - The Valley of Fear
VOF,VOF_T00020,VOF_T00020_S01,Unknown,,It is obviously an attempt to convey secret information.,,dialogue_candidate,review,Project Gutenberg #3289 - The Valley of Fear
VOF,VOF_T00021,VOF_T00021_S01,Unknown,,But what is the use of a cipher message without the cipher?,,dialogue_candidate,review,Project Gutenberg #3289 - The Valley of Fear
VOF,VOF_T00022,VOF_T00022_S01,Unknown,,"In this instance, none at all.",,dialogue_candidate,review,Project Gutenberg #3289 - The Valley of Fear
VOF,VOF_T00023,VOF_T00023_S01,Unknown,,Why do you say ‘in this instance’?,,dialogue_candidate,review,Project Gutenberg #3289 - The Valley of Fear
VOF,VOF_T00024,VOF_T00024_S01,Unknown,,Because there are many ciphers which I would read as easily as I do the apocrypha of the agony column: such crude devices amuse the intelligence without fatiguing it.,But this is different.,dialogue_candidate,review,Project Gutenberg #3289 - The Valley of Fear
VOF,VOF_T00024,VOF_T00024_S02,Unknown,Because there are many ciphers which I would read as easily as I do the apocrypha of the agony column: such crude devices amuse the intelligence without fatiguing it.,But this is different.,It is clearly a reference to the words in a page of some book.,dialogue_candidate,review,Project Gutenberg #3289 - The Valley of Fear
VOF,VOF_T00024,VOF_T00024_S03,Unknown,But this is different.,It is clearly a reference to the words in a page of some book.,Until I am told which page and which book I am powerless.,dialogue_candidate,review,Project Gutenberg #3289 - The Valley of Fear
VOF,VOF_T00024,VOF_T00024_S04,Unknown,It is clearly a reference to the words in a page of some book.,Until I am told which page and which book I am powerless.,,dialogue_candidate,review,Project Gutenberg #3289 - The Valley of Fear
VOF,VOF_T00025,VOF_T00025_S01,Unknown,,But why ‘Douglas’ and ‘Birlstone’?,,dialogue_candidate,review,Project Gutenberg #3289 - The Valley of Fear
VOF,VOF_T00026,VOF_T00026_S01,Unknown,,Clearly because those are words which were not contained in the page in question.,,dialogue_candidate,review,Project Gutenberg #3289 - The Valley of Fear
VOF,VOF_T00027,VOF_T00027_S01,Unknown,,Then why has he not indicated the book?,,dialogue_candidate,review,Project Gutenberg #3289 - The Valley of Fear
VOF,VOF_T00028,VOF_T00028_S01,Unknown,,"Your native shrewdness, my dear Watson, that innate cunning which is the delight of your friends, would surely prevent you from inclosing cipher and message in the same envelope.","Should it miscarry, you are undone.",dialogue_candidate,review,Project Gutenberg #3289 - The Valley of Fear
VOF,VOF_T00028,VOF_T00028_S02,Unknown,"Your native shrewdness, my dear Watson, that innate cunning which is the delight of your friends, would surely prevent you from inclosing cipher and message in the same envelope.","Should it miscarry, you are undone.","As it is, both have to go wrong before any harm comes from it.",dialogue_candidate,review,Project Gutenberg #3289 - The Valley of Fear
VOF,VOF_T00028,VOF_T00028_S03,Unknown,"Should it miscarry, you are undone.","As it is, both have to go wrong before any harm comes from it.","Our second post is now overdue, and I shall be surprised if it does not bring us either a further letter of explanation, or, as is more probable, the very volume to which these figures refer.",dialogue_candidate,review,Project Gutenberg #3289 - The Valley of Fear
VOF,VOF_T00028,VOF_T00028_S04,Unknown,"As it is, both have to go wrong before any harm comes from it.","Our second post is now overdue, and I shall be surprised if it does not bring us either a further letter of explanation, or, as is more probable, the very volume to which these figures refer.",,dialogue_candidate,review,Project Gutenberg #3289 - The Valley of Fear
VOF,VOF_T00029,VOF_T00029_S01,Holmes,,"The same writing, and actually signed,",,speaker_attributed_dialogue,high,Project Gutenberg #3289 - The Valley of Fear
VOF,VOF_T00030,VOF_T00030_S01,Unknown,,"Come, we are getting on, Watson.",,dialogue_candidate,review,Project Gutenberg #3289 - The Valley of Fear
VOF,VOF_T00031,VOF_T00031_S01,Unknown,,"Dear me, this is very disappointing!","I fear, Watson, that all our expectations come to nothing.",dialogue_candidate,review,Project Gutenberg #3289 - The Valley of Fear
VOF,VOF_T00031,VOF_T00031_S02,Unknown,"Dear me, this is very disappointing!","I fear, Watson, that all our expectations come to nothing.",I trust that the man Porlock will come to no harm.,dialogue_candidate,review,Project Gutenberg #3289 - The Valley of Fear
VOF,VOF_T00031,VOF_T00031_S03,Unknown,"I fear, Watson, that all our expectations come to nothing.",I trust that the man Porlock will come to no harm.,"“‘Dear mr. Holmes,’ he says, ‘I will go no further in this matter.",dialogue_candidate,review,Project Gutenberg #3289 - The Valley of Fear
VOF,VOF_T00031,VOF_T00031_S04,Unknown,I trust that the man Porlock will come to no harm.,"“‘Dear mr. Holmes,’ he says, ‘I will go no further in this matter.",It is too dangerous—he suspects me.,dialogue_candidate,review,Project Gutenberg #3289 - The Valley of Fear
VOF,VOF_T00031,VOF_T00031_S05,Unknown,"“‘Dear mr. Holmes,’ he says, ‘I will go no further in this matter.",It is too dangerous—he suspects me.,I can see that he suspects me.,dialogue_candidate,review,Project Gutenberg #3289 - The Valley of Fear
VOF,VOF_T00031,VOF_T00031_S06,Unknown,It is too dangerous—he suspects me.,I can see that he suspects me.,He came to me quite unexpectedly after I had actually addressed this envelope with the intention of sending you the key to the cipher.,dialogue_candidate,review,Project Gutenberg #3289 - The Valley of Fear
VOF,VOF_T00031,VOF_T00031_S07,Unknown,I can see that he suspects me.,He came to me quite unexpectedly after I had actually addressed this envelope with the intention of sending you the key to the cipher.,I was able to cover it up.,dialogue_candidate,review,Project Gutenberg #3289 - The Valley of Fear
VOF,VOF_T00031,VOF_T00031_S08,Unknown,He came to me quite unexpectedly after I had actually addressed this envelope with the intention of sending you the key to the cipher.,I was able to cover it up.,"If he had seen it, it would have gone hard with me.",dialogue_candidate,review,Project Gutenberg #3289 - The Valley of Fear
VOF,VOF_T00031,VOF_T00031_S09,Unknown,I was able to cover it up.,"If he had seen it, it would have gone hard with me.",But I read suspicion in his eyes.,dialogue_candidate,review,Project Gutenberg #3289 - The Valley of Fear
VOF,VOF_T00031,VOF_T00031_S10,Unknown,"If he had seen it, it would have gone hard with me.",But I read suspicion in his eyes.,"Please burn the cipher message, which can now be of no use to you.",dialogue_candidate,review,Project Gutenberg #3289 - The Valley of Fear
VOF,VOF_T00031,VOF_T00031_S11,Unknown,But I read suspicion in his eyes.,"Please burn the cipher message, which can now be of no use to you.",“‘FRED PORLOCK.’,dialogue_candidate,review,Project Gutenberg #3289 - The Valley of Fear
VOF,VOF_T00031,VOF_T00031_S12,Unknown,"Please burn the cipher message, which can now be of no use to you.",“‘FRED PORLOCK.’,,dialogue_candidate,review,Project Gutenberg #3289 - The Valley of Fear
VOF,VOF_T00032,VOF_T00032_S01,Unknown,,"After all,",,dialogue_candidate,review,Project Gutenberg #3289 - The Valley of Fear
VOF,VOF_T00033,VOF_T00033_S01,Unknown,,there may be nothing in it.,It may be only his guilty conscience.,dialogue_candidate,review,Project Gutenberg #3289 - The Valley of Fear
VOF,VOF_T00033,VOF_T00033_S02,Unknown,there may be nothing in it.,It may be only his guilty conscience.,"Knowing himself to be a traitor, he may have read the accusation in the other’s eyes.",dialogue_candidate,review,Project Gutenberg #3289 - The Valley of Fear
VOF,VOF_T00033,VOF_T00033_S03,Unknown,It may be only his guilty conscience.,"Knowing himself to be a traitor, he may have read the accusation in the other’s eyes.",,dialogue_candidate,review,Project Gutenberg #3289 - The Valley of Fear
VOF,VOF_T00034,VOF_T00034_S01,Unknown,,"The other being, I presume, Professor Moriarty.",,dialogue_candidate,review,Project Gutenberg #3289 - The Valley of Fear
VOF,VOF_T00035,VOF_T00035_S01,Unknown,,No less!,When any of that party talk about ‘He’ you know whom they mean.,dialogue_candidate,review,Project Gutenberg #3289 - The Valley of Fear
VOF,VOF_T00035,VOF_T00035_S02,Unknown,No less!,When any of that party talk about ‘He’ you know whom they mean.,There is one predominant ‘He’ for all of them.,dialogue_candidate,review,Project Gutenberg #3289 - The Valley of Fear
VOF,VOF_T00035,VOF_T00035_S03,Unknown,When any of that party talk about ‘He’ you know whom they mean.,There is one predominant ‘He’ for all of them.,,dialogue_candidate,review,Project Gutenberg #3289 - The Valley of Fear
VOF,VOF_T00036,VOF_T00036_S01,Unknown,,But what can he do?,,dialogue_candidate,review,Project Gutenberg #3289 - The Valley of Fear
VOF,VOF_T00037,VOF_T00037_S01,Unknown,,Hum!,That’s a large question.,dialogue_candidate,review,Project Gutenberg #3289 - The Valley of Fear
VOF,VOF_T00037,VOF_T00037_S02,Unknown,Hum!,That’s a large question.,"When you have one of the first brains of Europe up against you, and all the powers of darkness at his back, there are infinite possibilities.",dialogue_candidate,review,Project Gutenberg #3289 - The Valley of Fear
VOF,VOF_T00037,VOF_T00037_S03,Unknown,That’s a large question.,"When you have one of the first brains of Europe up against you, and all the powers of darkness at his back, there are infinite possibilities.","Anyhow, Friend Porlock is evidently scared out of his senses—kindly compare the writing in the note to that upon its envelope; which was done, he tells us, before this ill-omened visit.",dialogue_candidate,review,Project Gutenberg #3289 - The Valley of Fear
VOF,VOF_T00037,VOF_T00037_S04,Unknown,"When you have one of the first brains of Europe up against you, and all the powers of darkness at his back, there are infinite possibilities.","Anyhow, Friend Porlock is evidently scared out of his senses—kindly compare the writing in the note to that upon its envelope; which was done, he tells us, before this ill-omened visit.",The one is clear and firm.,dialogue_candidate,review,Project Gutenberg #3289 - The Valley of Fear
VOF,VOF_T00037,VOF_T00037_S05,Unknown,"Anyhow, Friend Porlock is evidently scared out of his senses—kindly compare the writing in the note to that upon its envelope; which was done, he tells us, before this ill-omened visit.",The one is clear and firm.,The other hardly legible.,dialogue_candidate,review,Project Gutenberg #3289 - The Valley of Fear
VOF,VOF_T00037,VOF_T00037_S06,Unknown,The one is clear and firm.,The other hardly legible.,,dialogue_candidate,review,Project Gutenberg #3289 - The Valley of Fear
VOF,VOF_T00038,VOF_T00038_S01,Unknown,,Why did he write at all?,Why did he not simply drop it?,dialogue_candidate,review,Project Gutenberg #3289 - The Valley of Fear
VOF,VOF_T00038,VOF_T00038_S02,Unknown,Why did he write at all?,Why did he not simply drop it?,,dialogue_candidate,review,Project Gutenberg #3289 - The Valley of Fear
VOF,VOF_T00039,VOF_T00039_S01,Unknown,,"Because he feared I would make some inquiry after him in that case, and possibly bring trouble on him.",,dialogue_candidate,review,Project Gutenberg #3289 - The Valley of Fear
VOF,VOF_T00040,VOF_T00040_S01,I,,"No doubt, Of course.",,speaker_attributed_dialogue,high,Project Gutenberg #3289 - The Valley of Fear
VOF,VOF_T00041,VOF_T00041_S01,Unknown,,"It’s pretty maddening to think that an important secret may lie here on this slip of paper, and that it is beyond human power to penetrate it.",,dialogue_candidate,review,Project Gutenberg #3289 - The Valley of Fear
VOF,VOF_T00042,VOF_T00042_S01,he,,I wonder!,Perhaps there are points which have escaped your Machiavellian intellect.,speaker_attributed_dialogue,high,Project Gutenberg #3289 - The Valley of Fear
VOF,VOF_T00042,VOF_T00042_S02,he,I wonder!,Perhaps there are points which have escaped your Machiavellian intellect.,Let us consider the problem in the light of pure reason.,speaker_attributed_dialogue,high,Project Gutenberg #3289 - The Valley of Fear
VOF,VOF_T00042,VOF_T00042_S03,he,Perhaps there are points which have escaped your Machiavellian intellect.,Let us consider the problem in the light of pure reason.,This man’s reference is to a book.,speaker_attributed_dialogue,high,Project Gutenberg #3289 - The Valley of Fear
VOF,VOF_T00042,VOF_T00042_S04,he,Let us consider the problem in the light of pure reason.,This man’s reference is to a book.,That is our point of departure.,speaker_attributed_dialogue,high,Project Gutenberg #3289 - The Valley of Fear
VOF,VOF_T00042,VOF_T00042_S05,he,This man’s reference is to a book.,That is our point of departure.,,speaker_attributed_dialogue,high,Project Gutenberg #3289 - The Valley of Fear
VOF,VOF_T00043,VOF_T00043_S01,Unknown,,A somewhat vague one.,,dialogue_candidate,review,Project Gutenberg #3289 - The Valley of Fear
VOF,VOF_T00044,VOF_T00044_S01,Unknown,,Let us see then if we can narrow it down.,"As I focus my mind upon it, it seems rather less impenetrable.",dialogue_candidate,review,Project Gutenberg #3289 - The Valley of Fear
VOF,VOF_T00044,VOF_T00044_S02,Unknown,Let us see then if we can narrow it down.,"As I focus my mind upon it, it seems rather less impenetrable.",What indications have we as to this book?,dialogue_candidate,review,Project Gutenberg #3289 - The Valley of Fear
VOF,VOF_T00044,VOF_T00044_S03,Unknown,"As I focus my mind upon it, it seems rather less impenetrable.",What indications have we as to this book?,,dialogue_candidate,review,Project Gutenberg #3289 - The Valley of Fear
VOF,VOF_T00045,VOF_T00045_S01,Unknown,,None.,,dialogue_candidate,review,Project Gutenberg #3289 - The Valley of Fear
VOF,VOF_T00046,VOF_T00046_S01,Unknown,,"Well, well, it is surely not quite so bad as that.","The cipher message begins with a large 534, does it not?",dialogue_candidate,review,Project Gutenberg #3289 - The Valley of Fear
VOF,VOF_T00046,VOF_T00046_S02,Unknown,"Well, well, it is surely not quite so bad as that.","The cipher message begins with a large 534, does it not?",We may take it as a working hypothesis that 534 is the particular page to which the cipher refers.,dialogue_candidate,review,Project Gutenberg #3289 - The Valley of Fear
VOF,VOF_T00046,VOF_T00046_S03,Unknown,"The cipher message begins with a large 534, does it not?",We may take it as a working hypothesis that 534 is the particular page to which the cipher refers.,"So our book has already become a _large_ book, which is surely something gained.",dialogue_candidate,review,Project Gutenberg #3289 - The Valley of Fear
VOF,VOF_T00046,VOF_T00046_S04,Unknown,We may take it as a working hypothesis that 534 is the particular page to which the cipher refers.,"So our book has already become a _large_ book, which is surely something gained.",What other indications have we as to the nature of this large book?,dialogue_candidate,review,Project Gutenberg #3289 - The Valley of Fear
VOF,VOF_T00046,VOF_T00046_S05,Unknown,"So our book has already become a _large_ book, which is surely something gained.",What other indications have we as to the nature of this large book?,The next sign is C2.,dialogue_candidate,review,Project Gutenberg #3289 - The Valley of Fear
VOF,VOF_T00046,VOF_T00046_S06,Unknown,What other indications have we as to the nature of this large book?,The next sign is C2.,"What do you make of that, Watson?",dialogue_candidate,review,Project Gutenberg #3289 - The Valley of Fear
VOF,VOF_T00046,VOF_T00046_S07,Unknown,The next sign is C2.,"What do you make of that, Watson?",,dialogue_candidate,review,Project Gutenberg #3289 - The Valley of Fear
VOF,VOF_T00047,VOF_T00047_S01,Unknown,,"Chapter the second, no doubt.",,dialogue_candidate,review,Project Gutenberg #3289 - The Valley of Fear
VOF,VOF_T00048,VOF_T00048_S01,Unknown,,"Hardly that, Watson.","You will, I am sure, agree with me that if the page be given, the number of the chapter is immaterial.",dialogue_candidate,review,Project Gutenberg #3289 - The Valley of Fear
VOF,VOF_T00048,VOF_T00048_S02,Unknown,"Hardly that, Watson.","You will, I am sure, agree with me that if the page be given, the number of the chapter is immaterial.","Also that if page 534 finds us only in the second chapter, the length of the first one must have been really intolerable.",dialogue_candidate,review,Project Gutenberg #3289 - The Valley of Fear
VOF,VOF_T00048,VOF_T00048_S03,Unknown,"You will, I am sure, agree with me that if the page be given, the number of the chapter is immaterial.","Also that if page 534 finds us only in the second chapter, the length of the first one must have been really intolerable.",,dialogue_candidate,review,Project Gutenberg #3289 - The Valley of Fear
VOF,VOF_T00049,VOF_T00049_S01,Unknown,,Column!,,dialogue_candidate,review,Project Gutenberg #3289 - The Valley of Fear
VOF,VOF_T00050,VOF_T00050_S01,Unknown,,"Brilliant, Watson.",You are scintillating this morning.,dialogue_candidate,review,Project Gutenberg #3289 - The Valley of Fear
VOF,VOF_T00050,VOF_T00050_S02,Unknown,"Brilliant, Watson.",You are scintillating this morning.,"If it is not column, then I am very much deceived.",dialogue_candidate,review,Project Gutenberg #3289 - The Valley of Fear
VOF,VOF_T00050,VOF_T00050_S03,Unknown,You are scintillating this morning.,"If it is not column, then I am very much deceived.","So now, you see, we begin to visualize a large book printed in double columns which are each of a considerable length, since one of the words is numbered in the document as the two hundred and ninety-third.",dialogue_candidate,review,Project Gutenberg #3289 - The Valley of Fear
VOF,VOF_T00050,VOF_T00050_S04,Unknown,"If it is not column, then I am very much deceived.","So now, you see, we begin to visualize a large book printed in double columns which are each of a considerable length, since one of the words is numbered in the document as the two hundred and ninety-third.",Have we reached the limits of what reason can supply?,dialogue_candidate,review,Project Gutenberg #3289 - The Valley of Fear
VOF,VOF_T00050,VOF_T00050_S05,Unknown,"So now, you see, we begin to visualize a large book printed in double columns which are each of a considerable length, since one of the words is numbered in the document as the two hundred and ninety-third.",Have we reached the limits of what reason can supply?,,dialogue_candidate,review,Project Gutenberg #3289 - The Valley of Fear
VOF,VOF_T00051,VOF_T00051_S01,Unknown,,I fear that we have.,,dialogue_candidate,review,Project Gutenberg #3289 - The Valley of Fear
VOF,VOF_T00052,VOF_T00052_S01,Unknown,,Surely you do yourself an injustice.,"One more coruscation, my dear Watson—yet another brain-wave!",dialogue_candidate,review,Project Gutenberg #3289 - The Valley of Fear
VOF,VOF_T00052,VOF_T00052_S02,Unknown,Surely you do yourself an injustice.,"One more coruscation, my dear Watson—yet another brain-wave!","Had the volume been an unusual one, he would have sent it to me.",dialogue_candidate,review,Project Gutenberg #3289 - The Valley of Fear
VOF,VOF_T00052,VOF_T00052_S03,Unknown,"One more coruscation, my dear Watson—yet another brain-wave!","Had the volume been an unusual one, he would have sent it to me.","Instead of that, he had intended, before his plans were nipped, to send me the clue in this envelope.",dialogue_candidate,review,Project Gutenberg #3289 - The Valley of Fear
VOF,VOF_T00052,VOF_T00052_S04,Unknown,"Had the volume been an unusual one, he would have sent it to me.","Instead of that, he had intended, before his plans were nipped, to send me the clue in this envelope.",He says so in his note.,dialogue_candidate,review,Project Gutenberg #3289 - The Valley of Fear
VOF,VOF_T00052,VOF_T00052_S05,Unknown,"Instead of that, he had intended, before his plans were nipped, to send me the clue in this envelope.",He says so in his note.,This would seem to indicate that the book is one which he thought I would have no difficulty in finding for myself.,dialogue_candidate,review,Project Gutenberg #3289 - The Valley of Fear
VOF,VOF_T00052,VOF_T00052_S06,Unknown,He says so in his note.,This would seem to indicate that the book is one which he thought I would have no difficulty in finding for myself.,"He had it—and he imagined that I would have it, too.",dialogue_candidate,review,Project Gutenberg #3289 - The Valley of Fear
VOF,VOF_T00052,VOF_T00052_S07,Unknown,This would seem to indicate that the book is one which he thought I would have no difficulty in finding for myself.,"He had it—and he imagined that I would have it, too.","In short, Watson, it is a very common book.",dialogue_candidate,review,Project Gutenberg #3289 - The Valley of Fear
VOF,VOF_T00052,VOF_T00052_S08,Unknown,"He had it—and he imagined that I would have it, too.","In short, Watson, it is a very common book.",,dialogue_candidate,review,Project Gutenberg #3289 - The Valley of Fear
VOF,VOF_T00053,VOF_T00053_S01,Unknown,,What you say certainly sounds plausible.,,dialogue_candidate,review,Project Gutenberg #3289 - The Valley of Fear
VOF,VOF_T00054,VOF_T00054_S01,Unknown,,"So we have contracted our field of search to a large book, printed in double columns and in common use.",,dialogue_candidate,review,Project Gutenberg #3289 - The Valley of Fear
VOF,VOF_T00055,VOF_T00055_S01,Unknown,,The Bible!,,dialogue_candidate,review,Project Gutenberg #3289 - The Valley of Fear
VOF,VOF_T00056,VOF_T00056_S01,Unknown,,"Good, Watson, good!","But not, if I may say so, quite good enough!",dialogue_candidate,review,Project Gutenberg #3289 - The Valley of Fear
VOF,VOF_T00056,VOF_T00056_S02,Unknown,"Good, Watson, good!","But not, if I may say so, quite good enough!",Even if I accepted the compliment for myself I could hardly name any volume which would be less likely to lie at the elbow of one of Moriarty’s associates.,dialogue_candidate,review,Project Gutenberg #3289 - The Valley of Fear
VOF,VOF_T00056,VOF_T00056_S03,Unknown,"But not, if I may say so, quite good enough!",Even if I accepted the compliment for myself I could hardly name any volume which would be less likely to lie at the elbow of one of Moriarty’s associates.,"Besides, the editions of Holy Writ are so numerous that he could hardly suppose that two copies would have the same pagination.",dialogue_candidate,review,Project Gutenberg #3289 - The Valley of Fear
VOF,VOF_T00056,VOF_T00056_S04,Unknown,Even if I accepted the compliment for myself I could hardly name any volume which would be less likely to lie at the elbow of one of Moriarty’s associates.,"Besides, the editions of Holy Writ are so numerous that he could hardly suppose that two copies would have the same pagination.",This is clearly a book which is standardized.,dialogue_candidate,review,Project Gutenberg #3289 - The Valley of Fear
VOF,VOF_T00056,VOF_T00056_S05,Unknown,"Besides, the editions of Holy Writ are so numerous that he could hardly suppose that two copies would have the same pagination.",This is clearly a book which is standardized.,He knows for certain that his page 534 will exactly agree with my page 534.,dialogue_candidate,review,Project Gutenberg #3289 - The Valley of Fear
VOF,VOF_T00056,VOF_T00056_S06,Unknown,This is clearly a book which is standardized.,He knows for certain that his page 534 will exactly agree with my page 534.,,dialogue_candidate,review,Project Gutenberg #3289 - The Valley of Fear
VOF,VOF_T00057,VOF_T00057_S01,Unknown,,But very few books would correspond with that.,,dialogue_candidate,review,Project Gutenberg #3289 - The Valley of Fear
VOF,VOF_T00058,VOF_T00058_S01,Unknown,,Exactly.,Therein lies our salvation.,dialogue_candidate,review,Project Gutenberg #3289 - The Valley of Fear
VOF,VOF_T00058,VOF_T00058_S02,Unknown,Exactly.,Therein lies our salvation.,Our search is narrowed down to standardized books which anyone may be supposed to possess.,dialogue_candidate,review,Project Gutenberg #3289 - The Valley of Fear
VOF,VOF_T00058,VOF_T00058_S03,Unknown,Therein lies our salvation.,Our search is narrowed down to standardized books which anyone may be supposed to possess.,,dialogue_candidate,review,Project Gutenberg #3289 - The Valley of Fear
VOF,VOF_T00059,VOF_T00059_S01,Unknown,,Bradshaw!,,dialogue_candidate,review,Project Gutenberg #3289 - The Valley of Fear
VOF,VOF_T00060,VOF_T00060_S01,Unknown,,"There are difficulties, Watson.","The vocabulary of Bradshaw is nervous and terse, but limited.",dialogue_candidate,review,Project Gutenberg #3289 - The Valley of Fear
VOF,VOF_T00060,VOF_T00060_S02,Unknown,"There are difficulties, Watson.","The vocabulary of Bradshaw is nervous and terse, but limited.",The selection of words would hardly lend itself to the sending of general messages.,dialogue_candidate,review,Project Gutenberg #3289 - The Valley of Fear
VOF,VOF_T00060,VOF_T00060_S03,Unknown,"The vocabulary of Bradshaw is nervous and terse, but limited.",The selection of words would hardly lend itself to the sending of general messages.,We will eliminate Bradshaw.,dialogue_candidate,review,Project Gutenberg #3289 - The Valley of Fear
VOF,VOF_T00060,VOF_T00060_S04,Unknown,The selection of words would hardly lend itself to the sending of general messages.,We will eliminate Bradshaw.,"The dictionary is, I fear, inadmissible for the same reason.",dialogue_candidate,review,Project Gutenberg #3289 - The Valley of Fear
VOF,VOF_T00060,VOF_T00060_S05,Unknown,We will eliminate Bradshaw.,"The dictionary is, I fear, inadmissible for the same reason.",What then is left?,dialogue_candidate,review,Project Gutenberg #3289 - The Valley of Fear
VOF,VOF_T00060,VOF_T00060_S06,Unknown,"The dictionary is, I fear, inadmissible for the same reason.",What then is left?,,dialogue_candidate,review,Project Gutenberg #3289 - The Valley of Fear
VOF,VOF_T00061,VOF_T00061_S01,Unknown,,An almanac!,,dialogue_candidate,review,Project Gutenberg #3289 - The Valley of Fear
VOF,VOF_T00062,VOF_T00062_S01,Unknown,,"Excellent, Watson!",I am very much mistaken if you have not touched the spot.,dialogue_candidate,review,Project Gutenberg #3289 - The Valley of Fear
VOF,VOF_T00062,VOF_T00062_S02,Unknown,"Excellent, Watson!",I am very much mistaken if you have not touched the spot.,An almanac!,dialogue_candidate,review,Project Gutenberg #3289 - The Valley of Fear
VOF,VOF_T00062,VOF_T00062_S03,Unknown,I am very much mistaken if you have not touched the spot.,An almanac!,Let us consider the claims of Whitaker’s Almanac.,dialogue_candidate,review,Project Gutenberg #3289 - The Valley of Fear
VOF,VOF_T00062,VOF_T00062_S04,Unknown,An almanac!,Let us consider the claims of Whitaker’s Almanac.,It is in common use.,dialogue_candidate,review,Project Gutenberg #3289 - The Valley of Fear
VOF,VOF_T00062,VOF_T00062_S05,Unknown,Let us consider the claims of Whitaker’s Almanac.,It is in common use.,It has the requisite number of pages.,dialogue_candidate,review,Project Gutenberg #3289 - The Valley of Fear
VOF,VOF_T00062,VOF_T00062_S06,Unknown,It is in common use.,It has the requisite number of pages.,It is in double column.,dialogue_candidate,review,Project Gutenberg #3289 - The Valley of Fear
VOF,VOF_T00062,VOF_T00062_S07,Unknown,It has the requisite number of pages.,It is in double column.,"Though reserved in its earlier vocabulary, it becomes, if I remember right, quite garrulous towards the end.",dialogue_candidate,review,Project Gutenberg #3289 - The Valley of Fear
VOF,VOF_T00062,VOF_T00062_S08,Unknown,It is in double column.,"Though reserved in its earlier vocabulary, it becomes, if I remember right, quite garrulous towards the end.",,dialogue_candidate,review,Project Gutenberg #3289 - The Valley of Fear
VOF,VOF_T00063,VOF_T00063_S01,Unknown,,"Here is page 534, column two, a substantial block of print dealing, I perceive, with the trade and resources of British India.","Jot down the words, Watson!",dialogue_candidate,review,Project Gutenberg #3289 - The Valley of Fear
VOF,VOF_T00063,VOF_T00063_S02,Unknown,"Here is page 534, column two, a substantial block of print dealing, I perceive, with the trade and resources of British India.","Jot down the words, Watson!","Number thirteen is ‘Mahratta.’ Not, I fear, a very auspicious beginning.",dialogue_candidate,review,Project Gutenberg #3289 - The Valley of Fear
VOF,VOF_T00063,VOF_T00063_S03,Unknown,"Jot down the words, Watson!","Number thirteen is ‘Mahratta.’ Not, I fear, a very auspicious beginning.","Number one hundred and twenty-seven is ‘Government’; which at least makes sense, though somewhat irrelevant to ourselves and Professor Moriarty.",dialogue_candidate,review,Project Gutenberg #3289 - The Valley of Fear
VOF,VOF_T00063,VOF_T00063_S04,Unknown,"Number thirteen is ‘Mahratta.’ Not, I fear, a very auspicious beginning.","Number one hundred and twenty-seven is ‘Government’; which at least makes sense, though somewhat irrelevant to ourselves and Professor Moriarty.",Now let us try again.,dialogue_candidate,review,Project Gutenberg #3289 - The Valley of Fear
VOF,VOF_T00063,VOF_T00063_S05,Unknown,"Number one hundred and twenty-seven is ‘Government’; which at least makes sense, though somewhat irrelevant to ourselves and Professor Moriarty.",Now let us try again.,What does the Mahratta government do?,dialogue_candidate,review,Project Gutenberg #3289 - The Valley of Fear
VOF,VOF_T00063,VOF_T00063_S06,Unknown,Now let us try again.,What does the Mahratta government do?,"Alas! the next word is ‘pig’s-bristles.’ We are undone, my good Watson!",dialogue_candidate,review,Project Gutenberg #3289 - The Valley of Fear
VOF,VOF_T00063,VOF_T00063_S07,Unknown,What does the Mahratta government do?,"Alas! the next word is ‘pig’s-bristles.’ We are undone, my good Watson!",It is finished!,dialogue_candidate,review,Project Gutenberg #3289 - The Valley of Fear
VOF,VOF_T00063,VOF_T00063_S08,Unknown,"Alas! the next word is ‘pig’s-bristles.’ We are undone, my good Watson!",It is finished!,,dialogue_candidate,review,Project Gutenberg #3289 - The Valley of Fear
VOF,VOF_T00064,VOF_T00064_S01,Unknown,,"We pay the price, Watson, for being too up-to-date!",,dialogue_candidate,review,Project Gutenberg #3289 - The Valley of Fear
VOF,VOF_T00065,VOF_T00065_S01,Unknown,,"We are before our time, and suffer the usual penalties.","Being the seventh of January, we have very properly laid in the new almanac.",dialogue_candidate,review,Project Gutenberg #3289 - The Valley of Fear
VOF,VOF_T00065,VOF_T00065_S02,Unknown,"We are before our time, and suffer the usual penalties.","Being the seventh of January, we have very properly laid in the new almanac.",It is more than likely that Porlock took his message from the old one.,dialogue_candidate,review,Project Gutenberg #3289 - The Valley of Fear
VOF,VOF_T00065,VOF_T00065_S03,Unknown,"Being the seventh of January, we have very properly laid in the new almanac.",It is more than likely that Porlock took his message from the old one.,No doubt he would have told us so had his letter of explanation been written.,dialogue_candidate,review,Project Gutenberg #3289 - The Valley of Fear
VOF,VOF_T00065,VOF_T00065_S04,Unknown,It is more than likely that Porlock took his message from the old one.,No doubt he would have told us so had his letter of explanation been written.,Now let us see what page 534 has in store for us.,dialogue_candidate,review,Project Gutenberg #3289 - The Valley of Fear
VOF,VOF_T00065,VOF_T00065_S05,Unknown,No doubt he would have told us so had his letter of explanation been written.,Now let us see what page 534 has in store for us.,"Number thirteen is ‘There,’ which is much more promising.",dialogue_candidate,review,Project Gutenberg #3289 - The Valley of Fear
VOF,VOF_T00065,VOF_T00065_S06,Unknown,Now let us see what page 534 has in store for us.,"Number thirteen is ‘There,’ which is much more promising.","Number one hundred and twenty-seven is ‘is’—‘There is’ “—Holmes’s eyes were gleaming with excitement, and his thin, nervous fingers twitched as he counted the words—“‘danger.’ Ha!",dialogue_candidate,review,Project Gutenberg #3289 - The Valley of Fear
VOF,VOF_T00065,VOF_T00065_S07,Unknown,"Number thirteen is ‘There,’ which is much more promising.","Number one hundred and twenty-seven is ‘is’—‘There is’ “—Holmes’s eyes were gleaming with excitement, and his thin, nervous fingers twitched as he counted the words—“‘danger.’ Ha!",Ha!,dialogue_candidate,review,Project Gutenberg #3289 - The Valley of Fear
VOF,VOF_T00065,VOF_T00065_S08,Unknown,"Number one hundred and twenty-seven is ‘is’—‘There is’ “—Holmes’s eyes were gleaming with excitement, and his thin, nervous fingers twitched as he counted the words—“‘danger.’ Ha!",Ha!,Capital!,dialogue_candidate,review,Project Gutenberg #3289 - The Valley of Fear
VOF,VOF_T00065,VOF_T00065_S09,Unknown,Ha!,Capital!,"Put that down, Watson.",dialogue_candidate,review,Project Gutenberg #3289 - The Valley of Fear
VOF,VOF_T00065,VOF_T00065_S10,Unknown,Capital!,"Put that down, Watson.","‘There is danger—may—come—very soon—one.’ Then we have the name ‘Douglas’—‘rich—country—now—at Birlstone—House—Birlstone—confidence—is—pressing.’ There, Watson!",dialogue_candidate,review,Project Gutenberg #3289 - The Valley of Fear
VOF,VOF_T00065,VOF_T00065_S11,Unknown,"Put that down, Watson.","‘There is danger—may—come—very soon—one.’ Then we have the name ‘Douglas’—‘rich—country—now—at Birlstone—House—Birlstone—confidence—is—pressing.’ There, Watson!",What do you think of pure reason and its fruit?,dialogue_candidate,review,Project Gutenberg #3289 - The Valley of Fear
VOF,VOF_T00065,VOF_T00065_S12,Unknown,"‘There is danger—may—come—very soon—one.’ Then we have the name ‘Douglas’—‘rich—country—now—at Birlstone—House—Birlstone—confidence—is—pressing.’ There, Watson!",What do you think of pure reason and its fruit?,"If the green-grocer had such a thing as a laurel wreath, I should send Billy round for it.",dialogue_candidate,review,Project Gutenberg #3289 - The Valley of Fear
VOF,VOF_T00065,VOF_T00065_S13,Unknown,What do you think of pure reason and its fruit?,"If the green-grocer had such a thing as a laurel wreath, I should send Billy round for it.",,dialogue_candidate,review,Project Gutenberg #3289 - The Valley of Fear
VOF,VOF_T00066,VOF_T00066_S01,I,,"What a queer, scrambling way of expressing his meaning!","On the contrary, he has done quite remarkably well,",speaker_attributed_dialogue,high,Project Gutenberg #3289 - The Valley of Fear
VOF,VOF_T00066,VOF_T00066_S02,I,"What a queer, scrambling way of expressing his meaning!","On the contrary, he has done quite remarkably well,",,speaker_attributed_dialogue,high,Project Gutenberg #3289 - The Valley of Fear
VOF,VOF_T00067,VOF_T00067_S01,Unknown,,"When you search a single column for words with which to express your meaning, you can hardly expect to get everything you want.",You are bound to leave something to the intelligence of your correspondent.,dialogue_candidate,review,Project Gutenberg #3289 - The Valley of Fear
VOF,VOF_T00067,VOF_T00067_S02,Unknown,"When you search a single column for words with which to express your meaning, you can hardly expect to get everything you want.",You are bound to leave something to the intelligence of your correspondent.,The purport is perfectly clear.,dialogue_candidate,review,Project Gutenberg #3289 - The Valley of Fear
VOF,VOF_T00067,VOF_T00067_S03,Unknown,You are bound to leave something to the intelligence of your correspondent.,The purport is perfectly clear.,"Some deviltry is intended against one Douglas, whoever he may be, residing as stated, a rich country gentleman.",dialogue_candidate,review,Project Gutenberg #3289 - The Valley of Fear
VOF,VOF_T00067,VOF_T00067_S04,Unknown,The purport is perfectly clear.,"Some deviltry is intended against one Douglas, whoever he may be, residing as stated, a rich country gentleman.",He is sure—‘confidence’ was as near as he could get to ‘confident’—that it is pressing.,dialogue_candidate,review,Project Gutenberg #3289 - The Valley of Fear
VOF,VOF_T00067,VOF_T00067_S05,Unknown,"Some deviltry is intended against one Douglas, whoever he may be, residing as stated, a rich country gentleman.",He is sure—‘confidence’ was as near as he could get to ‘confident’—that it is pressing.,There is our result—and a very workmanlike little bit of analysis it was!,dialogue_candidate,review,Project Gutenberg #3289 - The Valley of Fear
VOF,VOF_T00067,VOF_T00067_S06,Unknown,He is sure—‘confidence’ was as near as he could get to ‘confident’—that it is pressing.,There is our result—and a very workmanlike little bit of analysis it was!,,dialogue_candidate,review,Project Gutenberg #3289 - The Valley of Fear
VOF,VOF_T00068,VOF_T00068_S01,he,,"You are an early bird, mr. Mac, I wish you luck with your worm.",I fear this means that there is some mischief afoot.,speaker_attributed_dialogue,high,Project Gutenberg #3289 - The Valley of Fear
VOF,VOF_T00068,VOF_T00068_S02,he,"You are an early bird, mr. Mac, I wish you luck with your worm.",I fear this means that there is some mischief afoot.,,speaker_attributed_dialogue,high,Project Gutenberg #3289 - The Valley of Fear
VOF,VOF_T00069,VOF_T00069_S01,Unknown,,"If you said ‘hope’ instead of ‘fear,’ it would be nearer the truth, I’m thinking, mr. Holmes,",,dialogue_candidate,review,Project Gutenberg #3289 - The Valley of Fear
VOF,VOF_T00070,VOF_T00070_S01,Unknown,,"Well, maybe a wee nip would keep out the raw morning chill.","No, I won’t smoke, I thank you.",dialogue_candidate,review,Project Gutenberg #3289 - The Valley of Fear
VOF,VOF_T00070,VOF_T00070_S02,Unknown,"Well, maybe a wee nip would keep out the raw morning chill.","No, I won’t smoke, I thank you.","I’ll have to be pushing on my way; for the early hours of a case are the precious ones, as no man knows better than your own self.",dialogue_candidate,review,Project Gutenberg #3289 - The Valley of Fear
VOF,VOF_T00070,VOF_T00070_S03,Unknown,"No, I won’t smoke, I thank you.","I’ll have to be pushing on my way; for the early hours of a case are the precious ones, as no man knows better than your own self.",But—but—,dialogue_candidate,review,Project Gutenberg #3289 - The Valley of Fear
VOF,VOF_T00070,VOF_T00070_S04,Unknown,"I’ll have to be pushing on my way; for the early hours of a case are the precious ones, as no man knows better than your own self.",But—but—,,dialogue_candidate,review,Project Gutenberg #3289 - The Valley of Fear
VOF,VOF_T00071,VOF_T00071_S01,Unknown,,Douglas!,,dialogue_candidate,review,Project Gutenberg #3289 - The Valley of Fear
VOF,VOF_T00072,VOF_T00072_S01,Unknown,,Birlstone!,"What’s this, mr. Holmes?",dialogue_candidate,review,Project Gutenberg #3289 - The Valley of Fear
VOF,VOF_T00072,VOF_T00072_S02,Unknown,Birlstone!,"What’s this, mr. Holmes?","Man, it’s witchcraft!",dialogue_candidate,review,Project Gutenberg #3289 - The Valley of Fear
VOF,VOF_T00072,VOF_T00072_S03,Unknown,"What’s this, mr. Holmes?","Man, it’s witchcraft!",Where in the name of all that is wonderful did you get those names?,dialogue_candidate,review,Project Gutenberg #3289 - The Valley of Fear
VOF,VOF_T00072,VOF_T00072_S04,Unknown,"Man, it’s witchcraft!",Where in the name of all that is wonderful did you get those names?,,dialogue_candidate,review,Project Gutenberg #3289 - The Valley of Fear
VOF,VOF_T00073,VOF_T00073_S01,Unknown,,"What’s this, mr. Holmes?","Man, it’s witchcraft!",dialogue_candidate,review,Project Gutenberg #3289 - The Valley of Fear
VOF,VOF_T00073,VOF_T00073_S02,Unknown,"What’s this, mr. Holmes?","Man, it’s witchcraft!",Where in the name of all that is wonderful did you get those names?,dialogue_candidate,review,Project Gutenberg #3289 - The Valley of Fear
VOF,VOF_T00073,VOF_T00073_S03,Unknown,"Man, it’s witchcraft!",Where in the name of all that is wonderful did you get those names?,,dialogue_candidate,review,Project Gutenberg #3289 - The Valley of Fear
VOF,VOF_T00074,VOF_T00074_S01,Unknown,,It is a cipher that dr. Watson and I have had occasion to solve.,But why—what’s amiss with the names?,dialogue_candidate,review,Project Gutenberg #3289 - The Valley of Fear
VOF,VOF_T00074,VOF_T00074_S02,Unknown,It is a cipher that dr. Watson and I have had occasion to solve.,But why—what’s amiss with the names?,,dialogue_candidate,review,Project Gutenberg #3289 - The Valley of Fear
VOF,VOF_T00075,VOF_T00075_S01,he,,"Just this, that mr. Douglas of Birlstone Manor House was horribly murdered last night!",,speaker_attributed_dialogue,high,Project Gutenberg #3289 - The Valley of Fear
VOF,VOF_T00076,VOF_T00076_S01,he,,Remarkable!,Remarkable!,speaker_attributed_dialogue,high,Project Gutenberg #3289 - The Valley of Fear
VOF,VOF_T00076,VOF_T00076_S02,he,Remarkable!,Remarkable!,,speaker_attributed_dialogue,high,Project Gutenberg #3289 - The Valley of Fear
VOF,VOF_T00077,VOF_T00077_S01,Unknown,,You don’t seem surprised.,,dialogue_candidate,review,Project Gutenberg #3289 - The Valley of Fear
VOF,VOF_T00078,VOF_T00078_S01,Unknown,,"Interested, mr. Mac, but hardly surprised.",Why should I be surprised?,dialogue_candidate,review,Project Gutenberg #3289 - The Valley of Fear
VOF,VOF_T00078,VOF_T00078_S02,Unknown,"Interested, mr. Mac, but hardly surprised.",Why should I be surprised?,"I receive an anonymous communication from a quarter which I know to be important, warning me that danger threatens a certain person.",dialogue_candidate,review,Project Gutenberg #3289 - The Valley of Fear
VOF,VOF_T00078,VOF_T00078_S03,Unknown,Why should I be surprised?,"I receive an anonymous communication from a quarter which I know to be important, warning me that danger threatens a certain person.",Within an hour I learn that this danger has actually materialized and that the person is dead.,dialogue_candidate,review,Project Gutenberg #3289 - The Valley of Fear
VOF,VOF_T00078,VOF_T00078_S04,Unknown,"I receive an anonymous communication from a quarter which I know to be important, warning me that danger threatens a certain person.",Within an hour I learn that this danger has actually materialized and that the person is dead.,"I am interested; but, as you observe, I am not surprised.",dialogue_candidate,review,Project Gutenberg #3289 - The Valley of Fear
VOF,VOF_T00078,VOF_T00078_S05,Unknown,Within an hour I learn that this danger has actually materialized and that the person is dead.,"I am interested; but, as you observe, I am not surprised.",,dialogue_candidate,review,Project Gutenberg #3289 - The Valley of Fear
VOF,VOF_T00079,VOF_T00079_S01,he,,"I was going down to Birlstone this morning, I had come to ask you if you cared to come with me—you and your friend here.",But from what you say we might perhaps be doing better work in London.,speaker_attributed_dialogue,high,Project Gutenberg #3289 - The Valley of Fear
VOF,VOF_T00079,VOF_T00079_S02,he,"I was going down to Birlstone this morning, I had come to ask you if you cared to come with me—you and your friend here.",But from what you say we might perhaps be doing better work in London.,,speaker_attributed_dialogue,high,Project Gutenberg #3289 - The Valley of Fear
VOF,VOF_T00080,VOF_T00080_S01,Holmes,,"I rather think not, Hang it all, mr. Holmes!",,speaker_attributed_dialogue,high,Project Gutenberg #3289 - The Valley of Fear
VOF,VOF_T00081,VOF_T00081_S01,Unknown,,The papers will be full of the Birlstone mystery in a day or two; but where’s the mystery if there is a man in London who prophesied the crime before ever it occurred?,"We have only to lay our hands on that man, and the rest will follow.",dialogue_candidate,review,Project Gutenberg #3289 - The Valley of Fear
VOF,VOF_T00081,VOF_T00081_S02,Unknown,The papers will be full of the Birlstone mystery in a day or two; but where’s the mystery if there is a man in London who prophesied the crime before ever it occurred?,"We have only to lay our hands on that man, and the rest will follow.",,dialogue_candidate,review,Project Gutenberg #3289 - The Valley of Fear
VOF,VOF_T00082,VOF_T00082_S01,Unknown,,"No doubt, mr. Mac.",But how do you propose to lay your hands on the so-called Porlock?,dialogue_candidate,review,Project Gutenberg #3289 - The Valley of Fear
VOF,VOF_T00082,VOF_T00082_S02,Unknown,"No doubt, mr. Mac.",But how do you propose to lay your hands on the so-called Porlock?,,dialogue_candidate,review,Project Gutenberg #3289 - The Valley of Fear
VOF,VOF_T00083,VOF_T00083_S01,Unknown,,Posted in Camberwell—that doesn’t help us much.,"Name, you say, is assumed.",dialogue_candidate,review,Project Gutenberg #3289 - The Valley of Fear
VOF,VOF_T00083,VOF_T00083_S02,Unknown,Posted in Camberwell—that doesn’t help us much.,"Name, you say, is assumed.","Not much to go on, certainly.",dialogue_candidate,review,Project Gutenberg #3289 - The Valley of Fear
VOF,VOF_T00083,VOF_T00083_S03,Unknown,"Name, you say, is assumed.","Not much to go on, certainly.",Didn’t you say that you have sent him money?,dialogue_candidate,review,Project Gutenberg #3289 - The Valley of Fear
VOF,VOF_T00083,VOF_T00083_S04,Unknown,"Not much to go on, certainly.",Didn’t you say that you have sent him money?,,dialogue_candidate,review,Project Gutenberg #3289 - The Valley of Fear
VOF,VOF_T00084,VOF_T00084_S01,Unknown,,Twice.,,dialogue_candidate,review,Project Gutenberg #3289 - The Valley of Fear
VOF,VOF_T00085,VOF_T00085_S01,Unknown,,And how?,,dialogue_candidate,review,Project Gutenberg #3289 - The Valley of Fear
VOF,VOF_T00086,VOF_T00086_S01,Unknown,,In notes to Camberwell post office.,,dialogue_candidate,review,Project Gutenberg #3289 - The Valley of Fear
VOF,VOF_T00087,VOF_T00087_S01,Unknown,,Did you ever trouble to see who called for them?,,dialogue_candidate,review,Project Gutenberg #3289 - The Valley of Fear
VOF,VOF_T00088,VOF_T00088_S01,Unknown,,no.,,dialogue_candidate,review,Project Gutenberg #3289 - The Valley of Fear
VOF,VOF_T00089,VOF_T00089_S01,Unknown,,Why not?,,dialogue_candidate,review,Project Gutenberg #3289 - The Valley of Fear
VOF,VOF_T00090,VOF_T00090_S01,Unknown,,Because I always keep faith.,I had promised when he first wrote that I would not try to trace him.,dialogue_candidate,review,Project Gutenberg #3289 - The Valley of Fear
VOF,VOF_T00090,VOF_T00090_S02,Unknown,Because I always keep faith.,I had promised when he first wrote that I would not try to trace him.,,dialogue_candidate,review,Project Gutenberg #3289 - The Valley of Fear
VOF,VOF_T00091,VOF_T00091_S01,Unknown,,You think there is someone behind him?,,dialogue_candidate,review,Project Gutenberg #3289 - The Valley of Fear
VOF,VOF_T00092,VOF_T00092_S01,Unknown,,I know there is.,,dialogue_candidate,review,Project Gutenberg #3289 - The Valley of Fear
VOF,VOF_T00093,VOF_T00093_S01,Unknown,,This professor that I’ve heard you mention?,,dialogue_candidate,review,Project Gutenberg #3289 - The Valley of Fear
VOF,VOF_T00094,VOF_T00094_S01,Unknown,,Exactly!,,dialogue_candidate,review,Project Gutenberg #3289 - The Valley of Fear
VOF,VOF_T00095,VOF_T00095_S01,Unknown,,"I won’t conceal from you, mr. Holmes, that we think in the C.I.D. that you have a wee bit of a bee in your bonnet over this professor.",I made some inquiries myself about the matter.,dialogue_candidate,review,Project Gutenberg #3289 - The Valley of Fear
VOF,VOF_T00095,VOF_T00095_S02,Unknown,"I won’t conceal from you, mr. Holmes, that we think in the C.I.D. that you have a wee bit of a bee in your bonnet over this professor.",I made some inquiries myself about the matter.,"He seems to be a very respectable, learned, and talented sort of man.",dialogue_candidate,review,Project Gutenberg #3289 - The Valley of Fear
VOF,VOF_T00095,VOF_T00095_S03,Unknown,I made some inquiries myself about the matter.,"He seems to be a very respectable, learned, and talented sort of man.",,dialogue_candidate,review,Project Gutenberg #3289 - The Valley of Fear
VOF,VOF_T00096,VOF_T00096_S01,Unknown,,I’m glad you’ve got so far as to recognize the talent.,,dialogue_candidate,review,Project Gutenberg #3289 - The Valley of Fear
VOF,VOF_T00097,VOF_T00097_S01,Unknown,,"Man, you can’t but recognize it!",After I heard your view I made it my business to see him.,dialogue_candidate,review,Project Gutenberg #3289 - The Valley of Fear
VOF,VOF_T00097,VOF_T00097_S02,Unknown,"Man, you can’t but recognize it!",After I heard your view I made it my business to see him.,I had a chat with him on eclipses.,dialogue_candidate,review,Project Gutenberg #3289 - The Valley of Fear
VOF,VOF_T00097,VOF_T00097_S03,Unknown,After I heard your view I made it my business to see him.,I had a chat with him on eclipses.,"How the talk got that way I canna think; but he had out a reflector lantern and a globe, and made it all clear in a minute.",dialogue_candidate,review,Project Gutenberg #3289 - The Valley of Fear
VOF,VOF_T00097,VOF_T00097_S04,Unknown,I had a chat with him on eclipses.,"How the talk got that way I canna think; but he had out a reflector lantern and a globe, and made it all clear in a minute.","He lent me a book; but I don’t mind saying that it was a bit above my head, though I had a good Aberdeen upbringing.",dialogue_candidate,review,Project Gutenberg #3289 - The Valley of Fear
VOF,VOF_T00097,VOF_T00097_S05,Unknown,"How the talk got that way I canna think; but he had out a reflector lantern and a globe, and made it all clear in a minute.","He lent me a book; but I don’t mind saying that it was a bit above my head, though I had a good Aberdeen upbringing.",He’d have made a grand meenister with his thin face and gray hair and solemn-like way of talking.,dialogue_candidate,review,Project Gutenberg #3289 - The Valley of Fear
VOF,VOF_T00097,VOF_T00097_S06,Unknown,"He lent me a book; but I don’t mind saying that it was a bit above my head, though I had a good Aberdeen upbringing.",He’d have made a grand meenister with his thin face and gray hair and solemn-like way of talking.,"When he put his hand on my shoulder as we were parting, it was like a father’s blessing before you go out into the cold, cruel world.",dialogue_candidate,review,Project Gutenberg #3289 - The Valley of Fear
VOF,VOF_T00097,VOF_T00097_S07,Unknown,He’d have made a grand meenister with his thin face and gray hair and solemn-like way of talking.,"When he put his hand on my shoulder as we were parting, it was like a father’s blessing before you go out into the cold, cruel world.",,dialogue_candidate,review,Project Gutenberg #3289 - The Valley of Fear
VOF,VOF_T00098,VOF_T00098_S01,Unknown,,Great!,,dialogue_candidate,review,Project Gutenberg #3289 - The Valley of Fear
VOF,VOF_T00099,VOF_T00099_S01,Unknown,,Great!,"Tell me, Friend MacDonald, this pleasing and touching interview was, I suppose, in the professor’s study?",dialogue_candidate,review,Project Gutenberg #3289 - The Valley of Fear
VOF,VOF_T00099,VOF_T00099_S02,Unknown,Great!,"Tell me, Friend MacDonald, this pleasing and touching interview was, I suppose, in the professor’s study?",,dialogue_candidate,review,Project Gutenberg #3289 - The Valley of Fear
VOF,VOF_T00100,VOF_T00100_S01,Unknown,,That’s so.,,dialogue_candidate,review,Project Gutenberg #3289 - The Valley of Fear
VOF,VOF_T00101,VOF_T00101_S01,Unknown,,"A fine room, is it not?",,dialogue_candidate,review,Project Gutenberg #3289 - The Valley of Fear
VOF,VOF_T00102,VOF_T00102_S01,Unknown,,"Very fine—very handsome indeed, mr. Holmes.",,dialogue_candidate,review,Project Gutenberg #3289 - The Valley of Fear
VOF,VOF_T00103,VOF_T00103_S01,Unknown,,You sat in front of his writing desk?,,dialogue_candidate,review,Project Gutenberg #3289 - The Valley of Fear
VOF,VOF_T00104,VOF_T00104_S01,Unknown,,Just so.,,dialogue_candidate,review,Project Gutenberg #3289 - The Valley of Fear
VOF,VOF_T00105,VOF_T00105_S01,Unknown,,Sun in your eyes and his face in the shadow?,,dialogue_candidate,review,Project Gutenberg #3289 - The Valley of Fear
VOF,VOF_T00106,VOF_T00106_S01,Unknown,,"Well, it was evening; but I mind that the lamp was turned on my face.",,dialogue_candidate,review,Project Gutenberg #3289 - The Valley of Fear
VOF,VOF_T00107,VOF_T00107_S01,Unknown,,It would be.,Did you happen to observe a picture over the professor’s head?,dialogue_candidate,review,Project Gutenberg #3289 - The Valley of Fear
VOF,VOF_T00107,VOF_T00107_S02,Unknown,It would be.,Did you happen to observe a picture over the professor’s head?,,dialogue_candidate,review,Project Gutenberg #3289 - The Valley of Fear
VOF,VOF_T00108,VOF_T00108_S01,Unknown,,"I don’t miss much, mr. Holmes.",Maybe I learned that from you.,dialogue_candidate,review,Project Gutenberg #3289 - The Valley of Fear
VOF,VOF_T00108,VOF_T00108_S02,Unknown,"I don’t miss much, mr. Holmes.",Maybe I learned that from you.,"Yes, I saw the picture—a young woman with her head on her hands, peeping at you sideways.",dialogue_candidate,review,Project Gutenberg #3289 - The Valley of Fear
VOF,VOF_T00108,VOF_T00108_S03,Unknown,Maybe I learned that from you.,"Yes, I saw the picture—a young woman with her head on her hands, peeping at you sideways.",,dialogue_candidate,review,Project Gutenberg #3289 - The Valley of Fear
VOF,VOF_T00109,VOF_T00109_S01,Unknown,,That painting was by Jean Baptiste Greuze.,,dialogue_candidate,review,Project Gutenberg #3289 - The Valley of Fear
VOF,VOF_T00110,VOF_T00110_S01,Unknown,,"Jean Baptiste Greuze,",,dialogue_candidate,review,Project Gutenberg #3289 - The Valley of Fear
VOF,VOF_T00111,VOF_T00111_S01,Unknown,,was a French artist who flourished between the years 1750 and 1800.,"I allude, of course to his working career.",dialogue_candidate,review,Project Gutenberg #3289 - The Valley of Fear
VOF,VOF_T00111,VOF_T00111_S02,Unknown,was a French artist who flourished between the years 1750 and 1800.,"I allude, of course to his working career.",Modern criticism has more than indorsed the high opinion formed of him by his contemporaries.,dialogue_candidate,review,Project Gutenberg #3289 - The Valley of Fear
VOF,VOF_T00111,VOF_T00111_S03,Unknown,"I allude, of course to his working career.",Modern criticism has more than indorsed the high opinion formed of him by his contemporaries.,,dialogue_candidate,review,Project Gutenberg #3289 - The Valley of Fear
VOF,VOF_T00112,VOF_T00112_S01,Unknown,,Hadn’t we better—,,dialogue_candidate,review,Project Gutenberg #3289 - The Valley of Fear
VOF,VOF_T00113,VOF_T00113_S01,Unknown,,"We are doing so,",,dialogue_candidate,review,Project Gutenberg #3289 - The Valley of Fear
VOF,VOF_T00114,VOF_T00114_S01,Unknown,,All that I am saying has a very direct and vital bearing upon what you have called the Birlstone Mystery.,"In fact, it may in a sense be called the very centre of it.",dialogue_candidate,review,Project Gutenberg #3289 - The Valley of Fear
VOF,VOF_T00114,VOF_T00114_S02,Unknown,All that I am saying has a very direct and vital bearing upon what you have called the Birlstone Mystery.,"In fact, it may in a sense be called the very centre of it.",,dialogue_candidate,review,Project Gutenberg #3289 - The Valley of Fear
VOF,VOF_T00115,VOF_T00115_S01,Unknown,,"Your thoughts move a bit too quick for me, mr. Holmes.","You leave out a link or two, and I can’t get over the gap.",dialogue_candidate,review,Project Gutenberg #3289 - The Valley of Fear
VOF,VOF_T00115,VOF_T00115_S02,Unknown,"Your thoughts move a bit too quick for me, mr. Holmes.","You leave out a link or two, and I can’t get over the gap.",What in the whole wide world can be the connection between this dead painting man and the affair at Birlstone?,dialogue_candidate,review,Project Gutenberg #3289 - The Valley of Fear
VOF,VOF_T00115,VOF_T00115_S03,Unknown,"You leave out a link or two, and I can’t get over the gap.",What in the whole wide world can be the connection between this dead painting man and the affair at Birlstone?,,dialogue_candidate,review,Project Gutenberg #3289 - The Valley of Fear
VOF,VOF_T00116,VOF_T00116_S01,Holmes,,"All knowledge comes useful to the detective, Even the trivial fact that in the year 1865 a picture by Greuze entitled ‘La Jeune Fille à l’Agneau’ fetched one million two hundred thousand francs—more than forty thousand pounds—at the Portalis sale may start a train of reflection in your mind.",,speaker_attributed_dialogue,high,Project Gutenberg #3289 - The Valley of Fear
VOF,VOF_T00117,VOF_T00117_S01,Unknown,,"I may remind you,",,dialogue_candidate,review,Project Gutenberg #3289 - The Valley of Fear
VOF,VOF_T00118,VOF_T00118_S01,Holmes,,that the professor’s salary can be ascertained in several trustworthy books of reference.,It is seven hundred a year.,speaker_attributed_dialogue,high,Project Gutenberg #3289 - The Valley of Fear
VOF,VOF_T00118,VOF_T00118_S02,Holmes,that the professor’s salary can be ascertained in several trustworthy books of reference.,It is seven hundred a year.,,speaker_attributed_dialogue,high,Project Gutenberg #3289 - The Valley of Fear
VOF,VOF_T00119,VOF_T00119_S01,Unknown,,Then how could he buy—,,dialogue_candidate,review,Project Gutenberg #3289 - The Valley of Fear
VOF,VOF_T00120,VOF_T00120_S01,Unknown,,Quite so!,How could he?,dialogue_candidate,review,Project Gutenberg #3289 - The Valley of Fear
VOF,VOF_T00120,VOF_T00120_S02,Unknown,Quite so!,How could he?,,dialogue_candidate,review,Project Gutenberg #3289 - The Valley of Fear
VOF,VOF_T00121,VOF_T00121_S01,the inspector,,"Ay, that’s remarkable, Talk away, mr. Holmes.",I’m just loving it.,speaker_attributed_dialogue,high,Project Gutenberg #3289 - The Valley of Fear
VOF,VOF_T00121,VOF_T00121_S02,the inspector,"Ay, that’s remarkable, Talk away, mr. Holmes.",I’m just loving it.,It’s fine!,speaker_attributed_dialogue,high,Project Gutenberg #3289 - The Valley of Fear
VOF,VOF_T00121,VOF_T00121_S03,the inspector,I’m just loving it.,It’s fine!,,speaker_attributed_dialogue,high,Project Gutenberg #3289 - The Valley of Fear
VOF,VOF_T00122,VOF_T00122_S01,Unknown,,What about Birlstone?,,dialogue_candidate,review,Project Gutenberg #3289 - The Valley of Fear
VOF,VOF_T00123,VOF_T00123_S01,the inspector,,"We’ve time yet, I’ve a cab at the door, and it won’t take us twenty minutes to Victoria.","But about this picture: I thought you told me once, mr. Holmes, that you had never met Professor Moriarty.",speaker_attributed_dialogue,high,Project Gutenberg #3289 - The Valley of Fear
VOF,VOF_T00123,VOF_T00123_S02,the inspector,"We’ve time yet, I’ve a cab at the door, and it won’t take us twenty minutes to Victoria.","But about this picture: I thought you told me once, mr. Holmes, that you had never met Professor Moriarty.",,speaker_attributed_dialogue,high,Project Gutenberg #3289 - The Valley of Fear
VOF,VOF_T00124,VOF_T00124_S01,Unknown,,"No, I never have.",,dialogue_candidate,review,Project Gutenberg #3289 - The Valley of Fear
VOF,VOF_T00125,VOF_T00125_S01,Unknown,,Then how do you know about his rooms?,,dialogue_candidate,review,Project Gutenberg #3289 - The Valley of Fear
VOF,VOF_T00126,VOF_T00126_S01,Unknown,,"Ah, that’s another matter.","I have been three times in his rooms, twice waiting for him under different pretexts and leaving before he came.",dialogue_candidate,review,Project Gutenberg #3289 - The Valley of Fear
VOF,VOF_T00126,VOF_T00126_S02,Unknown,"Ah, that’s another matter.","I have been three times in his rooms, twice waiting for him under different pretexts and leaving before he came.","Once—well, I can hardly tell about the once to an official detective.",dialogue_candidate,review,Project Gutenberg #3289 - The Valley of Fear
VOF,VOF_T00126,VOF_T00126_S03,Unknown,"I have been three times in his rooms, twice waiting for him under different pretexts and leaving before he came.","Once—well, I can hardly tell about the once to an official detective.",It was on the last occasion that I took the liberty of running over his papers—with the most unexpected results.,dialogue_candidate,review,Project Gutenberg #3289 - The Valley of Fear
VOF,VOF_T00126,VOF_T00126_S04,Unknown,"Once—well, I can hardly tell about the once to an official detective.",It was on the last occasion that I took the liberty of running over his papers—with the most unexpected results.,,dialogue_candidate,review,Project Gutenberg #3289 - The Valley of Fear
VOF,VOF_T00127,VOF_T00127_S01,Unknown,,You found something compromising?,,dialogue_candidate,review,Project Gutenberg #3289 - The Valley of Fear
VOF,VOF_T00128,VOF_T00128_S01,Unknown,,Absolutely nothing.,That was what amazed me.,dialogue_candidate,review,Project Gutenberg #3289 - The Valley of Fear
VOF,VOF_T00128,VOF_T00128_S02,Unknown,Absolutely nothing.,That was what amazed me.,"However, you have now seen the point of the picture.",dialogue_candidate,review,Project Gutenberg #3289 - The Valley of Fear
VOF,VOF_T00128,VOF_T00128_S03,Unknown,That was what amazed me.,"However, you have now seen the point of the picture.",It shows him to be a very wealthy man.,dialogue_candidate,review,Project Gutenberg #3289 - The Valley of Fear
VOF,VOF_T00128,VOF_T00128_S04,Unknown,"However, you have now seen the point of the picture.",It shows him to be a very wealthy man.,How did he acquire wealth?,dialogue_candidate,review,Project Gutenberg #3289 - The Valley of Fear
VOF,VOF_T00128,VOF_T00128_S05,Unknown,It shows him to be a very wealthy man.,How did he acquire wealth?,He is unmarried.,dialogue_candidate,review,Project Gutenberg #3289 - The Valley of Fear
VOF,VOF_T00128,VOF_T00128_S06,Unknown,How did he acquire wealth?,He is unmarried.,His younger brother is a station master in the west of England.,dialogue_candidate,review,Project Gutenberg #3289 - The Valley of Fear
VOF,VOF_T00128,VOF_T00128_S07,Unknown,He is unmarried.,His younger brother is a station master in the west of England.,His chair is worth seven hundred a year.,dialogue_candidate,review,Project Gutenberg #3289 - The Valley of Fear
VOF,VOF_T00128,VOF_T00128_S08,Unknown,His younger brother is a station master in the west of England.,His chair is worth seven hundred a year.,And he owns a Greuze.,dialogue_candidate,review,Project Gutenberg #3289 - The Valley of Fear
VOF,VOF_T00128,VOF_T00128_S09,Unknown,His chair is worth seven hundred a year.,And he owns a Greuze.,,dialogue_candidate,review,Project Gutenberg #3289 - The Valley of Fear
VOF,VOF_T00129,VOF_T00129_S01,Unknown,,Well?,,dialogue_candidate,review,Project Gutenberg #3289 - The Valley of Fear
VOF,VOF_T00130,VOF_T00130_S01,Unknown,,Surely the inference is plain.,,dialogue_candidate,review,Project Gutenberg #3289 - The Valley of Fear
VOF,VOF_T00131,VOF_T00131_S01,Unknown,,You mean that he has a great income and that he must earn it in an illegal fashion?,,dialogue_candidate,review,Project Gutenberg #3289 - The Valley of Fear
VOF,VOF_T00132,VOF_T00132_S01,Unknown,,Exactly.,"Of course I have other reasons for thinking so—dozens of exiguous threads which lead vaguely up towards the centre of the web where the poisonous, motionless creature is lurking.",dialogue_candidate,review,Project Gutenberg #3289 - The Valley of Fear
VOF,VOF_T00132,VOF_T00132_S02,Unknown,Exactly.,"Of course I have other reasons for thinking so—dozens of exiguous threads which lead vaguely up towards the centre of the web where the poisonous, motionless creature is lurking.",I only mention the Greuze because it brings the matter within the range of your own observation.,dialogue_candidate,review,Project Gutenberg #3289 - The Valley of Fear
VOF,VOF_T00132,VOF_T00132_S03,Unknown,"Of course I have other reasons for thinking so—dozens of exiguous threads which lead vaguely up towards the centre of the web where the poisonous, motionless creature is lurking.",I only mention the Greuze because it brings the matter within the range of your own observation.,,dialogue_candidate,review,Project Gutenberg #3289 - The Valley of Fear
VOF,VOF_T00133,VOF_T00133_S01,Unknown,,"Well, mr. Holmes, I admit that what you say is interesting: it’s more than interesting—it’s just wonderful.",But let us have it a little clearer if you can.,dialogue_candidate,review,Project Gutenberg #3289 - The Valley of Fear
VOF,VOF_T00133,VOF_T00133_S02,Unknown,"Well, mr. Holmes, I admit that what you say is interesting: it’s more than interesting—it’s just wonderful.",But let us have it a little clearer if you can.,"Is it forgery, coining, burglary—where does the money come from?",dialogue_candidate,review,Project Gutenberg #3289 - The Valley of Fear
VOF,VOF_T00133,VOF_T00133_S03,Unknown,But let us have it a little clearer if you can.,"Is it forgery, coining, burglary—where does the money come from?",,dialogue_candidate,review,Project Gutenberg #3289 - The Valley of Fear
VOF,VOF_T00134,VOF_T00134_S01,Unknown,,Have you ever read of Jonathan Wild?,,dialogue_candidate,review,Project Gutenberg #3289 - The Valley of Fear
VOF,VOF_T00135,VOF_T00135_S01,Unknown,,"Well, the name has a familiar sound.","Someone in a novel, was he not?",dialogue_candidate,review,Project Gutenberg #3289 - The Valley of Fear
VOF,VOF_T00135,VOF_T00135_S02,Unknown,"Well, the name has a familiar sound.","Someone in a novel, was he not?",I don’t take much stock of detectives in novels—chaps that do things and never let you see how they do them.,dialogue_candidate,review,Project Gutenberg #3289 - The Valley of Fear
VOF,VOF_T00135,VOF_T00135_S03,Unknown,"Someone in a novel, was he not?",I don’t take much stock of detectives in novels—chaps that do things and never let you see how they do them.,That’s just inspiration: not business.,dialogue_candidate,review,Project Gutenberg #3289 - The Valley of Fear
VOF,VOF_T00135,VOF_T00135_S04,Unknown,I don’t take much stock of detectives in novels—chaps that do things and never let you see how they do them.,That’s just inspiration: not business.,,dialogue_candidate,review,Project Gutenberg #3289 - The Valley of Fear
VOF,VOF_T00136,VOF_T00136_S01,Unknown,,"Jonathan Wild wasn’t a detective, and he wasn’t in a novel.","He was a master criminal, and he lived last century—1750 or thereabouts.",dialogue_candidate,review,Project Gutenberg #3289 - The Valley of Fear
VOF,VOF_T00136,VOF_T00136_S02,Unknown,"Jonathan Wild wasn’t a detective, and he wasn’t in a novel.","He was a master criminal, and he lived last century—1750 or thereabouts.",,dialogue_candidate,review,Project Gutenberg #3289 - The Valley of Fear
VOF,VOF_T00137,VOF_T00137_S01,Unknown,,Then he’s no use to me.,I’m a practical man.,dialogue_candidate,review,Project Gutenberg #3289 - The Valley of Fear
VOF,VOF_T00137,VOF_T00137_S02,Unknown,Then he’s no use to me.,I’m a practical man.,,dialogue_candidate,review,Project Gutenberg #3289 - The Valley of Fear
VOF,VOF_T00138,VOF_T00138_S01,Unknown,,"mr. Mac, the most practical thing that you ever did in your life would be to shut yourself up for three months and read twelve hours a day at the annals of crime.",Everything comes in circles—even Professor Moriarty.,dialogue_candidate,review,Project Gutenberg #3289 - The Valley of Fear
VOF,VOF_T00138,VOF_T00138_S02,Unknown,"mr. Mac, the most practical thing that you ever did in your life would be to shut yourself up for three months and read twelve hours a day at the annals of crime.",Everything comes in circles—even Professor Moriarty.,"Jonathan Wild was the hidden force of the London criminals, to whom he sold his brains and his organization on a fifteen per cent. commission.",dialogue_candidate,review,Project Gutenberg #3289 - The Valley of Fear
VOF,VOF_T00138,VOF_T00138_S03,Unknown,Everything comes in circles—even Professor Moriarty.,"Jonathan Wild was the hidden force of the London criminals, to whom he sold his brains and his organization on a fifteen per cent. commission.","The old wheel turns, and the same spoke comes up.",dialogue_candidate,review,Project Gutenberg #3289 - The Valley of Fear
VOF,VOF_T00138,VOF_T00138_S04,Unknown,"Jonathan Wild was the hidden force of the London criminals, to whom he sold his brains and his organization on a fifteen per cent. commission.","The old wheel turns, and the same spoke comes up.","It’s all been done before, and will be again.",dialogue_candidate,review,Project Gutenberg #3289 - The Valley of Fear
VOF,VOF_T00138,VOF_T00138_S05,Unknown,"The old wheel turns, and the same spoke comes up.","It’s all been done before, and will be again.",I’ll tell you one or two things about Moriarty which may interest you.,dialogue_candidate,review,Project Gutenberg #3289 - The Valley of Fear
VOF,VOF_T00138,VOF_T00138_S06,Unknown,"It’s all been done before, and will be again.",I’ll tell you one or two things about Moriarty which may interest you.,,dialogue_candidate,review,Project Gutenberg #3289 - The Valley of Fear
VOF,VOF_T00139,VOF_T00139_S01,Unknown,,"You’ll interest me, right enough.",,dialogue_candidate,review,Project Gutenberg #3289 - The Valley of Fear
VOF,VOF_T00140,VOF_T00140_S01,Unknown,,"I happen to know who is the first link in his chain—a chain with this Napoleon-gone-wrong at one end, and a hundred broken fighting men, pickpockets, blackmailers, and card sharpers at the other, with every sort of crime in between.","His chief of staff is Colonel Sebastian Moran, as aloof and guarded and inaccessible to the law as himself.",dialogue_candidate,review,Project Gutenberg #3289 - The Valley of Fear
VOF,VOF_T00140,VOF_T00140_S02,Unknown,"I happen to know who is the first link in his chain—a chain with this Napoleon-gone-wrong at one end, and a hundred broken fighting men, pickpockets, blackmailers, and card sharpers at the other, with every sort of crime in between.","His chief of staff is Colonel Sebastian Moran, as aloof and guarded and inaccessible to the law as himself.",What do you think he pays him?,dialogue_candidate,review,Project Gutenberg #3289 - The Valley of Fear
VOF,VOF_T00140,VOF_T00140_S03,Unknown,"His chief of staff is Colonel Sebastian Moran, as aloof and guarded and inaccessible to the law as himself.",What do you think he pays him?,,dialogue_candidate,review,Project Gutenberg #3289 - The Valley of Fear
VOF,VOF_T00141,VOF_T00141_S01,Unknown,,I’d like to hear.,,dialogue_candidate,review,Project Gutenberg #3289 - The Valley of Fear
VOF,VOF_T00142,VOF_T00142_S01,Unknown,,Six thousand a year.,"That’s paying for brains, you see—the American business principle.",dialogue_candidate,review,Project Gutenberg #3289 - The Valley of Fear
VOF,VOF_T00142,VOF_T00142_S02,Unknown,Six thousand a year.,"That’s paying for brains, you see—the American business principle.",I learned that detail quite by chance.,dialogue_candidate,review,Project Gutenberg #3289 - The Valley of Fear
VOF,VOF_T00142,VOF_T00142_S03,Unknown,"That’s paying for brains, you see—the American business principle.",I learned that detail quite by chance.,It’s more than the Prime Minister gets.,dialogue_candidate,review,Project Gutenberg #3289 - The Valley of Fear
VOF,VOF_T00142,VOF_T00142_S04,Unknown,I learned that detail quite by chance.,It’s more than the Prime Minister gets.,That gives you an idea of Moriarty’s gains and of the scale on which he works.,dialogue_candidate,review,Project Gutenberg #3289 - The Valley of Fear
VOF,VOF_T00142,VOF_T00142_S05,Unknown,It’s more than the Prime Minister gets.,That gives you an idea of Moriarty’s gains and of the scale on which he works.,Another point: I made it my business to hunt down some of Moriarty’s checks lately—just common innocent checks that he pays his household bills with.,dialogue_candidate,review,Project Gutenberg #3289 - The Valley of Fear
VOF,VOF_T00142,VOF_T00142_S06,Unknown,That gives you an idea of Moriarty’s gains and of the scale on which he works.,Another point: I made it my business to hunt down some of Moriarty’s checks lately—just common innocent checks that he pays his household bills with.,They were drawn on six different banks.,dialogue_candidate,review,Project Gutenberg #3289 - The Valley of Fear
VOF,VOF_T00142,VOF_T00142_S07,Unknown,Another point: I made it my business to hunt down some of Moriarty’s checks lately—just common innocent checks that he pays his household bills with.,They were drawn on six different banks.,Does that make any impression on your mind?,dialogue_candidate,review,Project Gutenberg #3289 - The Valley of Fear
VOF,VOF_T00142,VOF_T00142_S08,Unknown,They were drawn on six different banks.,Does that make any impression on your mind?,,dialogue_candidate,review,Project Gutenberg #3289 - The Valley of Fear
VOF,VOF_T00143,VOF_T00143_S01,Unknown,,"Queer, certainly!",But what do you gather from it?,dialogue_candidate,review,Project Gutenberg #3289 - The Valley of Fear
VOF,VOF_T00143,VOF_T00143_S02,Unknown,"Queer, certainly!",But what do you gather from it?,,dialogue_candidate,review,Project Gutenberg #3289 - The Valley of Fear
VOF,VOF_T00144,VOF_T00144_S01,Unknown,,That he wanted no gossip about his wealth.,No single man should know what he had.,dialogue_candidate,review,Project Gutenberg #3289 - The Valley of Fear
VOF,VOF_T00144,VOF_T00144_S02,Unknown,That he wanted no gossip about his wealth.,No single man should know what he had.,I have no doubt that he has twenty banking accounts; the bulk of his fortune abroad in the Deutsche Bank or the Crédit Lyonnais as likely as not.,dialogue_candidate,review,Project Gutenberg #3289 - The Valley of Fear
VOF,VOF_T00144,VOF_T00144_S03,Unknown,No single man should know what he had.,I have no doubt that he has twenty banking accounts; the bulk of his fortune abroad in the Deutsche Bank or the Crédit Lyonnais as likely as not.,Sometime when you have a year or two to spare I commend to you the study of Professor Moriarty.,dialogue_candidate,review,Project Gutenberg #3289 - The Valley of Fear
VOF,VOF_T00144,VOF_T00144_S04,Unknown,I have no doubt that he has twenty banking accounts; the bulk of his fortune abroad in the Deutsche Bank or the Crédit Lyonnais as likely as not.,Sometime when you have a year or two to spare I commend to you the study of Professor Moriarty.,,dialogue_candidate,review,Project Gutenberg #3289 - The Valley of Fear
VOF,VOF_T00145,VOF_T00145_S01,he,,"He can keep, anyhow, You’ve got us side-tracked with your interesting anecdotes, mr. Holmes.",What really counts is your remark that there is some connection between the professor and the crime.,speaker_attributed_dialogue,high,Project Gutenberg #3289 - The Valley of Fear
VOF,VOF_T00145,VOF_T00145_S02,he,"He can keep, anyhow, You’ve got us side-tracked with your interesting anecdotes, mr. Holmes.",What really counts is your remark that there is some connection between the professor and the crime.,That you get from the warning received through the man Porlock.,speaker_attributed_dialogue,high,Project Gutenberg #3289 - The Valley of Fear
VOF,VOF_T00145,VOF_T00145_S03,he,What really counts is your remark that there is some connection between the professor and the crime.,That you get from the warning received through the man Porlock.,Can we for our present practical needs get any further than that?,speaker_attributed_dialogue,high,Project Gutenberg #3289 - The Valley of Fear
VOF,VOF_T00145,VOF_T00145_S04,he,That you get from the warning received through the man Porlock.,Can we for our present practical needs get any further than that?,,speaker_attributed_dialogue,high,Project Gutenberg #3289 - The Valley of Fear
VOF,VOF_T00146,VOF_T00146_S01,Unknown,,We may form some conception as to the motives of the crime.,"It is, as I gather from your original remarks, an inexplicable, or at least an unexplained, murder.",dialogue_candidate,review,Project Gutenberg #3289 - The Valley of Fear
VOF,VOF_T00146,VOF_T00146_S02,Unknown,We may form some conception as to the motives of the crime.,"It is, as I gather from your original remarks, an inexplicable, or at least an unexplained, murder.","Now, presuming that the source of the crime is as we suspect it to be, there might be two different motives.",dialogue_candidate,review,Project Gutenberg #3289 - The Valley of Fear
VOF,VOF_T00146,VOF_T00146_S03,Unknown,"It is, as I gather from your original remarks, an inexplicable, or at least an unexplained, murder.","Now, presuming that the source of the crime is as we suspect it to be, there might be two different motives.","In the first place, I may tell you that Moriarty rules with a rod of iron over his people.",dialogue_candidate,review,Project Gutenberg #3289 - The Valley of Fear
VOF,VOF_T00146,VOF_T00146_S04,Unknown,"Now, presuming that the source of the crime is as we suspect it to be, there might be two different motives.","In the first place, I may tell you that Moriarty rules with a rod of iron over his people.",His discipline is tremendous.,dialogue_candidate,review,Project Gutenberg #3289 - The Valley of Fear
VOF,VOF_T00146,VOF_T00146_S05,Unknown,"In the first place, I may tell you that Moriarty rules with a rod of iron over his people.",His discipline is tremendous.,There is only one punishment in his code.,dialogue_candidate,review,Project Gutenberg #3289 - The Valley of Fear
VOF,VOF_T00146,VOF_T00146_S06,Unknown,His discipline is tremendous.,There is only one punishment in his code.,It is death.,dialogue_candidate,review,Project Gutenberg #3289 - The Valley of Fear
VOF,VOF_T00146,VOF_T00146_S07,Unknown,There is only one punishment in his code.,It is death.,Now we might suppose that this murdered man—this Douglas whose approaching fate was known by one of the arch-criminal’s subordinates—had in some way betrayed the chief.,dialogue_candidate,review,Project Gutenberg #3289 - The Valley of Fear
VOF,VOF_T00146,VOF_T00146_S08,Unknown,It is death.,Now we might suppose that this murdered man—this Douglas whose approaching fate was known by one of the arch-criminal’s subordinates—had in some way betrayed the chief.,"His punishment followed, and would be known to all—if only to put the fear of death into them.",dialogue_candidate,review,Project Gutenberg #3289 - The Valley of Fear
VOF,VOF_T00146,VOF_T00146_S09,Unknown,Now we might suppose that this murdered man—this Douglas whose approaching fate was known by one of the arch-criminal’s subordinates—had in some way betrayed the chief.,"His punishment followed, and would be known to all—if only to put the fear of death into them.",,dialogue_candidate,review,Project Gutenberg #3289 - The Valley of Fear
VOF,VOF_T00147,VOF_T00147_S01,Unknown,,"Well, that is one suggestion, mr. Holmes.",,dialogue_candidate,review,Project Gutenberg #3289 - The Valley of Fear
VOF,VOF_T00148,VOF_T00148_S01,Unknown,,The other is that it has been engineered by Moriarty in the ordinary course of business.,Was there any robbery?,dialogue_candidate,review,Project Gutenberg #3289 - The Valley of Fear
VOF,VOF_T00148,VOF_T00148_S02,Unknown,The other is that it has been engineered by Moriarty in the ordinary course of business.,Was there any robbery?,,dialogue_candidate,review,Project Gutenberg #3289 - The Valley of Fear
VOF,VOF_T00149,VOF_T00149_S01,Unknown,,I have not heard.,,dialogue_candidate,review,Project Gutenberg #3289 - The Valley of Fear
VOF,VOF_T00150,VOF_T00150_S01,Unknown,,"If so, it would, of course, be against the first hypothesis and in favour of the second.","Moriarty may have been engaged to engineer it on a promise of part spoils, or he may have been paid so much down to manage it.",dialogue_candidate,review,Project Gutenberg #3289 - The Valley of Fear
VOF,VOF_T00150,VOF_T00150_S02,Unknown,"If so, it would, of course, be against the first hypothesis and in favour of the second.","Moriarty may have been engaged to engineer it on a promise of part spoils, or he may have been paid so much down to manage it.",Either is possible.,dialogue_candidate,review,Project Gutenberg #3289 - The Valley of Fear
VOF,VOF_T00150,VOF_T00150_S03,Unknown,"Moriarty may have been engaged to engineer it on a promise of part spoils, or he may have been paid so much down to manage it.",Either is possible.,"But whichever it may be, or if it is some third combination, it is down at Birlstone that we must seek the solution.",dialogue_candidate,review,Project Gutenberg #3289 - The Valley of Fear
VOF,VOF_T00150,VOF_T00150_S04,Unknown,Either is possible.,"But whichever it may be, or if it is some third combination, it is down at Birlstone that we must seek the solution.",I know our man too well to suppose that he has left anything up here which may lead us to him.,dialogue_candidate,review,Project Gutenberg #3289 - The Valley of Fear
VOF,VOF_T00150,VOF_T00150_S05,Unknown,"But whichever it may be, or if it is some third combination, it is down at Birlstone that we must seek the solution.",I know our man too well to suppose that he has left anything up here which may lead us to him.,,dialogue_candidate,review,Project Gutenberg #3289 - The Valley of Fear
VOF,VOF_T00151,VOF_T00151_S01,MacDonald,,Then to Birlstone we must go!,My word! it’s later than I thought.,speaker_attributed_dialogue,high,Project Gutenberg #3289 - The Valley of Fear
VOF,VOF_T00151,VOF_T00151_S02,MacDonald,Then to Birlstone we must go!,My word! it’s later than I thought.,"I can give you, gentlemen, five minutes for preparation, and that is all.",speaker_attributed_dialogue,high,Project Gutenberg #3289 - The Valley of Fear
VOF,VOF_T00151,VOF_T00151_S03,MacDonald,My word! it’s later than I thought.,"I can give you, gentlemen, five minutes for preparation, and that is all.",,speaker_attributed_dialogue,high,Project Gutenberg #3289 - The Valley of Fear
VOF,VOF_T00152,VOF_T00152_S01,Holmes,,"And ample for us both, While we are on our way, mr. Mac, I will ask you to be good enough to tell me all about it.",,speaker_attributed_dialogue,high,Project Gutenberg #3289 - The Valley of Fear
VOF,VOF_T00153,VOF_T00153_S01,Unknown,,All about it,,dialogue_candidate,review,Project Gutenberg #3289 - The Valley of Fear
VOF,VOF_T00154,VOF_T00154_S01,Unknown,,"DEAR INSPECTOR MACDONALD, Official requisition for your services is in separate envelope.",This is for your private eye.,speaker_attributed_dialogue,review,Project Gutenberg #3289 - The Valley of Fear
VOF,VOF_T00154,VOF_T00154_S02,Unknown,"DEAR INSPECTOR MACDONALD, Official requisition for your services is in separate envelope.",This is for your private eye.,"Wire me what train in the morning you can get for Birlstone, and I will meet it—or have it met if I am too occupied.",speaker_attributed_dialogue,review,Project Gutenberg #3289 - The Valley of Fear
VOF,VOF_T00154,VOF_T00154_S03,Unknown,This is for your private eye.,"Wire me what train in the morning you can get for Birlstone, and I will meet it—or have it met if I am too occupied.",This case is a snorter.,speaker_attributed_dialogue,review,Project Gutenberg #3289 - The Valley of Fear
VOF,VOF_T00154,VOF_T00154_S04,Unknown,"Wire me what train in the morning you can get for Birlstone, and I will meet it—or have it met if I am too occupied.",This case is a snorter.,Don’t waste a moment in getting started.,speaker_attributed_dialogue,review,Project Gutenberg #3289 - The Valley of Fear
VOF,VOF_T00154,VOF_T00154_S05,Unknown,This case is a snorter.,Don’t waste a moment in getting started.,"If you can bring mr. Holmes, please do so; for he will find something after his own heart.",speaker_attributed_dialogue,review,Project Gutenberg #3289 - The Valley of Fear
VOF,VOF_T00154,VOF_T00154_S06,Unknown,Don’t waste a moment in getting started.,"If you can bring mr. Holmes, please do so; for he will find something after his own heart.",We would think the whole had been fixed up for theatrical effect if there wasn’t a dead man in the middle of it.,speaker_attributed_dialogue,review,Project Gutenberg #3289 - The Valley of Fear
VOF,VOF_T00154,VOF_T00154_S07,Unknown,"If you can bring mr. Holmes, please do so; for he will find something after his own heart.",We would think the whole had been fixed up for theatrical effect if there wasn’t a dead man in the middle of it.,My word! it _is_ a snorter.,speaker_attributed_dialogue,review,Project Gutenberg #3289 - The Valley of Fear
VOF,VOF_T00154,VOF_T00154_S08,Unknown,We would think the whole had been fixed up for theatrical effect if there wasn’t a dead man in the middle of it.,My word! it _is_ a snorter.,,speaker_attributed_dialogue,review,Project Gutenberg #3289 - The Valley of Fear
VOF,VOF_T00155,VOF_T00155_S01,Holmes,,"Your friend seems to be no fool, No, sir, White Mason is a very live man, if I am any judge.",,speaker_attributed_dialogue,high,Project Gutenberg #3289 - The Valley of Fear
VOF,VOF_T00156,VOF_T00156_S01,Unknown,,"Well, have you anything more?",,dialogue_candidate,review,Project Gutenberg #3289 - The Valley of Fear
VOF,VOF_T00157,VOF_T00157_S01,Unknown,,Only that he will give us every detail when we meet.,,dialogue_candidate,review,Project Gutenberg #3289 - The Valley of Fear
VOF,VOF_T00158,VOF_T00158_S01,Unknown,,Then how did you get at mr. Douglas and the fact that he had been horribly murdered?,,dialogue_candidate,review,Project Gutenberg #3289 - The Valley of Fear
VOF,VOF_T00159,VOF_T00159_S01,Unknown,,That was in the inclosed official report.,It didn’t say ‘horrible’: that’s not a recognized official term.,dialogue_candidate,review,Project Gutenberg #3289 - The Valley of Fear
VOF,VOF_T00159,VOF_T00159_S02,Unknown,That was in the inclosed official report.,It didn’t say ‘horrible’: that’s not a recognized official term.,It gave the name John Douglas.,dialogue_candidate,review,Project Gutenberg #3289 - The Valley of Fear
VOF,VOF_T00159,VOF_T00159_S03,Unknown,It didn’t say ‘horrible’: that’s not a recognized official term.,It gave the name John Douglas.,"It mentioned that his injuries had been in the head, from the discharge of a shotgun.",dialogue_candidate,review,Project Gutenberg #3289 - The Valley of Fear
VOF,VOF_T00159,VOF_T00159_S04,Unknown,It gave the name John Douglas.,"It mentioned that his injuries had been in the head, from the discharge of a shotgun.","It also mentioned the hour of the alarm, which was close on to midnight last night.",dialogue_candidate,review,Project Gutenberg #3289 - The Valley of Fear
VOF,VOF_T00159,VOF_T00159_S05,Unknown,"It mentioned that his injuries had been in the head, from the discharge of a shotgun.","It also mentioned the hour of the alarm, which was close on to midnight last night.","It added that the case was undoubtedly one of murder, but that no arrest had been made, and that the case was one which presented some very perplexing and extraordinary features.",dialogue_candidate,review,Project Gutenberg #3289 - The Valley of Fear
VOF,VOF_T00159,VOF_T00159_S06,Unknown,"It also mentioned the hour of the alarm, which was close on to midnight last night.","It added that the case was undoubtedly one of murder, but that no arrest had been made, and that the case was one which presented some very perplexing and extraordinary features.","That’s absolutely all we have at present, mr. Holmes.",dialogue_candidate,review,Project Gutenberg #3289 - The Valley of Fear
VOF,VOF_T00159,VOF_T00159_S07,Unknown,"It added that the case was undoubtedly one of murder, but that no arrest had been made, and that the case was one which presented some very perplexing and extraordinary features.","That’s absolutely all we have at present, mr. Holmes.",,dialogue_candidate,review,Project Gutenberg #3289 - The Valley of Fear
VOF,VOF_T00160,VOF_T00160_S01,Unknown,,"Then, with your permission, we will leave it at that, mr. Mac.",The temptation to form premature theories upon insufficient data is the bane of our profession.,dialogue_candidate,review,Project Gutenberg #3289 - The Valley of Fear
VOF,VOF_T00160,VOF_T00160_S02,Unknown,"Then, with your permission, we will leave it at that, mr. Mac.",The temptation to form premature theories upon insufficient data is the bane of our profession.,"I can see only two things for certain at present—a great brain in London, and a dead man in Sussex.",dialogue_candidate,review,Project Gutenberg #3289 - The Valley of Fear
VOF,VOF_T00160,VOF_T00160_S03,Unknown,The temptation to form premature theories upon insufficient data is the bane of our profession.,"I can see only two things for certain at present—a great brain in London, and a dead man in Sussex.",It’s the chain between that we are going to trace.,dialogue_candidate,review,Project Gutenberg #3289 - The Valley of Fear
VOF,VOF_T00160,VOF_T00160_S04,Unknown,"I can see only two things for certain at present—a great brain in London, and a dead man in Sussex.",It’s the chain between that we are going to trace.,,dialogue_candidate,review,Project Gutenberg #3289 - The Valley of Fear
VOF,VOF_T00161,VOF_T00161_S01,Ames,,"An easy-going, free-handed gentleman, But, my word!",I had rather not be the man that crossed him!,speaker_attributed_dialogue,high,Project Gutenberg #3289 - The Valley of Fear
VOF,VOF_T00161,VOF_T00161_S02,Ames,"An easy-going, free-handed gentleman, But, my word!",I had rather not be the man that crossed him!,,speaker_attributed_dialogue,high,Project Gutenberg #3289 - The Valley of Fear
VOF,VOF_T00162,VOF_T00162_S01,Unknown,,"We will touch nothing until my superiors arrive,",,dialogue_candidate,review,Project Gutenberg #3289 - The Valley of Fear
VOF,VOF_T00163,VOF_T00163_S01,Cecil Barker,,"Nothing has been touched up to now, I’ll answer for that.",You see it all exactly as I found it.,speaker_attributed_dialogue,high,Project Gutenberg #3289 - The Valley of Fear
VOF,VOF_T00163,VOF_T00163_S02,Cecil Barker,"Nothing has been touched up to now, I’ll answer for that.",You see it all exactly as I found it.,,speaker_attributed_dialogue,high,Project Gutenberg #3289 - The Valley of Fear
VOF,VOF_T00164,VOF_T00164_S01,Unknown,,When was that?,,dialogue_candidate,review,Project Gutenberg #3289 - The Valley of Fear
VOF,VOF_T00165,VOF_T00165_S01,Unknown,,It was just half-past eleven.,"I had not begun to undress, and I was sitting by the fire in my bedroom when I heard the report.",dialogue_candidate,review,Project Gutenberg #3289 - The Valley of Fear
VOF,VOF_T00165,VOF_T00165_S02,Unknown,It was just half-past eleven.,"I had not begun to undress, and I was sitting by the fire in my bedroom when I heard the report.",It was not very loud—it seemed to be muffled.,dialogue_candidate,review,Project Gutenberg #3289 - The Valley of Fear
VOF,VOF_T00165,VOF_T00165_S03,Unknown,"I had not begun to undress, and I was sitting by the fire in my bedroom when I heard the report.",It was not very loud—it seemed to be muffled.,I rushed down—I don’t suppose it was thirty seconds before I was in the room.,dialogue_candidate,review,Project Gutenberg #3289 - The Valley of Fear
VOF,VOF_T00165,VOF_T00165_S04,Unknown,It was not very loud—it seemed to be muffled.,I rushed down—I don’t suppose it was thirty seconds before I was in the room.,,dialogue_candidate,review,Project Gutenberg #3289 - The Valley of Fear
VOF,VOF_T00166,VOF_T00166_S01,Unknown,,Was the door open?,,dialogue_candidate,review,Project Gutenberg #3289 - The Valley of Fear
VOF,VOF_T00167,VOF_T00167_S01,Unknown,,"Yes, it was open.",Poor Douglas was lying as you see him.,dialogue_candidate,review,Project Gutenberg #3289 - The Valley of Fear
VOF,VOF_T00167,VOF_T00167_S02,Unknown,"Yes, it was open.",Poor Douglas was lying as you see him.,His bedroom candle was burning on the table.,dialogue_candidate,review,Project Gutenberg #3289 - The Valley of Fear
VOF,VOF_T00167,VOF_T00167_S03,Unknown,Poor Douglas was lying as you see him.,His bedroom candle was burning on the table.,It was I who lit the lamp some minutes afterward.,dialogue_candidate,review,Project Gutenberg #3289 - The Valley of Fear
VOF,VOF_T00167,VOF_T00167_S04,Unknown,His bedroom candle was burning on the table.,It was I who lit the lamp some minutes afterward.,,dialogue_candidate,review,Project Gutenberg #3289 - The Valley of Fear
VOF,VOF_T00168,VOF_T00168_S01,Unknown,,Did you see no one?,,dialogue_candidate,review,Project Gutenberg #3289 - The Valley of Fear
VOF,VOF_T00169,VOF_T00169_S01,Unknown,,"no. I heard mrs. Douglas coming down the stair behind me, and I rushed out to prevent her from seeing this dreadful sight. mrs. Allen, the housekeeper, came and took her away.","Ames had arrived, and we ran back into the room once more.",dialogue_candidate,review,Project Gutenberg #3289 - The Valley of Fear
VOF,VOF_T00169,VOF_T00169_S02,Unknown,"no. I heard mrs. Douglas coming down the stair behind me, and I rushed out to prevent her from seeing this dreadful sight. mrs. Allen, the housekeeper, came and took her away.","Ames had arrived, and we ran back into the room once more.",,dialogue_candidate,review,Project Gutenberg #3289 - The Valley of Fear
VOF,VOF_T00170,VOF_T00170_S01,Unknown,,But surely I have heard that the drawbridge is kept up all night.,,dialogue_candidate,review,Project Gutenberg #3289 - The Valley of Fear
VOF,VOF_T00171,VOF_T00171_S01,Unknown,,"Yes, it was up until I lowered it.",,dialogue_candidate,review,Project Gutenberg #3289 - The Valley of Fear
VOF,VOF_T00172,VOF_T00172_S01,Unknown,,Then how could any murderer have got away?,It is out of the question! mr. Douglas must have shot himself.,dialogue_candidate,review,Project Gutenberg #3289 - The Valley of Fear
VOF,VOF_T00172,VOF_T00172_S02,Unknown,Then how could any murderer have got away?,It is out of the question! mr. Douglas must have shot himself.,,dialogue_candidate,review,Project Gutenberg #3289 - The Valley of Fear
VOF,VOF_T00173,VOF_T00173_S01,Unknown,,That was our first idea.,But see!,dialogue_candidate,review,Project Gutenberg #3289 - The Valley of Fear
VOF,VOF_T00173,VOF_T00173_S02,Unknown,That was our first idea.,But see!,,dialogue_candidate,review,Project Gutenberg #3289 - The Valley of Fear
VOF,VOF_T00174,VOF_T00174_S01,Unknown,,And look at this!,,dialogue_candidate,review,Project Gutenberg #3289 - The Valley of Fear
VOF,VOF_T00175,VOF_T00175_S01,Unknown,,Someone has stood there in getting out.,,dialogue_candidate,review,Project Gutenberg #3289 - The Valley of Fear
VOF,VOF_T00176,VOF_T00176_S01,Unknown,,You mean that someone waded across the moat?,,dialogue_candidate,review,Project Gutenberg #3289 - The Valley of Fear
VOF,VOF_T00177,VOF_T00177_S01,Unknown,,Exactly!,,dialogue_candidate,review,Project Gutenberg #3289 - The Valley of Fear
VOF,VOF_T00178,VOF_T00178_S01,Unknown,,"Then if you were in the room within half a minute of the crime, he must have been in the water at that very moment.",,dialogue_candidate,review,Project Gutenberg #3289 - The Valley of Fear
VOF,VOF_T00179,VOF_T00179_S01,Unknown,,I have not a doubt of it.,I wish to heaven that I had rushed to the window!,dialogue_candidate,review,Project Gutenberg #3289 - The Valley of Fear
VOF,VOF_T00179,VOF_T00179_S02,Unknown,I have not a doubt of it.,I wish to heaven that I had rushed to the window!,"But the curtain screened it, as you can see, and so it never occurred to me.",dialogue_candidate,review,Project Gutenberg #3289 - The Valley of Fear
VOF,VOF_T00179,VOF_T00179_S03,Unknown,I wish to heaven that I had rushed to the window!,"But the curtain screened it, as you can see, and so it never occurred to me.","Then I heard the step of mrs. Douglas, and I could not let her enter the room.",dialogue_candidate,review,Project Gutenberg #3289 - The Valley of Fear
VOF,VOF_T00179,VOF_T00179_S04,Unknown,"But the curtain screened it, as you can see, and so it never occurred to me.","Then I heard the step of mrs. Douglas, and I could not let her enter the room.",It would have been too horrible.,dialogue_candidate,review,Project Gutenberg #3289 - The Valley of Fear
VOF,VOF_T00179,VOF_T00179_S05,Unknown,"Then I heard the step of mrs. Douglas, and I could not let her enter the room.",It would have been too horrible.,,dialogue_candidate,review,Project Gutenberg #3289 - The Valley of Fear
VOF,VOF_T00180,VOF_T00180_S01,the doctor,,Horrible enough!,I’ve never seen such injuries since the Birlstone railway smash.,speaker_attributed_dialogue,high,Project Gutenberg #3289 - The Valley of Fear
VOF,VOF_T00180,VOF_T00180_S02,the doctor,Horrible enough!,I’ve never seen such injuries since the Birlstone railway smash.,,speaker_attributed_dialogue,high,Project Gutenberg #3289 - The Valley of Fear
VOF,VOF_T00181,VOF_T00181_S01,the police sergeant,,"But, I say, It’s all very well your saying that a man escaped by wading this moat, but what I ask you is, how did he ever get into the house at all if the bridge was up?",,speaker_attributed_dialogue,high,Project Gutenberg #3289 - The Valley of Fear
VOF,VOF_T00182,VOF_T00182_S01,Barker,,"Ah, that’s the question, At what o’clock was it raised?",,speaker_attributed_dialogue,high,Project Gutenberg #3289 - The Valley of Fear
VOF,VOF_T00183,VOF_T00183_S01,Ames,,"It was nearly six o’clock, I’ve heard,",,speaker_attributed_dialogue,high,Project Gutenberg #3289 - The Valley of Fear
VOF,VOF_T00184,VOF_T00184_S01,Unknown,,that it was usually raised at sunset.,That would be nearer half-past four than six at this time of year.,dialogue_candidate,review,Project Gutenberg #3289 - The Valley of Fear
VOF,VOF_T00184,VOF_T00184_S02,Unknown,that it was usually raised at sunset.,That would be nearer half-past four than six at this time of year.,,dialogue_candidate,review,Project Gutenberg #3289 - The Valley of Fear
VOF,VOF_T00185,VOF_T00185_S01,Ames,,"mrs. Douglas had visitors to tea, I couldn’t raise it until they went.",Then I wound it up myself.,speaker_attributed_dialogue,high,Project Gutenberg #3289 - The Valley of Fear
VOF,VOF_T00185,VOF_T00185_S02,Ames,"mrs. Douglas had visitors to tea, I couldn’t raise it until they went.",Then I wound it up myself.,,speaker_attributed_dialogue,high,Project Gutenberg #3289 - The Valley of Fear
VOF,VOF_T00186,VOF_T00186_S01,the sergeant,,"Then it comes to this, If anyone came from outside—_if_ they did—they must have got in across the bridge before six and been in hiding ever since, until mr. Douglas came into the room after eleven.",,speaker_attributed_dialogue,high,Project Gutenberg #3289 - The Valley of Fear
VOF,VOF_T00187,VOF_T00187_S01,Unknown,,That is so! mr. Douglas went round the house every night the last thing before he turned in to see that the lights were right.,That brought him in here.,dialogue_candidate,review,Project Gutenberg #3289 - The Valley of Fear
VOF,VOF_T00187,VOF_T00187_S02,Unknown,That is so! mr. Douglas went round the house every night the last thing before he turned in to see that the lights were right.,That brought him in here.,The man was waiting and shot him.,dialogue_candidate,review,Project Gutenberg #3289 - The Valley of Fear
VOF,VOF_T00187,VOF_T00187_S03,Unknown,That brought him in here.,The man was waiting and shot him.,Then he got away through the window and left his gun behind him.,dialogue_candidate,review,Project Gutenberg #3289 - The Valley of Fear
VOF,VOF_T00187,VOF_T00187_S04,Unknown,The man was waiting and shot him.,Then he got away through the window and left his gun behind him.,That’s how I read it; for nothing else will fit the facts.,dialogue_candidate,review,Project Gutenberg #3289 - The Valley of Fear
VOF,VOF_T00187,VOF_T00187_S05,Unknown,Then he got away through the window and left his gun behind him.,That’s how I read it; for nothing else will fit the facts.,,dialogue_candidate,review,Project Gutenberg #3289 - The Valley of Fear
VOF,VOF_T00188,VOF_T00188_S01,Unknown,,What’s this?,,dialogue_candidate,review,Project Gutenberg #3289 - The Valley of Fear
VOF,VOF_T00189,VOF_T00189_S01,Unknown,,"I never noticed it before,",,dialogue_candidate,review,Project Gutenberg #3289 - The Valley of Fear
VOF,VOF_T00190,VOF_T00190_S01,Unknown,,The murderer must have left it behind him.,,dialogue_candidate,review,Project Gutenberg #3289 - The Valley of Fear
VOF,VOF_T00191,VOF_T00191_S01,Unknown,,V.V.—341.,I can make no sense of that.,dialogue_candidate,review,Project Gutenberg #3289 - The Valley of Fear
VOF,VOF_T00191,VOF_T00191_S02,Unknown,V.V.—341.,I can make no sense of that.,,dialogue_candidate,review,Project Gutenberg #3289 - The Valley of Fear
VOF,VOF_T00192,VOF_T00192_S01,Unknown,,What’s V.V.?,"Somebody’s initials, maybe.",dialogue_candidate,review,Project Gutenberg #3289 - The Valley of Fear
VOF,VOF_T00192,VOF_T00192_S02,Unknown,What’s V.V.?,"Somebody’s initials, maybe.","What have you got there, dr. Wood?",dialogue_candidate,review,Project Gutenberg #3289 - The Valley of Fear
VOF,VOF_T00192,VOF_T00192_S03,Unknown,"Somebody’s initials, maybe.","What have you got there, dr. Wood?",,dialogue_candidate,review,Project Gutenberg #3289 - The Valley of Fear
VOF,VOF_T00193,VOF_T00193_S01,Unknown,,"mr. Douglas was altering the pictures yesterday,",,dialogue_candidate,review,Project Gutenberg #3289 - The Valley of Fear
VOF,VOF_T00194,VOF_T00194_S01,Unknown,,"I saw him myself, standing upon that chair and fixing the big picture above it.",That accounts for the hammer.,dialogue_candidate,review,Project Gutenberg #3289 - The Valley of Fear
VOF,VOF_T00194,VOF_T00194_S02,Unknown,"I saw him myself, standing upon that chair and fixing the big picture above it.",That accounts for the hammer.,,dialogue_candidate,review,Project Gutenberg #3289 - The Valley of Fear
VOF,VOF_T00195,VOF_T00195_S01,the sergeant,,"We’d best put it back on the rug where we found it, It will want the best brains in the force to get to the bottom of this thing.",It will be a London job before it is finished.,speaker_attributed_dialogue,high,Project Gutenberg #3289 - The Valley of Fear
VOF,VOF_T00195,VOF_T00195_S02,the sergeant,"We’d best put it back on the rug where we found it, It will want the best brains in the force to get to the bottom of this thing.",It will be a London job before it is finished.,,speaker_attributed_dialogue,high,Project Gutenberg #3289 - The Valley of Fear
VOF,VOF_T00196,VOF_T00196_S01,Unknown,,Hullo!,,dialogue_candidate,review,Project Gutenberg #3289 - The Valley of Fear
VOF,VOF_T00197,VOF_T00197_S01,Unknown,,What o’clock were those curtains drawn?,,dialogue_candidate,review,Project Gutenberg #3289 - The Valley of Fear
VOF,VOF_T00198,VOF_T00198_S01,the butler,,"When the lamps were lit, It would be shortly after four.",,speaker_attributed_dialogue,high,Project Gutenberg #3289 - The Valley of Fear
VOF,VOF_T00199,VOF_T00199_S01,Unknown,,"Someone had been hiding here, sure enough.",,dialogue_candidate,review,Project Gutenberg #3289 - The Valley of Fear
VOF,VOF_T00200,VOF_T00200_S01,Unknown,,"I’m bound to say this bears out your theory, mr. Barker.","It looks as if the man got into the house after four when the curtains were drawn, and before six when the bridge was raised.",dialogue_candidate,review,Project Gutenberg #3289 - The Valley of Fear
VOF,VOF_T00200,VOF_T00200_S02,Unknown,"I’m bound to say this bears out your theory, mr. Barker.","It looks as if the man got into the house after four when the curtains were drawn, and before six when the bridge was raised.","He slipped into this room, because it was the first that he saw.",dialogue_candidate,review,Project Gutenberg #3289 - The Valley of Fear
VOF,VOF_T00200,VOF_T00200_S03,Unknown,"It looks as if the man got into the house after four when the curtains were drawn, and before six when the bridge was raised.","He slipped into this room, because it was the first that he saw.","There was no other place where he could hide, so he popped in behind this curtain.",dialogue_candidate,review,Project Gutenberg #3289 - The Valley of Fear
VOF,VOF_T00200,VOF_T00200_S04,Unknown,"He slipped into this room, because it was the first that he saw.","There was no other place where he could hide, so he popped in behind this curtain.",That all seems clear enough.,dialogue_candidate,review,Project Gutenberg #3289 - The Valley of Fear
VOF,VOF_T00200,VOF_T00200_S05,Unknown,"There was no other place where he could hide, so he popped in behind this curtain.",That all seems clear enough.,"It is likely that his main idea was to burgle the house; but mr. Douglas chanced to come upon him, so he murdered him and escaped.",dialogue_candidate,review,Project Gutenberg #3289 - The Valley of Fear
VOF,VOF_T00200,VOF_T00200_S06,Unknown,That all seems clear enough.,"It is likely that his main idea was to burgle the house; but mr. Douglas chanced to come upon him, so he murdered him and escaped.",,dialogue_candidate,review,Project Gutenberg #3289 - The Valley of Fear
VOF,VOF_T00201,VOF_T00201_S01,Barker,,"That’s how I read it, But, I say, aren’t we wasting precious time?",Couldn’t we start out and scout the country before the fellow gets away?,speaker_attributed_dialogue,high,Project Gutenberg #3289 - The Valley of Fear
VOF,VOF_T00201,VOF_T00201_S02,Barker,"That’s how I read it, But, I say, aren’t we wasting precious time?",Couldn’t we start out and scout the country before the fellow gets away?,,speaker_attributed_dialogue,high,Project Gutenberg #3289 - The Valley of Fear
VOF,VOF_T00202,VOF_T00202_S01,Unknown,,There are no trains before six in the morning; so he can’t get away by rail.,"If he goes by road with his legs all dripping, it’s odds that someone will notice him.",dialogue_candidate,review,Project Gutenberg #3289 - The Valley of Fear
VOF,VOF_T00202,VOF_T00202_S02,Unknown,There are no trains before six in the morning; so he can’t get away by rail.,"If he goes by road with his legs all dripping, it’s odds that someone will notice him.","Anyhow, I can’t leave here myself until I am relieved.",dialogue_candidate,review,Project Gutenberg #3289 - The Valley of Fear
VOF,VOF_T00202,VOF_T00202_S03,Unknown,"If he goes by road with his legs all dripping, it’s odds that someone will notice him.","Anyhow, I can’t leave here myself until I am relieved.",But I think none of you should go until we see more clearly how we all stand.,dialogue_candidate,review,Project Gutenberg #3289 - The Valley of Fear
VOF,VOF_T00202,VOF_T00202_S04,Unknown,"Anyhow, I can’t leave here myself until I am relieved.",But I think none of you should go until we see more clearly how we all stand.,,dialogue_candidate,review,Project Gutenberg #3289 - The Valley of Fear
VOF,VOF_T00203,VOF_T00203_S01,Unknown,,What’s this mark?,,dialogue_candidate,review,Project Gutenberg #3289 - The Valley of Fear
VOF,VOF_T00204,VOF_T00204_S01,Unknown,,Could this have any connection with the crime?,,dialogue_candidate,review,Project Gutenberg #3289 - The Valley of Fear
VOF,VOF_T00205,VOF_T00205_S01,the doctor,,"It’s not tattooed, I never saw anything like it.",The man has been branded at some time as they brand cattle.,speaker_attributed_dialogue,high,Project Gutenberg #3289 - The Valley of Fear
VOF,VOF_T00205,VOF_T00205_S02,the doctor,"It’s not tattooed, I never saw anything like it.",The man has been branded at some time as they brand cattle.,What is the meaning of this?,speaker_attributed_dialogue,high,Project Gutenberg #3289 - The Valley of Fear
VOF,VOF_T00205,VOF_T00205_S03,the doctor,The man has been branded at some time as they brand cattle.,What is the meaning of this?,,speaker_attributed_dialogue,high,Project Gutenberg #3289 - The Valley of Fear
VOF,VOF_T00206,VOF_T00206_S01,Cecil Barker,,"I don’t profess to know the meaning of it, but I have seen the mark on Douglas many times this last ten years.",,speaker_attributed_dialogue,high,Project Gutenberg #3289 - The Valley of Fear
VOF,VOF_T00207,VOF_T00207_S01,the butler,,"And so have I, Many a time when the master has rolled up his sleeves I have noticed that very mark.",I’ve often wondered what it could be.,speaker_attributed_dialogue,high,Project Gutenberg #3289 - The Valley of Fear
VOF,VOF_T00207,VOF_T00207_S02,the butler,"And so have I, Many a time when the master has rolled up his sleeves I have noticed that very mark.",I’ve often wondered what it could be.,,speaker_attributed_dialogue,high,Project Gutenberg #3289 - The Valley of Fear
VOF,VOF_T00208,VOF_T00208_S01,the sergeant,,"Then it has nothing to do with the crime, anyhow, But it’s a rum thing all the same.",Everything about this case is rum.,speaker_attributed_dialogue,high,Project Gutenberg #3289 - The Valley of Fear
VOF,VOF_T00208,VOF_T00208_S02,the sergeant,"Then it has nothing to do with the crime, anyhow, But it’s a rum thing all the same.",Everything about this case is rum.,"Well, what is it now?",speaker_attributed_dialogue,high,Project Gutenberg #3289 - The Valley of Fear
VOF,VOF_T00208,VOF_T00208_S03,the sergeant,Everything about this case is rum.,"Well, what is it now?",,speaker_attributed_dialogue,high,Project Gutenberg #3289 - The Valley of Fear
VOF,VOF_T00209,VOF_T00209_S01,Unknown,,They’ve taken his wedding ring!,,dialogue_candidate,review,Project Gutenberg #3289 - The Valley of Fear
VOF,VOF_T00210,VOF_T00210_S01,Unknown,,What!,,dialogue_candidate,review,Project Gutenberg #3289 - The Valley of Fear
VOF,VOF_T00211,VOF_T00211_S01,Unknown,,"Yes, indeed.",Master always wore his plain gold wedding ring on the little finger of his left hand.,dialogue_candidate,review,Project Gutenberg #3289 - The Valley of Fear
VOF,VOF_T00211,VOF_T00211_S02,Unknown,"Yes, indeed.",Master always wore his plain gold wedding ring on the little finger of his left hand.,"That ring with the rough nugget on it was above it, and the twisted snake ring on the third finger.",dialogue_candidate,review,Project Gutenberg #3289 - The Valley of Fear
VOF,VOF_T00211,VOF_T00211_S03,Unknown,Master always wore his plain gold wedding ring on the little finger of his left hand.,"That ring with the rough nugget on it was above it, and the twisted snake ring on the third finger.","There’s the nugget and there’s the snake, but the wedding ring is gone.",dialogue_candidate,review,Project Gutenberg #3289 - The Valley of Fear
VOF,VOF_T00211,VOF_T00211_S04,Unknown,"That ring with the rough nugget on it was above it, and the twisted snake ring on the third finger.","There’s the nugget and there’s the snake, but the wedding ring is gone.",,dialogue_candidate,review,Project Gutenberg #3289 - The Valley of Fear
VOF,VOF_T00212,VOF_T00212_S01,Barker,,"He’s right, Do you tell me,",,speaker_attributed_dialogue,high,Project Gutenberg #3289 - The Valley of Fear
VOF,VOF_T00213,VOF_T00213_S01,Unknown,,that the wedding ring was _below_ the other?,,dialogue_candidate,review,Project Gutenberg #3289 - The Valley of Fear
VOF,VOF_T00214,VOF_T00214_S01,Unknown,,Always!,,dialogue_candidate,review,Project Gutenberg #3289 - The Valley of Fear
VOF,VOF_T00215,VOF_T00215_S01,Unknown,,"Then the murderer, or whoever it was, first took off this ring you call the nugget ring, then the wedding ring, and afterwards put the nugget ring back again.",,dialogue_candidate,review,Project Gutenberg #3289 - The Valley of Fear
VOF,VOF_T00216,VOF_T00216_S01,Unknown,,That is so!,,dialogue_candidate,review,Project Gutenberg #3289 - The Valley of Fear
VOF,VOF_T00217,VOF_T00217_S01,he,,"Seems to me the sooner we get London on to this case the better, White Mason is a smart man.",No local job has ever been too much for White Mason.,speaker_attributed_dialogue,high,Project Gutenberg #3289 - The Valley of Fear
VOF,VOF_T00217,VOF_T00217_S02,he,"Seems to me the sooner we get London on to this case the better, White Mason is a smart man.",No local job has ever been too much for White Mason.,It won’t be long now before he is here to help us.,speaker_attributed_dialogue,high,Project Gutenberg #3289 - The Valley of Fear
VOF,VOF_T00217,VOF_T00217_S03,he,No local job has ever been too much for White Mason.,It won’t be long now before he is here to help us.,But I expect we’ll have to look to London before we are through.,speaker_attributed_dialogue,high,Project Gutenberg #3289 - The Valley of Fear
VOF,VOF_T00217,VOF_T00217_S04,he,It won’t be long now before he is here to help us.,But I expect we’ll have to look to London before we are through.,"Anyhow, I’m not ashamed to say that it is a deal too thick for the likes of me.",speaker_attributed_dialogue,high,Project Gutenberg #3289 - The Valley of Fear
VOF,VOF_T00217,VOF_T00217_S05,he,But I expect we’ll have to look to London before we are through.,"Anyhow, I’m not ashamed to say that it is a deal too thick for the likes of me.",,speaker_attributed_dialogue,high,Project Gutenberg #3289 - The Valley of Fear
VOF,VOF_T00218,VOF_T00218_S01,Unknown,,"A real downright snorter, mr. MacDonald!",,dialogue_candidate,review,Project Gutenberg #3289 - The Valley of Fear
VOF,VOF_T00219,VOF_T00219_S01,Unknown,,We’ll have the pressmen down like flies when they understand it.,I’m hoping we will get our work done before they get poking their noses into it and messing up all the trails.,dialogue_candidate,review,Project Gutenberg #3289 - The Valley of Fear
VOF,VOF_T00219,VOF_T00219_S02,Unknown,We’ll have the pressmen down like flies when they understand it.,I’m hoping we will get our work done before they get poking their noses into it and messing up all the trails.,There has been nothing like this that I can remember.,dialogue_candidate,review,Project Gutenberg #3289 - The Valley of Fear
VOF,VOF_T00219,VOF_T00219_S03,Unknown,I’m hoping we will get our work done before they get poking their noses into it and messing up all the trails.,There has been nothing like this that I can remember.,"There are some bits that will come home to you, mr. Holmes, or I am mistaken.",dialogue_candidate,review,Project Gutenberg #3289 - The Valley of Fear
VOF,VOF_T00219,VOF_T00219_S04,Unknown,There has been nothing like this that I can remember.,"There are some bits that will come home to you, mr. Holmes, or I am mistaken.","And you also, dr. Watson; for the medicos will have a word to say before we finish.",dialogue_candidate,review,Project Gutenberg #3289 - The Valley of Fear
VOF,VOF_T00219,VOF_T00219_S05,Unknown,"There are some bits that will come home to you, mr. Holmes, or I am mistaken.","And you also, dr. Watson; for the medicos will have a word to say before we finish.",Your room is at the Westville Arms. There’s no other place; but I hear that it is clean and good.,dialogue_candidate,review,Project Gutenberg #3289 - The Valley of Fear
VOF,VOF_T00219,VOF_T00219_S06,Unknown,"And you also, dr. Watson; for the medicos will have a word to say before we finish.",Your room is at the Westville Arms. There’s no other place; but I hear that it is clean and good.,The man will carry your bags.,dialogue_candidate,review,Project Gutenberg #3289 - The Valley of Fear
VOF,VOF_T00219,VOF_T00219_S07,Unknown,Your room is at the Westville Arms. There’s no other place; but I hear that it is clean and good.,The man will carry your bags.,"This way, gentlemen, if you please.",dialogue_candidate,review,Project Gutenberg #3289 - The Valley of Fear
VOF,VOF_T00219,VOF_T00219_S08,Unknown,The man will carry your bags.,"This way, gentlemen, if you please.",,dialogue_candidate,review,Project Gutenberg #3289 - The Valley of Fear
VOF,VOF_T00220,VOF_T00220_S01,Unknown,,Remarkable!,,dialogue_candidate,review,Project Gutenberg #3289 - The Valley of Fear
VOF,VOF_T00221,VOF_T00221_S01,Unknown,,most remarkable!,I can hardly recall any case where the features have been more peculiar.,dialogue_candidate,review,Project Gutenberg #3289 - The Valley of Fear
VOF,VOF_T00221,VOF_T00221_S02,Unknown,most remarkable!,I can hardly recall any case where the features have been more peculiar.,,dialogue_candidate,review,Project Gutenberg #3289 - The Valley of Fear
VOF,VOF_T00222,VOF_T00222_S01,White Mason in great,,"I thought you would say so, mr. Holmes, We’re well up with the times in Sussex.","I’ve told you now how matters were, up to the time when I took over from Sergeant Wilson between three and four this morning.",speaker_attributed_dialogue,high,Project Gutenberg #3289 - The Valley of Fear
VOF,VOF_T00222,VOF_T00222_S02,White Mason in great,"I thought you would say so, mr. Holmes, We’re well up with the times in Sussex.","I’ve told you now how matters were, up to the time when I took over from Sergeant Wilson between three and four this morning.",My word!,speaker_attributed_dialogue,high,Project Gutenberg #3289 - The Valley of Fear
VOF,VOF_T00222,VOF_T00222_S03,White Mason in great,"I’ve told you now how matters were, up to the time when I took over from Sergeant Wilson between three and four this morning.",My word!,I made the old mare go!,speaker_attributed_dialogue,high,Project Gutenberg #3289 - The Valley of Fear
VOF,VOF_T00222,VOF_T00222_S04,White Mason in great,My word!,I made the old mare go!,"But I need not have been in such a hurry, as it turned out; for there was nothing immediate that I could do.",speaker_attributed_dialogue,high,Project Gutenberg #3289 - The Valley of Fear
VOF,VOF_T00222,VOF_T00222_S05,White Mason in great,I made the old mare go!,"But I need not have been in such a hurry, as it turned out; for there was nothing immediate that I could do.",Sergeant Wilson had all the facts.,speaker_attributed_dialogue,high,Project Gutenberg #3289 - The Valley of Fear
VOF,VOF_T00222,VOF_T00222_S06,White Mason in great,"But I need not have been in such a hurry, as it turned out; for there was nothing immediate that I could do.",Sergeant Wilson had all the facts.,I checked them and considered them and maybe added a few of my own.,speaker_attributed_dialogue,high,Project Gutenberg #3289 - The Valley of Fear
VOF,VOF_T00222,VOF_T00222_S07,White Mason in great,Sergeant Wilson had all the facts.,I checked them and considered them and maybe added a few of my own.,,speaker_attributed_dialogue,high,Project Gutenberg #3289 - The Valley of Fear
VOF,VOF_T00223,VOF_T00223_S01,Holmes,,What were they?,"Well, I first had the hammer examined.",speaker_attributed_dialogue,high,Project Gutenberg #3289 - The Valley of Fear
VOF,VOF_T00223,VOF_T00223_S02,Holmes,What were they?,"Well, I first had the hammer examined.",There was dr. Wood there to help me.,speaker_attributed_dialogue,high,Project Gutenberg #3289 - The Valley of Fear
VOF,VOF_T00223,VOF_T00223_S03,Holmes,"Well, I first had the hammer examined.",There was dr. Wood there to help me.,We found no signs of violence upon it.,speaker_attributed_dialogue,high,Project Gutenberg #3289 - The Valley of Fear
VOF,VOF_T00223,VOF_T00223_S04,Holmes,There was dr. Wood there to help me.,We found no signs of violence upon it.,"I was hoping that if mr. Douglas defended himself with the hammer, he might have left his mark upon the murderer before he dropped it on the mat.",speaker_attributed_dialogue,high,Project Gutenberg #3289 - The Valley of Fear
VOF,VOF_T00223,VOF_T00223_S05,Holmes,We found no signs of violence upon it.,"I was hoping that if mr. Douglas defended himself with the hammer, he might have left his mark upon the murderer before he dropped it on the mat.",But there was no stain.,speaker_attributed_dialogue,high,Project Gutenberg #3289 - The Valley of Fear
VOF,VOF_T00223,VOF_T00223_S06,Holmes,"I was hoping that if mr. Douglas defended himself with the hammer, he might have left his mark upon the murderer before he dropped it on the mat.",But there was no stain.,,speaker_attributed_dialogue,high,Project Gutenberg #3289 - The Valley of Fear
VOF,VOF_T00224,VOF_T00224_S01,I,,"That, of course, proves nothing at all, There has been many a hammer murder and no trace on the hammer.",,speaker_attributed_dialogue,high,Project Gutenberg #3289 - The Valley of Fear
VOF,VOF_T00225,VOF_T00225_S01,Unknown,,Quite so.,It doesn’t prove it wasn’t used.,dialogue_candidate,review,Project Gutenberg #3289 - The Valley of Fear
VOF,VOF_T00225,VOF_T00225_S02,Unknown,Quite so.,It doesn’t prove it wasn’t used.,"But there might have been stains, and that would have helped us.",dialogue_candidate,review,Project Gutenberg #3289 - The Valley of Fear
VOF,VOF_T00225,VOF_T00225_S03,Unknown,It doesn’t prove it wasn’t used.,"But there might have been stains, and that would have helped us.",As a matter of fact there were none.,dialogue_candidate,review,Project Gutenberg #3289 - The Valley of Fear
VOF,VOF_T00225,VOF_T00225_S04,Unknown,"But there might have been stains, and that would have helped us.",As a matter of fact there were none.,Then I examined the gun.,dialogue_candidate,review,Project Gutenberg #3289 - The Valley of Fear
VOF,VOF_T00225,VOF_T00225_S05,Unknown,As a matter of fact there were none.,Then I examined the gun.,"They were buckshot cartridges, and, as Sergeant Wilson pointed out, the triggers were wired together so that, if you pulled on the hinder one, both barrels were discharged.",dialogue_candidate,review,Project Gutenberg #3289 - The Valley of Fear
VOF,VOF_T00225,VOF_T00225_S06,Unknown,Then I examined the gun.,"They were buckshot cartridges, and, as Sergeant Wilson pointed out, the triggers were wired together so that, if you pulled on the hinder one, both barrels were discharged.",Whoever fixed that up had made up his mind that he was going to take no chances of missing his man.,dialogue_candidate,review,Project Gutenberg #3289 - The Valley of Fear
VOF,VOF_T00225,VOF_T00225_S07,Unknown,"They were buckshot cartridges, and, as Sergeant Wilson pointed out, the triggers were wired together so that, if you pulled on the hinder one, both barrels were discharged.",Whoever fixed that up had made up his mind that he was going to take no chances of missing his man.,The sawed gun was not more than two foot long—one could carry it easily under one’s coat.,dialogue_candidate,review,Project Gutenberg #3289 - The Valley of Fear
VOF,VOF_T00225,VOF_T00225_S08,Unknown,Whoever fixed that up had made up his mind that he was going to take no chances of missing his man.,The sawed gun was not more than two foot long—one could carry it easily under one’s coat.,"There was no complete maker’s name; but the printed letters P-E-N were on the fluting between the barrels, and the rest of the name had been cut off by the saw.",dialogue_candidate,review,Project Gutenberg #3289 - The Valley of Fear
VOF,VOF_T00225,VOF_T00225_S09,Unknown,The sawed gun was not more than two foot long—one could carry it easily under one’s coat.,"There was no complete maker’s name; but the printed letters P-E-N were on the fluting between the barrels, and the rest of the name had been cut off by the saw.",,dialogue_candidate,review,Project Gutenberg #3289 - The Valley of Fear
VOF,VOF_T00226,VOF_T00226_S01,Holmes,,"A big P with a flourish above it, E and N smaller?",Exactly.,speaker_attributed_dialogue,high,Project Gutenberg #3289 - The Valley of Fear
VOF,VOF_T00226,VOF_T00226_S02,Holmes,"A big P with a flourish above it, E and N smaller?",Exactly.,,speaker_attributed_dialogue,high,Project Gutenberg #3289 - The Valley of Fear
VOF,VOF_T00227,VOF_T00227_S01,Unknown,,"Pennsylvania Small Arms Company—well-known American firm, That is very helpful, mr. Holmes.",No doubt you are right.,speaker_attributed_dialogue,review,Project Gutenberg #3289 - The Valley of Fear
VOF,VOF_T00227,VOF_T00227_S02,Unknown,"Pennsylvania Small Arms Company—well-known American firm, That is very helpful, mr. Holmes.",No doubt you are right.,Wonderful!,speaker_attributed_dialogue,review,Project Gutenberg #3289 - The Valley of Fear
VOF,VOF_T00227,VOF_T00227_S03,Unknown,No doubt you are right.,Wonderful!,Wonderful!,speaker_attributed_dialogue,review,Project Gutenberg #3289 - The Valley of Fear
VOF,VOF_T00227,VOF_T00227_S04,Unknown,Wonderful!,Wonderful!,Do you carry the names of all the gun makers in the world in your memory?,speaker_attributed_dialogue,review,Project Gutenberg #3289 - The Valley of Fear
VOF,VOF_T00227,VOF_T00227_S05,Unknown,Wonderful!,Do you carry the names of all the gun makers in the world in your memory?,,speaker_attributed_dialogue,review,Project Gutenberg #3289 - The Valley of Fear
VOF,VOF_T00228,VOF_T00228_S01,Unknown,,"No doubt it is an American shotgun,",,dialogue_candidate,review,Project Gutenberg #3289 - The Valley of Fear
VOF,VOF_T00229,VOF_T00229_S01,Unknown,,I seem to have read that a sawed-off shotgun is a weapon used in some parts of America.,"Apart from the name upon the barrel, the idea had occurred to me.",dialogue_candidate,review,Project Gutenberg #3289 - The Valley of Fear
VOF,VOF_T00229,VOF_T00229_S02,Unknown,I seem to have read that a sawed-off shotgun is a weapon used in some parts of America.,"Apart from the name upon the barrel, the idea had occurred to me.","There is some evidence then, that this man who entered the house and killed its master was an American.",dialogue_candidate,review,Project Gutenberg #3289 - The Valley of Fear
VOF,VOF_T00229,VOF_T00229_S03,Unknown,"Apart from the name upon the barrel, the idea had occurred to me.","There is some evidence then, that this man who entered the house and killed its master was an American.",,dialogue_candidate,review,Project Gutenberg #3289 - The Valley of Fear
VOF,VOF_T00230,VOF_T00230_S01,he,,"Man, you are surely travelling overfast, I have heard no evidence yet that any stranger was ever in the house at all.",,speaker_attributed_dialogue,high,Project Gutenberg #3289 - The Valley of Fear
VOF,VOF_T00231,VOF_T00231_S01,Unknown,,"The open window, the blood on the sill, the queer card, the marks of boots in the corner, the gun!",,dialogue_candidate,review,Project Gutenberg #3289 - The Valley of Fear
VOF,VOF_T00232,VOF_T00232_S01,Unknown,,"Nothing there that could not have been arranged. mr. Douglas was an American, or had lived long in America.",So had mr. Barker.,dialogue_candidate,review,Project Gutenberg #3289 - The Valley of Fear
VOF,VOF_T00232,VOF_T00232_S02,Unknown,"Nothing there that could not have been arranged. mr. Douglas was an American, or had lived long in America.",So had mr. Barker.,You don’t need to import an American from outside in order to account for American doings.,dialogue_candidate,review,Project Gutenberg #3289 - The Valley of Fear
VOF,VOF_T00232,VOF_T00232_S03,Unknown,So had mr. Barker.,You don’t need to import an American from outside in order to account for American doings.,,dialogue_candidate,review,Project Gutenberg #3289 - The Valley of Fear
VOF,VOF_T00233,VOF_T00233_S01,Unknown,,"Ames, the butler—",,dialogue_candidate,review,Project Gutenberg #3289 - The Valley of Fear
VOF,VOF_T00234,VOF_T00234_S01,Unknown,,What about him?,Is he reliable?,dialogue_candidate,review,Project Gutenberg #3289 - The Valley of Fear
VOF,VOF_T00234,VOF_T00234_S02,Unknown,What about him?,Is he reliable?,,dialogue_candidate,review,Project Gutenberg #3289 - The Valley of Fear
VOF,VOF_T00235,VOF_T00235_S01,Unknown,,Ten years with Sir Charles Chandos—as solid as a rock.,He has been with Douglas ever since he took the Manor House five years ago.,dialogue_candidate,review,Project Gutenberg #3289 - The Valley of Fear
VOF,VOF_T00235,VOF_T00235_S02,Unknown,Ten years with Sir Charles Chandos—as solid as a rock.,He has been with Douglas ever since he took the Manor House five years ago.,He has never seen a gun of this sort in the house.,dialogue_candidate,review,Project Gutenberg #3289 - The Valley of Fear
VOF,VOF_T00235,VOF_T00235_S03,Unknown,He has been with Douglas ever since he took the Manor House five years ago.,He has never seen a gun of this sort in the house.,,dialogue_candidate,review,Project Gutenberg #3289 - The Valley of Fear
VOF,VOF_T00236,VOF_T00236_S01,Unknown,,The gun was made to conceal.,That’s why the barrels were sawed.,dialogue_candidate,review,Project Gutenberg #3289 - The Valley of Fear
VOF,VOF_T00236,VOF_T00236_S02,Unknown,The gun was made to conceal.,That’s why the barrels were sawed.,It would fit into any box.,dialogue_candidate,review,Project Gutenberg #3289 - The Valley of Fear
VOF,VOF_T00236,VOF_T00236_S03,Unknown,That’s why the barrels were sawed.,It would fit into any box.,How could he swear there was no such gun in the house?,dialogue_candidate,review,Project Gutenberg #3289 - The Valley of Fear
VOF,VOF_T00236,VOF_T00236_S04,Unknown,It would fit into any box.,How could he swear there was no such gun in the house?,,dialogue_candidate,review,Project Gutenberg #3289 - The Valley of Fear
VOF,VOF_T00237,VOF_T00237_S01,Unknown,,"Well, anyhow, he had never seen one.",,dialogue_candidate,review,Project Gutenberg #3289 - The Valley of Fear
VOF,VOF_T00238,VOF_T00238_S01,he,,"I’m not convinced yet that there was ever anyone in the house, I’m asking you to conseedar",,speaker_attributed_dialogue,high,Project Gutenberg #3289 - The Valley of Fear
VOF,VOF_T00239,VOF_T00239_S01,Unknown,,"I’m asking you to conseedar what it involves if you suppose that this gun was ever brought into the house, and that all these strange things were done by a person from outside.","Oh, man, it’s just inconceivable!",dialogue_candidate,review,Project Gutenberg #3289 - The Valley of Fear
VOF,VOF_T00239,VOF_T00239_S02,Unknown,"I’m asking you to conseedar what it involves if you suppose that this gun was ever brought into the house, and that all these strange things were done by a person from outside.","Oh, man, it’s just inconceivable!",It’s clean against common sense!,dialogue_candidate,review,Project Gutenberg #3289 - The Valley of Fear
VOF,VOF_T00239,VOF_T00239_S03,Unknown,"Oh, man, it’s just inconceivable!",It’s clean against common sense!,"I put it to you, mr. Holmes, judging it by what we have heard.",dialogue_candidate,review,Project Gutenberg #3289 - The Valley of Fear
VOF,VOF_T00239,VOF_T00239_S04,Unknown,It’s clean against common sense!,"I put it to you, mr. Holmes, judging it by what we have heard.",,dialogue_candidate,review,Project Gutenberg #3289 - The Valley of Fear
VOF,VOF_T00240,VOF_T00240_S01,Holmes,,"Well, state your case, mr. Mac, The man is not a burglar, supposing that he ever existed.",The ring business and the card point to premeditated murder for some private reason.,speaker_attributed_dialogue,high,Project Gutenberg #3289 - The Valley of Fear
VOF,VOF_T00240,VOF_T00240_S02,Holmes,"Well, state your case, mr. Mac, The man is not a burglar, supposing that he ever existed.",The ring business and the card point to premeditated murder for some private reason.,Very good.,speaker_attributed_dialogue,high,Project Gutenberg #3289 - The Valley of Fear
VOF,VOF_T00240,VOF_T00240_S03,Holmes,The ring business and the card point to premeditated murder for some private reason.,Very good.,Here is a man who slips into a house with the deliberate intention of committing murder.,speaker_attributed_dialogue,high,Project Gutenberg #3289 - The Valley of Fear
VOF,VOF_T00240,VOF_T00240_S04,Holmes,Very good.,Here is a man who slips into a house with the deliberate intention of committing murder.,"He knows, if he knows anything, that he will have a deeficulty in making his escape, as the house is surrounded with water.",speaker_attributed_dialogue,high,Project Gutenberg #3289 - The Valley of Fear
VOF,VOF_T00240,VOF_T00240_S05,Holmes,Here is a man who slips into a house with the deliberate intention of committing murder.,"He knows, if he knows anything, that he will have a deeficulty in making his escape, as the house is surrounded with water.",What weapon would he choose?,speaker_attributed_dialogue,high,Project Gutenberg #3289 - The Valley of Fear
VOF,VOF_T00240,VOF_T00240_S06,Holmes,"He knows, if he knows anything, that he will have a deeficulty in making his escape, as the house is surrounded with water.",What weapon would he choose?,You would say the most silent in the world.,speaker_attributed_dialogue,high,Project Gutenberg #3289 - The Valley of Fear
VOF,VOF_T00240,VOF_T00240_S07,Holmes,What weapon would he choose?,You would say the most silent in the world.,"Then he could hope when the deed was done to slip quickly from the window, to wade the moat, and to get away at his leisure.",speaker_attributed_dialogue,high,Project Gutenberg #3289 - The Valley of Fear
VOF,VOF_T00240,VOF_T00240_S08,Holmes,You would say the most silent in the world.,"Then he could hope when the deed was done to slip quickly from the window, to wade the moat, and to get away at his leisure.",That’s understandable.,speaker_attributed_dialogue,high,Project Gutenberg #3289 - The Valley of Fear
VOF,VOF_T00240,VOF_T00240_S09,Holmes,"Then he could hope when the deed was done to slip quickly from the window, to wade the moat, and to get away at his leisure.",That’s understandable.,"But is it understandable that he should go out of his way to bring with him the most noisy weapon he could select, knowing well that it will fetch every human being in the house to the spot as quick as they can run, and that it is all odds that he will be seen before he can get across the moat?",speaker_attributed_dialogue,high,Project Gutenberg #3289 - The Valley of Fear
VOF,VOF_T00240,VOF_T00240_S10,Holmes,That’s understandable.,"But is it understandable that he should go out of his way to bring with him the most noisy weapon he could select, knowing well that it will fetch every human being in the house to the spot as quick as they can run, and that it is all odds that he will be seen before he can get across the moat?","Is that credible, mr. Holmes?",speaker_attributed_dialogue,high,Project Gutenberg #3289 - The Valley of Fear
VOF,VOF_T00240,VOF_T00240_S11,Holmes,"But is it understandable that he should go out of his way to bring with him the most noisy weapon he could select, knowing well that it will fetch every human being in the house to the spot as quick as they can run, and that it is all odds that he will be seen before he can get across the moat?","Is that credible, mr. Holmes?",,speaker_attributed_dialogue,high,Project Gutenberg #3289 - The Valley of Fear
VOF,VOF_T00241,VOF_T00241_S01,Unknown,,"Well, you put the case strongly,",,dialogue_candidate,review,Project Gutenberg #3289 - The Valley of Fear
VOF,VOF_T00242,VOF_T00242_S01,Unknown,,It certainly needs a good deal of justification.,"May I ask, mr. White Mason, whether you examined the farther side of the moat at once to see if there were any signs of the man having climbed out from the water?",dialogue_candidate,review,Project Gutenberg #3289 - The Valley of Fear
VOF,VOF_T00242,VOF_T00242_S02,Unknown,It certainly needs a good deal of justification.,"May I ask, mr. White Mason, whether you examined the farther side of the moat at once to see if there were any signs of the man having climbed out from the water?",,dialogue_candidate,review,Project Gutenberg #3289 - The Valley of Fear
VOF,VOF_T00243,VOF_T00243_S01,Unknown,,"There were no signs, mr. Holmes.","But it is a stone ledge, and one could hardly expect them.",dialogue_candidate,review,Project Gutenberg #3289 - The Valley of Fear
VOF,VOF_T00243,VOF_T00243_S02,Unknown,"There were no signs, mr. Holmes.","But it is a stone ledge, and one could hardly expect them.",,dialogue_candidate,review,Project Gutenberg #3289 - The Valley of Fear
VOF,VOF_T00244,VOF_T00244_S01,Unknown,,No tracks or marks?,,dialogue_candidate,review,Project Gutenberg #3289 - The Valley of Fear
VOF,VOF_T00245,VOF_T00245_S01,Unknown,,None.,,dialogue_candidate,review,Project Gutenberg #3289 - The Valley of Fear
VOF,VOF_T00246,VOF_T00246_S01,Unknown,,Ha!,"Would there be any objection, mr. White Mason, to our going down to the house at once?",dialogue_candidate,review,Project Gutenberg #3289 - The Valley of Fear
VOF,VOF_T00246,VOF_T00246_S02,Unknown,Ha!,"Would there be any objection, mr. White Mason, to our going down to the house at once?",There may possibly be some small point which might be suggestive.,dialogue_candidate,review,Project Gutenberg #3289 - The Valley of Fear
VOF,VOF_T00246,VOF_T00246_S03,Unknown,"Would there be any objection, mr. White Mason, to our going down to the house at once?",There may possibly be some small point which might be suggestive.,,dialogue_candidate,review,Project Gutenberg #3289 - The Valley of Fear
VOF,VOF_T00247,VOF_T00247_S01,Unknown,,"I was going to propose it, mr. Holmes; but I thought it well to put you in touch with all the facts before we go.",I suppose if anything should strike you—,dialogue_candidate,review,Project Gutenberg #3289 - The Valley of Fear
VOF,VOF_T00247,VOF_T00247_S02,Unknown,"I was going to propose it, mr. Holmes; but I thought it well to put you in touch with all the facts before we go.",I suppose if anything should strike you—,,dialogue_candidate,review,Project Gutenberg #3289 - The Valley of Fear
VOF,VOF_T00248,VOF_T00248_S01,I,,"I have worked with mr. Holmes before, He plays the game.",,speaker_attributed_dialogue,high,Project Gutenberg #3289 - The Valley of Fear
VOF,VOF_T00249,VOF_T00249_S01,Holmes,,"My own idea of the game, at any rate, I go into a case to help the ends of justice and the work of the police.","If I have ever separated myself from the official force, it is because they have first separated themselves from me.",speaker_attributed_dialogue,high,Project Gutenberg #3289 - The Valley of Fear
VOF,VOF_T00249,VOF_T00249_S02,Holmes,"My own idea of the game, at any rate, I go into a case to help the ends of justice and the work of the police.","If I have ever separated myself from the official force, it is because they have first separated themselves from me.",I have no wish ever to score at their expense.,speaker_attributed_dialogue,high,Project Gutenberg #3289 - The Valley of Fear
VOF,VOF_T00249,VOF_T00249_S03,Holmes,"If I have ever separated myself from the official force, it is because they have first separated themselves from me.",I have no wish ever to score at their expense.,"At the same time, mr. White Mason, I claim the right to work in my own way and give my results at my own time—complete rather than in stages.",speaker_attributed_dialogue,high,Project Gutenberg #3289 - The Valley of Fear
VOF,VOF_T00249,VOF_T00249_S04,Holmes,I have no wish ever to score at their expense.,"At the same time, mr. White Mason, I claim the right to work in my own way and give my results at my own time—complete rather than in stages.",,speaker_attributed_dialogue,high,Project Gutenberg #3289 - The Valley of Fear
VOF,VOF_T00250,VOF_T00250_S01,White Mason,,"I am sure we are honoured by your presence and to show you all we know, Come along, dr. Watson, and when the time comes we’ll all hope for a place in your book.",,speaker_attributed_dialogue,high,Project Gutenberg #3289 - The Valley of Fear
VOF,VOF_T00251,VOF_T00251_S01,White Mason,,"That’s the window, that one on the immediate right of the drawbridge.",It’s open just as it was found last night.,speaker_attributed_dialogue,high,Project Gutenberg #3289 - The Valley of Fear
VOF,VOF_T00251,VOF_T00251_S02,White Mason,"That’s the window, that one on the immediate right of the drawbridge.",It’s open just as it was found last night.,,speaker_attributed_dialogue,high,Project Gutenberg #3289 - The Valley of Fear
VOF,VOF_T00252,VOF_T00252_S01,Unknown,,It looks rather narrow for a man to pass.,,dialogue_candidate,review,Project Gutenberg #3289 - The Valley of Fear
VOF,VOF_T00253,VOF_T00253_S01,Unknown,,"Well, it wasn’t a fat man, anyhow.","We don’t need your deductions, mr. Holmes, to tell us that.",dialogue_candidate,review,Project Gutenberg #3289 - The Valley of Fear
VOF,VOF_T00253,VOF_T00253_S02,Unknown,"Well, it wasn’t a fat man, anyhow.","We don’t need your deductions, mr. Holmes, to tell us that.",But you or I could squeeze through all right.,dialogue_candidate,review,Project Gutenberg #3289 - The Valley of Fear
VOF,VOF_T00253,VOF_T00253_S03,Unknown,"We don’t need your deductions, mr. Holmes, to tell us that.",But you or I could squeeze through all right.,,dialogue_candidate,review,Project Gutenberg #3289 - The Valley of Fear
VOF,VOF_T00254,VOF_T00254_S01,White Mason,,"I’ve had a good look, mr. Holmes, There is nothing there, no sign that anyone has landed—but why should he leave any sign?",,speaker_attributed_dialogue,high,Project Gutenberg #3289 - The Valley of Fear
VOF,VOF_T00255,VOF_T00255_S01,Unknown,,Exactly.,Why should he?,dialogue_candidate,review,Project Gutenberg #3289 - The Valley of Fear
VOF,VOF_T00255,VOF_T00255_S02,Unknown,Exactly.,Why should he?,Is the water always turbid?,dialogue_candidate,review,Project Gutenberg #3289 - The Valley of Fear
VOF,VOF_T00255,VOF_T00255_S03,Unknown,Why should he?,Is the water always turbid?,,dialogue_candidate,review,Project Gutenberg #3289 - The Valley of Fear
VOF,VOF_T00256,VOF_T00256_S01,Unknown,,Generally about this colour.,The stream brings down the clay.,dialogue_candidate,review,Project Gutenberg #3289 - The Valley of Fear
VOF,VOF_T00256,VOF_T00256_S02,Unknown,Generally about this colour.,The stream brings down the clay.,,dialogue_candidate,review,Project Gutenberg #3289 - The Valley of Fear
VOF,VOF_T00257,VOF_T00257_S01,Unknown,,How deep is it?,,dialogue_candidate,review,Project Gutenberg #3289 - The Valley of Fear
VOF,VOF_T00258,VOF_T00258_S01,Unknown,,About two feet at each side and three in the middle.,,dialogue_candidate,review,Project Gutenberg #3289 - The Valley of Fear
VOF,VOF_T00259,VOF_T00259_S01,Unknown,,So we can put aside all idea of the man having been drowned in crossing.,,dialogue_candidate,review,Project Gutenberg #3289 - The Valley of Fear
VOF,VOF_T00260,VOF_T00260_S01,Unknown,,"No, a child could not be drowned in it.",,dialogue_candidate,review,Project Gutenberg #3289 - The Valley of Fear
VOF,VOF_T00261,VOF_T00261_S01,White Mason,,"Anything fresh, Sergeant Wilson?","No, sir.",speaker_attributed_dialogue,high,Project Gutenberg #3289 - The Valley of Fear
VOF,VOF_T00261,VOF_T00261_S02,White Mason,"Anything fresh, Sergeant Wilson?","No, sir.",,speaker_attributed_dialogue,high,Project Gutenberg #3289 - The Valley of Fear
VOF,VOF_T00262,VOF_T00262_S01,Unknown,,Then you can go home.,You’ve had enough.,dialogue_candidate,review,Project Gutenberg #3289 - The Valley of Fear
VOF,VOF_T00262,VOF_T00262_S02,Unknown,Then you can go home.,You’ve had enough.,We can send for you if we want you.,dialogue_candidate,review,Project Gutenberg #3289 - The Valley of Fear
VOF,VOF_T00262,VOF_T00262_S03,Unknown,You’ve had enough.,We can send for you if we want you.,The butler had better wait outside.,dialogue_candidate,review,Project Gutenberg #3289 - The Valley of Fear
VOF,VOF_T00262,VOF_T00262_S04,Unknown,We can send for you if we want you.,The butler had better wait outside.,"Tell him to warn mr. Cecil Barker, mrs. Douglas, and the housekeeper that we may want a word with them presently.",dialogue_candidate,review,Project Gutenberg #3289 - The Valley of Fear
VOF,VOF_T00262,VOF_T00262_S05,Unknown,The butler had better wait outside.,"Tell him to warn mr. Cecil Barker, mrs. Douglas, and the housekeeper that we may want a word with them presently.","Now, gentlemen, perhaps you will allow me to give you the views I have formed first, and then you will be able to arrive at your own.",dialogue_candidate,review,Project Gutenberg #3289 - The Valley of Fear
VOF,VOF_T00262,VOF_T00262_S06,Unknown,"Tell him to warn mr. Cecil Barker, mrs. Douglas, and the housekeeper that we may want a word with them presently.","Now, gentlemen, perhaps you will allow me to give you the views I have formed first, and then you will be able to arrive at your own.",,dialogue_candidate,review,Project Gutenberg #3289 - The Valley of Fear
VOF,VOF_T00263,VOF_T00263_S01,Unknown,,"Is it suicide, or is it murder—that’s our first question, gentlemen, is it not?","If it were suicide, then we have to believe that this man began by taking off his wedding ring and concealing it; that he then came down here in his dressing gown, trampled mud into a corner behind the curtain in order to give the idea someone had waited for him, opened the window, put blood on the—",dialogue_candidate,review,Project Gutenberg #3289 - The Valley of Fear
VOF,VOF_T00263,VOF_T00263_S02,Unknown,"Is it suicide, or is it murder—that’s our first question, gentlemen, is it not?","If it were suicide, then we have to believe that this man began by taking off his wedding ring and concealing it; that he then came down here in his dressing gown, trampled mud into a corner behind the curtain in order to give the idea someone had waited for him, opened the window, put blood on the—",,dialogue_candidate,review,Project Gutenberg #3289 - The Valley of Fear
VOF,VOF_T00264,VOF_T00264_S01,MacDonald,,"We can surely dismiss that, So I think.",Suicide is out of the question.,speaker_attributed_dialogue,high,Project Gutenberg #3289 - The Valley of Fear
VOF,VOF_T00264,VOF_T00264_S02,MacDonald,"We can surely dismiss that, So I think.",Suicide is out of the question.,Then a murder has been done.,speaker_attributed_dialogue,high,Project Gutenberg #3289 - The Valley of Fear
VOF,VOF_T00264,VOF_T00264_S03,MacDonald,Suicide is out of the question.,Then a murder has been done.,"What we have to determine is, whether it was done by someone outside or inside the house.",speaker_attributed_dialogue,high,Project Gutenberg #3289 - The Valley of Fear
VOF,VOF_T00264,VOF_T00264_S04,MacDonald,Then a murder has been done.,"What we have to determine is, whether it was done by someone outside or inside the house.",,speaker_attributed_dialogue,high,Project Gutenberg #3289 - The Valley of Fear
VOF,VOF_T00265,VOF_T00265_S01,Unknown,,"Well, let’s hear the argument.",,dialogue_candidate,review,Project Gutenberg #3289 - The Valley of Fear
VOF,VOF_T00266,VOF_T00266_S01,Unknown,,"There are considerable difficulties both ways, and yet one or the other it must be.",We will suppose first that some person or persons inside the house did the crime.,dialogue_candidate,review,Project Gutenberg #3289 - The Valley of Fear
VOF,VOF_T00266,VOF_T00266_S02,Unknown,"There are considerable difficulties both ways, and yet one or the other it must be.",We will suppose first that some person or persons inside the house did the crime.,They got this man down here at a time when everything was still and yet no one was asleep.,dialogue_candidate,review,Project Gutenberg #3289 - The Valley of Fear
VOF,VOF_T00266,VOF_T00266_S03,Unknown,We will suppose first that some person or persons inside the house did the crime.,They got this man down here at a time when everything was still and yet no one was asleep.,They then did the deed with the queerest and noisiest weapon in the world so as to tell everyone what had happened—a weapon that was never seen in the house before.,dialogue_candidate,review,Project Gutenberg #3289 - The Valley of Fear
VOF,VOF_T00266,VOF_T00266_S04,Unknown,They got this man down here at a time when everything was still and yet no one was asleep.,They then did the deed with the queerest and noisiest weapon in the world so as to tell everyone what had happened—a weapon that was never seen in the house before.,"That does not seem a very likely start, does it?",dialogue_candidate,review,Project Gutenberg #3289 - The Valley of Fear
VOF,VOF_T00266,VOF_T00266_S05,Unknown,They then did the deed with the queerest and noisiest weapon in the world so as to tell everyone what had happened—a weapon that was never seen in the house before.,"That does not seem a very likely start, does it?",,dialogue_candidate,review,Project Gutenberg #3289 - The Valley of Fear
VOF,VOF_T00267,VOF_T00267_S01,Unknown,,"No, it does not.",,dialogue_candidate,review,Project Gutenberg #3289 - The Valley of Fear
VOF,VOF_T00268,VOF_T00268_S01,Unknown,,"Well, then, everyone is agreed that after the alarm was given only a minute at the most had passed before the whole household—not mr. Cecil Barker alone, though he claims to have been the first, but Ames and all of them were on the spot.","Do you tell me that in that time the guilty person managed to make footmarks in the corner, open the window, mark the sill with blood, take the wedding ring off the dead man’s finger, and all the rest of it?",dialogue_candidate,review,Project Gutenberg #3289 - The Valley of Fear
VOF,VOF_T00268,VOF_T00268_S02,Unknown,"Well, then, everyone is agreed that after the alarm was given only a minute at the most had passed before the whole household—not mr. Cecil Barker alone, though he claims to have been the first, but Ames and all of them were on the spot.","Do you tell me that in that time the guilty person managed to make footmarks in the corner, open the window, mark the sill with blood, take the wedding ring off the dead man’s finger, and all the rest of it?",It’s impossible!,dialogue_candidate,review,Project Gutenberg #3289 - The Valley of Fear
VOF,VOF_T00268,VOF_T00268_S03,Unknown,"Do you tell me that in that time the guilty person managed to make footmarks in the corner, open the window, mark the sill with blood, take the wedding ring off the dead man’s finger, and all the rest of it?",It’s impossible!,,dialogue_candidate,review,Project Gutenberg #3289 - The Valley of Fear
VOF,VOF_T00269,VOF_T00269_S01,Holmes,,"You put it very clearly, I am inclined to agree with you.",,speaker_attributed_dialogue,high,Project Gutenberg #3289 - The Valley of Fear
VOF,VOF_T00270,VOF_T00270_S01,Unknown,,"Well, then, we are driven back to the theory that it was done by someone from outside.",We are still faced with some big difficulties; but anyhow they have ceased to be impossibilities.,dialogue_candidate,review,Project Gutenberg #3289 - The Valley of Fear
VOF,VOF_T00270,VOF_T00270_S02,Unknown,"Well, then, we are driven back to the theory that it was done by someone from outside.",We are still faced with some big difficulties; but anyhow they have ceased to be impossibilities.,"The man got into the house between four-thirty and six; that is to say, between dusk and the time when the bridge was raised.",dialogue_candidate,review,Project Gutenberg #3289 - The Valley of Fear
VOF,VOF_T00270,VOF_T00270_S03,Unknown,We are still faced with some big difficulties; but anyhow they have ceased to be impossibilities.,"The man got into the house between four-thirty and six; that is to say, between dusk and the time when the bridge was raised.","There had been some visitors, and the door was open; so there was nothing to prevent him.",dialogue_candidate,review,Project Gutenberg #3289 - The Valley of Fear
VOF,VOF_T00270,VOF_T00270_S04,Unknown,"The man got into the house between four-thirty and six; that is to say, between dusk and the time when the bridge was raised.","There had been some visitors, and the door was open; so there was nothing to prevent him.","He may have been a common burglar, or he may have had some private grudge against mr. Douglas.",dialogue_candidate,review,Project Gutenberg #3289 - The Valley of Fear
VOF,VOF_T00270,VOF_T00270_S05,Unknown,"There had been some visitors, and the door was open; so there was nothing to prevent him.","He may have been a common burglar, or he may have had some private grudge against mr. Douglas.","Since mr. Douglas has spent most of his life in America, and this shotgun seems to be an American weapon, it would seem that the private grudge is the more likely theory.",dialogue_candidate,review,Project Gutenberg #3289 - The Valley of Fear
VOF,VOF_T00270,VOF_T00270_S06,Unknown,"He may have been a common burglar, or he may have had some private grudge against mr. Douglas.","Since mr. Douglas has spent most of his life in America, and this shotgun seems to be an American weapon, it would seem that the private grudge is the more likely theory.","He slipped into this room because it was the first he came to, and he hid behind the curtain.",dialogue_candidate,review,Project Gutenberg #3289 - The Valley of Fear
VOF,VOF_T00270,VOF_T00270_S07,Unknown,"Since mr. Douglas has spent most of his life in America, and this shotgun seems to be an American weapon, it would seem that the private grudge is the more likely theory.","He slipped into this room because it was the first he came to, and he hid behind the curtain.",There he remained until past eleven at night.,dialogue_candidate,review,Project Gutenberg #3289 - The Valley of Fear
VOF,VOF_T00270,VOF_T00270_S08,Unknown,"He slipped into this room because it was the first he came to, and he hid behind the curtain.",There he remained until past eleven at night.,At that time mr. Douglas entered the room.,dialogue_candidate,review,Project Gutenberg #3289 - The Valley of Fear
VOF,VOF_T00270,VOF_T00270_S09,Unknown,There he remained until past eleven at night.,At that time mr. Douglas entered the room.,"It was a short interview, if there were any interview at all; for mrs. Douglas declares that her husband had not left her more than a few minutes when she heard the shot.",dialogue_candidate,review,Project Gutenberg #3289 - The Valley of Fear
VOF,VOF_T00270,VOF_T00270_S10,Unknown,At that time mr. Douglas entered the room.,"It was a short interview, if there were any interview at all; for mrs. Douglas declares that her husband had not left her more than a few minutes when she heard the shot.",,dialogue_candidate,review,Project Gutenberg #3289 - The Valley of Fear
VOF,VOF_T00271,VOF_T00271_S01,Holmes,,"The candle shows that, Exactly.","The candle, which was a new one, is not burned more than half an inch.",speaker_attributed_dialogue,high,Project Gutenberg #3289 - The Valley of Fear
VOF,VOF_T00271,VOF_T00271_S02,Holmes,"The candle shows that, Exactly.","The candle, which was a new one, is not burned more than half an inch.","He must have placed it on the table before he was attacked; otherwise, of course, it would have fallen when he fell.",speaker_attributed_dialogue,high,Project Gutenberg #3289 - The Valley of Fear
VOF,VOF_T00271,VOF_T00271_S03,Holmes,"The candle, which was a new one, is not burned more than half an inch.","He must have placed it on the table before he was attacked; otherwise, of course, it would have fallen when he fell.",This shows that he was not attacked the instant that he entered the room.,speaker_attributed_dialogue,high,Project Gutenberg #3289 - The Valley of Fear
VOF,VOF_T00271,VOF_T00271_S04,Holmes,"He must have placed it on the table before he was attacked; otherwise, of course, it would have fallen when he fell.",This shows that he was not attacked the instant that he entered the room.,When mr. Barker arrived the candle was lit and the lamp was out.,speaker_attributed_dialogue,high,Project Gutenberg #3289 - The Valley of Fear
VOF,VOF_T00271,VOF_T00271_S05,Holmes,This shows that he was not attacked the instant that he entered the room.,When mr. Barker arrived the candle was lit and the lamp was out.,,speaker_attributed_dialogue,high,Project Gutenberg #3289 - The Valley of Fear
VOF,VOF_T00272,VOF_T00272_S01,Unknown,,That’s all clear enough.,,dialogue_candidate,review,Project Gutenberg #3289 - The Valley of Fear
VOF,VOF_T00273,VOF_T00273_S01,Unknown,,"Well, now, we can reconstruct things on those lines. mr. Douglas enters the room.",He puts down the candle.,dialogue_candidate,review,Project Gutenberg #3289 - The Valley of Fear
VOF,VOF_T00273,VOF_T00273_S02,Unknown,"Well, now, we can reconstruct things on those lines. mr. Douglas enters the room.",He puts down the candle.,A man appears from behind the curtain.,dialogue_candidate,review,Project Gutenberg #3289 - The Valley of Fear
VOF,VOF_T00273,VOF_T00273_S03,Unknown,He puts down the candle.,A man appears from behind the curtain.,He is armed with this gun.,dialogue_candidate,review,Project Gutenberg #3289 - The Valley of Fear
VOF,VOF_T00273,VOF_T00273_S04,Unknown,A man appears from behind the curtain.,He is armed with this gun.,"He demands the wedding ring—Heaven only knows why, but so it must have been. mr. Douglas gave it up.",dialogue_candidate,review,Project Gutenberg #3289 - The Valley of Fear
VOF,VOF_T00273,VOF_T00273_S05,Unknown,He is armed with this gun.,"He demands the wedding ring—Heaven only knows why, but so it must have been. mr. Douglas gave it up.",Then either in cold blood or in the course of a struggle—Douglas may have gripped the hammer that was found upon the mat—he shot Douglas in this horrible way.,dialogue_candidate,review,Project Gutenberg #3289 - The Valley of Fear
VOF,VOF_T00273,VOF_T00273_S06,Unknown,"He demands the wedding ring—Heaven only knows why, but so it must have been. mr. Douglas gave it up.",Then either in cold blood or in the course of a struggle—Douglas may have gripped the hammer that was found upon the mat—he shot Douglas in this horrible way.,"He dropped his gun and also it would seem this queer card—V.V. 341, whatever that may mean—and he made his escape through the window and across the moat at the very moment when Cecil Barker was discovering the crime.",dialogue_candidate,review,Project Gutenberg #3289 - The Valley of Fear
VOF,VOF_T00273,VOF_T00273_S07,Unknown,Then either in cold blood or in the course of a struggle—Douglas may have gripped the hammer that was found upon the mat—he shot Douglas in this horrible way.,"He dropped his gun and also it would seem this queer card—V.V. 341, whatever that may mean—and he made his escape through the window and across the moat at the very moment when Cecil Barker was discovering the crime.","How’s that, mr. Holmes?",dialogue_candidate,review,Project Gutenberg #3289 - The Valley of Fear
VOF,VOF_T00273,VOF_T00273_S08,Unknown,"He dropped his gun and also it would seem this queer card—V.V. 341, whatever that may mean—and he made his escape through the window and across the moat at the very moment when Cecil Barker was discovering the crime.","How’s that, mr. Holmes?",,dialogue_candidate,review,Project Gutenberg #3289 - The Valley of Fear
VOF,VOF_T00274,VOF_T00274_S01,Unknown,,"Very interesting, but just a little unconvincing.",,dialogue_candidate,review,Project Gutenberg #3289 - The Valley of Fear
VOF,VOF_T00275,VOF_T00275_S01,MacDonald,,"Man, it would be absolute nonsense if it wasn’t that anything else is even worse!","Somebody killed the man, and whoever it was I could clearly prove to you that he should have done it some other way.",speaker_attributed_dialogue,high,Project Gutenberg #3289 - The Valley of Fear
VOF,VOF_T00275,VOF_T00275_S02,MacDonald,"Man, it would be absolute nonsense if it wasn’t that anything else is even worse!","Somebody killed the man, and whoever it was I could clearly prove to you that he should have done it some other way.",What does he mean by allowing his retreat to be cut off like that?,speaker_attributed_dialogue,high,Project Gutenberg #3289 - The Valley of Fear
VOF,VOF_T00275,VOF_T00275_S03,MacDonald,"Somebody killed the man, and whoever it was I could clearly prove to you that he should have done it some other way.",What does he mean by allowing his retreat to be cut off like that?,What does he mean by using a shotgun when silence was his one chance of escape?,speaker_attributed_dialogue,high,Project Gutenberg #3289 - The Valley of Fear
VOF,VOF_T00275,VOF_T00275_S04,MacDonald,What does he mean by allowing his retreat to be cut off like that?,What does he mean by using a shotgun when silence was his one chance of escape?,"Come, mr. Holmes, it’s up to you to give us a lead, since you say mr. White Mason’s theory is unconvincing.",speaker_attributed_dialogue,high,Project Gutenberg #3289 - The Valley of Fear
VOF,VOF_T00275,VOF_T00275_S05,MacDonald,What does he mean by using a shotgun when silence was his one chance of escape?,"Come, mr. Holmes, it’s up to you to give us a lead, since you say mr. White Mason’s theory is unconvincing.",,speaker_attributed_dialogue,high,Project Gutenberg #3289 - The Valley of Fear
VOF,VOF_T00276,VOF_T00276_S01,he,,"I should like a few more facts before I get so far as a theory, mr. Mac, Dear me! these injuries are really appalling.",Can we have the butler in for a moment?...,speaker_attributed_dialogue,high,Project Gutenberg #3289 - The Valley of Fear
VOF,VOF_T00276,VOF_T00276_S02,he,"I should like a few more facts before I get so far as a theory, mr. Mac, Dear me! these injuries are really appalling.",Can we have the butler in for a moment?...,"Ames, I understand that you have often seen this very unusual mark—a branded triangle inside a circle—upon mr. Douglas’s forearm?",speaker_attributed_dialogue,high,Project Gutenberg #3289 - The Valley of Fear
VOF,VOF_T00276,VOF_T00276_S03,he,Can we have the butler in for a moment?...,"Ames, I understand that you have often seen this very unusual mark—a branded triangle inside a circle—upon mr. Douglas’s forearm?",,speaker_attributed_dialogue,high,Project Gutenberg #3289 - The Valley of Fear
VOF,VOF_T00277,VOF_T00277_S01,Unknown,,"Frequently, sir.",,dialogue_candidate,review,Project Gutenberg #3289 - The Valley of Fear
VOF,VOF_T00278,VOF_T00278_S01,Unknown,,You never heard any speculation as to what it meant?,,dialogue_candidate,review,Project Gutenberg #3289 - The Valley of Fear
VOF,VOF_T00279,VOF_T00279_S01,Unknown,,"No, sir.",,dialogue_candidate,review,Project Gutenberg #3289 - The Valley of Fear
VOF,VOF_T00280,VOF_T00280_S01,Unknown,,It must have caused great pain when it was inflicted.,It is undoubtedly a burn.,dialogue_candidate,review,Project Gutenberg #3289 - The Valley of Fear
VOF,VOF_T00280,VOF_T00280_S02,Unknown,It must have caused great pain when it was inflicted.,It is undoubtedly a burn.,"Now, I observe, Ames, that there is a small piece of plaster at the angle of mr. Douglas’s jaw.",dialogue_candidate,review,Project Gutenberg #3289 - The Valley of Fear
VOF,VOF_T00280,VOF_T00280_S03,Unknown,It is undoubtedly a burn.,"Now, I observe, Ames, that there is a small piece of plaster at the angle of mr. Douglas’s jaw.",Did you observe that in life?,dialogue_candidate,review,Project Gutenberg #3289 - The Valley of Fear
VOF,VOF_T00280,VOF_T00280_S04,Unknown,"Now, I observe, Ames, that there is a small piece of plaster at the angle of mr. Douglas’s jaw.",Did you observe that in life?,,dialogue_candidate,review,Project Gutenberg #3289 - The Valley of Fear
VOF,VOF_T00281,VOF_T00281_S01,Unknown,,"Yes, sir, he cut himself in shaving yesterday morning.",,dialogue_candidate,review,Project Gutenberg #3289 - The Valley of Fear
VOF,VOF_T00282,VOF_T00282_S01,Unknown,,Did you ever know him to cut himself in shaving before?,,dialogue_candidate,review,Project Gutenberg #3289 - The Valley of Fear
VOF,VOF_T00283,VOF_T00283_S01,Unknown,,"Not for a very long time, sir.",,dialogue_candidate,review,Project Gutenberg #3289 - The Valley of Fear
VOF,VOF_T00284,VOF_T00284_S01,Holmes,,Suggestive!,"It may, of course, be a mere coincidence, or it may point to some nervousness which would indicate that he had reason to apprehend danger.",speaker_attributed_dialogue,high,Project Gutenberg #3289 - The Valley of Fear
VOF,VOF_T00284,VOF_T00284_S02,Holmes,Suggestive!,"It may, of course, be a mere coincidence, or it may point to some nervousness which would indicate that he had reason to apprehend danger.","Had you noticed anything unusual in his conduct, yesterday, Ames?",speaker_attributed_dialogue,high,Project Gutenberg #3289 - The Valley of Fear
VOF,VOF_T00284,VOF_T00284_S03,Holmes,"It may, of course, be a mere coincidence, or it may point to some nervousness which would indicate that he had reason to apprehend danger.","Had you noticed anything unusual in his conduct, yesterday, Ames?",,speaker_attributed_dialogue,high,Project Gutenberg #3289 - The Valley of Fear
VOF,VOF_T00285,VOF_T00285_S01,Unknown,,"It struck me that he was a little restless and excited, sir.",,dialogue_candidate,review,Project Gutenberg #3289 - The Valley of Fear
VOF,VOF_T00286,VOF_T00286_S01,Unknown,,Ha!,The attack may not have been entirely unexpected.,dialogue_candidate,review,Project Gutenberg #3289 - The Valley of Fear
VOF,VOF_T00286,VOF_T00286_S02,Unknown,Ha!,The attack may not have been entirely unexpected.,"We do seem to make a little progress, do we not?",dialogue_candidate,review,Project Gutenberg #3289 - The Valley of Fear
VOF,VOF_T00286,VOF_T00286_S03,Unknown,The attack may not have been entirely unexpected.,"We do seem to make a little progress, do we not?","Perhaps you would rather do the questioning, mr. Mac?",dialogue_candidate,review,Project Gutenberg #3289 - The Valley of Fear
VOF,VOF_T00286,VOF_T00286_S04,Unknown,"We do seem to make a little progress, do we not?","Perhaps you would rather do the questioning, mr. Mac?",,dialogue_candidate,review,Project Gutenberg #3289 - The Valley of Fear
VOF,VOF_T00287,VOF_T00287_S01,Unknown,,"No, mr. Holmes, it’s in better hands than mine.",,dialogue_candidate,review,Project Gutenberg #3289 - The Valley of Fear
VOF,VOF_T00288,VOF_T00288_S01,Unknown,,"Well, then, we will pass to this card—V.V. 341.",It is rough cardboard.,dialogue_candidate,review,Project Gutenberg #3289 - The Valley of Fear
VOF,VOF_T00288,VOF_T00288_S02,Unknown,"Well, then, we will pass to this card—V.V. 341.",It is rough cardboard.,Have you any of the sort in the house?,dialogue_candidate,review,Project Gutenberg #3289 - The Valley of Fear
VOF,VOF_T00288,VOF_T00288_S03,Unknown,It is rough cardboard.,Have you any of the sort in the house?,,dialogue_candidate,review,Project Gutenberg #3289 - The Valley of Fear
VOF,VOF_T00289,VOF_T00289_S01,Unknown,,I don’t think so.,,dialogue_candidate,review,Project Gutenberg #3289 - The Valley of Fear
VOF,VOF_T00290,VOF_T00290_S01,Unknown,,"It was not printed in this room,",,dialogue_candidate,review,Project Gutenberg #3289 - The Valley of Fear
VOF,VOF_T00291,VOF_T00291_S01,Unknown,,this is black ink and the other purplish.,"It was done by a thick pen, and these are fine.",dialogue_candidate,review,Project Gutenberg #3289 - The Valley of Fear
VOF,VOF_T00291,VOF_T00291_S02,Unknown,this is black ink and the other purplish.,"It was done by a thick pen, and these are fine.","No, it was done elsewhere, I should say.",dialogue_candidate,review,Project Gutenberg #3289 - The Valley of Fear
VOF,VOF_T00291,VOF_T00291_S03,Unknown,"It was done by a thick pen, and these are fine.","No, it was done elsewhere, I should say.","Can you make anything of the inscription, Ames?",dialogue_candidate,review,Project Gutenberg #3289 - The Valley of Fear
VOF,VOF_T00291,VOF_T00291_S04,Unknown,"No, it was done elsewhere, I should say.","Can you make anything of the inscription, Ames?",,dialogue_candidate,review,Project Gutenberg #3289 - The Valley of Fear
VOF,VOF_T00292,VOF_T00292_S01,Unknown,,"No, sir, nothing.",,dialogue_candidate,review,Project Gutenberg #3289 - The Valley of Fear
VOF,VOF_T00293,VOF_T00293_S01,Unknown,,"What do you think, mr. Mac?",,dialogue_candidate,review,Project Gutenberg #3289 - The Valley of Fear
VOF,VOF_T00294,VOF_T00294_S01,Unknown,,It gives me the impression of a secret society of some sort; the same with his badge upon the forearm.,,dialogue_candidate,review,Project Gutenberg #3289 - The Valley of Fear
VOF,VOF_T00295,VOF_T00295_S01,White Mason,,"That’s my idea, too, Well, we can adopt it as a working hypothesis and then see how far our difficulties disappear.","An agent from such a society makes his way into the house, waits for mr. Douglas, blows his head nearly off with this weapon, and escapes by wading the moat, after leaving a card beside the dead man, which will, when mentioned in the papers, tell other members of the society that vengeance has been done.",speaker_attributed_dialogue,high,Project Gutenberg #3289 - The Valley of Fear
VOF,VOF_T00295,VOF_T00295_S02,White Mason,"That’s my idea, too, Well, we can adopt it as a working hypothesis and then see how far our difficulties disappear.","An agent from such a society makes his way into the house, waits for mr. Douglas, blows his head nearly off with this weapon, and escapes by wading the moat, after leaving a card beside the dead man, which will, when mentioned in the papers, tell other members of the society that vengeance has been done.",That all hangs together.,speaker_attributed_dialogue,high,Project Gutenberg #3289 - The Valley of Fear
VOF,VOF_T00295,VOF_T00295_S03,White Mason,"An agent from such a society makes his way into the house, waits for mr. Douglas, blows his head nearly off with this weapon, and escapes by wading the moat, after leaving a card beside the dead man, which will, when mentioned in the papers, tell other members of the society that vengeance has been done.",That all hangs together.,"But why this gun, of all weapons?",speaker_attributed_dialogue,high,Project Gutenberg #3289 - The Valley of Fear
VOF,VOF_T00295,VOF_T00295_S04,White Mason,That all hangs together.,"But why this gun, of all weapons?",,speaker_attributed_dialogue,high,Project Gutenberg #3289 - The Valley of Fear
VOF,VOF_T00296,VOF_T00296_S01,Unknown,,Exactly.,,dialogue_candidate,review,Project Gutenberg #3289 - The Valley of Fear
VOF,VOF_T00297,VOF_T00297_S01,Unknown,,And why the missing ring?,,dialogue_candidate,review,Project Gutenberg #3289 - The Valley of Fear
VOF,VOF_T00298,VOF_T00298_S01,Unknown,,Quite so.,,dialogue_candidate,review,Project Gutenberg #3289 - The Valley of Fear
VOF,VOF_T00299,VOF_T00299_S01,Unknown,,And why no arrest?,It’s past two now.,dialogue_candidate,review,Project Gutenberg #3289 - The Valley of Fear
VOF,VOF_T00299,VOF_T00299_S02,Unknown,And why no arrest?,It’s past two now.,I take it for granted that since dawn every constable within forty miles has been looking out for a wet stranger?,dialogue_candidate,review,Project Gutenberg #3289 - The Valley of Fear
VOF,VOF_T00299,VOF_T00299_S03,Unknown,It’s past two now.,I take it for granted that since dawn every constable within forty miles has been looking out for a wet stranger?,,dialogue_candidate,review,Project Gutenberg #3289 - The Valley of Fear
VOF,VOF_T00300,VOF_T00300_S01,Unknown,,"That is so, mr. Holmes.",,dialogue_candidate,review,Project Gutenberg #3289 - The Valley of Fear
VOF,VOF_T00301,VOF_T00301_S01,Unknown,,"Well, unless he has a burrow close by or a change of clothes ready, they can hardly miss him.",And yet they _have_ missed him up to now!,dialogue_candidate,review,Project Gutenberg #3289 - The Valley of Fear
VOF,VOF_T00301,VOF_T00301_S02,Unknown,"Well, unless he has a burrow close by or a change of clothes ready, they can hardly miss him.",And yet they _have_ missed him up to now!,,dialogue_candidate,review,Project Gutenberg #3289 - The Valley of Fear
VOF,VOF_T00302,VOF_T00302_S01,Unknown,,It is clearly the tread of a shoe.,"It is remarkably broad; a splay-foot, one would say.",dialogue_candidate,review,Project Gutenberg #3289 - The Valley of Fear
VOF,VOF_T00302,VOF_T00302_S02,Unknown,It is clearly the tread of a shoe.,"It is remarkably broad; a splay-foot, one would say.","Curious, because, so far as one can trace any footmark in this mud-stained corner, one would say it was a more shapely sole.",dialogue_candidate,review,Project Gutenberg #3289 - The Valley of Fear
VOF,VOF_T00302,VOF_T00302_S03,Unknown,"It is remarkably broad; a splay-foot, one would say.","Curious, because, so far as one can trace any footmark in this mud-stained corner, one would say it was a more shapely sole.","However, they are certainly very indistinct.",dialogue_candidate,review,Project Gutenberg #3289 - The Valley of Fear
VOF,VOF_T00302,VOF_T00302_S04,Unknown,"Curious, because, so far as one can trace any footmark in this mud-stained corner, one would say it was a more shapely sole.","However, they are certainly very indistinct.",What’s this under the side table?,dialogue_candidate,review,Project Gutenberg #3289 - The Valley of Fear
VOF,VOF_T00302,VOF_T00302_S05,Unknown,"However, they are certainly very indistinct.",What’s this under the side table?,,dialogue_candidate,review,Project Gutenberg #3289 - The Valley of Fear
VOF,VOF_T00303,VOF_T00303_S01,Ames,,"mr. Douglas’s dumb-bells, Dumb-bell—there’s only one.",Where’s the other?,speaker_attributed_dialogue,high,Project Gutenberg #3289 - The Valley of Fear
VOF,VOF_T00303,VOF_T00303_S02,Ames,"mr. Douglas’s dumb-bells, Dumb-bell—there’s only one.",Where’s the other?,,speaker_attributed_dialogue,high,Project Gutenberg #3289 - The Valley of Fear
VOF,VOF_T00304,VOF_T00304_S01,Unknown,,"I don’t know, mr. Holmes.",There may have been only one.,dialogue_candidate,review,Project Gutenberg #3289 - The Valley of Fear
VOF,VOF_T00304,VOF_T00304_S02,Unknown,"I don’t know, mr. Holmes.",There may have been only one.,I have not noticed them for months.,dialogue_candidate,review,Project Gutenberg #3289 - The Valley of Fear
VOF,VOF_T00304,VOF_T00304_S03,Unknown,There may have been only one.,I have not noticed them for months.,,dialogue_candidate,review,Project Gutenberg #3289 - The Valley of Fear
VOF,VOF_T00305,VOF_T00305_S01,Unknown,,One dumb-bell—,,dialogue_candidate,review,Project Gutenberg #3289 - The Valley of Fear
VOF,VOF_T00306,VOF_T00306_S01,he,,"Sorry to interrupt your consultation, but you should hear the latest news.",,speaker_attributed_dialogue,high,Project Gutenberg #3289 - The Valley of Fear
VOF,VOF_T00307,VOF_T00307_S01,Unknown,,An arrest?,,dialogue_candidate,review,Project Gutenberg #3289 - The Valley of Fear
VOF,VOF_T00308,VOF_T00308_S01,Unknown,,No such luck.,But they’ve found his bicycle.,dialogue_candidate,review,Project Gutenberg #3289 - The Valley of Fear
VOF,VOF_T00308,VOF_T00308_S02,Unknown,No such luck.,But they’ve found his bicycle.,The fellow left his bicycle behind him.,dialogue_candidate,review,Project Gutenberg #3289 - The Valley of Fear
VOF,VOF_T00308,VOF_T00308_S03,Unknown,But they’ve found his bicycle.,The fellow left his bicycle behind him.,Come and have a look.,dialogue_candidate,review,Project Gutenberg #3289 - The Valley of Fear
VOF,VOF_T00308,VOF_T00308_S04,Unknown,The fellow left his bicycle behind him.,Come and have a look.,It is within a hundred yards of the hall door.,dialogue_candidate,review,Project Gutenberg #3289 - The Valley of Fear
VOF,VOF_T00308,VOF_T00308_S05,Unknown,Come and have a look.,It is within a hundred yards of the hall door.,,dialogue_candidate,review,Project Gutenberg #3289 - The Valley of Fear
VOF,VOF_T00309,VOF_T00309_S01,the inspector,,"It would be a grand help to the police, if these things were numbered and registered.",But we must be thankful for what we’ve got.,speaker_attributed_dialogue,high,Project Gutenberg #3289 - The Valley of Fear
VOF,VOF_T00309,VOF_T00309_S02,the inspector,"It would be a grand help to the police, if these things were numbered and registered.",But we must be thankful for what we’ve got.,"If we can’t find where he went to, at least we are likely to get where he came from.",speaker_attributed_dialogue,high,Project Gutenberg #3289 - The Valley of Fear
VOF,VOF_T00309,VOF_T00309_S03,the inspector,But we must be thankful for what we’ve got.,"If we can’t find where he went to, at least we are likely to get where he came from.",But what in the name of all that is wonderful made the fellow leave it behind?,speaker_attributed_dialogue,high,Project Gutenberg #3289 - The Valley of Fear
VOF,VOF_T00309,VOF_T00309_S04,the inspector,"If we can’t find where he went to, at least we are likely to get where he came from.",But what in the name of all that is wonderful made the fellow leave it behind?,And how in the world has he got away without it?,speaker_attributed_dialogue,high,Project Gutenberg #3289 - The Valley of Fear
VOF,VOF_T00309,VOF_T00309_S05,the inspector,But what in the name of all that is wonderful made the fellow leave it behind?,And how in the world has he got away without it?,"We don’t seem to get a gleam of light in the case, mr. Holmes.",speaker_attributed_dialogue,high,Project Gutenberg #3289 - The Valley of Fear
VOF,VOF_T00309,VOF_T00309_S06,the inspector,And how in the world has he got away without it?,"We don’t seem to get a gleam of light in the case, mr. Holmes.",,speaker_attributed_dialogue,high,Project Gutenberg #3289 - The Valley of Fear
VOF,VOF_T00310,VOF_T00310_S01,Unknown,,Don’t we?,,dialogue_candidate,review,Project Gutenberg #3289 - The Valley of Fear
VOF,VOF_T00311,VOF_T00311_S01,Unknown,,I wonder!,,dialogue_candidate,review,Project Gutenberg #3289 - The Valley of Fear
VOF,VOF_T00312,VOF_T00312_S01,White Mason,,Have you seen all you want of the study?,"For the time,",speaker_attributed_dialogue,high,Project Gutenberg #3289 - The Valley of Fear
VOF,VOF_T00312,VOF_T00312_S02,White Mason,Have you seen all you want of the study?,"For the time,",,speaker_attributed_dialogue,high,Project Gutenberg #3289 - The Valley of Fear
VOF,VOF_T00313,VOF_T00313_S01,Unknown,,Then perhaps you would now like to hear the evidence of some of the people in the house.,"We could use the dining room, Ames.",dialogue_candidate,review,Project Gutenberg #3289 - The Valley of Fear
VOF,VOF_T00313,VOF_T00313_S02,Unknown,Then perhaps you would now like to hear the evidence of some of the people in the house.,"We could use the dining room, Ames.",Please come yourself first and tell us what you know.,dialogue_candidate,review,Project Gutenberg #3289 - The Valley of Fear
VOF,VOF_T00313,VOF_T00313_S03,Unknown,"We could use the dining room, Ames.",Please come yourself first and tell us what you know.,,dialogue_candidate,review,Project Gutenberg #3289 - The Valley of Fear
VOF,VOF_T00314,VOF_T00314_S01,Unknown,,"For God’s sake, go back to your room!",,dialogue_candidate,review,Project Gutenberg #3289 - The Valley of Fear
VOF,VOF_T00315,VOF_T00315_S01,Unknown,,Poor Jack is dead!,You can do nothing.,dialogue_candidate,review,Project Gutenberg #3289 - The Valley of Fear
VOF,VOF_T00315,VOF_T00315_S02,Unknown,Poor Jack is dead!,You can do nothing.,"For God’s sake, go back!",dialogue_candidate,review,Project Gutenberg #3289 - The Valley of Fear
VOF,VOF_T00315,VOF_T00315_S03,Unknown,You can do nothing.,"For God’s sake, go back!",,dialogue_candidate,review,Project Gutenberg #3289 - The Valley of Fear
VOF,VOF_T00316,VOF_T00316_S01,Unknown,,Take her up!,Stay with her!,dialogue_candidate,review,Project Gutenberg #3289 - The Valley of Fear
VOF,VOF_T00316,VOF_T00316_S02,Unknown,Take her up!,Stay with her!,,dialogue_candidate,review,Project Gutenberg #3289 - The Valley of Fear
VOF,VOF_T00317,VOF_T00317_S01,I,,How long were you with Douglas in California?,Five years altogether.,speaker_attributed_dialogue,high,Project Gutenberg #3289 - The Valley of Fear
VOF,VOF_T00317,VOF_T00317_S02,I,How long were you with Douglas in California?,Five years altogether.,,speaker_attributed_dialogue,high,Project Gutenberg #3289 - The Valley of Fear
VOF,VOF_T00318,VOF_T00318_S01,Unknown,,"He was a bachelor, you say?",,dialogue_candidate,review,Project Gutenberg #3289 - The Valley of Fear
VOF,VOF_T00319,VOF_T00319_S01,Unknown,,A widower.,,dialogue_candidate,review,Project Gutenberg #3289 - The Valley of Fear
VOF,VOF_T00320,VOF_T00320_S01,Unknown,,Have you ever heard where his first wife came from?,,dialogue_candidate,review,Project Gutenberg #3289 - The Valley of Fear
VOF,VOF_T00321,VOF_T00321_S01,Unknown,,"No, I remember his saying that she was of German extraction, and I have seen her portrait.",She was a very beautiful woman.,dialogue_candidate,review,Project Gutenberg #3289 - The Valley of Fear
VOF,VOF_T00321,VOF_T00321_S02,Unknown,"No, I remember his saying that she was of German extraction, and I have seen her portrait.",She was a very beautiful woman.,She died of typhoid the year before I met him.,dialogue_candidate,review,Project Gutenberg #3289 - The Valley of Fear
VOF,VOF_T00321,VOF_T00321_S03,Unknown,She was a very beautiful woman.,She died of typhoid the year before I met him.,,dialogue_candidate,review,Project Gutenberg #3289 - The Valley of Fear
VOF,VOF_T00322,VOF_T00322_S01,Unknown,,You don’t associate his past with any particular part of America?,,dialogue_candidate,review,Project Gutenberg #3289 - The Valley of Fear
VOF,VOF_T00323,VOF_T00323_S01,Unknown,,I have heard him talk of Chicago.,He knew that city well and had worked there.,dialogue_candidate,review,Project Gutenberg #3289 - The Valley of Fear
VOF,VOF_T00323,VOF_T00323_S02,Unknown,I have heard him talk of Chicago.,He knew that city well and had worked there.,I have heard him talk of the coal and iron districts.,dialogue_candidate,review,Project Gutenberg #3289 - The Valley of Fear
VOF,VOF_T00323,VOF_T00323_S03,Unknown,He knew that city well and had worked there.,I have heard him talk of the coal and iron districts.,He had travelled a good deal in his time.,dialogue_candidate,review,Project Gutenberg #3289 - The Valley of Fear
VOF,VOF_T00323,VOF_T00323_S04,Unknown,I have heard him talk of the coal and iron districts.,He had travelled a good deal in his time.,,dialogue_candidate,review,Project Gutenberg #3289 - The Valley of Fear
VOF,VOF_T00324,VOF_T00324_S01,Unknown,,Was he a politician?,Had this secret society to do with politics?,dialogue_candidate,review,Project Gutenberg #3289 - The Valley of Fear
VOF,VOF_T00324,VOF_T00324_S02,Unknown,Was he a politician?,Had this secret society to do with politics?,,dialogue_candidate,review,Project Gutenberg #3289 - The Valley of Fear
VOF,VOF_T00325,VOF_T00325_S01,Unknown,,"No, he cared nothing about politics.",,dialogue_candidate,review,Project Gutenberg #3289 - The Valley of Fear
VOF,VOF_T00326,VOF_T00326_S01,Unknown,,You have no reason to think it was criminal?,,dialogue_candidate,review,Project Gutenberg #3289 - The Valley of Fear
VOF,VOF_T00327,VOF_T00327_S01,Unknown,,"On the contrary, I never met a straighter man in my life.",,dialogue_candidate,review,Project Gutenberg #3289 - The Valley of Fear
VOF,VOF_T00328,VOF_T00328_S01,Unknown,,Was there anything curious about his life in California?,,dialogue_candidate,review,Project Gutenberg #3289 - The Valley of Fear
VOF,VOF_T00329,VOF_T00329_S01,Unknown,,He liked best to stay and to work at our claim in the mountains.,He would never go where other men were if he could help it.,dialogue_candidate,review,Project Gutenberg #3289 - The Valley of Fear
VOF,VOF_T00329,VOF_T00329_S02,Unknown,He liked best to stay and to work at our claim in the mountains.,He would never go where other men were if he could help it.,That’s why I first thought that someone was after him.,dialogue_candidate,review,Project Gutenberg #3289 - The Valley of Fear
VOF,VOF_T00329,VOF_T00329_S03,Unknown,He would never go where other men were if he could help it.,That’s why I first thought that someone was after him.,Then when he left so suddenly for Europe I made sure that it was so.,dialogue_candidate,review,Project Gutenberg #3289 - The Valley of Fear
VOF,VOF_T00329,VOF_T00329_S04,Unknown,That’s why I first thought that someone was after him.,Then when he left so suddenly for Europe I made sure that it was so.,I believe that he had a warning of some sort.,dialogue_candidate,review,Project Gutenberg #3289 - The Valley of Fear
VOF,VOF_T00329,VOF_T00329_S05,Unknown,Then when he left so suddenly for Europe I made sure that it was so.,I believe that he had a warning of some sort.,Within a week of his leaving half a dozen men were inquiring for him.,dialogue_candidate,review,Project Gutenberg #3289 - The Valley of Fear
VOF,VOF_T00329,VOF_T00329_S06,Unknown,I believe that he had a warning of some sort.,Within a week of his leaving half a dozen men were inquiring for him.,,dialogue_candidate,review,Project Gutenberg #3289 - The Valley of Fear
VOF,VOF_T00330,VOF_T00330_S01,Unknown,,What sort of men?,,dialogue_candidate,review,Project Gutenberg #3289 - The Valley of Fear
VOF,VOF_T00331,VOF_T00331_S01,Unknown,,"Well, they were a mighty hard-looking crowd.",They came up to the claim and wanted to know where he was.,dialogue_candidate,review,Project Gutenberg #3289 - The Valley of Fear
VOF,VOF_T00331,VOF_T00331_S02,Unknown,"Well, they were a mighty hard-looking crowd.",They came up to the claim and wanted to know where he was.,I told them that he was gone to Europe and that I did not know where to find him.,dialogue_candidate,review,Project Gutenberg #3289 - The Valley of Fear
VOF,VOF_T00331,VOF_T00331_S03,Unknown,They came up to the claim and wanted to know where he was.,I told them that he was gone to Europe and that I did not know where to find him.,They meant him no good—it was easy to see that.,dialogue_candidate,review,Project Gutenberg #3289 - The Valley of Fear
VOF,VOF_T00331,VOF_T00331_S04,Unknown,I told them that he was gone to Europe and that I did not know where to find him.,They meant him no good—it was easy to see that.,,dialogue_candidate,review,Project Gutenberg #3289 - The Valley of Fear
VOF,VOF_T00332,VOF_T00332_S01,Unknown,,Were these men Americans—Californians?,,dialogue_candidate,review,Project Gutenberg #3289 - The Valley of Fear
VOF,VOF_T00333,VOF_T00333_S01,Unknown,,"Well, I don’t know about Californians.","They were Americans, all right.",dialogue_candidate,review,Project Gutenberg #3289 - The Valley of Fear
VOF,VOF_T00333,VOF_T00333_S02,Unknown,"Well, I don’t know about Californians.","They were Americans, all right.",But they were not miners.,dialogue_candidate,review,Project Gutenberg #3289 - The Valley of Fear
VOF,VOF_T00333,VOF_T00333_S03,Unknown,"They were Americans, all right.",But they were not miners.,"I don’t know what they were, and was very glad to see their backs.",dialogue_candidate,review,Project Gutenberg #3289 - The Valley of Fear
VOF,VOF_T00333,VOF_T00333_S04,Unknown,But they were not miners.,"I don’t know what they were, and was very glad to see their backs.",,dialogue_candidate,review,Project Gutenberg #3289 - The Valley of Fear
VOF,VOF_T00334,VOF_T00334_S01,Unknown,,That was six years ago?,,dialogue_candidate,review,Project Gutenberg #3289 - The Valley of Fear
VOF,VOF_T00335,VOF_T00335_S01,Unknown,,Nearer seven.,,dialogue_candidate,review,Project Gutenberg #3289 - The Valley of Fear
VOF,VOF_T00336,VOF_T00336_S01,Unknown,,"And then you were together five years in California, so that this business dates back not less than eleven years at the least?",,dialogue_candidate,review,Project Gutenberg #3289 - The Valley of Fear
VOF,VOF_T00337,VOF_T00337_S01,Unknown,,That is so.,,dialogue_candidate,review,Project Gutenberg #3289 - The Valley of Fear
VOF,VOF_T00338,VOF_T00338_S01,Unknown,,It must be a very serious feud that would be kept up with such earnestness for as long as that.,It would be no light thing that would give rise to it.,dialogue_candidate,review,Project Gutenberg #3289 - The Valley of Fear
VOF,VOF_T00338,VOF_T00338_S02,Unknown,It must be a very serious feud that would be kept up with such earnestness for as long as that.,It would be no light thing that would give rise to it.,,dialogue_candidate,review,Project Gutenberg #3289 - The Valley of Fear
VOF,VOF_T00339,VOF_T00339_S01,Unknown,,I think it shadowed his whole life.,It was never quite out of his mind.,dialogue_candidate,review,Project Gutenberg #3289 - The Valley of Fear
VOF,VOF_T00339,VOF_T00339_S02,Unknown,I think it shadowed his whole life.,It was never quite out of his mind.,,dialogue_candidate,review,Project Gutenberg #3289 - The Valley of Fear
VOF,VOF_T00340,VOF_T00340_S01,Unknown,,"But if a man had a danger hanging over him, and knew what it was, don’t you think he would turn to the police for protection?",,dialogue_candidate,review,Project Gutenberg #3289 - The Valley of Fear
VOF,VOF_T00341,VOF_T00341_S01,Unknown,,Maybe it was some danger that he could not be protected against. There’s one thing you should know.,He always went about armed.,dialogue_candidate,review,Project Gutenberg #3289 - The Valley of Fear
VOF,VOF_T00341,VOF_T00341_S02,Unknown,Maybe it was some danger that he could not be protected against. There’s one thing you should know.,He always went about armed.,His revolver was never out of his pocket.,dialogue_candidate,review,Project Gutenberg #3289 - The Valley of Fear
VOF,VOF_T00341,VOF_T00341_S03,Unknown,He always went about armed.,His revolver was never out of his pocket.,"But, by bad luck, he was in his dressing gown and had left it in the bedroom last night.",dialogue_candidate,review,Project Gutenberg #3289 - The Valley of Fear
VOF,VOF_T00341,VOF_T00341_S04,Unknown,His revolver was never out of his pocket.,"But, by bad luck, he was in his dressing gown and had left it in the bedroom last night.","Once the bridge was up, I guess he thought he was safe.",dialogue_candidate,review,Project Gutenberg #3289 - The Valley of Fear
VOF,VOF_T00341,VOF_T00341_S05,Unknown,"But, by bad luck, he was in his dressing gown and had left it in the bedroom last night.","Once the bridge was up, I guess he thought he was safe.",,dialogue_candidate,review,Project Gutenberg #3289 - The Valley of Fear
VOF,VOF_T00342,VOF_T00342_S01,MacDonald,,"I should like these dates a little clearer, It is quite six years since Douglas left California.","You followed him next year, did you not?",speaker_attributed_dialogue,high,Project Gutenberg #3289 - The Valley of Fear
VOF,VOF_T00342,VOF_T00342_S02,MacDonald,"I should like these dates a little clearer, It is quite six years since Douglas left California.","You followed him next year, did you not?",,speaker_attributed_dialogue,high,Project Gutenberg #3289 - The Valley of Fear
VOF,VOF_T00343,VOF_T00343_S01,Unknown,,That is so.,,dialogue_candidate,review,Project Gutenberg #3289 - The Valley of Fear
VOF,VOF_T00344,VOF_T00344_S01,Unknown,,And he had been married five years.,You must have returned about the time of his marriage.,dialogue_candidate,review,Project Gutenberg #3289 - The Valley of Fear
VOF,VOF_T00344,VOF_T00344_S02,Unknown,And he had been married five years.,You must have returned about the time of his marriage.,,dialogue_candidate,review,Project Gutenberg #3289 - The Valley of Fear
VOF,VOF_T00345,VOF_T00345_S01,Unknown,,About a month before.,I was his best man.,dialogue_candidate,review,Project Gutenberg #3289 - The Valley of Fear
VOF,VOF_T00345,VOF_T00345_S02,Unknown,About a month before.,I was his best man.,,dialogue_candidate,review,Project Gutenberg #3289 - The Valley of Fear
VOF,VOF_T00346,VOF_T00346_S01,Unknown,,Did you know mrs. Douglas before her marriage?,,dialogue_candidate,review,Project Gutenberg #3289 - The Valley of Fear
VOF,VOF_T00347,VOF_T00347_S01,Unknown,,"No, I did not.",I had been away from England for ten years.,dialogue_candidate,review,Project Gutenberg #3289 - The Valley of Fear
VOF,VOF_T00347,VOF_T00347_S02,Unknown,"No, I did not.",I had been away from England for ten years.,,dialogue_candidate,review,Project Gutenberg #3289 - The Valley of Fear
VOF,VOF_T00348,VOF_T00348_S01,Unknown,,But you have seen a good deal of her since.,,dialogue_candidate,review,Project Gutenberg #3289 - The Valley of Fear
VOF,VOF_T00349,VOF_T00349_S01,Unknown,,"I have seen a good deal of _him_ since,",,dialogue_candidate,review,Project Gutenberg #3289 - The Valley of Fear
VOF,VOF_T00350,VOF_T00350_S01,Unknown,,"If I have seen her, it is because you cannot visit a man without knowing his wife.",If you imagine there is any connection—,dialogue_candidate,review,Project Gutenberg #3289 - The Valley of Fear
VOF,VOF_T00350,VOF_T00350_S02,Unknown,"If I have seen her, it is because you cannot visit a man without knowing his wife.",If you imagine there is any connection—,,dialogue_candidate,review,Project Gutenberg #3289 - The Valley of Fear
VOF,VOF_T00351,VOF_T00351_S01,Unknown,,"I imagine nothing, mr. Barker.",I am bound to make every inquiry which can bear upon the case.,dialogue_candidate,review,Project Gutenberg #3289 - The Valley of Fear
VOF,VOF_T00351,VOF_T00351_S02,Unknown,"I imagine nothing, mr. Barker.",I am bound to make every inquiry which can bear upon the case.,But I mean no offense.,dialogue_candidate,review,Project Gutenberg #3289 - The Valley of Fear
VOF,VOF_T00351,VOF_T00351_S03,Unknown,I am bound to make every inquiry which can bear upon the case.,But I mean no offense.,,dialogue_candidate,review,Project Gutenberg #3289 - The Valley of Fear
VOF,VOF_T00352,VOF_T00352_S01,Unknown,,"Some inquiries are offensive,",,dialogue_candidate,review,Project Gutenberg #3289 - The Valley of Fear
VOF,VOF_T00353,VOF_T00353_S01,Unknown,,It’s only the facts that we want.,It is in your interest and everyone’s interest that they should be cleared up.,dialogue_candidate,review,Project Gutenberg #3289 - The Valley of Fear
VOF,VOF_T00353,VOF_T00353_S02,Unknown,It’s only the facts that we want.,It is in your interest and everyone’s interest that they should be cleared up.,Did mr. Douglas entirely approve your friendship with his wife?,dialogue_candidate,review,Project Gutenberg #3289 - The Valley of Fear
VOF,VOF_T00353,VOF_T00353_S03,Unknown,It is in your interest and everyone’s interest that they should be cleared up.,Did mr. Douglas entirely approve your friendship with his wife?,,dialogue_candidate,review,Project Gutenberg #3289 - The Valley of Fear
VOF,VOF_T00354,VOF_T00354_S01,Unknown,,You have no right to ask such questions!,,dialogue_candidate,review,Project Gutenberg #3289 - The Valley of Fear
VOF,VOF_T00355,VOF_T00355_S01,Unknown,,What has this to do with the matter you are investigating?,,dialogue_candidate,review,Project Gutenberg #3289 - The Valley of Fear
VOF,VOF_T00356,VOF_T00356_S01,Unknown,,I must repeat the question.,,dialogue_candidate,review,Project Gutenberg #3289 - The Valley of Fear
VOF,VOF_T00357,VOF_T00357_S01,Unknown,,"Well, I refuse to answer.",,dialogue_candidate,review,Project Gutenberg #3289 - The Valley of Fear
VOF,VOF_T00358,VOF_T00358_S01,Unknown,,"You can refuse to answer; but you must be aware that your refusal is in itself an answer, for you would not refuse if you had not something to conceal.",,dialogue_candidate,review,Project Gutenberg #3289 - The Valley of Fear
VOF,VOF_T00359,VOF_T00359_S01,Unknown,,"Well, I guess you gentlemen are only doing your clear duty after all, and I have no right to stand in the way of it.",I’d only ask you not to worry mrs. Douglas over this matter; for she has enough upon her just now.,dialogue_candidate,review,Project Gutenberg #3289 - The Valley of Fear
VOF,VOF_T00359,VOF_T00359_S02,Unknown,"Well, I guess you gentlemen are only doing your clear duty after all, and I have no right to stand in the way of it.",I’d only ask you not to worry mrs. Douglas over this matter; for she has enough upon her just now.,"I may tell you that poor Douglas had just one fault in the world, and that was his jealousy.",dialogue_candidate,review,Project Gutenberg #3289 - The Valley of Fear
VOF,VOF_T00359,VOF_T00359_S03,Unknown,I’d only ask you not to worry mrs. Douglas over this matter; for she has enough upon her just now.,"I may tell you that poor Douglas had just one fault in the world, and that was his jealousy.",He was fond of me—no man could be fonder of a friend.,dialogue_candidate,review,Project Gutenberg #3289 - The Valley of Fear
VOF,VOF_T00359,VOF_T00359_S04,Unknown,"I may tell you that poor Douglas had just one fault in the world, and that was his jealousy.",He was fond of me—no man could be fonder of a friend.,And he was devoted to his wife.,dialogue_candidate,review,Project Gutenberg #3289 - The Valley of Fear
VOF,VOF_T00359,VOF_T00359_S05,Unknown,He was fond of me—no man could be fonder of a friend.,And he was devoted to his wife.,"He loved me to come here, and was forever sending for me.",dialogue_candidate,review,Project Gutenberg #3289 - The Valley of Fear
VOF,VOF_T00359,VOF_T00359_S06,Unknown,And he was devoted to his wife.,"He loved me to come here, and was forever sending for me.","And yet if his wife and I talked together or there seemed any sympathy between us, a kind of wave of jealousy would pass over him, and he would be off the handle and saying the wildest things in a moment.",dialogue_candidate,review,Project Gutenberg #3289 - The Valley of Fear
VOF,VOF_T00359,VOF_T00359_S07,Unknown,"He loved me to come here, and was forever sending for me.","And yet if his wife and I talked together or there seemed any sympathy between us, a kind of wave of jealousy would pass over him, and he would be off the handle and saying the wildest things in a moment.","More than once I’ve sworn off coming for that reason, and then he would write me such penitent, imploring letters that I just had to.",dialogue_candidate,review,Project Gutenberg #3289 - The Valley of Fear
VOF,VOF_T00359,VOF_T00359_S08,Unknown,"And yet if his wife and I talked together or there seemed any sympathy between us, a kind of wave of jealousy would pass over him, and he would be off the handle and saying the wildest things in a moment.","More than once I’ve sworn off coming for that reason, and then he would write me such penitent, imploring letters that I just had to.","But you can take it from me, gentlemen, if it was my last word, that no man ever had a more loving, faithful wife—and I can say also no friend could be more loyal than I!",dialogue_candidate,review,Project Gutenberg #3289 - The Valley of Fear
VOF,VOF_T00359,VOF_T00359_S09,Unknown,"More than once I’ve sworn off coming for that reason, and then he would write me such penitent, imploring letters that I just had to.","But you can take it from me, gentlemen, if it was my last word, that no man ever had a more loving, faithful wife—and I can say also no friend could be more loyal than I!",,dialogue_candidate,review,Project Gutenberg #3289 - The Valley of Fear
VOF,VOF_T00360,VOF_T00360_S01,he,,"You are aware, that the dead man’s wedding ring has been taken from his finger?",,speaker_attributed_dialogue,high,Project Gutenberg #3289 - The Valley of Fear
VOF,VOF_T00361,VOF_T00361_S01,Barker,,"So it appears, What do you mean by ‘appears’?",You know it as a fact.,speaker_attributed_dialogue,high,Project Gutenberg #3289 - The Valley of Fear
VOF,VOF_T00361,VOF_T00361_S02,Barker,"So it appears, What do you mean by ‘appears’?",You know it as a fact.,,speaker_attributed_dialogue,high,Project Gutenberg #3289 - The Valley of Fear
VOF,VOF_T00362,VOF_T00362_S01,Unknown,,When I said ‘appears’ I meant that it was conceivable that he had himself taken off the ring.,,dialogue_candidate,review,Project Gutenberg #3289 - The Valley of Fear
VOF,VOF_T00363,VOF_T00363_S01,Unknown,,"The mere fact that the ring should be absent, whoever may have removed it, would suggest to anyone’s mind, would it not, that the marriage and the tragedy were connected?",,dialogue_candidate,review,Project Gutenberg #3289 - The Valley of Fear
VOF,VOF_T00364,VOF_T00364_S01,Unknown,,"I can’t profess to say what it means,",,dialogue_candidate,review,Project Gutenberg #3289 - The Valley of Fear
VOF,VOF_T00365,VOF_T00365_S01,Unknown,,But if you mean to hint that it could reflect in any way upon this lady’s honour,,dialogue_candidate,review,Project Gutenberg #3289 - The Valley of Fear
VOF,VOF_T00366,VOF_T00366_S01,Unknown,,"well, you are on the wrong track, that’s all.",,dialogue_candidate,review,Project Gutenberg #3289 - The Valley of Fear
VOF,VOF_T00367,VOF_T00367_S01,MacDonald,,"I don’t know that I’ve anything else to ask you at present, There was one small point,",,speaker_attributed_dialogue,high,Project Gutenberg #3289 - The Valley of Fear
VOF,VOF_T00368,VOF_T00368_S01,Unknown,,"When you entered the room there was only a candle lighted on the table, was there not?",,dialogue_candidate,review,Project Gutenberg #3289 - The Valley of Fear
VOF,VOF_T00369,VOF_T00369_S01,Unknown,,"Yes, that was so.",,dialogue_candidate,review,Project Gutenberg #3289 - The Valley of Fear
VOF,VOF_T00370,VOF_T00370_S01,Unknown,,By its light you saw that some terrible incident had occurred?,,dialogue_candidate,review,Project Gutenberg #3289 - The Valley of Fear
VOF,VOF_T00371,VOF_T00371_S01,Unknown,,Exactly.,,dialogue_candidate,review,Project Gutenberg #3289 - The Valley of Fear
VOF,VOF_T00372,VOF_T00372_S01,Unknown,,You at once rang for help?,,dialogue_candidate,review,Project Gutenberg #3289 - The Valley of Fear
VOF,VOF_T00373,VOF_T00373_S01,Unknown,,Yes.,,dialogue_candidate,review,Project Gutenberg #3289 - The Valley of Fear
VOF,VOF_T00374,VOF_T00374_S01,Unknown,,And it arrived very speedily?,,dialogue_candidate,review,Project Gutenberg #3289 - The Valley of Fear
VOF,VOF_T00375,VOF_T00375_S01,Unknown,,Within a minute or so.,,dialogue_candidate,review,Project Gutenberg #3289 - The Valley of Fear
VOF,VOF_T00376,VOF_T00376_S01,Unknown,,And yet when they arrived they found that the candle was out and that the lamp had been lighted.,That seems very remarkable.,dialogue_candidate,review,Project Gutenberg #3289 - The Valley of Fear
VOF,VOF_T00376,VOF_T00376_S02,Unknown,And yet when they arrived they found that the candle was out and that the lamp had been lighted.,That seems very remarkable.,,dialogue_candidate,review,Project Gutenberg #3289 - The Valley of Fear
VOF,VOF_T00377,VOF_T00377_S01,Unknown,,"I don’t see that it was remarkable, mr. Holmes,",,dialogue_candidate,review,Project Gutenberg #3289 - The Valley of Fear
VOF,VOF_T00378,VOF_T00378_S01,Unknown,,The candle threw a very bad light.,My first thought was to get a better one.,dialogue_candidate,review,Project Gutenberg #3289 - The Valley of Fear
VOF,VOF_T00378,VOF_T00378_S02,Unknown,The candle threw a very bad light.,My first thought was to get a better one.,The lamp was on the table; so I lit it.,dialogue_candidate,review,Project Gutenberg #3289 - The Valley of Fear
VOF,VOF_T00378,VOF_T00378_S03,Unknown,My first thought was to get a better one.,The lamp was on the table; so I lit it.,,dialogue_candidate,review,Project Gutenberg #3289 - The Valley of Fear
VOF,VOF_T00379,VOF_T00379_S01,Unknown,,And blew out the candle?,,dialogue_candidate,review,Project Gutenberg #3289 - The Valley of Fear
VOF,VOF_T00380,VOF_T00380_S01,Unknown,,Exactly.,,dialogue_candidate,review,Project Gutenberg #3289 - The Valley of Fear
VOF,VOF_T00381,VOF_T00381_S01,Unknown,,Have you found anything out yet?,,dialogue_candidate,review,Project Gutenberg #3289 - The Valley of Fear
VOF,VOF_T00382,VOF_T00382_S01,the inspector,,"We have taken every possible step, mrs. Douglas, You may rest assured that nothing will be neglected.",,speaker_attributed_dialogue,high,Project Gutenberg #3289 - The Valley of Fear
VOF,VOF_T00383,VOF_T00383_S01,Unknown,,"Spare no money,",,dialogue_candidate,review,Project Gutenberg #3289 - The Valley of Fear
VOF,VOF_T00384,VOF_T00384_S01,Unknown,,It is my desire that every possible effort should be made.,,dialogue_candidate,review,Project Gutenberg #3289 - The Valley of Fear
VOF,VOF_T00385,VOF_T00385_S01,Unknown,,Perhaps you can tell us something which may throw some light upon the matter.,,dialogue_candidate,review,Project Gutenberg #3289 - The Valley of Fear
VOF,VOF_T00386,VOF_T00386_S01,Unknown,,I fear not; but all I know is at your service.,,dialogue_candidate,review,Project Gutenberg #3289 - The Valley of Fear
VOF,VOF_T00387,VOF_T00387_S01,Unknown,,We have heard from mr. Cecil Barker that you did not actually see—that you were never in the room where the tragedy occurred?,,dialogue_candidate,review,Project Gutenberg #3289 - The Valley of Fear
VOF,VOF_T00388,VOF_T00388_S01,Unknown,,"No, he turned me back upon the stairs.",He begged me to return to my room.,dialogue_candidate,review,Project Gutenberg #3289 - The Valley of Fear
VOF,VOF_T00388,VOF_T00388_S02,Unknown,"No, he turned me back upon the stairs.",He begged me to return to my room.,,dialogue_candidate,review,Project Gutenberg #3289 - The Valley of Fear
VOF,VOF_T00389,VOF_T00389_S01,Unknown,,Quite so.,"You had heard the shot, and you had at once come down.",dialogue_candidate,review,Project Gutenberg #3289 - The Valley of Fear
VOF,VOF_T00389,VOF_T00389_S02,Unknown,Quite so.,"You had heard the shot, and you had at once come down.",,dialogue_candidate,review,Project Gutenberg #3289 - The Valley of Fear
VOF,VOF_T00390,VOF_T00390_S01,Unknown,,I put on my dressing gown and then came down.,,dialogue_candidate,review,Project Gutenberg #3289 - The Valley of Fear
VOF,VOF_T00391,VOF_T00391_S01,Unknown,,How long was it after hearing the shot that you were stopped on the stair by mr. Barker?,,dialogue_candidate,review,Project Gutenberg #3289 - The Valley of Fear
VOF,VOF_T00392,VOF_T00392_S01,Unknown,,It may have been a couple of minutes.,It is so hard to reckon time at such a moment.,dialogue_candidate,review,Project Gutenberg #3289 - The Valley of Fear
VOF,VOF_T00392,VOF_T00392_S02,Unknown,It may have been a couple of minutes.,It is so hard to reckon time at such a moment.,He implored me not to go on.,dialogue_candidate,review,Project Gutenberg #3289 - The Valley of Fear
VOF,VOF_T00392,VOF_T00392_S03,Unknown,It is so hard to reckon time at such a moment.,He implored me not to go on.,He assured me that I could do nothing.,dialogue_candidate,review,Project Gutenberg #3289 - The Valley of Fear
VOF,VOF_T00392,VOF_T00392_S04,Unknown,He implored me not to go on.,He assured me that I could do nothing.,"Then mrs. Allen, the housekeeper, led me upstairs again.",dialogue_candidate,review,Project Gutenberg #3289 - The Valley of Fear
VOF,VOF_T00392,VOF_T00392_S05,Unknown,He assured me that I could do nothing.,"Then mrs. Allen, the housekeeper, led me upstairs again.",It was all like some dreadful dream.,dialogue_candidate,review,Project Gutenberg #3289 - The Valley of Fear
VOF,VOF_T00392,VOF_T00392_S06,Unknown,"Then mrs. Allen, the housekeeper, led me upstairs again.",It was all like some dreadful dream.,,dialogue_candidate,review,Project Gutenberg #3289 - The Valley of Fear
VOF,VOF_T00393,VOF_T00393_S01,Unknown,,Can you give us any idea how long your husband had been downstairs before you heard the shot?,,dialogue_candidate,review,Project Gutenberg #3289 - The Valley of Fear
VOF,VOF_T00394,VOF_T00394_S01,Unknown,,"No, I cannot say.","He went from his dressing room, and I did not hear him go.",dialogue_candidate,review,Project Gutenberg #3289 - The Valley of Fear
VOF,VOF_T00394,VOF_T00394_S02,Unknown,"No, I cannot say.","He went from his dressing room, and I did not hear him go.","He did the round of the house every night, for he was nervous of fire.",dialogue_candidate,review,Project Gutenberg #3289 - The Valley of Fear
VOF,VOF_T00394,VOF_T00394_S03,Unknown,"He went from his dressing room, and I did not hear him go.","He did the round of the house every night, for he was nervous of fire.",It is the only thing that I have ever known him nervous of.,dialogue_candidate,review,Project Gutenberg #3289 - The Valley of Fear
VOF,VOF_T00394,VOF_T00394_S04,Unknown,"He did the round of the house every night, for he was nervous of fire.",It is the only thing that I have ever known him nervous of.,,dialogue_candidate,review,Project Gutenberg #3289 - The Valley of Fear
VOF,VOF_T00395,VOF_T00395_S01,Unknown,,"That is just the point which I want to come to, mrs. Douglas.","You have known your husband only in England, have you not?",dialogue_candidate,review,Project Gutenberg #3289 - The Valley of Fear
VOF,VOF_T00395,VOF_T00395_S02,Unknown,"That is just the point which I want to come to, mrs. Douglas.","You have known your husband only in England, have you not?",,dialogue_candidate,review,Project Gutenberg #3289 - The Valley of Fear
VOF,VOF_T00396,VOF_T00396_S01,Unknown,,"Yes, we have been married five years.",,dialogue_candidate,review,Project Gutenberg #3289 - The Valley of Fear
VOF,VOF_T00397,VOF_T00397_S01,Unknown,,Have you heard him speak of anything which occurred in America and might bring some danger upon him?,,dialogue_candidate,review,Project Gutenberg #3289 - The Valley of Fear
VOF,VOF_T00398,VOF_T00398_S01,Unknown,,"Yes,",,dialogue_candidate,review,Project Gutenberg #3289 - The Valley of Fear
VOF,VOF_T00399,VOF_T00399_S01,Unknown,,I have always felt that there was a danger hanging over him.,He refused to discuss it with me.,dialogue_candidate,review,Project Gutenberg #3289 - The Valley of Fear
VOF,VOF_T00399,VOF_T00399_S02,Unknown,I have always felt that there was a danger hanging over him.,He refused to discuss it with me.,It was not from want of confidence in me—there was the most complete love and confidence between us—but it was out of his desire to keep all alarm away from me.,dialogue_candidate,review,Project Gutenberg #3289 - The Valley of Fear
VOF,VOF_T00399,VOF_T00399_S03,Unknown,He refused to discuss it with me.,It was not from want of confidence in me—there was the most complete love and confidence between us—but it was out of his desire to keep all alarm away from me.,"He thought I should brood over it if I knew all, and so he was silent.",dialogue_candidate,review,Project Gutenberg #3289 - The Valley of Fear
VOF,VOF_T00399,VOF_T00399_S04,Unknown,It was not from want of confidence in me—there was the most complete love and confidence between us—but it was out of his desire to keep all alarm away from me.,"He thought I should brood over it if I knew all, and so he was silent.",,dialogue_candidate,review,Project Gutenberg #3289 - The Valley of Fear
VOF,VOF_T00400,VOF_T00400_S01,Unknown,,"How did you know it, then?",,dialogue_candidate,review,Project Gutenberg #3289 - The Valley of Fear
VOF,VOF_T00401,VOF_T00401_S01,Unknown,,Can a husband ever carry about a secret all his life and a woman who loves him have no suspicion of it?,I knew it by his refusal to talk about some episodes in his American life.,dialogue_candidate,review,Project Gutenberg #3289 - The Valley of Fear
VOF,VOF_T00401,VOF_T00401_S02,Unknown,Can a husband ever carry about a secret all his life and a woman who loves him have no suspicion of it?,I knew it by his refusal to talk about some episodes in his American life.,I knew it by certain precautions he took.,dialogue_candidate,review,Project Gutenberg #3289 - The Valley of Fear
VOF,VOF_T00401,VOF_T00401_S03,Unknown,I knew it by his refusal to talk about some episodes in his American life.,I knew it by certain precautions he took.,I knew it by certain words he let fall.,dialogue_candidate,review,Project Gutenberg #3289 - The Valley of Fear
VOF,VOF_T00401,VOF_T00401_S04,Unknown,I knew it by certain precautions he took.,I knew it by certain words he let fall.,I knew it by the way he looked at unexpected strangers.,dialogue_candidate,review,Project Gutenberg #3289 - The Valley of Fear
VOF,VOF_T00401,VOF_T00401_S05,Unknown,I knew it by certain words he let fall.,I knew it by the way he looked at unexpected strangers.,"I was perfectly certain that he had some powerful enemies, that he believed they were on his track, and that he was always on his guard against them.",dialogue_candidate,review,Project Gutenberg #3289 - The Valley of Fear
VOF,VOF_T00401,VOF_T00401_S06,Unknown,I knew it by the way he looked at unexpected strangers.,"I was perfectly certain that he had some powerful enemies, that he believed they were on his track, and that he was always on his guard against them.",I was so sure of it that for years I have been terrified if ever he came home later than was expected.,dialogue_candidate,review,Project Gutenberg #3289 - The Valley of Fear
VOF,VOF_T00401,VOF_T00401_S07,Unknown,"I was perfectly certain that he had some powerful enemies, that he believed they were on his track, and that he was always on his guard against them.",I was so sure of it that for years I have been terrified if ever he came home later than was expected.,,dialogue_candidate,review,Project Gutenberg #3289 - The Valley of Fear
VOF,VOF_T00402,VOF_T00402_S01,Holmes,,"Might I ask, what the words were which attracted your attention?",,speaker_attributed_dialogue,high,Project Gutenberg #3289 - The Valley of Fear
VOF,VOF_T00403,VOF_T00403_S01,Unknown,,"The Valley of Fear,",,dialogue_candidate,review,Project Gutenberg #3289 - The Valley of Fear
VOF,VOF_T00404,VOF_T00404_S01,Unknown,,That was an expression he has used when I questioned him.,‘I have been in the Valley of Fear.,dialogue_candidate,review,Project Gutenberg #3289 - The Valley of Fear
VOF,VOF_T00404,VOF_T00404_S02,Unknown,That was an expression he has used when I questioned him.,‘I have been in the Valley of Fear.,I am not out of it yet.’—‘Are we never to get out of the Valley of Fear?’ I have asked him when I have seen him more serious than usual.,dialogue_candidate,review,Project Gutenberg #3289 - The Valley of Fear
VOF,VOF_T00404,VOF_T00404_S03,Unknown,‘I have been in the Valley of Fear.,I am not out of it yet.’—‘Are we never to get out of the Valley of Fear?’ I have asked him when I have seen him more serious than usual.,"‘Sometimes I think that we never shall,’ he has answered.",dialogue_candidate,review,Project Gutenberg #3289 - The Valley of Fear
VOF,VOF_T00404,VOF_T00404_S04,Unknown,I am not out of it yet.’—‘Are we never to get out of the Valley of Fear?’ I have asked him when I have seen him more serious than usual.,"‘Sometimes I think that we never shall,’ he has answered.",,dialogue_candidate,review,Project Gutenberg #3289 - The Valley of Fear
VOF,VOF_T00405,VOF_T00405_S01,Unknown,,Surely you asked him what he meant by the Valley of Fear?,,dialogue_candidate,review,Project Gutenberg #3289 - The Valley of Fear
VOF,VOF_T00406,VOF_T00406_S01,Unknown,,I did; but his face would become very grave and he would shake his head.,"‘It is bad enough that one of us should have been in its shadow,’ he said.",dialogue_candidate,review,Project Gutenberg #3289 - The Valley of Fear
VOF,VOF_T00406,VOF_T00406_S02,Unknown,I did; but his face would become very grave and he would shake his head.,"‘It is bad enough that one of us should have been in its shadow,’ he said.","‘Please God it shall never fall upon you!’ It was some real valley in which he had lived and in which something terrible had occurred to him, of that I am certain; but I can tell you no more.",dialogue_candidate,review,Project Gutenberg #3289 - The Valley of Fear
VOF,VOF_T00406,VOF_T00406_S03,Unknown,"‘It is bad enough that one of us should have been in its shadow,’ he said.","‘Please God it shall never fall upon you!’ It was some real valley in which he had lived and in which something terrible had occurred to him, of that I am certain; but I can tell you no more.",,dialogue_candidate,review,Project Gutenberg #3289 - The Valley of Fear
VOF,VOF_T00407,VOF_T00407_S01,Unknown,,And he never mentioned any names?,,dialogue_candidate,review,Project Gutenberg #3289 - The Valley of Fear
VOF,VOF_T00408,VOF_T00408_S01,Unknown,,"Yes, he was delirious with fever once when he had his hunting accident three years ago.",Then I remember that there was a name that came continually to his lips.,dialogue_candidate,review,Project Gutenberg #3289 - The Valley of Fear
VOF,VOF_T00408,VOF_T00408_S02,Unknown,"Yes, he was delirious with fever once when he had his hunting accident three years ago.",Then I remember that there was a name that came continually to his lips.,He spoke it with anger and a sort of horror.,dialogue_candidate,review,Project Gutenberg #3289 - The Valley of Fear
VOF,VOF_T00408,VOF_T00408_S03,Unknown,Then I remember that there was a name that came continually to his lips.,He spoke it with anger and a sort of horror.,McGinty was the name—Bodymaster McGinty.,dialogue_candidate,review,Project Gutenberg #3289 - The Valley of Fear
VOF,VOF_T00408,VOF_T00408_S04,Unknown,He spoke it with anger and a sort of horror.,McGinty was the name—Bodymaster McGinty.,"I asked him when he recovered who Bodymaster McGinty was, and whose body he was master of.",dialogue_candidate,review,Project Gutenberg #3289 - The Valley of Fear
VOF,VOF_T00408,VOF_T00408_S05,Unknown,McGinty was the name—Bodymaster McGinty.,"I asked him when he recovered who Bodymaster McGinty was, and whose body he was master of.","‘Never of mine, thank God!’ he answered with a laugh, and that was all I could get from him.",dialogue_candidate,review,Project Gutenberg #3289 - The Valley of Fear
VOF,VOF_T00408,VOF_T00408_S06,Unknown,"I asked him when he recovered who Bodymaster McGinty was, and whose body he was master of.","‘Never of mine, thank God!’ he answered with a laugh, and that was all I could get from him.",But there is a connection between Bodymaster McGinty and the Valley of Fear.,dialogue_candidate,review,Project Gutenberg #3289 - The Valley of Fear
VOF,VOF_T00408,VOF_T00408_S07,Unknown,"‘Never of mine, thank God!’ he answered with a laugh, and that was all I could get from him.",But there is a connection between Bodymaster McGinty and the Valley of Fear.,,dialogue_candidate,review,Project Gutenberg #3289 - The Valley of Fear
VOF,VOF_T00409,VOF_T00409_S01,I,,"There is one other point, You met mr. Douglas in a boarding house in London, did you not, and became engaged to him there?","Was there any romance, anything secret or mysterious, about the wedding?",speaker_attributed_dialogue,high,Project Gutenberg #3289 - The Valley of Fear
VOF,VOF_T00409,VOF_T00409_S02,I,"There is one other point, You met mr. Douglas in a boarding house in London, did you not, and became engaged to him there?","Was there any romance, anything secret or mysterious, about the wedding?",,speaker_attributed_dialogue,high,Project Gutenberg #3289 - The Valley of Fear
VOF,VOF_T00410,VOF_T00410_S01,Unknown,,There was romance.,There is always romance.,dialogue_candidate,review,Project Gutenberg #3289 - The Valley of Fear
VOF,VOF_T00410,VOF_T00410_S02,Unknown,There was romance.,There is always romance.,There was nothing mysterious.,dialogue_candidate,review,Project Gutenberg #3289 - The Valley of Fear
VOF,VOF_T00410,VOF_T00410_S03,Unknown,There is always romance.,There was nothing mysterious.,,dialogue_candidate,review,Project Gutenberg #3289 - The Valley of Fear
VOF,VOF_T00411,VOF_T00411_S01,Unknown,,He had no rival?,,dialogue_candidate,review,Project Gutenberg #3289 - The Valley of Fear
VOF,VOF_T00412,VOF_T00412_S01,Unknown,,"No, I was quite free.",,dialogue_candidate,review,Project Gutenberg #3289 - The Valley of Fear
VOF,VOF_T00413,VOF_T00413_S01,Unknown,,"You have heard, no doubt, that his wedding ring has been taken.",Does that suggest anything to you?,dialogue_candidate,review,Project Gutenberg #3289 - The Valley of Fear
VOF,VOF_T00413,VOF_T00413_S02,Unknown,"You have heard, no doubt, that his wedding ring has been taken.",Does that suggest anything to you?,"Suppose that some enemy of his old life had tracked him down and committed this crime, what possible reason could he have for taking his wedding ring?",dialogue_candidate,review,Project Gutenberg #3289 - The Valley of Fear
VOF,VOF_T00413,VOF_T00413_S03,Unknown,Does that suggest anything to you?,"Suppose that some enemy of his old life had tracked him down and committed this crime, what possible reason could he have for taking his wedding ring?",,dialogue_candidate,review,Project Gutenberg #3289 - The Valley of Fear
VOF,VOF_T00414,VOF_T00414_S01,Unknown,,"I really cannot tell,",,dialogue_candidate,review,Project Gutenberg #3289 - The Valley of Fear
VOF,VOF_T00415,VOF_T00415_S01,Unknown,,It is certainly a most extraordinary thing.,,dialogue_candidate,review,Project Gutenberg #3289 - The Valley of Fear
VOF,VOF_T00416,VOF_T00416_S01,the inspector,,"Well, we will not detain you any longer, and we are sorry to have put you to this trouble at such a time, There are some other points, no doubt; but we can refer to you as they arise.",,speaker_attributed_dialogue,high,Project Gutenberg #3289 - The Valley of Fear
VOF,VOF_T00417,VOF_T00417_S01,Unknown,,What impression has my evidence made upon you?,,dialogue_candidate,review,Project Gutenberg #3289 - The Valley of Fear
VOF,VOF_T00418,VOF_T00418_S01,MacDonald,,"She’s a beautiful woman—a very beautiful woman, This man Barker has certainly been down here a good deal.",He is a man who might be attractive to a woman.,speaker_attributed_dialogue,high,Project Gutenberg #3289 - The Valley of Fear
VOF,VOF_T00418,VOF_T00418_S02,MacDonald,"She’s a beautiful woman—a very beautiful woman, This man Barker has certainly been down here a good deal.",He is a man who might be attractive to a woman.,"He admits that the dead man was jealous, and maybe he knew best himself what cause he had for jealousy.",speaker_attributed_dialogue,high,Project Gutenberg #3289 - The Valley of Fear
VOF,VOF_T00418,VOF_T00418_S03,MacDonald,He is a man who might be attractive to a woman.,"He admits that the dead man was jealous, and maybe he knew best himself what cause he had for jealousy.",Then there’s that wedding ring.,speaker_attributed_dialogue,high,Project Gutenberg #3289 - The Valley of Fear
VOF,VOF_T00418,VOF_T00418_S04,MacDonald,"He admits that the dead man was jealous, and maybe he knew best himself what cause he had for jealousy.",Then there’s that wedding ring.,You can’t get past that.,speaker_attributed_dialogue,high,Project Gutenberg #3289 - The Valley of Fear
VOF,VOF_T00418,VOF_T00418_S05,MacDonald,Then there’s that wedding ring.,You can’t get past that.,"The man who tears a wedding ring off a dead man’s—What do you say to it, mr. Holmes?",speaker_attributed_dialogue,high,Project Gutenberg #3289 - The Valley of Fear
VOF,VOF_T00418,VOF_T00418_S06,MacDonald,You can’t get past that.,"The man who tears a wedding ring off a dead man’s—What do you say to it, mr. Holmes?",,speaker_attributed_dialogue,high,Project Gutenberg #3289 - The Valley of Fear
VOF,VOF_T00419,VOF_T00419_S01,Unknown,,"Ames,",,dialogue_candidate,review,Project Gutenberg #3289 - The Valley of Fear
VOF,VOF_T00420,VOF_T00420_S01,Unknown,,where is mr. Cecil Barker now?,,dialogue_candidate,review,Project Gutenberg #3289 - The Valley of Fear
VOF,VOF_T00421,VOF_T00421_S01,Unknown,,"I’ll see, sir.",,dialogue_candidate,review,Project Gutenberg #3289 - The Valley of Fear
VOF,VOF_T00422,VOF_T00422_S01,Unknown,,"Can you remember, Ames, what mr. Barker had on his feet last night when you joined him in the study?",,dialogue_candidate,review,Project Gutenberg #3289 - The Valley of Fear
VOF,VOF_T00423,VOF_T00423_S01,Unknown,,"Yes, mr. Holmes.",He had a pair of bedroom slippers.,dialogue_candidate,review,Project Gutenberg #3289 - The Valley of Fear
VOF,VOF_T00423,VOF_T00423_S02,Unknown,"Yes, mr. Holmes.",He had a pair of bedroom slippers.,I brought him his boots when he went for the police.,dialogue_candidate,review,Project Gutenberg #3289 - The Valley of Fear
VOF,VOF_T00423,VOF_T00423_S03,Unknown,He had a pair of bedroom slippers.,I brought him his boots when he went for the police.,,dialogue_candidate,review,Project Gutenberg #3289 - The Valley of Fear
VOF,VOF_T00424,VOF_T00424_S01,Unknown,,Where are the slippers now?,,dialogue_candidate,review,Project Gutenberg #3289 - The Valley of Fear
VOF,VOF_T00425,VOF_T00425_S01,Unknown,,They are still under the chair in the hall.,,dialogue_candidate,review,Project Gutenberg #3289 - The Valley of Fear
VOF,VOF_T00426,VOF_T00426_S01,Unknown,,"Very good, Ames.","It is, of course, important for us to know which tracks may be mr. Barker’s and which from outside.",dialogue_candidate,review,Project Gutenberg #3289 - The Valley of Fear
VOF,VOF_T00426,VOF_T00426_S02,Unknown,"Very good, Ames.","It is, of course, important for us to know which tracks may be mr. Barker’s and which from outside.",,dialogue_candidate,review,Project Gutenberg #3289 - The Valley of Fear
VOF,VOF_T00427,VOF_T00427_S01,Unknown,,"Yes, sir.",I may say that I noticed that the slippers were stained with blood—so indeed were my own.,dialogue_candidate,review,Project Gutenberg #3289 - The Valley of Fear
VOF,VOF_T00427,VOF_T00427_S02,Unknown,"Yes, sir.",I may say that I noticed that the slippers were stained with blood—so indeed were my own.,,dialogue_candidate,review,Project Gutenberg #3289 - The Valley of Fear
VOF,VOF_T00428,VOF_T00428_S01,Unknown,,"That is natural enough, considering the condition of the room.","Very good, Ames.",dialogue_candidate,review,Project Gutenberg #3289 - The Valley of Fear
VOF,VOF_T00428,VOF_T00428_S02,Unknown,"That is natural enough, considering the condition of the room.","Very good, Ames.",We will ring if we want you.,dialogue_candidate,review,Project Gutenberg #3289 - The Valley of Fear
VOF,VOF_T00428,VOF_T00428_S03,Unknown,"Very good, Ames.",We will ring if we want you.,,dialogue_candidate,review,Project Gutenberg #3289 - The Valley of Fear
VOF,VOF_T00429,VOF_T00429_S01,Holmes,,Strange!,Very strange indeed!,speaker_attributed_dialogue,high,Project Gutenberg #3289 - The Valley of Fear
VOF,VOF_T00429,VOF_T00429_S02,Holmes,Strange!,Very strange indeed!,,speaker_attributed_dialogue,high,Project Gutenberg #3289 - The Valley of Fear
VOF,VOF_T00430,VOF_T00430_S01,Unknown,,"Man,",,dialogue_candidate,review,Project Gutenberg #3289 - The Valley of Fear
VOF,VOF_T00431,VOF_T00431_S01,the inspector,,there’s not a doubt of it!,Barker has just marked the window himself.,speaker_attributed_dialogue,high,Project Gutenberg #3289 - The Valley of Fear
VOF,VOF_T00431,VOF_T00431_S02,the inspector,there’s not a doubt of it!,Barker has just marked the window himself.,It’s a good deal broader than any bootmark.,speaker_attributed_dialogue,high,Project Gutenberg #3289 - The Valley of Fear
VOF,VOF_T00431,VOF_T00431_S03,the inspector,Barker has just marked the window himself.,It’s a good deal broader than any bootmark.,"I mind that you said it was a splay-foot, and here’s the explanation.",speaker_attributed_dialogue,high,Project Gutenberg #3289 - The Valley of Fear
VOF,VOF_T00431,VOF_T00431_S04,the inspector,It’s a good deal broader than any bootmark.,"I mind that you said it was a splay-foot, and here’s the explanation.","But what’s the game, mr. Holmes—what’s the game?",speaker_attributed_dialogue,high,Project Gutenberg #3289 - The Valley of Fear
VOF,VOF_T00431,VOF_T00431_S05,the inspector,"I mind that you said it was a splay-foot, and here’s the explanation.","But what’s the game, mr. Holmes—what’s the game?",,speaker_attributed_dialogue,high,Project Gutenberg #3289 - The Valley of Fear
VOF,VOF_T00432,VOF_T00432_S01,Unknown,,"Ay, what’s the game?",,dialogue_candidate,review,Project Gutenberg #3289 - The Valley of Fear
VOF,VOF_T00433,VOF_T00433_S01,White Mason,,I said it was a snorter!,,dialogue_candidate,high,Project Gutenberg #3289 - The Valley of Fear
VOF,VOF_T00434,VOF_T00434_S01,Unknown,,And a real snorter it is!,,dialogue_candidate,review,Project Gutenberg #3289 - The Valley of Fear
VOF,VOF_T00435,VOF_T00435_S01,he,,"Excuse me, sir, but am I addressing dr. Watson?",,speaker_attributed_dialogue,high,Project Gutenberg #3289 - The Valley of Fear
VOF,VOF_T00436,VOF_T00436_S01,Unknown,,"We thought that it was probably you, as your friendship with mr. Sherlock Holmes is so well known.",Would you mind coming over and speaking to mrs. Douglas for one instant?,dialogue_candidate,review,Project Gutenberg #3289 - The Valley of Fear
VOF,VOF_T00436,VOF_T00436_S02,Unknown,"We thought that it was probably you, as your friendship with mr. Sherlock Holmes is so well known.",Would you mind coming over and speaking to mrs. Douglas for one instant?,,dialogue_candidate,review,Project Gutenberg #3289 - The Valley of Fear
VOF,VOF_T00437,VOF_T00437_S01,she,,"I fear that you think me callous and hard-hearted, It is no business of mine,",,speaker_attributed_dialogue,high,Project Gutenberg #3289 - The Valley of Fear
VOF,VOF_T00438,VOF_T00438_S01,Unknown,,Perhaps some day you will do me justice.,If you only realized—,dialogue_candidate,review,Project Gutenberg #3289 - The Valley of Fear
VOF,VOF_T00438,VOF_T00438_S02,Unknown,Perhaps some day you will do me justice.,If you only realized—,,dialogue_candidate,review,Project Gutenberg #3289 - The Valley of Fear
VOF,VOF_T00439,VOF_T00439_S01,Barker,,"There is no need why dr. Watson should realize, As he has himself said, it is no possible business of his.",,speaker_attributed_dialogue,high,Project Gutenberg #3289 - The Valley of Fear
VOF,VOF_T00440,VOF_T00440_S01,I,,"Exactly, and so I will beg leave to resume my walk.",,speaker_attributed_dialogue,high,Project Gutenberg #3289 - The Valley of Fear
VOF,VOF_T00441,VOF_T00441_S01,Unknown,,"One moment, dr. Watson, There is one question which you can answer with more authority than anyone else in the world, and it may make a very great difference to me.",You know mr. Holmes and his relations with the police better than anyone else can.,speaker_attributed_dialogue,review,Project Gutenberg #3289 - The Valley of Fear
VOF,VOF_T00441,VOF_T00441_S02,Unknown,"One moment, dr. Watson, There is one question which you can answer with more authority than anyone else in the world, and it may make a very great difference to me.",You know mr. Holmes and his relations with the police better than anyone else can.,"Supposing that a matter were brought confidentially to his knowledge, is it absolutely necessary that he should pass it on to the detectives?",speaker_attributed_dialogue,review,Project Gutenberg #3289 - The Valley of Fear
VOF,VOF_T00441,VOF_T00441_S03,Unknown,You know mr. Holmes and his relations with the police better than anyone else can.,"Supposing that a matter were brought confidentially to his knowledge, is it absolutely necessary that he should pass it on to the detectives?",,speaker_attributed_dialogue,review,Project Gutenberg #3289 - The Valley of Fear
VOF,VOF_T00442,VOF_T00442_S01,Barker,,"Yes, that’s it, Is he on his own or is he entirely in with them?",,speaker_attributed_dialogue,high,Project Gutenberg #3289 - The Valley of Fear
VOF,VOF_T00443,VOF_T00443_S01,Unknown,,I really don’t know that I should be justified in discussing such a point.,,dialogue_candidate,review,Project Gutenberg #3289 - The Valley of Fear
VOF,VOF_T00444,VOF_T00444_S01,Unknown,,"I beg—I implore that you will, dr. Watson!",I assure you that you will be helping us—helping me greatly if you will guide us on that point.,dialogue_candidate,review,Project Gutenberg #3289 - The Valley of Fear
VOF,VOF_T00444,VOF_T00444_S02,Unknown,"I beg—I implore that you will, dr. Watson!",I assure you that you will be helping us—helping me greatly if you will guide us on that point.,,dialogue_candidate,review,Project Gutenberg #3289 - The Valley of Fear
VOF,VOF_T00445,VOF_T00445_S01,Unknown,,"mr. Holmes is an independent investigator,",,dialogue_candidate,review,Project Gutenberg #3289 - The Valley of Fear
VOF,VOF_T00446,VOF_T00446_S01,Unknown,,"He is his own master, and would act as his own judgment directed.","At the same time, he would naturally feel loyalty towards the officials who were working on the same case, and he would not conceal from them anything which would help them in bringing a criminal to justice.",dialogue_candidate,review,Project Gutenberg #3289 - The Valley of Fear
VOF,VOF_T00446,VOF_T00446_S02,Unknown,"He is his own master, and would act as his own judgment directed.","At the same time, he would naturally feel loyalty towards the officials who were working on the same case, and he would not conceal from them anything which would help them in bringing a criminal to justice.","Beyond this I can say nothing, and I would refer you to mr. Holmes himself if you wanted fuller information.",dialogue_candidate,review,Project Gutenberg #3289 - The Valley of Fear
VOF,VOF_T00446,VOF_T00446_S03,Unknown,"At the same time, he would naturally feel loyalty towards the officials who were working on the same case, and he would not conceal from them anything which would help them in bringing a criminal to justice.","Beyond this I can say nothing, and I would refer you to mr. Holmes himself if you wanted fuller information.",,dialogue_candidate,review,Project Gutenberg #3289 - The Valley of Fear
VOF,VOF_T00447,VOF_T00447_S01,Holmes,,"I wish none of their confidences, No confidences, Watson; for they are mighty awkward if it comes to an arrest for conspiracy and murder.",,speaker_attributed_dialogue,high,Project Gutenberg #3289 - The Valley of Fear
VOF,VOF_T00448,VOF_T00448_S01,Unknown,,You think it will come to that?,,dialogue_candidate,review,Project Gutenberg #3289 - The Valley of Fear
VOF,VOF_T00449,VOF_T00449_S01,Unknown,,"My dear Watson, when I have exterminated that fourth egg I shall be ready to put you in touch with the whole situation.",I don’t say that we have fathomed it—far from it—but when we have traced the missing dumb-bell—,dialogue_candidate,review,Project Gutenberg #3289 - The Valley of Fear
VOF,VOF_T00449,VOF_T00449_S02,Unknown,"My dear Watson, when I have exterminated that fourth egg I shall be ready to put you in touch with the whole situation.",I don’t say that we have fathomed it—far from it—but when we have traced the missing dumb-bell—,,dialogue_candidate,review,Project Gutenberg #3289 - The Valley of Fear
VOF,VOF_T00450,VOF_T00450_S01,Unknown,,The dumb-bell!,,dialogue_candidate,review,Project Gutenberg #3289 - The Valley of Fear
VOF,VOF_T00451,VOF_T00451_S01,Unknown,,"Dear me, Watson, is it possible that you have not penetrated the fact that the case hangs upon the missing dumb-bell?","Well, well, you need not be downcast; for between ourselves I don’t think that either Inspector Mac or the excellent local practitioner has grasped the overwhelming importance of this incident.",dialogue_candidate,review,Project Gutenberg #3289 - The Valley of Fear
VOF,VOF_T00451,VOF_T00451_S02,Unknown,"Dear me, Watson, is it possible that you have not penetrated the fact that the case hangs upon the missing dumb-bell?","Well, well, you need not be downcast; for between ourselves I don’t think that either Inspector Mac or the excellent local practitioner has grasped the overwhelming importance of this incident.","One dumb-bell, Watson!",dialogue_candidate,review,Project Gutenberg #3289 - The Valley of Fear
VOF,VOF_T00451,VOF_T00451_S03,Unknown,"Well, well, you need not be downcast; for between ourselves I don’t think that either Inspector Mac or the excellent local practitioner has grasped the overwhelming importance of this incident.","One dumb-bell, Watson!",Consider an athlete with one dumb-bell!,dialogue_candidate,review,Project Gutenberg #3289 - The Valley of Fear
VOF,VOF_T00451,VOF_T00451_S04,Unknown,"One dumb-bell, Watson!",Consider an athlete with one dumb-bell!,"Picture to yourself the unilateral development, the imminent danger of a spinal curvature.",dialogue_candidate,review,Project Gutenberg #3289 - The Valley of Fear
VOF,VOF_T00451,VOF_T00451_S05,Unknown,Consider an athlete with one dumb-bell!,"Picture to yourself the unilateral development, the imminent danger of a spinal curvature.","Shocking, Watson, shocking!",dialogue_candidate,review,Project Gutenberg #3289 - The Valley of Fear
VOF,VOF_T00451,VOF_T00451_S06,Unknown,"Picture to yourself the unilateral development, the imminent danger of a spinal curvature.","Shocking, Watson, shocking!",,dialogue_candidate,review,Project Gutenberg #3289 - The Valley of Fear
VOF,VOF_T00452,VOF_T00452_S01,Unknown,,"A lie, Watson—a great, big, thumping, obtrusive, uncompromising lie—that’s what meets us on the threshold!",There is our starting point.,dialogue_candidate,review,Project Gutenberg #3289 - The Valley of Fear
VOF,VOF_T00452,VOF_T00452_S02,Unknown,"A lie, Watson—a great, big, thumping, obtrusive, uncompromising lie—that’s what meets us on the threshold!",There is our starting point.,The whole story told by Barker is a lie.,dialogue_candidate,review,Project Gutenberg #3289 - The Valley of Fear
VOF,VOF_T00452,VOF_T00452_S03,Unknown,There is our starting point.,The whole story told by Barker is a lie.,But Barker’s story is corroborated by mrs. Douglas.,dialogue_candidate,review,Project Gutenberg #3289 - The Valley of Fear
VOF,VOF_T00452,VOF_T00452_S04,Unknown,The whole story told by Barker is a lie.,But Barker’s story is corroborated by mrs. Douglas.,Therefore she is lying also.,dialogue_candidate,review,Project Gutenberg #3289 - The Valley of Fear
VOF,VOF_T00452,VOF_T00452_S05,Unknown,But Barker’s story is corroborated by mrs. Douglas.,Therefore she is lying also.,"They are both lying, and in a conspiracy.",dialogue_candidate,review,Project Gutenberg #3289 - The Valley of Fear
VOF,VOF_T00452,VOF_T00452_S06,Unknown,Therefore she is lying also.,"They are both lying, and in a conspiracy.",So now we have the clear problem.,dialogue_candidate,review,Project Gutenberg #3289 - The Valley of Fear
VOF,VOF_T00452,VOF_T00452_S07,Unknown,"They are both lying, and in a conspiracy.",So now we have the clear problem.,"Why are they lying, and what is the truth which they are trying so hard to conceal?",dialogue_candidate,review,Project Gutenberg #3289 - The Valley of Fear
VOF,VOF_T00452,VOF_T00452_S08,Unknown,So now we have the clear problem.,"Why are they lying, and what is the truth which they are trying so hard to conceal?","Let us try, Watson, you and I, if we can get behind the lie and reconstruct the truth.",dialogue_candidate,review,Project Gutenberg #3289 - The Valley of Fear
VOF,VOF_T00452,VOF_T00452_S09,Unknown,"Why are they lying, and what is the truth which they are trying so hard to conceal?","Let us try, Watson, you and I, if we can get behind the lie and reconstruct the truth.",“How do I know that they are lying?,dialogue_candidate,review,Project Gutenberg #3289 - The Valley of Fear
VOF,VOF_T00452,VOF_T00452_S10,Unknown,"Let us try, Watson, you and I, if we can get behind the lie and reconstruct the truth.",“How do I know that they are lying?,Because it is a clumsy fabrication which simply could not be true.,dialogue_candidate,review,Project Gutenberg #3289 - The Valley of Fear
VOF,VOF_T00452,VOF_T00452_S11,Unknown,“How do I know that they are lying?,Because it is a clumsy fabrication which simply could not be true.,Consider!,dialogue_candidate,review,Project Gutenberg #3289 - The Valley of Fear
VOF,VOF_T00452,VOF_T00452_S12,Unknown,Because it is a clumsy fabrication which simply could not be true.,Consider!,"According to the story given to us, the assassin had less than a minute after the murder had been committed to take that ring, which was under another ring, from the dead man’s finger, to replace the other ring—a thing which he would surely never have done—and to put that singular card beside his victim.",dialogue_candidate,review,Project Gutenberg #3289 - The Valley of Fear
VOF,VOF_T00452,VOF_T00452_S13,Unknown,Consider!,"According to the story given to us, the assassin had less than a minute after the murder had been committed to take that ring, which was under another ring, from the dead man’s finger, to replace the other ring—a thing which he would surely never have done—and to put that singular card beside his victim.",I say that this was obviously impossible.,dialogue_candidate,review,Project Gutenberg #3289 - The Valley of Fear
VOF,VOF_T00452,VOF_T00452_S14,Unknown,"According to the story given to us, the assassin had less than a minute after the murder had been committed to take that ring, which was under another ring, from the dead man’s finger, to replace the other ring—a thing which he would surely never have done—and to put that singular card beside his victim.",I say that this was obviously impossible.,"“You may argue—but I have too much respect for your judgment, Watson, to think that you will do so—that the ring may have been taken before the man was killed.",dialogue_candidate,review,Project Gutenberg #3289 - The Valley of Fear
VOF,VOF_T00452,VOF_T00452_S15,Unknown,I say that this was obviously impossible.,"“You may argue—but I have too much respect for your judgment, Watson, to think that you will do so—that the ring may have been taken before the man was killed.",The fact that the candle had been lit only a short time shows that there had been no lengthy interview.,dialogue_candidate,review,Project Gutenberg #3289 - The Valley of Fear
VOF,VOF_T00452,VOF_T00452_S16,Unknown,"“You may argue—but I have too much respect for your judgment, Watson, to think that you will do so—that the ring may have been taken before the man was killed.",The fact that the candle had been lit only a short time shows that there had been no lengthy interview.,"Was Douglas, from what we hear of his fearless character, a man who would be likely to give up his wedding ring at such short notice, or could we conceive of his giving it up at all?",dialogue_candidate,review,Project Gutenberg #3289 - The Valley of Fear
VOF,VOF_T00452,VOF_T00452_S17,Unknown,The fact that the candle had been lit only a short time shows that there had been no lengthy interview.,"Was Douglas, from what we hear of his fearless character, a man who would be likely to give up his wedding ring at such short notice, or could we conceive of his giving it up at all?","No, no, Watson, the assassin was alone with the dead man for some time with the lamp lit.",dialogue_candidate,review,Project Gutenberg #3289 - The Valley of Fear
VOF,VOF_T00452,VOF_T00452_S18,Unknown,"Was Douglas, from what we hear of his fearless character, a man who would be likely to give up his wedding ring at such short notice, or could we conceive of his giving it up at all?","No, no, Watson, the assassin was alone with the dead man for some time with the lamp lit.",Of that I have no doubt at all.,dialogue_candidate,review,Project Gutenberg #3289 - The Valley of Fear
VOF,VOF_T00452,VOF_T00452_S19,Unknown,"No, no, Watson, the assassin was alone with the dead man for some time with the lamp lit.",Of that I have no doubt at all.,“But the gunshot was apparently the cause of death.,dialogue_candidate,review,Project Gutenberg #3289 - The Valley of Fear
VOF,VOF_T00452,VOF_T00452_S20,Unknown,Of that I have no doubt at all.,“But the gunshot was apparently the cause of death.,Therefore the shot must have been fired some time earlier than we are told.,dialogue_candidate,review,Project Gutenberg #3289 - The Valley of Fear
VOF,VOF_T00452,VOF_T00452_S21,Unknown,“But the gunshot was apparently the cause of death.,Therefore the shot must have been fired some time earlier than we are told.,But there could be no mistake about such a matter as that.,dialogue_candidate,review,Project Gutenberg #3289 - The Valley of Fear
VOF,VOF_T00452,VOF_T00452_S22,Unknown,Therefore the shot must have been fired some time earlier than we are told.,But there could be no mistake about such a matter as that.,"We are in the presence, therefore, of a deliberate conspiracy upon the part of the two people who heard the gunshot—of the man Barker and of the woman Douglas.",dialogue_candidate,review,Project Gutenberg #3289 - The Valley of Fear
VOF,VOF_T00452,VOF_T00452_S23,Unknown,But there could be no mistake about such a matter as that.,"We are in the presence, therefore, of a deliberate conspiracy upon the part of the two people who heard the gunshot—of the man Barker and of the woman Douglas.","When on the top of this I am able to show that the blood mark on the windowsill was deliberately placed there by Barker, in order to give a false clue to the police, you will admit that the case grows dark against him.",dialogue_candidate,review,Project Gutenberg #3289 - The Valley of Fear
VOF,VOF_T00452,VOF_T00452_S24,Unknown,"We are in the presence, therefore, of a deliberate conspiracy upon the part of the two people who heard the gunshot—of the man Barker and of the woman Douglas.","When on the top of this I am able to show that the blood mark on the windowsill was deliberately placed there by Barker, in order to give a false clue to the police, you will admit that the case grows dark against him.",“Now we have to ask ourselves at what hour the murder actually did occur.,dialogue_candidate,review,Project Gutenberg #3289 - The Valley of Fear
VOF,VOF_T00452,VOF_T00452_S25,Unknown,"When on the top of this I am able to show that the blood mark on the windowsill was deliberately placed there by Barker, in order to give a false clue to the police, you will admit that the case grows dark against him.",“Now we have to ask ourselves at what hour the murder actually did occur.,Up to half-past ten the servants were moving about the house; so it was certainly not before that time.,dialogue_candidate,review,Project Gutenberg #3289 - The Valley of Fear
VOF,VOF_T00452,VOF_T00452_S26,Unknown,“Now we have to ask ourselves at what hour the murder actually did occur.,Up to half-past ten the servants were moving about the house; so it was certainly not before that time.,"At a quarter to eleven they had all gone to their rooms with the exception of Ames, who was in the pantry.",dialogue_candidate,review,Project Gutenberg #3289 - The Valley of Fear
VOF,VOF_T00452,VOF_T00452_S27,Unknown,Up to half-past ten the servants were moving about the house; so it was certainly not before that time.,"At a quarter to eleven they had all gone to their rooms with the exception of Ames, who was in the pantry.","I have been trying some experiments after you left us this afternoon, and I find that no noise which MacDonald can make in the study can penetrate to me in the pantry when the doors are all shut.",dialogue_candidate,review,Project Gutenberg #3289 - The Valley of Fear
VOF,VOF_T00452,VOF_T00452_S28,Unknown,"At a quarter to eleven they had all gone to their rooms with the exception of Ames, who was in the pantry.","I have been trying some experiments after you left us this afternoon, and I find that no noise which MacDonald can make in the study can penetrate to me in the pantry when the doors are all shut.","“It is otherwise, however, from the housekeeper’s room.",dialogue_candidate,review,Project Gutenberg #3289 - The Valley of Fear
VOF,VOF_T00452,VOF_T00452_S29,Unknown,"I have been trying some experiments after you left us this afternoon, and I find that no noise which MacDonald can make in the study can penetrate to me in the pantry when the doors are all shut.","“It is otherwise, however, from the housekeeper’s room.","It is not so far down the corridor, and from it I could vaguely hear a voice when it was very loudly raised.",dialogue_candidate,review,Project Gutenberg #3289 - The Valley of Fear
VOF,VOF_T00452,VOF_T00452_S30,Unknown,"“It is otherwise, however, from the housekeeper’s room.","It is not so far down the corridor, and from it I could vaguely hear a voice when it was very loudly raised.","The sound from a shotgun is to some extent muffled when the discharge is at very close range, as it undoubtedly was in this instance.",dialogue_candidate,review,Project Gutenberg #3289 - The Valley of Fear
VOF,VOF_T00452,VOF_T00452_S31,Unknown,"It is not so far down the corridor, and from it I could vaguely hear a voice when it was very loudly raised.","The sound from a shotgun is to some extent muffled when the discharge is at very close range, as it undoubtedly was in this instance.","It would not be very loud, and yet in the silence of the night it should have easily penetrated to mrs. Allen’s room.",dialogue_candidate,review,Project Gutenberg #3289 - The Valley of Fear
VOF,VOF_T00452,VOF_T00452_S32,Unknown,"The sound from a shotgun is to some extent muffled when the discharge is at very close range, as it undoubtedly was in this instance.","It would not be very loud, and yet in the silence of the night it should have easily penetrated to mrs. Allen’s room.","She is, as she has told us, somewhat deaf; but none the less she mentioned in her evidence that she did hear something like a door slamming half an hour before the alarm was given.",dialogue_candidate,review,Project Gutenberg #3289 - The Valley of Fear
VOF,VOF_T00452,VOF_T00452_S33,Unknown,"It would not be very loud, and yet in the silence of the night it should have easily penetrated to mrs. Allen’s room.","She is, as she has told us, somewhat deaf; but none the less she mentioned in her evidence that she did hear something like a door slamming half an hour before the alarm was given.",Half an hour before the alarm was given would be a quarter to eleven.,dialogue_candidate,review,Project Gutenberg #3289 - The Valley of Fear
VOF,VOF_T00452,VOF_T00452_S34,Unknown,"She is, as she has told us, somewhat deaf; but none the less she mentioned in her evidence that she did hear something like a door slamming half an hour before the alarm was given.",Half an hour before the alarm was given would be a quarter to eleven.,"I have no doubt that what she heard was the report of the gun, and that this was the real instant of the murder.",dialogue_candidate,review,Project Gutenberg #3289 - The Valley of Fear
VOF,VOF_T00452,VOF_T00452_S35,Unknown,Half an hour before the alarm was given would be a quarter to eleven.,"I have no doubt that what she heard was the report of the gun, and that this was the real instant of the murder.","“If this is so, we have now to determine what Barker and mrs. Douglas, presuming that they are not the actual murderers, could have been doing from quarter to eleven, when the sound of the shot brought them down, until quarter past eleven, when they rang the bell and summoned the servants.",dialogue_candidate,review,Project Gutenberg #3289 - The Valley of Fear
VOF,VOF_T00452,VOF_T00452_S36,Unknown,"I have no doubt that what she heard was the report of the gun, and that this was the real instant of the murder.","“If this is so, we have now to determine what Barker and mrs. Douglas, presuming that they are not the actual murderers, could have been doing from quarter to eleven, when the sound of the shot brought them down, until quarter past eleven, when they rang the bell and summoned the servants.","What were they doing, and why did they not instantly give the alarm?",dialogue_candidate,review,Project Gutenberg #3289 - The Valley of Fear
VOF,VOF_T00452,VOF_T00452_S37,Unknown,"“If this is so, we have now to determine what Barker and mrs. Douglas, presuming that they are not the actual murderers, could have been doing from quarter to eleven, when the sound of the shot brought them down, until quarter past eleven, when they rang the bell and summoned the servants.","What were they doing, and why did they not instantly give the alarm?","That is the question which faces us, and when it has been answered we shall surely have gone some way to solve our problem.",dialogue_candidate,review,Project Gutenberg #3289 - The Valley of Fear
VOF,VOF_T00452,VOF_T00452_S38,Unknown,"What were they doing, and why did they not instantly give the alarm?","That is the question which faces us, and when it has been answered we shall surely have gone some way to solve our problem.",,dialogue_candidate,review,Project Gutenberg #3289 - The Valley of Fear
VOF,VOF_T00453,VOF_T00453_S01,I,,"I am convinced myself, that there is an understanding between those two people.",She must be a heartless creature to sit laughing at some jest within a few hours of her husband’s murder.,speaker_attributed_dialogue,high,Project Gutenberg #3289 - The Valley of Fear
VOF,VOF_T00453,VOF_T00453_S02,I,"I am convinced myself, that there is an understanding between those two people.",She must be a heartless creature to sit laughing at some jest within a few hours of her husband’s murder.,,speaker_attributed_dialogue,high,Project Gutenberg #3289 - The Valley of Fear
VOF,VOF_T00454,VOF_T00454_S01,Unknown,,Exactly.,She does not shine as a wife even in her own account of what occurred.,dialogue_candidate,review,Project Gutenberg #3289 - The Valley of Fear
VOF,VOF_T00454,VOF_T00454_S02,Unknown,Exactly.,She does not shine as a wife even in her own account of what occurred.,"I am not a whole-souled admirer of womankind, as you are aware, Watson, but my experience of life has taught me that there are few wives, having any regard for their husbands, who would let any man’s spoken word stand between them and that husband’s dead body.",dialogue_candidate,review,Project Gutenberg #3289 - The Valley of Fear
VOF,VOF_T00454,VOF_T00454_S03,Unknown,She does not shine as a wife even in her own account of what occurred.,"I am not a whole-souled admirer of womankind, as you are aware, Watson, but my experience of life has taught me that there are few wives, having any regard for their husbands, who would let any man’s spoken word stand between them and that husband’s dead body.","Should I ever marry, Watson, I should hope to inspire my wife with some feeling which would prevent her from being walked off by a housekeeper when my corpse was lying within a few yards of her.",dialogue_candidate,review,Project Gutenberg #3289 - The Valley of Fear
VOF,VOF_T00454,VOF_T00454_S04,Unknown,"I am not a whole-souled admirer of womankind, as you are aware, Watson, but my experience of life has taught me that there are few wives, having any regard for their husbands, who would let any man’s spoken word stand between them and that husband’s dead body.","Should I ever marry, Watson, I should hope to inspire my wife with some feeling which would prevent her from being walked off by a housekeeper when my corpse was lying within a few yards of her.",It was badly stage-managed; for even the rawest investigators must be struck by the absence of the usual feminine ululation.,dialogue_candidate,review,Project Gutenberg #3289 - The Valley of Fear
VOF,VOF_T00454,VOF_T00454_S05,Unknown,"Should I ever marry, Watson, I should hope to inspire my wife with some feeling which would prevent her from being walked off by a housekeeper when my corpse was lying within a few yards of her.",It was badly stage-managed; for even the rawest investigators must be struck by the absence of the usual feminine ululation.,"If there had been nothing else, this incident alone would have suggested a prearranged conspiracy to my mind.",dialogue_candidate,review,Project Gutenberg #3289 - The Valley of Fear
VOF,VOF_T00454,VOF_T00454_S06,Unknown,It was badly stage-managed; for even the rawest investigators must be struck by the absence of the usual feminine ululation.,"If there had been nothing else, this incident alone would have suggested a prearranged conspiracy to my mind.",,dialogue_candidate,review,Project Gutenberg #3289 - The Valley of Fear
VOF,VOF_T00455,VOF_T00455_S01,Unknown,,"You think then, definitely, that Barker and mrs. Douglas are guilty of the murder?",,dialogue_candidate,review,Project Gutenberg #3289 - The Valley of Fear
VOF,VOF_T00456,VOF_T00456_S01,Holmes,,"There is an appalling directness about your questions, Watson, They come at me like bullets.","If you put it that mrs. Douglas and Barker know the truth about the murder, and are conspiring to conceal it, then I can give you a whole-souled answer.",speaker_attributed_dialogue,high,Project Gutenberg #3289 - The Valley of Fear
VOF,VOF_T00456,VOF_T00456_S02,Holmes,"There is an appalling directness about your questions, Watson, They come at me like bullets.","If you put it that mrs. Douglas and Barker know the truth about the murder, and are conspiring to conceal it, then I can give you a whole-souled answer.",I am sure they do.,speaker_attributed_dialogue,high,Project Gutenberg #3289 - The Valley of Fear
VOF,VOF_T00456,VOF_T00456_S03,Holmes,"If you put it that mrs. Douglas and Barker know the truth about the murder, and are conspiring to conceal it, then I can give you a whole-souled answer.",I am sure they do.,But your more deadly proposition is not so clear.,speaker_attributed_dialogue,high,Project Gutenberg #3289 - The Valley of Fear
VOF,VOF_T00456,VOF_T00456_S04,Holmes,I am sure they do.,But your more deadly proposition is not so clear.,Let us for a moment consider the difficulties which stand in the way.,speaker_attributed_dialogue,high,Project Gutenberg #3289 - The Valley of Fear
VOF,VOF_T00456,VOF_T00456_S05,Holmes,But your more deadly proposition is not so clear.,Let us for a moment consider the difficulties which stand in the way.,"“We will suppose that this couple are united by the bonds of a guilty love, and that they have determined to get rid of the man who stands between them.",speaker_attributed_dialogue,high,Project Gutenberg #3289 - The Valley of Fear
VOF,VOF_T00456,VOF_T00456_S06,Holmes,Let us for a moment consider the difficulties which stand in the way.,"“We will suppose that this couple are united by the bonds of a guilty love, and that they have determined to get rid of the man who stands between them.",It is a large supposition; for discreet inquiry among servants and others has failed to corroborate it in any way.,speaker_attributed_dialogue,high,Project Gutenberg #3289 - The Valley of Fear
VOF,VOF_T00456,VOF_T00456_S07,Holmes,"“We will suppose that this couple are united by the bonds of a guilty love, and that they have determined to get rid of the man who stands between them.",It is a large supposition; for discreet inquiry among servants and others has failed to corroborate it in any way.,"On the contrary, there is a good deal of evidence that the Douglases were very attached to each other.",speaker_attributed_dialogue,high,Project Gutenberg #3289 - The Valley of Fear
VOF,VOF_T00456,VOF_T00456_S08,Holmes,It is a large supposition; for discreet inquiry among servants and others has failed to corroborate it in any way.,"On the contrary, there is a good deal of evidence that the Douglases were very attached to each other.",,speaker_attributed_dialogue,high,Project Gutenberg #3289 - The Valley of Fear
VOF,VOF_T00457,VOF_T00457_S01,I,,"That, I am sure, cannot be true, Well, at least they gave that impression.","However, we will suppose that they are an extraordinarily astute couple, who deceive everyone upon this point, and conspire to murder the husband.",speaker_attributed_dialogue,high,Project Gutenberg #3289 - The Valley of Fear
VOF,VOF_T00457,VOF_T00457_S02,I,"That, I am sure, cannot be true, Well, at least they gave that impression.","However, we will suppose that they are an extraordinarily astute couple, who deceive everyone upon this point, and conspire to murder the husband.",He happens to be a man over whose head some danger hangs—,speaker_attributed_dialogue,high,Project Gutenberg #3289 - The Valley of Fear
VOF,VOF_T00457,VOF_T00457_S03,I,"However, we will suppose that they are an extraordinarily astute couple, who deceive everyone upon this point, and conspire to murder the husband.",He happens to be a man over whose head some danger hangs—,,speaker_attributed_dialogue,high,Project Gutenberg #3289 - The Valley of Fear
VOF,VOF_T00458,VOF_T00458_S01,Unknown,,We have only their word for that.,,dialogue_candidate,review,Project Gutenberg #3289 - The Valley of Fear
VOF,VOF_T00459,VOF_T00459_S01,Unknown,,"I see, Watson.",You are sketching out a theory by which everything they say from the beginning is false.,dialogue_candidate,review,Project Gutenberg #3289 - The Valley of Fear
VOF,VOF_T00459,VOF_T00459_S02,Unknown,"I see, Watson.",You are sketching out a theory by which everything they say from the beginning is false.,"According to your idea, there was never any hidden menace, or secret society, or Valley of Fear, or Boss MacSomebody, or anything else.",dialogue_candidate,review,Project Gutenberg #3289 - The Valley of Fear
VOF,VOF_T00459,VOF_T00459_S03,Unknown,You are sketching out a theory by which everything they say from the beginning is false.,"According to your idea, there was never any hidden menace, or secret society, or Valley of Fear, or Boss MacSomebody, or anything else.","Well, that is a good sweeping generalization.",dialogue_candidate,review,Project Gutenberg #3289 - The Valley of Fear
VOF,VOF_T00459,VOF_T00459_S04,Unknown,"According to your idea, there was never any hidden menace, or secret society, or Valley of Fear, or Boss MacSomebody, or anything else.","Well, that is a good sweeping generalization.",Let us see what that brings us to.,dialogue_candidate,review,Project Gutenberg #3289 - The Valley of Fear
VOF,VOF_T00459,VOF_T00459_S05,Unknown,"Well, that is a good sweeping generalization.",Let us see what that brings us to.,They invent this theory to account for the crime.,dialogue_candidate,review,Project Gutenberg #3289 - The Valley of Fear
VOF,VOF_T00459,VOF_T00459_S06,Unknown,Let us see what that brings us to.,They invent this theory to account for the crime.,They then play up to the idea by leaving this bicycle in the park as proof of the existence of some outsider.,dialogue_candidate,review,Project Gutenberg #3289 - The Valley of Fear
VOF,VOF_T00459,VOF_T00459_S07,Unknown,They invent this theory to account for the crime.,They then play up to the idea by leaving this bicycle in the park as proof of the existence of some outsider.,The stain on the windowsill conveys the same idea.,dialogue_candidate,review,Project Gutenberg #3289 - The Valley of Fear
VOF,VOF_T00459,VOF_T00459_S08,Unknown,They then play up to the idea by leaving this bicycle in the park as proof of the existence of some outsider.,The stain on the windowsill conveys the same idea.,"So does the card on the body, which might have been prepared in the house.",dialogue_candidate,review,Project Gutenberg #3289 - The Valley of Fear
VOF,VOF_T00459,VOF_T00459_S09,Unknown,The stain on the windowsill conveys the same idea.,"So does the card on the body, which might have been prepared in the house.","That all fits into your hypothesis, Watson.",dialogue_candidate,review,Project Gutenberg #3289 - The Valley of Fear
VOF,VOF_T00459,VOF_T00459_S10,Unknown,"So does the card on the body, which might have been prepared in the house.","That all fits into your hypothesis, Watson.","But now we come on the nasty, angular, uncompromising bits which won’t slip into their places.",dialogue_candidate,review,Project Gutenberg #3289 - The Valley of Fear
VOF,VOF_T00459,VOF_T00459_S11,Unknown,"That all fits into your hypothesis, Watson.","But now we come on the nasty, angular, uncompromising bits which won’t slip into their places.",Why a cut-off shotgun of all weapons—and an American one at that?,dialogue_candidate,review,Project Gutenberg #3289 - The Valley of Fear
VOF,VOF_T00459,VOF_T00459_S12,Unknown,"But now we come on the nasty, angular, uncompromising bits which won’t slip into their places.",Why a cut-off shotgun of all weapons—and an American one at that?,How could they be so sure that the sound of it would not bring someone on to them?,dialogue_candidate,review,Project Gutenberg #3289 - The Valley of Fear
VOF,VOF_T00459,VOF_T00459_S13,Unknown,Why a cut-off shotgun of all weapons—and an American one at that?,How could they be so sure that the sound of it would not bring someone on to them?,It’s a mere chance as it is that mrs. Allen did not start out to inquire for the slamming door.,dialogue_candidate,review,Project Gutenberg #3289 - The Valley of Fear
VOF,VOF_T00459,VOF_T00459_S14,Unknown,How could they be so sure that the sound of it would not bring someone on to them?,It’s a mere chance as it is that mrs. Allen did not start out to inquire for the slamming door.,"Why did your guilty couple do all this, Watson?",dialogue_candidate,review,Project Gutenberg #3289 - The Valley of Fear
VOF,VOF_T00459,VOF_T00459_S15,Unknown,It’s a mere chance as it is that mrs. Allen did not start out to inquire for the slamming door.,"Why did your guilty couple do all this, Watson?",,dialogue_candidate,review,Project Gutenberg #3289 - The Valley of Fear
VOF,VOF_T00460,VOF_T00460_S01,Unknown,,I confess that I can’t explain it.,,dialogue_candidate,review,Project Gutenberg #3289 - The Valley of Fear
VOF,VOF_T00461,VOF_T00461_S01,Unknown,,"Then again, if a woman and her lover conspire to murder a husband, are they going to advertise their guilt by ostentatiously removing his wedding ring after his death?","Does that strike you as very probable, Watson?",dialogue_candidate,review,Project Gutenberg #3289 - The Valley of Fear
VOF,VOF_T00461,VOF_T00461_S02,Unknown,"Then again, if a woman and her lover conspire to murder a husband, are they going to advertise their guilt by ostentatiously removing his wedding ring after his death?","Does that strike you as very probable, Watson?",,dialogue_candidate,review,Project Gutenberg #3289 - The Valley of Fear
VOF,VOF_T00462,VOF_T00462_S01,Unknown,,"No, it does not.",,dialogue_candidate,review,Project Gutenberg #3289 - The Valley of Fear
VOF,VOF_T00463,VOF_T00463_S01,Unknown,,"And once again, if the thought of leaving a bicycle concealed outside had occurred to you, would it really have seemed worth doing when the dullest detective would naturally say this is an obvious blind, as the bicycle is the first thing which the fugitive needed in order to make his escape.",,dialogue_candidate,review,Project Gutenberg #3289 - The Valley of Fear
VOF,VOF_T00464,VOF_T00464_S01,Unknown,,I can conceive of no explanation.,,dialogue_candidate,review,Project Gutenberg #3289 - The Valley of Fear
VOF,VOF_T00465,VOF_T00465_S01,Unknown,,And yet there should be no combination of events for which the wit of man cannot conceive an explanation.,"Simply as a mental exercise, without any assertion that it is true, let me indicate a possible line of thought.",dialogue_candidate,review,Project Gutenberg #3289 - The Valley of Fear
VOF,VOF_T00465,VOF_T00465_S02,Unknown,And yet there should be no combination of events for which the wit of man cannot conceive an explanation.,"Simply as a mental exercise, without any assertion that it is true, let me indicate a possible line of thought.","It is, I admit, mere imagination; but how often is imagination the mother of truth?",dialogue_candidate,review,Project Gutenberg #3289 - The Valley of Fear
VOF,VOF_T00465,VOF_T00465_S03,Unknown,"Simply as a mental exercise, without any assertion that it is true, let me indicate a possible line of thought.","It is, I admit, mere imagination; but how often is imagination the mother of truth?","“We will suppose that there was a guilty secret, a really shameful secret in the life of this man Douglas.",dialogue_candidate,review,Project Gutenberg #3289 - The Valley of Fear
VOF,VOF_T00465,VOF_T00465_S04,Unknown,"It is, I admit, mere imagination; but how often is imagination the mother of truth?","“We will suppose that there was a guilty secret, a really shameful secret in the life of this man Douglas.","This leads to his murder by someone who is, we will suppose, an avenger, someone from outside.",dialogue_candidate,review,Project Gutenberg #3289 - The Valley of Fear
VOF,VOF_T00465,VOF_T00465_S05,Unknown,"“We will suppose that there was a guilty secret, a really shameful secret in the life of this man Douglas.","This leads to his murder by someone who is, we will suppose, an avenger, someone from outside.","This avenger, for some reason which I confess I am still at a loss to explain, took the dead man’s wedding ring.",dialogue_candidate,review,Project Gutenberg #3289 - The Valley of Fear
VOF,VOF_T00465,VOF_T00465_S06,Unknown,"This leads to his murder by someone who is, we will suppose, an avenger, someone from outside.","This avenger, for some reason which I confess I am still at a loss to explain, took the dead man’s wedding ring.","The vendetta might conceivably date back to the man’s first marriage, and the ring be taken for some such reason.",dialogue_candidate,review,Project Gutenberg #3289 - The Valley of Fear
VOF,VOF_T00465,VOF_T00465_S07,Unknown,"This avenger, for some reason which I confess I am still at a loss to explain, took the dead man’s wedding ring.","The vendetta might conceivably date back to the man’s first marriage, and the ring be taken for some such reason.","“Before this avenger got away, Barker and the wife had reached the room.",dialogue_candidate,review,Project Gutenberg #3289 - The Valley of Fear
VOF,VOF_T00465,VOF_T00465_S08,Unknown,"The vendetta might conceivably date back to the man’s first marriage, and the ring be taken for some such reason.","“Before this avenger got away, Barker and the wife had reached the room.",The assassin convinced them that any attempt to arrest him would lead to the publication of some hideous scandal.,dialogue_candidate,review,Project Gutenberg #3289 - The Valley of Fear
VOF,VOF_T00465,VOF_T00465_S09,Unknown,"“Before this avenger got away, Barker and the wife had reached the room.",The assassin convinced them that any attempt to arrest him would lead to the publication of some hideous scandal.,"They were converted to this idea, and preferred to let him go.",dialogue_candidate,review,Project Gutenberg #3289 - The Valley of Fear
VOF,VOF_T00465,VOF_T00465_S10,Unknown,The assassin convinced them that any attempt to arrest him would lead to the publication of some hideous scandal.,"They were converted to this idea, and preferred to let him go.","For this purpose they probably lowered the bridge, which can be done quite noiselessly, and then raised it again.",dialogue_candidate,review,Project Gutenberg #3289 - The Valley of Fear
VOF,VOF_T00465,VOF_T00465_S11,Unknown,"They were converted to this idea, and preferred to let him go.","For this purpose they probably lowered the bridge, which can be done quite noiselessly, and then raised it again.","He made his escape, and for some reason thought that he could do so more safely on foot than on the bicycle.",dialogue_candidate,review,Project Gutenberg #3289 - The Valley of Fear
VOF,VOF_T00465,VOF_T00465_S12,Unknown,"For this purpose they probably lowered the bridge, which can be done quite noiselessly, and then raised it again.","He made his escape, and for some reason thought that he could do so more safely on foot than on the bicycle.",He therefore left his machine where it would not be discovered until he had got safely away.,dialogue_candidate,review,Project Gutenberg #3289 - The Valley of Fear
VOF,VOF_T00465,VOF_T00465_S13,Unknown,"He made his escape, and for some reason thought that he could do so more safely on foot than on the bicycle.",He therefore left his machine where it would not be discovered until he had got safely away.,"So far we are within the bounds of possibility, are we not?",dialogue_candidate,review,Project Gutenberg #3289 - The Valley of Fear
VOF,VOF_T00465,VOF_T00465_S14,Unknown,He therefore left his machine where it would not be discovered until he had got safely away.,"So far we are within the bounds of possibility, are we not?",,dialogue_candidate,review,Project Gutenberg #3289 - The Valley of Fear
VOF,VOF_T00466,VOF_T00466_S01,I,,"Well, it is possible, no doubt, We have to remember, Watson, that whatever occurred is certainly something very extraordinary.","Well, now, to continue our supposititious case, the couple—not necessarily a guilty couple—realize after the murderer is gone that they have placed themselves in a position in which it may be difficult for them to prove that they did not themselves either do the deed or connive at it.",speaker_attributed_dialogue,high,Project Gutenberg #3289 - The Valley of Fear
VOF,VOF_T00466,VOF_T00466_S02,I,"Well, it is possible, no doubt, We have to remember, Watson, that whatever occurred is certainly something very extraordinary.","Well, now, to continue our supposititious case, the couple—not necessarily a guilty couple—realize after the murderer is gone that they have placed themselves in a position in which it may be difficult for them to prove that they did not themselves either do the deed or connive at it.",They rapidly and rather clumsily met the situation.,speaker_attributed_dialogue,high,Project Gutenberg #3289 - The Valley of Fear
VOF,VOF_T00466,VOF_T00466_S03,I,"Well, now, to continue our supposititious case, the couple—not necessarily a guilty couple—realize after the murderer is gone that they have placed themselves in a position in which it may be difficult for them to prove that they did not themselves either do the deed or connive at it.",They rapidly and rather clumsily met the situation.,The mark was put by Barker’s bloodstained slipper upon the windowsill to suggest how the fugitive got away.,speaker_attributed_dialogue,high,Project Gutenberg #3289 - The Valley of Fear
VOF,VOF_T00466,VOF_T00466_S04,I,They rapidly and rather clumsily met the situation.,The mark was put by Barker’s bloodstained slipper upon the windowsill to suggest how the fugitive got away.,"They obviously were the two who must have heard the sound of the gun; so they gave the alarm exactly as they would have done, but a good half hour after the event.",speaker_attributed_dialogue,high,Project Gutenberg #3289 - The Valley of Fear
VOF,VOF_T00466,VOF_T00466_S05,I,The mark was put by Barker’s bloodstained slipper upon the windowsill to suggest how the fugitive got away.,"They obviously were the two who must have heard the sound of the gun; so they gave the alarm exactly as they would have done, but a good half hour after the event.",,speaker_attributed_dialogue,high,Project Gutenberg #3289 - The Valley of Fear
VOF,VOF_T00467,VOF_T00467_S01,Unknown,,And how do you propose to prove all this?,,dialogue_candidate,review,Project Gutenberg #3289 - The Valley of Fear
VOF,VOF_T00468,VOF_T00468_S01,Unknown,,"Well, if there were an outsider, he may be traced and taken.",That would be the most effective of all proofs.,dialogue_candidate,review,Project Gutenberg #3289 - The Valley of Fear
VOF,VOF_T00468,VOF_T00468_S02,Unknown,"Well, if there were an outsider, he may be traced and taken.",That would be the most effective of all proofs.,"But if not—well, the resources of science are far from being exhausted.",dialogue_candidate,review,Project Gutenberg #3289 - The Valley of Fear
VOF,VOF_T00468,VOF_T00468_S03,Unknown,That would be the most effective of all proofs.,"But if not—well, the resources of science are far from being exhausted.",I think that an evening alone in that study would help me much.,dialogue_candidate,review,Project Gutenberg #3289 - The Valley of Fear
VOF,VOF_T00468,VOF_T00468_S04,Unknown,"But if not—well, the resources of science are far from being exhausted.",I think that an evening alone in that study would help me much.,,dialogue_candidate,review,Project Gutenberg #3289 - The Valley of Fear
VOF,VOF_T00469,VOF_T00469_S01,Unknown,,An evening alone!,,dialogue_candidate,review,Project Gutenberg #3289 - The Valley of Fear
VOF,VOF_T00470,VOF_T00470_S01,Unknown,,I propose to go up there presently.,"I have arranged it with the estimable Ames, who is by no means wholehearted about Barker.",dialogue_candidate,review,Project Gutenberg #3289 - The Valley of Fear
VOF,VOF_T00470,VOF_T00470_S02,Unknown,I propose to go up there presently.,"I have arranged it with the estimable Ames, who is by no means wholehearted about Barker.",I shall sit in that room and see if its atmosphere brings me inspiration.,dialogue_candidate,review,Project Gutenberg #3289 - The Valley of Fear
VOF,VOF_T00470,VOF_T00470_S03,Unknown,"I have arranged it with the estimable Ames, who is by no means wholehearted about Barker.",I shall sit in that room and see if its atmosphere brings me inspiration.,I’m a believer in the genius loci.,dialogue_candidate,review,Project Gutenberg #3289 - The Valley of Fear
VOF,VOF_T00470,VOF_T00470_S04,Unknown,I shall sit in that room and see if its atmosphere brings me inspiration.,I’m a believer in the genius loci.,"You smile, Friend Watson.",dialogue_candidate,review,Project Gutenberg #3289 - The Valley of Fear
VOF,VOF_T00470,VOF_T00470_S05,Unknown,I’m a believer in the genius loci.,"You smile, Friend Watson.","Well, we shall see.",dialogue_candidate,review,Project Gutenberg #3289 - The Valley of Fear
VOF,VOF_T00470,VOF_T00470_S06,Unknown,"You smile, Friend Watson.","Well, we shall see.","By the way, you have that big umbrella of yours, have you not?",dialogue_candidate,review,Project Gutenberg #3289 - The Valley of Fear
VOF,VOF_T00470,VOF_T00470_S07,Unknown,"Well, we shall see.","By the way, you have that big umbrella of yours, have you not?",,dialogue_candidate,review,Project Gutenberg #3289 - The Valley of Fear
VOF,VOF_T00471,VOF_T00471_S01,Unknown,,It is here.,,dialogue_candidate,review,Project Gutenberg #3289 - The Valley of Fear
VOF,VOF_T00472,VOF_T00472_S01,Unknown,,"Well, I’ll borrow that if I may.",,dialogue_candidate,review,Project Gutenberg #3289 - The Valley of Fear
VOF,VOF_T00473,VOF_T00473_S01,Unknown,,Certainly—but what a wretched weapon!,If there is danger—,dialogue_candidate,review,Project Gutenberg #3289 - The Valley of Fear
VOF,VOF_T00473,VOF_T00473_S02,Unknown,Certainly—but what a wretched weapon!,If there is danger—,,dialogue_candidate,review,Project Gutenberg #3289 - The Valley of Fear
VOF,VOF_T00474,VOF_T00474_S01,Unknown,,"Nothing serious, my dear Watson, or I should certainly ask for your assistance.",But I’ll take the umbrella.,dialogue_candidate,review,Project Gutenberg #3289 - The Valley of Fear
VOF,VOF_T00474,VOF_T00474_S02,Unknown,"Nothing serious, my dear Watson, or I should certainly ask for your assistance.",But I’ll take the umbrella.,"At present I am only awaiting the return of our colleagues from Tunbridge Wells, where they are at present engaged in trying for a likely owner to the bicycle.",dialogue_candidate,review,Project Gutenberg #3289 - The Valley of Fear
VOF,VOF_T00474,VOF_T00474_S03,Unknown,But I’ll take the umbrella.,"At present I am only awaiting the return of our colleagues from Tunbridge Wells, where they are at present engaged in trying for a likely owner to the bicycle.",,dialogue_candidate,review,Project Gutenberg #3289 - The Valley of Fear
VOF,VOF_T00475,VOF_T00475_S01,MacDonald,,"Man, I’ll admeet that I had my doubts if there was ever an outsider, but that’s all past now.","We’ve had the bicycle identified, and we have a description of our man; so that’s a long step on our journey.",speaker_attributed_dialogue,high,Project Gutenberg #3289 - The Valley of Fear
VOF,VOF_T00475,VOF_T00475_S02,MacDonald,"Man, I’ll admeet that I had my doubts if there was ever an outsider, but that’s all past now.","We’ve had the bicycle identified, and we have a description of our man; so that’s a long step on our journey.",,speaker_attributed_dialogue,high,Project Gutenberg #3289 - The Valley of Fear
VOF,VOF_T00476,VOF_T00476_S01,Holmes,,"It sounds to me like the beginning of the end, I’m sure I congratulate you both with all my heart.",,speaker_attributed_dialogue,high,Project Gutenberg #3289 - The Valley of Fear
VOF,VOF_T00477,VOF_T00477_S01,Unknown,,"Well, I started from the fact that mr. Douglas had seemed disturbed since the day before, when he had been at Tunbridge Wells.",It was at Tunbridge Wells then that he had become conscious of some danger.,dialogue_candidate,review,Project Gutenberg #3289 - The Valley of Fear
VOF,VOF_T00477,VOF_T00477_S02,Unknown,"Well, I started from the fact that mr. Douglas had seemed disturbed since the day before, when he had been at Tunbridge Wells.",It was at Tunbridge Wells then that he had become conscious of some danger.,"It was clear, therefore, that if a man had come over with a bicycle it was from Tunbridge Wells that he might be expected to have come.",dialogue_candidate,review,Project Gutenberg #3289 - The Valley of Fear
VOF,VOF_T00477,VOF_T00477_S03,Unknown,It was at Tunbridge Wells then that he had become conscious of some danger.,"It was clear, therefore, that if a man had come over with a bicycle it was from Tunbridge Wells that he might be expected to have come.",We took the bicycle over with us and showed it at the hotels.,dialogue_candidate,review,Project Gutenberg #3289 - The Valley of Fear
VOF,VOF_T00477,VOF_T00477_S04,Unknown,"It was clear, therefore, that if a man had come over with a bicycle it was from Tunbridge Wells that he might be expected to have come.",We took the bicycle over with us and showed it at the hotels.,"It was identified at once by the manager of the Eagle Commercial as belonging to a man named Hargrave, who had taken a room there two days before.",dialogue_candidate,review,Project Gutenberg #3289 - The Valley of Fear
VOF,VOF_T00477,VOF_T00477_S05,Unknown,We took the bicycle over with us and showed it at the hotels.,"It was identified at once by the manager of the Eagle Commercial as belonging to a man named Hargrave, who had taken a room there two days before.",This bicycle and a small valise were his whole belongings.,dialogue_candidate,review,Project Gutenberg #3289 - The Valley of Fear
VOF,VOF_T00477,VOF_T00477_S06,Unknown,"It was identified at once by the manager of the Eagle Commercial as belonging to a man named Hargrave, who had taken a room there two days before.",This bicycle and a small valise were his whole belongings.,"He had registered his name as coming from London, but had given no address.",dialogue_candidate,review,Project Gutenberg #3289 - The Valley of Fear
VOF,VOF_T00477,VOF_T00477_S07,Unknown,This bicycle and a small valise were his whole belongings.,"He had registered his name as coming from London, but had given no address.","The valise was London made, and the contents were British; but the man himself was undoubtedly an American.",dialogue_candidate,review,Project Gutenberg #3289 - The Valley of Fear
VOF,VOF_T00477,VOF_T00477_S08,Unknown,"He had registered his name as coming from London, but had given no address.","The valise was London made, and the contents were British; but the man himself was undoubtedly an American.",,dialogue_candidate,review,Project Gutenberg #3289 - The Valley of Fear
VOF,VOF_T00478,VOF_T00478_S01,Holmes,,"Well, well, you have indeed done some solid work while I have been sitting spinning theories with my friend!","It’s a lesson in being practical, mr. Mac.",speaker_attributed_dialogue,high,Project Gutenberg #3289 - The Valley of Fear
VOF,VOF_T00478,VOF_T00478_S02,Holmes,"Well, well, you have indeed done some solid work while I have been sitting spinning theories with my friend!","It’s a lesson in being practical, mr. Mac.",,speaker_attributed_dialogue,high,Project Gutenberg #3289 - The Valley of Fear
VOF,VOF_T00479,VOF_T00479_S01,the inspector,,"Ay, it’s just that, mr. Holmes, But this may all fit in with your theories,",,speaker_attributed_dialogue,high,Project Gutenberg #3289 - The Valley of Fear
VOF,VOF_T00480,VOF_T00480_S01,Unknown,,That may or may not be.,"But let us hear the end, mr. Mac.",dialogue_candidate,review,Project Gutenberg #3289 - The Valley of Fear
VOF,VOF_T00480,VOF_T00480_S02,Unknown,That may or may not be.,"But let us hear the end, mr. Mac.",Was there nothing to identify this man?,dialogue_candidate,review,Project Gutenberg #3289 - The Valley of Fear
VOF,VOF_T00480,VOF_T00480_S03,Unknown,"But let us hear the end, mr. Mac.",Was there nothing to identify this man?,,dialogue_candidate,review,Project Gutenberg #3289 - The Valley of Fear
VOF,VOF_T00481,VOF_T00481_S01,Unknown,,So little that it was evident that he had carefully guarded himself against identification.,"There were no papers or letters, and no marking upon the clothes.",dialogue_candidate,review,Project Gutenberg #3289 - The Valley of Fear
VOF,VOF_T00481,VOF_T00481_S02,Unknown,So little that it was evident that he had carefully guarded himself against identification.,"There were no papers or letters, and no marking upon the clothes.",A cycle map of the county lay on his bedroom table.,dialogue_candidate,review,Project Gutenberg #3289 - The Valley of Fear
VOF,VOF_T00481,VOF_T00481_S03,Unknown,"There were no papers or letters, and no marking upon the clothes.",A cycle map of the county lay on his bedroom table.,"He had left the hotel after breakfast yesterday morning on his bicycle, and no more was heard of him until our inquiries.",dialogue_candidate,review,Project Gutenberg #3289 - The Valley of Fear
VOF,VOF_T00481,VOF_T00481_S04,Unknown,A cycle map of the county lay on his bedroom table.,"He had left the hotel after breakfast yesterday morning on his bicycle, and no more was heard of him until our inquiries.",,dialogue_candidate,review,Project Gutenberg #3289 - The Valley of Fear
VOF,VOF_T00482,VOF_T00482_S01,White Mason,,"That’s what puzzles me, mr. Holmes, If the fellow did not want the hue and cry raised over him, one would imagine that he would have returned and remained at the hotel as an inoffensive tourist. As it is, he must know that he will be reported to the police by the hotel manager and that his disappearance will be connected with the murder.",,speaker_attributed_dialogue,high,Project Gutenberg #3289 - The Valley of Fear
VOF,VOF_T00483,VOF_T00483_S01,Unknown,,So one would imagine.,"Still, he has been justified of his wisdom up to date, at any rate, since he has not been taken.",dialogue_candidate,review,Project Gutenberg #3289 - The Valley of Fear
VOF,VOF_T00483,VOF_T00483_S02,Unknown,So one would imagine.,"Still, he has been justified of his wisdom up to date, at any rate, since he has not been taken.",But his description—what of that?,dialogue_candidate,review,Project Gutenberg #3289 - The Valley of Fear
VOF,VOF_T00483,VOF_T00483_S03,Unknown,"Still, he has been justified of his wisdom up to date, at any rate, since he has not been taken.",But his description—what of that?,,dialogue_candidate,review,Project Gutenberg #3289 - The Valley of Fear
VOF,VOF_T00484,VOF_T00484_S01,Unknown,,Here we have it so far as they could give it.,"They don’t seem to have taken any very particular stock of him; but still the porter, the clerk, and the chambermaid are all agreed that this about covers the points.",dialogue_candidate,review,Project Gutenberg #3289 - The Valley of Fear
VOF,VOF_T00484,VOF_T00484_S02,Unknown,Here we have it so far as they could give it.,"They don’t seem to have taken any very particular stock of him; but still the porter, the clerk, and the chambermaid are all agreed that this about covers the points.","He was a man about five foot nine in height, fifty or so years of age, his hair slightly grizzled, a grayish moustache, a curved nose, and a face which all of them described as fierce and forbidding.",dialogue_candidate,review,Project Gutenberg #3289 - The Valley of Fear
VOF,VOF_T00484,VOF_T00484_S03,Unknown,"They don’t seem to have taken any very particular stock of him; but still the porter, the clerk, and the chambermaid are all agreed that this about covers the points.","He was a man about five foot nine in height, fifty or so years of age, his hair slightly grizzled, a grayish moustache, a curved nose, and a face which all of them described as fierce and forbidding.",,dialogue_candidate,review,Project Gutenberg #3289 - The Valley of Fear
VOF,VOF_T00485,VOF_T00485_S01,Holmes,,"Well, bar the expression, that might almost be a description of Douglas himself, He is just over fifty, with grizzled hair and moustache, and about the same height.",Did you get anything else?,speaker_attributed_dialogue,high,Project Gutenberg #3289 - The Valley of Fear
VOF,VOF_T00485,VOF_T00485_S02,Holmes,"Well, bar the expression, that might almost be a description of Douglas himself, He is just over fifty, with grizzled hair and moustache, and about the same height.",Did you get anything else?,,speaker_attributed_dialogue,high,Project Gutenberg #3289 - The Valley of Fear
VOF,VOF_T00486,VOF_T00486_S01,Unknown,,"He was dressed in a heavy gray suit with a reefer jacket, and he wore a short yellow overcoat and a soft cap.",,dialogue_candidate,review,Project Gutenberg #3289 - The Valley of Fear
VOF,VOF_T00487,VOF_T00487_S01,Unknown,,What about the shotgun?,,dialogue_candidate,review,Project Gutenberg #3289 - The Valley of Fear
VOF,VOF_T00488,VOF_T00488_S01,Unknown,,It is less than two feet long.,It could very well have fitted into his valise.,dialogue_candidate,review,Project Gutenberg #3289 - The Valley of Fear
VOF,VOF_T00488,VOF_T00488_S02,Unknown,It is less than two feet long.,It could very well have fitted into his valise.,He could have carried it inside his overcoat without difficulty.,dialogue_candidate,review,Project Gutenberg #3289 - The Valley of Fear
VOF,VOF_T00488,VOF_T00488_S03,Unknown,It could very well have fitted into his valise.,He could have carried it inside his overcoat without difficulty.,,dialogue_candidate,review,Project Gutenberg #3289 - The Valley of Fear
VOF,VOF_T00489,VOF_T00489_S01,Unknown,,And how do you consider that all this bears upon the general case?,,dialogue_candidate,review,Project Gutenberg #3289 - The Valley of Fear
VOF,VOF_T00490,VOF_T00490_S01,MacDonald,,"Well, mr. Holmes, when we have got our man—and you may be sure that I had his description on the wires within five minutes of hearing it—we shall be better able to judge.","But, even as it stands, we have surely gone a long way.",speaker_attributed_dialogue,high,Project Gutenberg #3289 - The Valley of Fear
VOF,VOF_T00490,VOF_T00490_S02,MacDonald,"Well, mr. Holmes, when we have got our man—and you may be sure that I had his description on the wires within five minutes of hearing it—we shall be better able to judge.","But, even as it stands, we have surely gone a long way.",We know that an American calling himself Hargrave came to Tunbridge Wells two days ago with bicycle and valise.,speaker_attributed_dialogue,high,Project Gutenberg #3289 - The Valley of Fear
VOF,VOF_T00490,VOF_T00490_S03,MacDonald,"But, even as it stands, we have surely gone a long way.",We know that an American calling himself Hargrave came to Tunbridge Wells two days ago with bicycle and valise.,In the latter was a sawed-off shotgun; so he came with the deliberate purpose of crime.,speaker_attributed_dialogue,high,Project Gutenberg #3289 - The Valley of Fear
VOF,VOF_T00490,VOF_T00490_S04,MacDonald,We know that an American calling himself Hargrave came to Tunbridge Wells two days ago with bicycle and valise.,In the latter was a sawed-off shotgun; so he came with the deliberate purpose of crime.,"Yesterday morning he set off for this place on his bicycle, with his gun concealed in his overcoat.",speaker_attributed_dialogue,high,Project Gutenberg #3289 - The Valley of Fear
VOF,VOF_T00490,VOF_T00490_S05,MacDonald,In the latter was a sawed-off shotgun; so he came with the deliberate purpose of crime.,"Yesterday morning he set off for this place on his bicycle, with his gun concealed in his overcoat.","No one saw him arrive, so far as we can learn; but he need not pass through the village to reach the park gates, and there are many cyclists upon the road.",speaker_attributed_dialogue,high,Project Gutenberg #3289 - The Valley of Fear
VOF,VOF_T00490,VOF_T00490_S06,MacDonald,"Yesterday morning he set off for this place on his bicycle, with his gun concealed in his overcoat.","No one saw him arrive, so far as we can learn; but he need not pass through the village to reach the park gates, and there are many cyclists upon the road.","Presumably he at once concealed his cycle among the laurels where it was found, and possibly lurked there himself, with his eye on the house, waiting for mr. Douglas to come out.",speaker_attributed_dialogue,high,Project Gutenberg #3289 - The Valley of Fear
VOF,VOF_T00490,VOF_T00490_S07,MacDonald,"No one saw him arrive, so far as we can learn; but he need not pass through the village to reach the park gates, and there are many cyclists upon the road.","Presumably he at once concealed his cycle among the laurels where it was found, and possibly lurked there himself, with his eye on the house, waiting for mr. Douglas to come out.","The shotgun is a strange weapon to use inside a house; but he had intended to use it outside, and there it has very obvious advantages, as it would be impossible to miss with it, and the sound of shots is so common in an English sporting neighbourhood that no particular notice would be taken.",speaker_attributed_dialogue,high,Project Gutenberg #3289 - The Valley of Fear
VOF,VOF_T00490,VOF_T00490_S08,MacDonald,"Presumably he at once concealed his cycle among the laurels where it was found, and possibly lurked there himself, with his eye on the house, waiting for mr. Douglas to come out.","The shotgun is a strange weapon to use inside a house; but he had intended to use it outside, and there it has very obvious advantages, as it would be impossible to miss with it, and the sound of shots is so common in an English sporting neighbourhood that no particular notice would be taken.",,speaker_attributed_dialogue,high,Project Gutenberg #3289 - The Valley of Fear
VOF,VOF_T00491,VOF_T00491_S01,Holmes,,"That is all very clear, Well, mr. Douglas did not appear.",What was he to do next?,speaker_attributed_dialogue,high,Project Gutenberg #3289 - The Valley of Fear
VOF,VOF_T00491,VOF_T00491_S02,Holmes,"That is all very clear, Well, mr. Douglas did not appear.",What was he to do next?,He left his bicycle and approached the house in the twilight.,speaker_attributed_dialogue,high,Project Gutenberg #3289 - The Valley of Fear
VOF,VOF_T00491,VOF_T00491_S03,Holmes,What was he to do next?,He left his bicycle and approached the house in the twilight.,He found the bridge down and no one about.,speaker_attributed_dialogue,high,Project Gutenberg #3289 - The Valley of Fear
VOF,VOF_T00491,VOF_T00491_S04,Holmes,He left his bicycle and approached the house in the twilight.,He found the bridge down and no one about.,"He took his chance, intending, no doubt, to make some excuse if he met anyone.",speaker_attributed_dialogue,high,Project Gutenberg #3289 - The Valley of Fear
VOF,VOF_T00491,VOF_T00491_S05,Holmes,He found the bridge down and no one about.,"He took his chance, intending, no doubt, to make some excuse if he met anyone.",He met no one.,speaker_attributed_dialogue,high,Project Gutenberg #3289 - The Valley of Fear
VOF,VOF_T00491,VOF_T00491_S06,Holmes,"He took his chance, intending, no doubt, to make some excuse if he met anyone.",He met no one.,"He slipped into the first room that he saw, and concealed himself behind the curtain.",speaker_attributed_dialogue,high,Project Gutenberg #3289 - The Valley of Fear
VOF,VOF_T00491,VOF_T00491_S07,Holmes,He met no one.,"He slipped into the first room that he saw, and concealed himself behind the curtain.","Thence he could see the drawbridge go up, and he knew that his only escape was through the moat.",speaker_attributed_dialogue,high,Project Gutenberg #3289 - The Valley of Fear
VOF,VOF_T00491,VOF_T00491_S08,Holmes,"He slipped into the first room that he saw, and concealed himself behind the curtain.","Thence he could see the drawbridge go up, and he knew that his only escape was through the moat.","He waited until quarter-past eleven, when mr. Douglas upon his usual nightly round came into the room.",speaker_attributed_dialogue,high,Project Gutenberg #3289 - The Valley of Fear
VOF,VOF_T00491,VOF_T00491_S09,Holmes,"Thence he could see the drawbridge go up, and he knew that his only escape was through the moat.","He waited until quarter-past eleven, when mr. Douglas upon his usual nightly round came into the room.","He shot him and escaped, as arranged.",speaker_attributed_dialogue,high,Project Gutenberg #3289 - The Valley of Fear
VOF,VOF_T00491,VOF_T00491_S10,Holmes,"He waited until quarter-past eleven, when mr. Douglas upon his usual nightly round came into the room.","He shot him and escaped, as arranged.",He was aware that the bicycle would be described by the hotel people and be a clue against him; so he left it there and made his way by some other means to London or to some safe hiding place which he had already arranged.,speaker_attributed_dialogue,high,Project Gutenberg #3289 - The Valley of Fear
VOF,VOF_T00491,VOF_T00491_S11,Holmes,"He shot him and escaped, as arranged.",He was aware that the bicycle would be described by the hotel people and be a clue against him; so he left it there and made his way by some other means to London or to some safe hiding place which he had already arranged.,"How is that, mr. Holmes?",speaker_attributed_dialogue,high,Project Gutenberg #3289 - The Valley of Fear
VOF,VOF_T00491,VOF_T00491_S12,Holmes,He was aware that the bicycle would be described by the hotel people and be a clue against him; so he left it there and made his way by some other means to London or to some safe hiding place which he had already arranged.,"How is that, mr. Holmes?",,speaker_attributed_dialogue,high,Project Gutenberg #3289 - The Valley of Fear
VOF,VOF_T00492,VOF_T00492_S01,Unknown,,"Well, mr. Mac, it is very good and very clear so far as it goes.",That is your end of the story.,dialogue_candidate,review,Project Gutenberg #3289 - The Valley of Fear
VOF,VOF_T00492,VOF_T00492_S02,Unknown,"Well, mr. Mac, it is very good and very clear so far as it goes.",That is your end of the story.,"My end is that the crime was committed half an hour earlier than reported; that mrs. Douglas and Barker are both in a conspiracy to conceal something; that they aided the murderer’s escape—or at least that they reached the room before he escaped—and that they fabricated evidence of his escape through the window, whereas in all probability they had themselves let him go by lowering the bridge.",dialogue_candidate,review,Project Gutenberg #3289 - The Valley of Fear
VOF,VOF_T00492,VOF_T00492_S03,Unknown,That is your end of the story.,"My end is that the crime was committed half an hour earlier than reported; that mrs. Douglas and Barker are both in a conspiracy to conceal something; that they aided the murderer’s escape—or at least that they reached the room before he escaped—and that they fabricated evidence of his escape through the window, whereas in all probability they had themselves let him go by lowering the bridge.",That’s my reading of the first half.,dialogue_candidate,review,Project Gutenberg #3289 - The Valley of Fear
VOF,VOF_T00492,VOF_T00492_S04,Unknown,"My end is that the crime was committed half an hour earlier than reported; that mrs. Douglas and Barker are both in a conspiracy to conceal something; that they aided the murderer’s escape—or at least that they reached the room before he escaped—and that they fabricated evidence of his escape through the window, whereas in all probability they had themselves let him go by lowering the bridge.",That’s my reading of the first half.,,dialogue_candidate,review,Project Gutenberg #3289 - The Valley of Fear
VOF,VOF_T00493,VOF_T00493_S01,the London inspector,,"Well, mr. Holmes, if this is true, we only tumble out of one mystery into another, And in some ways a worse one,",,speaker_attributed_dialogue,high,Project Gutenberg #3289 - The Valley of Fear
VOF,VOF_T00494,VOF_T00494_S01,Unknown,,The lady has never been in America in all her life.,What possible connection could she have with an American assassin which would cause her to shelter him?,dialogue_candidate,review,Project Gutenberg #3289 - The Valley of Fear
VOF,VOF_T00494,VOF_T00494_S02,Unknown,The lady has never been in America in all her life.,What possible connection could she have with an American assassin which would cause her to shelter him?,,dialogue_candidate,review,Project Gutenberg #3289 - The Valley of Fear
VOF,VOF_T00495,VOF_T00495_S01,Holmes,,"I freely admit the difficulties, I propose to make a little investigation of my own to-night, and it is just possible that it may contribute something to the common cause.",,speaker_attributed_dialogue,high,Project Gutenberg #3289 - The Valley of Fear
VOF,VOF_T00496,VOF_T00496_S01,Unknown,,"Can we help you, mr. Holmes?",,dialogue_candidate,review,Project Gutenberg #3289 - The Valley of Fear
VOF,VOF_T00497,VOF_T00497_S01,Unknown,,"No, no!",Darkness and dr. Watson’s umbrella—my wants are simple.,dialogue_candidate,review,Project Gutenberg #3289 - The Valley of Fear
VOF,VOF_T00497,VOF_T00497_S02,Unknown,"No, no!",Darkness and dr. Watson’s umbrella—my wants are simple.,"And Ames, the faithful Ames, no doubt he will stretch a point for me.",dialogue_candidate,review,Project Gutenberg #3289 - The Valley of Fear
VOF,VOF_T00497,VOF_T00497_S03,Unknown,Darkness and dr. Watson’s umbrella—my wants are simple.,"And Ames, the faithful Ames, no doubt he will stretch a point for me.",All my lines of thought lead me back invariably to the one basic question—why should an athletic man develop his frame upon so unnatural an instrument as a single dumb-bell?,dialogue_candidate,review,Project Gutenberg #3289 - The Valley of Fear
VOF,VOF_T00497,VOF_T00497_S04,Unknown,"And Ames, the faithful Ames, no doubt he will stretch a point for me.",All my lines of thought lead me back invariably to the one basic question—why should an athletic man develop his frame upon so unnatural an instrument as a single dumb-bell?,,dialogue_candidate,review,Project Gutenberg #3289 - The Valley of Fear
VOF,VOF_T00498,VOF_T00498_S01,Unknown,,"Well, Holmes,",,dialogue_candidate,review,Project Gutenberg #3289 - The Valley of Fear
VOF,VOF_T00499,VOF_T00499_S01,I,,have you found anything out?,,speaker_attributed_dialogue,high,Project Gutenberg #3289 - The Valley of Fear
VOF,VOF_T00500,VOF_T00500_S01,Unknown,,"I say, Watson,",,dialogue_candidate,review,Project Gutenberg #3289 - The Valley of Fear
VOF,VOF_T00501,VOF_T00501_S01,he,,"would you be afraid to sleep in the same room with a lunatic, a man with softening of the brain, an idiot whose mind has lost its grip?",,speaker_attributed_dialogue,high,Project Gutenberg #3289 - The Valley of Fear
VOF,VOF_T00502,VOF_T00502_S01,Unknown,,"Watson, would you be afraid to sleep in the same room with a lunatic.",,dialogue_candidate,review,Project Gutenberg #3289 - The Valley of Fear
VOF,VOF_T00503,VOF_T00503_S01,Unknown,,"Not in the least,",,dialogue_candidate,review,Project Gutenberg #3289 - The Valley of Fear
VOF,VOF_T00504,VOF_T00504_S01,Unknown,,"Ah, that’s lucky,",,dialogue_candidate,review,Project Gutenberg #3289 - The Valley of Fear
VOF,VOF_T00505,VOF_T00505_S01,Unknown,,Still on the track of the elusive bicyclist?,,dialogue_candidate,review,Project Gutenberg #3289 - The Valley of Fear
VOF,VOF_T00506,VOF_T00506_S01,Unknown,,What is the latest news of the ruffian?,,dialogue_candidate,review,Project Gutenberg #3289 - The Valley of Fear
VOF,VOF_T00507,VOF_T00507_S01,Unknown,,"He is at present reported from Leicester, Nottingham, Southampton, Derby, East Ham, Richmond, and fourteen other places.","In three of them—East Ham, Leicester, and Liverpool—there is a clear case against him, and he has actually been arrested.",dialogue_candidate,review,Project Gutenberg #3289 - The Valley of Fear
VOF,VOF_T00507,VOF_T00507_S02,Unknown,"He is at present reported from Leicester, Nottingham, Southampton, Derby, East Ham, Richmond, and fourteen other places.","In three of them—East Ham, Leicester, and Liverpool—there is a clear case against him, and he has actually been arrested.",The country seems to be full of the fugitives with yellow coats.,dialogue_candidate,review,Project Gutenberg #3289 - The Valley of Fear
VOF,VOF_T00507,VOF_T00507_S03,Unknown,"In three of them—East Ham, Leicester, and Liverpool—there is a clear case against him, and he has actually been arrested.",The country seems to be full of the fugitives with yellow coats.,,dialogue_candidate,review,Project Gutenberg #3289 - The Valley of Fear
VOF,VOF_T00508,VOF_T00508_S01,Holmes,,Dear me!,"Now, mr. Mac and you, mr. White Mason, I wish to give you a very earnest piece of advice.",speaker_attributed_dialogue,high,Project Gutenberg #3289 - The Valley of Fear
VOF,VOF_T00508,VOF_T00508_S02,Holmes,Dear me!,"Now, mr. Mac and you, mr. White Mason, I wish to give you a very earnest piece of advice.","When I went into this case with you I bargained, as you will no doubt remember, that I should not present you with half-proved theories, but that I should retain and work out my own ideas until I had satisfied myself that they were correct.",speaker_attributed_dialogue,high,Project Gutenberg #3289 - The Valley of Fear
VOF,VOF_T00508,VOF_T00508_S03,Holmes,"Now, mr. Mac and you, mr. White Mason, I wish to give you a very earnest piece of advice.","When I went into this case with you I bargained, as you will no doubt remember, that I should not present you with half-proved theories, but that I should retain and work out my own ideas until I had satisfied myself that they were correct.",For this reason I am not at the present moment telling you all that is in my mind.,speaker_attributed_dialogue,high,Project Gutenberg #3289 - The Valley of Fear
VOF,VOF_T00508,VOF_T00508_S04,Holmes,"When I went into this case with you I bargained, as you will no doubt remember, that I should not present you with half-proved theories, but that I should retain and work out my own ideas until I had satisfied myself that they were correct.",For this reason I am not at the present moment telling you all that is in my mind.,"On the other hand, I said that I would play the game fairly by you, and I do not think it is a fair game to allow you for one unnecessary moment to waste your energies upon a profitless task.",speaker_attributed_dialogue,high,Project Gutenberg #3289 - The Valley of Fear
VOF,VOF_T00508,VOF_T00508_S05,Holmes,For this reason I am not at the present moment telling you all that is in my mind.,"On the other hand, I said that I would play the game fairly by you, and I do not think it is a fair game to allow you for one unnecessary moment to waste your energies upon a profitless task.","Therefore I am here to advise you this morning, and my advice to you is summed up in three words—abandon the case.",speaker_attributed_dialogue,high,Project Gutenberg #3289 - The Valley of Fear
VOF,VOF_T00508,VOF_T00508_S06,Holmes,"On the other hand, I said that I would play the game fairly by you, and I do not think it is a fair game to allow you for one unnecessary moment to waste your energies upon a profitless task.","Therefore I am here to advise you this morning, and my advice to you is summed up in three words—abandon the case.",,speaker_attributed_dialogue,high,Project Gutenberg #3289 - The Valley of Fear
VOF,VOF_T00509,VOF_T00509_S01,the inspector,,You consider it hopeless!,I consider your case to be hopeless.,speaker_attributed_dialogue,high,Project Gutenberg #3289 - The Valley of Fear
VOF,VOF_T00509,VOF_T00509_S02,the inspector,You consider it hopeless!,I consider your case to be hopeless.,I do not consider that it is hopeless to arrive at the truth.,speaker_attributed_dialogue,high,Project Gutenberg #3289 - The Valley of Fear
VOF,VOF_T00509,VOF_T00509_S03,the inspector,I consider your case to be hopeless.,I do not consider that it is hopeless to arrive at the truth.,,speaker_attributed_dialogue,high,Project Gutenberg #3289 - The Valley of Fear
VOF,VOF_T00510,VOF_T00510_S01,Unknown,,But this cyclist. He is not an invention.,"We have his description, his valise, his bicycle.",dialogue_candidate,review,Project Gutenberg #3289 - The Valley of Fear
VOF,VOF_T00510,VOF_T00510_S02,Unknown,But this cyclist. He is not an invention.,"We have his description, his valise, his bicycle.",The fellow must be somewhere.,dialogue_candidate,review,Project Gutenberg #3289 - The Valley of Fear
VOF,VOF_T00510,VOF_T00510_S03,Unknown,"We have his description, his valise, his bicycle.",The fellow must be somewhere.,Why should we not get him?,dialogue_candidate,review,Project Gutenberg #3289 - The Valley of Fear
VOF,VOF_T00510,VOF_T00510_S04,Unknown,The fellow must be somewhere.,Why should we not get him?,,dialogue_candidate,review,Project Gutenberg #3289 - The Valley of Fear
VOF,VOF_T00511,VOF_T00511_S01,Unknown,,"Yes, yes, no doubt he is somewhere, and no doubt we shall get him; but I would not have you waste your energies in East Ham or Liverpool.",I am sure that we can find some shorter cut to a result.,dialogue_candidate,review,Project Gutenberg #3289 - The Valley of Fear
VOF,VOF_T00511,VOF_T00511_S02,Unknown,"Yes, yes, no doubt he is somewhere, and no doubt we shall get him; but I would not have you waste your energies in East Ham or Liverpool.",I am sure that we can find some shorter cut to a result.,,dialogue_candidate,review,Project Gutenberg #3289 - The Valley of Fear
VOF,VOF_T00512,VOF_T00512_S01,Unknown,,You are holding something back.,"It’s hardly fair of you, mr. Holmes.",dialogue_candidate,review,Project Gutenberg #3289 - The Valley of Fear
VOF,VOF_T00512,VOF_T00512_S02,Unknown,You are holding something back.,"It’s hardly fair of you, mr. Holmes.",,dialogue_candidate,review,Project Gutenberg #3289 - The Valley of Fear
VOF,VOF_T00513,VOF_T00513_S01,Unknown,,"You know my methods of work, mr. Mac.",But I will hold it back for the shortest time possible.,dialogue_candidate,review,Project Gutenberg #3289 - The Valley of Fear
VOF,VOF_T00513,VOF_T00513_S02,Unknown,"You know my methods of work, mr. Mac.",But I will hold it back for the shortest time possible.,"I only wish to verify my details in one way, which can very readily be done, and then I make my bow and return to London, leaving my results entirely at your service.",dialogue_candidate,review,Project Gutenberg #3289 - The Valley of Fear
VOF,VOF_T00513,VOF_T00513_S03,Unknown,But I will hold it back for the shortest time possible.,"I only wish to verify my details in one way, which can very readily be done, and then I make my bow and return to London, leaving my results entirely at your service.",I owe you too much to act otherwise; for in all my experience I cannot recall any more singular and interesting study.,dialogue_candidate,review,Project Gutenberg #3289 - The Valley of Fear
VOF,VOF_T00513,VOF_T00513_S04,Unknown,"I only wish to verify my details in one way, which can very readily be done, and then I make my bow and return to London, leaving my results entirely at your service.",I owe you too much to act otherwise; for in all my experience I cannot recall any more singular and interesting study.,,dialogue_candidate,review,Project Gutenberg #3289 - The Valley of Fear
VOF,VOF_T00514,VOF_T00514_S01,Unknown,,"This is clean beyond me, mr. Holmes.","We saw you when we returned from Tunbridge Wells last night, and you were in general agreement with our results.",dialogue_candidate,review,Project Gutenberg #3289 - The Valley of Fear
VOF,VOF_T00514,VOF_T00514_S02,Unknown,"This is clean beyond me, mr. Holmes.","We saw you when we returned from Tunbridge Wells last night, and you were in general agreement with our results.",What has happened since then to give you a completely new idea of the case?,dialogue_candidate,review,Project Gutenberg #3289 - The Valley of Fear
VOF,VOF_T00514,VOF_T00514_S03,Unknown,"We saw you when we returned from Tunbridge Wells last night, and you were in general agreement with our results.",What has happened since then to give you a completely new idea of the case?,,dialogue_candidate,review,Project Gutenberg #3289 - The Valley of Fear
VOF,VOF_T00515,VOF_T00515_S01,Unknown,,"Well, since you ask me, I spent, as I told you that I would, some hours last night at the Manor House.",,dialogue_candidate,review,Project Gutenberg #3289 - The Valley of Fear
VOF,VOF_T00516,VOF_T00516_S01,Unknown,,"Well, what happened?",,dialogue_candidate,review,Project Gutenberg #3289 - The Valley of Fear
VOF,VOF_T00517,VOF_T00517_S01,Unknown,,"Ah, I can only give you a very general answer to that for the moment.","By the way, I have been reading a short but clear and interesting account of the old building, purchasable at the modest sum of one penny from the local tobacconist.",dialogue_candidate,review,Project Gutenberg #3289 - The Valley of Fear
VOF,VOF_T00517,VOF_T00517_S02,Unknown,"Ah, I can only give you a very general answer to that for the moment.","By the way, I have been reading a short but clear and interesting account of the old building, purchasable at the modest sum of one penny from the local tobacconist.",,dialogue_candidate,review,Project Gutenberg #3289 - The Valley of Fear
VOF,VOF_T00518,VOF_T00518_S01,Unknown,,"It immensely adds to the zest of an investigation, my dear mr. Mac, when one is in conscious sympathy with the historical atmosphere of one’s surroundings.",Don’t look so impatient; for I assure you that even so bald an account as this raises some sort of picture of the past in one’s mind.,dialogue_candidate,review,Project Gutenberg #3289 - The Valley of Fear
VOF,VOF_T00518,VOF_T00518_S02,Unknown,"It immensely adds to the zest of an investigation, my dear mr. Mac, when one is in conscious sympathy with the historical atmosphere of one’s surroundings.",Don’t look so impatient; for I assure you that even so bald an account as this raises some sort of picture of the past in one’s mind.,Permit me to give you a sample.,dialogue_candidate,review,Project Gutenberg #3289 - The Valley of Fear
VOF,VOF_T00518,VOF_T00518_S03,Unknown,Don’t look so impatient; for I assure you that even so bald an account as this raises some sort of picture of the past in one’s mind.,Permit me to give you a sample.,"‘Erected in the fifth year of the reign of James I, and standing upon the site of a much older building, the Manor House of Birlstone presents one of the finest surviving examples of the moated Jacobean residence—’",dialogue_candidate,review,Project Gutenberg #3289 - The Valley of Fear
VOF,VOF_T00518,VOF_T00518_S04,Unknown,Permit me to give you a sample.,"‘Erected in the fifth year of the reign of James I, and standing upon the site of a much older building, the Manor House of Birlstone presents one of the finest surviving examples of the moated Jacobean residence—’",,dialogue_candidate,review,Project Gutenberg #3289 - The Valley of Fear
VOF,VOF_T00519,VOF_T00519_S01,Unknown,,"You are making fools of us, mr. Holmes!",,dialogue_candidate,review,Project Gutenberg #3289 - The Valley of Fear
VOF,VOF_T00520,VOF_T00520_S01,Unknown,,"Tut, tut, mr. Mac!—the first sign of temper I have detected in you.","Well, I won’t read it verbatim, since you feel so strongly upon the subject.",dialogue_candidate,review,Project Gutenberg #3289 - The Valley of Fear
VOF,VOF_T00520,VOF_T00520_S02,Unknown,"Tut, tut, mr. Mac!—the first sign of temper I have detected in you.","Well, I won’t read it verbatim, since you feel so strongly upon the subject.","But when I tell you that there is some account of the taking of the place by a parliamentary colonel in 1644, of the concealment of Charles for several days in the course of the Civil War, and finally of a visit there by the second George, you will admit that there are various associations of interest connected with this ancient house.",dialogue_candidate,review,Project Gutenberg #3289 - The Valley of Fear
VOF,VOF_T00520,VOF_T00520_S03,Unknown,"Well, I won’t read it verbatim, since you feel so strongly upon the subject.","But when I tell you that there is some account of the taking of the place by a parliamentary colonel in 1644, of the concealment of Charles for several days in the course of the Civil War, and finally of a visit there by the second George, you will admit that there are various associations of interest connected with this ancient house.",,dialogue_candidate,review,Project Gutenberg #3289 - The Valley of Fear
VOF,VOF_T00521,VOF_T00521_S01,Unknown,,"I don’t doubt it, mr. Holmes; but that is no business of ours.",,dialogue_candidate,review,Project Gutenberg #3289 - The Valley of Fear
VOF,VOF_T00522,VOF_T00522_S01,Unknown,,Is it not?,Is it not?,dialogue_candidate,review,Project Gutenberg #3289 - The Valley of Fear
VOF,VOF_T00522,VOF_T00522_S02,Unknown,Is it not?,Is it not?,"Breadth of view, my dear mr. Mac, is one of the essentials of our profession.",dialogue_candidate,review,Project Gutenberg #3289 - The Valley of Fear
VOF,VOF_T00522,VOF_T00522_S03,Unknown,Is it not?,"Breadth of view, my dear mr. Mac, is one of the essentials of our profession.","The interplay of ideas and the oblique uses of knowledge are often of extraordinary interest. You will excuse these remarks from one who, though a mere connoisseur of crime, is still rather older and perhaps more experienced than yourself.",dialogue_candidate,review,Project Gutenberg #3289 - The Valley of Fear
VOF,VOF_T00522,VOF_T00522_S04,Unknown,"Breadth of view, my dear mr. Mac, is one of the essentials of our profession.","The interplay of ideas and the oblique uses of knowledge are often of extraordinary interest. You will excuse these remarks from one who, though a mere connoisseur of crime, is still rather older and perhaps more experienced than yourself.",,dialogue_candidate,review,Project Gutenberg #3289 - The Valley of Fear
VOF,VOF_T00523,VOF_T00523_S01,the detective,,"I’m the first to admit that, You get to your point, I admit; but you have such a deuced round-the-corner way of doing it.",,speaker_attributed_dialogue,high,Project Gutenberg #3289 - The Valley of Fear
VOF,VOF_T00524,VOF_T00524_S01,Unknown,,"Well, well, I’ll drop past history and get down to present-day facts.","I called last night, as I have already said, at the Manor House.",dialogue_candidate,review,Project Gutenberg #3289 - The Valley of Fear
VOF,VOF_T00524,VOF_T00524_S02,Unknown,"Well, well, I’ll drop past history and get down to present-day facts.","I called last night, as I have already said, at the Manor House.",I did not see either Barker or mrs. Douglas.,dialogue_candidate,review,Project Gutenberg #3289 - The Valley of Fear
VOF,VOF_T00524,VOF_T00524_S03,Unknown,"I called last night, as I have already said, at the Manor House.",I did not see either Barker or mrs. Douglas.,I saw no necessity to disturb them; but I was pleased to hear that the lady was not visibly pining and that she had partaken of an excellent dinner.,dialogue_candidate,review,Project Gutenberg #3289 - The Valley of Fear
VOF,VOF_T00524,VOF_T00524_S04,Unknown,I did not see either Barker or mrs. Douglas.,I saw no necessity to disturb them; but I was pleased to hear that the lady was not visibly pining and that she had partaken of an excellent dinner.,"My visit was specially made to the good mr. Ames, with whom I exchanged some amiabilities, which culminated in his allowing me, without reference to anyone else, to sit alone for a time in the study.",dialogue_candidate,review,Project Gutenberg #3289 - The Valley of Fear
VOF,VOF_T00524,VOF_T00524_S05,Unknown,I saw no necessity to disturb them; but I was pleased to hear that the lady was not visibly pining and that she had partaken of an excellent dinner.,"My visit was specially made to the good mr. Ames, with whom I exchanged some amiabilities, which culminated in his allowing me, without reference to anyone else, to sit alone for a time in the study.",,dialogue_candidate,review,Project Gutenberg #3289 - The Valley of Fear
VOF,VOF_T00525,VOF_T00525_S01,Unknown,,What!,With that?,dialogue_candidate,review,Project Gutenberg #3289 - The Valley of Fear
VOF,VOF_T00525,VOF_T00525_S02,Unknown,What!,With that?,,dialogue_candidate,review,Project Gutenberg #3289 - The Valley of Fear
VOF,VOF_T00526,VOF_T00526_S01,Unknown,,"No, no, everything is now in order.","You gave permission for that, mr. Mac, as I am informed.",dialogue_candidate,review,Project Gutenberg #3289 - The Valley of Fear
VOF,VOF_T00526,VOF_T00526_S02,Unknown,"No, no, everything is now in order.","You gave permission for that, mr. Mac, as I am informed.","The room was in its normal state, and in it I passed an instructive quarter of an hour.",dialogue_candidate,review,Project Gutenberg #3289 - The Valley of Fear
VOF,VOF_T00526,VOF_T00526_S03,Unknown,"You gave permission for that, mr. Mac, as I am informed.","The room was in its normal state, and in it I passed an instructive quarter of an hour.",,dialogue_candidate,review,Project Gutenberg #3289 - The Valley of Fear
VOF,VOF_T00527,VOF_T00527_S01,Unknown,,What were you doing?,,dialogue_candidate,review,Project Gutenberg #3289 - The Valley of Fear
VOF,VOF_T00528,VOF_T00528_S01,Unknown,,"Well, not to make a mystery of so simple a matter, I was looking for the missing dumb-bell.",It has always bulked rather large in my estimate of the case.,dialogue_candidate,review,Project Gutenberg #3289 - The Valley of Fear
VOF,VOF_T00528,VOF_T00528_S02,Unknown,"Well, not to make a mystery of so simple a matter, I was looking for the missing dumb-bell.",It has always bulked rather large in my estimate of the case.,I ended by finding it.,dialogue_candidate,review,Project Gutenberg #3289 - The Valley of Fear
VOF,VOF_T00528,VOF_T00528_S03,Unknown,It has always bulked rather large in my estimate of the case.,I ended by finding it.,,dialogue_candidate,review,Project Gutenberg #3289 - The Valley of Fear
VOF,VOF_T00529,VOF_T00529_S01,Unknown,,Where?,,dialogue_candidate,review,Project Gutenberg #3289 - The Valley of Fear
VOF,VOF_T00530,VOF_T00530_S01,Unknown,,"Ah, there we come to the edge of the unexplored.","Let me go a little further, a very little further, and I will promise that you shall share everything that I know.",dialogue_candidate,review,Project Gutenberg #3289 - The Valley of Fear
VOF,VOF_T00530,VOF_T00530_S02,Unknown,"Ah, there we come to the edge of the unexplored.","Let me go a little further, a very little further, and I will promise that you shall share everything that I know.",,dialogue_candidate,review,Project Gutenberg #3289 - The Valley of Fear
VOF,VOF_T00531,VOF_T00531_S01,the inspector,,"Well, we’re bound to take you on your own terms, but when it comes to telling us to abandon the case—why in the name of goodness should we abandon the case?",,speaker_attributed_dialogue,high,Project Gutenberg #3289 - The Valley of Fear
VOF,VOF_T00532,VOF_T00532_S01,Unknown,,"For the simple reason, my dear mr. Mac, that you have not got the first idea what it is that you are investigating.",,dialogue_candidate,review,Project Gutenberg #3289 - The Valley of Fear
VOF,VOF_T00533,VOF_T00533_S01,Unknown,,We are investigating the murder of mr. John Douglas of Birlstone Manor.,,dialogue_candidate,review,Project Gutenberg #3289 - The Valley of Fear
VOF,VOF_T00534,VOF_T00534_S01,Unknown,,"Yes, yes, so you are.",But don’t trouble to trace the mysterious gentleman upon the bicycle.,dialogue_candidate,review,Project Gutenberg #3289 - The Valley of Fear
VOF,VOF_T00534,VOF_T00534_S02,Unknown,"Yes, yes, so you are.",But don’t trouble to trace the mysterious gentleman upon the bicycle.,I assure you that it won’t help you.,dialogue_candidate,review,Project Gutenberg #3289 - The Valley of Fear
VOF,VOF_T00534,VOF_T00534_S03,Unknown,But don’t trouble to trace the mysterious gentleman upon the bicycle.,I assure you that it won’t help you.,,dialogue_candidate,review,Project Gutenberg #3289 - The Valley of Fear
VOF,VOF_T00535,VOF_T00535_S01,Unknown,,Then what do you suggest that we do?,,dialogue_candidate,review,Project Gutenberg #3289 - The Valley of Fear
VOF,VOF_T00536,VOF_T00536_S01,Unknown,,"I will tell you exactly what to do, if you will do it.",,dialogue_candidate,review,Project Gutenberg #3289 - The Valley of Fear
VOF,VOF_T00537,VOF_T00537_S01,Unknown,,"Well, I’m bound to say I’ve always found you had reason behind all your queer ways.",I’ll do what you advise.,dialogue_candidate,review,Project Gutenberg #3289 - The Valley of Fear
VOF,VOF_T00537,VOF_T00537_S02,Unknown,"Well, I’m bound to say I’ve always found you had reason behind all your queer ways.",I’ll do what you advise.,,dialogue_candidate,review,Project Gutenberg #3289 - The Valley of Fear
VOF,VOF_T00538,VOF_T00538_S01,Unknown,,"And you, mr. White Mason?",,dialogue_candidate,review,Project Gutenberg #3289 - The Valley of Fear
VOF,VOF_T00539,VOF_T00539_S01,Unknown,,"Well, if it is good enough for the inspector, it is good enough for me,",,dialogue_candidate,review,Project Gutenberg #3289 - The Valley of Fear
VOF,VOF_T00540,VOF_T00540_S01,Holmes,,Capital!,"Well, then, I should recommend a nice, cheery country walk for both of you.",speaker_attributed_dialogue,high,Project Gutenberg #3289 - The Valley of Fear
VOF,VOF_T00540,VOF_T00540_S02,Holmes,Capital!,"Well, then, I should recommend a nice, cheery country walk for both of you.",They tell me that the views from Birlstone Ridge over the Weald are very remarkable.,speaker_attributed_dialogue,high,Project Gutenberg #3289 - The Valley of Fear
VOF,VOF_T00540,VOF_T00540_S03,Holmes,"Well, then, I should recommend a nice, cheery country walk for both of you.",They tell me that the views from Birlstone Ridge over the Weald are very remarkable.,No doubt lunch could be got at some suitable hostelry; though my ignorance of the country prevents me from recommending one.,speaker_attributed_dialogue,high,Project Gutenberg #3289 - The Valley of Fear
VOF,VOF_T00540,VOF_T00540_S04,Holmes,They tell me that the views from Birlstone Ridge over the Weald are very remarkable.,No doubt lunch could be got at some suitable hostelry; though my ignorance of the country prevents me from recommending one.,"In the evening, tired but happy—",speaker_attributed_dialogue,high,Project Gutenberg #3289 - The Valley of Fear
VOF,VOF_T00540,VOF_T00540_S05,Holmes,No doubt lunch could be got at some suitable hostelry; though my ignorance of the country prevents me from recommending one.,"In the evening, tired but happy—",,speaker_attributed_dialogue,high,Project Gutenberg #3289 - The Valley of Fear
VOF,VOF_T00541,VOF_T00541_S01,MacDonald,,"Man, this is getting past a joke!","Well, well, spend the day as you like,",speaker_attributed_dialogue,high,Project Gutenberg #3289 - The Valley of Fear
VOF,VOF_T00541,VOF_T00541_S02,MacDonald,"Man, this is getting past a joke!","Well, well, spend the day as you like,",,speaker_attributed_dialogue,high,Project Gutenberg #3289 - The Valley of Fear
VOF,VOF_T00542,VOF_T00542_S01,Unknown,,"Do what you like and go where you will, but meet me here before dusk without fail—without fail, mr. Mac.",,dialogue_candidate,review,Project Gutenberg #3289 - The Valley of Fear
VOF,VOF_T00543,VOF_T00543_S01,Unknown,,That sounds more like sanity.,,dialogue_candidate,review,Project Gutenberg #3289 - The Valley of Fear
VOF,VOF_T00544,VOF_T00544_S01,Unknown,,"All of it was excellent advice; but I don’t insist, so long as you are here when I need you.","But now, before we part, I want you to write a note to mr. Barker.",dialogue_candidate,review,Project Gutenberg #3289 - The Valley of Fear
VOF,VOF_T00544,VOF_T00544_S02,Unknown,"All of it was excellent advice; but I don’t insist, so long as you are here when I need you.","But now, before we part, I want you to write a note to mr. Barker.",,dialogue_candidate,review,Project Gutenberg #3289 - The Valley of Fear
VOF,VOF_T00545,VOF_T00545_S01,Unknown,,Well?,,dialogue_candidate,review,Project Gutenberg #3289 - The Valley of Fear
VOF,VOF_T00546,VOF_T00546_S01,Unknown,,"I’ll dictate it, if you like.",Ready?,dialogue_candidate,review,Project Gutenberg #3289 - The Valley of Fear
VOF,VOF_T00546,VOF_T00546_S02,Unknown,"I’ll dictate it, if you like.",Ready?,"“DEAR SIR.—It has struck me that it is our duty to drain the moat, in the hope that we may find some—",dialogue_candidate,review,Project Gutenberg #3289 - The Valley of Fear
VOF,VOF_T00546,VOF_T00546_S03,Unknown,Ready?,"“DEAR SIR.—It has struck me that it is our duty to drain the moat, in the hope that we may find some—",,dialogue_candidate,review,Project Gutenberg #3289 - The Valley of Fear
VOF,VOF_T00547,VOF_T00547_S01,the inspector,,"It’s impossible, I’ve made inquiry.",,speaker_attributed_dialogue,high,Project Gutenberg #3289 - The Valley of Fear
VOF,VOF_T00548,VOF_T00548_S01,Unknown,,"Tut, tut!","My dear sir, please do what I ask you.",dialogue_candidate,review,Project Gutenberg #3289 - The Valley of Fear
VOF,VOF_T00548,VOF_T00548_S02,Unknown,"Tut, tut!","My dear sir, please do what I ask you.",,dialogue_candidate,review,Project Gutenberg #3289 - The Valley of Fear
VOF,VOF_T00549,VOF_T00549_S01,Unknown,,"Well, go on.",,dialogue_candidate,review,Project Gutenberg #3289 - The Valley of Fear
VOF,VOF_T00550,VOF_T00550_S01,Unknown,,—in the hope that we may find something which may bear upon our investigation.,"I have made arrangements, and the workmen will be at work early to-morrow morning diverting the stream—",dialogue_candidate,review,Project Gutenberg #3289 - The Valley of Fear
VOF,VOF_T00550,VOF_T00550_S02,Unknown,—in the hope that we may find something which may bear upon our investigation.,"I have made arrangements, and the workmen will be at work early to-morrow morning diverting the stream—",,dialogue_candidate,review,Project Gutenberg #3289 - The Valley of Fear
VOF,VOF_T00551,VOF_T00551_S01,Unknown,,Impossible!,,dialogue_candidate,review,Project Gutenberg #3289 - The Valley of Fear
VOF,VOF_T00552,VOF_T00552_S01,Unknown,,—diverting the stream; so I thought it best to explain matters beforehand.,"“Now sign that, and send it by hand about four o’clock.",dialogue_candidate,review,Project Gutenberg #3289 - The Valley of Fear
VOF,VOF_T00552,VOF_T00552_S02,Unknown,—diverting the stream; so I thought it best to explain matters beforehand.,"“Now sign that, and send it by hand about four o’clock.",At that hour we shall meet again in this room.,dialogue_candidate,review,Project Gutenberg #3289 - The Valley of Fear
VOF,VOF_T00552,VOF_T00552_S03,Unknown,"“Now sign that, and send it by hand about four o’clock.",At that hour we shall meet again in this room.,Until then we may each do what we like; for I can assure you that this inquiry has come to a definite pause.,dialogue_candidate,review,Project Gutenberg #3289 - The Valley of Fear
VOF,VOF_T00552,VOF_T00552_S04,Unknown,At that hour we shall meet again in this room.,Until then we may each do what we like; for I can assure you that this inquiry has come to a definite pause.,,dialogue_candidate,review,Project Gutenberg #3289 - The Valley of Fear
VOF,VOF_T00553,VOF_T00553_S01,my friend,,"Well, gentlemen, I am asking you now to put everything to the test with me, and you will judge for yourselves whether the observations I have made justify the conclusions to which I have come.","It is a chill evening, and I do not know how long our expedition may last; so I beg that you will wear your warmest coats.",speaker_attributed_dialogue,high,Project Gutenberg #3289 - The Valley of Fear
VOF,VOF_T00553,VOF_T00553_S02,my friend,"Well, gentlemen, I am asking you now to put everything to the test with me, and you will judge for yourselves whether the observations I have made justify the conclusions to which I have come.","It is a chill evening, and I do not know how long our expedition may last; so I beg that you will wear your warmest coats.",It is of the first importance that we should be in our places before it grows dark; so with your permission we shall get started at once.,speaker_attributed_dialogue,high,Project Gutenberg #3289 - The Valley of Fear
VOF,VOF_T00553,VOF_T00553_S03,my friend,"It is a chill evening, and I do not know how long our expedition may last; so I beg that you will wear your warmest coats.",It is of the first importance that we should be in our places before it grows dark; so with your permission we shall get started at once.,,speaker_attributed_dialogue,high,Project Gutenberg #3289 - The Valley of Fear
VOF,VOF_T00554,VOF_T00554_S01,MacDonald,,"Well, what are we to do now?","Possess our souls in patience and make as little noise as possible,",speaker_attributed_dialogue,high,Project Gutenberg #3289 - The Valley of Fear
VOF,VOF_T00554,VOF_T00554_S02,MacDonald,"Well, what are we to do now?","Possess our souls in patience and make as little noise as possible,",,speaker_attributed_dialogue,high,Project Gutenberg #3289 - The Valley of Fear
VOF,VOF_T00555,VOF_T00555_S01,Unknown,,What are we here for at all?,I really think that you might treat us with more frankness.,dialogue_candidate,review,Project Gutenberg #3289 - The Valley of Fear
VOF,VOF_T00555,VOF_T00555_S02,Unknown,What are we here for at all?,I really think that you might treat us with more frankness.,,dialogue_candidate,review,Project Gutenberg #3289 - The Valley of Fear
VOF,VOF_T00556,VOF_T00556_S01,he,,"Watson insists that I am the dramatist in real life, Some touch of the artist wells up within me, and calls insistently for a well-staged performance.","Surely our profession, mr. Mac, would be a drab and sordid one if we did not sometimes set the scene so as to glorify our results.",speaker_attributed_dialogue,high,Project Gutenberg #3289 - The Valley of Fear
VOF,VOF_T00556,VOF_T00556_S02,he,"Watson insists that I am the dramatist in real life, Some touch of the artist wells up within me, and calls insistently for a well-staged performance.","Surely our profession, mr. Mac, would be a drab and sordid one if we did not sometimes set the scene so as to glorify our results.","The blunt accusation, the brutal tap upon the shoulder—what can one make of such a denouement?",speaker_attributed_dialogue,high,Project Gutenberg #3289 - The Valley of Fear
VOF,VOF_T00556,VOF_T00556_S03,he,"Surely our profession, mr. Mac, would be a drab and sordid one if we did not sometimes set the scene so as to glorify our results.","The blunt accusation, the brutal tap upon the shoulder—what can one make of such a denouement?","But the quick inference, the subtle trap, the clever forecast of coming events, the triumphant vindication of bold theories—are these not the pride and the justification of our life’s work?",speaker_attributed_dialogue,high,Project Gutenberg #3289 - The Valley of Fear
VOF,VOF_T00556,VOF_T00556_S04,he,"The blunt accusation, the brutal tap upon the shoulder—what can one make of such a denouement?","But the quick inference, the subtle trap, the clever forecast of coming events, the triumphant vindication of bold theories—are these not the pride and the justification of our life’s work?",At the present moment you thrill with the glamour of the situation and the anticipation of the hunt.,speaker_attributed_dialogue,high,Project Gutenberg #3289 - The Valley of Fear
VOF,VOF_T00556,VOF_T00556_S05,he,"But the quick inference, the subtle trap, the clever forecast of coming events, the triumphant vindication of bold theories—are these not the pride and the justification of our life’s work?",At the present moment you thrill with the glamour of the situation and the anticipation of the hunt.,Where would be that thrill if I had been as definite as a timetable?,speaker_attributed_dialogue,high,Project Gutenberg #3289 - The Valley of Fear
VOF,VOF_T00556,VOF_T00556_S06,he,At the present moment you thrill with the glamour of the situation and the anticipation of the hunt.,Where would be that thrill if I had been as definite as a timetable?,"I only ask a little patience, mr. Mac, and all will be clear to you.",speaker_attributed_dialogue,high,Project Gutenberg #3289 - The Valley of Fear
VOF,VOF_T00556,VOF_T00556_S07,he,Where would be that thrill if I had been as definite as a timetable?,"I only ask a little patience, mr. Mac, and all will be clear to you.",,speaker_attributed_dialogue,high,Project Gutenberg #3289 - The Valley of Fear
VOF,VOF_T00557,VOF_T00557_S01,Unknown,,"Well, I hope the pride and justification and the rest of it will come before we all get our death of cold, How long is this to last?",,speaker_attributed_dialogue,review,Project Gutenberg #3289 - The Valley of Fear
VOF,VOF_T00558,VOF_T00558_S01,Unknown,,And what is it we are watching for?,,dialogue_candidate,review,Project Gutenberg #3289 - The Valley of Fear
VOF,VOF_T00559,VOF_T00559_S01,Unknown,,"I have no more notion than you how long it is to last,",,dialogue_candidate,review,Project Gutenberg #3289 - The Valley of Fear
VOF,VOF_T00560,VOF_T00560_S01,Unknown,,"If criminals would always schedule their movements like railway trains, it would certainly be more convenient for all of us.","As to what it is we— Well, _that’s_ what we are watching for!",dialogue_candidate,review,Project Gutenberg #3289 - The Valley of Fear
VOF,VOF_T00560,VOF_T00560_S02,Unknown,"If criminals would always schedule their movements like railway trains, it would certainly be more convenient for all of us.","As to what it is we— Well, _that’s_ what we are watching for!",,dialogue_candidate,review,Project Gutenberg #3289 - The Valley of Fear
VOF,VOF_T00561,VOF_T00561_S01,Holmes,,Now!,Now!,speaker_attributed_dialogue,high,Project Gutenberg #3289 - The Valley of Fear
VOF,VOF_T00561,VOF_T00561_S02,Holmes,Now!,Now!,,speaker_attributed_dialogue,high,Project Gutenberg #3289 - The Valley of Fear
VOF,VOF_T00562,VOF_T00562_S01,Unknown,,What the devil is the meaning of all this?,,dialogue_candidate,review,Project Gutenberg #3289 - The Valley of Fear
VOF,VOF_T00563,VOF_T00563_S01,Unknown,,"What are you after, anyhow?",,dialogue_candidate,review,Project Gutenberg #3289 - The Valley of Fear
VOF,VOF_T00564,VOF_T00564_S01,Unknown,,"This is what we are after, mr. Barker—this bundle, weighted with a dumb-bell, which you have just raised from the bottom of the moat.",,dialogue_candidate,review,Project Gutenberg #3289 - The Valley of Fear
VOF,VOF_T00565,VOF_T00565_S01,Unknown,,How in thunder came you to know anything about it?,,dialogue_candidate,review,Project Gutenberg #3289 - The Valley of Fear
VOF,VOF_T00566,VOF_T00566_S01,Unknown,,Simply that I put it there.,,dialogue_candidate,review,Project Gutenberg #3289 - The Valley of Fear
VOF,VOF_T00567,VOF_T00567_S01,Unknown,,You put it there!,You!,dialogue_candidate,review,Project Gutenberg #3289 - The Valley of Fear
VOF,VOF_T00567,VOF_T00567_S02,Unknown,You put it there!,You!,,dialogue_candidate,review,Project Gutenberg #3289 - The Valley of Fear
VOF,VOF_T00568,VOF_T00568_S01,Holmes,,"Perhaps I should have said ‘replaced it there,’ You will remember, Inspector MacDonald, that I was somewhat struck by the absence of a dumb-bell.",I drew your attention to it; but with the pressure of other events you had hardly the time to give it the consideration which would have enabled you to draw deductions from it.,speaker_attributed_dialogue,high,Project Gutenberg #3289 - The Valley of Fear
VOF,VOF_T00568,VOF_T00568_S02,Holmes,"Perhaps I should have said ‘replaced it there,’ You will remember, Inspector MacDonald, that I was somewhat struck by the absence of a dumb-bell.",I drew your attention to it; but with the pressure of other events you had hardly the time to give it the consideration which would have enabled you to draw deductions from it.,When water is near and a weight is missing it is not a very far-fetched supposition that something has been sunk in the water.,speaker_attributed_dialogue,high,Project Gutenberg #3289 - The Valley of Fear
VOF,VOF_T00568,VOF_T00568_S03,Holmes,I drew your attention to it; but with the pressure of other events you had hardly the time to give it the consideration which would have enabled you to draw deductions from it.,When water is near and a weight is missing it is not a very far-fetched supposition that something has been sunk in the water.,"The idea was at least worth testing; so with the help of Ames, who admitted me to the room, and the crook of dr. Watson’s umbrella, I was able last night to fish up and inspect this bundle.",speaker_attributed_dialogue,high,Project Gutenberg #3289 - The Valley of Fear
VOF,VOF_T00568,VOF_T00568_S04,Holmes,When water is near and a weight is missing it is not a very far-fetched supposition that something has been sunk in the water.,"The idea was at least worth testing; so with the help of Ames, who admitted me to the room, and the crook of dr. Watson’s umbrella, I was able last night to fish up and inspect this bundle.","“It was of the first importance, however, that we should be able to prove who placed it there.",speaker_attributed_dialogue,high,Project Gutenberg #3289 - The Valley of Fear
VOF,VOF_T00568,VOF_T00568_S05,Holmes,"The idea was at least worth testing; so with the help of Ames, who admitted me to the room, and the crook of dr. Watson’s umbrella, I was able last night to fish up and inspect this bundle.","“It was of the first importance, however, that we should be able to prove who placed it there.","This we accomplished by the very obvious device of announcing that the moat would be dried to-morrow, which had, of course, the effect that whoever had hidden the bundle would most certainly withdraw it the moment that darkness enabled him to do so.",speaker_attributed_dialogue,high,Project Gutenberg #3289 - The Valley of Fear
VOF,VOF_T00568,VOF_T00568_S06,Holmes,"“It was of the first importance, however, that we should be able to prove who placed it there.","This we accomplished by the very obvious device of announcing that the moat would be dried to-morrow, which had, of course, the effect that whoever had hidden the bundle would most certainly withdraw it the moment that darkness enabled him to do so.","We have no less than four witnesses as to who it was who took advantage of the opportunity, and so, mr. Barker, I think the word lies now with you.",speaker_attributed_dialogue,high,Project Gutenberg #3289 - The Valley of Fear
VOF,VOF_T00568,VOF_T00568_S07,Holmes,"This we accomplished by the very obvious device of announcing that the moat would be dried to-morrow, which had, of course, the effect that whoever had hidden the bundle would most certainly withdraw it the moment that darkness enabled him to do so.","We have no less than four witnesses as to who it was who took advantage of the opportunity, and so, mr. Barker, I think the word lies now with you.",,speaker_attributed_dialogue,high,Project Gutenberg #3289 - The Valley of Fear
VOF,VOF_T00569,VOF_T00569_S01,Unknown,,"American, as you perceive,",,dialogue_candidate,review,Project Gutenberg #3289 - The Valley of Fear
VOF,VOF_T00570,VOF_T00570_S01,Holmes,,"The clothes are commonplace, save only the overcoat, which is full of suggestive touches.",,speaker_attributed_dialogue,high,Project Gutenberg #3289 - The Valley of Fear
VOF,VOF_T00571,VOF_T00571_S01,Unknown,,"Here, as you perceive, is the inner pocket prolonged into the lining in such fashion as to give ample space for the truncated fowling piece.","The tailor’s tab is on the neck—‘Neal, Outfitter, Vermissa, U.S.A.’ I have spent an instructive afternoon in the rector’s library, and have enlarged my knowledge by adding the fact that Vermissa is a flourishing little town at the head of one of the best known coal and iron valleys in the United States.",dialogue_candidate,review,Project Gutenberg #3289 - The Valley of Fear
VOF,VOF_T00571,VOF_T00571_S02,Unknown,"Here, as you perceive, is the inner pocket prolonged into the lining in such fashion as to give ample space for the truncated fowling piece.","The tailor’s tab is on the neck—‘Neal, Outfitter, Vermissa, U.S.A.’ I have spent an instructive afternoon in the rector’s library, and have enlarged my knowledge by adding the fact that Vermissa is a flourishing little town at the head of one of the best known coal and iron valleys in the United States.","I have some recollection, mr. Barker, that you associated the coal districts with mr. Douglas’s first wife, and it would surely not be too far-fetched an inference that the V.V. upon the card by the dead body might stand for Vermissa Valley, or that this very valley which sends forth emissaries of murder may be that Valley of Fear of which we have heard.",dialogue_candidate,review,Project Gutenberg #3289 - The Valley of Fear
VOF,VOF_T00571,VOF_T00571_S03,Unknown,"The tailor’s tab is on the neck—‘Neal, Outfitter, Vermissa, U.S.A.’ I have spent an instructive afternoon in the rector’s library, and have enlarged my knowledge by adding the fact that Vermissa is a flourishing little town at the head of one of the best known coal and iron valleys in the United States.","I have some recollection, mr. Barker, that you associated the coal districts with mr. Douglas’s first wife, and it would surely not be too far-fetched an inference that the V.V. upon the card by the dead body might stand for Vermissa Valley, or that this very valley which sends forth emissaries of murder may be that Valley of Fear of which we have heard.",So much is fairly clear.,dialogue_candidate,review,Project Gutenberg #3289 - The Valley of Fear
VOF,VOF_T00571,VOF_T00571_S04,Unknown,"I have some recollection, mr. Barker, that you associated the coal districts with mr. Douglas’s first wife, and it would surely not be too far-fetched an inference that the V.V. upon the card by the dead body might stand for Vermissa Valley, or that this very valley which sends forth emissaries of murder may be that Valley of Fear of which we have heard.",So much is fairly clear.,"And now, mr. Barker, I seem to be standing rather in the way of your explanation.",dialogue_candidate,review,Project Gutenberg #3289 - The Valley of Fear
VOF,VOF_T00571,VOF_T00571_S05,Unknown,So much is fairly clear.,"And now, mr. Barker, I seem to be standing rather in the way of your explanation.",,dialogue_candidate,review,Project Gutenberg #3289 - The Valley of Fear
VOF,VOF_T00572,VOF_T00572_S01,Unknown,,"You know such a lot, mr. Holmes, perhaps you had better tell us some more,",,dialogue_candidate,review,Project Gutenberg #3289 - The Valley of Fear
VOF,VOF_T00573,VOF_T00573_S01,Unknown,,"I have no doubt that I could tell you a great deal more, mr. Barker; but it would come with a better grace from you.",,dialogue_candidate,review,Project Gutenberg #3289 - The Valley of Fear
VOF,VOF_T00574,VOF_T00574_S01,Unknown,,"Oh, you think so, do you?","Well, all I can say is that if there’s any secret here it is not my secret, and I am not the man to give it away.",dialogue_candidate,review,Project Gutenberg #3289 - The Valley of Fear
VOF,VOF_T00574,VOF_T00574_S02,Unknown,"Oh, you think so, do you?","Well, all I can say is that if there’s any secret here it is not my secret, and I am not the man to give it away.",,dialogue_candidate,review,Project Gutenberg #3289 - The Valley of Fear
VOF,VOF_T00575,VOF_T00575_S01,the inspector,,"Well, if you take that line, mr. Barker, we must just keep you in sight until we have the warrant and can hold you.",,speaker_attributed_dialogue,high,Project Gutenberg #3289 - The Valley of Fear
VOF,VOF_T00576,VOF_T00576_S01,Unknown,,"You can do what you damn please about that, You have done enough for now, Cecil,",,speaker_attributed_dialogue,review,Project Gutenberg #3289 - The Valley of Fear
VOF,VOF_T00577,VOF_T00577_S01,Unknown,,"Whatever comes of it in the future, you have done enough.",,dialogue_candidate,review,Project Gutenberg #3289 - The Valley of Fear
VOF,VOF_T00578,VOF_T00578_S01,She,,"Enough and more than enough, I have every sympathy with you, madam, and should strongly urge you to have some confidence in the common sense of our jurisdiction and to take the police voluntarily into your complete confidence.","It may be that I am myself at fault for not following up the hint which you conveyed to me through my friend, dr. Watson; but, at that time I had every reason to believe that you were directly concerned in the crime.",speaker_attributed_dialogue,high,Project Gutenberg #3289 - The Valley of Fear
VOF,VOF_T00578,VOF_T00578_S02,She,"Enough and more than enough, I have every sympathy with you, madam, and should strongly urge you to have some confidence in the common sense of our jurisdiction and to take the police voluntarily into your complete confidence.","It may be that I am myself at fault for not following up the hint which you conveyed to me through my friend, dr. Watson; but, at that time I had every reason to believe that you were directly concerned in the crime.",Now I am assured that this is not so.,speaker_attributed_dialogue,high,Project Gutenberg #3289 - The Valley of Fear
VOF,VOF_T00578,VOF_T00578_S03,She,"It may be that I am myself at fault for not following up the hint which you conveyed to me through my friend, dr. Watson; but, at that time I had every reason to believe that you were directly concerned in the crime.",Now I am assured that this is not so.,"At the same time, there is much that is unexplained, and I should strongly recommend that you ask mr. Douglas to tell us his own story.",speaker_attributed_dialogue,high,Project Gutenberg #3289 - The Valley of Fear
VOF,VOF_T00578,VOF_T00578_S04,She,Now I am assured that this is not so.,"At the same time, there is much that is unexplained, and I should strongly recommend that you ask mr. Douglas to tell us his own story.",,speaker_attributed_dialogue,high,Project Gutenberg #3289 - The Valley of Fear
VOF,VOF_T00579,VOF_T00579_S01,Unknown,,"It’s best this way, Jack,",,dialogue_candidate,review,Project Gutenberg #3289 - The Valley of Fear
VOF,VOF_T00580,VOF_T00580_S01,Unknown,,I am sure that it is best.,,dialogue_candidate,review,Project Gutenberg #3289 - The Valley of Fear
VOF,VOF_T00581,VOF_T00581_S01,She,,"Indeed, yes, mr. Douglas, I am sure that you will find it best.",,speaker_attributed_dialogue,high,Project Gutenberg #3289 - The Valley of Fear
VOF,VOF_T00582,VOF_T00582_S01,he,,"I’ve heard of you, You are the historian of this bunch.","Well, dr. Watson, you’ve never had such a story as that pass through your hands before, and I’ll lay my last dollar on that.",speaker_attributed_dialogue,high,Project Gutenberg #3289 - The Valley of Fear
VOF,VOF_T00582,VOF_T00582_S02,he,"I’ve heard of you, You are the historian of this bunch.","Well, dr. Watson, you’ve never had such a story as that pass through your hands before, and I’ll lay my last dollar on that.","Tell it your own way; but there are the facts, and you can’t miss the public so long as you have those.",speaker_attributed_dialogue,high,Project Gutenberg #3289 - The Valley of Fear
VOF,VOF_T00582,VOF_T00582_S03,he,"Well, dr. Watson, you’ve never had such a story as that pass through your hands before, and I’ll lay my last dollar on that.","Tell it your own way; but there are the facts, and you can’t miss the public so long as you have those.","I’ve been cooped up two days, and I’ve spent the daylight hours—as much daylight as I could get in that rat trap—in putting the thing into words.",speaker_attributed_dialogue,high,Project Gutenberg #3289 - The Valley of Fear
VOF,VOF_T00582,VOF_T00582_S04,he,"Tell it your own way; but there are the facts, and you can’t miss the public so long as you have those.","I’ve been cooped up two days, and I’ve spent the daylight hours—as much daylight as I could get in that rat trap—in putting the thing into words.",You’re welcome to them—you and your public.,speaker_attributed_dialogue,high,Project Gutenberg #3289 - The Valley of Fear
VOF,VOF_T00582,VOF_T00582_S05,he,"I’ve been cooped up two days, and I’ve spent the daylight hours—as much daylight as I could get in that rat trap—in putting the thing into words.",You’re welcome to them—you and your public.,There’s the story of the Valley of Fear.,speaker_attributed_dialogue,high,Project Gutenberg #3289 - The Valley of Fear
VOF,VOF_T00582,VOF_T00582_S06,he,You’re welcome to them—you and your public.,There’s the story of the Valley of Fear.,,speaker_attributed_dialogue,high,Project Gutenberg #3289 - The Valley of Fear
VOF,VOF_T00583,VOF_T00583_S01,She,,"That’s the past, mr. Douglas, What we desire now is to hear your story of the present.",,speaker_attributed_dialogue,high,Project Gutenberg #3289 - The Valley of Fear
VOF,VOF_T00584,VOF_T00584_S01,Douglas,,"You’ll have it, sir, May I smoke as I talk?","Well, thank you, mr. Holmes.",speaker_attributed_dialogue,high,Project Gutenberg #3289 - The Valley of Fear
VOF,VOF_T00584,VOF_T00584_S02,Douglas,"You’ll have it, sir, May I smoke as I talk?","Well, thank you, mr. Holmes.","You’re a smoker yourself, if I remember right, and you’ll guess what it is to be sitting for two days with tobacco in your pocket and afraid that the smell will give you away.",speaker_attributed_dialogue,high,Project Gutenberg #3289 - The Valley of Fear
VOF,VOF_T00584,VOF_T00584_S03,Douglas,"Well, thank you, mr. Holmes.","You’re a smoker yourself, if I remember right, and you’ll guess what it is to be sitting for two days with tobacco in your pocket and afraid that the smell will give you away.",,speaker_attributed_dialogue,high,Project Gutenberg #3289 - The Valley of Fear
VOF,VOF_T00585,VOF_T00585_S01,Unknown,,"I’ve heard of you, mr. Holmes.",I never guessed that I should meet you.,dialogue_candidate,review,Project Gutenberg #3289 - The Valley of Fear
VOF,VOF_T00585,VOF_T00585_S02,Unknown,"I’ve heard of you, mr. Holmes.",I never guessed that I should meet you.,"But before you are through with that,",dialogue_candidate,review,Project Gutenberg #3289 - The Valley of Fear
VOF,VOF_T00585,VOF_T00585_S03,Unknown,I never guessed that I should meet you.,"But before you are through with that,",,dialogue_candidate,review,Project Gutenberg #3289 - The Valley of Fear
VOF,VOF_T00586,VOF_T00586_S01,Unknown,,you will say I’ve brought you something fresh.,,dialogue_candidate,review,Project Gutenberg #3289 - The Valley of Fear
VOF,VOF_T00587,VOF_T00587_S01,Unknown,,"Well, this fairly beats me!",,dialogue_candidate,review,Project Gutenberg #3289 - The Valley of Fear
VOF,VOF_T00588,VOF_T00588_S01,Unknown,,"If you are mr. John Douglas of Birlstone Manor, then whose death have we been investigating for these two days, and where in the world have you sprung from now?",You seemed to me to come out of the floor like a jack-in-a-box.,dialogue_candidate,review,Project Gutenberg #3289 - The Valley of Fear
VOF,VOF_T00588,VOF_T00588_S02,Unknown,"If you are mr. John Douglas of Birlstone Manor, then whose death have we been investigating for these two days, and where in the world have you sprung from now?",You seemed to me to come out of the floor like a jack-in-a-box.,,dialogue_candidate,review,Project Gutenberg #3289 - The Valley of Fear
VOF,VOF_T00589,VOF_T00589_S01,Holmes,,"Ah, mr. Mac, you would not read that excellent local compilation which described the concealment of King Charles.","People did not hide in those days without excellent hiding places, and the hiding place that has once been used may be again.",speaker_attributed_dialogue,high,Project Gutenberg #3289 - The Valley of Fear
VOF,VOF_T00589,VOF_T00589_S02,Holmes,"Ah, mr. Mac, you would not read that excellent local compilation which described the concealment of King Charles.","People did not hide in those days without excellent hiding places, and the hiding place that has once been used may be again.",I had persuaded myself that we should find mr. Douglas under this roof.,speaker_attributed_dialogue,high,Project Gutenberg #3289 - The Valley of Fear
VOF,VOF_T00589,VOF_T00589_S03,Holmes,"People did not hide in those days without excellent hiding places, and the hiding place that has once been used may be again.",I had persuaded myself that we should find mr. Douglas under this roof.,,speaker_attributed_dialogue,high,Project Gutenberg #3289 - The Valley of Fear
VOF,VOF_T00590,VOF_T00590_S01,the inspector,,"And how long have you been playing this trick upon us, mr. Holmes?",How long have you allowed us to waste ourselves upon a search that you knew to be an absurd one?,speaker_attributed_dialogue,high,Project Gutenberg #3289 - The Valley of Fear
VOF,VOF_T00590,VOF_T00590_S02,the inspector,"And how long have you been playing this trick upon us, mr. Holmes?",How long have you allowed us to waste ourselves upon a search that you knew to be an absurd one?,,speaker_attributed_dialogue,high,Project Gutenberg #3289 - The Valley of Fear
VOF,VOF_T00591,VOF_T00591_S01,Unknown,,"Not one instant, my dear mr. Mac.",Only last night did I form my views of the case.,dialogue_candidate,review,Project Gutenberg #3289 - The Valley of Fear
VOF,VOF_T00591,VOF_T00591_S02,Unknown,"Not one instant, my dear mr. Mac.",Only last night did I form my views of the case.,"As they could not be put to the proof until this evening, I invited you and your colleague to take a holiday for the day.",dialogue_candidate,review,Project Gutenberg #3289 - The Valley of Fear
VOF,VOF_T00591,VOF_T00591_S03,Unknown,Only last night did I form my views of the case.,"As they could not be put to the proof until this evening, I invited you and your colleague to take a holiday for the day.",Pray what more could I do?,dialogue_candidate,review,Project Gutenberg #3289 - The Valley of Fear
VOF,VOF_T00591,VOF_T00591_S04,Unknown,"As they could not be put to the proof until this evening, I invited you and your colleague to take a holiday for the day.",Pray what more could I do?,"When I found the suit of clothes in the moat, it at once became apparent to me that the body we had found could not have been the body of mr. John Douglas at all, but must be that of the bicyclist from Tunbridge Wells.",dialogue_candidate,review,Project Gutenberg #3289 - The Valley of Fear
VOF,VOF_T00591,VOF_T00591_S05,Unknown,Pray what more could I do?,"When I found the suit of clothes in the moat, it at once became apparent to me that the body we had found could not have been the body of mr. John Douglas at all, but must be that of the bicyclist from Tunbridge Wells.",No other conclusion was possible.,dialogue_candidate,review,Project Gutenberg #3289 - The Valley of Fear
VOF,VOF_T00591,VOF_T00591_S06,Unknown,"When I found the suit of clothes in the moat, it at once became apparent to me that the body we had found could not have been the body of mr. John Douglas at all, but must be that of the bicyclist from Tunbridge Wells.",No other conclusion was possible.,"Therefore I had to determine where mr. John Douglas himself could be, and the balance of probability was that with the connivance of his wife and his friend he was concealed in a house which had such conveniences for a fugitive, and awaiting quieter times when he could make his final escape.",dialogue_candidate,review,Project Gutenberg #3289 - The Valley of Fear
VOF,VOF_T00591,VOF_T00591_S07,Unknown,No other conclusion was possible.,"Therefore I had to determine where mr. John Douglas himself could be, and the balance of probability was that with the connivance of his wife and his friend he was concealed in a house which had such conveniences for a fugitive, and awaiting quieter times when he could make his final escape.",,dialogue_candidate,review,Project Gutenberg #3289 - The Valley of Fear
VOF,VOF_T00592,VOF_T00592_S01,Douglas,,"Well, you figured it out about right, I thought I’d dodge your British law; for I was not sure how I stood under it, and also I saw my chance to throw these hounds once for all off my track.","Mind you, from first to last I have done nothing to be ashamed of, and nothing that I would not do again; but you’ll judge that for yourselves when I tell you my story.",speaker_attributed_dialogue,high,Project Gutenberg #3289 - The Valley of Fear
VOF,VOF_T00592,VOF_T00592_S02,Douglas,"Well, you figured it out about right, I thought I’d dodge your British law; for I was not sure how I stood under it, and also I saw my chance to throw these hounds once for all off my track.","Mind you, from first to last I have done nothing to be ashamed of, and nothing that I would not do again; but you’ll judge that for yourselves when I tell you my story.","Never mind warning me, Inspector: I’m ready to stand pat upon the truth.",speaker_attributed_dialogue,high,Project Gutenberg #3289 - The Valley of Fear
VOF,VOF_T00592,VOF_T00592_S03,Douglas,"Mind you, from first to last I have done nothing to be ashamed of, and nothing that I would not do again; but you’ll judge that for yourselves when I tell you my story.","Never mind warning me, Inspector: I’m ready to stand pat upon the truth.",“I’m not going to begin at the beginning.,speaker_attributed_dialogue,high,Project Gutenberg #3289 - The Valley of Fear
VOF,VOF_T00592,VOF_T00592_S04,Douglas,"Never mind warning me, Inspector: I’m ready to stand pat upon the truth.",“I’m not going to begin at the beginning.,"That’s all there,",speaker_attributed_dialogue,high,Project Gutenberg #3289 - The Valley of Fear
VOF,VOF_T00592,VOF_T00592_S05,Douglas,“I’m not going to begin at the beginning.,"That’s all there,",,speaker_attributed_dialogue,high,Project Gutenberg #3289 - The Valley of Fear
VOF,VOF_T00593,VOF_T00593_S01,Unknown,,and a mighty queer yarn you’ll find it.,It all comes down to this: That there are some men that have good cause to hate me and would give their last dollar to know that they had got me.,dialogue_candidate,review,Project Gutenberg #3289 - The Valley of Fear
VOF,VOF_T00593,VOF_T00593_S02,Unknown,and a mighty queer yarn you’ll find it.,It all comes down to this: That there are some men that have good cause to hate me and would give their last dollar to know that they had got me.,"So long as I am alive and they are alive, there is no safety in this world for me.",dialogue_candidate,review,Project Gutenberg #3289 - The Valley of Fear
VOF,VOF_T00593,VOF_T00593_S03,Unknown,It all comes down to this: That there are some men that have good cause to hate me and would give their last dollar to know that they had got me.,"So long as I am alive and they are alive, there is no safety in this world for me.","They hunted me from Chicago to California, then they chased me out of America; but when I married and settled down in this quiet spot I thought my last years were going to be peaceable.",dialogue_candidate,review,Project Gutenberg #3289 - The Valley of Fear
VOF,VOF_T00593,VOF_T00593_S04,Unknown,"So long as I am alive and they are alive, there is no safety in this world for me.","They hunted me from Chicago to California, then they chased me out of America; but when I married and settled down in this quiet spot I thought my last years were going to be peaceable.",“I never explained to my wife how things were.,dialogue_candidate,review,Project Gutenberg #3289 - The Valley of Fear
VOF,VOF_T00593,VOF_T00593_S05,Unknown,"They hunted me from Chicago to California, then they chased me out of America; but when I married and settled down in this quiet spot I thought my last years were going to be peaceable.",“I never explained to my wife how things were.,Why should I pull her into it?,dialogue_candidate,review,Project Gutenberg #3289 - The Valley of Fear
VOF,VOF_T00593,VOF_T00593_S06,Unknown,“I never explained to my wife how things were.,Why should I pull her into it?,She would never have a quiet moment again; but would always be imagining trouble.,dialogue_candidate,review,Project Gutenberg #3289 - The Valley of Fear
VOF,VOF_T00593,VOF_T00593_S07,Unknown,Why should I pull her into it?,She would never have a quiet moment again; but would always be imagining trouble.,"I fancy she knew something, for I may have dropped a word here or a word there; but until yesterday, after you gentlemen had seen her, she never knew the rights of the matter.",dialogue_candidate,review,Project Gutenberg #3289 - The Valley of Fear
VOF,VOF_T00593,VOF_T00593_S08,Unknown,She would never have a quiet moment again; but would always be imagining trouble.,"I fancy she knew something, for I may have dropped a word here or a word there; but until yesterday, after you gentlemen had seen her, she never knew the rights of the matter.","She told you all she knew, and so did Barker here; for on the night when this thing happened there was mighty little time for explanations.",dialogue_candidate,review,Project Gutenberg #3289 - The Valley of Fear
VOF,VOF_T00593,VOF_T00593_S09,Unknown,"I fancy she knew something, for I may have dropped a word here or a word there; but until yesterday, after you gentlemen had seen her, she never knew the rights of the matter.","She told you all she knew, and so did Barker here; for on the night when this thing happened there was mighty little time for explanations.","She knows everything now, and I would have been a wiser man if I had told her sooner.",dialogue_candidate,review,Project Gutenberg #3289 - The Valley of Fear
VOF,VOF_T00593,VOF_T00593_S10,Unknown,"She told you all she knew, and so did Barker here; for on the night when this thing happened there was mighty little time for explanations.","She knows everything now, and I would have been a wiser man if I had told her sooner.","But it was a hard question, dear,",dialogue_candidate,review,Project Gutenberg #3289 - The Valley of Fear
VOF,VOF_T00593,VOF_T00593_S11,Unknown,"She knows everything now, and I would have been a wiser man if I had told her sooner.","But it was a hard question, dear,",,dialogue_candidate,review,Project Gutenberg #3289 - The Valley of Fear
VOF,VOF_T00594,VOF_T00594_S01,Unknown,,"and I acted for the best. “Well, gentlemen, the day before these happenings I was over in Tunbridge Wells, and I got a glimpse of a man in the street.","It was only a glimpse; but I have a quick eye for these things, and I never doubted who it was.",dialogue_candidate,review,Project Gutenberg #3289 - The Valley of Fear
VOF,VOF_T00594,VOF_T00594_S02,Unknown,"and I acted for the best. “Well, gentlemen, the day before these happenings I was over in Tunbridge Wells, and I got a glimpse of a man in the street.","It was only a glimpse; but I have a quick eye for these things, and I never doubted who it was.",It was the worst enemy I had among them all—one who has been after me like a hungry wolf after a caribou all these years.,dialogue_candidate,review,Project Gutenberg #3289 - The Valley of Fear
VOF,VOF_T00594,VOF_T00594_S03,Unknown,"It was only a glimpse; but I have a quick eye for these things, and I never doubted who it was.",It was the worst enemy I had among them all—one who has been after me like a hungry wolf after a caribou all these years.,"I knew there was trouble coming, and I came home and made ready for it.",dialogue_candidate,review,Project Gutenberg #3289 - The Valley of Fear
VOF,VOF_T00594,VOF_T00594_S04,Unknown,It was the worst enemy I had among them all—one who has been after me like a hungry wolf after a caribou all these years.,"I knew there was trouble coming, and I came home and made ready for it.","I guessed I’d fight through it all right on my own, my luck was a proverb in the States about ’76.",dialogue_candidate,review,Project Gutenberg #3289 - The Valley of Fear
VOF,VOF_T00594,VOF_T00594_S05,Unknown,"I knew there was trouble coming, and I came home and made ready for it.","I guessed I’d fight through it all right on my own, my luck was a proverb in the States about ’76.",I never doubted that it would be with me still.,dialogue_candidate,review,Project Gutenberg #3289 - The Valley of Fear
VOF,VOF_T00594,VOF_T00594_S06,Unknown,"I guessed I’d fight through it all right on my own, my luck was a proverb in the States about ’76.",I never doubted that it would be with me still.,"“I was on my guard all that next day, and never went out into the park.",dialogue_candidate,review,Project Gutenberg #3289 - The Valley of Fear
VOF,VOF_T00594,VOF_T00594_S07,Unknown,I never doubted that it would be with me still.,"“I was on my guard all that next day, and never went out into the park.","It’s as well, or he’d have had the drop on me with that buckshot gun of his before ever I could draw on him.",dialogue_candidate,review,Project Gutenberg #3289 - The Valley of Fear
VOF,VOF_T00594,VOF_T00594_S08,Unknown,"“I was on my guard all that next day, and never went out into the park.","It’s as well, or he’d have had the drop on me with that buckshot gun of his before ever I could draw on him.",After the bridge was up—my mind was always more restful when that bridge was up in the evenings—I put the thing clear out of my head.,dialogue_candidate,review,Project Gutenberg #3289 - The Valley of Fear
VOF,VOF_T00594,VOF_T00594_S09,Unknown,"It’s as well, or he’d have had the drop on me with that buckshot gun of his before ever I could draw on him.",After the bridge was up—my mind was always more restful when that bridge was up in the evenings—I put the thing clear out of my head.,I never dreamed of his getting into the house and waiting for me.,dialogue_candidate,review,Project Gutenberg #3289 - The Valley of Fear
VOF,VOF_T00594,VOF_T00594_S10,Unknown,After the bridge was up—my mind was always more restful when that bridge was up in the evenings—I put the thing clear out of my head.,I never dreamed of his getting into the house and waiting for me.,"But when I made my round in my dressing gown, as was my habit, I had no sooner entered the study than I scented danger.",dialogue_candidate,review,Project Gutenberg #3289 - The Valley of Fear
VOF,VOF_T00594,VOF_T00594_S11,Unknown,I never dreamed of his getting into the house and waiting for me.,"But when I made my round in my dressing gown, as was my habit, I had no sooner entered the study than I scented danger.",I guess when a man has had dangers in his life—and I’ve had more than most in my time—there is a kind of sixth sense that waves the red flag.,dialogue_candidate,review,Project Gutenberg #3289 - The Valley of Fear
VOF,VOF_T00594,VOF_T00594_S12,Unknown,"But when I made my round in my dressing gown, as was my habit, I had no sooner entered the study than I scented danger.",I guess when a man has had dangers in his life—and I’ve had more than most in my time—there is a kind of sixth sense that waves the red flag.,"I saw the signal clear enough, and yet I couldn’t tell you why.",dialogue_candidate,review,Project Gutenberg #3289 - The Valley of Fear
VOF,VOF_T00594,VOF_T00594_S13,Unknown,I guess when a man has had dangers in his life—and I’ve had more than most in my time—there is a kind of sixth sense that waves the red flag.,"I saw the signal clear enough, and yet I couldn’t tell you why.","Next instant I spotted a boot under the window curtain, and then I saw why plain enough.",dialogue_candidate,review,Project Gutenberg #3289 - The Valley of Fear
VOF,VOF_T00594,VOF_T00594_S14,Unknown,"I saw the signal clear enough, and yet I couldn’t tell you why.","Next instant I spotted a boot under the window curtain, and then I saw why plain enough.",“I’d just the one candle that was in my hand; but there was a good light from the hall lamp through the open door.,dialogue_candidate,review,Project Gutenberg #3289 - The Valley of Fear
VOF,VOF_T00594,VOF_T00594_S15,Unknown,"Next instant I spotted a boot under the window curtain, and then I saw why plain enough.",“I’d just the one candle that was in my hand; but there was a good light from the hall lamp through the open door.,I put down the candle and jumped for a hammer that I’d left on the mantel.,dialogue_candidate,review,Project Gutenberg #3289 - The Valley of Fear
VOF,VOF_T00594,VOF_T00594_S16,Unknown,“I’d just the one candle that was in my hand; but there was a good light from the hall lamp through the open door.,I put down the candle and jumped for a hammer that I’d left on the mantel.,At the same moment he sprang at me.,dialogue_candidate,review,Project Gutenberg #3289 - The Valley of Fear
VOF,VOF_T00594,VOF_T00594_S17,Unknown,I put down the candle and jumped for a hammer that I’d left on the mantel.,At the same moment he sprang at me.,"I saw the glint of a knife, and I lashed at him with the hammer.",dialogue_candidate,review,Project Gutenberg #3289 - The Valley of Fear
VOF,VOF_T00594,VOF_T00594_S18,Unknown,At the same moment he sprang at me.,"I saw the glint of a knife, and I lashed at him with the hammer.",I got him somewhere; for the knife tinkled down on the floor.,dialogue_candidate,review,Project Gutenberg #3289 - The Valley of Fear
VOF,VOF_T00594,VOF_T00594_S19,Unknown,"I saw the glint of a knife, and I lashed at him with the hammer.",I got him somewhere; for the knife tinkled down on the floor.,"He dodged round the table as quick as an eel, and a moment later he’d got his gun from under his coat.",dialogue_candidate,review,Project Gutenberg #3289 - The Valley of Fear
VOF,VOF_T00594,VOF_T00594_S20,Unknown,I got him somewhere; for the knife tinkled down on the floor.,"He dodged round the table as quick as an eel, and a moment later he’d got his gun from under his coat.",I heard him cock it; but I had got hold of it before he could fire.,dialogue_candidate,review,Project Gutenberg #3289 - The Valley of Fear
VOF,VOF_T00594,VOF_T00594_S21,Unknown,"He dodged round the table as quick as an eel, and a moment later he’d got his gun from under his coat.",I heard him cock it; but I had got hold of it before he could fire.,"I had it by the barrel, and we wrestled for it all ends up for a minute or more.",dialogue_candidate,review,Project Gutenberg #3289 - The Valley of Fear
VOF,VOF_T00594,VOF_T00594_S22,Unknown,I heard him cock it; but I had got hold of it before he could fire.,"I had it by the barrel, and we wrestled for it all ends up for a minute or more.",It was death to the man that lost his grip.,dialogue_candidate,review,Project Gutenberg #3289 - The Valley of Fear
VOF,VOF_T00594,VOF_T00594_S23,Unknown,"I had it by the barrel, and we wrestled for it all ends up for a minute or more.",It was death to the man that lost his grip.,“He never lost his grip; but he got it butt downward for a moment too long.,dialogue_candidate,review,Project Gutenberg #3289 - The Valley of Fear
VOF,VOF_T00594,VOF_T00594_S24,Unknown,It was death to the man that lost his grip.,“He never lost his grip; but he got it butt downward for a moment too long.,Maybe it was I that pulled the trigger.,dialogue_candidate,review,Project Gutenberg #3289 - The Valley of Fear
VOF,VOF_T00594,VOF_T00594_S25,Unknown,“He never lost his grip; but he got it butt downward for a moment too long.,Maybe it was I that pulled the trigger.,Maybe we just jolted it off between us.,dialogue_candidate,review,Project Gutenberg #3289 - The Valley of Fear
VOF,VOF_T00594,VOF_T00594_S26,Unknown,Maybe it was I that pulled the trigger.,Maybe we just jolted it off between us.,"Anyhow, he got both barrels in the face, and there I was, staring down at all that was left of Ted Baldwin.",dialogue_candidate,review,Project Gutenberg #3289 - The Valley of Fear
VOF,VOF_T00594,VOF_T00594_S27,Unknown,Maybe we just jolted it off between us.,"Anyhow, he got both barrels in the face, and there I was, staring down at all that was left of Ted Baldwin.","I’d recognized him in the township, and again when he sprang for me; but his own mother wouldn’t recognize him as I saw him then.",dialogue_candidate,review,Project Gutenberg #3289 - The Valley of Fear
VOF,VOF_T00594,VOF_T00594_S28,Unknown,"Anyhow, he got both barrels in the face, and there I was, staring down at all that was left of Ted Baldwin.","I’d recognized him in the township, and again when he sprang for me; but his own mother wouldn’t recognize him as I saw him then.",I’m used to rough work; but I fairly turned sick at the sight of him.,dialogue_candidate,review,Project Gutenberg #3289 - The Valley of Fear
VOF,VOF_T00594,VOF_T00594_S29,Unknown,"I’d recognized him in the township, and again when he sprang for me; but his own mother wouldn’t recognize him as I saw him then.",I’m used to rough work; but I fairly turned sick at the sight of him.,“I was hanging on the side of the table when Barker came hurrying down.,dialogue_candidate,review,Project Gutenberg #3289 - The Valley of Fear
VOF,VOF_T00594,VOF_T00594_S30,Unknown,I’m used to rough work; but I fairly turned sick at the sight of him.,“I was hanging on the side of the table when Barker came hurrying down.,"I heard my wife coming, and I ran to the door and stopped her.",dialogue_candidate,review,Project Gutenberg #3289 - The Valley of Fear
VOF,VOF_T00594,VOF_T00594_S31,Unknown,“I was hanging on the side of the table when Barker came hurrying down.,"I heard my wife coming, and I ran to the door and stopped her.",It was no sight for a woman.,dialogue_candidate,review,Project Gutenberg #3289 - The Valley of Fear
VOF,VOF_T00594,VOF_T00594_S32,Unknown,"I heard my wife coming, and I ran to the door and stopped her.",It was no sight for a woman.,I promised I’d come to her soon.,dialogue_candidate,review,Project Gutenberg #3289 - The Valley of Fear
VOF,VOF_T00594,VOF_T00594_S33,Unknown,It was no sight for a woman.,I promised I’d come to her soon.,I said a word or two to Barker—he took it all in at a glance—and we waited for the rest to come along.,dialogue_candidate,review,Project Gutenberg #3289 - The Valley of Fear
VOF,VOF_T00594,VOF_T00594_S34,Unknown,I promised I’d come to her soon.,I said a word or two to Barker—he took it all in at a glance—and we waited for the rest to come along.,But there was no sign of them.,dialogue_candidate,review,Project Gutenberg #3289 - The Valley of Fear
VOF,VOF_T00594,VOF_T00594_S35,Unknown,I said a word or two to Barker—he took it all in at a glance—and we waited for the rest to come along.,But there was no sign of them.,"Then we understood that they could hear nothing, and that all that had happened was known only to ourselves.",dialogue_candidate,review,Project Gutenberg #3289 - The Valley of Fear
VOF,VOF_T00594,VOF_T00594_S36,Unknown,But there was no sign of them.,"Then we understood that they could hear nothing, and that all that had happened was known only to ourselves.",“It was at that instant that the idea came to me.,dialogue_candidate,review,Project Gutenberg #3289 - The Valley of Fear
VOF,VOF_T00594,VOF_T00594_S37,Unknown,"Then we understood that they could hear nothing, and that all that had happened was known only to ourselves.",“It was at that instant that the idea came to me.,I was fairly dazzled by the brilliance of it.,dialogue_candidate,review,Project Gutenberg #3289 - The Valley of Fear
VOF,VOF_T00594,VOF_T00594_S38,Unknown,“It was at that instant that the idea came to me.,I was fairly dazzled by the brilliance of it.,The man’s sleeve had slipped up and there was the branded mark of the lodge upon his forearm.,dialogue_candidate,review,Project Gutenberg #3289 - The Valley of Fear
VOF,VOF_T00594,VOF_T00594_S39,Unknown,I was fairly dazzled by the brilliance of it.,The man’s sleeve had slipped up and there was the branded mark of the lodge upon his forearm.,See here!,dialogue_candidate,review,Project Gutenberg #3289 - The Valley of Fear
VOF,VOF_T00594,VOF_T00594_S40,Unknown,The man’s sleeve had slipped up and there was the branded mark of the lodge upon his forearm.,See here!,,dialogue_candidate,review,Project Gutenberg #3289 - The Valley of Fear
VOF,VOF_T00595,VOF_T00595_S01,Unknown,,It was the sight of that which started me on it.,I seemed to see it all clear at a glance.,dialogue_candidate,review,Project Gutenberg #3289 - The Valley of Fear
VOF,VOF_T00595,VOF_T00595_S02,Unknown,It was the sight of that which started me on it.,I seemed to see it all clear at a glance.,"There were his height and hair and figure, about the same as my own.",dialogue_candidate,review,Project Gutenberg #3289 - The Valley of Fear
VOF,VOF_T00595,VOF_T00595_S03,Unknown,I seemed to see it all clear at a glance.,"There were his height and hair and figure, about the same as my own.","No one could swear to his face, poor devil!",dialogue_candidate,review,Project Gutenberg #3289 - The Valley of Fear
VOF,VOF_T00595,VOF_T00595_S04,Unknown,"There were his height and hair and figure, about the same as my own.","No one could swear to his face, poor devil!","I brought down this suit of clothes, and in a quarter of an hour Barker and I had put my dressing gown on him and he lay as you found him.",dialogue_candidate,review,Project Gutenberg #3289 - The Valley of Fear
VOF,VOF_T00595,VOF_T00595_S05,Unknown,"No one could swear to his face, poor devil!","I brought down this suit of clothes, and in a quarter of an hour Barker and I had put my dressing gown on him and he lay as you found him.","We tied all his things into a bundle, and I weighted them with the only weight I could find and put them through the window.",dialogue_candidate,review,Project Gutenberg #3289 - The Valley of Fear
VOF,VOF_T00595,VOF_T00595_S06,Unknown,"I brought down this suit of clothes, and in a quarter of an hour Barker and I had put my dressing gown on him and he lay as you found him.","We tied all his things into a bundle, and I weighted them with the only weight I could find and put them through the window.",The card he had meant to lay upon my body was lying beside his own.,dialogue_candidate,review,Project Gutenberg #3289 - The Valley of Fear
VOF,VOF_T00595,VOF_T00595_S07,Unknown,"We tied all his things into a bundle, and I weighted them with the only weight I could find and put them through the window.",The card he had meant to lay upon my body was lying beside his own.,"“My rings were put on his finger; but when it came to the wedding ring,",dialogue_candidate,review,Project Gutenberg #3289 - The Valley of Fear
VOF,VOF_T00595,VOF_T00595_S08,Unknown,The card he had meant to lay upon my body was lying beside his own.,"“My rings were put on his finger; but when it came to the wedding ring,",,dialogue_candidate,review,Project Gutenberg #3289 - The Valley of Fear
VOF,VOF_T00596,VOF_T00596_S01,Unknown,,you can see for yourselves that I had struck the limit.,"I have not moved it since the day I was married, and it would have taken a file to get it off.",dialogue_candidate,review,Project Gutenberg #3289 - The Valley of Fear
VOF,VOF_T00596,VOF_T00596_S02,Unknown,you can see for yourselves that I had struck the limit.,"I have not moved it since the day I was married, and it would have taken a file to get it off.","I don’t know, anyhow, that I should have cared to part with it; but if I had wanted to I couldn’t.",dialogue_candidate,review,Project Gutenberg #3289 - The Valley of Fear
VOF,VOF_T00596,VOF_T00596_S03,Unknown,"I have not moved it since the day I was married, and it would have taken a file to get it off.","I don’t know, anyhow, that I should have cared to part with it; but if I had wanted to I couldn’t.",So we just had to leave that detail to take care of itself.,dialogue_candidate,review,Project Gutenberg #3289 - The Valley of Fear
VOF,VOF_T00596,VOF_T00596_S04,Unknown,"I don’t know, anyhow, that I should have cared to part with it; but if I had wanted to I couldn’t.",So we just had to leave that detail to take care of itself.,"On the other hand, I brought a bit of plaster down and put it where I am wearing one myself at this instant.",dialogue_candidate,review,Project Gutenberg #3289 - The Valley of Fear
VOF,VOF_T00596,VOF_T00596_S05,Unknown,So we just had to leave that detail to take care of itself.,"On the other hand, I brought a bit of plaster down and put it where I am wearing one myself at this instant.","You slipped up there, mr. Holmes, clever as you are; for if you had chanced to take off that plaster you would have found no cut underneath it.",dialogue_candidate,review,Project Gutenberg #3289 - The Valley of Fear
VOF,VOF_T00596,VOF_T00596_S06,Unknown,"On the other hand, I brought a bit of plaster down and put it where I am wearing one myself at this instant.","You slipped up there, mr. Holmes, clever as you are; for if you had chanced to take off that plaster you would have found no cut underneath it.","“Well, that was the situation.",dialogue_candidate,review,Project Gutenberg #3289 - The Valley of Fear
VOF,VOF_T00596,VOF_T00596_S07,Unknown,"You slipped up there, mr. Holmes, clever as you are; for if you had chanced to take off that plaster you would have found no cut underneath it.","“Well, that was the situation.",If I could lie low for a while and then get away where I could be joined by my ‘widow’ we should have a chance at last of living in peace for the rest of our lives.,dialogue_candidate,review,Project Gutenberg #3289 - The Valley of Fear
VOF,VOF_T00596,VOF_T00596_S08,Unknown,"“Well, that was the situation.",If I could lie low for a while and then get away where I could be joined by my ‘widow’ we should have a chance at last of living in peace for the rest of our lives.,"These devils would give me no rest so long as I was above ground; but if they saw in the papers that Baldwin had got his man, there would be an end of all my troubles.",dialogue_candidate,review,Project Gutenberg #3289 - The Valley of Fear
VOF,VOF_T00596,VOF_T00596_S09,Unknown,If I could lie low for a while and then get away where I could be joined by my ‘widow’ we should have a chance at last of living in peace for the rest of our lives.,"These devils would give me no rest so long as I was above ground; but if they saw in the papers that Baldwin had got his man, there would be an end of all my troubles.",I hadn’t much time to make it all clear to Barker and to my wife; but they understood enough to be able to help me.,dialogue_candidate,review,Project Gutenberg #3289 - The Valley of Fear
VOF,VOF_T00596,VOF_T00596_S10,Unknown,"These devils would give me no rest so long as I was above ground; but if they saw in the papers that Baldwin had got his man, there would be an end of all my troubles.",I hadn’t much time to make it all clear to Barker and to my wife; but they understood enough to be able to help me.,"I knew all about this hiding place, so did Ames; but it never entered his head to connect it with the matter.",dialogue_candidate,review,Project Gutenberg #3289 - The Valley of Fear
VOF,VOF_T00596,VOF_T00596_S11,Unknown,I hadn’t much time to make it all clear to Barker and to my wife; but they understood enough to be able to help me.,"I knew all about this hiding place, so did Ames; but it never entered his head to connect it with the matter.","I retired into it, and it was up to Barker to do the rest. “I guess you can fill in for yourselves what he did.",dialogue_candidate,review,Project Gutenberg #3289 - The Valley of Fear
VOF,VOF_T00596,VOF_T00596_S12,Unknown,"I knew all about this hiding place, so did Ames; but it never entered his head to connect it with the matter.","I retired into it, and it was up to Barker to do the rest. “I guess you can fill in for yourselves what he did.",He opened the window and made the mark on the sill to give an idea of how the murderer escaped.,dialogue_candidate,review,Project Gutenberg #3289 - The Valley of Fear
VOF,VOF_T00596,VOF_T00596_S13,Unknown,"I retired into it, and it was up to Barker to do the rest. “I guess you can fill in for yourselves what he did.",He opened the window and made the mark on the sill to give an idea of how the murderer escaped.,"It was a tall order, that; but as the bridge was up there was no other way.",dialogue_candidate,review,Project Gutenberg #3289 - The Valley of Fear
VOF,VOF_T00596,VOF_T00596_S14,Unknown,He opened the window and made the mark on the sill to give an idea of how the murderer escaped.,"It was a tall order, that; but as the bridge was up there was no other way.","Then, when everything was fixed, he rang the bell for all he was worth.",dialogue_candidate,review,Project Gutenberg #3289 - The Valley of Fear
VOF,VOF_T00596,VOF_T00596_S15,Unknown,"It was a tall order, that; but as the bridge was up there was no other way.","Then, when everything was fixed, he rang the bell for all he was worth.",What happened afterward you know.,dialogue_candidate,review,Project Gutenberg #3289 - The Valley of Fear
VOF,VOF_T00596,VOF_T00596_S16,Unknown,"Then, when everything was fixed, he rang the bell for all he was worth.",What happened afterward you know.,"And so, gentlemen, you can do what you please; but I’ve told you the truth and the whole truth, so help me God!",dialogue_candidate,review,Project Gutenberg #3289 - The Valley of Fear
VOF,VOF_T00596,VOF_T00596_S17,Unknown,What happened afterward you know.,"And so, gentlemen, you can do what you please; but I’ve told you the truth and the whole truth, so help me God!",What I ask you now is how do I stand by the English law?,dialogue_candidate,review,Project Gutenberg #3289 - The Valley of Fear
VOF,VOF_T00596,VOF_T00596_S18,Unknown,"And so, gentlemen, you can do what you please; but I’ve told you the truth and the whole truth, so help me God!",What I ask you now is how do I stand by the English law?,,dialogue_candidate,review,Project Gutenberg #3289 - The Valley of Fear
VOF,VOF_T00597,VOF_T00597_S01,Unknown,,The English law is in the main a just law.,"You will get no worse than your deserts from that, mr. Douglas.",dialogue_candidate,review,Project Gutenberg #3289 - The Valley of Fear
VOF,VOF_T00597,VOF_T00597_S02,Unknown,The English law is in the main a just law.,"You will get no worse than your deserts from that, mr. Douglas.","But I would ask you how did this man know that you lived here, or how to get into your house, or where to hide to get you?",dialogue_candidate,review,Project Gutenberg #3289 - The Valley of Fear
VOF,VOF_T00597,VOF_T00597_S03,Unknown,"You will get no worse than your deserts from that, mr. Douglas.","But I would ask you how did this man know that you lived here, or how to get into your house, or where to hide to get you?",,dialogue_candidate,review,Project Gutenberg #3289 - The Valley of Fear
VOF,VOF_T00598,VOF_T00598_S01,Unknown,,I know nothing of this.,,dialogue_candidate,review,Project Gutenberg #3289 - The Valley of Fear
VOF,VOF_T00599,VOF_T00599_S01,he,,"The story is not over yet, I fear, You may find worse dangers than the English law, or even than your enemies from America.","I see trouble before you, mr. Douglas.",speaker_attributed_dialogue,high,Project Gutenberg #3289 - The Valley of Fear
VOF,VOF_T00599,VOF_T00599_S02,he,"The story is not over yet, I fear, You may find worse dangers than the English law, or even than your enemies from America.","I see trouble before you, mr. Douglas.",You’ll take my advice and still be on your guard.,speaker_attributed_dialogue,high,Project Gutenberg #3289 - The Valley of Fear
VOF,VOF_T00599,VOF_T00599_S03,he,"I see trouble before you, mr. Douglas.",You’ll take my advice and still be on your guard.,,speaker_attributed_dialogue,high,Project Gutenberg #3289 - The Valley of Fear
VOF,VOF_T00600,VOF_T00600_S01,he,,"Hullo, mate!",You seem heeled and ready.,speaker_attributed_dialogue,high,Project Gutenberg #3289 - The Valley of Fear
VOF,VOF_T00600,VOF_T00600_S02,he,"Hullo, mate!",You seem heeled and ready.,,speaker_attributed_dialogue,high,Project Gutenberg #3289 - The Valley of Fear
VOF,VOF_T00601,VOF_T00601_S01,he,,"Yes, we need them sometimes in the place I come from.",,speaker_attributed_dialogue,high,Project Gutenberg #3289 - The Valley of Fear
VOF,VOF_T00602,VOF_T00602_S01,Unknown,,And where may that be?,,dialogue_candidate,review,Project Gutenberg #3289 - The Valley of Fear
VOF,VOF_T00603,VOF_T00603_S01,Unknown,,I’m last from Chicago.,,dialogue_candidate,review,Project Gutenberg #3289 - The Valley of Fear
VOF,VOF_T00604,VOF_T00604_S01,Unknown,,A stranger in these parts?,,dialogue_candidate,review,Project Gutenberg #3289 - The Valley of Fear
VOF,VOF_T00605,VOF_T00605_S01,Unknown,,Yes.,,dialogue_candidate,review,Project Gutenberg #3289 - The Valley of Fear
VOF,VOF_T00606,VOF_T00606_S01,the workman,,"You may find you need it here, Ah! is that so?",,speaker_attributed_dialogue,high,Project Gutenberg #3289 - The Valley of Fear
VOF,VOF_T00607,VOF_T00607_S01,Unknown,,Have you heard nothing of doings hereabouts?,,dialogue_candidate,review,Project Gutenberg #3289 - The Valley of Fear
VOF,VOF_T00608,VOF_T00608_S01,Unknown,,Nothing out of the way.,,dialogue_candidate,review,Project Gutenberg #3289 - The Valley of Fear
VOF,VOF_T00609,VOF_T00609_S01,Unknown,,"Why, I thought the country was full of it.",You’ll hear quick enough.,dialogue_candidate,review,Project Gutenberg #3289 - The Valley of Fear
VOF,VOF_T00609,VOF_T00609_S02,Unknown,"Why, I thought the country was full of it.",You’ll hear quick enough.,What made you come here?,dialogue_candidate,review,Project Gutenberg #3289 - The Valley of Fear
VOF,VOF_T00609,VOF_T00609_S03,Unknown,You’ll hear quick enough.,What made you come here?,,dialogue_candidate,review,Project Gutenberg #3289 - The Valley of Fear
VOF,VOF_T00610,VOF_T00610_S01,Unknown,,I heard there was always work for a willing man.,,dialogue_candidate,review,Project Gutenberg #3289 - The Valley of Fear
VOF,VOF_T00611,VOF_T00611_S01,Unknown,,Are you a member of the union?,,dialogue_candidate,review,Project Gutenberg #3289 - The Valley of Fear
VOF,VOF_T00612,VOF_T00612_S01,Unknown,,Sure.,,dialogue_candidate,review,Project Gutenberg #3289 - The Valley of Fear
VOF,VOF_T00613,VOF_T00613_S01,Unknown,,"Then you’ll get your job, I guess.",Have you any friends?,dialogue_candidate,review,Project Gutenberg #3289 - The Valley of Fear
VOF,VOF_T00613,VOF_T00613_S02,Unknown,"Then you’ll get your job, I guess.",Have you any friends?,,dialogue_candidate,review,Project Gutenberg #3289 - The Valley of Fear
VOF,VOF_T00614,VOF_T00614_S01,Unknown,,Not yet; but I have the means of making them.,,dialogue_candidate,review,Project Gutenberg #3289 - The Valley of Fear
VOF,VOF_T00615,VOF_T00615_S01,Unknown,,"How’s that, then?",,dialogue_candidate,review,Project Gutenberg #3289 - The Valley of Fear
VOF,VOF_T00616,VOF_T00616_S01,Unknown,,I am one of the Eminent Order of Freemen.,"There’s no town without a lodge, and where there is a lodge I’ll find my friends.",dialogue_candidate,review,Project Gutenberg #3289 - The Valley of Fear
VOF,VOF_T00616,VOF_T00616_S02,Unknown,I am one of the Eminent Order of Freemen.,"There’s no town without a lodge, and where there is a lodge I’ll find my friends.",,dialogue_candidate,review,Project Gutenberg #3289 - The Valley of Fear
VOF,VOF_T00617,VOF_T00617_S01,Unknown,,"Put it there,",,dialogue_candidate,review,Project Gutenberg #3289 - The Valley of Fear
VOF,VOF_T00618,VOF_T00618_S01,the workman,,"I see you speak the truth, But it’s well to make certain.",,speaker_attributed_dialogue,high,Project Gutenberg #3289 - The Valley of Fear
VOF,VOF_T00619,VOF_T00619_S01,the workman,,"Dark nights are unpleasant, Yes, for strangers to travel,",,speaker_attributed_dialogue,high,Project Gutenberg #3289 - The Valley of Fear
VOF,VOF_T00620,VOF_T00620_S01,Unknown,,That’s good enough.,"I’m Brother Scanlan, Lodge 341, Vermissa Valley.",dialogue_candidate,review,Project Gutenberg #3289 - The Valley of Fear
VOF,VOF_T00620,VOF_T00620_S02,Unknown,That’s good enough.,"I’m Brother Scanlan, Lodge 341, Vermissa Valley.",Glad to see you in these parts.,dialogue_candidate,review,Project Gutenberg #3289 - The Valley of Fear
VOF,VOF_T00620,VOF_T00620_S03,Unknown,"I’m Brother Scanlan, Lodge 341, Vermissa Valley.",Glad to see you in these parts.,,dialogue_candidate,review,Project Gutenberg #3289 - The Valley of Fear
VOF,VOF_T00621,VOF_T00621_S01,Unknown,,Thank you.,"I’m Brother John McMurdo, Lodge 29, Chicago.",dialogue_candidate,review,Project Gutenberg #3289 - The Valley of Fear
VOF,VOF_T00621,VOF_T00621_S02,Unknown,Thank you.,"I’m Brother John McMurdo, Lodge 29, Chicago.",Bodymaster J.H.,dialogue_candidate,review,Project Gutenberg #3289 - The Valley of Fear
VOF,VOF_T00621,VOF_T00621_S03,Unknown,"I’m Brother John McMurdo, Lodge 29, Chicago.",Bodymaster J.H.,Scott.,dialogue_candidate,review,Project Gutenberg #3289 - The Valley of Fear
VOF,VOF_T00621,VOF_T00621_S04,Unknown,Bodymaster J.H.,Scott.,But I am in luck to meet a brother so early.,dialogue_candidate,review,Project Gutenberg #3289 - The Valley of Fear
VOF,VOF_T00621,VOF_T00621_S05,Unknown,Scott.,But I am in luck to meet a brother so early.,,dialogue_candidate,review,Project Gutenberg #3289 - The Valley of Fear
VOF,VOF_T00622,VOF_T00622_S01,Unknown,,"Well, there are plenty of us about.",You won’t find the order more flourishing anywhere in the States than right here in Vermissa Valley.,dialogue_candidate,review,Project Gutenberg #3289 - The Valley of Fear
VOF,VOF_T00622,VOF_T00622_S02,Unknown,"Well, there are plenty of us about.",You won’t find the order more flourishing anywhere in the States than right here in Vermissa Valley.,But we could do with some lads like you.,dialogue_candidate,review,Project Gutenberg #3289 - The Valley of Fear
VOF,VOF_T00622,VOF_T00622_S03,Unknown,You won’t find the order more flourishing anywhere in the States than right here in Vermissa Valley.,But we could do with some lads like you.,I can’t understand a spry man of the union finding no work to do in Chicago.,dialogue_candidate,review,Project Gutenberg #3289 - The Valley of Fear
VOF,VOF_T00622,VOF_T00622_S04,Unknown,But we could do with some lads like you.,I can’t understand a spry man of the union finding no work to do in Chicago.,,dialogue_candidate,review,Project Gutenberg #3289 - The Valley of Fear
VOF,VOF_T00623,VOF_T00623_S01,McMurdo,,"I found plenty of work to do, Then why did you leave?",,speaker_attributed_dialogue,high,Project Gutenberg #3289 - The Valley of Fear
VOF,VOF_T00624,VOF_T00624_S01,Unknown,,"I guess those chaps would be glad to know,",,dialogue_candidate,review,Project Gutenberg #3289 - The Valley of Fear
VOF,VOF_T00625,VOF_T00625_S01,Unknown,,In trouble?,,dialogue_candidate,review,Project Gutenberg #3289 - The Valley of Fear
VOF,VOF_T00626,VOF_T00626_S01,Unknown,,Deep.,,dialogue_candidate,review,Project Gutenberg #3289 - The Valley of Fear
VOF,VOF_T00627,VOF_T00627_S01,Unknown,,A penitentiary job?,,dialogue_candidate,review,Project Gutenberg #3289 - The Valley of Fear
VOF,VOF_T00628,VOF_T00628_S01,Unknown,,And the rest.,,dialogue_candidate,review,Project Gutenberg #3289 - The Valley of Fear
VOF,VOF_T00629,VOF_T00629_S01,Unknown,,Not a killing!,,dialogue_candidate,review,Project Gutenberg #3289 - The Valley of Fear
VOF,VOF_T00630,VOF_T00630_S01,McMurdo with the air,,"It’s early days to talk of such things, I’ve my own good reasons for leaving Chicago, and let that be enough for you.",Who are you that you should take it on yourself to ask such things?,speaker_attributed_dialogue,high,Project Gutenberg #3289 - The Valley of Fear
VOF,VOF_T00630,VOF_T00630_S02,McMurdo with the air,"It’s early days to talk of such things, I’ve my own good reasons for leaving Chicago, and let that be enough for you.",Who are you that you should take it on yourself to ask such things?,,speaker_attributed_dialogue,high,Project Gutenberg #3289 - The Valley of Fear
VOF,VOF_T00631,VOF_T00631_S01,Unknown,,"All right, mate, no offense meant.","The boys will think none the worse of you, whatever you may have done.",dialogue_candidate,review,Project Gutenberg #3289 - The Valley of Fear
VOF,VOF_T00631,VOF_T00631_S02,Unknown,"All right, mate, no offense meant.","The boys will think none the worse of you, whatever you may have done.",Where are you bound for now?,dialogue_candidate,review,Project Gutenberg #3289 - The Valley of Fear
VOF,VOF_T00631,VOF_T00631_S03,Unknown,"The boys will think none the worse of you, whatever you may have done.",Where are you bound for now?,,dialogue_candidate,review,Project Gutenberg #3289 - The Valley of Fear
VOF,VOF_T00632,VOF_T00632_S01,Unknown,,Vermissa.,,dialogue_candidate,review,Project Gutenberg #3289 - The Valley of Fear
VOF,VOF_T00633,VOF_T00633_S01,Unknown,,That’s the third halt down the line.,Where are you staying?,dialogue_candidate,review,Project Gutenberg #3289 - The Valley of Fear
VOF,VOF_T00633,VOF_T00633_S02,Unknown,That’s the third halt down the line.,Where are you staying?,,dialogue_candidate,review,Project Gutenberg #3289 - The Valley of Fear
VOF,VOF_T00634,VOF_T00634_S01,Unknown,,"Here is the address—Jacob Shafter, Sheridan Street.",It’s a boarding house that was recommended by a man I knew in Chicago.,dialogue_candidate,review,Project Gutenberg #3289 - The Valley of Fear
VOF,VOF_T00634,VOF_T00634_S02,Unknown,"Here is the address—Jacob Shafter, Sheridan Street.",It’s a boarding house that was recommended by a man I knew in Chicago.,,dialogue_candidate,review,Project Gutenberg #3289 - The Valley of Fear
VOF,VOF_T00635,VOF_T00635_S01,Unknown,,"Well, I don’t know it; but Vermissa is out of my beat.","I live at Hobson’s Patch, and that’s here where we are drawing up.",dialogue_candidate,review,Project Gutenberg #3289 - The Valley of Fear
VOF,VOF_T00635,VOF_T00635_S02,Unknown,"Well, I don’t know it; but Vermissa is out of my beat.","I live at Hobson’s Patch, and that’s here where we are drawing up.","But, say, there’s one bit of advice I’ll give you before we part: If you’re in trouble in Vermissa, go straight to the Union House and see Boss McGinty.",dialogue_candidate,review,Project Gutenberg #3289 - The Valley of Fear
VOF,VOF_T00635,VOF_T00635_S03,Unknown,"I live at Hobson’s Patch, and that’s here where we are drawing up.","But, say, there’s one bit of advice I’ll give you before we part: If you’re in trouble in Vermissa, go straight to the Union House and see Boss McGinty.","He is the Bodymaster of Vermissa Lodge, and nothing can happen in these parts unless Black Jack McGinty wants it.",dialogue_candidate,review,Project Gutenberg #3289 - The Valley of Fear
VOF,VOF_T00635,VOF_T00635_S04,Unknown,"But, say, there’s one bit of advice I’ll give you before we part: If you’re in trouble in Vermissa, go straight to the Union House and see Boss McGinty.","He is the Bodymaster of Vermissa Lodge, and nothing can happen in these parts unless Black Jack McGinty wants it.","So long, mate!",dialogue_candidate,review,Project Gutenberg #3289 - The Valley of Fear
VOF,VOF_T00635,VOF_T00635_S05,Unknown,"He is the Bodymaster of Vermissa Lodge, and nothing can happen in these parts unless Black Jack McGinty wants it.","So long, mate!",Maybe we’ll meet in lodge one of these evenings.,dialogue_candidate,review,Project Gutenberg #3289 - The Valley of Fear
VOF,VOF_T00635,VOF_T00635_S06,Unknown,"So long, mate!",Maybe we’ll meet in lodge one of these evenings.,"But mind my words: If you are in trouble, go to Boss McGinty.",dialogue_candidate,review,Project Gutenberg #3289 - The Valley of Fear
VOF,VOF_T00635,VOF_T00635_S07,Unknown,Maybe we’ll meet in lodge one of these evenings.,"But mind my words: If you are in trouble, go to Boss McGinty.",,dialogue_candidate,review,Project Gutenberg #3289 - The Valley of Fear
VOF,VOF_T00636,VOF_T00636_S01,Unknown,,"I guess hell must look something like that, For that matter,",,speaker_attributed_dialogue,review,Project Gutenberg #3289 - The Valley of Fear
VOF,VOF_T00637,VOF_T00637_S01,Unknown,,I allow that hell must _be_ something like that.,"If there are worse devils down yonder than some we could name, it’s more than I’d expect.",dialogue_candidate,review,Project Gutenberg #3289 - The Valley of Fear
VOF,VOF_T00637,VOF_T00637_S02,Unknown,I allow that hell must _be_ something like that.,"If there are worse devils down yonder than some we could name, it’s more than I’d expect.","I guess you are new to this part, young man?",dialogue_candidate,review,Project Gutenberg #3289 - The Valley of Fear
VOF,VOF_T00637,VOF_T00637_S03,Unknown,"If there are worse devils down yonder than some we could name, it’s more than I’d expect.","I guess you are new to this part, young man?",,dialogue_candidate,review,Project Gutenberg #3289 - The Valley of Fear
VOF,VOF_T00638,VOF_T00638_S01,Unknown,,"Well, what if I am?",,dialogue_candidate,review,Project Gutenberg #3289 - The Valley of Fear
VOF,VOF_T00639,VOF_T00639_S01,Unknown,,"Just this, mister, that I should advise you to be careful in choosing your friends.",I don’t think I’d begin with Mike Scanlan or his gang if I were you.,dialogue_candidate,review,Project Gutenberg #3289 - The Valley of Fear
VOF,VOF_T00639,VOF_T00639_S02,Unknown,"Just this, mister, that I should advise you to be careful in choosing your friends.",I don’t think I’d begin with Mike Scanlan or his gang if I were you.,,dialogue_candidate,review,Project Gutenberg #3289 - The Valley of Fear
VOF,VOF_T00640,VOF_T00640_S01,Unknown,,What the hell is it to you who are my friends?,,dialogue_candidate,review,Project Gutenberg #3289 - The Valley of Fear
VOF,VOF_T00641,VOF_T00641_S01,Unknown,,"Did I ask you for your advice, or did you think me such a sucker that I couldn’t move without it?","You speak when you are spoken to, and by the Lord you’d have to wait a long time if it was me!",dialogue_candidate,review,Project Gutenberg #3289 - The Valley of Fear
VOF,VOF_T00641,VOF_T00641_S02,Unknown,"Did I ask you for your advice, or did you think me such a sucker that I couldn’t move without it?","You speak when you are spoken to, and by the Lord you’d have to wait a long time if it was me!",,dialogue_candidate,review,Project Gutenberg #3289 - The Valley of Fear
VOF,VOF_T00642,VOF_T00642_S01,one,,"No offense, stranger, It was a warning for your own good, seeing that you are, by your own showing, new to the place.",,speaker_attributed_dialogue,high,Project Gutenberg #3289 - The Valley of Fear
VOF,VOF_T00643,VOF_T00643_S01,McMurdo,,I’m new to the place; but I’m not new to you and your kind!,"I guess you’re the same in all places, shoving your advice in when nobody asks for it.",speaker_attributed_dialogue,high,Project Gutenberg #3289 - The Valley of Fear
VOF,VOF_T00643,VOF_T00643_S02,McMurdo,I’m new to the place; but I’m not new to you and your kind!,"I guess you’re the same in all places, shoving your advice in when nobody asks for it.",,speaker_attributed_dialogue,high,Project Gutenberg #3289 - The Valley of Fear
VOF,VOF_T00644,VOF_T00644_S01,one of the patrolmen,,"Maybe we’ll see more of you before very long, You’re a real hand-picked one, if I am a judge.",,speaker_attributed_dialogue,high,Project Gutenberg #3289 - The Valley of Fear
VOF,VOF_T00645,VOF_T00645_S01,the other,,"I was thinking the same, I guess we may meet again.",,speaker_attributed_dialogue,high,Project Gutenberg #3289 - The Valley of Fear
VOF,VOF_T00646,VOF_T00646_S01,McMurdo,,"I’m not afraid of you, and don’t you think it!",My name’s Jack McMurdo—see?,speaker_attributed_dialogue,high,Project Gutenberg #3289 - The Valley of Fear
VOF,VOF_T00646,VOF_T00646_S02,McMurdo,"I’m not afraid of you, and don’t you think it!",My name’s Jack McMurdo—see?,"If you want me, you’ll find me at Jacob Shafter’s on Sheridan Street, Vermissa; so I’m not hiding from you, am I?",speaker_attributed_dialogue,high,Project Gutenberg #3289 - The Valley of Fear
VOF,VOF_T00646,VOF_T00646_S03,McMurdo,My name’s Jack McMurdo—see?,"If you want me, you’ll find me at Jacob Shafter’s on Sheridan Street, Vermissa; so I’m not hiding from you, am I?",Day or night I dare to look the like of you in the face—don’t make any mistake about that!,speaker_attributed_dialogue,high,Project Gutenberg #3289 - The Valley of Fear
VOF,VOF_T00646,VOF_T00646_S04,McMurdo,"If you want me, you’ll find me at Jacob Shafter’s on Sheridan Street, Vermissa; so I’m not hiding from you, am I?",Day or night I dare to look the like of you in the face—don’t make any mistake about that!,,speaker_attributed_dialogue,high,Project Gutenberg #3289 - The Valley of Fear
VOF,VOF_T00647,VOF_T00647_S01,Unknown,,"By Gar, mate! you know how to speak to the cops,",,dialogue_candidate,review,Project Gutenberg #3289 - The Valley of Fear
VOF,VOF_T00648,VOF_T00648_S01,Unknown,,It was grand to hear you.,Let me carry your grip and show you the road.,dialogue_candidate,review,Project Gutenberg #3289 - The Valley of Fear
VOF,VOF_T00648,VOF_T00648_S02,Unknown,It was grand to hear you.,Let me carry your grip and show you the road.,I’m passing Shafter’s on the way to my own shack.,dialogue_candidate,review,Project Gutenberg #3289 - The Valley of Fear
VOF,VOF_T00648,VOF_T00648_S03,Unknown,Let me carry your grip and show you the road.,I’m passing Shafter’s on the way to my own shack.,,dialogue_candidate,review,Project Gutenberg #3289 - The Valley of Fear
VOF,VOF_T00649,VOF_T00649_S01,Unknown,,Good-nights,,dialogue_candidate,review,Project Gutenberg #3289 - The Valley of Fear
VOF,VOF_T00650,VOF_T00650_S01,the guide,,"That’s the Union House, Jack McGinty is the boss there.",,speaker_attributed_dialogue,high,Project Gutenberg #3289 - The Valley of Fear
VOF,VOF_T00651,VOF_T00651_S01,Unknown,,What sort of a man is he?,,dialogue_candidate,review,Project Gutenberg #3289 - The Valley of Fear
VOF,VOF_T00652,VOF_T00652_S01,Unknown,,What! have you never heard of the boss?,,dialogue_candidate,review,Project Gutenberg #3289 - The Valley of Fear
VOF,VOF_T00653,VOF_T00653_S01,Unknown,,How could I have heard of him when you know that I am a stranger in these parts?,,dialogue_candidate,review,Project Gutenberg #3289 - The Valley of Fear
VOF,VOF_T00654,VOF_T00654_S01,Unknown,,"Well, I thought his name was known clear across the country.",It’s been in the papers often enough.,dialogue_candidate,review,Project Gutenberg #3289 - The Valley of Fear
VOF,VOF_T00654,VOF_T00654_S02,Unknown,"Well, I thought his name was known clear across the country.",It’s been in the papers often enough.,,dialogue_candidate,review,Project Gutenberg #3289 - The Valley of Fear
VOF,VOF_T00655,VOF_T00655_S01,Unknown,,What for?,,dialogue_candidate,review,Project Gutenberg #3289 - The Valley of Fear
VOF,VOF_T00656,VOF_T00656_S01,Unknown,,"Well,",,dialogue_candidate,review,Project Gutenberg #3289 - The Valley of Fear
VOF,VOF_T00657,VOF_T00657_S01,Unknown,,over the affairs.,,dialogue_candidate,review,Project Gutenberg #3289 - The Valley of Fear
VOF,VOF_T00658,VOF_T00658_S01,Unknown,,What affairs?,,dialogue_candidate,review,Project Gutenberg #3289 - The Valley of Fear
VOF,VOF_T00659,VOF_T00659_S01,Unknown,,"Good Lord, mister! you are queer, if I must say it without offense.","There’s only one set of affairs that you’ll hear of in these parts, and that’s the affairs of the Scowrers.",dialogue_candidate,review,Project Gutenberg #3289 - The Valley of Fear
VOF,VOF_T00659,VOF_T00659_S02,Unknown,"Good Lord, mister! you are queer, if I must say it without offense.","There’s only one set of affairs that you’ll hear of in these parts, and that’s the affairs of the Scowrers.",,dialogue_candidate,review,Project Gutenberg #3289 - The Valley of Fear
VOF,VOF_T00660,VOF_T00660_S01,Unknown,,"Why, I seem to have read of the Scowrers in Chicago.","A gang of murderers, are they not?",dialogue_candidate,review,Project Gutenberg #3289 - The Valley of Fear
VOF,VOF_T00660,VOF_T00660_S02,Unknown,"Why, I seem to have read of the Scowrers in Chicago.","A gang of murderers, are they not?",,dialogue_candidate,review,Project Gutenberg #3289 - The Valley of Fear
VOF,VOF_T00661,VOF_T00661_S01,the miner,,"Hush, on your life!","Man, you won’t live long in these parts if you speak in the open street like that.",speaker_attributed_dialogue,high,Project Gutenberg #3289 - The Valley of Fear
VOF,VOF_T00661,VOF_T00661_S02,the miner,"Hush, on your life!","Man, you won’t live long in these parts if you speak in the open street like that.",Many a man has had the life beaten out of him for less.,speaker_attributed_dialogue,high,Project Gutenberg #3289 - The Valley of Fear
VOF,VOF_T00661,VOF_T00661_S03,the miner,"Man, you won’t live long in these parts if you speak in the open street like that.",Many a man has had the life beaten out of him for less.,,speaker_attributed_dialogue,high,Project Gutenberg #3289 - The Valley of Fear
VOF,VOF_T00662,VOF_T00662_S01,Unknown,,"Well, I know nothing about them.",It’s only what I have read.,dialogue_candidate,review,Project Gutenberg #3289 - The Valley of Fear
VOF,VOF_T00662,VOF_T00662_S02,Unknown,"Well, I know nothing about them.",It’s only what I have read.,,dialogue_candidate,review,Project Gutenberg #3289 - The Valley of Fear
VOF,VOF_T00663,VOF_T00663_S01,Unknown,,And I’m not saying that you have not read the truth.,,dialogue_candidate,review,Project Gutenberg #3289 - The Valley of Fear
VOF,VOF_T00664,VOF_T00664_S01,Unknown,,"If killing is murder, then God knows there is murder and to spare.","But don’t you dare to breathe the name of Jack McGinty in connection with it, stranger; for every whisper goes back to him, and he is not one that is likely to let it pass.",dialogue_candidate,review,Project Gutenberg #3289 - The Valley of Fear
VOF,VOF_T00664,VOF_T00664_S02,Unknown,"If killing is murder, then God knows there is murder and to spare.","But don’t you dare to breathe the name of Jack McGinty in connection with it, stranger; for every whisper goes back to him, and he is not one that is likely to let it pass.","Now, that’s the house you’re after, that one standing back from the street.",dialogue_candidate,review,Project Gutenberg #3289 - The Valley of Fear
VOF,VOF_T00664,VOF_T00664_S03,Unknown,"But don’t you dare to breathe the name of Jack McGinty in connection with it, stranger; for every whisper goes back to him, and he is not one that is likely to let it pass.","Now, that’s the house you’re after, that one standing back from the street.",You’ll find old Jacob Shafter that runs it as honest a man as lives in this township.,dialogue_candidate,review,Project Gutenberg #3289 - The Valley of Fear
VOF,VOF_T00664,VOF_T00664_S04,Unknown,"Now, that’s the house you’re after, that one standing back from the street.",You’ll find old Jacob Shafter that runs it as honest a man as lives in this township.,,dialogue_candidate,review,Project Gutenberg #3289 - The Valley of Fear
VOF,VOF_T00665,VOF_T00665_S01,McMurdo,,"I thank you, I thought it was father,",,speaker_attributed_dialogue,high,Project Gutenberg #3289 - The Valley of Fear
VOF,VOF_T00666,VOF_T00666_S01,Unknown,,Did you come to see him?,He is down town.,dialogue_candidate,review,Project Gutenberg #3289 - The Valley of Fear
VOF,VOF_T00666,VOF_T00666_S02,Unknown,Did you come to see him?,He is down town.,I expect him back every minute.,dialogue_candidate,review,Project Gutenberg #3289 - The Valley of Fear
VOF,VOF_T00666,VOF_T00666_S03,Unknown,He is down town.,I expect him back every minute.,,dialogue_candidate,review,Project Gutenberg #3289 - The Valley of Fear
VOF,VOF_T00667,VOF_T00667_S01,Unknown,,"No, miss,",,dialogue_candidate,review,Project Gutenberg #3289 - The Valley of Fear
VOF,VOF_T00668,VOF_T00668_S01,Unknown,,I’m in no hurry to see him.,But your house was recommended to me for board.,dialogue_candidate,review,Project Gutenberg #3289 - The Valley of Fear
VOF,VOF_T00668,VOF_T00668_S02,Unknown,I’m in no hurry to see him.,But your house was recommended to me for board.,I thought it might suit me—and now I know it will.,dialogue_candidate,review,Project Gutenberg #3289 - The Valley of Fear
VOF,VOF_T00668,VOF_T00668_S03,Unknown,But your house was recommended to me for board.,I thought it might suit me—and now I know it will.,,dialogue_candidate,review,Project Gutenberg #3289 - The Valley of Fear
VOF,VOF_T00669,VOF_T00669_S01,she,,"You are quick to make up your mind, Anyone but a blind man could do as much,",,speaker_attributed_dialogue,high,Project Gutenberg #3289 - The Valley of Fear
VOF,VOF_T00670,VOF_T00670_S01,Unknown,,"Come right in, sir,",,dialogue_candidate,review,Project Gutenberg #3289 - The Valley of Fear
VOF,VOF_T00671,VOF_T00671_S01,Unknown,,"I’m Miss Ettie Shafter, mr. Shafter’s daughter.","My mother’s dead, and I run the house.",dialogue_candidate,review,Project Gutenberg #3289 - The Valley of Fear
VOF,VOF_T00671,VOF_T00671_S02,Unknown,"I’m Miss Ettie Shafter, mr. Shafter’s daughter.","My mother’s dead, and I run the house.","You can sit down by the stove in the front room until father comes along—Ah, here he is!",dialogue_candidate,review,Project Gutenberg #3289 - The Valley of Fear
VOF,VOF_T00671,VOF_T00671_S03,Unknown,"My mother’s dead, and I run the house.","You can sit down by the stove in the front room until father comes along—Ah, here he is!",So you can fix things with him right away.,dialogue_candidate,review,Project Gutenberg #3289 - The Valley of Fear
VOF,VOF_T00671,VOF_T00671_S04,Unknown,"You can sit down by the stove in the front room until father comes along—Ah, here he is!",So you can fix things with him right away.,,dialogue_candidate,review,Project Gutenberg #3289 - The Valley of Fear
VOF,VOF_T00672,VOF_T00672_S01,Unknown,,Someone else?,,dialogue_candidate,review,Project Gutenberg #3289 - The Valley of Fear
VOF,VOF_T00673,VOF_T00673_S01,Unknown,,"Well, the worse luck for someone else!",Let him look out for himself!,dialogue_candidate,review,Project Gutenberg #3289 - The Valley of Fear
VOF,VOF_T00673,VOF_T00673_S02,Unknown,"Well, the worse luck for someone else!",Let him look out for himself!,Am I to lose my life’s chance and all my heart’s desire for someone else?,dialogue_candidate,review,Project Gutenberg #3289 - The Valley of Fear
VOF,VOF_T00673,VOF_T00673_S03,Unknown,Let him look out for himself!,Am I to lose my life’s chance and all my heart’s desire for someone else?,"You can keep on saying no, Ettie: the day will come when you will say yes, and I’m young enough to wait.",dialogue_candidate,review,Project Gutenberg #3289 - The Valley of Fear
VOF,VOF_T00673,VOF_T00673_S04,Unknown,Am I to lose my life’s chance and all my heart’s desire for someone else?,"You can keep on saying no, Ettie: the day will come when you will say yes, and I’m young enough to wait.",,dialogue_candidate,review,Project Gutenberg #3289 - The Valley of Fear
VOF,VOF_T00674,VOF_T00674_S01,he,,"Say, McMurdo, I remembered your address, so I made bold to call.",I’m surprised that you’ve not reported to the Bodymaster.,speaker_attributed_dialogue,high,Project Gutenberg #3289 - The Valley of Fear
VOF,VOF_T00674,VOF_T00674_S02,he,"Say, McMurdo, I remembered your address, so I made bold to call.",I’m surprised that you’ve not reported to the Bodymaster.,Why haven’t you seen Boss McGinty yet?,speaker_attributed_dialogue,high,Project Gutenberg #3289 - The Valley of Fear
VOF,VOF_T00674,VOF_T00674_S03,he,I’m surprised that you’ve not reported to the Bodymaster.,Why haven’t you seen Boss McGinty yet?,,speaker_attributed_dialogue,high,Project Gutenberg #3289 - The Valley of Fear
VOF,VOF_T00675,VOF_T00675_S01,Unknown,,"Well, I had to find a job.",I have been busy.,dialogue_candidate,review,Project Gutenberg #3289 - The Valley of Fear
VOF,VOF_T00675,VOF_T00675_S02,Unknown,"Well, I had to find a job.",I have been busy.,,dialogue_candidate,review,Project Gutenberg #3289 - The Valley of Fear
VOF,VOF_T00676,VOF_T00676_S01,Unknown,,You must find time for him if you have none for anything else.,"Good Lord, man! you’re a fool not to have been down to the Union House and registered your name the first morning after you came here!",dialogue_candidate,review,Project Gutenberg #3289 - The Valley of Fear
VOF,VOF_T00676,VOF_T00676_S02,Unknown,You must find time for him if you have none for anything else.,"Good Lord, man! you’re a fool not to have been down to the Union House and registered your name the first morning after you came here!","If you run against him—well, you mustn’t, that’s all!",dialogue_candidate,review,Project Gutenberg #3289 - The Valley of Fear
VOF,VOF_T00676,VOF_T00676_S03,Unknown,"Good Lord, man! you’re a fool not to have been down to the Union House and registered your name the first morning after you came here!","If you run against him—well, you mustn’t, that’s all!",,dialogue_candidate,review,Project Gutenberg #3289 - The Valley of Fear
VOF,VOF_T00677,VOF_T00677_S01,Unknown,,"I’ve been a member of the lodge for over two years, Scanlan, but I never heard that duties were so pressing as all that.",,dialogue_candidate,review,Project Gutenberg #3289 - The Valley of Fear
VOF,VOF_T00678,VOF_T00678_S01,Unknown,,Maybe not in Chicago.,,dialogue_candidate,review,Project Gutenberg #3289 - The Valley of Fear
VOF,VOF_T00679,VOF_T00679_S01,Unknown,,"Well, it’s the same society here.",,dialogue_candidate,review,Project Gutenberg #3289 - The Valley of Fear
VOF,VOF_T00680,VOF_T00680_S01,Unknown,,Is it?,,dialogue_candidate,review,Project Gutenberg #3289 - The Valley of Fear
VOF,VOF_T00681,VOF_T00681_S01,Unknown,,Isn’t it?,,dialogue_candidate,review,Project Gutenberg #3289 - The Valley of Fear
VOF,VOF_T00682,VOF_T00682_S01,Unknown,,You’ll tell me that in a month’s time.,I hear you had a talk with the patrolmen after I left the train.,dialogue_candidate,review,Project Gutenberg #3289 - The Valley of Fear
VOF,VOF_T00682,VOF_T00682_S02,Unknown,You’ll tell me that in a month’s time.,I hear you had a talk with the patrolmen after I left the train.,,dialogue_candidate,review,Project Gutenberg #3289 - The Valley of Fear
VOF,VOF_T00683,VOF_T00683_S01,Unknown,,How did you know that?,,dialogue_candidate,review,Project Gutenberg #3289 - The Valley of Fear
VOF,VOF_T00684,VOF_T00684_S01,Unknown,,"Oh, it got about—things do get about for good and for bad in this district.",,dialogue_candidate,review,Project Gutenberg #3289 - The Valley of Fear
VOF,VOF_T00685,VOF_T00685_S01,Unknown,,"Well, yes.",I told the hounds what I thought of them.,dialogue_candidate,review,Project Gutenberg #3289 - The Valley of Fear
VOF,VOF_T00685,VOF_T00685_S02,Unknown,"Well, yes.",I told the hounds what I thought of them.,,dialogue_candidate,review,Project Gutenberg #3289 - The Valley of Fear
VOF,VOF_T00686,VOF_T00686_S01,Unknown,,"By the Lord, you’ll be a man after McGinty’s heart!",,dialogue_candidate,review,Project Gutenberg #3289 - The Valley of Fear
VOF,VOF_T00687,VOF_T00687_S01,Unknown,,"What, does he hate the police too?",,dialogue_candidate,review,Project Gutenberg #3289 - The Valley of Fear
VOF,VOF_T00688,VOF_T00688_S01,he,,"You go and see him, my lad, It’s not the police but you that he’ll hate if you don’t!","Now, take a friend’s advice and go at once!",speaker_attributed_dialogue,high,Project Gutenberg #3289 - The Valley of Fear
VOF,VOF_T00688,VOF_T00688_S02,he,"You go and see him, my lad, It’s not the police but you that he’ll hate if you don’t!","Now, take a friend’s advice and go at once!",,speaker_attributed_dialogue,high,Project Gutenberg #3289 - The Valley of Fear
VOF,VOF_T00689,VOF_T00689_S01,he,,"It seems to me, mister, that you are gettin’ set on my Ettie.","Ain’t that so, or am I wrong?",speaker_attributed_dialogue,high,Project Gutenberg #3289 - The Valley of Fear
VOF,VOF_T00689,VOF_T00689_S02,he,"It seems to me, mister, that you are gettin’ set on my Ettie.","Ain’t that so, or am I wrong?",,speaker_attributed_dialogue,high,Project Gutenberg #3289 - The Valley of Fear
VOF,VOF_T00690,VOF_T00690_S01,Unknown,,"Yes, that is so,",,dialogue_candidate,review,Project Gutenberg #3289 - The Valley of Fear
VOF,VOF_T00691,VOF_T00691_S01,Unknown,,"Vell, I vant to tell you right now that it ain’t no manner of use.",There’s someone slipped in afore you.,dialogue_candidate,review,Project Gutenberg #3289 - The Valley of Fear
VOF,VOF_T00691,VOF_T00691_S02,Unknown,"Vell, I vant to tell you right now that it ain’t no manner of use.",There’s someone slipped in afore you.,,dialogue_candidate,review,Project Gutenberg #3289 - The Valley of Fear
VOF,VOF_T00692,VOF_T00692_S01,Unknown,,She told me so.,,dialogue_candidate,review,Project Gutenberg #3289 - The Valley of Fear
VOF,VOF_T00693,VOF_T00693_S01,Unknown,,"Vell, you can lay that she told you truth.",But did she tell you who it vas?,dialogue_candidate,review,Project Gutenberg #3289 - The Valley of Fear
VOF,VOF_T00693,VOF_T00693_S02,Unknown,"Vell, you can lay that she told you truth.",But did she tell you who it vas?,,dialogue_candidate,review,Project Gutenberg #3289 - The Valley of Fear
VOF,VOF_T00694,VOF_T00694_S01,Unknown,,"No, I asked her; but she wouldn’t tell.",,dialogue_candidate,review,Project Gutenberg #3289 - The Valley of Fear
VOF,VOF_T00695,VOF_T00695_S01,Unknown,,"I dare say not, the leetle baggage!",Perhaps she did not vish to frighten you avay.,dialogue_candidate,review,Project Gutenberg #3289 - The Valley of Fear
VOF,VOF_T00695,VOF_T00695_S02,Unknown,"I dare say not, the leetle baggage!",Perhaps she did not vish to frighten you avay.,,dialogue_candidate,review,Project Gutenberg #3289 - The Valley of Fear
VOF,VOF_T00696,VOF_T00696_S01,Unknown,,Frighten!,,dialogue_candidate,review,Project Gutenberg #3289 - The Valley of Fear
VOF,VOF_T00697,VOF_T00697_S01,Unknown,,"Ah, yes, my friend!",You need not be ashamed to be frightened of him.,dialogue_candidate,review,Project Gutenberg #3289 - The Valley of Fear
VOF,VOF_T00697,VOF_T00697_S02,Unknown,"Ah, yes, my friend!",You need not be ashamed to be frightened of him.,It is Teddy Baldwin.,dialogue_candidate,review,Project Gutenberg #3289 - The Valley of Fear
VOF,VOF_T00697,VOF_T00697_S03,Unknown,You need not be ashamed to be frightened of him.,It is Teddy Baldwin.,,dialogue_candidate,review,Project Gutenberg #3289 - The Valley of Fear
VOF,VOF_T00698,VOF_T00698_S01,Unknown,,And who the devil is he?,,dialogue_candidate,review,Project Gutenberg #3289 - The Valley of Fear
VOF,VOF_T00699,VOF_T00699_S01,Unknown,,He is a boss of Scowrers.,,dialogue_candidate,review,Project Gutenberg #3289 - The Valley of Fear
VOF,VOF_T00700,VOF_T00700_S01,Unknown,,Scowrers!,I’ve heard of them before.,dialogue_candidate,review,Project Gutenberg #3289 - The Valley of Fear
VOF,VOF_T00700,VOF_T00700_S02,Unknown,Scowrers!,I’ve heard of them before.,"It’s Scowrers here and Scowrers there, and always in a whisper!",dialogue_candidate,review,Project Gutenberg #3289 - The Valley of Fear
VOF,VOF_T00700,VOF_T00700_S03,Unknown,I’ve heard of them before.,"It’s Scowrers here and Scowrers there, and always in a whisper!",What are you all afraid of?,dialogue_candidate,review,Project Gutenberg #3289 - The Valley of Fear
VOF,VOF_T00700,VOF_T00700_S04,Unknown,"It’s Scowrers here and Scowrers there, and always in a whisper!",What are you all afraid of?,Who are the Scowrers?,dialogue_candidate,review,Project Gutenberg #3289 - The Valley of Fear
VOF,VOF_T00700,VOF_T00700_S05,Unknown,What are you all afraid of?,Who are the Scowrers?,,dialogue_candidate,review,Project Gutenberg #3289 - The Valley of Fear
VOF,VOF_T00701,VOF_T00701_S01,he,,"The Scowrers, are the Eminent Order of Freemen!",,speaker_attributed_dialogue,high,Project Gutenberg #3289 - The Valley of Fear
VOF,VOF_T00702,VOF_T00702_S01,Unknown,,"Why, I am a member of that order myself.",,dialogue_candidate,review,Project Gutenberg #3289 - The Valley of Fear
VOF,VOF_T00703,VOF_T00703_S01,Unknown,,You!,I vould never have had you in my house if I had known it—not if you vere to pay me a hundred dollar a veek.,dialogue_candidate,review,Project Gutenberg #3289 - The Valley of Fear
VOF,VOF_T00703,VOF_T00703_S02,Unknown,You!,I vould never have had you in my house if I had known it—not if you vere to pay me a hundred dollar a veek.,,dialogue_candidate,review,Project Gutenberg #3289 - The Valley of Fear
VOF,VOF_T00704,VOF_T00704_S01,Unknown,,What’s wrong with the order?,It’s for charity and good fellowship.,dialogue_candidate,review,Project Gutenberg #3289 - The Valley of Fear
VOF,VOF_T00704,VOF_T00704_S02,Unknown,What’s wrong with the order?,It’s for charity and good fellowship.,The rules say so.,dialogue_candidate,review,Project Gutenberg #3289 - The Valley of Fear
VOF,VOF_T00704,VOF_T00704_S03,Unknown,It’s for charity and good fellowship.,The rules say so.,,dialogue_candidate,review,Project Gutenberg #3289 - The Valley of Fear
VOF,VOF_T00705,VOF_T00705_S01,Unknown,,Maybe in some places.,Not here!,dialogue_candidate,review,Project Gutenberg #3289 - The Valley of Fear
VOF,VOF_T00705,VOF_T00705_S02,Unknown,Maybe in some places.,Not here!,,dialogue_candidate,review,Project Gutenberg #3289 - The Valley of Fear
VOF,VOF_T00706,VOF_T00706_S01,Unknown,,What is it here?,,dialogue_candidate,review,Project Gutenberg #3289 - The Valley of Fear
VOF,VOF_T00707,VOF_T00707_S01,Unknown,,"It’s a murder society, that’s vat it is.",,dialogue_candidate,review,Project Gutenberg #3289 - The Valley of Fear
VOF,VOF_T00708,VOF_T00708_S01,Unknown,,How can you prove that?,,dialogue_candidate,review,Project Gutenberg #3289 - The Valley of Fear
VOF,VOF_T00709,VOF_T00709_S01,Unknown,,Prove it!,Are there not fifty murders to prove it?,dialogue_candidate,review,Project Gutenberg #3289 - The Valley of Fear
VOF,VOF_T00709,VOF_T00709_S02,Unknown,Prove it!,Are there not fifty murders to prove it?,"Vat about Milman and Van Shorst, and the Nicholson family, and old mr. Hyam, and little Billy James, and the others?",dialogue_candidate,review,Project Gutenberg #3289 - The Valley of Fear
VOF,VOF_T00709,VOF_T00709_S03,Unknown,Are there not fifty murders to prove it?,"Vat about Milman and Van Shorst, and the Nicholson family, and old mr. Hyam, and little Billy James, and the others?",Prove it!,dialogue_candidate,review,Project Gutenberg #3289 - The Valley of Fear
VOF,VOF_T00709,VOF_T00709_S04,Unknown,"Vat about Milman and Van Shorst, and the Nicholson family, and old mr. Hyam, and little Billy James, and the others?",Prove it!,Is there a man or a voman in this valley vat does not know it?,dialogue_candidate,review,Project Gutenberg #3289 - The Valley of Fear
VOF,VOF_T00709,VOF_T00709_S05,Unknown,Prove it!,Is there a man or a voman in this valley vat does not know it?,,dialogue_candidate,review,Project Gutenberg #3289 - The Valley of Fear
VOF,VOF_T00710,VOF_T00710_S01,McMurdo,,See here!,"I want you to take back what you’ve said, or else make it good.",speaker_attributed_dialogue,high,Project Gutenberg #3289 - The Valley of Fear
VOF,VOF_T00710,VOF_T00710_S02,McMurdo,See here!,"I want you to take back what you’ve said, or else make it good.",One or the other you must do before I quit this room.,speaker_attributed_dialogue,high,Project Gutenberg #3289 - The Valley of Fear
VOF,VOF_T00710,VOF_T00710_S03,McMurdo,"I want you to take back what you’ve said, or else make it good.",One or the other you must do before I quit this room.,Put yourself in my place.,speaker_attributed_dialogue,high,Project Gutenberg #3289 - The Valley of Fear
VOF,VOF_T00710,VOF_T00710_S04,McMurdo,One or the other you must do before I quit this room.,Put yourself in my place.,"Here am I, a stranger in the town.",speaker_attributed_dialogue,high,Project Gutenberg #3289 - The Valley of Fear
VOF,VOF_T00710,VOF_T00710_S05,McMurdo,Put yourself in my place.,"Here am I, a stranger in the town.",I belong to a society that I know only as an innocent one.,speaker_attributed_dialogue,high,Project Gutenberg #3289 - The Valley of Fear
VOF,VOF_T00710,VOF_T00710_S06,McMurdo,"Here am I, a stranger in the town.",I belong to a society that I know only as an innocent one.,"You’ll find it through the length and breadth of the States, but always as an innocent one.",speaker_attributed_dialogue,high,Project Gutenberg #3289 - The Valley of Fear
VOF,VOF_T00710,VOF_T00710_S07,McMurdo,I belong to a society that I know only as an innocent one.,"You’ll find it through the length and breadth of the States, but always as an innocent one.","Now, when I am counting upon joining it here, you tell me that it is the same as a murder society called the Scowrers.",speaker_attributed_dialogue,high,Project Gutenberg #3289 - The Valley of Fear
VOF,VOF_T00710,VOF_T00710_S08,McMurdo,"You’ll find it through the length and breadth of the States, but always as an innocent one.","Now, when I am counting upon joining it here, you tell me that it is the same as a murder society called the Scowrers.","I guess you owe me either an apology or else an explanation, mr. Shafter.",speaker_attributed_dialogue,high,Project Gutenberg #3289 - The Valley of Fear
VOF,VOF_T00710,VOF_T00710_S09,McMurdo,"Now, when I am counting upon joining it here, you tell me that it is the same as a murder society called the Scowrers.","I guess you owe me either an apology or else an explanation, mr. Shafter.",,speaker_attributed_dialogue,high,Project Gutenberg #3289 - The Valley of Fear
VOF,VOF_T00711,VOF_T00711_S01,Unknown,,"I can but tell you vat the whole vorld knows, mister.",The bosses of the one are the bosses of the other.,dialogue_candidate,review,Project Gutenberg #3289 - The Valley of Fear
VOF,VOF_T00711,VOF_T00711_S02,Unknown,"I can but tell you vat the whole vorld knows, mister.",The bosses of the one are the bosses of the other.,"If you offend the one, it is the other vat vill strike you.",dialogue_candidate,review,Project Gutenberg #3289 - The Valley of Fear
VOF,VOF_T00711,VOF_T00711_S03,Unknown,The bosses of the one are the bosses of the other.,"If you offend the one, it is the other vat vill strike you.",We have proved it too often.,dialogue_candidate,review,Project Gutenberg #3289 - The Valley of Fear
VOF,VOF_T00711,VOF_T00711_S04,Unknown,"If you offend the one, it is the other vat vill strike you.",We have proved it too often.,,dialogue_candidate,review,Project Gutenberg #3289 - The Valley of Fear
VOF,VOF_T00712,VOF_T00712_S01,McMurdo,,That’s just gossip—I want proof!,If you live here long you vill get your proof.,speaker_attributed_dialogue,high,Project Gutenberg #3289 - The Valley of Fear
VOF,VOF_T00712,VOF_T00712_S02,McMurdo,That’s just gossip—I want proof!,If you live here long you vill get your proof.,But I forget that you are yourself one of them.,speaker_attributed_dialogue,high,Project Gutenberg #3289 - The Valley of Fear
VOF,VOF_T00712,VOF_T00712_S03,McMurdo,If you live here long you vill get your proof.,But I forget that you are yourself one of them.,"You vill soon be as bad as the rest. But you vill find other lodgings, mister.",speaker_attributed_dialogue,high,Project Gutenberg #3289 - The Valley of Fear
VOF,VOF_T00712,VOF_T00712_S04,McMurdo,But I forget that you are yourself one of them.,"You vill soon be as bad as the rest. But you vill find other lodgings, mister.",I cannot have you here.,speaker_attributed_dialogue,high,Project Gutenberg #3289 - The Valley of Fear
VOF,VOF_T00712,VOF_T00712_S05,McMurdo,"You vill soon be as bad as the rest. But you vill find other lodgings, mister.",I cannot have you here.,"Is it not bad enough that one of these people come courting my Ettie, and that I dare not turn him down, but that I should have another for my boarder?",speaker_attributed_dialogue,high,Project Gutenberg #3289 - The Valley of Fear
VOF,VOF_T00712,VOF_T00712_S06,McMurdo,I cannot have you here.,"Is it not bad enough that one of these people come courting my Ettie, and that I dare not turn him down, but that I should have another for my boarder?","Yes, indeed, you shall not sleep here after to-night!",speaker_attributed_dialogue,high,Project Gutenberg #3289 - The Valley of Fear
VOF,VOF_T00712,VOF_T00712_S07,McMurdo,"Is it not bad enough that one of these people come courting my Ettie, and that I dare not turn him down, but that I should have another for my boarder?","Yes, indeed, you shall not sleep here after to-night!",,speaker_attributed_dialogue,high,Project Gutenberg #3289 - The Valley of Fear
VOF,VOF_T00713,VOF_T00713_S01,Unknown,,"Sure, your father is after giving me notice,",,dialogue_candidate,review,Project Gutenberg #3289 - The Valley of Fear
VOF,VOF_T00714,VOF_T00714_S01,Unknown,,"It’s little I would care if it was just my room, but indeed, Ettie, though it’s only a week that I’ve known you, you are the very breath of life to me, and I can’t live without you!",,dialogue_candidate,review,Project Gutenberg #3289 - The Valley of Fear
VOF,VOF_T00715,VOF_T00715_S01,the girl,,"Oh, hush, mr. McMurdo, don’t speak so!","I have told you, have I not, that you are too late?",speaker_attributed_dialogue,high,Project Gutenberg #3289 - The Valley of Fear
VOF,VOF_T00715,VOF_T00715_S02,the girl,"Oh, hush, mr. McMurdo, don’t speak so!","I have told you, have I not, that you are too late?","There is another, and if I have not promised to marry him at once, at least I can promise no one else.",speaker_attributed_dialogue,high,Project Gutenberg #3289 - The Valley of Fear
VOF,VOF_T00715,VOF_T00715_S03,the girl,"I have told you, have I not, that you are too late?","There is another, and if I have not promised to marry him at once, at least I can promise no one else.",,speaker_attributed_dialogue,high,Project Gutenberg #3289 - The Valley of Fear
VOF,VOF_T00716,VOF_T00716_S01,Unknown,,"Suppose I had been first, Ettie, would I have had a chance?",,dialogue_candidate,review,Project Gutenberg #3289 - The Valley of Fear
VOF,VOF_T00717,VOF_T00717_S01,Unknown,,I wish to heaven that you had been first!,,dialogue_candidate,review,Project Gutenberg #3289 - The Valley of Fear
VOF,VOF_T00718,VOF_T00718_S01,Unknown,,"For God’s sake, Ettie, let it stand at that!",,dialogue_candidate,review,Project Gutenberg #3289 - The Valley of Fear
VOF,VOF_T00719,VOF_T00719_S01,Unknown,,Will you ruin your life and my own for the sake of this promise?,"Follow your heart, acushla!",dialogue_candidate,review,Project Gutenberg #3289 - The Valley of Fear
VOF,VOF_T00719,VOF_T00719_S02,Unknown,Will you ruin your life and my own for the sake of this promise?,"Follow your heart, acushla!",’Tis a safer guide than any promise before you knew what it was that you were saying.,dialogue_candidate,review,Project Gutenberg #3289 - The Valley of Fear
VOF,VOF_T00719,VOF_T00719_S03,Unknown,"Follow your heart, acushla!",’Tis a safer guide than any promise before you knew what it was that you were saying.,,dialogue_candidate,review,Project Gutenberg #3289 - The Valley of Fear
VOF,VOF_T00720,VOF_T00720_S01,Unknown,,"Say that you will be mine, and we will face it out together!",,dialogue_candidate,review,Project Gutenberg #3289 - The Valley of Fear
VOF,VOF_T00721,VOF_T00721_S01,Unknown,,Not here?,,dialogue_candidate,review,Project Gutenberg #3289 - The Valley of Fear
VOF,VOF_T00722,VOF_T00722_S01,Unknown,,"Yes, here.",,dialogue_candidate,review,Project Gutenberg #3289 - The Valley of Fear
VOF,VOF_T00723,VOF_T00723_S01,Unknown,,"No, no, Jack!",,dialogue_candidate,review,Project Gutenberg #3289 - The Valley of Fear
VOF,VOF_T00724,VOF_T00724_S01,Unknown,,It could not be here.,Could you take me away?,dialogue_candidate,review,Project Gutenberg #3289 - The Valley of Fear
VOF,VOF_T00724,VOF_T00724_S02,Unknown,It could not be here.,Could you take me away?,,dialogue_candidate,review,Project Gutenberg #3289 - The Valley of Fear
VOF,VOF_T00725,VOF_T00725_S01,Unknown,,"No, here,",,dialogue_candidate,review,Project Gutenberg #3289 - The Valley of Fear
VOF,VOF_T00726,VOF_T00726_S01,Unknown,,"I’ll hold you against the world, Ettie, right here where we are!",,dialogue_candidate,review,Project Gutenberg #3289 - The Valley of Fear
VOF,VOF_T00727,VOF_T00727_S01,Unknown,,Why should we not leave together?,,dialogue_candidate,review,Project Gutenberg #3289 - The Valley of Fear
VOF,VOF_T00728,VOF_T00728_S01,Unknown,,"No, Ettie, I can’t leave here.",,dialogue_candidate,review,Project Gutenberg #3289 - The Valley of Fear
VOF,VOF_T00729,VOF_T00729_S01,Unknown,,But why?,,dialogue_candidate,review,Project Gutenberg #3289 - The Valley of Fear
VOF,VOF_T00730,VOF_T00730_S01,Unknown,,I’d never hold my head up again if I felt that I had been driven out.,"Besides, what is there to be afraid of?",dialogue_candidate,review,Project Gutenberg #3289 - The Valley of Fear
VOF,VOF_T00730,VOF_T00730_S02,Unknown,I’d never hold my head up again if I felt that I had been driven out.,"Besides, what is there to be afraid of?",Are we not free folks in a free country?,dialogue_candidate,review,Project Gutenberg #3289 - The Valley of Fear
VOF,VOF_T00730,VOF_T00730_S03,Unknown,"Besides, what is there to be afraid of?",Are we not free folks in a free country?,"If you love me, and I you, who will dare to come between?",dialogue_candidate,review,Project Gutenberg #3289 - The Valley of Fear
VOF,VOF_T00730,VOF_T00730_S04,Unknown,Are we not free folks in a free country?,"If you love me, and I you, who will dare to come between?",,dialogue_candidate,review,Project Gutenberg #3289 - The Valley of Fear
VOF,VOF_T00731,VOF_T00731_S01,Unknown,,"You don’t know, Jack.",You’ve been here too short a time.,dialogue_candidate,review,Project Gutenberg #3289 - The Valley of Fear
VOF,VOF_T00731,VOF_T00731_S02,Unknown,"You don’t know, Jack.",You’ve been here too short a time.,You don’t know this Baldwin.,dialogue_candidate,review,Project Gutenberg #3289 - The Valley of Fear
VOF,VOF_T00731,VOF_T00731_S03,Unknown,You’ve been here too short a time.,You don’t know this Baldwin.,You don’t know McGinty and his Scowrers.,dialogue_candidate,review,Project Gutenberg #3289 - The Valley of Fear
VOF,VOF_T00731,VOF_T00731_S04,Unknown,You don’t know this Baldwin.,You don’t know McGinty and his Scowrers.,,dialogue_candidate,review,Project Gutenberg #3289 - The Valley of Fear
VOF,VOF_T00732,VOF_T00732_S01,McMurdo,,"No, I don’t know them, and I don’t fear them, and I don’t believe in them!","I’ve lived among rough men, my darling, and instead of fearing them it has always ended that they have feared me—always, Ettie.",speaker_attributed_dialogue,high,Project Gutenberg #3289 - The Valley of Fear
VOF,VOF_T00732,VOF_T00732_S02,McMurdo,"No, I don’t know them, and I don’t fear them, and I don’t believe in them!","I’ve lived among rough men, my darling, and instead of fearing them it has always ended that they have feared me—always, Ettie.",It’s mad on the face of it!,speaker_attributed_dialogue,high,Project Gutenberg #3289 - The Valley of Fear
VOF,VOF_T00732,VOF_T00732_S03,McMurdo,"I’ve lived among rough men, my darling, and instead of fearing them it has always ended that they have feared me—always, Ettie.",It’s mad on the face of it!,"If these men, as your father says, have done crime after crime in the valley, and if everyone knows them by name, how comes it that none are brought to justice?",speaker_attributed_dialogue,high,Project Gutenberg #3289 - The Valley of Fear
VOF,VOF_T00732,VOF_T00732_S04,McMurdo,It’s mad on the face of it!,"If these men, as your father says, have done crime after crime in the valley, and if everyone knows them by name, how comes it that none are brought to justice?","You answer me that, Ettie!",speaker_attributed_dialogue,high,Project Gutenberg #3289 - The Valley of Fear
VOF,VOF_T00732,VOF_T00732_S05,McMurdo,"If these men, as your father says, have done crime after crime in the valley, and if everyone knows them by name, how comes it that none are brought to justice?","You answer me that, Ettie!",,speaker_attributed_dialogue,high,Project Gutenberg #3289 - The Valley of Fear
VOF,VOF_T00733,VOF_T00733_S01,Unknown,,Because no witness dares to appear against them.,He would not live a month if he did.,dialogue_candidate,review,Project Gutenberg #3289 - The Valley of Fear
VOF,VOF_T00733,VOF_T00733_S02,Unknown,Because no witness dares to appear against them.,He would not live a month if he did.,Also because they have always their own men to swear that the accused one was far from the scene of the crime.,dialogue_candidate,review,Project Gutenberg #3289 - The Valley of Fear
VOF,VOF_T00733,VOF_T00733_S03,Unknown,He would not live a month if he did.,Also because they have always their own men to swear that the accused one was far from the scene of the crime.,"But surely, Jack, you must have read all this.",dialogue_candidate,review,Project Gutenberg #3289 - The Valley of Fear
VOF,VOF_T00733,VOF_T00733_S04,Unknown,Also because they have always their own men to swear that the accused one was far from the scene of the crime.,"But surely, Jack, you must have read all this.",I had understood that every paper in the United States was writing about it.,dialogue_candidate,review,Project Gutenberg #3289 - The Valley of Fear
VOF,VOF_T00733,VOF_T00733_S05,Unknown,"But surely, Jack, you must have read all this.",I had understood that every paper in the United States was writing about it.,,dialogue_candidate,review,Project Gutenberg #3289 - The Valley of Fear
VOF,VOF_T00734,VOF_T00734_S01,Unknown,,"Well, I have read something, it is true; but I had thought it was a story.",Maybe these men have some reason in what they do.,dialogue_candidate,review,Project Gutenberg #3289 - The Valley of Fear
VOF,VOF_T00734,VOF_T00734_S02,Unknown,"Well, I have read something, it is true; but I had thought it was a story.",Maybe these men have some reason in what they do.,Maybe they are wronged and have no other way to help themselves.,dialogue_candidate,review,Project Gutenberg #3289 - The Valley of Fear
VOF,VOF_T00734,VOF_T00734_S03,Unknown,Maybe these men have some reason in what they do.,Maybe they are wronged and have no other way to help themselves.,,dialogue_candidate,review,Project Gutenberg #3289 - The Valley of Fear
VOF,VOF_T00735,VOF_T00735_S01,Unknown,,"Oh, Jack, don’t let me hear you speak so!",That is how he speaks—the other one!,dialogue_candidate,review,Project Gutenberg #3289 - The Valley of Fear
VOF,VOF_T00735,VOF_T00735_S02,Unknown,"Oh, Jack, don’t let me hear you speak so!",That is how he speaks—the other one!,,dialogue_candidate,review,Project Gutenberg #3289 - The Valley of Fear
VOF,VOF_T00736,VOF_T00736_S01,Unknown,,"Baldwin—he speaks like that, does he?",,dialogue_candidate,review,Project Gutenberg #3289 - The Valley of Fear
VOF,VOF_T00737,VOF_T00737_S01,Unknown,,And that is why I loathe him so.,"Oh, Jack, now I can tell you the truth.",dialogue_candidate,review,Project Gutenberg #3289 - The Valley of Fear
VOF,VOF_T00737,VOF_T00737_S02,Unknown,And that is why I loathe him so.,"Oh, Jack, now I can tell you the truth.",I loathe him with all my heart; but I fear him also.,dialogue_candidate,review,Project Gutenberg #3289 - The Valley of Fear
VOF,VOF_T00737,VOF_T00737_S03,Unknown,"Oh, Jack, now I can tell you the truth.",I loathe him with all my heart; but I fear him also.,I fear him for myself; but above all I fear him for father.,dialogue_candidate,review,Project Gutenberg #3289 - The Valley of Fear
VOF,VOF_T00737,VOF_T00737_S04,Unknown,I loathe him with all my heart; but I fear him also.,I fear him for myself; but above all I fear him for father.,I know that some great sorrow would come upon us if I dared to say what I really felt.,dialogue_candidate,review,Project Gutenberg #3289 - The Valley of Fear
VOF,VOF_T00737,VOF_T00737_S05,Unknown,I fear him for myself; but above all I fear him for father.,I know that some great sorrow would come upon us if I dared to say what I really felt.,That is why I have put him off with half-promises.,dialogue_candidate,review,Project Gutenberg #3289 - The Valley of Fear
VOF,VOF_T00737,VOF_T00737_S06,Unknown,I know that some great sorrow would come upon us if I dared to say what I really felt.,That is why I have put him off with half-promises.,It was in real truth our only hope.,dialogue_candidate,review,Project Gutenberg #3289 - The Valley of Fear
VOF,VOF_T00737,VOF_T00737_S07,Unknown,That is why I have put him off with half-promises.,It was in real truth our only hope.,"But if you would fly with me, Jack, we could take father with us and live forever far from the power of these wicked men.",dialogue_candidate,review,Project Gutenberg #3289 - The Valley of Fear
VOF,VOF_T00737,VOF_T00737_S08,Unknown,It was in real truth our only hope.,"But if you would fly with me, Jack, we could take father with us and live forever far from the power of these wicked men.",,dialogue_candidate,review,Project Gutenberg #3289 - The Valley of Fear
VOF,VOF_T00738,VOF_T00738_S01,Unknown,,"No harm shall come to you, Ettie—nor to your father either.","As to wicked men, I expect you may find that I am as bad as the worst of them before we’re through.",dialogue_candidate,review,Project Gutenberg #3289 - The Valley of Fear
VOF,VOF_T00738,VOF_T00738_S02,Unknown,"No harm shall come to you, Ettie—nor to your father either.","As to wicked men, I expect you may find that I am as bad as the worst of them before we’re through.",,dialogue_candidate,review,Project Gutenberg #3289 - The Valley of Fear
VOF,VOF_T00739,VOF_T00739_S01,Unknown,,"No, no, Jack!",I would trust you anywhere.,dialogue_candidate,review,Project Gutenberg #3289 - The Valley of Fear
VOF,VOF_T00739,VOF_T00739_S02,Unknown,"No, no, Jack!",I would trust you anywhere.,,dialogue_candidate,review,Project Gutenberg #3289 - The Valley of Fear
VOF,VOF_T00740,VOF_T00740_S01,Unknown,,Good Lord! how little you know of me!,"Your innocent soul, my darling, could not even guess what is passing in mine.",dialogue_candidate,review,Project Gutenberg #3289 - The Valley of Fear
VOF,VOF_T00740,VOF_T00740_S02,Unknown,Good Lord! how little you know of me!,"Your innocent soul, my darling, could not even guess what is passing in mine.","But, hullo, who’s the visitor?",dialogue_candidate,review,Project Gutenberg #3289 - The Valley of Fear
VOF,VOF_T00740,VOF_T00740_S03,Unknown,"Your innocent soul, my darling, could not even guess what is passing in mine.","But, hullo, who’s the visitor?",,dialogue_candidate,review,Project Gutenberg #3289 - The Valley of Fear
VOF,VOF_T00741,VOF_T00741_S01,she,,"I’m glad to see you, mr. Baldwin, You’re earlier than I had thought.",Come and sit down.,speaker_attributed_dialogue,high,Project Gutenberg #3289 - The Valley of Fear
VOF,VOF_T00741,VOF_T00741_S02,she,"I’m glad to see you, mr. Baldwin, You’re earlier than I had thought.",Come and sit down.,,speaker_attributed_dialogue,high,Project Gutenberg #3289 - The Valley of Fear
VOF,VOF_T00742,VOF_T00742_S01,Unknown,,Who is this?,,dialogue_candidate,review,Project Gutenberg #3289 - The Valley of Fear
VOF,VOF_T00743,VOF_T00743_S01,Unknown,,"It’s a friend of mine, mr. Baldwin, a new boarder here. mr. McMurdo, may I introduce you to mr. Baldwin?",,dialogue_candidate,review,Project Gutenberg #3289 - The Valley of Fear
VOF,VOF_T00744,VOF_T00744_S01,Baldwin,,Maybe Miss Ettie has told you how it is with us?,I didn’t understand that there was any relation between you.,speaker_attributed_dialogue,high,Project Gutenberg #3289 - The Valley of Fear
VOF,VOF_T00744,VOF_T00744_S02,Baldwin,Maybe Miss Ettie has told you how it is with us?,I didn’t understand that there was any relation between you.,,speaker_attributed_dialogue,high,Project Gutenberg #3289 - The Valley of Fear
VOF,VOF_T00745,VOF_T00745_S01,Unknown,,Didn’t you?,"Well, you can understand it now.",dialogue_candidate,review,Project Gutenberg #3289 - The Valley of Fear
VOF,VOF_T00745,VOF_T00745_S02,Unknown,Didn’t you?,"Well, you can understand it now.","You can take it from me that this young lady is mine, and you’ll find it a very fine evening for a walk.",dialogue_candidate,review,Project Gutenberg #3289 - The Valley of Fear
VOF,VOF_T00745,VOF_T00745_S03,Unknown,"Well, you can understand it now.","You can take it from me that this young lady is mine, and you’ll find it a very fine evening for a walk.",,dialogue_candidate,review,Project Gutenberg #3289 - The Valley of Fear
VOF,VOF_T00746,VOF_T00746_S01,Unknown,,"Thank you, I am in no humour for a walk.",,dialogue_candidate,review,Project Gutenberg #3289 - The Valley of Fear
VOF,VOF_T00747,VOF_T00747_S01,Unknown,,Aren’t you?,,dialogue_candidate,review,Project Gutenberg #3289 - The Valley of Fear
VOF,VOF_T00748,VOF_T00748_S01,Unknown,,"Maybe you are in a humour for a fight, mr. Boarder!",,dialogue_candidate,review,Project Gutenberg #3289 - The Valley of Fear
VOF,VOF_T00749,VOF_T00749_S01,McMurdo,,That I am!,You never said a more welcome word.,speaker_attributed_dialogue,high,Project Gutenberg #3289 - The Valley of Fear
VOF,VOF_T00749,VOF_T00749_S02,McMurdo,That I am!,You never said a more welcome word.,,speaker_attributed_dialogue,high,Project Gutenberg #3289 - The Valley of Fear
VOF,VOF_T00750,VOF_T00750_S01,poor,,"For God’s sake, Jack!","Oh, for God’s sake!",speaker_attributed_dialogue,high,Project Gutenberg #3289 - The Valley of Fear
VOF,VOF_T00750,VOF_T00750_S02,poor,"For God’s sake, Jack!","Oh, for God’s sake!","Oh, Jack, Jack, he will hurt you!",speaker_attributed_dialogue,high,Project Gutenberg #3289 - The Valley of Fear
VOF,VOF_T00750,VOF_T00750_S03,poor,"Oh, for God’s sake!","Oh, Jack, Jack, he will hurt you!",,speaker_attributed_dialogue,high,Project Gutenberg #3289 - The Valley of Fear
VOF,VOF_T00751,VOF_T00751_S01,Baldwin,,"Oh, it’s Jack, is it?","You’ve come to that already, have you?",speaker_attributed_dialogue,high,Project Gutenberg #3289 - The Valley of Fear
VOF,VOF_T00751,VOF_T00751_S02,Baldwin,"Oh, it’s Jack, is it?","You’ve come to that already, have you?",,speaker_attributed_dialogue,high,Project Gutenberg #3289 - The Valley of Fear
VOF,VOF_T00752,VOF_T00752_S01,Unknown,,"Oh, Ted, be reasonable—be kind!","For my sake, Ted, if ever you loved me, be big-hearted and forgiving!",dialogue_candidate,review,Project Gutenberg #3289 - The Valley of Fear
VOF,VOF_T00752,VOF_T00752_S02,Unknown,"Oh, Ted, be reasonable—be kind!","For my sake, Ted, if ever you loved me, be big-hearted and forgiving!",,dialogue_candidate,review,Project Gutenberg #3289 - The Valley of Fear
VOF,VOF_T00753,VOF_T00753_S01,McMurdo,,"I think, Ettie, that if you were to leave us alone we could get this thing settled, Or maybe, mr. Baldwin, you will take a turn down the street with me.","It’s a fine evening, and there’s some open ground beyond the next block.",speaker_attributed_dialogue,high,Project Gutenberg #3289 - The Valley of Fear
VOF,VOF_T00753,VOF_T00753_S02,McMurdo,"I think, Ettie, that if you were to leave us alone we could get this thing settled, Or maybe, mr. Baldwin, you will take a turn down the street with me.","It’s a fine evening, and there’s some open ground beyond the next block.",,speaker_attributed_dialogue,high,Project Gutenberg #3289 - The Valley of Fear
VOF,VOF_T00754,VOF_T00754_S01,his enemy,,"I’ll get even with you without needing to dirty my hands, You’ll wish you had never set foot in this house before I am through with you!",,speaker_attributed_dialogue,high,Project Gutenberg #3289 - The Valley of Fear
VOF,VOF_T00755,VOF_T00755_S01,McMurdo,,"No time like the present, I’ll choose my own time, mister.",You can leave the time to me.,speaker_attributed_dialogue,high,Project Gutenberg #3289 - The Valley of Fear
VOF,VOF_T00755,VOF_T00755_S02,McMurdo,"No time like the present, I’ll choose my own time, mister.",You can leave the time to me.,See here!,speaker_attributed_dialogue,high,Project Gutenberg #3289 - The Valley of Fear
VOF,VOF_T00755,VOF_T00755_S03,McMurdo,You can leave the time to me.,See here!,,speaker_attributed_dialogue,high,Project Gutenberg #3289 - The Valley of Fear
VOF,VOF_T00756,VOF_T00756_S01,Unknown,,D’you know what that means?,,dialogue_candidate,review,Project Gutenberg #3289 - The Valley of Fear
VOF,VOF_T00757,VOF_T00757_S01,Unknown,,I neither know nor care!,,dialogue_candidate,review,Project Gutenberg #3289 - The Valley of Fear
VOF,VOF_T00758,VOF_T00758_S01,Unknown,,"Well, you will know, I’ll promise you that.","You won’t be much older, either.",dialogue_candidate,review,Project Gutenberg #3289 - The Valley of Fear
VOF,VOF_T00758,VOF_T00758_S02,Unknown,"Well, you will know, I’ll promise you that.","You won’t be much older, either.",Perhaps Miss Ettie can tell you something about it.,dialogue_candidate,review,Project Gutenberg #3289 - The Valley of Fear
VOF,VOF_T00758,VOF_T00758_S03,Unknown,"You won’t be much older, either.",Perhaps Miss Ettie can tell you something about it.,"As to you, Ettie, you’ll come back to me on your knees—d’ye hear, girl?—on your knees—and then I’ll tell you what your punishment may be.",dialogue_candidate,review,Project Gutenberg #3289 - The Valley of Fear
VOF,VOF_T00758,VOF_T00758_S04,Unknown,Perhaps Miss Ettie can tell you something about it.,"As to you, Ettie, you’ll come back to me on your knees—d’ye hear, girl?—on your knees—and then I’ll tell you what your punishment may be.","You’ve sowed—and by the Lord, I’ll see that you reap!",dialogue_candidate,review,Project Gutenberg #3289 - The Valley of Fear
VOF,VOF_T00758,VOF_T00758_S05,Unknown,"As to you, Ettie, you’ll come back to me on your knees—d’ye hear, girl?—on your knees—and then I’ll tell you what your punishment may be.","You’ve sowed—and by the Lord, I’ll see that you reap!",,dialogue_candidate,review,Project Gutenberg #3289 - The Valley of Fear
VOF,VOF_T00759,VOF_T00759_S01,Unknown,,"Oh, Jack, how brave you were!","But it is no use, you must fly!",dialogue_candidate,review,Project Gutenberg #3289 - The Valley of Fear
VOF,VOF_T00759,VOF_T00759_S02,Unknown,"Oh, Jack, how brave you were!","But it is no use, you must fly!",To-night—Jack—to-night!,dialogue_candidate,review,Project Gutenberg #3289 - The Valley of Fear
VOF,VOF_T00759,VOF_T00759_S03,Unknown,"But it is no use, you must fly!",To-night—Jack—to-night!,It’s your only hope.,dialogue_candidate,review,Project Gutenberg #3289 - The Valley of Fear
VOF,VOF_T00759,VOF_T00759_S04,Unknown,To-night—Jack—to-night!,It’s your only hope.,He will have your life.,dialogue_candidate,review,Project Gutenberg #3289 - The Valley of Fear
VOF,VOF_T00759,VOF_T00759_S05,Unknown,It’s your only hope.,He will have your life.,I read it in his horrible eyes.,dialogue_candidate,review,Project Gutenberg #3289 - The Valley of Fear
VOF,VOF_T00759,VOF_T00759_S06,Unknown,He will have your life.,I read it in his horrible eyes.,"What chance have you against a dozen of them, with Boss McGinty and all the power of the lodge behind them?",dialogue_candidate,review,Project Gutenberg #3289 - The Valley of Fear
VOF,VOF_T00759,VOF_T00759_S07,Unknown,I read it in his horrible eyes.,"What chance have you against a dozen of them, with Boss McGinty and all the power of the lodge behind them?",,dialogue_candidate,review,Project Gutenberg #3289 - The Valley of Fear
VOF,VOF_T00760,VOF_T00760_S01,Unknown,,"There, acushla, there!",Don’t be disturbed or fear for me.,dialogue_candidate,review,Project Gutenberg #3289 - The Valley of Fear
VOF,VOF_T00760,VOF_T00760_S02,Unknown,"There, acushla, there!",Don’t be disturbed or fear for me.,I’m a Freeman myself.,dialogue_candidate,review,Project Gutenberg #3289 - The Valley of Fear
VOF,VOF_T00760,VOF_T00760_S03,Unknown,Don’t be disturbed or fear for me.,I’m a Freeman myself.,I’m after telling your father about it.,dialogue_candidate,review,Project Gutenberg #3289 - The Valley of Fear
VOF,VOF_T00760,VOF_T00760_S04,Unknown,I’m a Freeman myself.,I’m after telling your father about it.,Maybe I am no better than the others; so don’t make a saint of me.,dialogue_candidate,review,Project Gutenberg #3289 - The Valley of Fear
VOF,VOF_T00760,VOF_T00760_S05,Unknown,I’m after telling your father about it.,Maybe I am no better than the others; so don’t make a saint of me.,"Perhaps you hate me too, now that I’ve told you as much?",dialogue_candidate,review,Project Gutenberg #3289 - The Valley of Fear
VOF,VOF_T00760,VOF_T00760_S06,Unknown,Maybe I am no better than the others; so don’t make a saint of me.,"Perhaps you hate me too, now that I’ve told you as much?",,dialogue_candidate,review,Project Gutenberg #3289 - The Valley of Fear
VOF,VOF_T00761,VOF_T00761_S01,Unknown,,"Hate you, Jack?",While life lasts I could never do that!,dialogue_candidate,review,Project Gutenberg #3289 - The Valley of Fear
VOF,VOF_T00761,VOF_T00761_S02,Unknown,"Hate you, Jack?",While life lasts I could never do that!,I’ve heard that there is no harm in being a Freeman anywhere but here; so why should I think the worse of you for that?,dialogue_candidate,review,Project Gutenberg #3289 - The Valley of Fear
VOF,VOF_T00761,VOF_T00761_S03,Unknown,While life lasts I could never do that!,I’ve heard that there is no harm in being a Freeman anywhere but here; so why should I think the worse of you for that?,"But if you are a Freeman, Jack, why should you not go down and make a friend of Boss McGinty?",dialogue_candidate,review,Project Gutenberg #3289 - The Valley of Fear
VOF,VOF_T00761,VOF_T00761_S04,Unknown,I’ve heard that there is no harm in being a Freeman anywhere but here; so why should I think the worse of you for that?,"But if you are a Freeman, Jack, why should you not go down and make a friend of Boss McGinty?","Oh, hurry, Jack, hurry!",dialogue_candidate,review,Project Gutenberg #3289 - The Valley of Fear
VOF,VOF_T00761,VOF_T00761_S05,Unknown,"But if you are a Freeman, Jack, why should you not go down and make a friend of Boss McGinty?","Oh, hurry, Jack, hurry!","Get your word in first, or the hounds will be on your trail.",dialogue_candidate,review,Project Gutenberg #3289 - The Valley of Fear
VOF,VOF_T00761,VOF_T00761_S06,Unknown,"Oh, hurry, Jack, hurry!","Get your word in first, or the hounds will be on your trail.",,dialogue_candidate,review,Project Gutenberg #3289 - The Valley of Fear
VOF,VOF_T00762,VOF_T00762_S01,McMurdo,,"I was thinking the same thing, I’ll go right now and fix it.",You can tell your father that I’ll sleep here to-night and find some other quarters in the morning.,speaker_attributed_dialogue,high,Project Gutenberg #3289 - The Valley of Fear
VOF,VOF_T00762,VOF_T00762_S02,McMurdo,"I was thinking the same thing, I’ll go right now and fix it.",You can tell your father that I’ll sleep here to-night and find some other quarters in the morning.,,speaker_attributed_dialogue,high,Project Gutenberg #3289 - The Valley of Fear
VOF,VOF_T00763,VOF_T00763_S01,Unknown,,"Well, young man, I can’t call your face to mind.",,dialogue_candidate,review,Project Gutenberg #3289 - The Valley of Fear
VOF,VOF_T00764,VOF_T00764_S01,Unknown,,"I’m new here, mr. McGinty.",,dialogue_candidate,review,Project Gutenberg #3289 - The Valley of Fear
VOF,VOF_T00765,VOF_T00765_S01,Unknown,,You are not so new that you can’t give a gentleman his proper title.,,dialogue_candidate,review,Project Gutenberg #3289 - The Valley of Fear
VOF,VOF_T00766,VOF_T00766_S01,Unknown,,"He’s Councillor McGinty, young man, I’m sorry, Councillor.",I’m strange to the ways of the place.,speaker_attributed_dialogue,review,Project Gutenberg #3289 - The Valley of Fear
VOF,VOF_T00766,VOF_T00766_S02,Unknown,"He’s Councillor McGinty, young man, I’m sorry, Councillor.",I’m strange to the ways of the place.,But I was advised to see you.,speaker_attributed_dialogue,review,Project Gutenberg #3289 - The Valley of Fear
VOF,VOF_T00766,VOF_T00766_S03,Unknown,I’m strange to the ways of the place.,But I was advised to see you.,,speaker_attributed_dialogue,review,Project Gutenberg #3289 - The Valley of Fear
VOF,VOF_T00767,VOF_T00767_S01,Unknown,,"Well, you see me.",This is all there is.,dialogue_candidate,review,Project Gutenberg #3289 - The Valley of Fear
VOF,VOF_T00767,VOF_T00767_S02,Unknown,"Well, you see me.",This is all there is.,What d’you think of me?,dialogue_candidate,review,Project Gutenberg #3289 - The Valley of Fear
VOF,VOF_T00767,VOF_T00767_S03,Unknown,This is all there is.,What d’you think of me?,,dialogue_candidate,review,Project Gutenberg #3289 - The Valley of Fear
VOF,VOF_T00768,VOF_T00768_S01,McMurdo,,"Well, it’s early days.","If your heart is as big as your body, and your soul as fine as your face, then I’d ask for nothing better, If your heart is as big as your body, and your soul as fine as your face, then I’d ask for nothing better, By Gar! you’ve got an Irish tongue in your head anyhow,",speaker_attributed_dialogue,high,Project Gutenberg #3289 - The Valley of Fear
VOF,VOF_T00768,VOF_T00768_S02,McMurdo,"Well, it’s early days.","If your heart is as big as your body, and your soul as fine as your face, then I’d ask for nothing better, If your heart is as big as your body, and your soul as fine as your face, then I’d ask for nothing better, By Gar! you’ve got an Irish tongue in your head anyhow,",,speaker_attributed_dialogue,high,Project Gutenberg #3289 - The Valley of Fear
VOF,VOF_T00769,VOF_T00769_S01,Unknown,,So you are good enough to pass my appearance?,,dialogue_candidate,review,Project Gutenberg #3289 - The Valley of Fear
VOF,VOF_T00770,VOF_T00770_S01,McMurdo,,"Sure, And you were told to see me?",,speaker_attributed_dialogue,high,Project Gutenberg #3289 - The Valley of Fear
VOF,VOF_T00771,VOF_T00771_S01,Unknown,,I was.,,dialogue_candidate,review,Project Gutenberg #3289 - The Valley of Fear
VOF,VOF_T00772,VOF_T00772_S01,Unknown,,And who told you?,,dialogue_candidate,review,Project Gutenberg #3289 - The Valley of Fear
VOF,VOF_T00773,VOF_T00773_S01,Unknown,,"Brother Scanlan of Lodge 341, Vermissa.","I drink your health Councillor, and to our better acquaintance.",dialogue_candidate,review,Project Gutenberg #3289 - The Valley of Fear
VOF,VOF_T00773,VOF_T00773_S02,Unknown,"Brother Scanlan of Lodge 341, Vermissa.","I drink your health Councillor, and to our better acquaintance.",,dialogue_candidate,review,Project Gutenberg #3289 - The Valley of Fear
VOF,VOF_T00774,VOF_T00774_S01,he,,"Oh, it’s like that, is it?","I’ll have to look a bit closer into this, Mister—",speaker_attributed_dialogue,high,Project Gutenberg #3289 - The Valley of Fear
VOF,VOF_T00774,VOF_T00774_S02,he,"Oh, it’s like that, is it?","I’ll have to look a bit closer into this, Mister—",,speaker_attributed_dialogue,high,Project Gutenberg #3289 - The Valley of Fear
VOF,VOF_T00775,VOF_T00775_S01,Unknown,,McMurdo.,,dialogue_candidate,review,Project Gutenberg #3289 - The Valley of Fear
VOF,VOF_T00776,VOF_T00776_S01,Unknown,,"A bit closer, mr. McMurdo; for we don’t take folk on trust in these parts, nor believe all we’re told neither.","Come in here for a moment, behind the bar.",dialogue_candidate,review,Project Gutenberg #3289 - The Valley of Fear
VOF,VOF_T00776,VOF_T00776_S02,Unknown,"A bit closer, mr. McMurdo; for we don’t take folk on trust in these parts, nor believe all we’re told neither.","Come in here for a moment, behind the bar.",,dialogue_candidate,review,Project Gutenberg #3289 - The Valley of Fear
VOF,VOF_T00777,VOF_T00777_S01,he,,"See here, my joker, if I thought you were playing any game on us, it would be short work for you.",,speaker_attributed_dialogue,high,Project Gutenberg #3289 - The Valley of Fear
VOF,VOF_T00778,VOF_T00778_S01,Unknown,,"This is a strange welcome,",,dialogue_candidate,review,Project Gutenberg #3289 - The Valley of Fear
VOF,VOF_T00779,VOF_T00779_S01,Unknown,,for the Bodymaster of a lodge of Freemen to give to a stranger brother.,,dialogue_candidate,review,Project Gutenberg #3289 - The Valley of Fear
VOF,VOF_T00780,VOF_T00780_S01,McGinty,,"Ay, but it’s just that same that you have to prove, and God help you if you fail!",Where were you made?,speaker_attributed_dialogue,high,Project Gutenberg #3289 - The Valley of Fear
VOF,VOF_T00780,VOF_T00780_S02,McGinty,"Ay, but it’s just that same that you have to prove, and God help you if you fail!",Where were you made?,,speaker_attributed_dialogue,high,Project Gutenberg #3289 - The Valley of Fear
VOF,VOF_T00781,VOF_T00781_S01,Unknown,,"Lodge 29, Chicago.",,dialogue_candidate,review,Project Gutenberg #3289 - The Valley of Fear
VOF,VOF_T00782,VOF_T00782_S01,Unknown,,When?,,dialogue_candidate,review,Project Gutenberg #3289 - The Valley of Fear
VOF,VOF_T00783,VOF_T00783_S01,Unknown,,"June 24, 1872.",,dialogue_candidate,review,Project Gutenberg #3289 - The Valley of Fear
VOF,VOF_T00784,VOF_T00784_S01,Unknown,,What Bodymaster?,,dialogue_candidate,review,Project Gutenberg #3289 - The Valley of Fear
VOF,VOF_T00785,VOF_T00785_S01,Unknown,,James H.,Scott.,dialogue_candidate,review,Project Gutenberg #3289 - The Valley of Fear
VOF,VOF_T00785,VOF_T00785_S02,Unknown,James H.,Scott.,,dialogue_candidate,review,Project Gutenberg #3289 - The Valley of Fear
VOF,VOF_T00786,VOF_T00786_S01,Unknown,,Who is your district ruler?,,dialogue_candidate,review,Project Gutenberg #3289 - The Valley of Fear
VOF,VOF_T00787,VOF_T00787_S01,Unknown,,Bartholomew Wilson.,,dialogue_candidate,review,Project Gutenberg #3289 - The Valley of Fear
VOF,VOF_T00788,VOF_T00788_S01,Unknown,,Hum!,You seem glib enough in your tests.,dialogue_candidate,review,Project Gutenberg #3289 - The Valley of Fear
VOF,VOF_T00788,VOF_T00788_S02,Unknown,Hum!,You seem glib enough in your tests.,What are you doing here?,dialogue_candidate,review,Project Gutenberg #3289 - The Valley of Fear
VOF,VOF_T00788,VOF_T00788_S03,Unknown,You seem glib enough in your tests.,What are you doing here?,,dialogue_candidate,review,Project Gutenberg #3289 - The Valley of Fear
VOF,VOF_T00789,VOF_T00789_S01,Unknown,,"Working, the same as you—but a poorer job.",,dialogue_candidate,review,Project Gutenberg #3289 - The Valley of Fear
VOF,VOF_T00790,VOF_T00790_S01,Unknown,,You have your back answer quick enough.,,dialogue_candidate,review,Project Gutenberg #3289 - The Valley of Fear
VOF,VOF_T00791,VOF_T00791_S01,Unknown,,"Yes, I was always quick of speech.",,dialogue_candidate,review,Project Gutenberg #3289 - The Valley of Fear
VOF,VOF_T00792,VOF_T00792_S01,Unknown,,Are you quick of action?,,dialogue_candidate,review,Project Gutenberg #3289 - The Valley of Fear
VOF,VOF_T00793,VOF_T00793_S01,Unknown,,I have had that name among those that knew me best.,,dialogue_candidate,review,Project Gutenberg #3289 - The Valley of Fear
VOF,VOF_T00794,VOF_T00794_S01,Unknown,,"Well, we may try you sooner than you think.",Have you heard anything of the lodge in these parts?,dialogue_candidate,review,Project Gutenberg #3289 - The Valley of Fear
VOF,VOF_T00794,VOF_T00794_S02,Unknown,"Well, we may try you sooner than you think.",Have you heard anything of the lodge in these parts?,,dialogue_candidate,review,Project Gutenberg #3289 - The Valley of Fear
VOF,VOF_T00795,VOF_T00795_S01,Unknown,,I’ve heard that it takes a man to be a brother.,,dialogue_candidate,review,Project Gutenberg #3289 - The Valley of Fear
VOF,VOF_T00796,VOF_T00796_S01,Unknown,,"True for you, mr. McMurdo.",Why did you leave Chicago?,dialogue_candidate,review,Project Gutenberg #3289 - The Valley of Fear
VOF,VOF_T00796,VOF_T00796_S02,Unknown,"True for you, mr. McMurdo.",Why did you leave Chicago?,,dialogue_candidate,review,Project Gutenberg #3289 - The Valley of Fear
VOF,VOF_T00797,VOF_T00797_S01,Unknown,,I’m damned if I tell you that!,,dialogue_candidate,review,Project Gutenberg #3289 - The Valley of Fear
VOF,VOF_T00798,VOF_T00798_S01,Unknown,,Why won’t you tell me?,,dialogue_candidate,review,Project Gutenberg #3289 - The Valley of Fear
VOF,VOF_T00799,VOF_T00799_S01,Unknown,,Because no brother may tell another a lie.,,dialogue_candidate,review,Project Gutenberg #3289 - The Valley of Fear
VOF,VOF_T00800,VOF_T00800_S01,Unknown,,Then the truth is too bad to tell?,,dialogue_candidate,review,Project Gutenberg #3289 - The Valley of Fear
VOF,VOF_T00801,VOF_T00801_S01,Unknown,,You can put it that way if you like.,,dialogue_candidate,review,Project Gutenberg #3289 - The Valley of Fear
VOF,VOF_T00802,VOF_T00802_S01,Unknown,,"See here, mister, you can’t expect me, as Bodymaster, to pass into the lodge a man for whose past he can’t answer.",,dialogue_candidate,review,Project Gutenberg #3289 - The Valley of Fear
VOF,VOF_T00803,VOF_T00803_S01,he,,You wouldn’t squeal on a fellow?,I’ll wipe my hand across your face if you say such words to me!,speaker_attributed_dialogue,high,Project Gutenberg #3289 - The Valley of Fear
VOF,VOF_T00803,VOF_T00803_S02,he,You wouldn’t squeal on a fellow?,I’ll wipe my hand across your face if you say such words to me!,,speaker_attributed_dialogue,high,Project Gutenberg #3289 - The Valley of Fear
VOF,VOF_T00804,VOF_T00804_S01,McMurdo,,"You are right, Councillor, I should apologize.",I spoke without thought.,speaker_attributed_dialogue,high,Project Gutenberg #3289 - The Valley of Fear
VOF,VOF_T00804,VOF_T00804_S02,McMurdo,"You are right, Councillor, I should apologize.",I spoke without thought.,"Well, I know that I am safe in your hands.",speaker_attributed_dialogue,high,Project Gutenberg #3289 - The Valley of Fear
VOF,VOF_T00804,VOF_T00804_S03,McMurdo,I spoke without thought.,"Well, I know that I am safe in your hands.",Look at that clipping.,speaker_attributed_dialogue,high,Project Gutenberg #3289 - The Valley of Fear
VOF,VOF_T00804,VOF_T00804_S04,McMurdo,"Well, I know that I am safe in your hands.",Look at that clipping.,,speaker_attributed_dialogue,high,Project Gutenberg #3289 - The Valley of Fear
VOF,VOF_T00805,VOF_T00805_S01,Unknown,,Your work?,,dialogue_candidate,review,Project Gutenberg #3289 - The Valley of Fear
VOF,VOF_T00806,VOF_T00806_S01,Unknown,,Why did you shoot him?,,dialogue_candidate,review,Project Gutenberg #3289 - The Valley of Fear
VOF,VOF_T00807,VOF_T00807_S01,Unknown,,I was helping Uncle Sam to make dollars.,"Maybe mine were not as good gold as his, but they looked as well and were cheaper to make.",dialogue_candidate,review,Project Gutenberg #3289 - The Valley of Fear
VOF,VOF_T00807,VOF_T00807_S02,Unknown,I was helping Uncle Sam to make dollars.,"Maybe mine were not as good gold as his, but they looked as well and were cheaper to make.",This man Pinto helped me to shove the queer—,dialogue_candidate,review,Project Gutenberg #3289 - The Valley of Fear
VOF,VOF_T00807,VOF_T00807_S03,Unknown,"Maybe mine were not as good gold as his, but they looked as well and were cheaper to make.",This man Pinto helped me to shove the queer—,,dialogue_candidate,review,Project Gutenberg #3289 - The Valley of Fear
VOF,VOF_T00808,VOF_T00808_S01,Unknown,,To do what?,,dialogue_candidate,review,Project Gutenberg #3289 - The Valley of Fear
VOF,VOF_T00809,VOF_T00809_S01,Unknown,,"Well, it means to pass the dollars out into circulation.",Then he said he would split.,dialogue_candidate,review,Project Gutenberg #3289 - The Valley of Fear
VOF,VOF_T00809,VOF_T00809_S02,Unknown,"Well, it means to pass the dollars out into circulation.",Then he said he would split.,Maybe he did split.,dialogue_candidate,review,Project Gutenberg #3289 - The Valley of Fear
VOF,VOF_T00809,VOF_T00809_S03,Unknown,Then he said he would split.,Maybe he did split.,I didn’t wait to see.,dialogue_candidate,review,Project Gutenberg #3289 - The Valley of Fear
VOF,VOF_T00809,VOF_T00809_S04,Unknown,Maybe he did split.,I didn’t wait to see.,I just killed him and lighted out for the coal country.,dialogue_candidate,review,Project Gutenberg #3289 - The Valley of Fear
VOF,VOF_T00809,VOF_T00809_S05,Unknown,I didn’t wait to see.,I just killed him and lighted out for the coal country.,,dialogue_candidate,review,Project Gutenberg #3289 - The Valley of Fear
VOF,VOF_T00810,VOF_T00810_S01,Unknown,,Why the coal country?,,dialogue_candidate,review,Project Gutenberg #3289 - The Valley of Fear
VOF,VOF_T00811,VOF_T00811_S01,Unknown,,’Cause I’d read in the papers that they weren’t too particular in those parts.,,dialogue_candidate,review,Project Gutenberg #3289 - The Valley of Fear
VOF,VOF_T00812,VOF_T00812_S01,Unknown,,"You were first a coiner and then a murderer, and you came to these parts because you thought you’d be welcome.",,dialogue_candidate,review,Project Gutenberg #3289 - The Valley of Fear
VOF,VOF_T00813,VOF_T00813_S01,Unknown,,"That’s about the size of it,",,dialogue_candidate,review,Project Gutenberg #3289 - The Valley of Fear
VOF,VOF_T00814,VOF_T00814_S01,Unknown,,"Well, I guess you’ll go far.","Say, can you make those dollars yet?",dialogue_candidate,review,Project Gutenberg #3289 - The Valley of Fear
VOF,VOF_T00814,VOF_T00814_S02,Unknown,"Well, I guess you’ll go far.","Say, can you make those dollars yet?",,dialogue_candidate,review,Project Gutenberg #3289 - The Valley of Fear
VOF,VOF_T00815,VOF_T00815_S01,he,,"Those never passed the Philadelphia mint, You don’t say!",,speaker_attributed_dialogue,high,Project Gutenberg #3289 - The Valley of Fear
VOF,VOF_T00816,VOF_T00816_S01,Unknown,,I can see no difference.,"Gar! you’ll be a mighty useful brother, I’m thinking!",dialogue_candidate,review,Project Gutenberg #3289 - The Valley of Fear
VOF,VOF_T00816,VOF_T00816_S02,Unknown,I can see no difference.,"Gar! you’ll be a mighty useful brother, I’m thinking!","We can do with a bad man or two among us, Friend McMurdo: for there are times when we have to take our own part.",dialogue_candidate,review,Project Gutenberg #3289 - The Valley of Fear
VOF,VOF_T00816,VOF_T00816_S03,Unknown,"Gar! you’ll be a mighty useful brother, I’m thinking!","We can do with a bad man or two among us, Friend McMurdo: for there are times when we have to take our own part.",We’d soon be against the wall if we didn’t shove back at those that were pushing us.,dialogue_candidate,review,Project Gutenberg #3289 - The Valley of Fear
VOF,VOF_T00816,VOF_T00816_S04,Unknown,"We can do with a bad man or two among us, Friend McMurdo: for there are times when we have to take our own part.",We’d soon be against the wall if we didn’t shove back at those that were pushing us.,,dialogue_candidate,review,Project Gutenberg #3289 - The Valley of Fear
VOF,VOF_T00817,VOF_T00817_S01,Unknown,,"Well, I guess I’ll do my share of shoving with the rest of the boys.",,dialogue_candidate,review,Project Gutenberg #3289 - The Valley of Fear
VOF,VOF_T00818,VOF_T00818_S01,Unknown,,You seem to have a good nerve.,You didn’t squirm when I shoved this gun at you.,dialogue_candidate,review,Project Gutenberg #3289 - The Valley of Fear
VOF,VOF_T00818,VOF_T00818_S02,Unknown,You seem to have a good nerve.,You didn’t squirm when I shoved this gun at you.,,dialogue_candidate,review,Project Gutenberg #3289 - The Valley of Fear
VOF,VOF_T00819,VOF_T00819_S01,Unknown,,It was not me that was in danger.,,dialogue_candidate,review,Project Gutenberg #3289 - The Valley of Fear
VOF,VOF_T00820,VOF_T00820_S01,Unknown,,Who then?,,dialogue_candidate,review,Project Gutenberg #3289 - The Valley of Fear
VOF,VOF_T00821,VOF_T00821_S01,Unknown,,"It was you, Councillor.",,dialogue_candidate,review,Project Gutenberg #3289 - The Valley of Fear
VOF,VOF_T00822,VOF_T00822_S01,Unknown,,I was covering you all the time.,I guess my shot would have been as quick as yours.,dialogue_candidate,review,Project Gutenberg #3289 - The Valley of Fear
VOF,VOF_T00822,VOF_T00822_S02,Unknown,I was covering you all the time.,I guess my shot would have been as quick as yours.,,dialogue_candidate,review,Project Gutenberg #3289 - The Valley of Fear
VOF,VOF_T00823,VOF_T00823_S01,Unknown,,By Gar!,,dialogue_candidate,review,Project Gutenberg #3289 - The Valley of Fear
VOF,VOF_T00824,VOF_T00824_S01,Unknown,,"Say, we’ve had no such holy terror come to hand this many a year.",I reckon the lodge will learn to be proud of you....,dialogue_candidate,review,Project Gutenberg #3289 - The Valley of Fear
VOF,VOF_T00824,VOF_T00824_S02,Unknown,"Say, we’ve had no such holy terror come to hand this many a year.",I reckon the lodge will learn to be proud of you....,"Well, what the hell do you want?",dialogue_candidate,review,Project Gutenberg #3289 - The Valley of Fear
VOF,VOF_T00824,VOF_T00824_S03,Unknown,I reckon the lodge will learn to be proud of you....,"Well, what the hell do you want?",And can’t I speak alone with a gentleman for five minutes but you must butt in on us?,dialogue_candidate,review,Project Gutenberg #3289 - The Valley of Fear
VOF,VOF_T00824,VOF_T00824_S04,Unknown,"Well, what the hell do you want?",And can’t I speak alone with a gentleman for five minutes but you must butt in on us?,,dialogue_candidate,review,Project Gutenberg #3289 - The Valley of Fear
VOF,VOF_T00825,VOF_T00825_S01,Unknown,,"I’m sorry, Councillor, but it’s Ted Baldwin.",He says he must see you this very minute.,dialogue_candidate,review,Project Gutenberg #3289 - The Valley of Fear
VOF,VOF_T00825,VOF_T00825_S02,Unknown,"I’m sorry, Councillor, but it’s Ted Baldwin.",He says he must see you this very minute.,,dialogue_candidate,review,Project Gutenberg #3289 - The Valley of Fear
VOF,VOF_T00826,VOF_T00826_S01,he,,"So, you got here first, did you?","I’ve a word to say to you, Councillor, about this man.",speaker_attributed_dialogue,high,Project Gutenberg #3289 - The Valley of Fear
VOF,VOF_T00826,VOF_T00826_S02,he,"So, you got here first, did you?","I’ve a word to say to you, Councillor, about this man.",,speaker_attributed_dialogue,high,Project Gutenberg #3289 - The Valley of Fear
VOF,VOF_T00827,VOF_T00827_S01,McMurdo,,"Then say it here and now before my face, I’ll say it at my own time, in my own way.",,speaker_attributed_dialogue,high,Project Gutenberg #3289 - The Valley of Fear
VOF,VOF_T00828,VOF_T00828_S01,McGinty,,Tut!,Tut!,speaker_attributed_dialogue,high,Project Gutenberg #3289 - The Valley of Fear
VOF,VOF_T00828,VOF_T00828_S02,McGinty,Tut!,Tut!,This will never do.,speaker_attributed_dialogue,high,Project Gutenberg #3289 - The Valley of Fear
VOF,VOF_T00828,VOF_T00828_S03,McGinty,Tut!,This will never do.,"We have a new brother here, Baldwin, and it’s not for us to greet him in such fashion.",speaker_attributed_dialogue,high,Project Gutenberg #3289 - The Valley of Fear
VOF,VOF_T00828,VOF_T00828_S04,McGinty,This will never do.,"We have a new brother here, Baldwin, and it’s not for us to greet him in such fashion.","Hold out your hand, man, and make it up!",speaker_attributed_dialogue,high,Project Gutenberg #3289 - The Valley of Fear
VOF,VOF_T00828,VOF_T00828_S05,McGinty,"We have a new brother here, Baldwin, and it’s not for us to greet him in such fashion.","Hold out your hand, man, and make it up!",,speaker_attributed_dialogue,high,Project Gutenberg #3289 - The Valley of Fear
VOF,VOF_T00829,VOF_T00829_S01,Baldwin,,Never!,"I’ve offered to fight him if he thinks I have wronged him,",speaker_attributed_dialogue,high,Project Gutenberg #3289 - The Valley of Fear
VOF,VOF_T00829,VOF_T00829_S02,Baldwin,Never!,"I’ve offered to fight him if he thinks I have wronged him,",,speaker_attributed_dialogue,high,Project Gutenberg #3289 - The Valley of Fear
VOF,VOF_T00830,VOF_T00830_S01,Unknown,,"I’ll fight him with fists, or, if that won’t satisfy him, I’ll fight him any other way he chooses.","Now, I’ll leave it to you, Councillor, to judge between us as a Bodymaster should.",dialogue_candidate,review,Project Gutenberg #3289 - The Valley of Fear
VOF,VOF_T00830,VOF_T00830_S02,Unknown,"I’ll fight him with fists, or, if that won’t satisfy him, I’ll fight him any other way he chooses.","Now, I’ll leave it to you, Councillor, to judge between us as a Bodymaster should.",,dialogue_candidate,review,Project Gutenberg #3289 - The Valley of Fear
VOF,VOF_T00831,VOF_T00831_S01,Unknown,,"What is it, then?",,dialogue_candidate,review,Project Gutenberg #3289 - The Valley of Fear
VOF,VOF_T00832,VOF_T00832_S01,Unknown,,A young lady.,She’s free to choose for herself.,dialogue_candidate,review,Project Gutenberg #3289 - The Valley of Fear
VOF,VOF_T00832,VOF_T00832_S02,Unknown,A young lady.,She’s free to choose for herself.,,dialogue_candidate,review,Project Gutenberg #3289 - The Valley of Fear
VOF,VOF_T00833,VOF_T00833_S01,Baldwin,,Is she?,"As between two brothers of the lodge I should say that she was,",speaker_attributed_dialogue,high,Project Gutenberg #3289 - The Valley of Fear
VOF,VOF_T00833,VOF_T00833_S02,Baldwin,Is she?,"As between two brothers of the lodge I should say that she was,",,speaker_attributed_dialogue,high,Project Gutenberg #3289 - The Valley of Fear
VOF,VOF_T00834,VOF_T00834_S01,Unknown,,"Oh, that’s your ruling, is it?",,dialogue_candidate,review,Project Gutenberg #3289 - The Valley of Fear
VOF,VOF_T00835,VOF_T00835_S01,McGinty,,"Yes, it is, Ted Baldwin, Is it you that would dispute it?",,speaker_attributed_dialogue,high,Project Gutenberg #3289 - The Valley of Fear
VOF,VOF_T00836,VOF_T00836_S01,Unknown,,You would throw over one that has stood by you this five years in favour of a man that you never saw before in your life?,"You’re not Bodymaster for life, Jack McGinty, and by God! when next it comes to a vote—",dialogue_candidate,review,Project Gutenberg #3289 - The Valley of Fear
VOF,VOF_T00836,VOF_T00836_S02,Unknown,You would throw over one that has stood by you this five years in favour of a man that you never saw before in your life?,"You’re not Bodymaster for life, Jack McGinty, and by God! when next it comes to a vote—",,dialogue_candidate,review,Project Gutenberg #3289 - The Valley of Fear
VOF,VOF_T00837,VOF_T00837_S01,Unknown,,"Easy, Councillor!","For heaven’s sake, go easy!",dialogue_candidate,review,Project Gutenberg #3289 - The Valley of Fear
VOF,VOF_T00837,VOF_T00837_S02,Unknown,"Easy, Councillor!","For heaven’s sake, go easy!",,dialogue_candidate,review,Project Gutenberg #3289 - The Valley of Fear
VOF,VOF_T00838,VOF_T00838_S01,McGinty,,"You’ve been asking for it this many a day, Ted Baldwin—now you’ve got it!",Maybe you think if I was voted down from Bodymaster you would find yourself in my shoes.,speaker_attributed_dialogue,high,Project Gutenberg #3289 - The Valley of Fear
VOF,VOF_T00838,VOF_T00838_S02,McGinty,"You’ve been asking for it this many a day, Ted Baldwin—now you’ve got it!",Maybe you think if I was voted down from Bodymaster you would find yourself in my shoes.,It’s for the lodge to say that.,speaker_attributed_dialogue,high,Project Gutenberg #3289 - The Valley of Fear
VOF,VOF_T00838,VOF_T00838_S03,McGinty,Maybe you think if I was voted down from Bodymaster you would find yourself in my shoes.,It’s for the lodge to say that.,But so long as I am the chief I’ll have no man lift his voice against me or my rulings.,speaker_attributed_dialogue,high,Project Gutenberg #3289 - The Valley of Fear
VOF,VOF_T00838,VOF_T00838_S04,McGinty,It’s for the lodge to say that.,But so long as I am the chief I’ll have no man lift his voice against me or my rulings.,,speaker_attributed_dialogue,high,Project Gutenberg #3289 - The Valley of Fear
VOF,VOF_T00839,VOF_T00839_S01,Unknown,,"I have nothing against you,",,dialogue_candidate,review,Project Gutenberg #3289 - The Valley of Fear
VOF,VOF_T00840,VOF_T00840_S01,the other,,"Well, then, we are all good friends again and there’s an end of the matter.",,speaker_attributed_dialogue,high,Project Gutenberg #3289 - The Valley of Fear
VOF,VOF_T00841,VOF_T00841_S01,Unknown,,"See now,",,dialogue_candidate,review,Project Gutenberg #3289 - The Valley of Fear
VOF,VOF_T00842,VOF_T00842_S01,Unknown,,Let us drink the quarrelling toast of the lodge.,"After that, as you know, there can be no bad blood between us.",dialogue_candidate,review,Project Gutenberg #3289 - The Valley of Fear
VOF,VOF_T00842,VOF_T00842_S02,Unknown,Let us drink the quarrelling toast of the lodge.,"After that, as you know, there can be no bad blood between us.","Now, then the left hand on the apple of my throat.",dialogue_candidate,review,Project Gutenberg #3289 - The Valley of Fear
VOF,VOF_T00842,VOF_T00842_S03,Unknown,"After that, as you know, there can be no bad blood between us.","Now, then the left hand on the apple of my throat.","I say to you, Ted Baldwin, what is the offense, sir?",dialogue_candidate,review,Project Gutenberg #3289 - The Valley of Fear
VOF,VOF_T00842,VOF_T00842_S04,Unknown,"Now, then the left hand on the apple of my throat.","I say to you, Ted Baldwin, what is the offense, sir?",,dialogue_candidate,review,Project Gutenberg #3289 - The Valley of Fear
VOF,VOF_T00843,VOF_T00843_S01,Baldwin,,"The clouds are heavy, But they will forever brighten.",,speaker_attributed_dialogue,high,Project Gutenberg #3289 - The Valley of Fear
VOF,VOF_T00844,VOF_T00844_S01,Unknown,,And this I swear!,,dialogue_candidate,review,Project Gutenberg #3289 - The Valley of Fear
VOF,VOF_T00845,VOF_T00845_S01,McGinty,,There!,That’s the end of the black blood.,speaker_attributed_dialogue,high,Project Gutenberg #3289 - The Valley of Fear
VOF,VOF_T00845,VOF_T00845_S02,McGinty,There!,That’s the end of the black blood.,"You come under lodge discipline if it goes further, and that’s a heavy hand in these parts, as Brother Baldwin knows—and as you will damn soon find out, Brother McMurdo, if you ask for trouble!",speaker_attributed_dialogue,high,Project Gutenberg #3289 - The Valley of Fear
VOF,VOF_T00845,VOF_T00845_S03,McGinty,That’s the end of the black blood.,"You come under lodge discipline if it goes further, and that’s a heavy hand in these parts, as Brother Baldwin knows—and as you will damn soon find out, Brother McMurdo, if you ask for trouble!",,speaker_attributed_dialogue,high,Project Gutenberg #3289 - The Valley of Fear
VOF,VOF_T00846,VOF_T00846_S01,Unknown,,"Faith, I’d be slow to do that, I’m quick to quarrel and quick to forgive.","It’s my hot Irish blood, they tell me.",speaker_attributed_dialogue,review,Project Gutenberg #3289 - The Valley of Fear
VOF,VOF_T00846,VOF_T00846_S02,Unknown,"Faith, I’d be slow to do that, I’m quick to quarrel and quick to forgive.","It’s my hot Irish blood, they tell me.","But it’s over for me, and I bear no grudge.",speaker_attributed_dialogue,review,Project Gutenberg #3289 - The Valley of Fear
VOF,VOF_T00846,VOF_T00846_S03,Unknown,"It’s my hot Irish blood, they tell me.","But it’s over for me, and I bear no grudge.",,speaker_attributed_dialogue,review,Project Gutenberg #3289 - The Valley of Fear
VOF,VOF_T00847,VOF_T00847_S01,Unknown,,Tut!,These girls!,dialogue_candidate,review,Project Gutenberg #3289 - The Valley of Fear
VOF,VOF_T00847,VOF_T00847_S02,Unknown,Tut!,These girls!,These girls!,dialogue_candidate,review,Project Gutenberg #3289 - The Valley of Fear
VOF,VOF_T00847,VOF_T00847_S03,Unknown,These girls!,These girls!,,dialogue_candidate,review,Project Gutenberg #3289 - The Valley of Fear
VOF,VOF_T00848,VOF_T00848_S01,Unknown,,To think that the same petticoats should come between two of my boys!,It’s the devil’s own luck!,dialogue_candidate,review,Project Gutenberg #3289 - The Valley of Fear
VOF,VOF_T00848,VOF_T00848_S02,Unknown,To think that the same petticoats should come between two of my boys!,It’s the devil’s own luck!,"Well, it’s the colleen inside of them that must settle the question; for it’s outside the jurisdiction of a Bodymaster—and the Lord be praised for that!",dialogue_candidate,review,Project Gutenberg #3289 - The Valley of Fear
VOF,VOF_T00848,VOF_T00848_S03,Unknown,It’s the devil’s own luck!,"Well, it’s the colleen inside of them that must settle the question; for it’s outside the jurisdiction of a Bodymaster—and the Lord be praised for that!","We have enough on us, without the women as well.",dialogue_candidate,review,Project Gutenberg #3289 - The Valley of Fear
VOF,VOF_T00848,VOF_T00848_S04,Unknown,"Well, it’s the colleen inside of them that must settle the question; for it’s outside the jurisdiction of a Bodymaster—and the Lord be praised for that!","We have enough on us, without the women as well.","You’ll have to be affiliated to Lodge 341, Brother McMurdo.",dialogue_candidate,review,Project Gutenberg #3289 - The Valley of Fear
VOF,VOF_T00848,VOF_T00848_S05,Unknown,"We have enough on us, without the women as well.","You’ll have to be affiliated to Lodge 341, Brother McMurdo.","We have our own ways and methods, different from Chicago.",dialogue_candidate,review,Project Gutenberg #3289 - The Valley of Fear
VOF,VOF_T00848,VOF_T00848_S06,Unknown,"You’ll have to be affiliated to Lodge 341, Brother McMurdo.","We have our own ways and methods, different from Chicago.","Saturday night is our meeting, and if you come then, we’ll make you free forever of the Vermissa Valley.",dialogue_candidate,review,Project Gutenberg #3289 - The Valley of Fear
VOF,VOF_T00848,VOF_T00848_S07,Unknown,"We have our own ways and methods, different from Chicago.","Saturday night is our meeting, and if you come then, we’ll make you free forever of the Vermissa Valley.",,dialogue_candidate,review,Project Gutenberg #3289 - The Valley of Fear
VOF,VOF_T00849,VOF_T00849_S01,Unknown,,"the boys,",,dialogue_candidate,review,Project Gutenberg #3289 - The Valley of Fear
VOF,VOF_T00850,VOF_T00850_S01,Unknown,,all in,,dialogue_candidate,review,Project Gutenberg #3289 - The Valley of Fear
VOF,VOF_T00851,VOF_T00851_S01,the police officer,,"A straight whisky; for the night is bitter, I don’t think we have met before, Councillor?",,speaker_attributed_dialogue,high,Project Gutenberg #3289 - The Valley of Fear
VOF,VOF_T00852,VOF_T00852_S01,McGinty,,You’ll be the new captain?,That’s so.,speaker_attributed_dialogue,high,Project Gutenberg #3289 - The Valley of Fear
VOF,VOF_T00852,VOF_T00852_S02,McGinty,You’ll be the new captain?,That’s so.,"We’re looking to you, Councillor, and to the other leading citizens, to help us in upholding law and order in this township.",speaker_attributed_dialogue,high,Project Gutenberg #3289 - The Valley of Fear
VOF,VOF_T00852,VOF_T00852_S03,McGinty,That’s so.,"We’re looking to you, Councillor, and to the other leading citizens, to help us in upholding law and order in this township.",Captain Marvin is my name.,speaker_attributed_dialogue,high,Project Gutenberg #3289 - The Valley of Fear
VOF,VOF_T00852,VOF_T00852_S04,McGinty,"We’re looking to you, Councillor, and to the other leading citizens, to help us in upholding law and order in this township.",Captain Marvin is my name.,,speaker_attributed_dialogue,high,Project Gutenberg #3289 - The Valley of Fear
VOF,VOF_T00853,VOF_T00853_S01,McGinty,,"We’d do better without you, Captain Marvin, for we have our own police of the township, and no need for any imported goods.","What are you but the paid tool of the capitalists, hired by them to club or shoot your poorer fellow citizen?",speaker_attributed_dialogue,high,Project Gutenberg #3289 - The Valley of Fear
VOF,VOF_T00853,VOF_T00853_S02,McGinty,"We’d do better without you, Captain Marvin, for we have our own police of the township, and no need for any imported goods.","What are you but the paid tool of the capitalists, hired by them to club or shoot your poorer fellow citizen?",,speaker_attributed_dialogue,high,Project Gutenberg #3289 - The Valley of Fear
VOF,VOF_T00854,VOF_T00854_S01,the police officer,,"Well, well, we won’t argue about that, I expect we all do our duty same as we see it; but we can’t all see it the same.",,speaker_attributed_dialogue,high,Project Gutenberg #3289 - The Valley of Fear
VOF,VOF_T00855,VOF_T00855_S01,Unknown,,Hullo!,Hullo!,dialogue_candidate,review,Project Gutenberg #3289 - The Valley of Fear
VOF,VOF_T00855,VOF_T00855_S02,Unknown,Hullo!,Hullo!,,dialogue_candidate,review,Project Gutenberg #3289 - The Valley of Fear
VOF,VOF_T00856,VOF_T00856_S01,Unknown,,Here’s an old acquaintance!,,dialogue_candidate,review,Project Gutenberg #3289 - The Valley of Fear
VOF,VOF_T00857,VOF_T00857_S01,he,,"I was never a friend to you nor any other cursed copper in my life, An acquaintance isn’t always a friend,",,speaker_attributed_dialogue,high,Project Gutenberg #3289 - The Valley of Fear
VOF,VOF_T00858,VOF_T00858_S01,Unknown,,"You’re Jack McMurdo of Chicago, right enough, and don’t you deny it!",,dialogue_candidate,review,Project Gutenberg #3289 - The Valley of Fear
VOF,VOF_T00859,VOF_T00859_S01,he,,"I’m not denying it, D’ye think I’m ashamed of my own name?",,speaker_attributed_dialogue,high,Project Gutenberg #3289 - The Valley of Fear
VOF,VOF_T00860,VOF_T00860_S01,Unknown,,"You’ve got good cause to be, anyhow.",,dialogue_candidate,review,Project Gutenberg #3289 - The Valley of Fear
VOF,VOF_T00861,VOF_T00861_S01,Unknown,,What the devil d’you mean by that?,,dialogue_candidate,review,Project Gutenberg #3289 - The Valley of Fear
VOF,VOF_T00862,VOF_T00862_S01,Unknown,,"No, no, Jack, bluster won’t do with me.","I was an officer in Chicago before ever I came to this darned coal bunker, and I know a Chicago crook when I see one.",dialogue_candidate,review,Project Gutenberg #3289 - The Valley of Fear
VOF,VOF_T00862,VOF_T00862_S02,Unknown,"No, no, Jack, bluster won’t do with me.","I was an officer in Chicago before ever I came to this darned coal bunker, and I know a Chicago crook when I see one.",,dialogue_candidate,review,Project Gutenberg #3289 - The Valley of Fear
VOF,VOF_T00863,VOF_T00863_S01,Unknown,,Don’t tell me that you’re Marvin of the Chicago Central!,,dialogue_candidate,review,Project Gutenberg #3289 - The Valley of Fear
VOF,VOF_T00864,VOF_T00864_S01,Unknown,,"Just the same old Teddy Marvin, at your service.",We haven’t forgotten the shooting of Jonas Pinto up there.,dialogue_candidate,review,Project Gutenberg #3289 - The Valley of Fear
VOF,VOF_T00864,VOF_T00864_S02,Unknown,"Just the same old Teddy Marvin, at your service.",We haven’t forgotten the shooting of Jonas Pinto up there.,,dialogue_candidate,review,Project Gutenberg #3289 - The Valley of Fear
VOF,VOF_T00865,VOF_T00865_S01,Unknown,,I never shot him.,,dialogue_candidate,review,Project Gutenberg #3289 - The Valley of Fear
VOF,VOF_T00866,VOF_T00866_S01,Unknown,,Did you not?,"That’s good impartial evidence, ain’t it?",dialogue_candidate,review,Project Gutenberg #3289 - The Valley of Fear
VOF,VOF_T00866,VOF_T00866_S02,Unknown,Did you not?,"That’s good impartial evidence, ain’t it?","Well, his death came in uncommon handy for you, or they would have had you for shoving the queer.",dialogue_candidate,review,Project Gutenberg #3289 - The Valley of Fear
VOF,VOF_T00866,VOF_T00866_S03,Unknown,"That’s good impartial evidence, ain’t it?","Well, his death came in uncommon handy for you, or they would have had you for shoving the queer.","Well, we can let that be bygones; for, between you and me—and perhaps I’m going further than my duty in saying it—they could get no clear case against you, and Chicago’s open to you to-morrow.",dialogue_candidate,review,Project Gutenberg #3289 - The Valley of Fear
VOF,VOF_T00866,VOF_T00866_S04,Unknown,"Well, his death came in uncommon handy for you, or they would have had you for shoving the queer.","Well, we can let that be bygones; for, between you and me—and perhaps I’m going further than my duty in saying it—they could get no clear case against you, and Chicago’s open to you to-morrow.",,dialogue_candidate,review,Project Gutenberg #3289 - The Valley of Fear
VOF,VOF_T00867,VOF_T00867_S01,Unknown,,I’m very well where I am.,,dialogue_candidate,review,Project Gutenberg #3289 - The Valley of Fear
VOF,VOF_T00868,VOF_T00868_S01,Unknown,,"Well, I’ve given you the pointer, and you’re a sulky dog not to thank me for it.",,dialogue_candidate,review,Project Gutenberg #3289 - The Valley of Fear
VOF,VOF_T00869,VOF_T00869_S01,McMurdo,,"Well, I suppose you mean well, and I do thank you, It’s mum with me so long as I see you living on the straight,",,speaker_attributed_dialogue,high,Project Gutenberg #3289 - The Valley of Fear
VOF,VOF_T00870,VOF_T00870_S01,Unknown,,"But, by the Lord! if you get off after this, it’s another story!","So good-night to you—and good-night, Councillor.",dialogue_candidate,review,Project Gutenberg #3289 - The Valley of Fear
VOF,VOF_T00870,VOF_T00870_S02,Unknown,"But, by the Lord! if you get off after this, it’s another story!","So good-night to you—and good-night, Councillor.",,dialogue_candidate,review,Project Gutenberg #3289 - The Valley of Fear
VOF,VOF_T00871,VOF_T00871_S01,Unknown,,a clean job.,,speaker_attributed_dialogue,review,Project Gutenberg #3289 - The Valley of Fear
VOF,VOF_T00872,VOF_T00872_S01,he,,"The Bodymaster orders that he shall be trussed, blinded, and entered, John McMurdo,",,speaker_attributed_dialogue,high,Project Gutenberg #3289 - The Valley of Fear
VOF,VOF_T00873,VOF_T00873_S01,Unknown,,are you already a member of the Ancient Order of Freemen?,,dialogue_candidate,review,Project Gutenberg #3289 - The Valley of Fear
VOF,VOF_T00874,VOF_T00874_S01,Unknown,,"Is your lodge no. 29, Chicago?",,dialogue_candidate,review,Project Gutenberg #3289 - The Valley of Fear
VOF,VOF_T00875,VOF_T00875_S01,the voice,,"Dark nights are unpleasant, Yes, for strangers to travel,",,speaker_attributed_dialogue,high,Project Gutenberg #3289 - The Valley of Fear
VOF,VOF_T00876,VOF_T00876_S01,Unknown,,The clouds are heavy.,,dialogue_candidate,review,Project Gutenberg #3289 - The Valley of Fear
VOF,VOF_T00877,VOF_T00877_S01,Unknown,,"Yes, a storm is approaching.",,dialogue_candidate,review,Project Gutenberg #3289 - The Valley of Fear
VOF,VOF_T00878,VOF_T00878_S01,Unknown,,Are the brethren satisfied?,"We know, Brother, by your sign and by your countersign that you are indeed one of us,",speaker_attributed_dialogue,review,Project Gutenberg #3289 - The Valley of Fear
VOF,VOF_T00878,VOF_T00878_S02,Unknown,Are the brethren satisfied?,"We know, Brother, by your sign and by your countersign that you are indeed one of us,",,speaker_attributed_dialogue,review,Project Gutenberg #3289 - The Valley of Fear
VOF,VOF_T00879,VOF_T00879_S01,Unknown,,"We would have you know, however, that in this county and in other counties of these parts we have certain rites, and also certain duties of our own which call for good men.",Are you ready to be tested?,dialogue_candidate,review,Project Gutenberg #3289 - The Valley of Fear
VOF,VOF_T00879,VOF_T00879_S02,Unknown,"We would have you know, however, that in this county and in other counties of these parts we have certain rites, and also certain duties of our own which call for good men.",Are you ready to be tested?,,dialogue_candidate,review,Project Gutenberg #3289 - The Valley of Fear
VOF,VOF_T00880,VOF_T00880_S01,Unknown,,I am.,,dialogue_candidate,review,Project Gutenberg #3289 - The Valley of Fear
VOF,VOF_T00881,VOF_T00881_S01,Unknown,,Are you of stout heart?,,dialogue_candidate,review,Project Gutenberg #3289 - The Valley of Fear
VOF,VOF_T00882,VOF_T00882_S01,Unknown,,I am.,,dialogue_candidate,review,Project Gutenberg #3289 - The Valley of Fear
VOF,VOF_T00883,VOF_T00883_S01,Unknown,,Take a stride forward to prove it.,,dialogue_candidate,review,Project Gutenberg #3289 - The Valley of Fear
VOF,VOF_T00884,VOF_T00884_S01,the voice,,"He is of stout heart, Can you bear pain?",,speaker_attributed_dialogue,high,Project Gutenberg #3289 - The Valley of Fear
VOF,VOF_T00885,VOF_T00885_S01,Unknown,,"As well as another,",,dialogue_candidate,review,Project Gutenberg #3289 - The Valley of Fear
VOF,VOF_T00886,VOF_T00886_S01,Unknown,,Test him!,,dialogue_candidate,review,Project Gutenberg #3289 - The Valley of Fear
VOF,VOF_T00887,VOF_T00887_S01,he,,"I can take more than that, One last word, Brother McMurdo,",,speaker_attributed_dialogue,high,Project Gutenberg #3289 - The Valley of Fear
VOF,VOF_T00888,VOF_T00888_S01,Unknown,,"You have already sworn the oath of secrecy and fidelity, and you are aware that the punishment for any breach of it is instant and inevitable death?",,dialogue_candidate,review,Project Gutenberg #3289 - The Valley of Fear
VOF,VOF_T00889,VOF_T00889_S01,McMurdo,,"I am, And you accept the rule of the Bodymaster for the time being under all circumstances?",,speaker_attributed_dialogue,high,Project Gutenberg #3289 - The Valley of Fear
VOF,VOF_T00890,VOF_T00890_S01,Unknown,,I do.,,dialogue_candidate,review,Project Gutenberg #3289 - The Valley of Fear
VOF,VOF_T00891,VOF_T00891_S01,Unknown,,"Then in the name of Lodge 341, Vermissa, I welcome you to its privileges and debates.","You will put the liquor on the table, Brother Scanlan, and we will drink to our worthy brother.",dialogue_candidate,review,Project Gutenberg #3289 - The Valley of Fear
VOF,VOF_T00891,VOF_T00891_S02,Unknown,"Then in the name of Lodge 341, Vermissa, I welcome you to its privileges and debates.","You will put the liquor on the table, Brother Scanlan, and we will drink to our worthy brother.",,dialogue_candidate,review,Project Gutenberg #3289 - The Valley of Fear
VOF,VOF_T00892,VOF_T00892_S01,one,,"We’ve all had it, but not all as brave as you over it.",,speaker_attributed_dialogue,high,Project Gutenberg #3289 - The Valley of Fear
VOF,VOF_T00893,VOF_T00893_S01,he,,Tut!,"It was nothing, The first business on the agenda paper,",speaker_attributed_dialogue,high,Project Gutenberg #3289 - The Valley of Fear
VOF,VOF_T00893,VOF_T00893_S02,he,Tut!,"It was nothing, The first business on the agenda paper,",,speaker_attributed_dialogue,high,Project Gutenberg #3289 - The Valley of Fear
VOF,VOF_T00894,VOF_T00894_S01,Unknown,,is to read the following letter from Division Master Windle of Merton County Lodge 249.,"He says: “‘DEAR SIR.—“There is a job to be done on Andrew Rae of Rae & Sturmash, coal owners near this place.",dialogue_candidate,review,Project Gutenberg #3289 - The Valley of Fear
VOF,VOF_T00894,VOF_T00894_S02,Unknown,is to read the following letter from Division Master Windle of Merton County Lodge 249.,"He says: “‘DEAR SIR.—“There is a job to be done on Andrew Rae of Rae & Sturmash, coal owners near this place.","You will remember that your lodge owes us a return, having had the service of two brethren in the matter of the patrolman last fall.",dialogue_candidate,review,Project Gutenberg #3289 - The Valley of Fear
VOF,VOF_T00894,VOF_T00894_S03,Unknown,"He says: “‘DEAR SIR.—“There is a job to be done on Andrew Rae of Rae & Sturmash, coal owners near this place.","You will remember that your lodge owes us a return, having had the service of two brethren in the matter of the patrolman last fall.","You will send two good men, they will be taken charge of by Treasurer Higgins of this lodge, whose address you know.",dialogue_candidate,review,Project Gutenberg #3289 - The Valley of Fear
VOF,VOF_T00894,VOF_T00894_S04,Unknown,"You will remember that your lodge owes us a return, having had the service of two brethren in the matter of the patrolman last fall.","You will send two good men, they will be taken charge of by Treasurer Higgins of this lodge, whose address you know.",He will show them when to act and where.,dialogue_candidate,review,Project Gutenberg #3289 - The Valley of Fear
VOF,VOF_T00894,VOF_T00894_S05,Unknown,"You will send two good men, they will be taken charge of by Treasurer Higgins of this lodge, whose address you know.",He will show them when to act and where.,"Yours in freedom, “‘J.W.",dialogue_candidate,review,Project Gutenberg #3289 - The Valley of Fear
VOF,VOF_T00894,VOF_T00894_S06,Unknown,He will show them when to act and where.,"Yours in freedom, “‘J.W.","WINDLE, D.M.A.O.F.’",dialogue_candidate,review,Project Gutenberg #3289 - The Valley of Fear
VOF,VOF_T00894,VOF_T00894_S07,Unknown,"Yours in freedom, “‘J.W.","WINDLE, D.M.A.O.F.’",,dialogue_candidate,review,Project Gutenberg #3289 - The Valley of Fear
VOF,VOF_T00895,VOF_T00895_S01,Unknown,,"Windle has never refused us when we have had occasion to ask for the loan of a man or two, and it is not for us to refuse him.",,dialogue_candidate,review,Project Gutenberg #3289 - The Valley of Fear
VOF,VOF_T00896,VOF_T00896_S01,Unknown,,Who will volunteer for the job?,,dialogue_candidate,review,Project Gutenberg #3289 - The Valley of Fear
VOF,VOF_T00897,VOF_T00897_S01,Unknown,,"You’ll do, Tiger Cormac.","If you handle it as well as you did the last, you won’t be wrong.",dialogue_candidate,review,Project Gutenberg #3289 - The Valley of Fear
VOF,VOF_T00897,VOF_T00897_S02,Unknown,"You’ll do, Tiger Cormac.","If you handle it as well as you did the last, you won’t be wrong.","And you, Wilson.",dialogue_candidate,review,Project Gutenberg #3289 - The Valley of Fear
VOF,VOF_T00897,VOF_T00897_S03,Unknown,"If you handle it as well as you did the last, you won’t be wrong.","And you, Wilson.",,dialogue_candidate,review,Project Gutenberg #3289 - The Valley of Fear
VOF,VOF_T00898,VOF_T00898_S01,the volunteer,,"I’ve no pistol, It’s your first, is it not?","Well, you have to be blooded some time.",speaker_attributed_dialogue,high,Project Gutenberg #3289 - The Valley of Fear
VOF,VOF_T00898,VOF_T00898_S02,the volunteer,"I’ve no pistol, It’s your first, is it not?","Well, you have to be blooded some time.",It will be a great start for you.,speaker_attributed_dialogue,high,Project Gutenberg #3289 - The Valley of Fear
VOF,VOF_T00898,VOF_T00898_S03,the volunteer,"Well, you have to be blooded some time.",It will be a great start for you.,"As to the pistol, you’ll find it waiting for you, or I’m mistaken.",speaker_attributed_dialogue,high,Project Gutenberg #3289 - The Valley of Fear
VOF,VOF_T00898,VOF_T00898_S04,the volunteer,It will be a great start for you.,"As to the pistol, you’ll find it waiting for you, or I’m mistaken.","If you report yourselves on Monday, it will be time enough.",speaker_attributed_dialogue,high,Project Gutenberg #3289 - The Valley of Fear
VOF,VOF_T00898,VOF_T00898_S05,the volunteer,"As to the pistol, you’ll find it waiting for you, or I’m mistaken.","If you report yourselves on Monday, it will be time enough.",You’ll get a great welcome when you return.,speaker_attributed_dialogue,high,Project Gutenberg #3289 - The Valley of Fear
VOF,VOF_T00898,VOF_T00898_S06,the volunteer,"If you report yourselves on Monday, it will be time enough.",You’ll get a great welcome when you return.,,speaker_attributed_dialogue,high,Project Gutenberg #3289 - The Valley of Fear
VOF,VOF_T00899,VOF_T00899_S01,Cormac,,Any reward this time?,Tiger.,speaker_attributed_dialogue,high,Project Gutenberg #3289 - The Valley of Fear
VOF,VOF_T00899,VOF_T00899_S02,Cormac,Any reward this time?,Tiger.,,speaker_attributed_dialogue,high,Project Gutenberg #3289 - The Valley of Fear
VOF,VOF_T00900,VOF_T00900_S01,Unknown,,Never mind the reward.,You just do it for the honour of the thing.,dialogue_candidate,review,Project Gutenberg #3289 - The Valley of Fear
VOF,VOF_T00900,VOF_T00900_S02,Unknown,Never mind the reward.,You just do it for the honour of the thing.,Maybe when it is done there will be a few odd dollars at the bottom of the box.,dialogue_candidate,review,Project Gutenberg #3289 - The Valley of Fear
VOF,VOF_T00900,VOF_T00900_S03,Unknown,You just do it for the honour of the thing.,Maybe when it is done there will be a few odd dollars at the bottom of the box.,,dialogue_candidate,review,Project Gutenberg #3289 - The Valley of Fear
VOF,VOF_T00901,VOF_T00901_S01,you,,What has the man done?,"Sure, it’s not for the likes of you to ask what the man has done.",speaker_attributed_dialogue,high,Project Gutenberg #3289 - The Valley of Fear
VOF,VOF_T00901,VOF_T00901_S02,you,What has the man done?,"Sure, it’s not for the likes of you to ask what the man has done.",He has been judged over there.,speaker_attributed_dialogue,high,Project Gutenberg #3289 - The Valley of Fear
VOF,VOF_T00901,VOF_T00901_S03,you,"Sure, it’s not for the likes of you to ask what the man has done.",He has been judged over there.,That’s no business of ours.,speaker_attributed_dialogue,high,Project Gutenberg #3289 - The Valley of Fear
VOF,VOF_T00901,VOF_T00901_S04,you,He has been judged over there.,That’s no business of ours.,"All we have to do is to carry it out for them, same as they would for us.",speaker_attributed_dialogue,high,Project Gutenberg #3289 - The Valley of Fear
VOF,VOF_T00901,VOF_T00901_S05,you,That’s no business of ours.,"All we have to do is to carry it out for them, same as they would for us.","Speaking of that, two brothers from the Merton lodge are coming over to us next week to do some business in this quarter.",speaker_attributed_dialogue,high,Project Gutenberg #3289 - The Valley of Fear
VOF,VOF_T00901,VOF_T00901_S06,you,"All we have to do is to carry it out for them, same as they would for us.","Speaking of that, two brothers from the Merton lodge are coming over to us next week to do some business in this quarter.",,speaker_attributed_dialogue,high,Project Gutenberg #3289 - The Valley of Fear
VOF,VOF_T00902,VOF_T00902_S01,someone,,Who are they?,"Faith, it is wiser not to ask.",speaker_attributed_dialogue,high,Project Gutenberg #3289 - The Valley of Fear
VOF,VOF_T00902,VOF_T00902_S02,someone,Who are they?,"Faith, it is wiser not to ask.","If you know nothing, you can testify nothing, and no trouble can come of it.",speaker_attributed_dialogue,high,Project Gutenberg #3289 - The Valley of Fear
VOF,VOF_T00902,VOF_T00902_S03,someone,"Faith, it is wiser not to ask.","If you know nothing, you can testify nothing, and no trouble can come of it.",But they are men who will make a clean job when they are about it.,speaker_attributed_dialogue,high,Project Gutenberg #3289 - The Valley of Fear
VOF,VOF_T00902,VOF_T00902_S04,someone,"If you know nothing, you can testify nothing, and no trouble can come of it.",But they are men who will make a clean job when they are about it.,,speaker_attributed_dialogue,high,Project Gutenberg #3289 - The Valley of Fear
VOF,VOF_T00903,VOF_T00903_S01,Ted Baldwin,,"And time, too!",Folk are gettin’ out of hand in these parts.,speaker_attributed_dialogue,high,Project Gutenberg #3289 - The Valley of Fear
VOF,VOF_T00903,VOF_T00903_S02,Ted Baldwin,"And time, too!",Folk are gettin’ out of hand in these parts.,It was only last week that three of our men were turned off by Foreman Blaker.,speaker_attributed_dialogue,high,Project Gutenberg #3289 - The Valley of Fear
VOF,VOF_T00903,VOF_T00903_S03,Ted Baldwin,Folk are gettin’ out of hand in these parts.,It was only last week that three of our men were turned off by Foreman Blaker.,"It’s been owing him a long time, and he’ll get it full and proper.",speaker_attributed_dialogue,high,Project Gutenberg #3289 - The Valley of Fear
VOF,VOF_T00903,VOF_T00903_S04,Ted Baldwin,It was only last week that three of our men were turned off by Foreman Blaker.,"It’s been owing him a long time, and he’ll get it full and proper.",,speaker_attributed_dialogue,high,Project Gutenberg #3289 - The Valley of Fear
VOF,VOF_T00904,VOF_T00904_S01,Unknown,,Get what?,,dialogue_candidate,review,Project Gutenberg #3289 - The Valley of Fear
VOF,VOF_T00905,VOF_T00905_S01,Unknown,,The business end of a buckshot cartridge!,"What think you of our ways, Brother?",speaker_attributed_dialogue,review,Project Gutenberg #3289 - The Valley of Fear
VOF,VOF_T00905,VOF_T00905_S02,Unknown,The business end of a buckshot cartridge!,"What think you of our ways, Brother?",,speaker_attributed_dialogue,review,Project Gutenberg #3289 - The Valley of Fear
VOF,VOF_T00906,VOF_T00906_S01,he,,"I like it well, ’Tis a proper place for a lad of mettle.",,speaker_attributed_dialogue,high,Project Gutenberg #3289 - The Valley of Fear
VOF,VOF_T00907,VOF_T00907_S01,Unknown,,What’s that?,"’Tis our new brother, sir, who finds our ways to his taste.",speaker_attributed_dialogue,review,Project Gutenberg #3289 - The Valley of Fear
VOF,VOF_T00907,VOF_T00907_S02,Unknown,What’s that?,"’Tis our new brother, sir, who finds our ways to his taste.",,speaker_attributed_dialogue,review,Project Gutenberg #3289 - The Valley of Fear
VOF,VOF_T00908,VOF_T00908_S01,Unknown,,"I would say, Eminent Bodymaster, that if a man should be wanted I should take it as an honour to be chosen to help the lodge.",,dialogue_candidate,review,Project Gutenberg #3289 - The Valley of Fear
VOF,VOF_T00909,VOF_T00909_S01,the secretary,,"I would move, that Brother McMurdo should wait until it is the good pleasure of the lodge to employ him.",,speaker_attributed_dialogue,high,Project Gutenberg #3289 - The Valley of Fear
VOF,VOF_T00910,VOF_T00910_S01,McMurdo,,"Sure, that was what I meant; I’m in your hands, Your time will come, Brother,",,speaker_attributed_dialogue,high,Project Gutenberg #3289 - The Valley of Fear
VOF,VOF_T00911,VOF_T00911_S01,Unknown,,"We have marked you down as a willing man, and we believe that you will do good work in these parts.",There is a small matter to-night in which you may take a hand if it so please you.,dialogue_candidate,review,Project Gutenberg #3289 - The Valley of Fear
VOF,VOF_T00911,VOF_T00911_S02,Unknown,"We have marked you down as a willing man, and we believe that you will do good work in these parts.",There is a small matter to-night in which you may take a hand if it so please you.,,dialogue_candidate,review,Project Gutenberg #3289 - The Valley of Fear
VOF,VOF_T00912,VOF_T00912_S01,Unknown,,I will wait for something that is worth while.,,dialogue_candidate,review,Project Gutenberg #3289 - The Valley of Fear
VOF,VOF_T00913,VOF_T00913_S01,Unknown,,"You can come to-night, anyhow, and it will help you to know what we stand for in this community.",I will make the announcement later.,dialogue_candidate,review,Project Gutenberg #3289 - The Valley of Fear
VOF,VOF_T00913,VOF_T00913_S02,Unknown,"You can come to-night, anyhow, and it will help you to know what we stand for in this community.",I will make the announcement later.,"Meanwhile,",dialogue_candidate,review,Project Gutenberg #3289 - The Valley of Fear
VOF,VOF_T00913,VOF_T00913_S03,Unknown,I will make the announcement later.,"Meanwhile,",,dialogue_candidate,review,Project Gutenberg #3289 - The Valley of Fear
VOF,VOF_T00914,VOF_T00914_S01,Unknown,,I have one or two more points to bring before the meeting.,"First of all, I will ask the treasurer as to our bank balance.",dialogue_candidate,review,Project Gutenberg #3289 - The Valley of Fear
VOF,VOF_T00914,VOF_T00914_S02,Unknown,I have one or two more points to bring before the meeting.,"First of all, I will ask the treasurer as to our bank balance.",There is the pension to Jim Carnaway’s widow.,dialogue_candidate,review,Project Gutenberg #3289 - The Valley of Fear
VOF,VOF_T00914,VOF_T00914_S03,Unknown,"First of all, I will ask the treasurer as to our bank balance.",There is the pension to Jim Carnaway’s widow.,"He was struck down doing the work of the lodge, and it is for us to see that she is not the loser.",dialogue_candidate,review,Project Gutenberg #3289 - The Valley of Fear
VOF,VOF_T00914,VOF_T00914_S04,Unknown,There is the pension to Jim Carnaway’s widow.,"He was struck down doing the work of the lodge, and it is for us to see that she is not the loser.",,dialogue_candidate,review,Project Gutenberg #3289 - The Valley of Fear
VOF,VOF_T00915,VOF_T00915_S01,Unknown,,"Jim was shot last month when they tried to kill Chester Wilcox of Marley Creek,",,dialogue_candidate,review,Project Gutenberg #3289 - The Valley of Fear
VOF,VOF_T00916,VOF_T00916_S01,the treasurer,,"The funds are good at the moment, The firms have been generous of late.",Max Linder & Co. paid five hundred to be left alone.,speaker_attributed_dialogue,high,Project Gutenberg #3289 - The Valley of Fear
VOF,VOF_T00916,VOF_T00916_S02,the treasurer,"The funds are good at the moment, The firms have been generous of late.",Max Linder & Co. paid five hundred to be left alone.,Walker Brothers sent in a hundred; but I took it on myself to return it and ask for five.,speaker_attributed_dialogue,high,Project Gutenberg #3289 - The Valley of Fear
VOF,VOF_T00916,VOF_T00916_S03,the treasurer,Max Linder & Co. paid five hundred to be left alone.,Walker Brothers sent in a hundred; but I took it on myself to return it and ask for five.,"If I do not hear by Wednesday, their winding gear may get out of order.",speaker_attributed_dialogue,high,Project Gutenberg #3289 - The Valley of Fear
VOF,VOF_T00916,VOF_T00916_S04,the treasurer,Walker Brothers sent in a hundred; but I took it on myself to return it and ask for five.,"If I do not hear by Wednesday, their winding gear may get out of order.",We had to burn their breaker last year before they became reasonable.,speaker_attributed_dialogue,high,Project Gutenberg #3289 - The Valley of Fear
VOF,VOF_T00916,VOF_T00916_S05,the treasurer,"If I do not hear by Wednesday, their winding gear may get out of order.",We had to burn their breaker last year before they became reasonable.,Then the West Section Coaling Company has paid its annual contribution.,speaker_attributed_dialogue,high,Project Gutenberg #3289 - The Valley of Fear
VOF,VOF_T00916,VOF_T00916_S06,the treasurer,We had to burn their breaker last year before they became reasonable.,Then the West Section Coaling Company has paid its annual contribution.,We have enough on hand to meet any obligations.,speaker_attributed_dialogue,high,Project Gutenberg #3289 - The Valley of Fear
VOF,VOF_T00916,VOF_T00916_S07,the treasurer,Then the West Section Coaling Company has paid its annual contribution.,We have enough on hand to meet any obligations.,,speaker_attributed_dialogue,high,Project Gutenberg #3289 - The Valley of Fear
VOF,VOF_T00917,VOF_T00917_S01,a brother,,What about Archie Swindon?,He has sold out and left the district.,speaker_attributed_dialogue,high,Project Gutenberg #3289 - The Valley of Fear
VOF,VOF_T00917,VOF_T00917_S02,a brother,What about Archie Swindon?,He has sold out and left the district.,The old devil left a note for us to say that he had rather be a free crossing sweeper in New York than a large mine owner under the power of a ring of blackmailers.,speaker_attributed_dialogue,high,Project Gutenberg #3289 - The Valley of Fear
VOF,VOF_T00917,VOF_T00917_S03,a brother,He has sold out and left the district.,The old devil left a note for us to say that he had rather be a free crossing sweeper in New York than a large mine owner under the power of a ring of blackmailers.,By Gar! it was as well that he made a break for it before the note reached us!,speaker_attributed_dialogue,high,Project Gutenberg #3289 - The Valley of Fear
VOF,VOF_T00917,VOF_T00917_S04,a brother,The old devil left a note for us to say that he had rather be a free crossing sweeper in New York than a large mine owner under the power of a ring of blackmailers.,By Gar! it was as well that he made a break for it before the note reached us!,I guess he won’t show his face in this valley again.,speaker_attributed_dialogue,high,Project Gutenberg #3289 - The Valley of Fear
VOF,VOF_T00917,VOF_T00917_S05,a brother,By Gar! it was as well that he made a break for it before the note reached us!,I guess he won’t show his face in this valley again.,,speaker_attributed_dialogue,high,Project Gutenberg #3289 - The Valley of Fear
VOF,VOF_T00918,VOF_T00918_S01,Unknown,,"mr. Treasurer,",,dialogue_candidate,review,Project Gutenberg #3289 - The Valley of Fear
VOF,VOF_T00919,VOF_T00919_S01,he,,may I ask who has bought the property of this man that we have driven out of the district?,,speaker_attributed_dialogue,high,Project Gutenberg #3289 - The Valley of Fear
VOF,VOF_T00920,VOF_T00920_S01,Unknown,,"Yes, Brother Morris.",It has been bought by the State & Merton County Railroad Company.,dialogue_candidate,review,Project Gutenberg #3289 - The Valley of Fear
VOF,VOF_T00920,VOF_T00920_S02,Unknown,"Yes, Brother Morris.",It has been bought by the State & Merton County Railroad Company.,,dialogue_candidate,review,Project Gutenberg #3289 - The Valley of Fear
VOF,VOF_T00921,VOF_T00921_S01,Unknown,,And who bought the mines of Todman and of Lee that came into the market in the same way last year?,,dialogue_candidate,review,Project Gutenberg #3289 - The Valley of Fear
VOF,VOF_T00922,VOF_T00922_S01,Unknown,,"The same company, Brother Morris.",,dialogue_candidate,review,Project Gutenberg #3289 - The Valley of Fear
VOF,VOF_T00923,VOF_T00923_S01,Unknown,,"And who bought the ironworks of Manson and of Shuman and of Van Deher and of Atwood, which have all been given up of late?",,dialogue_candidate,review,Project Gutenberg #3289 - The Valley of Fear
VOF,VOF_T00924,VOF_T00924_S01,Unknown,,They were all bought by the West Gilmerton General Mining Company.,,dialogue_candidate,review,Project Gutenberg #3289 - The Valley of Fear
VOF,VOF_T00925,VOF_T00925_S01,the chairman,,"I don’t see, Brother Morris, that it matters to us who buys them, since they can’t carry them out of the district.",,speaker_attributed_dialogue,high,Project Gutenberg #3289 - The Valley of Fear
VOF,VOF_T00926,VOF_T00926_S01,Unknown,,"With all respect to you, Eminent Bodymaster, I think it may matter very much to us.",This process has been going on now for ten long years.,dialogue_candidate,review,Project Gutenberg #3289 - The Valley of Fear
VOF,VOF_T00926,VOF_T00926_S02,Unknown,"With all respect to you, Eminent Bodymaster, I think it may matter very much to us.",This process has been going on now for ten long years.,We are gradually driving all the small men out of trade.,dialogue_candidate,review,Project Gutenberg #3289 - The Valley of Fear
VOF,VOF_T00926,VOF_T00926_S03,Unknown,This process has been going on now for ten long years.,We are gradually driving all the small men out of trade.,What is the result?,dialogue_candidate,review,Project Gutenberg #3289 - The Valley of Fear
VOF,VOF_T00926,VOF_T00926_S04,Unknown,We are gradually driving all the small men out of trade.,What is the result?,"We find in their places great companies like the Railroad or the General Iron, who have their directors in New York or Philadelphia, and care nothing for our threats.",dialogue_candidate,review,Project Gutenberg #3289 - The Valley of Fear
VOF,VOF_T00926,VOF_T00926_S05,Unknown,What is the result?,"We find in their places great companies like the Railroad or the General Iron, who have their directors in New York or Philadelphia, and care nothing for our threats.",We can take it out of their local bosses; but it only means that others will be sent in their stead.,dialogue_candidate,review,Project Gutenberg #3289 - The Valley of Fear
VOF,VOF_T00926,VOF_T00926_S06,Unknown,"We find in their places great companies like the Railroad or the General Iron, who have their directors in New York or Philadelphia, and care nothing for our threats.",We can take it out of their local bosses; but it only means that others will be sent in their stead.,And we are making it dangerous for ourselves.,dialogue_candidate,review,Project Gutenberg #3289 - The Valley of Fear
VOF,VOF_T00926,VOF_T00926_S07,Unknown,We can take it out of their local bosses; but it only means that others will be sent in their stead.,And we are making it dangerous for ourselves.,The small men could not harm us.,dialogue_candidate,review,Project Gutenberg #3289 - The Valley of Fear
VOF,VOF_T00926,VOF_T00926_S08,Unknown,And we are making it dangerous for ourselves.,The small men could not harm us.,They had not the money nor the power.,dialogue_candidate,review,Project Gutenberg #3289 - The Valley of Fear
VOF,VOF_T00926,VOF_T00926_S09,Unknown,The small men could not harm us.,They had not the money nor the power.,"So long as we did not squeeze them too dry, they would stay on under our power.",dialogue_candidate,review,Project Gutenberg #3289 - The Valley of Fear
VOF,VOF_T00926,VOF_T00926_S10,Unknown,They had not the money nor the power.,"So long as we did not squeeze them too dry, they would stay on under our power.","But if these big companies find that we stand between them and their profits, they will spare no pains and no expense to hunt us down and bring us to court.",dialogue_candidate,review,Project Gutenberg #3289 - The Valley of Fear
VOF,VOF_T00926,VOF_T00926_S11,Unknown,"So long as we did not squeeze them too dry, they would stay on under our power.","But if these big companies find that we stand between them and their profits, they will spare no pains and no expense to hunt us down and bring us to court.",,dialogue_candidate,review,Project Gutenberg #3289 - The Valley of Fear
VOF,VOF_T00927,VOF_T00927_S01,Unknown,,"It is my advice,",,dialogue_candidate,review,Project Gutenberg #3289 - The Valley of Fear
VOF,VOF_T00928,VOF_T00928_S01,the speaker,,that we go easier upon the small men.,On the day that they have all been driven out the power of this society will have been broken.,speaker_attributed_dialogue,high,Project Gutenberg #3289 - The Valley of Fear
VOF,VOF_T00928,VOF_T00928_S02,the speaker,that we go easier upon the small men.,On the day that they have all been driven out the power of this society will have been broken.,,speaker_attributed_dialogue,high,Project Gutenberg #3289 - The Valley of Fear
VOF,VOF_T00929,VOF_T00929_S01,he,,"Brother Morris, you were always a croaker.",So long as the members of this lodge stand together there is no power in the United States that can touch them.,speaker_attributed_dialogue,high,Project Gutenberg #3289 - The Valley of Fear
VOF,VOF_T00929,VOF_T00929_S02,he,"Brother Morris, you were always a croaker.",So long as the members of this lodge stand together there is no power in the United States that can touch them.,"Sure, have we not tried it often enough in the lawcourts?",speaker_attributed_dialogue,high,Project Gutenberg #3289 - The Valley of Fear
VOF,VOF_T00929,VOF_T00929_S03,he,So long as the members of this lodge stand together there is no power in the United States that can touch them.,"Sure, have we not tried it often enough in the lawcourts?","I expect the big companies will find it easier to pay than to fight, same as the little companies do.",speaker_attributed_dialogue,high,Project Gutenberg #3289 - The Valley of Fear
VOF,VOF_T00929,VOF_T00929_S04,he,"Sure, have we not tried it often enough in the lawcourts?","I expect the big companies will find it easier to pay than to fight, same as the little companies do.","And now, Brethren,",speaker_attributed_dialogue,high,Project Gutenberg #3289 - The Valley of Fear
VOF,VOF_T00929,VOF_T00929_S05,he,"I expect the big companies will find it easier to pay than to fight, same as the little companies do.","And now, Brethren,",,speaker_attributed_dialogue,high,Project Gutenberg #3289 - The Valley of Fear
VOF,VOF_T00930,VOF_T00930_S01,Unknown,,"this lodge has finished its business for the evening, save for one small matter which may be mentioned when we are parting.",The time has now come for fraternal refreshment and for harmony.,dialogue_candidate,review,Project Gutenberg #3289 - The Valley of Fear
VOF,VOF_T00930,VOF_T00930_S02,Unknown,"this lodge has finished its business for the evening, save for one small matter which may be mentioned when we are parting.",The time has now come for fraternal refreshment and for harmony.,,dialogue_candidate,review,Project Gutenberg #3289 - The Valley of Fear
VOF,VOF_T00931,VOF_T00931_S01,Unknown,,"I’m Sitting on the Stile, Mary,",,dialogue_candidate,review,Project Gutenberg #3289 - The Valley of Fear
VOF,VOF_T00932,VOF_T00932_S01,Unknown,,On the Banks of Allan Water.,,dialogue_candidate,review,Project Gutenberg #3289 - The Valley of Fear
VOF,VOF_T00933,VOF_T00933_S01,he,,"Boys, there’s one man in this town that wants trimming up, and it’s for you to see that he gets it.",I’m speaking of James Stanger of the Herald.,speaker_attributed_dialogue,high,Project Gutenberg #3289 - The Valley of Fear
VOF,VOF_T00933,VOF_T00933_S02,he,"Boys, there’s one man in this town that wants trimming up, and it’s for you to see that he gets it.",I’m speaking of James Stanger of the Herald.,You’ve seen how he’s been opening his mouth against us again?,speaker_attributed_dialogue,high,Project Gutenberg #3289 - The Valley of Fear
VOF,VOF_T00933,VOF_T00933_S03,he,I’m speaking of James Stanger of the Herald.,You’ve seen how he’s been opening his mouth against us again?,,speaker_attributed_dialogue,high,Project Gutenberg #3289 - The Valley of Fear
VOF,VOF_T00934,VOF_T00934_S01,the chairman,,‘Law and Order!’ That’s how he heads it.,‘Reign of Terror in the Coal and Iron District.,speaker_attributed_dialogue,high,Project Gutenberg #3289 - The Valley of Fear
VOF,VOF_T00934,VOF_T00934_S02,the chairman,‘Law and Order!’ That’s how he heads it.,‘Reign of Terror in the Coal and Iron District.,"Twelve years have now elapsed since the first assassinations which proved the existence of a criminal organization in our midst. From that day these outrages have never ceased, until now they have reached a pitch which makes us the opprobrium of the civilized world.",speaker_attributed_dialogue,high,Project Gutenberg #3289 - The Valley of Fear
VOF,VOF_T00934,VOF_T00934_S03,the chairman,‘Reign of Terror in the Coal and Iron District.,"Twelve years have now elapsed since the first assassinations which proved the existence of a criminal organization in our midst. From that day these outrages have never ceased, until now they have reached a pitch which makes us the opprobrium of the civilized world.",Is it for such results as this that our great country welcomes to its bosom the alien who flies from the despotisms of Europe?,speaker_attributed_dialogue,high,Project Gutenberg #3289 - The Valley of Fear
VOF,VOF_T00934,VOF_T00934_S04,the chairman,"Twelve years have now elapsed since the first assassinations which proved the existence of a criminal organization in our midst. From that day these outrages have never ceased, until now they have reached a pitch which makes us the opprobrium of the civilized world.",Is it for such results as this that our great country welcomes to its bosom the alien who flies from the despotisms of Europe?,"Is it that they shall themselves become tyrants over the very men who have given them shelter, and that a state of terrorism and lawlessness should be established under the very shadow of the sacred folds of the starry Flag of Freedom which would raise horror in our minds if we read of it as existing under the most effete monarchy of the East?",speaker_attributed_dialogue,high,Project Gutenberg #3289 - The Valley of Fear
VOF,VOF_T00934,VOF_T00934_S05,the chairman,Is it for such results as this that our great country welcomes to its bosom the alien who flies from the despotisms of Europe?,"Is it that they shall themselves become tyrants over the very men who have given them shelter, and that a state of terrorism and lawlessness should be established under the very shadow of the sacred folds of the starry Flag of Freedom which would raise horror in our minds if we read of it as existing under the most effete monarchy of the East?",The men are known.,speaker_attributed_dialogue,high,Project Gutenberg #3289 - The Valley of Fear
VOF,VOF_T00934,VOF_T00934_S06,the chairman,"Is it that they shall themselves become tyrants over the very men who have given them shelter, and that a state of terrorism and lawlessness should be established under the very shadow of the sacred folds of the starry Flag of Freedom which would raise horror in our minds if we read of it as existing under the most effete monarchy of the East?",The men are known.,The organization is patent and public.,speaker_attributed_dialogue,high,Project Gutenberg #3289 - The Valley of Fear
VOF,VOF_T00934,VOF_T00934_S07,the chairman,The men are known.,The organization is patent and public.,How long are we to endure it?,speaker_attributed_dialogue,high,Project Gutenberg #3289 - The Valley of Fear
VOF,VOF_T00934,VOF_T00934_S08,the chairman,The organization is patent and public.,How long are we to endure it?,"Can we forever live—’ Sure, I’ve read enough of the slush!",speaker_attributed_dialogue,high,Project Gutenberg #3289 - The Valley of Fear
VOF,VOF_T00934,VOF_T00934_S09,the chairman,How long are we to endure it?,"Can we forever live—’ Sure, I’ve read enough of the slush!",That’s what he says of us.,speaker_attributed_dialogue,high,Project Gutenberg #3289 - The Valley of Fear
VOF,VOF_T00934,VOF_T00934_S10,the chairman,"Can we forever live—’ Sure, I’ve read enough of the slush!",That’s what he says of us.,The question I’m asking you is what shall we say to him?,speaker_attributed_dialogue,high,Project Gutenberg #3289 - The Valley of Fear
VOF,VOF_T00934,VOF_T00934_S11,the chairman,That’s what he says of us.,The question I’m asking you is what shall we say to him?,,speaker_attributed_dialogue,high,Project Gutenberg #3289 - The Valley of Fear
VOF,VOF_T00935,VOF_T00935_S01,a dozen fierce voices,,Kill him!,"I protest against that,",speaker_attributed_dialogue,high,Project Gutenberg #3289 - The Valley of Fear
VOF,VOF_T00935,VOF_T00935_S02,a dozen fierce voices,Kill him!,"I protest against that,",,speaker_attributed_dialogue,high,Project Gutenberg #3289 - The Valley of Fear
VOF,VOF_T00936,VOF_T00936_S01,Unknown,,"I tell you, Brethren, that our hand is too heavy in this valley, and that there will come a point where in self-defense every man will unite to crush us out.",James Stanger is an old man.,dialogue_candidate,review,Project Gutenberg #3289 - The Valley of Fear
VOF,VOF_T00936,VOF_T00936_S02,Unknown,"I tell you, Brethren, that our hand is too heavy in this valley, and that there will come a point where in self-defense every man will unite to crush us out.",James Stanger is an old man.,He is respected in the township and the district.,dialogue_candidate,review,Project Gutenberg #3289 - The Valley of Fear
VOF,VOF_T00936,VOF_T00936_S03,Unknown,James Stanger is an old man.,He is respected in the township and the district.,His paper stands for all that is solid in the valley.,dialogue_candidate,review,Project Gutenberg #3289 - The Valley of Fear
VOF,VOF_T00936,VOF_T00936_S04,Unknown,He is respected in the township and the district.,His paper stands for all that is solid in the valley.,"If that man is struck down, there will be a stir through this state that will only end with our destruction.",dialogue_candidate,review,Project Gutenberg #3289 - The Valley of Fear
VOF,VOF_T00936,VOF_T00936_S05,Unknown,His paper stands for all that is solid in the valley.,"If that man is struck down, there will be a stir through this state that will only end with our destruction.",,dialogue_candidate,review,Project Gutenberg #3289 - The Valley of Fear
VOF,VOF_T00937,VOF_T00937_S01,McGinty,,"And how would they bring about our destruction, mr. Standback?",Is it by the police?,speaker_attributed_dialogue,high,Project Gutenberg #3289 - The Valley of Fear
VOF,VOF_T00937,VOF_T00937_S02,McGinty,"And how would they bring about our destruction, mr. Standback?",Is it by the police?,"Sure, half of them are in our pay and half of them afraid of us.",speaker_attributed_dialogue,high,Project Gutenberg #3289 - The Valley of Fear
VOF,VOF_T00937,VOF_T00937_S03,McGinty,Is it by the police?,"Sure, half of them are in our pay and half of them afraid of us.",Or is it by the law courts and the judge?,speaker_attributed_dialogue,high,Project Gutenberg #3289 - The Valley of Fear
VOF,VOF_T00937,VOF_T00937_S04,McGinty,"Sure, half of them are in our pay and half of them afraid of us.",Or is it by the law courts and the judge?,"Haven’t we tried that before now, and what ever came of it?",speaker_attributed_dialogue,high,Project Gutenberg #3289 - The Valley of Fear
VOF,VOF_T00937,VOF_T00937_S05,McGinty,Or is it by the law courts and the judge?,"Haven’t we tried that before now, and what ever came of it?",,speaker_attributed_dialogue,high,Project Gutenberg #3289 - The Valley of Fear
VOF,VOF_T00938,VOF_T00938_S01,Unknown,,"There is a Judge Lynch that might try the case, I have but to raise my finger,",,speaker_attributed_dialogue,review,Project Gutenberg #3289 - The Valley of Fear
VOF,VOF_T00939,VOF_T00939_S01,Unknown,,and I could put two hundred men into this town that would clear it out from end to end.,,dialogue_candidate,review,Project Gutenberg #3289 - The Valley of Fear
VOF,VOF_T00940,VOF_T00940_S01,Unknown,,"See here, Brother Morris, I have my eye on you, and have had for some time!","You’ve no heart yourself, and you try to take the heart out of others.",dialogue_candidate,review,Project Gutenberg #3289 - The Valley of Fear
VOF,VOF_T00940,VOF_T00940_S02,Unknown,"See here, Brother Morris, I have my eye on you, and have had for some time!","You’ve no heart yourself, and you try to take the heart out of others.","It will be an ill day for you, Brother Morris, when your own name comes on our agenda paper, and I’m thinking that it’s just there that I ought to place it.",dialogue_candidate,review,Project Gutenberg #3289 - The Valley of Fear
VOF,VOF_T00940,VOF_T00940_S03,Unknown,"You’ve no heart yourself, and you try to take the heart out of others.","It will be an ill day for you, Brother Morris, when your own name comes on our agenda paper, and I’m thinking that it’s just there that I ought to place it.",,dialogue_candidate,review,Project Gutenberg #3289 - The Valley of Fear
VOF,VOF_T00941,VOF_T00941_S01,Unknown,,"I apologize, Eminent Bodymaster, to you and to every brother in this lodge if I have said more than I should.",I am a faithful member—you all know that—and it is my fear lest evil come to the lodge which makes me speak in anxious words.,dialogue_candidate,review,Project Gutenberg #3289 - The Valley of Fear
VOF,VOF_T00941,VOF_T00941_S02,Unknown,"I apologize, Eminent Bodymaster, to you and to every brother in this lodge if I have said more than I should.",I am a faithful member—you all know that—and it is my fear lest evil come to the lodge which makes me speak in anxious words.,"But I have greater trust in your judgment than in my own, Eminent Bodymaster, and I promise you that I will not offend again.",dialogue_candidate,review,Project Gutenberg #3289 - The Valley of Fear
VOF,VOF_T00941,VOF_T00941_S03,Unknown,I am a faithful member—you all know that—and it is my fear lest evil come to the lodge which makes me speak in anxious words.,"But I have greater trust in your judgment than in my own, Eminent Bodymaster, and I promise you that I will not offend again.",,dialogue_candidate,review,Project Gutenberg #3289 - The Valley of Fear
VOF,VOF_T00942,VOF_T00942_S01,Unknown,,"Very good, Brother Morris.",It’s myself that would be sorry if it were needful to give you a lesson.,dialogue_candidate,review,Project Gutenberg #3289 - The Valley of Fear
VOF,VOF_T00942,VOF_T00942_S02,Unknown,"Very good, Brother Morris.",It’s myself that would be sorry if it were needful to give you a lesson.,But so long as I am in this chair we shall be a united lodge in word and in deed.,dialogue_candidate,review,Project Gutenberg #3289 - The Valley of Fear
VOF,VOF_T00942,VOF_T00942_S03,Unknown,It’s myself that would be sorry if it were needful to give you a lesson.,But so long as I am in this chair we shall be a united lodge in word and in deed.,"And now, boys,",dialogue_candidate,review,Project Gutenberg #3289 - The Valley of Fear
VOF,VOF_T00942,VOF_T00942_S04,Unknown,But so long as I am in this chair we shall be a united lodge in word and in deed.,"And now, boys,",,dialogue_candidate,review,Project Gutenberg #3289 - The Valley of Fear
VOF,VOF_T00943,VOF_T00943_S01,Unknown,,"I’ll say this much, that if Stanger got his full deserts there would be more trouble than we need ask for.","These editors hang together, and every journal in the state would be crying out for police and troops.",dialogue_candidate,review,Project Gutenberg #3289 - The Valley of Fear
VOF,VOF_T00943,VOF_T00943_S02,Unknown,"I’ll say this much, that if Stanger got his full deserts there would be more trouble than we need ask for.","These editors hang together, and every journal in the state would be crying out for police and troops.",But I guess you can give him a pretty severe warning.,dialogue_candidate,review,Project Gutenberg #3289 - The Valley of Fear
VOF,VOF_T00943,VOF_T00943_S03,Unknown,"These editors hang together, and every journal in the state would be crying out for police and troops.",But I guess you can give him a pretty severe warning.,"Will you fix it, Brother Baldwin?",dialogue_candidate,review,Project Gutenberg #3289 - The Valley of Fear
VOF,VOF_T00943,VOF_T00943_S04,Unknown,But I guess you can give him a pretty severe warning.,"Will you fix it, Brother Baldwin?",,dialogue_candidate,review,Project Gutenberg #3289 - The Valley of Fear
VOF,VOF_T00944,VOF_T00944_S01,the young man,,Sure!,How many will you take?,speaker_attributed_dialogue,high,Project Gutenberg #3289 - The Valley of Fear
VOF,VOF_T00944,VOF_T00944_S02,the young man,Sure!,How many will you take?,,speaker_attributed_dialogue,high,Project Gutenberg #3289 - The Valley of Fear
VOF,VOF_T00945,VOF_T00945_S01,Unknown,,"Half a dozen, and two to guard the door.","You’ll come, Gower, and you, Mansel, and you, Scanlan, and the two Willabys.",dialogue_candidate,review,Project Gutenberg #3289 - The Valley of Fear
VOF,VOF_T00945,VOF_T00945_S02,Unknown,"Half a dozen, and two to guard the door.","You’ll come, Gower, and you, Mansel, and you, Scanlan, and the two Willabys.",,dialogue_candidate,review,Project Gutenberg #3289 - The Valley of Fear
VOF,VOF_T00946,VOF_T00946_S01,Unknown,,"I promised the new brother he should go, Well, he can come if he wants,",,speaker_attributed_dialogue,review,Project Gutenberg #3289 - The Valley of Fear
VOF,VOF_T00947,VOF_T00947_S01,Unknown,,That’s enough.,The sooner we get to work the better.,dialogue_candidate,review,Project Gutenberg #3289 - The Valley of Fear
VOF,VOF_T00947,VOF_T00947_S02,Unknown,That’s enough.,The sooner we get to work the better.,,dialogue_candidate,review,Project Gutenberg #3289 - The Valley of Fear
VOF,VOF_T00948,VOF_T00948_S01,Unknown,,Vermissa Herald,,dialogue_candidate,review,Project Gutenberg #3289 - The Valley of Fear
VOF,VOF_T00949,VOF_T00949_S01,Baldwin to McMurdo,,"Here, you, you can stand below at the door and see that the road is kept open for us.",Arthur Willaby can stay with you.,speaker_attributed_dialogue,high,Project Gutenberg #3289 - The Valley of Fear
VOF,VOF_T00949,VOF_T00949_S02,Baldwin to McMurdo,"Here, you, you can stand below at the door and see that the road is kept open for us.",Arthur Willaby can stay with you.,You others come with me.,speaker_attributed_dialogue,high,Project Gutenberg #3289 - The Valley of Fear
VOF,VOF_T00949,VOF_T00949_S03,Baldwin to McMurdo,Arthur Willaby can stay with you.,You others come with me.,"Have no fears, boys; for we have a dozen witnesses that we are in the Union Bar at this very moment.",speaker_attributed_dialogue,high,Project Gutenberg #3289 - The Valley of Fear
VOF,VOF_T00949,VOF_T00949_S04,Baldwin to McMurdo,You others come with me.,"Have no fears, boys; for we have a dozen witnesses that we are in the Union Bar at this very moment.",,speaker_attributed_dialogue,high,Project Gutenberg #3289 - The Valley of Fear
VOF,VOF_T00950,VOF_T00950_S01,he,,"You’ll kill the man, Drop it!",,speaker_attributed_dialogue,high,Project Gutenberg #3289 - The Valley of Fear
VOF,VOF_T00951,VOF_T00951_S01,Unknown,,Curse you!,,dialogue_candidate,review,Project Gutenberg #3289 - The Valley of Fear
VOF,VOF_T00952,VOF_T00952_S01,Unknown,,Who are you to interfere—you that are new to the lodge?,Stand back!,dialogue_candidate,review,Project Gutenberg #3289 - The Valley of Fear
VOF,VOF_T00952,VOF_T00952_S02,Unknown,Who are you to interfere—you that are new to the lodge?,Stand back!,,dialogue_candidate,review,Project Gutenberg #3289 - The Valley of Fear
VOF,VOF_T00953,VOF_T00953_S01,Unknown,,Stand back yourself!,,dialogue_candidate,review,Project Gutenberg #3289 - The Valley of Fear
VOF,VOF_T00954,VOF_T00954_S01,Unknown,,I’ll blow your face in if you lay a hand on me.,"As to the lodge, wasn’t it the order of the Bodymaster that the man was not to be killed—and what are you doing but killing him?",dialogue_candidate,review,Project Gutenberg #3289 - The Valley of Fear
VOF,VOF_T00954,VOF_T00954_S02,Unknown,I’ll blow your face in if you lay a hand on me.,"As to the lodge, wasn’t it the order of the Bodymaster that the man was not to be killed—and what are you doing but killing him?",,dialogue_candidate,review,Project Gutenberg #3289 - The Valley of Fear
VOF,VOF_T00955,VOF_T00955_S01,one of the men,,"It’s truth he says, By Gar! you’d best hurry yourselves!",,speaker_attributed_dialogue,high,Project Gutenberg #3289 - The Valley of Fear
VOF,VOF_T00956,VOF_T00956_S01,Unknown,,"The windows are all lighting up, and you’ll have the whole town here inside of five minutes.",,dialogue_candidate,review,Project Gutenberg #3289 - The Valley of Fear
VOF,VOF_T00957,VOF_T00957_S01,Unknown,,Outrage at the Herald Office—Editor Seriously Injured.,,dialogue_candidate,review,Project Gutenberg #3289 - The Valley of Fear
VOF,VOF_T00958,VOF_T00958_S01,the older man,,"I wanted to have a word with you, mr. McMurdo, It was kind of you to come.",,speaker_attributed_dialogue,high,Project Gutenberg #3289 - The Valley of Fear
VOF,VOF_T00959,VOF_T00959_S01,Unknown,,Why did you not put your name to the note?,,dialogue_candidate,review,Project Gutenberg #3289 - The Valley of Fear
VOF,VOF_T00960,VOF_T00960_S01,Unknown,,"One has to be cautious, mister.",One never knows in times like these how a thing may come back to one.,dialogue_candidate,review,Project Gutenberg #3289 - The Valley of Fear
VOF,VOF_T00960,VOF_T00960_S02,Unknown,"One has to be cautious, mister.",One never knows in times like these how a thing may come back to one.,One never knows either who to trust or who not to trust.,dialogue_candidate,review,Project Gutenberg #3289 - The Valley of Fear
VOF,VOF_T00960,VOF_T00960_S03,Unknown,One never knows in times like these how a thing may come back to one.,One never knows either who to trust or who not to trust.,,dialogue_candidate,review,Project Gutenberg #3289 - The Valley of Fear
VOF,VOF_T00961,VOF_T00961_S01,Unknown,,Surely one may trust brothers of the lodge.,,dialogue_candidate,review,Project Gutenberg #3289 - The Valley of Fear
VOF,VOF_T00962,VOF_T00962_S01,Morris,,"No, no, not always, Whatever we say, even what we think, seems to go back to that man McGinty.",,speaker_attributed_dialogue,high,Project Gutenberg #3289 - The Valley of Fear
VOF,VOF_T00963,VOF_T00963_S01,McMurdo,,Look here!,"It was only last night, as you know well, that I swore good faith to our Bodymaster.",speaker_attributed_dialogue,high,Project Gutenberg #3289 - The Valley of Fear
VOF,VOF_T00963,VOF_T00963_S02,McMurdo,Look here!,"It was only last night, as you know well, that I swore good faith to our Bodymaster.",Would you be asking me to break my oath?,speaker_attributed_dialogue,high,Project Gutenberg #3289 - The Valley of Fear
VOF,VOF_T00963,VOF_T00963_S03,McMurdo,"It was only last night, as you know well, that I swore good faith to our Bodymaster.",Would you be asking me to break my oath?,,speaker_attributed_dialogue,high,Project Gutenberg #3289 - The Valley of Fear
VOF,VOF_T00964,VOF_T00964_S01,Morris,,"If that is the view you take, I can only say that I am sorry I gave you the trouble to come and meet me.",Things have come to a bad pass when two free citizens cannot speak their thoughts to each other.,speaker_attributed_dialogue,high,Project Gutenberg #3289 - The Valley of Fear
VOF,VOF_T00964,VOF_T00964_S02,Morris,"If that is the view you take, I can only say that I am sorry I gave you the trouble to come and meet me.",Things have come to a bad pass when two free citizens cannot speak their thoughts to each other.,,speaker_attributed_dialogue,high,Project Gutenberg #3289 - The Valley of Fear
VOF,VOF_T00965,VOF_T00965_S01,he,,"Sure I spoke for myself only, I am a newcomer, as you know, and I am strange to it all.","It is not for me to open my mouth, mr. Morris, and if you think well to say anything to me I am here to hear it.",speaker_attributed_dialogue,high,Project Gutenberg #3289 - The Valley of Fear
VOF,VOF_T00965,VOF_T00965_S02,he,"Sure I spoke for myself only, I am a newcomer, as you know, and I am strange to it all.","It is not for me to open my mouth, mr. Morris, and if you think well to say anything to me I am here to hear it.",,speaker_attributed_dialogue,high,Project Gutenberg #3289 - The Valley of Fear
VOF,VOF_T00966,VOF_T00966_S01,Morris,,And to take it back to Boss McGinty!,"Indeed, then, you do me injustice there,",speaker_attributed_dialogue,high,Project Gutenberg #3289 - The Valley of Fear
VOF,VOF_T00966,VOF_T00966_S02,Morris,And to take it back to Boss McGinty!,"Indeed, then, you do me injustice there,",,speaker_attributed_dialogue,high,Project Gutenberg #3289 - The Valley of Fear
VOF,VOF_T00967,VOF_T00967_S01,Unknown,,"For myself I am loyal to the lodge, and so I tell you straight; but I would be a poor creature if I were to repeat to any other what you might say to me in confidence.",It will go no further than me; though I warn you that you may get neither help nor sympathy.,dialogue_candidate,review,Project Gutenberg #3289 - The Valley of Fear
VOF,VOF_T00967,VOF_T00967_S02,Unknown,"For myself I am loyal to the lodge, and so I tell you straight; but I would be a poor creature if I were to repeat to any other what you might say to me in confidence.",It will go no further than me; though I warn you that you may get neither help nor sympathy.,,dialogue_candidate,review,Project Gutenberg #3289 - The Valley of Fear
VOF,VOF_T00968,VOF_T00968_S01,Morris,,"I have given up looking for either the one or the other, I may be putting my very life in your hands by what I say; but, bad as you are—and it seemed to me last night that you were shaping to be as bad as the worst—still you are new to it, and your conscience cannot yet be as hardened as theirs.",That was why I thought to speak with you.,speaker_attributed_dialogue,high,Project Gutenberg #3289 - The Valley of Fear
VOF,VOF_T00968,VOF_T00968_S02,Morris,"I have given up looking for either the one or the other, I may be putting my very life in your hands by what I say; but, bad as you are—and it seemed to me last night that you were shaping to be as bad as the worst—still you are new to it, and your conscience cannot yet be as hardened as theirs.",That was why I thought to speak with you.,,speaker_attributed_dialogue,high,Project Gutenberg #3289 - The Valley of Fear
VOF,VOF_T00969,VOF_T00969_S01,Unknown,,"Well, what have you to say?",,dialogue_candidate,review,Project Gutenberg #3289 - The Valley of Fear
VOF,VOF_T00970,VOF_T00970_S01,Unknown,,"If you give me away, may a curse be on you!",,dialogue_candidate,review,Project Gutenberg #3289 - The Valley of Fear
VOF,VOF_T00971,VOF_T00971_S01,Unknown,,"Sure, I said I would not.",,dialogue_candidate,review,Project Gutenberg #3289 - The Valley of Fear
VOF,VOF_T00972,VOF_T00972_S01,Unknown,,"I would ask you, then, when you joined the Freeman’s society in Chicago and swore vows of charity and fidelity, did ever it cross your mind that you might find it would lead you to crime?",,dialogue_candidate,review,Project Gutenberg #3289 - The Valley of Fear
VOF,VOF_T00973,VOF_T00973_S01,Unknown,,"If you call it crime,",,dialogue_candidate,review,Project Gutenberg #3289 - The Valley of Fear
VOF,VOF_T00974,VOF_T00974_S01,Morris,,Call it crime!,You have seen little of it if you can call it anything else.,speaker_attributed_dialogue,high,Project Gutenberg #3289 - The Valley of Fear
VOF,VOF_T00974,VOF_T00974_S02,Morris,Call it crime!,You have seen little of it if you can call it anything else.,Was it crime last night when a man old enough to be your father was beaten till the blood dripped from his white hairs?,speaker_attributed_dialogue,high,Project Gutenberg #3289 - The Valley of Fear
VOF,VOF_T00974,VOF_T00974_S03,Morris,You have seen little of it if you can call it anything else.,Was it crime last night when a man old enough to be your father was beaten till the blood dripped from his white hairs?,Was that crime—or what else would you call it?,speaker_attributed_dialogue,high,Project Gutenberg #3289 - The Valley of Fear
VOF,VOF_T00974,VOF_T00974_S04,Morris,Was it crime last night when a man old enough to be your father was beaten till the blood dripped from his white hairs?,Was that crime—or what else would you call it?,,speaker_attributed_dialogue,high,Project Gutenberg #3289 - The Valley of Fear
VOF,VOF_T00975,VOF_T00975_S01,McMurdo,,"There are some would say it was war, a war of two classes with all in, so that each struck as best it could.",,speaker_attributed_dialogue,high,Project Gutenberg #3289 - The Valley of Fear
VOF,VOF_T00976,VOF_T00976_S01,Unknown,,"Well, did you think of such a thing when you joined the Freeman’s society at Chicago?",,dialogue_candidate,review,Project Gutenberg #3289 - The Valley of Fear
VOF,VOF_T00977,VOF_T00977_S01,Unknown,,"No, I’m bound to say I did not.",,dialogue_candidate,review,Project Gutenberg #3289 - The Valley of Fear
VOF,VOF_T00978,VOF_T00978_S01,Unknown,,Nor did I when I joined it at Philadelphia.,It was just a benefit club and a meeting place for one’s fellows.,dialogue_candidate,review,Project Gutenberg #3289 - The Valley of Fear
VOF,VOF_T00978,VOF_T00978_S02,Unknown,Nor did I when I joined it at Philadelphia.,It was just a benefit club and a meeting place for one’s fellows.,Then I heard of this place—curse the hour that the name first fell upon my ears!—and I came to better myself!,dialogue_candidate,review,Project Gutenberg #3289 - The Valley of Fear
VOF,VOF_T00978,VOF_T00978_S03,Unknown,It was just a benefit club and a meeting place for one’s fellows.,Then I heard of this place—curse the hour that the name first fell upon my ears!—and I came to better myself!,My God! to better myself!,dialogue_candidate,review,Project Gutenberg #3289 - The Valley of Fear
VOF,VOF_T00978,VOF_T00978_S04,Unknown,Then I heard of this place—curse the hour that the name first fell upon my ears!—and I came to better myself!,My God! to better myself!,My wife and three children came with me.,dialogue_candidate,review,Project Gutenberg #3289 - The Valley of Fear
VOF,VOF_T00978,VOF_T00978_S05,Unknown,My God! to better myself!,My wife and three children came with me.,"I started a drygoods store on Market Square, and I prospered well.",dialogue_candidate,review,Project Gutenberg #3289 - The Valley of Fear
VOF,VOF_T00978,VOF_T00978_S06,Unknown,My wife and three children came with me.,"I started a drygoods store on Market Square, and I prospered well.","The word had gone round that I was a Freeman, and I was forced to join the local lodge, same as you did last night.",dialogue_candidate,review,Project Gutenberg #3289 - The Valley of Fear
VOF,VOF_T00978,VOF_T00978_S07,Unknown,"I started a drygoods store on Market Square, and I prospered well.","The word had gone round that I was a Freeman, and I was forced to join the local lodge, same as you did last night.",I’ve the badge of shame on my forearm and something worse branded on my heart.,dialogue_candidate,review,Project Gutenberg #3289 - The Valley of Fear
VOF,VOF_T00978,VOF_T00978_S08,Unknown,"The word had gone round that I was a Freeman, and I was forced to join the local lodge, same as you did last night.",I’ve the badge of shame on my forearm and something worse branded on my heart.,I found that I was under the orders of a black villain and caught in a meshwork of crime.,dialogue_candidate,review,Project Gutenberg #3289 - The Valley of Fear
VOF,VOF_T00978,VOF_T00978_S09,Unknown,I’ve the badge of shame on my forearm and something worse branded on my heart.,I found that I was under the orders of a black villain and caught in a meshwork of crime.,What could I do?,dialogue_candidate,review,Project Gutenberg #3289 - The Valley of Fear
VOF,VOF_T00978,VOF_T00978_S10,Unknown,I found that I was under the orders of a black villain and caught in a meshwork of crime.,What could I do?,"Every word I said to make things better was taken as treason, same as it was last night.",dialogue_candidate,review,Project Gutenberg #3289 - The Valley of Fear
VOF,VOF_T00978,VOF_T00978_S11,Unknown,What could I do?,"Every word I said to make things better was taken as treason, same as it was last night.",I can’t get away; for all I have in the world is in my store.,dialogue_candidate,review,Project Gutenberg #3289 - The Valley of Fear
VOF,VOF_T00978,VOF_T00978_S12,Unknown,"Every word I said to make things better was taken as treason, same as it was last night.",I can’t get away; for all I have in the world is in my store.,"If I leave the society, I know well that it means murder to me, and God knows what to my wife and children.",dialogue_candidate,review,Project Gutenberg #3289 - The Valley of Fear
VOF,VOF_T00978,VOF_T00978_S13,Unknown,I can’t get away; for all I have in the world is in my store.,"If I leave the society, I know well that it means murder to me, and God knows what to my wife and children.","Oh, man, it is awful—awful!",dialogue_candidate,review,Project Gutenberg #3289 - The Valley of Fear
VOF,VOF_T00978,VOF_T00978_S14,Unknown,"If I leave the society, I know well that it means murder to me, and God knows what to my wife and children.","Oh, man, it is awful—awful!",,dialogue_candidate,review,Project Gutenberg #3289 - The Valley of Fear
VOF,VOF_T00979,VOF_T00979_S01,he,,"You were too soft for the job, You are the wrong sort for such work.",,speaker_attributed_dialogue,high,Project Gutenberg #3289 - The Valley of Fear
VOF,VOF_T00980,VOF_T00980_S01,Unknown,,I had a conscience and a religion; but they made me a criminal among them.,I was chosen for a job.,dialogue_candidate,review,Project Gutenberg #3289 - The Valley of Fear
VOF,VOF_T00980,VOF_T00980_S02,Unknown,I had a conscience and a religion; but they made me a criminal among them.,I was chosen for a job.,If I backed down I knew well what would come to me.,dialogue_candidate,review,Project Gutenberg #3289 - The Valley of Fear
VOF,VOF_T00980,VOF_T00980_S03,Unknown,I was chosen for a job.,If I backed down I knew well what would come to me.,Maybe I’m a coward.,dialogue_candidate,review,Project Gutenberg #3289 - The Valley of Fear
VOF,VOF_T00980,VOF_T00980_S04,Unknown,If I backed down I knew well what would come to me.,Maybe I’m a coward.,Maybe it’s the thought of my poor little woman and the children that makes me one.,dialogue_candidate,review,Project Gutenberg #3289 - The Valley of Fear
VOF,VOF_T00980,VOF_T00980_S05,Unknown,Maybe I’m a coward.,Maybe it’s the thought of my poor little woman and the children that makes me one.,Anyhow I went.,dialogue_candidate,review,Project Gutenberg #3289 - The Valley of Fear
VOF,VOF_T00980,VOF_T00980_S06,Unknown,Maybe it’s the thought of my poor little woman and the children that makes me one.,Anyhow I went.,I guess it will haunt me forever.,dialogue_candidate,review,Project Gutenberg #3289 - The Valley of Fear
VOF,VOF_T00980,VOF_T00980_S07,Unknown,Anyhow I went.,I guess it will haunt me forever.,"“It was a lonely house, twenty miles from here, over the range yonder.",dialogue_candidate,review,Project Gutenberg #3289 - The Valley of Fear
VOF,VOF_T00980,VOF_T00980_S08,Unknown,I guess it will haunt me forever.,"“It was a lonely house, twenty miles from here, over the range yonder.","I was told off for the door, same as you were last night.",dialogue_candidate,review,Project Gutenberg #3289 - The Valley of Fear
VOF,VOF_T00980,VOF_T00980_S09,Unknown,"“It was a lonely house, twenty miles from here, over the range yonder.","I was told off for the door, same as you were last night.",They could not trust me with the job.,dialogue_candidate,review,Project Gutenberg #3289 - The Valley of Fear
VOF,VOF_T00980,VOF_T00980_S10,Unknown,"I was told off for the door, same as you were last night.",They could not trust me with the job.,The others went in.,dialogue_candidate,review,Project Gutenberg #3289 - The Valley of Fear
VOF,VOF_T00980,VOF_T00980_S11,Unknown,They could not trust me with the job.,The others went in.,When they came out their hands were crimson to the wrists.,dialogue_candidate,review,Project Gutenberg #3289 - The Valley of Fear
VOF,VOF_T00980,VOF_T00980_S12,Unknown,The others went in.,When they came out their hands were crimson to the wrists.,As we turned away a child was screaming out of the house behind us.,dialogue_candidate,review,Project Gutenberg #3289 - The Valley of Fear
VOF,VOF_T00980,VOF_T00980_S13,Unknown,When they came out their hands were crimson to the wrists.,As we turned away a child was screaming out of the house behind us.,It was a boy of five who had seen his father murdered.,dialogue_candidate,review,Project Gutenberg #3289 - The Valley of Fear
VOF,VOF_T00980,VOF_T00980_S14,Unknown,As we turned away a child was screaming out of the house behind us.,It was a boy of five who had seen his father murdered.,"I nearly fainted with the horror of it, and yet I had to keep a bold and smiling face; for well I knew that if I did not it would be out of my house that they would come next with their bloody hands and it would be my little Fred that would be screaming for his father.",dialogue_candidate,review,Project Gutenberg #3289 - The Valley of Fear
VOF,VOF_T00980,VOF_T00980_S15,Unknown,It was a boy of five who had seen his father murdered.,"I nearly fainted with the horror of it, and yet I had to keep a bold and smiling face; for well I knew that if I did not it would be out of my house that they would come next with their bloody hands and it would be my little Fred that would be screaming for his father.","“But I was a criminal then, part sharer in a murder, lost forever in this world, and lost also in the next.",dialogue_candidate,review,Project Gutenberg #3289 - The Valley of Fear
VOF,VOF_T00980,VOF_T00980_S16,Unknown,"I nearly fainted with the horror of it, and yet I had to keep a bold and smiling face; for well I knew that if I did not it would be out of my house that they would come next with their bloody hands and it would be my little Fred that would be screaming for his father.","“But I was a criminal then, part sharer in a murder, lost forever in this world, and lost also in the next.","I am a good Catholic; but the priest would have no word with me when he heard I was a Scowrer, and I am excommunicated from my faith.",dialogue_candidate,review,Project Gutenberg #3289 - The Valley of Fear
VOF,VOF_T00980,VOF_T00980_S17,Unknown,"“But I was a criminal then, part sharer in a murder, lost forever in this world, and lost also in the next.","I am a good Catholic; but the priest would have no word with me when he heard I was a Scowrer, and I am excommunicated from my faith.",That’s how it stands with me.,dialogue_candidate,review,Project Gutenberg #3289 - The Valley of Fear
VOF,VOF_T00980,VOF_T00980_S18,Unknown,"I am a good Catholic; but the priest would have no word with me when he heard I was a Scowrer, and I am excommunicated from my faith.",That’s how it stands with me.,"And I see you going down the same road, and I ask you what the end is to be.",dialogue_candidate,review,Project Gutenberg #3289 - The Valley of Fear
VOF,VOF_T00980,VOF_T00980_S19,Unknown,That’s how it stands with me.,"And I see you going down the same road, and I ask you what the end is to be.","Are you ready to be a cold-blooded murderer also, or can we do anything to stop it?",dialogue_candidate,review,Project Gutenberg #3289 - The Valley of Fear
VOF,VOF_T00980,VOF_T00980_S20,Unknown,"And I see you going down the same road, and I ask you what the end is to be.","Are you ready to be a cold-blooded murderer also, or can we do anything to stop it?",,dialogue_candidate,review,Project Gutenberg #3289 - The Valley of Fear
VOF,VOF_T00981,VOF_T00981_S01,McMurdo,,What would you do?,You would not inform?,speaker_attributed_dialogue,high,Project Gutenberg #3289 - The Valley of Fear
VOF,VOF_T00981,VOF_T00981_S02,McMurdo,What would you do?,You would not inform?,,speaker_attributed_dialogue,high,Project Gutenberg #3289 - The Valley of Fear
VOF,VOF_T00982,VOF_T00982_S01,Morris,,God forbid!,"Sure, the very thought would cost me my life.",speaker_attributed_dialogue,high,Project Gutenberg #3289 - The Valley of Fear
VOF,VOF_T00982,VOF_T00982_S02,Morris,God forbid!,"Sure, the very thought would cost me my life.",,speaker_attributed_dialogue,high,Project Gutenberg #3289 - The Valley of Fear
VOF,VOF_T00983,VOF_T00983_S01,McMurdo,,"That’s well, I’m thinking that you are a weak man and that you make too much of the matter.",,speaker_attributed_dialogue,high,Project Gutenberg #3289 - The Valley of Fear
VOF,VOF_T00984,VOF_T00984_S01,Unknown,,Too much!,Wait till you have lived here longer.,dialogue_candidate,review,Project Gutenberg #3289 - The Valley of Fear
VOF,VOF_T00984,VOF_T00984_S02,Unknown,Too much!,Wait till you have lived here longer.,Look down the valley!,dialogue_candidate,review,Project Gutenberg #3289 - The Valley of Fear
VOF,VOF_T00984,VOF_T00984_S03,Unknown,Wait till you have lived here longer.,Look down the valley!,See the cloud of a hundred chimneys that overshadows it!,dialogue_candidate,review,Project Gutenberg #3289 - The Valley of Fear
VOF,VOF_T00984,VOF_T00984_S04,Unknown,Look down the valley!,See the cloud of a hundred chimneys that overshadows it!,I tell you that the cloud of murder hangs thicker and lower than that over the heads of the people.,dialogue_candidate,review,Project Gutenberg #3289 - The Valley of Fear
VOF,VOF_T00984,VOF_T00984_S05,Unknown,See the cloud of a hundred chimneys that overshadows it!,I tell you that the cloud of murder hangs thicker and lower than that over the heads of the people.,"It is the Valley of Fear, the Valley of Death.",dialogue_candidate,review,Project Gutenberg #3289 - The Valley of Fear
VOF,VOF_T00984,VOF_T00984_S06,Unknown,I tell you that the cloud of murder hangs thicker and lower than that over the heads of the people.,"It is the Valley of Fear, the Valley of Death.",The terror is in the hearts of the people from the dusk to the dawn.,dialogue_candidate,review,Project Gutenberg #3289 - The Valley of Fear
VOF,VOF_T00984,VOF_T00984_S07,Unknown,"It is the Valley of Fear, the Valley of Death.",The terror is in the hearts of the people from the dusk to the dawn.,"Wait, young man, and you will learn for yourself.",dialogue_candidate,review,Project Gutenberg #3289 - The Valley of Fear
VOF,VOF_T00984,VOF_T00984_S08,Unknown,The terror is in the hearts of the people from the dusk to the dawn.,"Wait, young man, and you will learn for yourself.",,dialogue_candidate,review,Project Gutenberg #3289 - The Valley of Fear
VOF,VOF_T00985,VOF_T00985_S01,McMurdo,,"Well, I’ll let you know what I think when I have seen more, What is very clear is that you are not the man for the place, and that the sooner you sell out—if you only get a dime a dollar for what the business is worth—the better it will be for you.","What you have said is safe with me; but, by Gar! if I thought you were an informer—",speaker_attributed_dialogue,high,Project Gutenberg #3289 - The Valley of Fear
VOF,VOF_T00985,VOF_T00985_S02,McMurdo,"Well, I’ll let you know what I think when I have seen more, What is very clear is that you are not the man for the place, and that the sooner you sell out—if you only get a dime a dollar for what the business is worth—the better it will be for you.","What you have said is safe with me; but, by Gar! if I thought you were an informer—",,speaker_attributed_dialogue,high,Project Gutenberg #3289 - The Valley of Fear
VOF,VOF_T00986,VOF_T00986_S01,Morris,,"No, no!","Well, let it rest at that.",speaker_attributed_dialogue,high,Project Gutenberg #3289 - The Valley of Fear
VOF,VOF_T00986,VOF_T00986_S02,Morris,"No, no!","Well, let it rest at that.","I’ll bear what you have said in mind, and maybe some day I’ll come back to it.",speaker_attributed_dialogue,high,Project Gutenberg #3289 - The Valley of Fear
VOF,VOF_T00986,VOF_T00986_S03,Morris,"Well, let it rest at that.","I’ll bear what you have said in mind, and maybe some day I’ll come back to it.",I expect you meant kindly by speaking to me like this.,speaker_attributed_dialogue,high,Project Gutenberg #3289 - The Valley of Fear
VOF,VOF_T00986,VOF_T00986_S04,Morris,"I’ll bear what you have said in mind, and maybe some day I’ll come back to it.",I expect you meant kindly by speaking to me like this.,Now I’ll be getting home.,speaker_attributed_dialogue,high,Project Gutenberg #3289 - The Valley of Fear
VOF,VOF_T00986,VOF_T00986_S05,Morris,I expect you meant kindly by speaking to me like this.,Now I’ll be getting home.,,speaker_attributed_dialogue,high,Project Gutenberg #3289 - The Valley of Fear
VOF,VOF_T00987,VOF_T00987_S01,Morris,,"One word before you go, We may have been seen together.",They may want to know what we have spoken about.,speaker_attributed_dialogue,high,Project Gutenberg #3289 - The Valley of Fear
VOF,VOF_T00987,VOF_T00987_S02,Morris,"One word before you go, We may have been seen together.",They may want to know what we have spoken about.,,speaker_attributed_dialogue,high,Project Gutenberg #3289 - The Valley of Fear
VOF,VOF_T00988,VOF_T00988_S01,Unknown,,Ah! that’s well thought of.,,dialogue_candidate,review,Project Gutenberg #3289 - The Valley of Fear
VOF,VOF_T00989,VOF_T00989_S01,Unknown,,I offer you a clerkship in my store.,,dialogue_candidate,review,Project Gutenberg #3289 - The Valley of Fear
VOF,VOF_T00990,VOF_T00990_S01,Unknown,,And I refuse it.,That’s our business.,dialogue_candidate,review,Project Gutenberg #3289 - The Valley of Fear
VOF,VOF_T00990,VOF_T00990_S02,Unknown,And I refuse it.,That’s our business.,"Well, so long, Brother Morris, and may you find things go better with you in the future.",dialogue_candidate,review,Project Gutenberg #3289 - The Valley of Fear
VOF,VOF_T00990,VOF_T00990_S03,Unknown,That’s our business.,"Well, so long, Brother Morris, and may you find things go better with you in the future.",,dialogue_candidate,review,Project Gutenberg #3289 - The Valley of Fear
VOF,VOF_T00991,VOF_T00991_S01,Unknown,,"I’m not much of a visitor, Brother McMurdo,",,dialogue_candidate,review,Project Gutenberg #3289 - The Valley of Fear
VOF,VOF_T00992,VOF_T00992_S01,Unknown,,I guess I am too busy over the folk that visit me.,But I thought I’d stretch a point and drop down to see you in your own house.,dialogue_candidate,review,Project Gutenberg #3289 - The Valley of Fear
VOF,VOF_T00992,VOF_T00992_S02,Unknown,I guess I am too busy over the folk that visit me.,But I thought I’d stretch a point and drop down to see you in your own house.,,dialogue_candidate,review,Project Gutenberg #3289 - The Valley of Fear
VOF,VOF_T00993,VOF_T00993_S01,Unknown,,"I’m proud to see you here, Councillor,",,dialogue_candidate,review,Project Gutenberg #3289 - The Valley of Fear
VOF,VOF_T00994,VOF_T00994_S01,Unknown,,It’s an honour that I had not expected.,,dialogue_candidate,review,Project Gutenberg #3289 - The Valley of Fear
VOF,VOF_T00995,VOF_T00995_S01,Unknown,,How’s the arm?,"Well, I’m not forgetting it,",speaker_attributed_dialogue,review,Project Gutenberg #3289 - The Valley of Fear
VOF,VOF_T00995,VOF_T00995_S02,Unknown,How’s the arm?,"Well, I’m not forgetting it,",,speaker_attributed_dialogue,review,Project Gutenberg #3289 - The Valley of Fear
VOF,VOF_T00996,VOF_T00996_S01,Unknown,,but it’s worth it.,,dialogue_candidate,review,Project Gutenberg #3289 - The Valley of Fear
VOF,VOF_T00997,VOF_T00997_S01,Unknown,,"Yes, it’s worth it,",,dialogue_candidate,review,Project Gutenberg #3289 - The Valley of Fear
VOF,VOF_T00998,VOF_T00998_S01,the other,,to those that are loyal and go through with it and are a help to the lodge.,What were you speaking to Brother Morris about on Miller Hill this morning?,speaker_attributed_dialogue,high,Project Gutenberg #3289 - The Valley of Fear
VOF,VOF_T00998,VOF_T00998_S02,the other,to those that are loyal and go through with it and are a help to the lodge.,What were you speaking to Brother Morris about on Miller Hill this morning?,,speaker_attributed_dialogue,high,Project Gutenberg #3289 - The Valley of Fear
VOF,VOF_T00999,VOF_T00999_S01,Unknown,,Morris didn’t know I could earn a living here at home.,He shan’t know either; for he has got too much conscience for the likes of me.,dialogue_candidate,review,Project Gutenberg #3289 - The Valley of Fear
VOF,VOF_T00999,VOF_T00999_S02,Unknown,Morris didn’t know I could earn a living here at home.,He shan’t know either; for he has got too much conscience for the likes of me.,But he’s a good-hearted old chap.,dialogue_candidate,review,Project Gutenberg #3289 - The Valley of Fear
VOF,VOF_T00999,VOF_T00999_S03,Unknown,He shan’t know either; for he has got too much conscience for the likes of me.,But he’s a good-hearted old chap.,"It was his idea that I was at a loose end, and that he would do me a good turn by offering me a clerkship in a drygoods store.",dialogue_candidate,review,Project Gutenberg #3289 - The Valley of Fear
VOF,VOF_T00999,VOF_T00999_S04,Unknown,But he’s a good-hearted old chap.,"It was his idea that I was at a loose end, and that he would do me a good turn by offering me a clerkship in a drygoods store.",,dialogue_candidate,review,Project Gutenberg #3289 - The Valley of Fear
VOF,VOF_T01000,VOF_T01000_S01,Unknown,,"Oh, that was it?",,dialogue_candidate,review,Project Gutenberg #3289 - The Valley of Fear
VOF,VOF_T01001,VOF_T01001_S01,Unknown,,"Yes, that was it.",,dialogue_candidate,review,Project Gutenberg #3289 - The Valley of Fear
VOF,VOF_T01002,VOF_T01002_S01,Unknown,,And you refused it?,,dialogue_candidate,review,Project Gutenberg #3289 - The Valley of Fear
VOF,VOF_T01003,VOF_T01003_S01,Unknown,,Sure.,Couldn’t I earn ten times as much in my own bedroom with four hours’ work?,dialogue_candidate,review,Project Gutenberg #3289 - The Valley of Fear
VOF,VOF_T01003,VOF_T01003_S02,Unknown,Sure.,Couldn’t I earn ten times as much in my own bedroom with four hours’ work?,,dialogue_candidate,review,Project Gutenberg #3289 - The Valley of Fear
VOF,VOF_T01004,VOF_T01004_S01,Unknown,,That’s so.,But I wouldn’t get about too much with Morris.,dialogue_candidate,review,Project Gutenberg #3289 - The Valley of Fear
VOF,VOF_T01004,VOF_T01004_S02,Unknown,That’s so.,But I wouldn’t get about too much with Morris.,,dialogue_candidate,review,Project Gutenberg #3289 - The Valley of Fear
VOF,VOF_T01005,VOF_T01005_S01,Unknown,,Why not?,,dialogue_candidate,review,Project Gutenberg #3289 - The Valley of Fear
VOF,VOF_T01006,VOF_T01006_S01,Unknown,,"Well, I guess because I tell you not.",That’s enough for most folk in these parts.,dialogue_candidate,review,Project Gutenberg #3289 - The Valley of Fear
VOF,VOF_T01006,VOF_T01006_S02,Unknown,"Well, I guess because I tell you not.",That’s enough for most folk in these parts.,,dialogue_candidate,review,Project Gutenberg #3289 - The Valley of Fear
VOF,VOF_T01007,VOF_T01007_S01,McMurdo,,"It may be enough for most folk; but it ain’t enough for me, Councillor, If you are a judge of men, you’ll know that.",,speaker_attributed_dialogue,high,Project Gutenberg #3289 - The Valley of Fear
VOF,VOF_T01008,VOF_T01008_S01,he,,"You’re a queer card, for sure, Well, if you want reasons, I’ll give them.",Did Morris say nothing to you against the lodge?,speaker_attributed_dialogue,high,Project Gutenberg #3289 - The Valley of Fear
VOF,VOF_T01008,VOF_T01008_S02,he,"You’re a queer card, for sure, Well, if you want reasons, I’ll give them.",Did Morris say nothing to you against the lodge?,,speaker_attributed_dialogue,high,Project Gutenberg #3289 - The Valley of Fear
VOF,VOF_T01009,VOF_T01009_S01,Unknown,,no.,,dialogue_candidate,review,Project Gutenberg #3289 - The Valley of Fear
VOF,VOF_T01010,VOF_T01010_S01,Unknown,,Nor against me?,,dialogue_candidate,review,Project Gutenberg #3289 - The Valley of Fear
VOF,VOF_T01011,VOF_T01011_S01,Unknown,,no.,,dialogue_candidate,review,Project Gutenberg #3289 - The Valley of Fear
VOF,VOF_T01012,VOF_T01012_S01,Unknown,,"Well, that’s because he daren’t trust you.",But in his heart he is not a loyal brother.,dialogue_candidate,review,Project Gutenberg #3289 - The Valley of Fear
VOF,VOF_T01012,VOF_T01012_S02,Unknown,"Well, that’s because he daren’t trust you.",But in his heart he is not a loyal brother.,We know that well.,dialogue_candidate,review,Project Gutenberg #3289 - The Valley of Fear
VOF,VOF_T01012,VOF_T01012_S03,Unknown,But in his heart he is not a loyal brother.,We know that well.,So we watch him and we wait for the time to admonish him.,dialogue_candidate,review,Project Gutenberg #3289 - The Valley of Fear
VOF,VOF_T01012,VOF_T01012_S04,Unknown,We know that well.,So we watch him and we wait for the time to admonish him.,I’m thinking that the time is drawing near.,dialogue_candidate,review,Project Gutenberg #3289 - The Valley of Fear
VOF,VOF_T01012,VOF_T01012_S05,Unknown,So we watch him and we wait for the time to admonish him.,I’m thinking that the time is drawing near.,There’s no room for scabby sheep in our pen.,dialogue_candidate,review,Project Gutenberg #3289 - The Valley of Fear
VOF,VOF_T01012,VOF_T01012_S06,Unknown,I’m thinking that the time is drawing near.,There’s no room for scabby sheep in our pen.,"But if you keep company with a disloyal man, we might think that you were disloyal, too.",dialogue_candidate,review,Project Gutenberg #3289 - The Valley of Fear
VOF,VOF_T01012,VOF_T01012_S07,Unknown,There’s no room for scabby sheep in our pen.,"But if you keep company with a disloyal man, we might think that you were disloyal, too.",See?,dialogue_candidate,review,Project Gutenberg #3289 - The Valley of Fear
VOF,VOF_T01012,VOF_T01012_S08,Unknown,"But if you keep company with a disloyal man, we might think that you were disloyal, too.",See?,,dialogue_candidate,review,Project Gutenberg #3289 - The Valley of Fear
VOF,VOF_T01013,VOF_T01013_S01,Unknown,,"There’s no chance of my keeping company with him; for I dislike the man,",,dialogue_candidate,review,Project Gutenberg #3289 - The Valley of Fear
VOF,VOF_T01014,VOF_T01014_S01,Unknown,,"As to being disloyal, if it was any man but you he would not use the word to me twice.",,dialogue_candidate,review,Project Gutenberg #3289 - The Valley of Fear
VOF,VOF_T01015,VOF_T01015_S01,McGinty,,"Well, that’s enough, I came down to give you a word in season, and you’ve had it.",,speaker_attributed_dialogue,high,Project Gutenberg #3289 - The Valley of Fear
VOF,VOF_T01016,VOF_T01016_S01,McMurdo,,"I’d like to know, how you ever came to learn that I had spoken with Morris at all?",,speaker_attributed_dialogue,high,Project Gutenberg #3289 - The Valley of Fear
VOF,VOF_T01017,VOF_T01017_S01,he,,"It’s my business to know what goes on in this township, I guess you’d best reckon on my hearing all that passes.","Well, time’s up, and I’ll just say—",speaker_attributed_dialogue,high,Project Gutenberg #3289 - The Valley of Fear
VOF,VOF_T01017,VOF_T01017_S02,he,"It’s my business to know what goes on in this township, I guess you’d best reckon on my hearing all that passes.","Well, time’s up, and I’ll just say—",,speaker_attributed_dialogue,high,Project Gutenberg #3289 - The Valley of Fear
VOF,VOF_T01018,VOF_T01018_S01,he,,"I thought you’d be getting into trouble, mr. Crooked McMurdo of Chicago, Can’t keep out of it, can you?",Take your hat and come along with us.,speaker_attributed_dialogue,high,Project Gutenberg #3289 - The Valley of Fear
VOF,VOF_T01018,VOF_T01018_S02,he,"I thought you’d be getting into trouble, mr. Crooked McMurdo of Chicago, Can’t keep out of it, can you?",Take your hat and come along with us.,,speaker_attributed_dialogue,high,Project Gutenberg #3289 - The Valley of Fear
VOF,VOF_T01019,VOF_T01019_S01,McGinty,,"I guess you’ll pay for this, Captain Marvin, Who are you, I’d like to know, to break into a house in this fashion and molest honest, law-abiding men?",,speaker_attributed_dialogue,high,Project Gutenberg #3289 - The Valley of Fear
VOF,VOF_T01020,VOF_T01020_S01,the police captain,,"You’re standing out in this deal, Councillor McGinty, We are not out after you, but after this man McMurdo.","It is for you to help, not to hinder us in our duty.",speaker_attributed_dialogue,high,Project Gutenberg #3289 - The Valley of Fear
VOF,VOF_T01020,VOF_T01020_S02,the police captain,"You’re standing out in this deal, Councillor McGinty, We are not out after you, but after this man McMurdo.","It is for you to help, not to hinder us in our duty.",,speaker_attributed_dialogue,high,Project Gutenberg #3289 - The Valley of Fear
VOF,VOF_T01021,VOF_T01021_S01,the Boss,,"He is a friend of mine, and I’ll answer for his conduct, By all accounts, mr. McGinty, you may have to answer for your own conduct some of these days,",,speaker_attributed_dialogue,high,Project Gutenberg #3289 - The Valley of Fear
VOF,VOF_T01022,VOF_T01022_S01,Unknown,,"This man McMurdo was a crook before ever he came here, and he’s a crook still.","Cover him, Patrolman, while I disarm him.",dialogue_candidate,review,Project Gutenberg #3289 - The Valley of Fear
VOF,VOF_T01022,VOF_T01022_S02,Unknown,"This man McMurdo was a crook before ever he came here, and he’s a crook still.","Cover him, Patrolman, while I disarm him.",,dialogue_candidate,review,Project Gutenberg #3289 - The Valley of Fear
VOF,VOF_T01023,VOF_T01023_S01,McMurdo,,"There’s my pistol, Maybe, Captain Marvin, if you and I were alone and face to face you would not take me so easily.",,speaker_attributed_dialogue,high,Project Gutenberg #3289 - The Valley of Fear
VOF,VOF_T01024,VOF_T01024_S01,McGinty,,Where’s your warrant?,By Gar! a man might as well live in Russia as in Vermissa while folk like you are running the police.,speaker_attributed_dialogue,high,Project Gutenberg #3289 - The Valley of Fear
VOF,VOF_T01024,VOF_T01024_S02,McGinty,Where’s your warrant?,By Gar! a man might as well live in Russia as in Vermissa while folk like you are running the police.,"It’s a capitalist outrage, and you’ll hear more of it, I reckon.",speaker_attributed_dialogue,high,Project Gutenberg #3289 - The Valley of Fear
VOF,VOF_T01024,VOF_T01024_S03,McGinty,By Gar! a man might as well live in Russia as in Vermissa while folk like you are running the police.,"It’s a capitalist outrage, and you’ll hear more of it, I reckon.",,speaker_attributed_dialogue,high,Project Gutenberg #3289 - The Valley of Fear
VOF,VOF_T01025,VOF_T01025_S01,Unknown,,"You do what you think is your duty the best way you can, Councillor.",We’ll look after ours.,dialogue_candidate,review,Project Gutenberg #3289 - The Valley of Fear
VOF,VOF_T01025,VOF_T01025_S02,Unknown,"You do what you think is your duty the best way you can, Councillor.",We’ll look after ours.,,dialogue_candidate,review,Project Gutenberg #3289 - The Valley of Fear
VOF,VOF_T01026,VOF_T01026_S01,McMurdo,,What am I accused of?,Of being concerned in the beating of old Editor Stanger at the Herald office.,speaker_attributed_dialogue,high,Project Gutenberg #3289 - The Valley of Fear
VOF,VOF_T01026,VOF_T01026_S02,McMurdo,What am I accused of?,Of being concerned in the beating of old Editor Stanger at the Herald office.,It wasn’t your fault that it isn’t a murder charge.,speaker_attributed_dialogue,high,Project Gutenberg #3289 - The Valley of Fear
VOF,VOF_T01026,VOF_T01026_S03,McMurdo,Of being concerned in the beating of old Editor Stanger at the Herald office.,It wasn’t your fault that it isn’t a murder charge.,,speaker_attributed_dialogue,high,Project Gutenberg #3289 - The Valley of Fear
VOF,VOF_T01027,VOF_T01027_S01,McGinty,,"Well, if that’s all you have against him, you can save yourself a deal of trouble by dropping it right now.","This man was with me in my saloon playing poker up to midnight, and I can bring a dozen to prove it.",speaker_attributed_dialogue,high,Project Gutenberg #3289 - The Valley of Fear
VOF,VOF_T01027,VOF_T01027_S02,McGinty,"Well, if that’s all you have against him, you can save yourself a deal of trouble by dropping it right now.","This man was with me in my saloon playing poker up to midnight, and I can bring a dozen to prove it.",,speaker_attributed_dialogue,high,Project Gutenberg #3289 - The Valley of Fear
VOF,VOF_T01028,VOF_T01028_S01,Unknown,,"That’s your affair, and I guess you can settle it in court to-morrow.","Meanwhile, come on, McMurdo, and come quietly if you don’t want a gun across your head.",dialogue_candidate,review,Project Gutenberg #3289 - The Valley of Fear
VOF,VOF_T01028,VOF_T01028_S02,Unknown,"That’s your affair, and I guess you can settle it in court to-morrow.","Meanwhile, come on, McMurdo, and come quietly if you don’t want a gun across your head.","You stand wide, mr. McGinty; for I warn you I will stand no resistance when I am on duty!",dialogue_candidate,review,Project Gutenberg #3289 - The Valley of Fear
VOF,VOF_T01028,VOF_T01028_S03,Unknown,"Meanwhile, come on, McMurdo, and come quietly if you don’t want a gun across your head.","You stand wide, mr. McGinty; for I warn you I will stand no resistance when I am on duty!",,dialogue_candidate,review,Project Gutenberg #3289 - The Valley of Fear
VOF,VOF_T01029,VOF_T01029_S01,Unknown,,What about—,,dialogue_candidate,review,Project Gutenberg #3289 - The Valley of Fear
VOF,VOF_T01030,VOF_T01030_S01,McMurdo,,"All right, I’ll bid you good-bye,",,speaker_attributed_dialogue,high,Project Gutenberg #3289 - The Valley of Fear
VOF,VOF_T01031,VOF_T01031_S01,Unknown,,I’ll see Reilly the lawyer and take the defense upon myself.,Take my word for it that they won’t be able to hold you.,dialogue_candidate,review,Project Gutenberg #3289 - The Valley of Fear
VOF,VOF_T01031,VOF_T01031_S02,Unknown,I’ll see Reilly the lawyer and take the defense upon myself.,Take my word for it that they won’t be able to hold you.,,dialogue_candidate,review,Project Gutenberg #3289 - The Valley of Fear
VOF,VOF_T01032,VOF_T01032_S01,Unknown,,I wouldn’t bet on that.,"Guard the prisoner, you two, and shoot him if he tries any games.",dialogue_candidate,review,Project Gutenberg #3289 - The Valley of Fear
VOF,VOF_T01032,VOF_T01032_S02,Unknown,I wouldn’t bet on that.,"Guard the prisoner, you two, and shoot him if he tries any games.",I’ll search the house before I leave.,dialogue_candidate,review,Project Gutenberg #3289 - The Valley of Fear
VOF,VOF_T01032,VOF_T01032_S03,Unknown,"Guard the prisoner, you two, and shoot him if he tries any games.",I’ll search the house before I leave.,,dialogue_candidate,review,Project Gutenberg #3289 - The Valley of Fear
VOF,VOF_T01033,VOF_T01033_S01,Unknown,,Lynch the cursed Scowrer!,,dialogue_candidate,review,Project Gutenberg #3289 - The Valley of Fear
VOF,VOF_T01034,VOF_T01034_S01,Unknown,,Lynch him!,,dialogue_candidate,review,Project Gutenberg #3289 - The Valley of Fear
VOF,VOF_T01035,VOF_T01035_S01,Unknown,,You damned murderers!,,dialogue_candidate,review,Project Gutenberg #3289 - The Valley of Fear
VOF,VOF_T01036,VOF_T01036_S01,Unknown,,We’ll fix you yet!,,dialogue_candidate,review,Project Gutenberg #3289 - The Valley of Fear
VOF,VOF_T01037,VOF_T01037_S01,Unknown,,"He’ll be the boy for the clean job, It’s you!",,speaker_attributed_dialogue,review,Project Gutenberg #3289 - The Valley of Fear
VOF,VOF_T01038,VOF_T01038_S01,Unknown,,"And to think that you should come to me, heart of my heart, and I should find nothing better to do than to want to strangle you!","Come then, darling,",dialogue_candidate,review,Project Gutenberg #3289 - The Valley of Fear
VOF,VOF_T01038,VOF_T01038_S02,Unknown,"And to think that you should come to me, heart of my heart, and I should find nothing better to do than to want to strangle you!","Come then, darling,",,dialogue_candidate,review,Project Gutenberg #3289 - The Valley of Fear
VOF,VOF_T01039,VOF_T01039_S01,Unknown,,let me make it up to you.,,dialogue_candidate,review,Project Gutenberg #3289 - The Valley of Fear
VOF,VOF_T01040,VOF_T01040_S01,Unknown,,"What’s come over you, Jack?",,dialogue_candidate,review,Project Gutenberg #3289 - The Valley of Fear
VOF,VOF_T01041,VOF_T01041_S01,Unknown,,Why were you so scared of me?,"Oh, Jack, if your conscience was at ease, you would not have looked at me like that!",dialogue_candidate,review,Project Gutenberg #3289 - The Valley of Fear
VOF,VOF_T01041,VOF_T01041_S02,Unknown,Why were you so scared of me?,"Oh, Jack, if your conscience was at ease, you would not have looked at me like that!",,dialogue_candidate,review,Project Gutenberg #3289 - The Valley of Fear
VOF,VOF_T01042,VOF_T01042_S01,Unknown,,"Sure, I was thinking of other things, and when you came tripping so lightly on those fairy feet of yours—",,dialogue_candidate,review,Project Gutenberg #3289 - The Valley of Fear
VOF,VOF_T01043,VOF_T01043_S01,Unknown,,"No, no, it was more than that, Jack.",,dialogue_candidate,review,Project Gutenberg #3289 - The Valley of Fear
VOF,VOF_T01044,VOF_T01044_S01,Unknown,,Let me see that letter you were writing.,,dialogue_candidate,review,Project Gutenberg #3289 - The Valley of Fear
VOF,VOF_T01045,VOF_T01045_S01,Unknown,,"Ah, Ettie, I couldn’t do that.",,dialogue_candidate,review,Project Gutenberg #3289 - The Valley of Fear
VOF,VOF_T01046,VOF_T01046_S01,Unknown,,"It’s to another woman,",,dialogue_candidate,review,Project Gutenberg #3289 - The Valley of Fear
VOF,VOF_T01047,VOF_T01047_S01,Unknown,,I know it!,Why else should you hold it from me?,dialogue_candidate,review,Project Gutenberg #3289 - The Valley of Fear
VOF,VOF_T01047,VOF_T01047_S02,Unknown,I know it!,Why else should you hold it from me?,Was it to your wife that you were writing?,dialogue_candidate,review,Project Gutenberg #3289 - The Valley of Fear
VOF,VOF_T01047,VOF_T01047_S03,Unknown,Why else should you hold it from me?,Was it to your wife that you were writing?,"How am I to know that you are not a married man—you, a stranger, that nobody knows?",dialogue_candidate,review,Project Gutenberg #3289 - The Valley of Fear
VOF,VOF_T01047,VOF_T01047_S04,Unknown,Was it to your wife that you were writing?,"How am I to know that you are not a married man—you, a stranger, that nobody knows?",,dialogue_candidate,review,Project Gutenberg #3289 - The Valley of Fear
VOF,VOF_T01048,VOF_T01048_S01,Unknown,,"I am not married, Ettie.","See now, I swear it!",dialogue_candidate,review,Project Gutenberg #3289 - The Valley of Fear
VOF,VOF_T01048,VOF_T01048_S02,Unknown,"I am not married, Ettie.","See now, I swear it!",You’re the only one woman on earth to me.,dialogue_candidate,review,Project Gutenberg #3289 - The Valley of Fear
VOF,VOF_T01048,VOF_T01048_S03,Unknown,"See now, I swear it!",You’re the only one woman on earth to me.,By the cross of Christ I swear it!,dialogue_candidate,review,Project Gutenberg #3289 - The Valley of Fear
VOF,VOF_T01048,VOF_T01048_S04,Unknown,You’re the only one woman on earth to me.,By the cross of Christ I swear it!,,dialogue_candidate,review,Project Gutenberg #3289 - The Valley of Fear
VOF,VOF_T01049,VOF_T01049_S01,Unknown,,"Well, then,",,dialogue_candidate,review,Project Gutenberg #3289 - The Valley of Fear
VOF,VOF_T01050,VOF_T01050_S01,she,,why will you not show me the letter?,,speaker_attributed_dialogue,high,Project Gutenberg #3289 - The Valley of Fear
VOF,VOF_T01051,VOF_T01051_S01,he,,"I’ll tell you, acushla, I’m under oath not to show it, and just as I wouldn’t break my word to you so I would keep it to those who hold my promise.","It’s the business of the lodge, and even to you it’s secret.",speaker_attributed_dialogue,high,Project Gutenberg #3289 - The Valley of Fear
VOF,VOF_T01051,VOF_T01051_S02,he,"I’ll tell you, acushla, I’m under oath not to show it, and just as I wouldn’t break my word to you so I would keep it to those who hold my promise.","It’s the business of the lodge, and even to you it’s secret.","And if I was scared when a hand fell on me, can’t you understand it when it might have been the hand of a detective?",speaker_attributed_dialogue,high,Project Gutenberg #3289 - The Valley of Fear
VOF,VOF_T01051,VOF_T01051_S03,he,"It’s the business of the lodge, and even to you it’s secret.","And if I was scared when a hand fell on me, can’t you understand it when it might have been the hand of a detective?",,speaker_attributed_dialogue,high,Project Gutenberg #3289 - The Valley of Fear
VOF,VOF_T01052,VOF_T01052_S01,Unknown,,"Sit here by me, then.",It’s a queer throne for such a queen; but it’s the best your poor lover can find.,dialogue_candidate,review,Project Gutenberg #3289 - The Valley of Fear
VOF,VOF_T01052,VOF_T01052_S02,Unknown,"Sit here by me, then.",It’s a queer throne for such a queen; but it’s the best your poor lover can find.,"He’ll do better for you some of these days, I’m thinking.",dialogue_candidate,review,Project Gutenberg #3289 - The Valley of Fear
VOF,VOF_T01052,VOF_T01052_S03,Unknown,It’s a queer throne for such a queen; but it’s the best your poor lover can find.,"He’ll do better for you some of these days, I’m thinking.","Now your mind is easy once again, is it not?",dialogue_candidate,review,Project Gutenberg #3289 - The Valley of Fear
VOF,VOF_T01052,VOF_T01052_S04,Unknown,"He’ll do better for you some of these days, I’m thinking.","Now your mind is easy once again, is it not?",,dialogue_candidate,review,Project Gutenberg #3289 - The Valley of Fear
VOF,VOF_T01053,VOF_T01053_S01,Unknown,,"How can it ever be at ease, Jack, when I know that you are a criminal among criminals, when I never know the day that I may hear you are in court for murder?","‘McMurdo the Scowrer,’ that’s what one of our boarders called you yesterday.",dialogue_candidate,review,Project Gutenberg #3289 - The Valley of Fear
VOF,VOF_T01053,VOF_T01053_S02,Unknown,"How can it ever be at ease, Jack, when I know that you are a criminal among criminals, when I never know the day that I may hear you are in court for murder?","‘McMurdo the Scowrer,’ that’s what one of our boarders called you yesterday.",It went through my heart like a knife.,dialogue_candidate,review,Project Gutenberg #3289 - The Valley of Fear
VOF,VOF_T01053,VOF_T01053_S03,Unknown,"‘McMurdo the Scowrer,’ that’s what one of our boarders called you yesterday.",It went through my heart like a knife.,,dialogue_candidate,review,Project Gutenberg #3289 - The Valley of Fear
VOF,VOF_T01054,VOF_T01054_S01,Unknown,,"Sure, hard words break no bones.",,dialogue_candidate,review,Project Gutenberg #3289 - The Valley of Fear
VOF,VOF_T01055,VOF_T01055_S01,Unknown,,But they were true.,,dialogue_candidate,review,Project Gutenberg #3289 - The Valley of Fear
VOF,VOF_T01056,VOF_T01056_S01,Unknown,,"Well, dear, it’s not so bad as you think.",We are but poor men that are trying in our own way to get our rights.,dialogue_candidate,review,Project Gutenberg #3289 - The Valley of Fear
VOF,VOF_T01056,VOF_T01056_S02,Unknown,"Well, dear, it’s not so bad as you think.",We are but poor men that are trying in our own way to get our rights.,,dialogue_candidate,review,Project Gutenberg #3289 - The Valley of Fear
VOF,VOF_T01057,VOF_T01057_S01,Unknown,,"Give it up, Jack!","For my sake, for God’s sake, give it up!",dialogue_candidate,review,Project Gutenberg #3289 - The Valley of Fear
VOF,VOF_T01057,VOF_T01057_S02,Unknown,"Give it up, Jack!","For my sake, for God’s sake, give it up!",It was to ask you that I came here to-day.,dialogue_candidate,review,Project Gutenberg #3289 - The Valley of Fear
VOF,VOF_T01057,VOF_T01057_S03,Unknown,"For my sake, for God’s sake, give it up!",It was to ask you that I came here to-day.,"Oh, Jack, see—I beg it of you on my bended knees!",dialogue_candidate,review,Project Gutenberg #3289 - The Valley of Fear
VOF,VOF_T01057,VOF_T01057_S04,Unknown,It was to ask you that I came here to-day.,"Oh, Jack, see—I beg it of you on my bended knees!",Kneeling here before you I implore you to give it up!,dialogue_candidate,review,Project Gutenberg #3289 - The Valley of Fear
VOF,VOF_T01057,VOF_T01057_S05,Unknown,"Oh, Jack, see—I beg it of you on my bended knees!",Kneeling here before you I implore you to give it up!,,dialogue_candidate,review,Project Gutenberg #3289 - The Valley of Fear
VOF,VOF_T01058,VOF_T01058_S01,Unknown,,"Oh, Jack, I implore you to give it up!",,dialogue_candidate,review,Project Gutenberg #3289 - The Valley of Fear
VOF,VOF_T01059,VOF_T01059_S01,Unknown,,"Sure, my darlin’, you don’t know what it is you are asking.",How could I give it up when it would be to break my oath and to desert my comrades?,dialogue_candidate,review,Project Gutenberg #3289 - The Valley of Fear
VOF,VOF_T01059,VOF_T01059_S02,Unknown,"Sure, my darlin’, you don’t know what it is you are asking.",How could I give it up when it would be to break my oath and to desert my comrades?,If you could see how things stand with me you could never ask it of me.,dialogue_candidate,review,Project Gutenberg #3289 - The Valley of Fear
VOF,VOF_T01059,VOF_T01059_S03,Unknown,How could I give it up when it would be to break my oath and to desert my comrades?,If you could see how things stand with me you could never ask it of me.,"Besides, if I wanted to, how could I do it?",dialogue_candidate,review,Project Gutenberg #3289 - The Valley of Fear
VOF,VOF_T01059,VOF_T01059_S04,Unknown,If you could see how things stand with me you could never ask it of me.,"Besides, if I wanted to, how could I do it?",You don’t suppose that the lodge would let a man go free with all its secrets?,dialogue_candidate,review,Project Gutenberg #3289 - The Valley of Fear
VOF,VOF_T01059,VOF_T01059_S05,Unknown,"Besides, if I wanted to, how could I do it?",You don’t suppose that the lodge would let a man go free with all its secrets?,,dialogue_candidate,review,Project Gutenberg #3289 - The Valley of Fear
VOF,VOF_T01060,VOF_T01060_S01,Unknown,,"I’ve thought of that, Jack.",I’ve planned it all.,dialogue_candidate,review,Project Gutenberg #3289 - The Valley of Fear
VOF,VOF_T01060,VOF_T01060_S02,Unknown,"I’ve thought of that, Jack.",I’ve planned it all.,Father has saved some money.,dialogue_candidate,review,Project Gutenberg #3289 - The Valley of Fear
VOF,VOF_T01060,VOF_T01060_S03,Unknown,I’ve planned it all.,Father has saved some money.,He is weary of this place where the fear of these people darkens our lives.,dialogue_candidate,review,Project Gutenberg #3289 - The Valley of Fear
VOF,VOF_T01060,VOF_T01060_S04,Unknown,Father has saved some money.,He is weary of this place where the fear of these people darkens our lives.,He is ready to go.,dialogue_candidate,review,Project Gutenberg #3289 - The Valley of Fear
VOF,VOF_T01060,VOF_T01060_S05,Unknown,He is weary of this place where the fear of these people darkens our lives.,He is ready to go.,"We would fly together to Philadelphia or New York, where we would be safe from them.",dialogue_candidate,review,Project Gutenberg #3289 - The Valley of Fear
VOF,VOF_T01060,VOF_T01060_S06,Unknown,He is ready to go.,"We would fly together to Philadelphia or New York, where we would be safe from them.",,dialogue_candidate,review,Project Gutenberg #3289 - The Valley of Fear
VOF,VOF_T01061,VOF_T01061_S01,Unknown,,The lodge has a long arm.,Do you think it could not stretch from here to Philadelphia or New York?,dialogue_candidate,review,Project Gutenberg #3289 - The Valley of Fear
VOF,VOF_T01061,VOF_T01061_S02,Unknown,The lodge has a long arm.,Do you think it could not stretch from here to Philadelphia or New York?,,dialogue_candidate,review,Project Gutenberg #3289 - The Valley of Fear
VOF,VOF_T01062,VOF_T01062_S01,Unknown,,"Well, then, to the West, or to England, or to Germany, where father came from—anywhere to get away from this Valley of Fear!",,dialogue_candidate,review,Project Gutenberg #3289 - The Valley of Fear
VOF,VOF_T01063,VOF_T01063_S01,he,,"Sure, it is the second time I have heard the valley so named, The shadow does indeed seem to lie heavy on some of you.",,speaker_attributed_dialogue,high,Project Gutenberg #3289 - The Valley of Fear
VOF,VOF_T01064,VOF_T01064_S01,Unknown,,It darkens every moment of our lives.,Do you suppose that Ted Baldwin has ever forgiven us?,dialogue_candidate,review,Project Gutenberg #3289 - The Valley of Fear
VOF,VOF_T01064,VOF_T01064_S02,Unknown,It darkens every moment of our lives.,Do you suppose that Ted Baldwin has ever forgiven us?,"If it were not that he fears you, what do you suppose our chances would be?",dialogue_candidate,review,Project Gutenberg #3289 - The Valley of Fear
VOF,VOF_T01064,VOF_T01064_S03,Unknown,Do you suppose that Ted Baldwin has ever forgiven us?,"If it were not that he fears you, what do you suppose our chances would be?","If you saw the look in those dark, hungry eyes of his when they fall on me!",dialogue_candidate,review,Project Gutenberg #3289 - The Valley of Fear
VOF,VOF_T01064,VOF_T01064_S04,Unknown,"If it were not that he fears you, what do you suppose our chances would be?","If you saw the look in those dark, hungry eyes of his when they fall on me!",,dialogue_candidate,review,Project Gutenberg #3289 - The Valley of Fear
VOF,VOF_T01065,VOF_T01065_S01,Unknown,,By Gar!,I’d teach him better manners if I caught him at it!,dialogue_candidate,review,Project Gutenberg #3289 - The Valley of Fear
VOF,VOF_T01065,VOF_T01065_S02,Unknown,By Gar!,I’d teach him better manners if I caught him at it!,"But see here, little girl.",dialogue_candidate,review,Project Gutenberg #3289 - The Valley of Fear
VOF,VOF_T01065,VOF_T01065_S03,Unknown,I’d teach him better manners if I caught him at it!,"But see here, little girl.",I can’t leave here.,dialogue_candidate,review,Project Gutenberg #3289 - The Valley of Fear
VOF,VOF_T01065,VOF_T01065_S04,Unknown,"But see here, little girl.",I can’t leave here.,I can’t—take that from me once and for all.,dialogue_candidate,review,Project Gutenberg #3289 - The Valley of Fear
VOF,VOF_T01065,VOF_T01065_S05,Unknown,I can’t leave here.,I can’t—take that from me once and for all.,"But if you will leave me to find my own way, I will try to prepare a way of getting honourably out of it.",dialogue_candidate,review,Project Gutenberg #3289 - The Valley of Fear
VOF,VOF_T01065,VOF_T01065_S06,Unknown,I can’t—take that from me once and for all.,"But if you will leave me to find my own way, I will try to prepare a way of getting honourably out of it.",,dialogue_candidate,review,Project Gutenberg #3289 - The Valley of Fear
VOF,VOF_T01066,VOF_T01066_S01,Unknown,,There is no honour in such a matter.,,dialogue_candidate,review,Project Gutenberg #3289 - The Valley of Fear
VOF,VOF_T01067,VOF_T01067_S01,Unknown,,"Well, well, it’s just how you look at it.","But if you’ll give me six months, I’ll work it so that I can leave without being ashamed to look others in the face.",dialogue_candidate,review,Project Gutenberg #3289 - The Valley of Fear
VOF,VOF_T01067,VOF_T01067_S02,Unknown,"Well, well, it’s just how you look at it.","But if you’ll give me six months, I’ll work it so that I can leave without being ashamed to look others in the face.",,dialogue_candidate,review,Project Gutenberg #3289 - The Valley of Fear
VOF,VOF_T01068,VOF_T01068_S01,Unknown,,Six months!,,dialogue_candidate,review,Project Gutenberg #3289 - The Valley of Fear
VOF,VOF_T01069,VOF_T01069_S01,Unknown,,Is it a promise?,,dialogue_candidate,review,Project Gutenberg #3289 - The Valley of Fear
VOF,VOF_T01070,VOF_T01070_S01,Unknown,,"Well, it may be seven or eight.",But within a year at the furthest we will leave the valley behind us.,dialogue_candidate,review,Project Gutenberg #3289 - The Valley of Fear
VOF,VOF_T01070,VOF_T01070_S02,Unknown,"Well, it may be seven or eight.",But within a year at the furthest we will leave the valley behind us.,,dialogue_candidate,review,Project Gutenberg #3289 - The Valley of Fear
VOF,VOF_T01071,VOF_T01071_S01,Unknown,,"They chose us because neither I nor the boy here drink,",,dialogue_candidate,review,Project Gutenberg #3289 - The Valley of Fear
VOF,VOF_T01072,VOF_T01072_S01,Unknown,,They can count on us saying no more than we should.,"You must not take it amiss, but it is the orders of the County Delegate that we obey.",dialogue_candidate,review,Project Gutenberg #3289 - The Valley of Fear
VOF,VOF_T01072,VOF_T01072_S02,Unknown,They can count on us saying no more than we should.,"You must not take it amiss, but it is the orders of the County Delegate that we obey.",,dialogue_candidate,review,Project Gutenberg #3289 - The Valley of Fear
VOF,VOF_T01073,VOF_T01073_S01,Scanlan,,"Sure, we are all in it together, That’s true enough, and we’ll talk till the cows come home of the killing of Charlie Williams or of Simon Bird, or any other job in the past. But till the work is done we say nothing.",,speaker_attributed_dialogue,high,Project Gutenberg #3289 - The Valley of Fear
VOF,VOF_T01074,VOF_T01074_S01,McMurdo,,"There are half a dozen about here that I have a word to say to, I suppose it isn’t Jack Knox of Ironhill that you are after.",I’d go some way to see him get his deserts.,speaker_attributed_dialogue,high,Project Gutenberg #3289 - The Valley of Fear
VOF,VOF_T01074,VOF_T01074_S02,McMurdo,"There are half a dozen about here that I have a word to say to, I suppose it isn’t Jack Knox of Ironhill that you are after.",I’d go some way to see him get his deserts.,,speaker_attributed_dialogue,high,Project Gutenberg #3289 - The Valley of Fear
VOF,VOF_T01075,VOF_T01075_S01,Unknown,,"No, it’s not him yet.",,dialogue_candidate,review,Project Gutenberg #3289 - The Valley of Fear
VOF,VOF_T01076,VOF_T01076_S01,Unknown,,Or Herman Strauss?,,dialogue_candidate,review,Project Gutenberg #3289 - The Valley of Fear
VOF,VOF_T01077,VOF_T01077_S01,Unknown,,"No, nor him either.",,dialogue_candidate,review,Project Gutenberg #3289 - The Valley of Fear
VOF,VOF_T01078,VOF_T01078_S01,Unknown,,"Well, if you won’t tell us we can’t make you; but I’d be glad to know.",,dialogue_candidate,review,Project Gutenberg #3289 - The Valley of Fear
VOF,VOF_T01079,VOF_T01079_S01,Unknown,,the fun.,,speaker_attributed_dialogue,review,Project Gutenberg #3289 - The Valley of Fear
VOF,VOF_T01080,VOF_T01080_S01,Unknown,,Who are you?,,dialogue_candidate,review,Project Gutenberg #3289 - The Valley of Fear
VOF,VOF_T01081,VOF_T01081_S01,Unknown,,What are you loitering there for?,,dialogue_candidate,review,Project Gutenberg #3289 - The Valley of Fear
VOF,VOF_T01082,VOF_T01082_S01,Unknown,,"Sure, it is like a war,",,dialogue_candidate,review,Project Gutenberg #3289 - The Valley of Fear
VOF,VOF_T01083,VOF_T01083_S01,Unknown,,"What is it but a war between us and them, and we hit back where we best can.",,dialogue_candidate,review,Project Gutenberg #3289 - The Valley of Fear
VOF,VOF_T01084,VOF_T01084_S01,Unknown,,"Let’s hear again how he squealed,",,dialogue_candidate,review,Project Gutenberg #3289 - The Valley of Fear
VOF,VOF_T01085,VOF_T01085_S01,he,,"See here, my lad, I’ve got a job that’s worthy of you at last. You’ll have the doing of it in your own hands.",,speaker_attributed_dialogue,high,Project Gutenberg #3289 - The Valley of Fear
VOF,VOF_T01086,VOF_T01086_S01,Unknown,,"Proud I am to hear it,",,dialogue_candidate,review,Project Gutenberg #3289 - The Valley of Fear
VOF,VOF_T01087,VOF_T01087_S01,Unknown,,You can take two men with you—Manders and Reilly.,They have been warned for service.,dialogue_candidate,review,Project Gutenberg #3289 - The Valley of Fear
VOF,VOF_T01087,VOF_T01087_S02,Unknown,You can take two men with you—Manders and Reilly.,They have been warned for service.,"We’ll never be right in this district until Chester Wilcox has been settled, and you’ll have the thanks of every lodge in the coal fields if you can down him.",dialogue_candidate,review,Project Gutenberg #3289 - The Valley of Fear
VOF,VOF_T01087,VOF_T01087_S03,Unknown,They have been warned for service.,"We’ll never be right in this district until Chester Wilcox has been settled, and you’ll have the thanks of every lodge in the coal fields if you can down him.",,dialogue_candidate,review,Project Gutenberg #3289 - The Valley of Fear
VOF,VOF_T01088,VOF_T01088_S01,Unknown,,"I’ll do my best, anyhow.","Who is he, and where shall I find him?",dialogue_candidate,review,Project Gutenberg #3289 - The Valley of Fear
VOF,VOF_T01088,VOF_T01088_S02,Unknown,"I’ll do my best, anyhow.","Who is he, and where shall I find him?",,dialogue_candidate,review,Project Gutenberg #3289 - The Valley of Fear
VOF,VOF_T01089,VOF_T01089_S01,Unknown,,He’s the chief foreman of the Iron Dike Company.,"He’s a hard citizen, an old colour sergeant of the war, all scars and grizzle.",dialogue_candidate,review,Project Gutenberg #3289 - The Valley of Fear
VOF,VOF_T01089,VOF_T01089_S02,Unknown,He’s the chief foreman of the Iron Dike Company.,"He’s a hard citizen, an old colour sergeant of the war, all scars and grizzle.","We’ve had two tries at him; but had no luck, and Jim Carnaway lost his life over it.",dialogue_candidate,review,Project Gutenberg #3289 - The Valley of Fear
VOF,VOF_T01089,VOF_T01089_S03,Unknown,"He’s a hard citizen, an old colour sergeant of the war, all scars and grizzle.","We’ve had two tries at him; but had no luck, and Jim Carnaway lost his life over it.",Now it’s for you to take it over.,dialogue_candidate,review,Project Gutenberg #3289 - The Valley of Fear
VOF,VOF_T01089,VOF_T01089_S04,Unknown,"We’ve had two tries at him; but had no luck, and Jim Carnaway lost his life over it.",Now it’s for you to take it over.,"That’s the house—all alone at the Iron Dike crossroad, same as you see here on the map—without another within earshot.",dialogue_candidate,review,Project Gutenberg #3289 - The Valley of Fear
VOF,VOF_T01089,VOF_T01089_S05,Unknown,Now it’s for you to take it over.,"That’s the house—all alone at the Iron Dike crossroad, same as you see here on the map—without another within earshot.",It’s no good by day.,dialogue_candidate,review,Project Gutenberg #3289 - The Valley of Fear
VOF,VOF_T01089,VOF_T01089_S06,Unknown,"That’s the house—all alone at the Iron Dike crossroad, same as you see here on the map—without another within earshot.",It’s no good by day.,"He’s armed and shoots quick and straight, with no questions asked.",dialogue_candidate,review,Project Gutenberg #3289 - The Valley of Fear
VOF,VOF_T01089,VOF_T01089_S07,Unknown,It’s no good by day.,"He’s armed and shoots quick and straight, with no questions asked.","But at night—well, there he is with his wife, three children, and a hired help.",dialogue_candidate,review,Project Gutenberg #3289 - The Valley of Fear
VOF,VOF_T01089,VOF_T01089_S08,Unknown,"He’s armed and shoots quick and straight, with no questions asked.","But at night—well, there he is with his wife, three children, and a hired help.",You can’t pick or choose.,dialogue_candidate,review,Project Gutenberg #3289 - The Valley of Fear
VOF,VOF_T01089,VOF_T01089_S09,Unknown,"But at night—well, there he is with his wife, three children, and a hired help.",You can’t pick or choose.,It’s all or none.,dialogue_candidate,review,Project Gutenberg #3289 - The Valley of Fear
VOF,VOF_T01089,VOF_T01089_S10,Unknown,You can’t pick or choose.,It’s all or none.,If you could get a bag of blasting powder at the front door with a slow match to it—,dialogue_candidate,review,Project Gutenberg #3289 - The Valley of Fear
VOF,VOF_T01089,VOF_T01089_S11,Unknown,It’s all or none.,If you could get a bag of blasting powder at the front door with a slow match to it—,,dialogue_candidate,review,Project Gutenberg #3289 - The Valley of Fear
VOF,VOF_T01090,VOF_T01090_S01,Unknown,,What’s the man done?,,dialogue_candidate,review,Project Gutenberg #3289 - The Valley of Fear
VOF,VOF_T01091,VOF_T01091_S01,Unknown,,Didn’t I tell you he shot Jim Carnaway?,,dialogue_candidate,review,Project Gutenberg #3289 - The Valley of Fear
VOF,VOF_T01092,VOF_T01092_S01,Unknown,,Why did he shoot him?,,dialogue_candidate,review,Project Gutenberg #3289 - The Valley of Fear
VOF,VOF_T01093,VOF_T01093_S01,Unknown,,What in thunder has that to do with you?,"Carnaway was about his house at night, and he shot him.",dialogue_candidate,review,Project Gutenberg #3289 - The Valley of Fear
VOF,VOF_T01093,VOF_T01093_S02,Unknown,What in thunder has that to do with you?,"Carnaway was about his house at night, and he shot him.",That’s enough for me and you.,dialogue_candidate,review,Project Gutenberg #3289 - The Valley of Fear
VOF,VOF_T01093,VOF_T01093_S03,Unknown,"Carnaway was about his house at night, and he shot him.",That’s enough for me and you.,You’ve got to settle the thing right.,dialogue_candidate,review,Project Gutenberg #3289 - The Valley of Fear
VOF,VOF_T01093,VOF_T01093_S04,Unknown,That’s enough for me and you.,You’ve got to settle the thing right.,,dialogue_candidate,review,Project Gutenberg #3289 - The Valley of Fear
VOF,VOF_T01094,VOF_T01094_S01,Unknown,,There’s these two women and the children.,Do they go up too?,dialogue_candidate,review,Project Gutenberg #3289 - The Valley of Fear
VOF,VOF_T01094,VOF_T01094_S02,Unknown,There’s these two women and the children.,Do they go up too?,,dialogue_candidate,review,Project Gutenberg #3289 - The Valley of Fear
VOF,VOF_T01095,VOF_T01095_S01,Unknown,,They have to—else how can we get him?,,dialogue_candidate,review,Project Gutenberg #3289 - The Valley of Fear
VOF,VOF_T01096,VOF_T01096_S01,Unknown,,It seems hard on them; for they’ve done nothing.,,dialogue_candidate,review,Project Gutenberg #3289 - The Valley of Fear
VOF,VOF_T01097,VOF_T01097_S01,Unknown,,What sort of fool’s talk is this?,Do you back out?,dialogue_candidate,review,Project Gutenberg #3289 - The Valley of Fear
VOF,VOF_T01097,VOF_T01097_S02,Unknown,What sort of fool’s talk is this?,Do you back out?,,dialogue_candidate,review,Project Gutenberg #3289 - The Valley of Fear
VOF,VOF_T01098,VOF_T01098_S01,Unknown,,"Easy, Councillor, easy!",What have I ever said or done that you should think I would be after standing back from an order of the Bodymaster of my own lodge?,dialogue_candidate,review,Project Gutenberg #3289 - The Valley of Fear
VOF,VOF_T01098,VOF_T01098_S02,Unknown,"Easy, Councillor, easy!",What have I ever said or done that you should think I would be after standing back from an order of the Bodymaster of my own lodge?,"If it’s right or if it’s wrong, it’s for you to decide.",dialogue_candidate,review,Project Gutenberg #3289 - The Valley of Fear
VOF,VOF_T01098,VOF_T01098_S03,Unknown,What have I ever said or done that you should think I would be after standing back from an order of the Bodymaster of my own lodge?,"If it’s right or if it’s wrong, it’s for you to decide.",,dialogue_candidate,review,Project Gutenberg #3289 - The Valley of Fear
VOF,VOF_T01099,VOF_T01099_S01,Unknown,,"You’ll do it, then?",,dialogue_candidate,review,Project Gutenberg #3289 - The Valley of Fear
VOF,VOF_T01100,VOF_T01100_S01,Unknown,,Of course I will do it.,,dialogue_candidate,review,Project Gutenberg #3289 - The Valley of Fear
VOF,VOF_T01101,VOF_T01101_S01,Unknown,,When?,,dialogue_candidate,review,Project Gutenberg #3289 - The Valley of Fear
VOF,VOF_T01102,VOF_T01102_S01,Unknown,,"Well, you had best give me a night or two that I may see the house and make my plans.",Then—,dialogue_candidate,review,Project Gutenberg #3289 - The Valley of Fear
VOF,VOF_T01102,VOF_T01102_S02,Unknown,"Well, you had best give me a night or two that I may see the house and make my plans.",Then—,,dialogue_candidate,review,Project Gutenberg #3289 - The Valley of Fear
VOF,VOF_T01103,VOF_T01103_S01,McGinty,,"Very good, I leave it with you.",It will be a great day when you bring us the news.,speaker_attributed_dialogue,high,Project Gutenberg #3289 - The Valley of Fear
VOF,VOF_T01103,VOF_T01103_S02,McGinty,"Very good, I leave it with you.",It will be a great day when you bring us the news.,It’s just the last stroke that will bring them all to their knees.,speaker_attributed_dialogue,high,Project Gutenberg #3289 - The Valley of Fear
VOF,VOF_T01103,VOF_T01103_S03,McGinty,It will be a great day when you bring us the news.,It’s just the last stroke that will bring them all to their knees.,,speaker_attributed_dialogue,high,Project Gutenberg #3289 - The Valley of Fear
VOF,VOF_T01104,VOF_T01104_S01,McMurdo,,"Leave him to me, He’s my man, and I’ll get him sure if I have to wait a year for him.",,speaker_attributed_dialogue,high,Project Gutenberg #3289 - The Valley of Fear
VOF,VOF_T01105,VOF_T01105_S01,Unknown,,"Can I speak with you freely, mr. McMurdo?",,dialogue_candidate,review,Project Gutenberg #3289 - The Valley of Fear
VOF,VOF_T01106,VOF_T01106_S01,Unknown,,Sure.,,dialogue_candidate,review,Project Gutenberg #3289 - The Valley of Fear
VOF,VOF_T01107,VOF_T01107_S01,Unknown,,"I can’t forget that I spoke my heart to you once, and that you kept it to yourself, even though the Boss himself came to ask you about it.",,dialogue_candidate,review,Project Gutenberg #3289 - The Valley of Fear
VOF,VOF_T01108,VOF_T01108_S01,Unknown,,What else could I do if you trusted me?,It wasn’t that I agreed with what you said.,dialogue_candidate,review,Project Gutenberg #3289 - The Valley of Fear
VOF,VOF_T01108,VOF_T01108_S02,Unknown,What else could I do if you trusted me?,It wasn’t that I agreed with what you said.,,dialogue_candidate,review,Project Gutenberg #3289 - The Valley of Fear
VOF,VOF_T01109,VOF_T01109_S01,Unknown,,I know that well.,But you are the one that I can speak to and be safe.,dialogue_candidate,review,Project Gutenberg #3289 - The Valley of Fear
VOF,VOF_T01109,VOF_T01109_S02,Unknown,I know that well.,But you are the one that I can speak to and be safe.,"I’ve a secret here,",dialogue_candidate,review,Project Gutenberg #3289 - The Valley of Fear
VOF,VOF_T01109,VOF_T01109_S03,Unknown,But you are the one that I can speak to and be safe.,"I’ve a secret here,",,dialogue_candidate,review,Project Gutenberg #3289 - The Valley of Fear
VOF,VOF_T01110,VOF_T01110_S01,Unknown,,and it is just burning the life out of me.,I wish it had come to any one of you but me.,dialogue_candidate,review,Project Gutenberg #3289 - The Valley of Fear
VOF,VOF_T01110,VOF_T01110_S02,Unknown,and it is just burning the life out of me.,I wish it had come to any one of you but me.,"If I tell it, it will mean murder, for sure.",dialogue_candidate,review,Project Gutenberg #3289 - The Valley of Fear
VOF,VOF_T01110,VOF_T01110_S03,Unknown,I wish it had come to any one of you but me.,"If I tell it, it will mean murder, for sure.","If I don’t, it may bring the end of us all.",dialogue_candidate,review,Project Gutenberg #3289 - The Valley of Fear
VOF,VOF_T01110,VOF_T01110_S04,Unknown,"If I tell it, it will mean murder, for sure.","If I don’t, it may bring the end of us all.","God help me, but I am near out of my wits over it!",dialogue_candidate,review,Project Gutenberg #3289 - The Valley of Fear
VOF,VOF_T01110,VOF_T01110_S05,Unknown,"If I don’t, it may bring the end of us all.","God help me, but I am near out of my wits over it!",,dialogue_candidate,review,Project Gutenberg #3289 - The Valley of Fear
VOF,VOF_T01111,VOF_T01111_S01,he,,"That’s the physic for the likes of you, Now let me hear of it.",,speaker_attributed_dialogue,high,Project Gutenberg #3289 - The Valley of Fear
VOF,VOF_T01112,VOF_T01112_S01,he,,"I can tell it to you all in one sentence, There’s a detective on our trail.",,speaker_attributed_dialogue,high,Project Gutenberg #3289 - The Valley of Fear
VOF,VOF_T01113,VOF_T01113_S01,Unknown,,"Why, man, you’re crazy,",,dialogue_candidate,review,Project Gutenberg #3289 - The Valley of Fear
VOF,VOF_T01114,VOF_T01114_S01,Unknown,,Isn’t the place full of police and detectives and what harm did they ever do us?,,dialogue_candidate,review,Project Gutenberg #3289 - The Valley of Fear
VOF,VOF_T01115,VOF_T01115_S01,Unknown,,"No, no, it’s no man of the district.","As you say, we know them, and it is little that they can do.",dialogue_candidate,review,Project Gutenberg #3289 - The Valley of Fear
VOF,VOF_T01115,VOF_T01115_S02,Unknown,"No, no, it’s no man of the district.","As you say, we know them, and it is little that they can do.",But you’ve heard of Pinkerton’s?,dialogue_candidate,review,Project Gutenberg #3289 - The Valley of Fear
VOF,VOF_T01115,VOF_T01115_S03,Unknown,"As you say, we know them, and it is little that they can do.",But you’ve heard of Pinkerton’s?,,dialogue_candidate,review,Project Gutenberg #3289 - The Valley of Fear
VOF,VOF_T01116,VOF_T01116_S01,Unknown,,I’ve read of some folk of that name.,,dialogue_candidate,review,Project Gutenberg #3289 - The Valley of Fear
VOF,VOF_T01117,VOF_T01117_S01,Unknown,,"Well, you can take it from me you’ve no show when they are on your trail.",It’s not a take-it-or-miss-it government concern.,dialogue_candidate,review,Project Gutenberg #3289 - The Valley of Fear
VOF,VOF_T01117,VOF_T01117_S02,Unknown,"Well, you can take it from me you’ve no show when they are on your trail.",It’s not a take-it-or-miss-it government concern.,It’s a dead earnest business proposition that’s out for results and keeps out till by hook or crook it gets them.,dialogue_candidate,review,Project Gutenberg #3289 - The Valley of Fear
VOF,VOF_T01117,VOF_T01117_S03,Unknown,It’s not a take-it-or-miss-it government concern.,It’s a dead earnest business proposition that’s out for results and keeps out till by hook or crook it gets them.,"If a Pinkerton man is deep in this business, we are all destroyed.",dialogue_candidate,review,Project Gutenberg #3289 - The Valley of Fear
VOF,VOF_T01117,VOF_T01117_S04,Unknown,It’s a dead earnest business proposition that’s out for results and keeps out till by hook or crook it gets them.,"If a Pinkerton man is deep in this business, we are all destroyed.",,dialogue_candidate,review,Project Gutenberg #3289 - The Valley of Fear
VOF,VOF_T01118,VOF_T01118_S01,Unknown,,We must kill him.,,dialogue_candidate,review,Project Gutenberg #3289 - The Valley of Fear
VOF,VOF_T01119,VOF_T01119_S01,Unknown,,"Ah, it’s the first thought that came to you!",So it will be up at the lodge.,dialogue_candidate,review,Project Gutenberg #3289 - The Valley of Fear
VOF,VOF_T01119,VOF_T01119_S02,Unknown,"Ah, it’s the first thought that came to you!",So it will be up at the lodge.,Didn’t I say to you that it would end in murder?,dialogue_candidate,review,Project Gutenberg #3289 - The Valley of Fear
VOF,VOF_T01119,VOF_T01119_S03,Unknown,So it will be up at the lodge.,Didn’t I say to you that it would end in murder?,,dialogue_candidate,review,Project Gutenberg #3289 - The Valley of Fear
VOF,VOF_T01120,VOF_T01120_S01,Unknown,,"Sure, what is murder?",Isn’t it common enough in these parts?,dialogue_candidate,review,Project Gutenberg #3289 - The Valley of Fear
VOF,VOF_T01120,VOF_T01120_S02,Unknown,"Sure, what is murder?",Isn’t it common enough in these parts?,,dialogue_candidate,review,Project Gutenberg #3289 - The Valley of Fear
VOF,VOF_T01121,VOF_T01121_S01,Unknown,,"It is, indeed; but it’s not for me to point out the man that is to be murdered.",I’d never rest easy again.,dialogue_candidate,review,Project Gutenberg #3289 - The Valley of Fear
VOF,VOF_T01121,VOF_T01121_S02,Unknown,"It is, indeed; but it’s not for me to point out the man that is to be murdered.",I’d never rest easy again.,And yet it’s our own necks that may be at stake.,dialogue_candidate,review,Project Gutenberg #3289 - The Valley of Fear
VOF,VOF_T01121,VOF_T01121_S03,Unknown,I’d never rest easy again.,And yet it’s our own necks that may be at stake.,In God’s name what shall I do?,dialogue_candidate,review,Project Gutenberg #3289 - The Valley of Fear
VOF,VOF_T01121,VOF_T01121_S04,Unknown,And yet it’s our own necks that may be at stake.,In God’s name what shall I do?,,dialogue_candidate,review,Project Gutenberg #3289 - The Valley of Fear
VOF,VOF_T01122,VOF_T01122_S01,Unknown,,"See here, man,",,dialogue_candidate,review,Project Gutenberg #3289 - The Valley of Fear
VOF,VOF_T01123,VOF_T01123_S01,Unknown,,you won’t gain anything by sitting keening like an old wife at a wake.,Let’s have the facts.,dialogue_candidate,review,Project Gutenberg #3289 - The Valley of Fear
VOF,VOF_T01123,VOF_T01123_S02,Unknown,you won’t gain anything by sitting keening like an old wife at a wake.,Let’s have the facts.,Who is the fellow?,dialogue_candidate,review,Project Gutenberg #3289 - The Valley of Fear
VOF,VOF_T01123,VOF_T01123_S03,Unknown,Let’s have the facts.,Who is the fellow?,Where is he?,dialogue_candidate,review,Project Gutenberg #3289 - The Valley of Fear
VOF,VOF_T01123,VOF_T01123_S04,Unknown,Who is the fellow?,Where is he?,How did you hear of him?,dialogue_candidate,review,Project Gutenberg #3289 - The Valley of Fear
VOF,VOF_T01123,VOF_T01123_S05,Unknown,Where is he?,How did you hear of him?,Why did you come to me?,dialogue_candidate,review,Project Gutenberg #3289 - The Valley of Fear
VOF,VOF_T01123,VOF_T01123_S06,Unknown,How did you hear of him?,Why did you come to me?,,dialogue_candidate,review,Project Gutenberg #3289 - The Valley of Fear
VOF,VOF_T01124,VOF_T01124_S01,Unknown,,I came to you; for you are the one man that would advise me.,I told you that I had a store in the East before I came here.,dialogue_candidate,review,Project Gutenberg #3289 - The Valley of Fear
VOF,VOF_T01124,VOF_T01124_S02,Unknown,I came to you; for you are the one man that would advise me.,I told you that I had a store in the East before I came here.,"I left good friends behind me, and one of them is in the telegraph service.",dialogue_candidate,review,Project Gutenberg #3289 - The Valley of Fear
VOF,VOF_T01124,VOF_T01124_S03,Unknown,I told you that I had a store in the East before I came here.,"I left good friends behind me, and one of them is in the telegraph service.",Here’s a letter that I had from him yesterday.,dialogue_candidate,review,Project Gutenberg #3289 - The Valley of Fear
VOF,VOF_T01124,VOF_T01124_S04,Unknown,"I left good friends behind me, and one of them is in the telegraph service.",Here’s a letter that I had from him yesterday.,It’s this part from the top of the page.,dialogue_candidate,review,Project Gutenberg #3289 - The Valley of Fear
VOF,VOF_T01124,VOF_T01124_S05,Unknown,Here’s a letter that I had from him yesterday.,It’s this part from the top of the page.,You can read it yourself.,dialogue_candidate,review,Project Gutenberg #3289 - The Valley of Fear
VOF,VOF_T01124,VOF_T01124_S06,Unknown,It’s this part from the top of the page.,You can read it yourself.,,dialogue_candidate,review,Project Gutenberg #3289 - The Valley of Fear
VOF,VOF_T01125,VOF_T01125_S01,Unknown,,Now read the postscript.,,dialogue_candidate,review,Project Gutenberg #3289 - The Valley of Fear
VOF,VOF_T01126,VOF_T01126_S01,Unknown,,Does anyone else know of this?,,dialogue_candidate,review,Project Gutenberg #3289 - The Valley of Fear
VOF,VOF_T01127,VOF_T01127_S01,Unknown,,I have told no one else.,,dialogue_candidate,review,Project Gutenberg #3289 - The Valley of Fear
VOF,VOF_T01128,VOF_T01128_S01,Unknown,,But this man—your friend—has he any other person that he would be likely to write to?,,dialogue_candidate,review,Project Gutenberg #3289 - The Valley of Fear
VOF,VOF_T01129,VOF_T01129_S01,Unknown,,"Well, I dare say he knows one or two more.",,dialogue_candidate,review,Project Gutenberg #3289 - The Valley of Fear
VOF,VOF_T01130,VOF_T01130_S01,Unknown,,Of the lodge?,,dialogue_candidate,review,Project Gutenberg #3289 - The Valley of Fear
VOF,VOF_T01131,VOF_T01131_S01,Unknown,,It’s likely enough.,,dialogue_candidate,review,Project Gutenberg #3289 - The Valley of Fear
VOF,VOF_T01132,VOF_T01132_S01,Unknown,,I was asking because it is likely that he may have given some description of this fellow Birdy Edwards—then we could get on his trail.,,dialogue_candidate,review,Project Gutenberg #3289 - The Valley of Fear
VOF,VOF_T01133,VOF_T01133_S01,Unknown,,"Well, it’s possible.",But I should not think he knew him.,dialogue_candidate,review,Project Gutenberg #3289 - The Valley of Fear
VOF,VOF_T01133,VOF_T01133_S02,Unknown,"Well, it’s possible.",But I should not think he knew him.,He is just telling me the news that came to him by way of business.,dialogue_candidate,review,Project Gutenberg #3289 - The Valley of Fear
VOF,VOF_T01133,VOF_T01133_S03,Unknown,But I should not think he knew him.,He is just telling me the news that came to him by way of business.,How would he know this Pinkerton man?,dialogue_candidate,review,Project Gutenberg #3289 - The Valley of Fear
VOF,VOF_T01133,VOF_T01133_S04,Unknown,He is just telling me the news that came to him by way of business.,How would he know this Pinkerton man?,,dialogue_candidate,review,Project Gutenberg #3289 - The Valley of Fear
VOF,VOF_T01134,VOF_T01134_S01,Unknown,,By Gar!,,dialogue_candidate,review,Project Gutenberg #3289 - The Valley of Fear
VOF,VOF_T01135,VOF_T01135_S01,he,,I’ve got him.,What a fool I was not to know it.,speaker_attributed_dialogue,high,Project Gutenberg #3289 - The Valley of Fear
VOF,VOF_T01135,VOF_T01135_S02,he,I’ve got him.,What a fool I was not to know it.,Lord! but we’re in luck!,speaker_attributed_dialogue,high,Project Gutenberg #3289 - The Valley of Fear
VOF,VOF_T01135,VOF_T01135_S03,he,What a fool I was not to know it.,Lord! but we’re in luck!,We will fix him before he can do any harm.,speaker_attributed_dialogue,high,Project Gutenberg #3289 - The Valley of Fear
VOF,VOF_T01135,VOF_T01135_S04,he,Lord! but we’re in luck!,We will fix him before he can do any harm.,"See here, Morris, will you leave this thing in my hands?",speaker_attributed_dialogue,high,Project Gutenberg #3289 - The Valley of Fear
VOF,VOF_T01135,VOF_T01135_S05,he,We will fix him before he can do any harm.,"See here, Morris, will you leave this thing in my hands?",,speaker_attributed_dialogue,high,Project Gutenberg #3289 - The Valley of Fear
VOF,VOF_T01136,VOF_T01136_S01,Unknown,,"Sure, if you will only take it off mine.",,dialogue_candidate,review,Project Gutenberg #3289 - The Valley of Fear
VOF,VOF_T01137,VOF_T01137_S01,Unknown,,I’ll do that.,You can stand right back and let me run it.,dialogue_candidate,review,Project Gutenberg #3289 - The Valley of Fear
VOF,VOF_T01137,VOF_T01137_S02,Unknown,I’ll do that.,You can stand right back and let me run it.,Even your name need not be mentioned.,dialogue_candidate,review,Project Gutenberg #3289 - The Valley of Fear
VOF,VOF_T01137,VOF_T01137_S03,Unknown,You can stand right back and let me run it.,Even your name need not be mentioned.,"I’ll take it all on myself, as if it were to me that this letter has come.",dialogue_candidate,review,Project Gutenberg #3289 - The Valley of Fear
VOF,VOF_T01137,VOF_T01137_S04,Unknown,Even your name need not be mentioned.,"I’ll take it all on myself, as if it were to me that this letter has come.",Will that content you?,dialogue_candidate,review,Project Gutenberg #3289 - The Valley of Fear
VOF,VOF_T01137,VOF_T01137_S05,Unknown,"I’ll take it all on myself, as if it were to me that this letter has come.",Will that content you?,,dialogue_candidate,review,Project Gutenberg #3289 - The Valley of Fear
VOF,VOF_T01138,VOF_T01138_S01,Unknown,,It’s just what I would ask.,,dialogue_candidate,review,Project Gutenberg #3289 - The Valley of Fear
VOF,VOF_T01139,VOF_T01139_S01,Unknown,,Then leave it at that and keep your head shut.,"Now I’ll get down to the lodge, and we’ll soon make old man Pinkerton sorry for himself.",dialogue_candidate,review,Project Gutenberg #3289 - The Valley of Fear
VOF,VOF_T01139,VOF_T01139_S02,Unknown,Then leave it at that and keep your head shut.,"Now I’ll get down to the lodge, and we’ll soon make old man Pinkerton sorry for himself.",,dialogue_candidate,review,Project Gutenberg #3289 - The Valley of Fear
VOF,VOF_T01140,VOF_T01140_S01,Unknown,,You wouldn’t kill this man?,,dialogue_candidate,review,Project Gutenberg #3289 - The Valley of Fear
VOF,VOF_T01141,VOF_T01141_S01,Unknown,,"The less you know, Friend Morris, the easier your conscience will be, and the better you will sleep.","Ask no questions, and let these things settle themselves.",dialogue_candidate,review,Project Gutenberg #3289 - The Valley of Fear
VOF,VOF_T01141,VOF_T01141_S02,Unknown,"The less you know, Friend Morris, the easier your conscience will be, and the better you will sleep.","Ask no questions, and let these things settle themselves.",I have hold of it now.,dialogue_candidate,review,Project Gutenberg #3289 - The Valley of Fear
VOF,VOF_T01141,VOF_T01141_S03,Unknown,"Ask no questions, and let these things settle themselves.",I have hold of it now.,,dialogue_candidate,review,Project Gutenberg #3289 - The Valley of Fear
VOF,VOF_T01142,VOF_T01142_S01,Unknown,,"I feel that his blood is on my hands,",,dialogue_candidate,review,Project Gutenberg #3289 - The Valley of Fear
VOF,VOF_T01143,VOF_T01143_S01,McMurdo,,"Self-protection is no murder, anyhow, It’s him or us.",I guess this man would destroy us all if we left him long in the valley.,speaker_attributed_dialogue,high,Project Gutenberg #3289 - The Valley of Fear
VOF,VOF_T01143,VOF_T01143_S02,McMurdo,"Self-protection is no murder, anyhow, It’s him or us.",I guess this man would destroy us all if we left him long in the valley.,"Why, Brother Morris, we’ll have to elect you Bodymaster yet; for you’ve surely saved the lodge.",speaker_attributed_dialogue,high,Project Gutenberg #3289 - The Valley of Fear
VOF,VOF_T01143,VOF_T01143_S03,McMurdo,I guess this man would destroy us all if we left him long in the valley.,"Why, Brother Morris, we’ll have to elect you Bodymaster yet; for you’ve surely saved the lodge.",,speaker_attributed_dialogue,high,Project Gutenberg #3289 - The Valley of Fear
VOF,VOF_T01144,VOF_T01144_S01,Unknown,,Something has happened!,,dialogue_candidate,review,Project Gutenberg #3289 - The Valley of Fear
VOF,VOF_T01145,VOF_T01145_S01,Unknown,,"Oh, Jack, you are in danger!",,dialogue_candidate,review,Project Gutenberg #3289 - The Valley of Fear
VOF,VOF_T01146,VOF_T01146_S01,Unknown,,"Sure, it is not very bad, my sweetheart.",And yet it may be wise that we make a move before it is worse.,dialogue_candidate,review,Project Gutenberg #3289 - The Valley of Fear
VOF,VOF_T01146,VOF_T01146_S02,Unknown,"Sure, it is not very bad, my sweetheart.",And yet it may be wise that we make a move before it is worse.,,dialogue_candidate,review,Project Gutenberg #3289 - The Valley of Fear
VOF,VOF_T01147,VOF_T01147_S01,Unknown,,Make a move?,,dialogue_candidate,review,Project Gutenberg #3289 - The Valley of Fear
VOF,VOF_T01148,VOF_T01148_S01,Unknown,,I promised you once that I would go some day.,I think the time is coming.,dialogue_candidate,review,Project Gutenberg #3289 - The Valley of Fear
VOF,VOF_T01148,VOF_T01148_S02,Unknown,I promised you once that I would go some day.,I think the time is coming.,"I had news to-night, bad news, and I see trouble coming.",dialogue_candidate,review,Project Gutenberg #3289 - The Valley of Fear
VOF,VOF_T01148,VOF_T01148_S03,Unknown,I think the time is coming.,"I had news to-night, bad news, and I see trouble coming.",,dialogue_candidate,review,Project Gutenberg #3289 - The Valley of Fear
VOF,VOF_T01149,VOF_T01149_S01,Unknown,,The police?,,dialogue_candidate,review,Project Gutenberg #3289 - The Valley of Fear
VOF,VOF_T01150,VOF_T01150_S01,Unknown,,"Well, a Pinkerton.","But, sure, you wouldn’t know what that is, acushla, nor what it may mean to the likes of me.",dialogue_candidate,review,Project Gutenberg #3289 - The Valley of Fear
VOF,VOF_T01150,VOF_T01150_S02,Unknown,"Well, a Pinkerton.","But, sure, you wouldn’t know what that is, acushla, nor what it may mean to the likes of me.","I’m too deep in this thing, and I may have to get out of it quick.",dialogue_candidate,review,Project Gutenberg #3289 - The Valley of Fear
VOF,VOF_T01150,VOF_T01150_S03,Unknown,"But, sure, you wouldn’t know what that is, acushla, nor what it may mean to the likes of me.","I’m too deep in this thing, and I may have to get out of it quick.",You said you would come with me if I went.,dialogue_candidate,review,Project Gutenberg #3289 - The Valley of Fear
VOF,VOF_T01150,VOF_T01150_S04,Unknown,"I’m too deep in this thing, and I may have to get out of it quick.",You said you would come with me if I went.,,dialogue_candidate,review,Project Gutenberg #3289 - The Valley of Fear
VOF,VOF_T01151,VOF_T01151_S01,Unknown,,"Oh, Jack, it would be the saving of you!",,dialogue_candidate,review,Project Gutenberg #3289 - The Valley of Fear
VOF,VOF_T01152,VOF_T01152_S01,Unknown,,"I’m an honest man in some things, Ettie.","I wouldn’t hurt a hair of your bonny head for all that the world can give, nor ever pull you down one inch from the golden throne above the clouds where I always see you.",dialogue_candidate,review,Project Gutenberg #3289 - The Valley of Fear
VOF,VOF_T01152,VOF_T01152_S02,Unknown,"I’m an honest man in some things, Ettie.","I wouldn’t hurt a hair of your bonny head for all that the world can give, nor ever pull you down one inch from the golden throne above the clouds where I always see you.",Would you trust me?,dialogue_candidate,review,Project Gutenberg #3289 - The Valley of Fear
VOF,VOF_T01152,VOF_T01152_S03,Unknown,"I wouldn’t hurt a hair of your bonny head for all that the world can give, nor ever pull you down one inch from the golden throne above the clouds where I always see you.",Would you trust me?,,dialogue_candidate,review,Project Gutenberg #3289 - The Valley of Fear
VOF,VOF_T01153,VOF_T01153_S01,Unknown,,"Well, then, listen to what I say, and do as I order you, for indeed it’s the only way for us.",Things are going to happen in this valley.,dialogue_candidate,review,Project Gutenberg #3289 - The Valley of Fear
VOF,VOF_T01153,VOF_T01153_S02,Unknown,"Well, then, listen to what I say, and do as I order you, for indeed it’s the only way for us.",Things are going to happen in this valley.,I feel it in my bones.,dialogue_candidate,review,Project Gutenberg #3289 - The Valley of Fear
VOF,VOF_T01153,VOF_T01153_S03,Unknown,Things are going to happen in this valley.,I feel it in my bones.,There may be many of us that will have to look out for ourselves.,dialogue_candidate,review,Project Gutenberg #3289 - The Valley of Fear
VOF,VOF_T01153,VOF_T01153_S04,Unknown,I feel it in my bones.,There may be many of us that will have to look out for ourselves.,"I’m one, anyhow.",dialogue_candidate,review,Project Gutenberg #3289 - The Valley of Fear
VOF,VOF_T01153,VOF_T01153_S05,Unknown,There may be many of us that will have to look out for ourselves.,"I’m one, anyhow.","If I go, by day or night, it’s you that must come with me!",dialogue_candidate,review,Project Gutenberg #3289 - The Valley of Fear
VOF,VOF_T01153,VOF_T01153_S06,Unknown,"I’m one, anyhow.","If I go, by day or night, it’s you that must come with me!",,dialogue_candidate,review,Project Gutenberg #3289 - The Valley of Fear
VOF,VOF_T01154,VOF_T01154_S01,Unknown,,"I’d come after you, Jack.",,dialogue_candidate,review,Project Gutenberg #3289 - The Valley of Fear
VOF,VOF_T01155,VOF_T01155_S01,Unknown,,"No, no, you shall come _with_ me.","If this valley is closed to me and I can never come back, how can I leave you behind, and me perhaps in hiding from the police with never a chance of a message?",dialogue_candidate,review,Project Gutenberg #3289 - The Valley of Fear
VOF,VOF_T01155,VOF_T01155_S02,Unknown,"No, no, you shall come _with_ me.","If this valley is closed to me and I can never come back, how can I leave you behind, and me perhaps in hiding from the police with never a chance of a message?",It’s with me you must come.,dialogue_candidate,review,Project Gutenberg #3289 - The Valley of Fear
VOF,VOF_T01155,VOF_T01155_S03,Unknown,"If this valley is closed to me and I can never come back, how can I leave you behind, and me perhaps in hiding from the police with never a chance of a message?",It’s with me you must come.,"I know a good woman in the place I come from, and it’s there I’d leave you till we can get married.",dialogue_candidate,review,Project Gutenberg #3289 - The Valley of Fear
VOF,VOF_T01155,VOF_T01155_S04,Unknown,It’s with me you must come.,"I know a good woman in the place I come from, and it’s there I’d leave you till we can get married.",Will you come?,dialogue_candidate,review,Project Gutenberg #3289 - The Valley of Fear
VOF,VOF_T01155,VOF_T01155_S05,Unknown,"I know a good woman in the place I come from, and it’s there I’d leave you till we can get married.",Will you come?,,dialogue_candidate,review,Project Gutenberg #3289 - The Valley of Fear
VOF,VOF_T01156,VOF_T01156_S01,Unknown,,"Yes, Jack, I will come.",,dialogue_candidate,review,Project Gutenberg #3289 - The Valley of Fear
VOF,VOF_T01157,VOF_T01157_S01,Unknown,,God bless you for your trust in me!,It’s a fiend out of hell that I should be if I abused it.,dialogue_candidate,review,Project Gutenberg #3289 - The Valley of Fear
VOF,VOF_T01157,VOF_T01157_S02,Unknown,God bless you for your trust in me!,It’s a fiend out of hell that I should be if I abused it.,"Now, mark you, Ettie, it will be just a word to you, and when it reaches you, you will drop everything and come right down to the waiting room at the depot and stay there till I come for you.",dialogue_candidate,review,Project Gutenberg #3289 - The Valley of Fear
VOF,VOF_T01157,VOF_T01157_S03,Unknown,It’s a fiend out of hell that I should be if I abused it.,"Now, mark you, Ettie, it will be just a word to you, and when it reaches you, you will drop everything and come right down to the waiting room at the depot and stay there till I come for you.",,dialogue_candidate,review,Project Gutenberg #3289 - The Valley of Fear
VOF,VOF_T01158,VOF_T01158_S01,Unknown,,"Day or night, I’ll come at the word, Jack.",,dialogue_candidate,review,Project Gutenberg #3289 - The Valley of Fear
VOF,VOF_T01159,VOF_T01159_S01,the chairman,,"Indeed, it’s glad we are to see you, Brother!",There’s business here that wants a Solomon in judgment to set it right.,speaker_attributed_dialogue,high,Project Gutenberg #3289 - The Valley of Fear
VOF,VOF_T01159,VOF_T01159_S02,the chairman,"Indeed, it’s glad we are to see you, Brother!",There’s business here that wants a Solomon in judgment to set it right.,,speaker_attributed_dialogue,high,Project Gutenberg #3289 - The Valley of Fear
VOF,VOF_T01160,VOF_T01160_S01,Unknown,,"It’s Lander and Egan, They both claim the head money given by the lodge for the shooting of old man Crabbe over at Stylestown, and who’s to say which fired the bullet?",,speaker_attributed_dialogue,review,Project Gutenberg #3289 - The Valley of Fear
VOF,VOF_T01161,VOF_T01161_S01,Unknown,,"Eminent Bodymaster,",,dialogue_candidate,review,Project Gutenberg #3289 - The Valley of Fear
VOF,VOF_T01162,VOF_T01162_S01,Unknown,,I claim urgency!,,dialogue_candidate,review,Project Gutenberg #3289 - The Valley of Fear
VOF,VOF_T01163,VOF_T01163_S01,McGinty,,"Brother McMurdo claims urgency, It’s a claim that by the rules of this lodge takes precedence.","Now Brother, we attend you.",speaker_attributed_dialogue,high,Project Gutenberg #3289 - The Valley of Fear
VOF,VOF_T01163,VOF_T01163_S02,McGinty,"Brother McMurdo claims urgency, It’s a claim that by the rules of this lodge takes precedence.","Now Brother, we attend you.",,speaker_attributed_dialogue,high,Project Gutenberg #3289 - The Valley of Fear
VOF,VOF_T01164,VOF_T01164_S01,Unknown,,"Eminent Bodymaster and Brethren,",,dialogue_candidate,review,Project Gutenberg #3289 - The Valley of Fear
VOF,VOF_T01165,VOF_T01165_S01,he,,"I am the bearer of ill news this day; but it is better that it should be known and discussed, than that a blow should fall upon us without warning which would destroy us all.","I have information that the most powerful and richest organizations in this state have bound themselves together for our destruction, and that at this very moment there is a Pinkerton detective, one Birdy Edwards, at work in the valley collecting the evidence which may put a rope round the necks of many of us, and send every man in this room into a felon’s cell.",speaker_attributed_dialogue,high,Project Gutenberg #3289 - The Valley of Fear
VOF,VOF_T01165,VOF_T01165_S02,he,"I am the bearer of ill news this day; but it is better that it should be known and discussed, than that a blow should fall upon us without warning which would destroy us all.","I have information that the most powerful and richest organizations in this state have bound themselves together for our destruction, and that at this very moment there is a Pinkerton detective, one Birdy Edwards, at work in the valley collecting the evidence which may put a rope round the necks of many of us, and send every man in this room into a felon’s cell.",That is the situation for the discussion of which I have made a claim of urgency.,speaker_attributed_dialogue,high,Project Gutenberg #3289 - The Valley of Fear
VOF,VOF_T01165,VOF_T01165_S03,he,"I have information that the most powerful and richest organizations in this state have bound themselves together for our destruction, and that at this very moment there is a Pinkerton detective, one Birdy Edwards, at work in the valley collecting the evidence which may put a rope round the necks of many of us, and send every man in this room into a felon’s cell.",That is the situation for the discussion of which I have made a claim of urgency.,,speaker_attributed_dialogue,high,Project Gutenberg #3289 - The Valley of Fear
VOF,VOF_T01166,VOF_T01166_S01,Unknown,,"What is your evidence for this, Brother McMurdo?",,dialogue_candidate,review,Project Gutenberg #3289 - The Valley of Fear
VOF,VOF_T01167,VOF_T01167_S01,Unknown,,"It is in this letter which has come into my hands, It is a matter of honour with me that I can give no further particulars about the letter, nor put it into your hands; but I assure you that there is nothing else in it which can affect the interests of the lodge.",I put the case before you as it has reached me.,speaker_attributed_dialogue,review,Project Gutenberg #3289 - The Valley of Fear
VOF,VOF_T01167,VOF_T01167_S02,Unknown,"It is in this letter which has come into my hands, It is a matter of honour with me that I can give no further particulars about the letter, nor put it into your hands; but I assure you that there is nothing else in it which can affect the interests of the lodge.",I put the case before you as it has reached me.,,speaker_attributed_dialogue,review,Project Gutenberg #3289 - The Valley of Fear
VOF,VOF_T01168,VOF_T01168_S01,one of the older,,"Let me say, mr. Chairman, that I have heard of Birdy Edwards, and that he has the name of being the best man in the Pinkerton service.",,speaker_attributed_dialogue,high,Project Gutenberg #3289 - The Valley of Fear
VOF,VOF_T01169,VOF_T01169_S01,McGinty,,Does anyone know him by sight?,"Yes,",speaker_attributed_dialogue,high,Project Gutenberg #3289 - The Valley of Fear
VOF,VOF_T01169,VOF_T01169_S02,McGinty,Does anyone know him by sight?,"Yes,",,speaker_attributed_dialogue,high,Project Gutenberg #3289 - The Valley of Fear
VOF,VOF_T01170,VOF_T01170_S01,Unknown,,I do.,,dialogue_candidate,review,Project Gutenberg #3289 - The Valley of Fear
VOF,VOF_T01171,VOF_T01171_S01,Unknown,,"I believe we hold him in the hollow of our hands,",,dialogue_candidate,review,Project Gutenberg #3289 - The Valley of Fear
VOF,VOF_T01172,VOF_T01172_S01,Unknown,,"If we act quickly and wisely, we can cut this thing short.","If I have your confidence and your help, it is little that we have to fear.",dialogue_candidate,review,Project Gutenberg #3289 - The Valley of Fear
VOF,VOF_T01172,VOF_T01172_S02,Unknown,"If we act quickly and wisely, we can cut this thing short.","If I have your confidence and your help, it is little that we have to fear.",,dialogue_candidate,review,Project Gutenberg #3289 - The Valley of Fear
VOF,VOF_T01173,VOF_T01173_S01,Unknown,,"What have we to fear, anyhow?",What can he know of our affairs?,dialogue_candidate,review,Project Gutenberg #3289 - The Valley of Fear
VOF,VOF_T01173,VOF_T01173_S02,Unknown,"What have we to fear, anyhow?",What can he know of our affairs?,,dialogue_candidate,review,Project Gutenberg #3289 - The Valley of Fear
VOF,VOF_T01174,VOF_T01174_S01,Unknown,,"You might say so if all were as stanch as you, Councillor.",But this man has all the millions of the capitalists at his back.,dialogue_candidate,review,Project Gutenberg #3289 - The Valley of Fear
VOF,VOF_T01174,VOF_T01174_S02,Unknown,"You might say so if all were as stanch as you, Councillor.",But this man has all the millions of the capitalists at his back.,Do you think there is no weaker brother among all our lodges that could not be bought?,dialogue_candidate,review,Project Gutenberg #3289 - The Valley of Fear
VOF,VOF_T01174,VOF_T01174_S03,Unknown,But this man has all the millions of the capitalists at his back.,Do you think there is no weaker brother among all our lodges that could not be bought?,He will get at our secrets—maybe has got them already.,dialogue_candidate,review,Project Gutenberg #3289 - The Valley of Fear
VOF,VOF_T01174,VOF_T01174_S04,Unknown,Do you think there is no weaker brother among all our lodges that could not be bought?,He will get at our secrets—maybe has got them already.,There’s only one sure cure.,dialogue_candidate,review,Project Gutenberg #3289 - The Valley of Fear
VOF,VOF_T01174,VOF_T01174_S05,Unknown,He will get at our secrets—maybe has got them already.,There’s only one sure cure.,,dialogue_candidate,review,Project Gutenberg #3289 - The Valley of Fear
VOF,VOF_T01175,VOF_T01175_S01,Unknown,,"That he never leaves the valley, Good for you, Brother Baldwin,",,speaker_attributed_dialogue,review,Project Gutenberg #3289 - The Valley of Fear
VOF,VOF_T01176,VOF_T01176_S01,Unknown,,"You and I have had our differences, but you have said the true word to-night.",,dialogue_candidate,review,Project Gutenberg #3289 - The Valley of Fear
VOF,VOF_T01177,VOF_T01177_S01,Unknown,,"Where is he, then?",Where shall we know him?,dialogue_candidate,review,Project Gutenberg #3289 - The Valley of Fear
VOF,VOF_T01177,VOF_T01177_S02,Unknown,"Where is he, then?",Where shall we know him?,,dialogue_candidate,review,Project Gutenberg #3289 - The Valley of Fear
VOF,VOF_T01178,VOF_T01178_S01,McMurdo,,"Eminent Bodymaster, I would put it to you that this is too vital a thing for us to discuss in open lodge.","God forbid that I should throw a doubt on anyone here; but if so much as a word of gossip got to the ears of this man, there would be an end of any chance of our getting him.",speaker_attributed_dialogue,high,Project Gutenberg #3289 - The Valley of Fear
VOF,VOF_T01178,VOF_T01178_S02,McMurdo,"Eminent Bodymaster, I would put it to you that this is too vital a thing for us to discuss in open lodge.","God forbid that I should throw a doubt on anyone here; but if so much as a word of gossip got to the ears of this man, there would be an end of any chance of our getting him.","I would ask the lodge to choose a trusty committee, mr. Chairman—yourself, if I might suggest it, and Brother Baldwin here, and five more.",speaker_attributed_dialogue,high,Project Gutenberg #3289 - The Valley of Fear
VOF,VOF_T01178,VOF_T01178_S03,McMurdo,"God forbid that I should throw a doubt on anyone here; but if so much as a word of gossip got to the ears of this man, there would be an end of any chance of our getting him.","I would ask the lodge to choose a trusty committee, mr. Chairman—yourself, if I might suggest it, and Brother Baldwin here, and five more.",Then I can talk freely of what I know and of what I advise should be done.,speaker_attributed_dialogue,high,Project Gutenberg #3289 - The Valley of Fear
VOF,VOF_T01178,VOF_T01178_S04,McMurdo,"I would ask the lodge to choose a trusty committee, mr. Chairman—yourself, if I might suggest it, and Brother Baldwin here, and five more.",Then I can talk freely of what I know and of what I advise should be done.,,speaker_attributed_dialogue,high,Project Gutenberg #3289 - The Valley of Fear
VOF,VOF_T01179_A,VOF_T01179_A_S01,McGinty,,"Now, McMurdo!",,speaker_attributed_dialogue,high,Project Gutenberg #3289 - The Valley of Fear
VOF,VOF_T01179_B,VOF_T01179_B_S01,McMurdo,,"I said just now that I knew Birdy Edwards,",,speaker_attributed_dialogue,high,Project Gutenberg #3289 - The Valley of Fear
VOF,VOF_T01180,VOF_T01180_S01,Unknown,,I need not tell you that he is not here under that name.,"He’s a brave man, but not a crazy one.",dialogue_candidate,review,Project Gutenberg #3289 - The Valley of Fear
VOF,VOF_T01180,VOF_T01180_S02,Unknown,I need not tell you that he is not here under that name.,"He’s a brave man, but not a crazy one.","He passes under the name of Steve Wilson, and he is lodging at Hobson’s Patch.",dialogue_candidate,review,Project Gutenberg #3289 - The Valley of Fear
VOF,VOF_T01180,VOF_T01180_S03,Unknown,"He’s a brave man, but not a crazy one.","He passes under the name of Steve Wilson, and he is lodging at Hobson’s Patch.",,dialogue_candidate,review,Project Gutenberg #3289 - The Valley of Fear
VOF,VOF_T01181,VOF_T01181_S01,Unknown,,How do you know this?,,dialogue_candidate,review,Project Gutenberg #3289 - The Valley of Fear
VOF,VOF_T01182,VOF_T01182_S01,Unknown,,Because I fell into talk with him.,"I thought little of it at the time, nor would have given it a second thought but for this letter; but now I’m sure it’s the man.",dialogue_candidate,review,Project Gutenberg #3289 - The Valley of Fear
VOF,VOF_T01182,VOF_T01182_S02,Unknown,Because I fell into talk with him.,"I thought little of it at the time, nor would have given it a second thought but for this letter; but now I’m sure it’s the man.",I met him on the cars when I went down the line on Wednesday—a hard case if ever there was one.,dialogue_candidate,review,Project Gutenberg #3289 - The Valley of Fear
VOF,VOF_T01182,VOF_T01182_S03,Unknown,"I thought little of it at the time, nor would have given it a second thought but for this letter; but now I’m sure it’s the man.",I met him on the cars when I went down the line on Wednesday—a hard case if ever there was one.,He said he was a reporter.,dialogue_candidate,review,Project Gutenberg #3289 - The Valley of Fear
VOF,VOF_T01182,VOF_T01182_S04,Unknown,I met him on the cars when I went down the line on Wednesday—a hard case if ever there was one.,He said he was a reporter.,I believed it for the moment.,dialogue_candidate,review,Project Gutenberg #3289 - The Valley of Fear
VOF,VOF_T01182,VOF_T01182_S05,Unknown,He said he was a reporter.,I believed it for the moment.,Wanted to know all he could about the Scowrers and what he called ‘the outrages’ for a New York paper.,dialogue_candidate,review,Project Gutenberg #3289 - The Valley of Fear
VOF,VOF_T01182,VOF_T01182_S06,Unknown,I believed it for the moment.,Wanted to know all he could about the Scowrers and what he called ‘the outrages’ for a New York paper.,Asked me every kind of question so as to get something.,dialogue_candidate,review,Project Gutenberg #3289 - The Valley of Fear
VOF,VOF_T01182,VOF_T01182_S07,Unknown,Wanted to know all he could about the Scowrers and what he called ‘the outrages’ for a New York paper.,Asked me every kind of question so as to get something.,You bet I was giving nothing away.,dialogue_candidate,review,Project Gutenberg #3289 - The Valley of Fear
VOF,VOF_T01182,VOF_T01182_S08,Unknown,Asked me every kind of question so as to get something.,You bet I was giving nothing away.,"‘I’d pay for it and pay well,’ said he, ‘if I could get some stuff that would suit my editor.’ I said what I thought would please him best, and he handed me a twenty-dollar bill for my information.",dialogue_candidate,review,Project Gutenberg #3289 - The Valley of Fear
VOF,VOF_T01182,VOF_T01182_S09,Unknown,You bet I was giving nothing away.,"‘I’d pay for it and pay well,’ said he, ‘if I could get some stuff that would suit my editor.’ I said what I thought would please him best, and he handed me a twenty-dollar bill for my information.","‘There’s ten times that for you,’ said he, ‘if you can find me all that I want.’",dialogue_candidate,review,Project Gutenberg #3289 - The Valley of Fear
VOF,VOF_T01182,VOF_T01182_S10,Unknown,"‘I’d pay for it and pay well,’ said he, ‘if I could get some stuff that would suit my editor.’ I said what I thought would please him best, and he handed me a twenty-dollar bill for my information.","‘There’s ten times that for you,’ said he, ‘if you can find me all that I want.’",,dialogue_candidate,review,Project Gutenberg #3289 - The Valley of Fear
VOF,VOF_T01183,VOF_T01183_S01,Unknown,,"What did you tell him, then?",,dialogue_candidate,review,Project Gutenberg #3289 - The Valley of Fear
VOF,VOF_T01184,VOF_T01184_S01,Unknown,,Any stuff I could make up.,,dialogue_candidate,review,Project Gutenberg #3289 - The Valley of Fear
VOF,VOF_T01185,VOF_T01185_S01,Unknown,,How do you know he wasn’t a newspaper man?,,dialogue_candidate,review,Project Gutenberg #3289 - The Valley of Fear
VOF,VOF_T01186,VOF_T01186_S01,Unknown,,I’ll tell you.,"He got out at Hobson’s Patch, and so did I.",dialogue_candidate,review,Project Gutenberg #3289 - The Valley of Fear
VOF,VOF_T01186,VOF_T01186_S02,Unknown,I’ll tell you.,"He got out at Hobson’s Patch, and so did I.","I chanced into the telegraph bureau, and he was leaving it.",dialogue_candidate,review,Project Gutenberg #3289 - The Valley of Fear
VOF,VOF_T01186,VOF_T01186_S03,Unknown,"He got out at Hobson’s Patch, and so did I.","I chanced into the telegraph bureau, and he was leaving it.","“‘See here,’ said the operator after he’d gone out, ‘I guess we should charge double rates for this.’—‘I guess you should,’ said I.",dialogue_candidate,review,Project Gutenberg #3289 - The Valley of Fear
VOF,VOF_T01186,VOF_T01186_S04,Unknown,"I chanced into the telegraph bureau, and he was leaving it.","“‘See here,’ said the operator after he’d gone out, ‘I guess we should charge double rates for this.’—‘I guess you should,’ said I.","He had filled the form with stuff that might have been Chinese, for all we could make of it.",dialogue_candidate,review,Project Gutenberg #3289 - The Valley of Fear
VOF,VOF_T01186,VOF_T01186_S05,Unknown,"“‘See here,’ said the operator after he’d gone out, ‘I guess we should charge double rates for this.’—‘I guess you should,’ said I.","He had filled the form with stuff that might have been Chinese, for all we could make of it.","‘He fires a sheet of this off every day,’ said the clerk.",dialogue_candidate,review,Project Gutenberg #3289 - The Valley of Fear
VOF,VOF_T01186,VOF_T01186_S06,Unknown,"He had filled the form with stuff that might have been Chinese, for all we could make of it.","‘He fires a sheet of this off every day,’ said the clerk.","‘Yes,’ said I; ‘it’s special news for his paper, and he’s scared that the others should tap it.’ That was what the operator thought and what I thought at the time; but I think differently now.",dialogue_candidate,review,Project Gutenberg #3289 - The Valley of Fear
VOF,VOF_T01186,VOF_T01186_S07,Unknown,"‘He fires a sheet of this off every day,’ said the clerk.","‘Yes,’ said I; ‘it’s special news for his paper, and he’s scared that the others should tap it.’ That was what the operator thought and what I thought at the time; but I think differently now.",,dialogue_candidate,review,Project Gutenberg #3289 - The Valley of Fear
VOF,VOF_T01187,VOF_T01187_S01,McGinty,,By Gar!,"I believe you are right, But what do you allow that we should do about it?",speaker_attributed_dialogue,high,Project Gutenberg #3289 - The Valley of Fear
VOF,VOF_T01187,VOF_T01187_S02,McGinty,By Gar!,"I believe you are right, But what do you allow that we should do about it?",,speaker_attributed_dialogue,high,Project Gutenberg #3289 - The Valley of Fear
VOF,VOF_T01188,VOF_T01188_S01,Unknown,,Why not go right down now and fix him?,,dialogue_candidate,review,Project Gutenberg #3289 - The Valley of Fear
VOF,VOF_T01189,VOF_T01189_S01,Unknown,,"Ay, the sooner the better.",,dialogue_candidate,review,Project Gutenberg #3289 - The Valley of Fear
VOF,VOF_T01190,VOF_T01190_S01,McMurdo,,"I’d start this next minute if I knew where we could find him, He’s in Hobson’s Patch; but I don’t know the house.","I’ve got a plan, though, if you’ll only take my advice.",speaker_attributed_dialogue,high,Project Gutenberg #3289 - The Valley of Fear
VOF,VOF_T01190,VOF_T01190_S02,McMurdo,"I’d start this next minute if I knew where we could find him, He’s in Hobson’s Patch; but I don’t know the house.","I’ve got a plan, though, if you’ll only take my advice.",,speaker_attributed_dialogue,high,Project Gutenberg #3289 - The Valley of Fear
VOF,VOF_T01191,VOF_T01191_S01,Unknown,,"Well, what is it?",,dialogue_candidate,review,Project Gutenberg #3289 - The Valley of Fear
VOF,VOF_T01192,VOF_T01192_S01,Unknown,,I’ll go to the Patch to-morrow morning.,I’ll find him through the operator.,dialogue_candidate,review,Project Gutenberg #3289 - The Valley of Fear
VOF,VOF_T01192,VOF_T01192_S02,Unknown,I’ll go to the Patch to-morrow morning.,I’ll find him through the operator.,"He can locate him, I guess.",dialogue_candidate,review,Project Gutenberg #3289 - The Valley of Fear
VOF,VOF_T01192,VOF_T01192_S03,Unknown,I’ll find him through the operator.,"He can locate him, I guess.","Well, then I’ll tell him that I’m a Freeman myself.",dialogue_candidate,review,Project Gutenberg #3289 - The Valley of Fear
VOF,VOF_T01192,VOF_T01192_S04,Unknown,"He can locate him, I guess.","Well, then I’ll tell him that I’m a Freeman myself.",I’ll offer him all the secrets of the lodge for a price.,dialogue_candidate,review,Project Gutenberg #3289 - The Valley of Fear
VOF,VOF_T01192,VOF_T01192_S05,Unknown,"Well, then I’ll tell him that I’m a Freeman myself.",I’ll offer him all the secrets of the lodge for a price.,You bet he’ll tumble to it.,dialogue_candidate,review,Project Gutenberg #3289 - The Valley of Fear
VOF,VOF_T01192,VOF_T01192_S06,Unknown,I’ll offer him all the secrets of the lodge for a price.,You bet he’ll tumble to it.,"I’ll tell him the papers are at my house, and that it’s as much as my life would be worth to let him come while folk were about.",dialogue_candidate,review,Project Gutenberg #3289 - The Valley of Fear
VOF,VOF_T01192,VOF_T01192_S07,Unknown,You bet he’ll tumble to it.,"I’ll tell him the papers are at my house, and that it’s as much as my life would be worth to let him come while folk were about.",He’ll see that that’s horse sense.,dialogue_candidate,review,Project Gutenberg #3289 - The Valley of Fear
VOF,VOF_T01192,VOF_T01192_S08,Unknown,"I’ll tell him the papers are at my house, and that it’s as much as my life would be worth to let him come while folk were about.",He’ll see that that’s horse sense.,"Let him come at ten o’clock at night, and he shall see everything.",dialogue_candidate,review,Project Gutenberg #3289 - The Valley of Fear
VOF,VOF_T01192,VOF_T01192_S09,Unknown,He’ll see that that’s horse sense.,"Let him come at ten o’clock at night, and he shall see everything.",That will fetch him sure.,dialogue_candidate,review,Project Gutenberg #3289 - The Valley of Fear
VOF,VOF_T01192,VOF_T01192_S10,Unknown,"Let him come at ten o’clock at night, and he shall see everything.",That will fetch him sure.,,dialogue_candidate,review,Project Gutenberg #3289 - The Valley of Fear
VOF,VOF_T01193,VOF_T01193_S01,Unknown,,Well?,,dialogue_candidate,review,Project Gutenberg #3289 - The Valley of Fear
VOF,VOF_T01194,VOF_T01194_S01,Unknown,,You can plan the rest for yourselves.,Widow MacNamara’s is a lonely house.,dialogue_candidate,review,Project Gutenberg #3289 - The Valley of Fear
VOF,VOF_T01194,VOF_T01194_S02,Unknown,You can plan the rest for yourselves.,Widow MacNamara’s is a lonely house.,She’s as true as steel and as deaf as a post. There’s only Scanlan and me in the house.,dialogue_candidate,review,Project Gutenberg #3289 - The Valley of Fear
VOF,VOF_T01194,VOF_T01194_S03,Unknown,Widow MacNamara’s is a lonely house.,She’s as true as steel and as deaf as a post. There’s only Scanlan and me in the house.,If I get his promise—and I’ll let you know if I do—I’d have the whole seven of you come to me by nine o’clock.,dialogue_candidate,review,Project Gutenberg #3289 - The Valley of Fear
VOF,VOF_T01194,VOF_T01194_S04,Unknown,She’s as true as steel and as deaf as a post. There’s only Scanlan and me in the house.,If I get his promise—and I’ll let you know if I do—I’d have the whole seven of you come to me by nine o’clock.,We’ll get him in.,dialogue_candidate,review,Project Gutenberg #3289 - The Valley of Fear
VOF,VOF_T01194,VOF_T01194_S05,Unknown,If I get his promise—and I’ll let you know if I do—I’d have the whole seven of you come to me by nine o’clock.,We’ll get him in.,"If ever he gets out alive—well, he can talk of Birdy Edwards’s luck for the rest of his days!",dialogue_candidate,review,Project Gutenberg #3289 - The Valley of Fear
VOF,VOF_T01194,VOF_T01194_S06,Unknown,We’ll get him in.,"If ever he gets out alive—well, he can talk of Birdy Edwards’s luck for the rest of his days!",,dialogue_candidate,review,Project Gutenberg #3289 - The Valley of Fear
VOF,VOF_T01195,VOF_T01195_S01,Unknown,,There’s going to be a vacancy at Pinkerton’s or I’m mistaken.,"Leave it at that, McMurdo.",dialogue_candidate,review,Project Gutenberg #3289 - The Valley of Fear
VOF,VOF_T01195,VOF_T01195_S02,Unknown,There’s going to be a vacancy at Pinkerton’s or I’m mistaken.,"Leave it at that, McMurdo.",At nine to-morrow we’ll be with you.,dialogue_candidate,review,Project Gutenberg #3289 - The Valley of Fear
VOF,VOF_T01195,VOF_T01195_S03,Unknown,"Leave it at that, McMurdo.",At nine to-morrow we’ll be with you.,"You once get the door shut behind him, and you can leave the rest with us.",dialogue_candidate,review,Project Gutenberg #3289 - The Valley of Fear
VOF,VOF_T01195,VOF_T01195_S04,Unknown,At nine to-morrow we’ll be with you.,"You once get the door shut behind him, and you can leave the rest with us.",,dialogue_candidate,review,Project Gutenberg #3289 - The Valley of Fear
VOF,VOF_T01196,VOF_T01196_S01,Unknown,,"He is coming,",,dialogue_candidate,review,Project Gutenberg #3289 - The Valley of Fear
VOF,VOF_T01197,VOF_T01197_S01,Unknown,,Good!,Do you reckon he knows much?,speaker_attributed_dialogue,review,Project Gutenberg #3289 - The Valley of Fear
VOF,VOF_T01197,VOF_T01197_S02,Unknown,Good!,Do you reckon he knows much?,,speaker_attributed_dialogue,review,Project Gutenberg #3289 - The Valley of Fear
VOF,VOF_T01198,VOF_T01198_S01,Unknown,,He’s been here some time—six weeks at the least. I guess he didn’t come into these parts to look at the prospect.,"If he has been working among us all that time with the railroad money at his back, I should expect that he has got results, and that he has passed them on.",dialogue_candidate,review,Project Gutenberg #3289 - The Valley of Fear
VOF,VOF_T01198,VOF_T01198_S02,Unknown,He’s been here some time—six weeks at the least. I guess he didn’t come into these parts to look at the prospect.,"If he has been working among us all that time with the railroad money at his back, I should expect that he has got results, and that he has passed them on.",,dialogue_candidate,review,Project Gutenberg #3289 - The Valley of Fear
VOF,VOF_T01199,VOF_T01199_S01,McGinty,,"There’s not a weak man in the lodge, True as steel, every man of them.","And yet, by the Lord! there is that skunk Morris.",speaker_attributed_dialogue,high,Project Gutenberg #3289 - The Valley of Fear
VOF,VOF_T01199,VOF_T01199_S02,McGinty,"There’s not a weak man in the lodge, True as steel, every man of them.","And yet, by the Lord! there is that skunk Morris.",What about him?,speaker_attributed_dialogue,high,Project Gutenberg #3289 - The Valley of Fear
VOF,VOF_T01199,VOF_T01199_S03,McGinty,"And yet, by the Lord! there is that skunk Morris.",What about him?,"If any man gives us away, it would be he.",speaker_attributed_dialogue,high,Project Gutenberg #3289 - The Valley of Fear
VOF,VOF_T01199,VOF_T01199_S04,McGinty,What about him?,"If any man gives us away, it would be he.",I’ve a mind to send a couple of the boys round before evening to give him a beating up and see what they can get from him.,speaker_attributed_dialogue,high,Project Gutenberg #3289 - The Valley of Fear
VOF,VOF_T01199,VOF_T01199_S05,McGinty,"If any man gives us away, it would be he.",I’ve a mind to send a couple of the boys round before evening to give him a beating up and see what they can get from him.,,speaker_attributed_dialogue,high,Project Gutenberg #3289 - The Valley of Fear
VOF,VOF_T01200,VOF_T01200_S01,Unknown,,"Well, there would be no harm in that,",,dialogue_candidate,review,Project Gutenberg #3289 - The Valley of Fear
VOF,VOF_T01201,VOF_T01201_S01,Unknown,,I won’t deny that I have a liking for Morris and would be sorry to see him come to harm.,"He has spoken to me once or twice over lodge matters, and though he may not see them the same as you or I, he never seemed the sort that squeals.",dialogue_candidate,review,Project Gutenberg #3289 - The Valley of Fear
VOF,VOF_T01201,VOF_T01201_S02,Unknown,I won’t deny that I have a liking for Morris and would be sorry to see him come to harm.,"He has spoken to me once or twice over lodge matters, and though he may not see them the same as you or I, he never seemed the sort that squeals.",But still it is not for me to stand between him and you.,dialogue_candidate,review,Project Gutenberg #3289 - The Valley of Fear
VOF,VOF_T01201,VOF_T01201_S03,Unknown,"He has spoken to me once or twice over lodge matters, and though he may not see them the same as you or I, he never seemed the sort that squeals.",But still it is not for me to stand between him and you.,,dialogue_candidate,review,Project Gutenberg #3289 - The Valley of Fear
VOF,VOF_T01202,VOF_T01202_S01,McGinty,,I’ll fix the old devil!,I’ve had my eye on him this year past.,speaker_attributed_dialogue,high,Project Gutenberg #3289 - The Valley of Fear
VOF,VOF_T01202,VOF_T01202_S02,McGinty,I’ll fix the old devil!,I’ve had my eye on him this year past.,,speaker_attributed_dialogue,high,Project Gutenberg #3289 - The Valley of Fear
VOF,VOF_T01203,VOF_T01203_S01,Unknown,,"Well, you know best about that,",,dialogue_candidate,review,Project Gutenberg #3289 - The Valley of Fear
VOF,VOF_T01204,VOF_T01204_S01,Unknown,,But whatever you do must be to-morrow; for we must lie low until the Pinkerton affair is settled up.,"We can’t afford to set the police buzzing, to-day of all days.",dialogue_candidate,review,Project Gutenberg #3289 - The Valley of Fear
VOF,VOF_T01204,VOF_T01204_S02,Unknown,But whatever you do must be to-morrow; for we must lie low until the Pinkerton affair is settled up.,"We can’t afford to set the police buzzing, to-day of all days.",,dialogue_candidate,review,Project Gutenberg #3289 - The Valley of Fear
VOF,VOF_T01205,VOF_T01205_S01,McGinty,,"True for you, And we’ll learn from Birdy Edwards himself where he got his news if we have to cut his heart out first. Did he seem to scent a trap?",,speaker_attributed_dialogue,high,Project Gutenberg #3289 - The Valley of Fear
VOF,VOF_T01206,VOF_T01206_S01,Unknown,,"I guess I took him on his weak point,",,dialogue_candidate,review,Project Gutenberg #3289 - The Valley of Fear
VOF,VOF_T01207,VOF_T01207_S01,Unknown,,"If he could get on a good trail of the Scowrers, he’s ready to follow it into hell.","I took his money,",dialogue_candidate,review,Project Gutenberg #3289 - The Valley of Fear
VOF,VOF_T01207,VOF_T01207_S02,Unknown,"If he could get on a good trail of the Scowrers, he’s ready to follow it into hell.","I took his money,",,dialogue_candidate,review,Project Gutenberg #3289 - The Valley of Fear
VOF,VOF_T01208,VOF_T01208_S01,Unknown,,and as much more when he has seen all my papers.,,dialogue_candidate,review,Project Gutenberg #3289 - The Valley of Fear
VOF,VOF_T01209,VOF_T01209_S01,Unknown,,What papers?,,dialogue_candidate,review,Project Gutenberg #3289 - The Valley of Fear
VOF,VOF_T01210,VOF_T01210_S01,Unknown,,"Well, there are no papers.",But I filled him up about constitutions and books of rules and forms of membership.,dialogue_candidate,review,Project Gutenberg #3289 - The Valley of Fear
VOF,VOF_T01210,VOF_T01210_S02,Unknown,"Well, there are no papers.",But I filled him up about constitutions and books of rules and forms of membership.,He expects to get right down to the end of everything before he leaves.,dialogue_candidate,review,Project Gutenberg #3289 - The Valley of Fear
VOF,VOF_T01210,VOF_T01210_S03,Unknown,But I filled him up about constitutions and books of rules and forms of membership.,He expects to get right down to the end of everything before he leaves.,,dialogue_candidate,review,Project Gutenberg #3289 - The Valley of Fear
VOF,VOF_T01211,VOF_T01211_S01,McGinty,,"Faith, he’s right there, Didn’t he ask you why you didn’t bring him the papers?",,speaker_attributed_dialogue,high,Project Gutenberg #3289 - The Valley of Fear
VOF,VOF_T01212,VOF_T01212_S01,Unknown,,"As if I would carry such things, and me a suspected man, and Captain Marvin after speaking to me this very day at the depot!",,dialogue_candidate,review,Project Gutenberg #3289 - The Valley of Fear
VOF,VOF_T01213,VOF_T01213_S01,McGinty,,"Ay, I heard of that, I guess the heavy end of this business is coming on to you.",We could put him down an old shaft when we’ve done with him; but however we work it we can’t get past the man living at Hobson’s Patch and you being there to-day.,speaker_attributed_dialogue,high,Project Gutenberg #3289 - The Valley of Fear
VOF,VOF_T01213,VOF_T01213_S02,McGinty,"Ay, I heard of that, I guess the heavy end of this business is coming on to you.",We could put him down an old shaft when we’ve done with him; but however we work it we can’t get past the man living at Hobson’s Patch and you being there to-day.,,speaker_attributed_dialogue,high,Project Gutenberg #3289 - The Valley of Fear
VOF,VOF_T01214,VOF_T01214_S01,he,,"If we handle it right, they can never prove the killing, No one can see him come to the house after dark, and I’ll lay to it that no one will see him go.","Now see here, Councillor, I’ll show you my plan and I’ll ask you to fit the others into it.",speaker_attributed_dialogue,high,Project Gutenberg #3289 - The Valley of Fear
VOF,VOF_T01214,VOF_T01214_S02,he,"If we handle it right, they can never prove the killing, No one can see him come to the house after dark, and I’ll lay to it that no one will see him go.","Now see here, Councillor, I’ll show you my plan and I’ll ask you to fit the others into it.",You will all come in good time.,speaker_attributed_dialogue,high,Project Gutenberg #3289 - The Valley of Fear
VOF,VOF_T01214,VOF_T01214_S03,he,"Now see here, Councillor, I’ll show you my plan and I’ll ask you to fit the others into it.",You will all come in good time.,Very well.,speaker_attributed_dialogue,high,Project Gutenberg #3289 - The Valley of Fear
VOF,VOF_T01214,VOF_T01214_S04,he,You will all come in good time.,Very well.,He comes at ten.,speaker_attributed_dialogue,high,Project Gutenberg #3289 - The Valley of Fear
VOF,VOF_T01214,VOF_T01214_S05,he,Very well.,He comes at ten.,"He is to tap three times, and me to open the door for him.",speaker_attributed_dialogue,high,Project Gutenberg #3289 - The Valley of Fear
VOF,VOF_T01214,VOF_T01214_S06,he,He comes at ten.,"He is to tap three times, and me to open the door for him.",Then I’ll get behind him and shut it.,speaker_attributed_dialogue,high,Project Gutenberg #3289 - The Valley of Fear
VOF,VOF_T01214,VOF_T01214_S07,he,"He is to tap three times, and me to open the door for him.",Then I’ll get behind him and shut it.,He’s our man then.,speaker_attributed_dialogue,high,Project Gutenberg #3289 - The Valley of Fear
VOF,VOF_T01214,VOF_T01214_S08,he,Then I’ll get behind him and shut it.,He’s our man then.,,speaker_attributed_dialogue,high,Project Gutenberg #3289 - The Valley of Fear
VOF,VOF_T01215,VOF_T01215_S01,Unknown,,That’s all easy and plain.,,dialogue_candidate,review,Project Gutenberg #3289 - The Valley of Fear
VOF,VOF_T01216,VOF_T01216_S01,Unknown,,Yes; but the next step wants considering.,He’s a hard proposition.,dialogue_candidate,review,Project Gutenberg #3289 - The Valley of Fear
VOF,VOF_T01216,VOF_T01216_S02,Unknown,Yes; but the next step wants considering.,He’s a hard proposition.,He’s heavily armed.,dialogue_candidate,review,Project Gutenberg #3289 - The Valley of Fear
VOF,VOF_T01216,VOF_T01216_S03,Unknown,He’s a hard proposition.,He’s heavily armed.,"I’ve fooled him proper, and yet he is likely to be on his guard.",dialogue_candidate,review,Project Gutenberg #3289 - The Valley of Fear
VOF,VOF_T01216,VOF_T01216_S04,Unknown,He’s heavily armed.,"I’ve fooled him proper, and yet he is likely to be on his guard.",Suppose I show him right into a room with seven men in it where he expected to find me alone.,dialogue_candidate,review,Project Gutenberg #3289 - The Valley of Fear
VOF,VOF_T01216,VOF_T01216_S05,Unknown,"I’ve fooled him proper, and yet he is likely to be on his guard.",Suppose I show him right into a room with seven men in it where he expected to find me alone.,"There is going to be shooting, and somebody is going to be hurt.",dialogue_candidate,review,Project Gutenberg #3289 - The Valley of Fear
VOF,VOF_T01216,VOF_T01216_S06,Unknown,Suppose I show him right into a room with seven men in it where he expected to find me alone.,"There is going to be shooting, and somebody is going to be hurt.",,dialogue_candidate,review,Project Gutenberg #3289 - The Valley of Fear
VOF,VOF_T01217,VOF_T01217_S01,Unknown,,That’s so.,,dialogue_candidate,review,Project Gutenberg #3289 - The Valley of Fear
VOF,VOF_T01218,VOF_T01218_S01,Unknown,,And the noise is going to bring every damned copper in the township on top of it.,,dialogue_candidate,review,Project Gutenberg #3289 - The Valley of Fear
VOF,VOF_T01219,VOF_T01219_S01,Unknown,,I guess you are right.,,dialogue_candidate,review,Project Gutenberg #3289 - The Valley of Fear
VOF,VOF_T01220,VOF_T01220_S01,Unknown,,This is how I should work it.,You will all be in the big room—same as you saw when you had a chat with me.,dialogue_candidate,review,Project Gutenberg #3289 - The Valley of Fear
VOF,VOF_T01220,VOF_T01220_S02,Unknown,This is how I should work it.,You will all be in the big room—same as you saw when you had a chat with me.,"I’ll open the door for him, show him into the parlour beside the door, and leave him there while I get the papers.",dialogue_candidate,review,Project Gutenberg #3289 - The Valley of Fear
VOF,VOF_T01220,VOF_T01220_S03,Unknown,You will all be in the big room—same as you saw when you had a chat with me.,"I’ll open the door for him, show him into the parlour beside the door, and leave him there while I get the papers.",That will give me the chance of telling you how things are shaping.,dialogue_candidate,review,Project Gutenberg #3289 - The Valley of Fear
VOF,VOF_T01220,VOF_T01220_S04,Unknown,"I’ll open the door for him, show him into the parlour beside the door, and leave him there while I get the papers.",That will give me the chance of telling you how things are shaping.,Then I will go back to him with some faked papers.,dialogue_candidate,review,Project Gutenberg #3289 - The Valley of Fear
VOF,VOF_T01220,VOF_T01220_S05,Unknown,That will give me the chance of telling you how things are shaping.,Then I will go back to him with some faked papers.,As he is reading them I will jump for him and get my grip on his pistol arm.,dialogue_candidate,review,Project Gutenberg #3289 - The Valley of Fear
VOF,VOF_T01220,VOF_T01220_S06,Unknown,Then I will go back to him with some faked papers.,As he is reading them I will jump for him and get my grip on his pistol arm.,You’ll hear me call and in you will rush.,dialogue_candidate,review,Project Gutenberg #3289 - The Valley of Fear
VOF,VOF_T01220,VOF_T01220_S07,Unknown,As he is reading them I will jump for him and get my grip on his pistol arm.,You’ll hear me call and in you will rush.,"The quicker the better; for he is as strong a man as I, and I may have more than I can manage.",dialogue_candidate,review,Project Gutenberg #3289 - The Valley of Fear
VOF,VOF_T01220,VOF_T01220_S08,Unknown,You’ll hear me call and in you will rush.,"The quicker the better; for he is as strong a man as I, and I may have more than I can manage.",But I allow that I can hold him till you come.,dialogue_candidate,review,Project Gutenberg #3289 - The Valley of Fear
VOF,VOF_T01220,VOF_T01220_S09,Unknown,"The quicker the better; for he is as strong a man as I, and I may have more than I can manage.",But I allow that I can hold him till you come.,,dialogue_candidate,review,Project Gutenberg #3289 - The Valley of Fear
VOF,VOF_T01221,VOF_T01221_S01,McGinty,,"It’s a good plan, The lodge will owe you a debt for this.",I guess when I move out of the chair I can put a name to the man that’s coming after me.,speaker_attributed_dialogue,high,Project Gutenberg #3289 - The Valley of Fear
VOF,VOF_T01221,VOF_T01221_S02,McGinty,"It’s a good plan, The lodge will owe you a debt for this.",I guess when I move out of the chair I can put a name to the man that’s coming after me.,,speaker_attributed_dialogue,high,Project Gutenberg #3289 - The Valley of Fear
VOF,VOF_T01222,VOF_T01222_S01,McMurdo,,"Sure, Councillor, I am little more than a recruit, And if I were you, Mike Scanlan, I would take a night off and keep clear of it.",There will be bloody work here before morning.,speaker_attributed_dialogue,high,Project Gutenberg #3289 - The Valley of Fear
VOF,VOF_T01222,VOF_T01222_S02,McMurdo,"Sure, Councillor, I am little more than a recruit, And if I were you, Mike Scanlan, I would take a night off and keep clear of it.",There will be bloody work here before morning.,,speaker_attributed_dialogue,high,Project Gutenberg #3289 - The Valley of Fear
VOF,VOF_T01223,VOF_T01223_S01,Unknown,,"Well, indeed then, Mac,",,dialogue_candidate,review,Project Gutenberg #3289 - The Valley of Fear
VOF,VOF_T01224,VOF_T01224_S01,Unknown,,It’s not the will but the nerve that is wanting in me.,When I saw Manager Dunn go down at the colliery yonder it was just more than I could stand.,dialogue_candidate,review,Project Gutenberg #3289 - The Valley of Fear
VOF,VOF_T01224,VOF_T01224_S02,Unknown,It’s not the will but the nerve that is wanting in me.,When I saw Manager Dunn go down at the colliery yonder it was just more than I could stand.,"I’m not made for it, same as you or McGinty.",dialogue_candidate,review,Project Gutenberg #3289 - The Valley of Fear
VOF,VOF_T01224,VOF_T01224_S03,Unknown,When I saw Manager Dunn go down at the colliery yonder it was just more than I could stand.,"I’m not made for it, same as you or McGinty.","If the lodge will think none the worse of me, I’ll just do as you advise and leave you to yourselves for the evening.",dialogue_candidate,review,Project Gutenberg #3289 - The Valley of Fear
VOF,VOF_T01224,VOF_T01224_S04,Unknown,"I’m not made for it, same as you or McGinty.","If the lodge will think none the worse of me, I’ll just do as you advise and leave you to yourselves for the evening.",,dialogue_candidate,review,Project Gutenberg #3289 - The Valley of Fear
VOF,VOF_T01225,VOF_T01225_S01,he,,"That will do, Ay,",,speaker_attributed_dialogue,high,Project Gutenberg #3289 - The Valley of Fear
VOF,VOF_T01226,VOF_T01226_S01,Unknown,,"If he is strapped to that, we will have the truth out of him.",,dialogue_candidate,review,Project Gutenberg #3289 - The Valley of Fear
VOF,VOF_T01227,VOF_T01227_S01,Unknown,,"We’ll have the truth out of him, never fear, You are the one to handle him,",,speaker_attributed_dialogue,review,Project Gutenberg #3289 - The Valley of Fear
VOF,VOF_T01228,VOF_T01228_S01,Unknown,,Not a warning will he get till your hand is on his throat.,It’s a pity there are no shutters to your windows.,dialogue_candidate,review,Project Gutenberg #3289 - The Valley of Fear
VOF,VOF_T01228,VOF_T01228_S02,Unknown,Not a warning will he get till your hand is on his throat.,It’s a pity there are no shutters to your windows.,,dialogue_candidate,review,Project Gutenberg #3289 - The Valley of Fear
VOF,VOF_T01229,VOF_T01229_S01,Unknown,,Sure no one can spy upon us now.,It’s close upon the hour.,dialogue_candidate,review,Project Gutenberg #3289 - The Valley of Fear
VOF,VOF_T01229,VOF_T01229_S02,Unknown,Sure no one can spy upon us now.,It’s close upon the hour.,,dialogue_candidate,review,Project Gutenberg #3289 - The Valley of Fear
VOF,VOF_T01230,VOF_T01230_S01,the secretary,,Maybe he won’t come.,"Maybe he’ll get a sniff of danger, He’ll come, never fear,",speaker_attributed_dialogue,high,Project Gutenberg #3289 - The Valley of Fear
VOF,VOF_T01230,VOF_T01230_S02,the secretary,Maybe he won’t come.,"Maybe he’ll get a sniff of danger, He’ll come, never fear,",,speaker_attributed_dialogue,high,Project Gutenberg #3289 - The Valley of Fear
VOF,VOF_T01231,VOF_T01231_S01,Unknown,,He is as eager to come as you can be to see him.,Hark to that!,dialogue_candidate,review,Project Gutenberg #3289 - The Valley of Fear
VOF,VOF_T01231,VOF_T01231_S02,Unknown,He is as eager to come as you can be to see him.,Hark to that!,,dialogue_candidate,review,Project Gutenberg #3289 - The Valley of Fear
VOF,VOF_T01232,VOF_T01232_S01,Unknown,,Hush!,,dialogue_candidate,review,Project Gutenberg #3289 - The Valley of Fear
VOF,VOF_T01233,VOF_T01233_S01,Unknown,,"Not a sound, for your lives!",,dialogue_candidate,review,Project Gutenberg #3289 - The Valley of Fear
VOF,VOF_T01234,VOF_T01234_S01,Unknown,,"Not a sound, for your lives!",,dialogue_candidate,review,Project Gutenberg #3289 - The Valley of Fear
VOF,VOF_T01235,VOF_T01235_S01,Unknown,,"Be quiet, you fool!",,dialogue_candidate,review,Project Gutenberg #3289 - The Valley of Fear
VOF,VOF_T01236,VOF_T01236_S01,Unknown,,You’ll be the undoing of us yet!,,dialogue_candidate,review,Project Gutenberg #3289 - The Valley of Fear
VOF,VOF_T01237,VOF_T01237_S01,Boss McGinty,,Well!,Is he here?,speaker_attributed_dialogue,high,Project Gutenberg #3289 - The Valley of Fear
VOF,VOF_T01237,VOF_T01237_S02,Boss McGinty,Well!,Is he here?,Is Birdy Edwards here?,speaker_attributed_dialogue,high,Project Gutenberg #3289 - The Valley of Fear
VOF,VOF_T01237,VOF_T01237_S03,Boss McGinty,Is he here?,Is Birdy Edwards here?,,speaker_attributed_dialogue,high,Project Gutenberg #3289 - The Valley of Fear
VOF,VOF_T01238,VOF_T01238_S01,Unknown,,"Yes,",,dialogue_candidate,review,Project Gutenberg #3289 - The Valley of Fear
VOF,VOF_T01239,VOF_T01239_S01,Unknown,,Birdy Edwards is here.,I am Birdy Edwards!,dialogue_candidate,review,Project Gutenberg #3289 - The Valley of Fear
VOF,VOF_T01239,VOF_T01239_S02,Unknown,Birdy Edwards is here.,I am Birdy Edwards!,,dialogue_candidate,review,Project Gutenberg #3289 - The Valley of Fear
VOF,VOF_T01240,VOF_T01240_S01,Unknown,,"You’re safer there, Councillor, And you, Baldwin, if you don’t take your hand off your pistol, you’ll cheat the hangman yet.","Pull it out, or by the Lord that made me—There, that will do.",speaker_attributed_dialogue,review,Project Gutenberg #3289 - The Valley of Fear
VOF,VOF_T01240,VOF_T01240_S02,Unknown,"You’re safer there, Councillor, And you, Baldwin, if you don’t take your hand off your pistol, you’ll cheat the hangman yet.","Pull it out, or by the Lord that made me—There, that will do.","There are forty armed men round this house, and you can figure it out for yourself what chance you have.",speaker_attributed_dialogue,review,Project Gutenberg #3289 - The Valley of Fear
VOF,VOF_T01240,VOF_T01240_S03,Unknown,"Pull it out, or by the Lord that made me—There, that will do.","There are forty armed men round this house, and you can figure it out for yourself what chance you have.","Take their pistols, Marvin!",speaker_attributed_dialogue,review,Project Gutenberg #3289 - The Valley of Fear
VOF,VOF_T01240,VOF_T01240_S04,Unknown,"There are forty armed men round this house, and you can figure it out for yourself what chance you have.","Take their pistols, Marvin!",,speaker_attributed_dialogue,review,Project Gutenberg #3289 - The Valley of Fear
VOF,VOF_T01241,VOF_T01241_S01,Unknown,,"I’d like to say a word to you before we separate, I guess we may not meet again until you see me on the stand in the courthouse.",I’ll give you something to think over between now and then.,speaker_attributed_dialogue,review,Project Gutenberg #3289 - The Valley of Fear
VOF,VOF_T01241,VOF_T01241_S02,Unknown,"I’d like to say a word to you before we separate, I guess we may not meet again until you see me on the stand in the courthouse.",I’ll give you something to think over between now and then.,You know me now for what I am.,speaker_attributed_dialogue,review,Project Gutenberg #3289 - The Valley of Fear
VOF,VOF_T01241,VOF_T01241_S03,Unknown,I’ll give you something to think over between now and then.,You know me now for what I am.,At last I can put my cards on the table.,speaker_attributed_dialogue,review,Project Gutenberg #3289 - The Valley of Fear
VOF,VOF_T01241,VOF_T01241_S04,Unknown,You know me now for what I am.,At last I can put my cards on the table.,I am Birdy Edwards of Pinkerton’s.,speaker_attributed_dialogue,review,Project Gutenberg #3289 - The Valley of Fear
VOF,VOF_T01241,VOF_T01241_S05,Unknown,At last I can put my cards on the table.,I am Birdy Edwards of Pinkerton’s.,I was chosen to break up your gang.,speaker_attributed_dialogue,review,Project Gutenberg #3289 - The Valley of Fear
VOF,VOF_T01241,VOF_T01241_S06,Unknown,I am Birdy Edwards of Pinkerton’s.,I was chosen to break up your gang.,I had a hard and dangerous game to play.,speaker_attributed_dialogue,review,Project Gutenberg #3289 - The Valley of Fear
VOF,VOF_T01241,VOF_T01241_S07,Unknown,I was chosen to break up your gang.,I had a hard and dangerous game to play.,"Not a soul, not one soul, not my nearest and dearest, knew that I was playing it.",speaker_attributed_dialogue,review,Project Gutenberg #3289 - The Valley of Fear
VOF,VOF_T01241,VOF_T01241_S08,Unknown,I had a hard and dangerous game to play.,"Not a soul, not one soul, not my nearest and dearest, knew that I was playing it.",Only Captain Marvin here and my employers knew that.,speaker_attributed_dialogue,review,Project Gutenberg #3289 - The Valley of Fear
VOF,VOF_T01241,VOF_T01241_S09,Unknown,"Not a soul, not one soul, not my nearest and dearest, knew that I was playing it.",Only Captain Marvin here and my employers knew that.,"But it’s over to-night, thank God, and I am the winner!",speaker_attributed_dialogue,review,Project Gutenberg #3289 - The Valley of Fear
VOF,VOF_T01241,VOF_T01241_S10,Unknown,Only Captain Marvin here and my employers knew that.,"But it’s over to-night, thank God, and I am the winner!",,speaker_attributed_dialogue,review,Project Gutenberg #3289 - The Valley of Fear
VOF,VOF_T01242,VOF_T01242_S01,Unknown,,Maybe you think that the game is not over yet.,"Well, I take my chance of that.",dialogue_candidate,review,Project Gutenberg #3289 - The Valley of Fear
VOF,VOF_T01242,VOF_T01242_S02,Unknown,Maybe you think that the game is not over yet.,"Well, I take my chance of that.","Anyhow, some of you will take no further hand, and there are sixty more besides yourselves that will see a jail this night.",dialogue_candidate,review,Project Gutenberg #3289 - The Valley of Fear
VOF,VOF_T01242,VOF_T01242_S03,Unknown,"Well, I take my chance of that.","Anyhow, some of you will take no further hand, and there are sixty more besides yourselves that will see a jail this night.","I’ll tell you this, that when I was put upon this job I never believed there was such a society as yours.",dialogue_candidate,review,Project Gutenberg #3289 - The Valley of Fear
VOF,VOF_T01242,VOF_T01242_S04,Unknown,"Anyhow, some of you will take no further hand, and there are sixty more besides yourselves that will see a jail this night.","I’ll tell you this, that when I was put upon this job I never believed there was such a society as yours.","I thought it was paper talk, and that I would prove it so.",dialogue_candidate,review,Project Gutenberg #3289 - The Valley of Fear
VOF,VOF_T01242,VOF_T01242_S05,Unknown,"I’ll tell you this, that when I was put upon this job I never believed there was such a society as yours.","I thought it was paper talk, and that I would prove it so.",They told me it was to do with the Freemen; so I went to Chicago and was made one.,dialogue_candidate,review,Project Gutenberg #3289 - The Valley of Fear
VOF,VOF_T01242,VOF_T01242_S06,Unknown,"I thought it was paper talk, and that I would prove it so.",They told me it was to do with the Freemen; so I went to Chicago and was made one.,"Then I was surer than ever that it was just paper talk; for I found no harm in the society, but a deal of good.",dialogue_candidate,review,Project Gutenberg #3289 - The Valley of Fear
VOF,VOF_T01242,VOF_T01242_S07,Unknown,They told me it was to do with the Freemen; so I went to Chicago and was made one.,"Then I was surer than ever that it was just paper talk; for I found no harm in the society, but a deal of good.","“Still, I had to carry out my job, and I came to the coal valleys.",dialogue_candidate,review,Project Gutenberg #3289 - The Valley of Fear
VOF,VOF_T01242,VOF_T01242_S08,Unknown,"Then I was surer than ever that it was just paper talk; for I found no harm in the society, but a deal of good.","“Still, I had to carry out my job, and I came to the coal valleys.",When I reached this place I learned that I was wrong and that it wasn’t a dime novel after all.,dialogue_candidate,review,Project Gutenberg #3289 - The Valley of Fear
VOF,VOF_T01242,VOF_T01242_S09,Unknown,"“Still, I had to carry out my job, and I came to the coal valleys.",When I reached this place I learned that I was wrong and that it wasn’t a dime novel after all.,So I stayed to look after it.,dialogue_candidate,review,Project Gutenberg #3289 - The Valley of Fear
VOF,VOF_T01242,VOF_T01242_S10,Unknown,When I reached this place I learned that I was wrong and that it wasn’t a dime novel after all.,So I stayed to look after it.,I never killed a man in Chicago.,dialogue_candidate,review,Project Gutenberg #3289 - The Valley of Fear
VOF,VOF_T01242,VOF_T01242_S11,Unknown,So I stayed to look after it.,I never killed a man in Chicago.,I never minted a dollar in my life.,dialogue_candidate,review,Project Gutenberg #3289 - The Valley of Fear
VOF,VOF_T01242,VOF_T01242_S12,Unknown,I never killed a man in Chicago.,I never minted a dollar in my life.,Those I gave you were as good as any others; but I never spent money better.,dialogue_candidate,review,Project Gutenberg #3289 - The Valley of Fear
VOF,VOF_T01242,VOF_T01242_S13,Unknown,I never minted a dollar in my life.,Those I gave you were as good as any others; but I never spent money better.,But I knew the way into your good wishes and so I pretended to you that the law was after me.,dialogue_candidate,review,Project Gutenberg #3289 - The Valley of Fear
VOF,VOF_T01242,VOF_T01242_S14,Unknown,Those I gave you were as good as any others; but I never spent money better.,But I knew the way into your good wishes and so I pretended to you that the law was after me.,It all worked just as I thought.,dialogue_candidate,review,Project Gutenberg #3289 - The Valley of Fear
VOF,VOF_T01242,VOF_T01242_S15,Unknown,But I knew the way into your good wishes and so I pretended to you that the law was after me.,It all worked just as I thought.,"“So I joined your infernal lodge, and I took my share in your councils.",dialogue_candidate,review,Project Gutenberg #3289 - The Valley of Fear
VOF,VOF_T01242,VOF_T01242_S16,Unknown,It all worked just as I thought.,"“So I joined your infernal lodge, and I took my share in your councils.",Maybe they will say that I was as bad as you.,dialogue_candidate,review,Project Gutenberg #3289 - The Valley of Fear
VOF,VOF_T01242,VOF_T01242_S17,Unknown,"“So I joined your infernal lodge, and I took my share in your councils.",Maybe they will say that I was as bad as you.,"They can say what they like, so long as I get you.",dialogue_candidate,review,Project Gutenberg #3289 - The Valley of Fear
VOF,VOF_T01242,VOF_T01242_S18,Unknown,Maybe they will say that I was as bad as you.,"They can say what they like, so long as I get you.",But what is the truth?,dialogue_candidate,review,Project Gutenberg #3289 - The Valley of Fear
VOF,VOF_T01242,VOF_T01242_S19,Unknown,"They can say what they like, so long as I get you.",But what is the truth?,The night I joined you beat up old man Stanger.,dialogue_candidate,review,Project Gutenberg #3289 - The Valley of Fear
VOF,VOF_T01242,VOF_T01242_S20,Unknown,But what is the truth?,The night I joined you beat up old man Stanger.,"I could not warn him, for there was no time; but I held your hand, Baldwin, when you would have killed him.",dialogue_candidate,review,Project Gutenberg #3289 - The Valley of Fear
VOF,VOF_T01242,VOF_T01242_S21,Unknown,The night I joined you beat up old man Stanger.,"I could not warn him, for there was no time; but I held your hand, Baldwin, when you would have killed him.","If ever I have suggested things, so as to keep my place among you, they were things which I knew I could prevent.",dialogue_candidate,review,Project Gutenberg #3289 - The Valley of Fear
VOF,VOF_T01242,VOF_T01242_S22,Unknown,"I could not warn him, for there was no time; but I held your hand, Baldwin, when you would have killed him.","If ever I have suggested things, so as to keep my place among you, they were things which I knew I could prevent.","I could not save Dunn and Menzies, for I did not know enough; but I will see that their murderers are hanged.",dialogue_candidate,review,Project Gutenberg #3289 - The Valley of Fear
VOF,VOF_T01242,VOF_T01242_S23,Unknown,"If ever I have suggested things, so as to keep my place among you, they were things which I knew I could prevent.","I could not save Dunn and Menzies, for I did not know enough; but I will see that their murderers are hanged.","I gave Chester Wilcox warning, so that when I blew his house in he and his folk were in hiding.",dialogue_candidate,review,Project Gutenberg #3289 - The Valley of Fear
VOF,VOF_T01242,VOF_T01242_S24,Unknown,"I could not save Dunn and Menzies, for I did not know enough; but I will see that their murderers are hanged.","I gave Chester Wilcox warning, so that when I blew his house in he and his folk were in hiding.","There was many a crime that I could not stop; but if you look back and think how often your man came home the other road, or was down in town when you went for him, or stayed indoors when you thought he would come out, you’ll see my work.",dialogue_candidate,review,Project Gutenberg #3289 - The Valley of Fear
VOF,VOF_T01242,VOF_T01242_S25,Unknown,"I gave Chester Wilcox warning, so that when I blew his house in he and his folk were in hiding.","There was many a crime that I could not stop; but if you look back and think how often your man came home the other road, or was down in town when you went for him, or stayed indoors when you thought he would come out, you’ll see my work.",,dialogue_candidate,review,Project Gutenberg #3289 - The Valley of Fear
VOF,VOF_T01243,VOF_T01243_S01,Unknown,,You blasted traitor!,,dialogue_candidate,review,Project Gutenberg #3289 - The Valley of Fear
VOF,VOF_T01244,VOF_T01244_S01,Unknown,,"Ay, John McGinty, you may call me that if it eases your smart.",You and your like have been the enemy of God and man in these parts.,dialogue_candidate,review,Project Gutenberg #3289 - The Valley of Fear
VOF,VOF_T01244,VOF_T01244_S02,Unknown,"Ay, John McGinty, you may call me that if it eases your smart.",You and your like have been the enemy of God and man in these parts.,It took a man to get between you and the poor devils of men and women that you held under your grip.,dialogue_candidate,review,Project Gutenberg #3289 - The Valley of Fear
VOF,VOF_T01244,VOF_T01244_S03,Unknown,You and your like have been the enemy of God and man in these parts.,It took a man to get between you and the poor devils of men and women that you held under your grip.,"There was just one way of doing it, and I did it.",dialogue_candidate,review,Project Gutenberg #3289 - The Valley of Fear
VOF,VOF_T01244,VOF_T01244_S04,Unknown,It took a man to get between you and the poor devils of men and women that you held under your grip.,"There was just one way of doing it, and I did it.",You call me a traitor; but I guess there’s many a thousand will call me a deliverer that went down into hell to save them.,dialogue_candidate,review,Project Gutenberg #3289 - The Valley of Fear
VOF,VOF_T01244,VOF_T01244_S05,Unknown,"There was just one way of doing it, and I did it.",You call me a traitor; but I guess there’s many a thousand will call me a deliverer that went down into hell to save them.,I’ve had three months of it.,dialogue_candidate,review,Project Gutenberg #3289 - The Valley of Fear
VOF,VOF_T01244,VOF_T01244_S06,Unknown,You call me a traitor; but I guess there’s many a thousand will call me a deliverer that went down into hell to save them.,I’ve had three months of it.,I wouldn’t have three such months again if they let me loose in the treasury at Washington for it.,dialogue_candidate,review,Project Gutenberg #3289 - The Valley of Fear
VOF,VOF_T01244,VOF_T01244_S07,Unknown,I’ve had three months of it.,I wouldn’t have three such months again if they let me loose in the treasury at Washington for it.,"I had to stay till I had it all, every man and every secret right here in this hand.",dialogue_candidate,review,Project Gutenberg #3289 - The Valley of Fear
VOF,VOF_T01244,VOF_T01244_S08,Unknown,I wouldn’t have three such months again if they let me loose in the treasury at Washington for it.,"I had to stay till I had it all, every man and every secret right here in this hand.",I’d have waited a little longer if it hadn’t come to my knowledge that my secret was coming out.,dialogue_candidate,review,Project Gutenberg #3289 - The Valley of Fear
VOF,VOF_T01244,VOF_T01244_S09,Unknown,"I had to stay till I had it all, every man and every secret right here in this hand.",I’d have waited a little longer if it hadn’t come to my knowledge that my secret was coming out.,A letter had come into the town that would have set you wise to it all.,dialogue_candidate,review,Project Gutenberg #3289 - The Valley of Fear
VOF,VOF_T01244,VOF_T01244_S10,Unknown,I’d have waited a little longer if it hadn’t come to my knowledge that my secret was coming out.,A letter had come into the town that would have set you wise to it all.,Then I had to act and act quickly.,dialogue_candidate,review,Project Gutenberg #3289 - The Valley of Fear
VOF,VOF_T01244,VOF_T01244_S11,Unknown,A letter had come into the town that would have set you wise to it all.,Then I had to act and act quickly.,"“I’ve nothing more to say to you, except that when my time comes I’ll die the easier when I think of the work I have done in this valley.",dialogue_candidate,review,Project Gutenberg #3289 - The Valley of Fear
VOF,VOF_T01244,VOF_T01244_S12,Unknown,Then I had to act and act quickly.,"“I’ve nothing more to say to you, except that when my time comes I’ll die the easier when I think of the work I have done in this valley.","Now, Marvin, I’ll keep you no more.",dialogue_candidate,review,Project Gutenberg #3289 - The Valley of Fear
VOF,VOF_T01244,VOF_T01244_S13,Unknown,"“I’ve nothing more to say to you, except that when my time comes I’ll die the easier when I think of the work I have done in this valley.","Now, Marvin, I’ll keep you no more.",Take them in and get it over.,dialogue_candidate,review,Project Gutenberg #3289 - The Valley of Fear
VOF,VOF_T01244,VOF_T01244_S14,Unknown,"Now, Marvin, I’ll keep you no more.",Take them in and get it over.,,dialogue_candidate,review,Project Gutenberg #3289 - The Valley of Fear
VOF,VOF_T01245,VOF_T01245_S01,Unknown,,"Get him out of England at any cost,",,dialogue_candidate,review,Project Gutenberg #3289 - The Valley of Fear
VOF,VOF_T01246,VOF_T01246_S01,Unknown,,There are forces here which may be more dangerous than those he has escaped.,There is no safety for your husband in England.,dialogue_candidate,review,Project Gutenberg #3289 - The Valley of Fear
VOF,VOF_T01246,VOF_T01246_S02,Unknown,There are forces here which may be more dangerous than those he has escaped.,There is no safety for your husband in England.,,dialogue_candidate,review,Project Gutenberg #3289 - The Valley of Fear
VOF,VOF_T01247,VOF_T01247_S01,Unknown,,"Dear me, mr. Holmes.",Dear me!,speaker_attributed_dialogue,review,Project Gutenberg #3289 - The Valley of Fear
VOF,VOF_T01247,VOF_T01247_S02,Unknown,"Dear me, mr. Holmes.",Dear me!,"Deviltry, Watson!",speaker_attributed_dialogue,review,Project Gutenberg #3289 - The Valley of Fear
VOF,VOF_T01247,VOF_T01247_S03,Unknown,Dear me!,"Deviltry, Watson!",,speaker_attributed_dialogue,review,Project Gutenberg #3289 - The Valley of Fear
VOF,VOF_T01248,VOF_T01248_S01,he,,"I’ve had bad news—terrible news, mr. Holmes, I feared as much,",,speaker_attributed_dialogue,high,Project Gutenberg #3289 - The Valley of Fear
VOF,VOF_T01249,VOF_T01249_S01,Unknown,,"You have not had a cable, have you?",,dialogue_candidate,review,Project Gutenberg #3289 - The Valley of Fear
VOF,VOF_T01250,VOF_T01250_S01,Unknown,,I have had a note from someone who has.,,dialogue_candidate,review,Project Gutenberg #3289 - The Valley of Fear
VOF,VOF_T01251,VOF_T01251_S01,Unknown,,It’s poor Douglas.,They tell me his name is Edwards; but he will always be Jack Douglas of Benito Canyon to me.,dialogue_candidate,review,Project Gutenberg #3289 - The Valley of Fear
VOF,VOF_T01251,VOF_T01251_S02,Unknown,It’s poor Douglas.,They tell me his name is Edwards; but he will always be Jack Douglas of Benito Canyon to me.,I told you that they started together for South Africa in the Palmyra three weeks ago.,dialogue_candidate,review,Project Gutenberg #3289 - The Valley of Fear
VOF,VOF_T01251,VOF_T01251_S03,Unknown,They tell me his name is Edwards; but he will always be Jack Douglas of Benito Canyon to me.,I told you that they started together for South Africa in the Palmyra three weeks ago.,,dialogue_candidate,review,Project Gutenberg #3289 - The Valley of Fear
VOF,VOF_T01252,VOF_T01252_S01,Unknown,,Exactly.,,dialogue_candidate,review,Project Gutenberg #3289 - The Valley of Fear
VOF,VOF_T01253,VOF_T01253_S01,Unknown,,The ship reached Cape Town last night.,I received this cable from mrs. Douglas this morning: “Jack has been lost overboard in gale off st. Helena.,dialogue_candidate,review,Project Gutenberg #3289 - The Valley of Fear
VOF,VOF_T01253,VOF_T01253_S02,Unknown,The ship reached Cape Town last night.,I received this cable from mrs. Douglas this morning: “Jack has been lost overboard in gale off st. Helena.,No one knows how accident occurred.,dialogue_candidate,review,Project Gutenberg #3289 - The Valley of Fear
VOF,VOF_T01253,VOF_T01253_S03,Unknown,I received this cable from mrs. Douglas this morning: “Jack has been lost overboard in gale off st. Helena.,No one knows how accident occurred.,“IVY DOUGLAS.,dialogue_candidate,review,Project Gutenberg #3289 - The Valley of Fear
VOF,VOF_T01253,VOF_T01253_S04,Unknown,No one knows how accident occurred.,“IVY DOUGLAS.,,dialogue_candidate,review,Project Gutenberg #3289 - The Valley of Fear
VOF,VOF_T01254,VOF_T01254_S01,Holmes,,Ha!,"It came like that, did it?",speaker_attributed_dialogue,high,Project Gutenberg #3289 - The Valley of Fear
VOF,VOF_T01254,VOF_T01254_S02,Holmes,Ha!,"It came like that, did it?","Well, I’ve no doubt it was well stage-managed.",speaker_attributed_dialogue,high,Project Gutenberg #3289 - The Valley of Fear
VOF,VOF_T01254,VOF_T01254_S03,Holmes,"It came like that, did it?","Well, I’ve no doubt it was well stage-managed.",,speaker_attributed_dialogue,high,Project Gutenberg #3289 - The Valley of Fear
VOF,VOF_T01255,VOF_T01255_S01,Unknown,,You mean that you think there was no accident?,,dialogue_candidate,review,Project Gutenberg #3289 - The Valley of Fear
VOF,VOF_T01256,VOF_T01256_S01,Unknown,,None in the world.,,dialogue_candidate,review,Project Gutenberg #3289 - The Valley of Fear
VOF,VOF_T01257,VOF_T01257_S01,Unknown,,He was murdered?,,dialogue_candidate,review,Project Gutenberg #3289 - The Valley of Fear
VOF,VOF_T01258,VOF_T01258_S01,Unknown,,Surely!,,dialogue_candidate,review,Project Gutenberg #3289 - The Valley of Fear
VOF,VOF_T01259,VOF_T01259_S01,Unknown,,So I think also.,"These infernal Scowrers, this cursed vindictive nest of criminals—",dialogue_candidate,review,Project Gutenberg #3289 - The Valley of Fear
VOF,VOF_T01259,VOF_T01259_S02,Unknown,So I think also.,"These infernal Scowrers, this cursed vindictive nest of criminals—",,dialogue_candidate,review,Project Gutenberg #3289 - The Valley of Fear
VOF,VOF_T01260,VOF_T01260_S01,Holmes,,"No, no, my good sir, There is a master hand here.",It is no case of sawed-off shotguns and clumsy six-shooters.,speaker_attributed_dialogue,high,Project Gutenberg #3289 - The Valley of Fear
VOF,VOF_T01260,VOF_T01260_S02,Holmes,"No, no, my good sir, There is a master hand here.",It is no case of sawed-off shotguns and clumsy six-shooters.,You can tell an old master by the sweep of his brush.,speaker_attributed_dialogue,high,Project Gutenberg #3289 - The Valley of Fear
VOF,VOF_T01260,VOF_T01260_S03,Holmes,It is no case of sawed-off shotguns and clumsy six-shooters.,You can tell an old master by the sweep of his brush.,I can tell a Moriarty when I see one.,speaker_attributed_dialogue,high,Project Gutenberg #3289 - The Valley of Fear
VOF,VOF_T01260,VOF_T01260_S04,Holmes,You can tell an old master by the sweep of his brush.,I can tell a Moriarty when I see one.,"This crime is from London, not from America.",speaker_attributed_dialogue,high,Project Gutenberg #3289 - The Valley of Fear
VOF,VOF_T01260,VOF_T01260_S05,Holmes,I can tell a Moriarty when I see one.,"This crime is from London, not from America.",,speaker_attributed_dialogue,high,Project Gutenberg #3289 - The Valley of Fear
VOF,VOF_T01261,VOF_T01261_S01,Unknown,,But for what motive?,,dialogue_candidate,review,Project Gutenberg #3289 - The Valley of Fear
VOF,VOF_T01262,VOF_T01262_S01,Unknown,,"Because it is done by a man who cannot afford to fail, one whose whole unique position depends upon the fact that all he does must succeed.",A great brain and a huge organization have been turned to the extinction of one man.,dialogue_candidate,review,Project Gutenberg #3289 - The Valley of Fear
VOF,VOF_T01262,VOF_T01262_S02,Unknown,"Because it is done by a man who cannot afford to fail, one whose whole unique position depends upon the fact that all he does must succeed.",A great brain and a huge organization have been turned to the extinction of one man.,It is crushing the nut with the triphammer—an absurd extravagance of energy—but the nut is very effectually crushed all the same.,dialogue_candidate,review,Project Gutenberg #3289 - The Valley of Fear
VOF,VOF_T01262,VOF_T01262_S03,Unknown,A great brain and a huge organization have been turned to the extinction of one man.,It is crushing the nut with the triphammer—an absurd extravagance of energy—but the nut is very effectually crushed all the same.,,dialogue_candidate,review,Project Gutenberg #3289 - The Valley of Fear
VOF,VOF_T01263,VOF_T01263_S01,Unknown,,How came this man to have anything to do with it?,,dialogue_candidate,review,Project Gutenberg #3289 - The Valley of Fear
VOF,VOF_T01264,VOF_T01264_S01,Unknown,,I can only say that the first word that ever came to us of the business was from one of his lieutenants.,These Americans were well advised.,dialogue_candidate,review,Project Gutenberg #3289 - The Valley of Fear
VOF,VOF_T01264,VOF_T01264_S02,Unknown,I can only say that the first word that ever came to us of the business was from one of his lieutenants.,These Americans were well advised.,"Having an English job to do, they took into partnership, as any foreign criminal could do, this great consultant in crime.",dialogue_candidate,review,Project Gutenberg #3289 - The Valley of Fear
VOF,VOF_T01264,VOF_T01264_S03,Unknown,These Americans were well advised.,"Having an English job to do, they took into partnership, as any foreign criminal could do, this great consultant in crime.",From that moment their man was doomed.,dialogue_candidate,review,Project Gutenberg #3289 - The Valley of Fear
VOF,VOF_T01264,VOF_T01264_S04,Unknown,"Having an English job to do, they took into partnership, as any foreign criminal could do, this great consultant in crime.",From that moment their man was doomed.,At first he would content himself by using his machinery in order to find their victim.,dialogue_candidate,review,Project Gutenberg #3289 - The Valley of Fear
VOF,VOF_T01264,VOF_T01264_S05,Unknown,From that moment their man was doomed.,At first he would content himself by using his machinery in order to find their victim.,Then he would indicate how the matter might be treated.,dialogue_candidate,review,Project Gutenberg #3289 - The Valley of Fear
VOF,VOF_T01264,VOF_T01264_S06,Unknown,At first he would content himself by using his machinery in order to find their victim.,Then he would indicate how the matter might be treated.,"Finally, when he read in the reports of the failure of this agent, he would step in himself with a master touch.",dialogue_candidate,review,Project Gutenberg #3289 - The Valley of Fear
VOF,VOF_T01264,VOF_T01264_S07,Unknown,Then he would indicate how the matter might be treated.,"Finally, when he read in the reports of the failure of this agent, he would step in himself with a master touch.",You heard me warn this man at Birlstone Manor House that the coming danger was greater than the past. Was I right?,dialogue_candidate,review,Project Gutenberg #3289 - The Valley of Fear
VOF,VOF_T01264,VOF_T01264_S08,Unknown,"Finally, when he read in the reports of the failure of this agent, he would step in himself with a master touch.",You heard me warn this man at Birlstone Manor House that the coming danger was greater than the past. Was I right?,,dialogue_candidate,review,Project Gutenberg #3289 - The Valley of Fear
VOF,VOF_T01265,VOF_T01265_S01,Unknown,,Do not tell me that we have to sit down under this?,Do you say that no one can ever get level with this king devil?,dialogue_candidate,review,Project Gutenberg #3289 - The Valley of Fear
VOF,VOF_T01265,VOF_T01265_S02,Unknown,Do not tell me that we have to sit down under this?,Do you say that no one can ever get level with this king devil?,,dialogue_candidate,review,Project Gutenberg #3289 - The Valley of Fear
VOF,VOF_T01266,VOF_T01266_S01,Holmes,,"No, I don’t say that, I don’t say that he can’t be beat.",But you must give me time—you must give me time!,speaker_attributed_dialogue,high,Project Gutenberg #3289 - The Valley of Fear
VOF,VOF_T01266,VOF_T01266_S02,Holmes,"No, I don’t say that, I don’t say that he can’t be beat.",But you must give me time—you must give me time!,,speaker_attributed_dialogue,high,Project Gutenberg #3289 - The Valley of Fear
