chapter,paragraph_no,speaker,dialogue,method,source_text,prefix_text
1,3,Unknown,"यह तो बडा महंगा है। चार दिन में इसकी चमक-दमक जाती रहेगी। बिसाती ने मार्मिक भाव से सिर हिलाकर कहा--बहूजी, चार दिन में तो बिटिया को असली चन्द्रहार मिल जाएगा! माता के ह्रदय पर इन सह्रदयता से भरे हुए शब्दों ने चोट की। हार ले लिया गया। बालिका के आनंद की सीमा न थी। शायद हीरों के हार से भी उसे इतना आनंद न होता। उसे पहनकर वह सारे गांव में नाचती गिरी। उसके पास जो बाल-संपत्ति थी, उसमें सबसे मूल्यवान, सबसे प्रिय यही बिल्लौर का हार था। लडकी का नाम जालपा था, माता का मानकी।",unquoted_attribution_dash,"इसी समय एक बिसाती आकर झूले के पास खडा हो गया। उसे देखते ही झूला बंद हो गया। छोटी -बडी सबों ने आकर उसे घेर लिया। बिसाती ने अपना संदूक खोला और चमकती -दमकती चीजें निकालकर दिखाने लगा। कच्चे मोतियों के गहने थे, कच्चे लैस और गोटे, रंगीन मोजे, खूबसूरत गुडियां और गुडियों के गहने, बच्चों के लट्टू और झुनझुने। किसी ने कोई चीज ली, किसी ने कोई चीज। एक बडी-बडी आंखों वाली बालिका ने वह चीज पसंद की, जो उन चमकती हुई चीजों में सबसे सुंदर थी। वह गिरोजी रंग का एक चन्द्रहार था। मां से बोली--अम्मां, मैं यह हार लूंगी। मां ने बिसाती से पूछा--बाबा, यह हार कितने का है - बिसाती ने हार को रूमाल से पोंछते हुए कहा- खरीद तो बीस आने की है, मालकिन जो चाहें दे दें। माता ने कहा-यह तो बडा महंगा है। चार दिन में इसकी चमक-दमक जाती रहेगी। बिसाती ने मार्मिक भाव से सिर हिलाकर कहा--बहूजी, चार दिन में तो बिटिया को असली चन्द्रहार मिल जाएगा! माता के ह्रदय पर इन सह्रदयता से भरे हुए शब्दों ने चोट की। हार ले लिया गया। बालिका के आनंद की सीमा न थी। शायद हीरों के हार से भी उसे इतना आनंद न होता। उसे पहनकर वह सारे गांव में नाचती गिरी। उसके पास जो बाल-संपत्ति थी, उसमें सबसे मूल्यवान, सबसे प्रिय यही बिल्लौर का हार था। लडकी का नाम जालपा था, माता का मानकी।",मालकिन जो चाहें दे दें। माता
1,4,दीनदयाल,"से गांव में रहते थे। वह किसान न थे पर खेती करते थे। वह जमींदार न थे पर जमींदारी करते थे। थानेदार न थे पर थानेदारी करते थे। वह थे जमींदार के मुख्तार। गांव पर उन्हीं की धाक थी। उनके पास चार चपरासी थे, एक घोडा, कई गाएं- - भैंसें। वेतन कुल पांच रूपये पाते थे, जो उनके तंबाकू के खर्च को भी काफी न होता था। उनकी आय के और कौन से मार्ग थे, यह कौन जानता है। जालपा उन्हीं की लडकी थी। पहले उसके तीन भाई और थे, पर इस समय वह अकेली थी। उससे कोई पूछता--तेरे भाई क्या हुए, तो वह बडी सरलता से कहती--बडी दूर खेलने गए हैं। कहते हैं, मुख्तार साहब ने एक गरीब आदमी को इतना पिटवाया था कि वह मर गया था। उसके तीन वर्ष के अंदर तीनों लङके जाते रहे। तब से बेचारे बहुत संभलकर चलते थे। फूंक - फूंककर पांव रखते, दूध के जले थे, छाछ भी फूंक - फूंककर पीते थे। माता और पिता के जीवन में और क्या अवलंब? दीनदयाल जब कभी प्रयाग जाते, तो जालपा के लिए कोई न कोई आभूषण जरूर लाते। उनकी व्यावहारिक बुद्धि में यह विचार ही न आता था कि जालपा किसी और चीज से अधिक प्रसन्न हो सकती है। गुडियां और खिलौने वह व्यर्थ समझते थे, इसलिए जालपा आभूषणों से ही खेलती थी। यही उसके खिलौने थे। वह बिल्लौर का हार, जो उसने बिसाती से लिया था, अब उसका सबसे प्यारा खिलौना था। असली हार की अभिलाषा अभी उसके मन में उदय ही नहीं हुई थी। गांव में कोई उत्सव होता, या कोई त्योहार पडता, तो वह उसी हार को पहनती। कोई दूसरा गहना उसकी आंखों में जंचता ही न था। एक दिन दीनदयाल लौटे, तो मानकी के लिए एक चन्द्रहार लाए। मानकी को यह साके बहुत दिनों से थी। यह हार पाकर वह मुग्ध हो गई। जालपा को अब अपना हार अच्छा न लगता, पिता से बोली--बाबूजी, मुझे भी ऐसा ही हार ला दीजिए।",unquoted_dash,"महाशय दीनदयाल प्रयाग के छोटे - से गांव में रहते थे। वह किसान न थे पर खेती करते थे। वह जमींदार न थे पर जमींदारी करते थे। थानेदार न थे पर थानेदारी करते थे। वह थे जमींदार के मुख्तार। गांव पर उन्हीं की धाक थी। उनके पास चार चपरासी थे, एक घोडा, कई गाएं- - भैंसें। वेतन कुल पांच रूपये पाते थे, जो उनके तंबाकू के खर्च को भी काफी न होता था। उनकी आय के और कौन से मार्ग थे, यह कौन जानता है। जालपा उन्हीं की लडकी थी। पहले उसके तीन भाई और थे, पर इस समय वह अकेली थी। उससे कोई पूछता--तेरे भाई क्या हुए, तो वह बडी सरलता से कहती--बडी दूर खेलने गए हैं। कहते हैं, मुख्तार साहब ने एक गरीब आदमी को इतना पिटवाया था कि वह मर गया था। उसके तीन वर्ष के अंदर तीनों लङके जाते रहे। तब से बेचारे बहुत संभलकर चलते थे। फूंक - फूंककर पांव रखते, दूध के जले थे, छाछ भी फूंक - फूंककर पीते थे। माता और पिता के जीवन में और क्या अवलंब? दीनदयाल जब कभी प्रयाग जाते, तो जालपा के लिए कोई न कोई आभूषण जरूर लाते। उनकी व्यावहारिक बुद्धि में यह विचार ही न आता था कि जालपा किसी और चीज से अधिक प्रसन्न हो सकती है। गुडियां और खिलौने वह व्यर्थ समझते थे, इसलिए जालपा आभूषणों से ही खेलती थी। यही उसके खिलौने थे। वह बिल्लौर का हार, जो उसने बिसाती से लिया था, अब उसका सबसे प्यारा खिलौना था। असली हार की अभिलाषा अभी उसके मन में उदय ही नहीं हुई थी। गांव में कोई उत्सव होता, या कोई त्योहार पडता, तो वह उसी हार को पहनती। कोई दूसरा गहना उसकी आंखों में जंचता ही न था। एक दिन दीनदयाल लौटे, तो मानकी के लिए एक चन्द्रहार लाए। मानकी को यह साके बहुत दिनों से थी। यह हार पाकर वह मुग्ध हो गई। जालपा को अब अपना हार अच्छा न लगता, पिता से बोली--बाबूजी, मुझे भी ऐसा ही हार ला दीजिए।",महाशय दीनदयाल प्रयाग के छोटे
1,5,दीनदयाल,"ला दूंगा, बेटी! कब ला दीजिएगा",unquoted_dash,"दीनदयाल ने मुस्कराकर कहा-ला दूंगा, बेटी! कब ला दीजिएगा",दीनदयाल ने मुस्कराकर कहा
1,7,Unknown,"वह तो बहुत रूपयों में बनेगा, बेटी!",unquoted_dash,"मां-वह तो बहुत रूपयों में बनेगा, बेटी!",मां
1,8,जालपा,"तुमने अपने लिए बनवाया है, मेरे लिए क्यों नहीं बनवातीं?",unquoted_dash,"जालपा-तुमने अपने लिए बनवाया है, मेरे लिए क्यों नहीं बनवातीं?",जालपा
1,9,Unknown,तेरे लिए तेरी ससुराल से आएगा।,unquoted_dash,मां ने मुस्कराकर कहा-तेरे लिए तेरी ससुराल से आएगा।,मां ने मुस्कराकर कहा
1,12,Unknown,उसने सोचा--तो क्या माताजी अपना हार मुझे दे देंगी? अवश्य दे देंगी।,unquoted_dash,से भी न आया तो- उसने सोचा--तो क्या माताजी अपना हार मुझे दे देंगी? अवश्य दे देंगी।,से भी न आया तो
1,13,Unknown,"खेलते सात वर्ष कट गए। और वह दिन भी आ गया, जब उसकी चिरसंचित अभिलाषा पूरी होगी।",unquoted_dash,"इस तरह हंसते-खेलते सात वर्ष कट गए। और वह दिन भी आ गया, जब उसकी चिरसंचित अभिलाषा पूरी होगी।",इस तरह हंसते
1,14,दीनदयाल,"पहचान के आदमियों में एक महाशय दयानाथ थे, बडे ही सज्जन और सह्रदय कचहरी में नौकर थे और पचास रूपये वेतन पाते थे। दीनदयाल अदालत के कीड़े थे। दयानाथ को उनसे सैकड़ों ही बार काम पड़ चुका था। चाहते, तो हजारों वसूल करते, पर कभी एक पैसे के भी रवादार नहीं हुए थे। दीनदयाल के साथ ही उनका यह सलूक न था?-यह उनका स्वभाव था। यह बात भी न थी कि वह बहुत ऊँचे आदर्श के आदमी हों, पर रिश्वत को हराम समझते थे। शायद इसलिए कि वह अपनी आंखों से इस तरह के दृश्य देख चुके थे। किसी को जेल जाते देखा था, किसी को संतान से हाथ धोते, किसी को दुर्व्यसनों के पंजे में फंसते। ऐसी उन्हें कोई मिसाल न मिलती थी, जिसने रिश्वत लेकर चैन किया हो उनकी यह दृढ़ धारणा हो गई थी कि हराम की कमाई हराम ही में जाती है। यह बात वह कभी न भूलते इस जमाने में पचास रुपए की भुगुत ही क्या पांच आदमियों का पालन बडी मुश्किल से होता था। लङके अच्छे कपड़ों को तरसते, स्त्री गहनों को तरसती, पर दयानाथ विचलित न होते थे। बडा लड़का दो ही महीने तक कालेज में रहने के बाद पढ़ना छोड़ बैठा। पिता ने साफ कह दिया--मैं तुम्हारी डिग्री के लिए सबको भूखा और नंगा नहीं रख सकता। पढ़ना चाहते हो, तो अपने पुरूषार्थ से पढ़ो। बहुतों ने किया है, तुम भी कर सकते हो । लेकिन रमानाथ में इतनी लगन न थी। इधर दो साल से वह बिलकुल बेकार था। शतरंज खेलता, सैर - सपाटे करता और मां और छोटे भाइयों पर रोब जमाता। दोस्तों की बदौलत शौक पूरा होता रहता था। किसी का चेस्टर मांग लिया और शाम को हवा खाने निकल गए। किसी का पंपःशू पहन लिया, किसी की घड़ी कलाई पर बांधा ली। कभी बनारसी फैशन में निकले, कभी लखनवी फैशन मेंब दस मित्रों ने एक-एक कपडा बनवा लिया, तो दस सूट बदलने का उपाय हो गया। सहकारिता का यह बिलकुल नया उपयोग था। इसी युवक को दीनदयाल ने जालपा के लिए पसंद किया। दयानाथ शादी नहीं करना चाहते थे। उनके पास न रूपये थे और न एक नए परिवार का भार उठाने की हिम्मत, पर जागेश्वरी ने त्रिया-हठ से काम लिया और इस शक्ति के सामने पुरूष को झुकना पड़ा। जागेश्वरी बरसों से पुत्रवधू के लिए तड़प रही थी। जो उसके सामने बहुएं बनकर आइ, वे आज पोते खिला रही हैं, फिर उस दुखिया को कैसे धैर्य होता। वह कुछ-कुछ निराश हो चली थी। ईश्वर से मनाती थी कि कहीं से बात आए। दीनदयाल ने संदेश भेजा, तो उसको आंखें-सी मिल गई। अगर कहीं यह शिकार हाथ से निकल गया, तो फिर न जाने कितने दिनों और राह देखनी पड़े। कोई यहां क्यों आने लगा। न धन ही है, न जायदाद। लङके पर कौन रीझता है। लोग तो धन देखते हैं, इसलिए उसने इस अवसर पर सारी शक्ति लगा दी और उसकी विजय हुई। दयानाथ ने कहा, भाई, तुम जानो तुम्हारा काम जाने। मुझमें समाई नहीं है। जो आदमी अपने पेट की फिक्र नहीं कर सकता, उसका विवाह करना मुझे तो अधर्म-सा मालूम होता है। फिर रूपये की भी तो फिक्र है। एक हजार तो टीमटाम के लिए चाहिए, जोड़े और गहनों के लिए अलग। (कानों पर हाथ रखकर) ना बाबा! यह बोझ मेरे मान का नहीं।",unquoted_dash,"मुंशी दीनदयाल की जान - पहचान के आदमियों में एक महाशय दयानाथ थे, बडे ही सज्जन और सह्रदय कचहरी में नौकर थे और पचास रूपये वेतन पाते थे। दीनदयाल अदालत के कीड़े थे। दयानाथ को उनसे सैकड़ों ही बार काम पड़ चुका था। चाहते, तो हजारों वसूल करते, पर कभी एक पैसे के भी रवादार नहीं हुए थे। दीनदयाल के साथ ही उनका यह सलूक न था?-यह उनका स्वभाव था। यह बात भी न थी कि वह बहुत ऊँचे आदर्श के आदमी हों, पर रिश्वत को हराम समझते थे। शायद इसलिए कि वह अपनी आंखों से इस तरह के दृश्य देख चुके थे। किसी को जेल जाते देखा था, किसी को संतान से हाथ धोते, किसी को दुर्व्यसनों के पंजे में फंसते। ऐसी उन्हें कोई मिसाल न मिलती थी, जिसने रिश्वत लेकर चैन किया हो उनकी यह दृढ़ धारणा हो गई थी कि हराम की कमाई हराम ही में जाती है। यह बात वह कभी न भूलते इस जमाने में पचास रुपए की भुगुत ही क्या पांच आदमियों का पालन बडी मुश्किल से होता था। लङके अच्छे कपड़ों को तरसते, स्त्री गहनों को तरसती, पर दयानाथ विचलित न होते थे। बडा लड़का दो ही महीने तक कालेज में रहने के बाद पढ़ना छोड़ बैठा। पिता ने साफ कह दिया--मैं तुम्हारी डिग्री के लिए सबको भूखा और नंगा नहीं रख सकता। पढ़ना चाहते हो, तो अपने पुरूषार्थ से पढ़ो। बहुतों ने किया है, तुम भी कर सकते हो । लेकिन रमानाथ में इतनी लगन न थी। इधर दो साल से वह बिलकुल बेकार था। शतरंज खेलता, सैर - सपाटे करता और मां और छोटे भाइयों पर रोब जमाता। दोस्तों की बदौलत शौक पूरा होता रहता था। किसी का चेस्टर मांग लिया और शाम को हवा खाने निकल गए। किसी का पंपःशू पहन लिया, किसी की घड़ी कलाई पर बांधा ली। कभी बनारसी फैशन में निकले, कभी लखनवी फैशन मेंब दस मित्रों ने एक-एक कपडा बनवा लिया, तो दस सूट बदलने का उपाय हो गया। सहकारिता का यह बिलकुल नया उपयोग था। इसी युवक को दीनदयाल ने जालपा के लिए पसंद किया। दयानाथ शादी नहीं करना चाहते थे। उनके पास न रूपये थे और न एक नए परिवार का भार उठाने की हिम्मत, पर जागेश्वरी ने त्रिया-हठ से काम लिया और इस शक्ति के सामने पुरूष को झुकना पड़ा। जागेश्वरी बरसों से पुत्रवधू के लिए तड़प रही थी। जो उसके सामने बहुएं बनकर आइ, वे आज पोते खिला रही हैं, फिर उस दुखिया को कैसे धैर्य होता। वह कुछ-कुछ निराश हो चली थी। ईश्वर से मनाती थी कि कहीं से बात आए। दीनदयाल ने संदेश भेजा, तो उसको आंखें-सी मिल गई। अगर कहीं यह शिकार हाथ से निकल गया, तो फिर न जाने कितने दिनों और राह देखनी पड़े। कोई यहां क्यों आने लगा। न धन ही है, न जायदाद। लङके पर कौन रीझता है। लोग तो धन देखते हैं, इसलिए उसने इस अवसर पर सारी शक्ति लगा दी और उसकी विजय हुई। दयानाथ ने कहा, भाई, तुम जानो तुम्हारा काम जाने। मुझमें समाई नहीं है। जो आदमी अपने पेट की फिक्र नहीं कर सकता, उसका विवाह करना मुझे तो अधर्म-सा मालूम होता है। फिर रूपये की भी तो फिक्र है। एक हजार तो टीमटाम के लिए चाहिए, जोड़े और गहनों के लिए अलग। (कानों पर हाथ रखकर) ना बाबा! यह बोझ मेरे मान का नहीं।",मुंशी दीनदयाल की जान
1,18,दयानाथ,"भाव से कहा--'खुल चुका, जिसे शतरंज और सैर-सपाटे से फुरसत न मिले, उसे सभी द्वार बंद मिलेंगे।",unquoted_dash,"दयानाथ ने उपेक्षा-भाव से कहा--'खुल चुका, जिसे शतरंज और सैर-सपाटे से फुरसत न मिले, उसे सभी द्वार बंद मिलेंगे।",दयानाथ ने उपेक्षा
1,20,Unknown,"भर भी न बीतने पाया था कि नौकर हो गए। बोली--बहू आ जाएगी, तो उसकी आंखें भी खुलेंगी, देख लेना। अपनी बात याद करो। जब तक गले में जुआ नहीं पडा है, तभी तक यह कुलेलें हैं। जुआ पडा और सारा नशा हिरन हुआ। निकम्मों को राह पर लाने का इससे बढ़कर और कोई उपाय ही नहीं।",unquoted_dash,"सवार हो गई थी। साल-भर भी न बीतने पाया था कि नौकर हो गए। बोली--बहू आ जाएगी, तो उसकी आंखें भी खुलेंगी, देख लेना। अपनी बात याद करो। जब तक गले में जुआ नहीं पडा है, तभी तक यह कुलेलें हैं। जुआ पडा और सारा नशा हिरन हुआ। निकम्मों को राह पर लाने का इससे बढ़कर और कोई उपाय ही नहीं।",सवार हो गई थी। साल
1,22,मानकी,"जब टीके में एक हजार दिया, तो इतना ही घर पर भी देना पड़ेगा। आएगा कहां से- दीनदयाल चिढ़कर बोले--भगवान मालिक है। जब उन लोगों ने उदारता दिखाई और लड़का मुझे सौंप दिया, तो मैं भी दिखा देना चाहता हूं कि हम भीशरीफ हैं और शील का मूल्य पहचानते हैं। अगर उन्होंने हेकड़ी जताई होती, तो अभी उनकी खबर लेता।",unquoted_attribution_dash,"मुंशी दीनदयाल उन आदमियों में से थे, जो सीधों के साथ सीधे होते हैं, पर टेढ़ों के साथ टेढ़े ही नहीं, शैतान हो जाते हैं। दयानाथ बडा-सा मुंह खोलते, हजारों की बातचीत करते, तो दीनदयाल उन्हें ऐसा चकमा देते कि वह उम्र- भर याद करते। दयानाथ की सज्जनता ने उन्हें वशीभूत कर लिया। उनका विचारएक हजार देने का था, पर एक हजार टीके ही में दे आए। मानकी ने कहा--जब टीके में एक हजार दिया, तो इतना ही घर पर भी देना पड़ेगा। आएगा कहां से- दीनदयाल चिढ़कर बोले--भगवान मालिक है। जब उन लोगों ने उदारता दिखाई और लड़का मुझे सौंप दिया, तो मैं भी दिखा देना चाहता हूं कि हम भीशरीफ हैं और शील का मूल्य पहचानते हैं। अगर उन्होंने हेकड़ी जताई होती, तो अभी उनकी खबर लेता।",हजार टीके ही में दे आए। मानकी
1,24,जागेश्वरी,"दोगे कहां से, कुछ सोचा है?",unquoted_dash,"जागेश्वरी--दोगे कहां से, कुछ सोचा है?",जागेश्वरी
1,25,दयानाथ,कम-से-कम एक हजार तो वहां मिल ही जाएंगे।,unquoted_dash,दयानाथ--कम-से-कम एक हजार तो वहां मिल ही जाएंगे।,दयानाथ
1,26,जागेश्वरी,खून मुंह लग गया क्या?,unquoted_dash,जागेश्वरी--खून मुंह लग गया क्या?,जागेश्वरी
1,27,दयानाथ,"नहीं-नहीं, मगर आखिर वहां भी तो कुछ मिलेगा?",unquoted_dash,"दयानाथ ने शरमाकर कहा--नहीं-नहीं, मगर आखिर वहां भी तो कुछ मिलेगा?",दयानाथ ने शरमाकर कहा
1,28,जागेश्वरी,"वहां मिलेगा, तो वहां खर्च भी होगा। नाम जोड़े गहने से नहीं होता, दान-दक्षिणा से होता है। इस तरह चन्द्रहार का प्रस्ताव रद्द हो गया।",unquoted_dash,"जागेश्वरी--वहां मिलेगा, तो वहां खर्च भी होगा। नाम जोड़े गहने से नहीं होता, दान-दक्षिणा से होता है। इस तरह चन्द्रहार का प्रस्ताव रद्द हो गया।",जागेश्वरी
1,31,Unknown,चन्द्रहार नहीं है क्या!,unquoted_attribution_dash,"द्वारचार के बाद बरात जनवासे चली गई। भोजन की तैयारियां होने लगीं। किसी ने पूरियां खाई, किसी ने उपलों पर खिचड़ी पकाई। देहात के तमाशा देखनेवालों के मनोरंजन के लिए नाच-गाना होने लगा। दस बजे सहसा फिर बाजे बजने लगे। मालूम हुआ कि चढ़ावा आ रहा है। बरात में हर एक रस्म डंके की चोट पर अदा होती है। दूल्हा कलेवा करने आ रहा है, बाजे बजने लगे। समधी मिलने आ रहा है, बाजे बजने लगे। चढ़ावा ज्योंही पहुंचा, घर में हलचल मच गई। स्त्री-पुरूष, बूढ़े-जवान, सब चढ़ावा देखने के लिए उत्सुक हो उठे। ज्योंही किश्तियां मंडप में पहुंचीं, लोग सब काम छोड़कर देखने दौड़े। आपस में धक्कम-धक्का होने लगा। मानकी प्यास से बेहाल हो रही थी, कंठ सूखा जाता था, चढ़ावा आते ही प्यास भाग गई। दीनदयाल मारे भूख-प्यास के निर्जीव-से पड़े थे, यह समाचार सुनते ही सचेत होकर दौड़े। मानकी एक-एक चीज़ को निकाल-निकालकर देखने और दिखाने लगी। वहां सभी इस कला के विशेषज्ञ थे। मदोऊ ने गहने बनवाए थे, औरतों ने पहने थे, सभी आलोचना करने लगे। चूहेदन्ती कितनी सुंदर है, कोई दस तोले की होगी वाह! साढे। ग्यारह तोले से रत्ती-भर भी कम निकल जाए, तो कुछ हार जाऊं! यह शेरदहां तो देखो, क्या हाथ की सफाई है! जी चाहता है कारीगर के हाथ चूम लें। यह भी बारह तोले से कम न होगा। वाह! कभी देखा भी है, सोलह तोले से कम निकल जाए, तो मुंह न दिखाऊं। हां, माल उतना चोखा नहीं है। यह कंगन तो देखो, बिलकुल पक्की जडाई है, कितना बारीक काम है कि आंख नहीं ठहरती! कैसा दमक रहा है। सच्चे नगीने हैं। झूठे नगीनों में यह आब कहां। चीज तो यह गुलूबंद है, कितने खूबसूरत फूल हैं! और उनके बीच के हीरे कैसे चमक रहे हैं! किसी बंगाली सुनार ने बनाया होगा। क्या बंगालियों ने कारीगरी का ठेका ले लिया है, हमारे देश में एक-से-एक कारीगर पड़े हुए हैं। बंगाली सुनार बेचारे उनकी क्या बराबरी करेंगे। इसी तरह एक-एक चीज की आलोचना होती रही। सहसा किसी ने कहा--चन्द्रहार नहीं है क्या!",की आलोचना होती रही। सहसा किसी
1,32,मानकी,"नहीं, चन्द्रहार नहीं आया।",unquoted_dash,"मानकी ने रोनी सूरत बनाकर कहा--नहीं, चन्द्रहार नहीं आया।",मानकी ने रोनी सूरत बनाकर कहा
1,33,Unknown,"अरे, चन्द्रहार नहीं आया?",unquoted_dash,"एक महिला बोली--अरे, चन्द्रहार नहीं आया?",एक महिला बोली
1,34,दीनदयाल,"और सभी चीजें तो हैं, एक चन्द्रहार ही तो नहीं है।",unquoted_dash,"दीनदयाल ने गंभीर भाव से कहा--और सभी चीजें तो हैं, एक चन्द्रहार ही तो नहीं है।",दीनदयाल ने गंभीर भाव से कहा
1,35,Unknown,चन्द्रहार की बात ही और है!,unquoted_dash,उसी महिला ने मुंह बनाकर कहा--चन्द्रहार की बात ही और है!,उसी महिला ने मुंह बनाकर कहा
1,39,राधा,"जालपा- मालूम होता है, तूने बडी तपस्या की थी, ऐसा चढ़ाव मैंने आज तक नहीं देखा था। अब तो तेरी सब साध पूरी हो गई। जालपा ने अपनी लंबी-लंबी पलकें उठाकर उसकी ओर ऐसे दीन -नजर से देखा, मानो जीवन में अब उसके लिए कोई आशा नहीं है? हां बहन, सब साध पूरी हो गई। इन शब्दों में कितनी अपार मर्मान्तक वेदना भरी हुई थी, इसका अनुमान तीनों युवतियों में कोई भी न कर सकी । तीनों कौतूहल से उसकी ओर ताकने लगीं, मानो उसका आशय उनकी समझ में न आया हो बासन्ती ने कहा--जी चाहता है, कारीगर के हाथ चूम लूं। शहजादी बोली--चढ़ावा ऐसा ही होना चाहिए, कि देखने वाले भड़क उठें।",unquoted_dash,"राधा मुस्कराकर बोली--जालपा- मालूम होता है, तूने बडी तपस्या की थी, ऐसा चढ़ाव मैंने आज तक नहीं देखा था। अब तो तेरी सब साध पूरी हो गई। जालपा ने अपनी लंबी-लंबी पलकें उठाकर उसकी ओर ऐसे दीन -नजर से देखा, मानो जीवन में अब उसके लिए कोई आशा नहीं है? हां बहन, सब साध पूरी हो गई। इन शब्दों में कितनी अपार मर्मान्तक वेदना भरी हुई थी, इसका अनुमान तीनों युवतियों में कोई भी न कर सकी । तीनों कौतूहल से उसकी ओर ताकने लगीं, मानो उसका आशय उनकी समझ में न आया हो बासन्ती ने कहा--जी चाहता है, कारीगर के हाथ चूम लूं। शहजादी बोली--चढ़ावा ऐसा ही होना चाहिए, कि देखने वाले भड़क उठें।",राधा मुस्कराकर बोली
1,40,Unknown,"तुम्हारी सास बडी चतुर जान पड़ती हैं, कोई चीज नहीं छोड़ी।",unquoted_dash,"बासन्ती--तुम्हारी सास बडी चतुर जान पड़ती हैं, कोई चीज नहीं छोड़ी।",बासन्ती
1,41,जालपा,ऐसा ही होगा।,unquoted_dash,जालपा ने मुंह उधरकर कहा--ऐसा ही होगा।,जालपा ने मुंह उधरकर कहा
1,42,राधा,"और तो सब कुछ है, केवल चन्द्रहार नहीं है।",unquoted_dash,"राधा--और तो सब कुछ है, केवल चन्द्रहार नहीं है।",राधा
1,43,शहजादी,"एक चन्द्रहार के न होने से क्या होता है बहन, उसकी जगह गुलूबंद तो है।",unquoted_dash,"शहजादी--एक चन्द्रहार के न होने से क्या होता है बहन, उसकी जगह गुलूबंद तो है।",शहजादी
1,46,शहजादी,"तुम पूछने को कहती हो, मैं रूलाकर छोड़ूंगी। मेरे चढ़ाव पर कंगन नहीं आया था, उस वक्त मन ऐसा खक्रा हुआ कि सारे गहनों पर लात मार दूं। जब तक कंगन न बन गए, मैं नींद भर सोई नहीं।",unquoted_dash,"शहजादी--तुम पूछने को कहती हो, मैं रूलाकर छोड़ूंगी। मेरे चढ़ाव पर कंगन नहीं आया था, उस वक्त मन ऐसा खक्रा हुआ कि सारे गहनों पर लात मार दूं। जब तक कंगन न बन गए, मैं नींद भर सोई नहीं।",शहजादी
1,47,राधा,"तो क्या तुम जानती हो, जालपा का चन्द्रहार न बनेगा।",unquoted_dash,"राधा--तो क्या तुम जानती हो, जालपा का चन्द्रहार न बनेगा।",राधा
1,48,शहजादी,"बनेगा तब बनेगा, इस अवसर पर तो नहीं बना। दस-पांच की चीज़ तो है नहीं, कि जब चाहा बनवा लिया, सैकड़ों का खर्च है, फिर कारीगर तो हमेशा अच्छे नहीं मिलते। जालपा का भग्न ह्रदय शहजादी की इन बातों से मानो जी उठा, वह रूंधे कंठ से बोली--यही तो मैं भी सोचती हूं बहन, जब आज न मिला, तो फिर क्या मिलेगा! राधा और बासन्ती मन-ही-मन शहजादी को कोस रही थीं, और थप्पड़ दिखा-दिखाकर धमका रही थीं, पर शहजादी को इस वक्त तमाशे का मजा आ रहा था। बोली--नहीं, यह बात नहीं है जल्ली; आग्रह करने से सब कुछ हो सकता है, सास-ससुर को बार-बार याद दिलाती रहना। बहनोईजी से दो-चार दिन रूठे रहने से भी बहुत कुछ काम निकल सकता है। बस यही समझ लो कि घरवाले चैन न लेने पाएं, यह बात हरदम उनके ध्यान में रहे। उन्हें मालूम हो जाय कि बिना चन्द्रहार बनवाए कुशल नहीं। तुम ज़रा भी ढीली पड़ीं और काम बिगडा।",unquoted_dash,"शहजादी--बनेगा तब बनेगा, इस अवसर पर तो नहीं बना। दस-पांच की चीज़ तो है नहीं, कि जब चाहा बनवा लिया, सैकड़ों का खर्च है, फिर कारीगर तो हमेशा अच्छे नहीं मिलते। जालपा का भग्न ह्रदय शहजादी की इन बातों से मानो जी उठा, वह रूंधे कंठ से बोली--यही तो मैं भी सोचती हूं बहन, जब आज न मिला, तो फिर क्या मिलेगा! राधा और बासन्ती मन-ही-मन शहजादी को कोस रही थीं, और थप्पड़ दिखा-दिखाकर धमका रही थीं, पर शहजादी को इस वक्त तमाशे का मजा आ रहा था। बोली--नहीं, यह बात नहीं है जल्ली; आग्रह करने से सब कुछ हो सकता है, सास-ससुर को बार-बार याद दिलाती रहना। बहनोईजी से दो-चार दिन रूठे रहने से भी बहुत कुछ काम निकल सकता है। बस यही समझ लो कि घरवाले चैन न लेने पाएं, यह बात हरदम उनके ध्यान में रहे। उन्हें मालूम हो जाय कि बिना चन्द्रहार बनवाए कुशल नहीं। तुम ज़रा भी ढीली पड़ीं और काम बिगडा।",शहजादी
1,49,राधा,"इनसे न बने तो तुम्हें बुला लें, क्यों - अब उठोगी कि सारी रात उपदेश ही करती रहोगी!",unquoted_dash,"राधा ने हंसी को रोकते हुए कहा--इनसे न बने तो तुम्हें बुला लें, क्यों - अब उठोगी कि सारी रात उपदेश ही करती रहोगी!",राधा ने हंसी को रोकते हुए कहा
1,50,शहजादी,"चलती हूं, ऐसी क्या भागड़ पड़ी है। हां, खूब याद आई, क्यों जल्ली, तेरी अम्मांजी के पास बडा अच्छा चन्द्रहार है। तुझे न देंगी।",unquoted_dash,"शहजादी--चलती हूं, ऐसी क्या भागड़ पड़ी है। हां, खूब याद आई, क्यों जल्ली, तेरी अम्मांजी के पास बडा अच्छा चन्द्रहार है। तुझे न देंगी।",शहजादी
1,51,जालपा,"क्या कहूं बहन, मुझे तो आशा नहीं है।",unquoted_dash,"जालपा ने एक लंबी सांस लेकर कहा--क्या कहूं बहन, मुझे तो आशा नहीं है।",जालपा ने एक लंबी सांस लेकर कहा
1,52,शहजादी,"एक बार कहकर देखो तो, अब उनके कौन पहनने-ओढ़ने के दिन बैठे हैं।",unquoted_dash,"शहजादी--एक बार कहकर देखो तो, अब उनके कौन पहनने-ओढ़ने के दिन बैठे हैं।",शहजादी
1,53,जालपा,मुझसे तो न कहा जायगा।,unquoted_dash,जालपा--मुझसे तो न कहा जायगा।,जालपा
1,54,शहजादी,मैं कह दूंगी।,unquoted_dash,शहजादी--मैं कह दूंगी।,शहजादी
1,55,जालपा,"नहीं-नहीं, तुम्हारे हाथ जोड़ती हूं। मैं ज़रा उनके मातृस्नेह की परीक्षा लेना चाहती हूं।",unquoted_dash,"जालपा--नहीं-नहीं, तुम्हारे हाथ जोड़ती हूं। मैं ज़रा उनके मातृस्नेह की परीक्षा लेना चाहती हूं।",जालपा
1,58,शहजादी,"जब यह दोनों चुड़ैलें बैठने भी दें। मैं तो तुम्हें गुर सिखाती हूं और यह दोनों मुझ पर झल्लाती हैं। सुन नहीं रही हो, मैं भी विष की गांठ हूं।",unquoted_dash,"शहजादी--जब यह दोनों चुड़ैलें बैठने भी दें। मैं तो तुम्हें गुर सिखाती हूं और यह दोनों मुझ पर झल्लाती हैं। सुन नहीं रही हो, मैं भी विष की गांठ हूं।",शहजादी
1,59,Unknown,विष की गांठ तो तू है ही।,unquoted_dash,बासन्ती--विष की गांठ तो तू है ही।,बासन्ती
1,60,शहजादी,"तुम भी तो ससुराल से सालभर बाद आई हो, कौन-कौन-सी नई चीजें बनवा लाई।",unquoted_dash,"शहजादी--तुम भी तो ससुराल से सालभर बाद आई हो, कौन-कौन-सी नई चीजें बनवा लाई।",शहजादी
1,61,Unknown,और तुमने तीन साल में क्या बनवा लिया।,unquoted_dash,बासन्ती--और तुमने तीन साल में क्या बनवा लिया।,बासन्ती
1,62,शहजादी,"मेरी बात छोड़ो, मेरा खसम तो मेरी बात ही नहीं पूछता।",unquoted_dash,"शहजादी--मेरी बात छोड़ो, मेरा खसम तो मेरी बात ही नहीं पूछता।",शहजादी
1,63,राधा,प्रेम के सामने गहनों का कोई मूल्य नहीं।,unquoted_dash,राधा--प्रेम के सामने गहनों का कोई मूल्य नहीं।,राधा
1,64,शहजादी,तो सूखा प्रेम तुम्हीं को गले।,unquoted_dash,शहजादी--तो सूखा प्रेम तुम्हीं को गले।,शहजादी
1,65,मानकी,"तुम तीनों यहां बैठी क्या कर रही हो , चलो वहां लोग खाना खाने आ रहे हैं।",unquoted_dash,"इतने में मानकी ने आकर कहा--तुम तीनों यहां बैठी क्या कर रही हो , चलो वहां लोग खाना खाने आ रहे हैं।",इतने में मानकी ने आकर कहा
1,68,जागेश्वरी,भोजन कब से बना ठंडा हो रहा है। खाकर तब बैठो।,unquoted_dash,जागेश्वरी ने आकर कहा--भोजन कब से बना ठंडा हो रहा है। खाकर तब बैठो।,जागेश्वरी ने आकर कहा
1,70,जागेश्वरी,"भूख क्यों नहीं है, रात भी तो कुछ नहीं खाया था! इस तरह दाना-पानी छोड़ देने से महाजन के रूपये थोड़े ही अदा हो जाएंगे।",unquoted_dash,"जागेश्वरी--भूख क्यों नहीं है, रात भी तो कुछ नहीं खाया था! इस तरह दाना-पानी छोड़ देने से महाजन के रूपये थोड़े ही अदा हो जाएंगे।",जागेश्वरी
1,71,दयानाथ,"मैं सोचता हूं, उसे आज क्या जवाब दूंगा- मैं तो यह विवाह करके बुरा फंस गया। बहू कुछ गहने लौटा तो देगी।",unquoted_dash,"दयानाथ--मैं सोचता हूं, उसे आज क्या जवाब दूंगा- मैं तो यह विवाह करके बुरा फंस गया। बहू कुछ गहने लौटा तो देगी।",दयानाथ
1,72,जागेश्वरी,"बहू का हाल तो सुन चुके, फिर भी उससे ऐसी आशा रखते हो उसकी टेक है कि जब तक चन्द्रहार न बन जायगा, कोई गहना ही न पहनूंगी। सारे गहने संदूक में बंद कर रखे हैं। बस, वही एक बिल्लौरी हार गले में डाले हुए है। बहुएं बहुत देखीं, पर ऐसी बहू न देखी थी। फिर कितना बुरा मालूम होता है कि कल की आई बहू, उससे गहने छीन लिए जाएं। दयानाथ ने चिढ़कर कहा--तुम तो जले पर नमक छिड़कती हो बुरा मालूम होता है तो लाओ एक हजार निकालकर दे दो, महाजन को दे आऊं, देती हो? बुरा मुझे खुद मालूम होता है, लेकिन उपाय क्या है? गला कैसे छूटेगा?",unquoted_dash,"जागेश्वरी--बहू का हाल तो सुन चुके, फिर भी उससे ऐसी आशा रखते हो उसकी टेक है कि जब तक चन्द्रहार न बन जायगा, कोई गहना ही न पहनूंगी। सारे गहने संदूक में बंद कर रखे हैं। बस, वही एक बिल्लौरी हार गले में डाले हुए है। बहुएं बहुत देखीं, पर ऐसी बहू न देखी थी। फिर कितना बुरा मालूम होता है कि कल की आई बहू, उससे गहने छीन लिए जाएं। दयानाथ ने चिढ़कर कहा--तुम तो जले पर नमक छिड़कती हो बुरा मालूम होता है तो लाओ एक हजार निकालकर दे दो, महाजन को दे आऊं, देती हो? बुरा मुझे खुद मालूम होता है, लेकिन उपाय क्या है? गला कैसे छूटेगा?",जागेश्वरी
1,73,जागेश्वरी,"बेटे का ब्याह किया है कि ठट्ठा है? शादी-ब्याह में सभी कर्ज़ लेते हैं, तुमने कोई नई बात नहीं की। खाने-पहनने के लिए कौन कर्ज लेता है। धर्मात्मा बनने का कुछ फल मिलना चाहिए या नहीं- तुम्हारे ही दर्जे पर सत्यदेव हैं, पक्का मकान खडाकर दिया, जमींदारी खरीद ली, बेटी के ब्याह में कुछ नहीं तो पांच हज़ार तो खर्च किए ही होंगे।",unquoted_dash,"जागेश्वरी--बेटे का ब्याह किया है कि ठट्ठा है? शादी-ब्याह में सभी कर्ज़ लेते हैं, तुमने कोई नई बात नहीं की। खाने-पहनने के लिए कौन कर्ज लेता है। धर्मात्मा बनने का कुछ फल मिलना चाहिए या नहीं- तुम्हारे ही दर्जे पर सत्यदेव हैं, पक्का मकान खडाकर दिया, जमींदारी खरीद ली, बेटी के ब्याह में कुछ नहीं तो पांच हज़ार तो खर्च किए ही होंगे।",जागेश्वरी
1,74,दयानाथ,जभी दोनों लङके भी तो चल दिए!,unquoted_dash,दयानाथ--जभी दोनों लङके भी तो चल दिए!,दयानाथ
1,75,जागेश्वरी,"मरना-जीना तो संसार की गति है, लेते हैं, वह भी मरते हैं,नहीं लेते, वह भी मरते हैं। अगर तुम चाहो तो छः महीने में सब रूपये चुका सकते हो",unquoted_dash,"जागेश्वरी--मरना-जीना तो संसार की गति है, लेते हैं, वह भी मरते हैं,नहीं लेते, वह भी मरते हैं। अगर तुम चाहो तो छः महीने में सब रूपये चुका सकते हो'",जागेश्वरी
1,76,दयानाथ,"जो बात जिंदगी?भर नहीं की, वह अब आखिरी वक्त नहीं कर सकता बहू से साफ-साफ कह दो, उससे पर्दा रखने की जरूरत ही क्या है, और पर्दा रह ही कितने दिन सकता है। आज नहीं तो कल सारा हाल मालूम ही हो जाएगा। बस तीन-चार चीजें लौटा दे, तो काम बन जाय। तुम उससे एक बार कहो तो।",unquoted_dash,"दयानाथ ने त्योरी चढ़ाकर कहा--जो बात जिंदगी?भर नहीं की, वह अब आखिरी वक्त नहीं कर सकता बहू से साफ-साफ कह दो, उससे पर्दा रखने की जरूरत ही क्या है, और पर्दा रह ही कितने दिन सकता है। आज नहीं तो कल सारा हाल मालूम ही हो जाएगा। बस तीन-चार चीजें लौटा दे, तो काम बन जाय। तुम उससे एक बार कहो तो।",दयानाथ ने त्योरी चढ़ाकर कहा
1,77,जागेश्वरी,"उससे तुम्हीं कहो, मुझसे तो न कहा जायगा।",unquoted_dash,"जागेश्वरी झुंझलाकर बोली--उससे तुम्हीं कहो, मुझसे तो न कहा जायगा।",जागेश्वरी झुंझलाकर बोली
1,78,रमानाथ,"रैकेट लिये बाहर से आया। सफेद टेनिस शर्ट था, सफेद पतलून, कैनवस का जूता, गोरे रंग और सुंदर मुखाकृति पर इस पहनावे ने रईसों की शान पैदा कर दी थी। रूमाल में बेले के गजरे लिये हुए था। उससे सुगंध उड़ रही थी। माता-पिता की आंखें बचाकर वह जीने पर जाना चाहता था, कि जागेश्वरी ने टोका--इन्हीं के तो सब कांटे बोए हुए हैं, इनसे क्यों नहीं सलाह लेते?(रमा से) तुमने नाच-तमाशे में बारह-तेरह सौ रूपये उडा दिए, बतलाओ सर्राफ को क्या जवाब दिया जाय- बडी मुश्किलों से कुछ गहने लौटाने पर राजी हुआ, मगर बहू से गहने मांगे कौन- यह सब तुम्हारी ही करतूत है। रमानाथ ने इस आक्षेप को अपने ऊपर से हटाते हुए कहा--मैंने क्या खर्च किया- जो कुछ किया बाबूजी ने किया। हां, जो कुछ मुझसे कहा गया, वह मैंने किया।",unquoted_dash,"सहसा रमानाथ टेनिस-रैकेट लिये बाहर से आया। सफेद टेनिस शर्ट था, सफेद पतलून, कैनवस का जूता, गोरे रंग और सुंदर मुखाकृति पर इस पहनावे ने रईसों की शान पैदा कर दी थी। रूमाल में बेले के गजरे लिये हुए था। उससे सुगंध उड़ रही थी। माता-पिता की आंखें बचाकर वह जीने पर जाना चाहता था, कि जागेश्वरी ने टोका--इन्हीं के तो सब कांटे बोए हुए हैं, इनसे क्यों नहीं सलाह लेते?(रमा से) तुमने नाच-तमाशे में बारह-तेरह सौ रूपये उडा दिए, बतलाओ सर्राफ को क्या जवाब दिया जाय- बडी मुश्किलों से कुछ गहने लौटाने पर राजी हुआ, मगर बहू से गहने मांगे कौन- यह सब तुम्हारी ही करतूत है। रमानाथ ने इस आक्षेप को अपने ऊपर से हटाते हुए कहा--मैंने क्या खर्च किया- जो कुछ किया बाबूजी ने किया। हां, जो कुछ मुझसे कहा गया, वह मैंने किया।",सहसा रमानाथ टेनिस
1,80,रमानाथ,"मैं इस विषय में क्या सलाह दे सकता हूं, मगर मैं इतना कह सकता हूं कि इस प्रस्ताव को वह खुशी से मंजूर न करेगी। अम्मां तो जानती हैं कि चढ़ावे में चन्द्रहार न जाने से उसे कितना बुरा लगा था। प्रण कर लिया है, जब तक चन्द्रहार न बन जाएगा, कोई गहना न पहनूंगी।",unquoted_dash,"रमानाथ ने शरमाते हुए कहा--मैं इस विषय में क्या सलाह दे सकता हूं, मगर मैं इतना कह सकता हूं कि इस प्रस्ताव को वह खुशी से मंजूर न करेगी। अम्मां तो जानती हैं कि चढ़ावे में चन्द्रहार न जाने से उसे कितना बुरा लगा था। प्रण कर लिया है, जब तक चन्द्रहार न बन जाएगा, कोई गहना न पहनूंगी।",रमानाथ ने शरमाते हुए कहा
1,82,रमानाथ,रोना-धोना मच जायगा और इसके साथ घर का पर्दा भी खुल जायगा।,unquoted_dash,रमानाथ--रोना-धोना मच जायगा और इसके साथ घर का पर्दा भी खुल जायगा।,रमानाथ
1,83,दयानाथ,"उससे पर्दा रखने की जरूरत ही क्या! अपनी यथार्थ स्थिति को वह जितनी ही जल्दी समझ ले, उतना ही अच्छा।",unquoted_dash,"दयानाथ ने माथा सिकोड़कर कहा--उससे पर्दा रखने की जरूरत ही क्या! अपनी यथार्थ स्थिति को वह जितनी ही जल्दी समझ ले, उतना ही अच्छा।",दयानाथ ने माथा सिकोड़कर कहा
1,85,दयानाथ,हमने तो दीनदयाल से यह कभी न कहा था कि हम लखपती हैं।,unquoted_dash,दयानाथ--हमने तो दीनदयाल से यह कभी न कहा था कि हम लखपती हैं।,दयानाथ
1,86,रमानाथ,तो आपने यही कब कहा था कि हम उधार गहने लाए हैं और दो-चार दिन में लौटा देंगे! आखिर यह सारा स्वांग अपनी धाक बैठाने के लिए ही किया था या कुछ और?,unquoted_dash,रमानाथ--तो आपने यही कब कहा था कि हम उधार गहने लाए हैं और दो-चार दिन में लौटा देंगे! आखिर यह सारा स्वांग अपनी धाक बैठाने के लिए ही किया था या कुछ और?,रमानाथ
1,87,दयानाथ,"तो फिर किसी दूसरे बहाने से मांगना पड़ेगा। बिना मांगे काम नहीं चल सकता कल या तो रूपये देने पड़ेंगे, या गहने लौटाने पड़ेंगे। और कोई राह नहीं।",unquoted_dash,"दयानाथ--तो फिर किसी दूसरे बहाने से मांगना पड़ेगा। बिना मांगे काम नहीं चल सकता कल या तो रूपये देने पड़ेंगे, या गहने लौटाने पड़ेंगे। और कोई राह नहीं।",दयानाथ
1,89,Unknown,"अगर उन गहनों के बदले मुलम्मे के गहने दे दिए जाएं? मगर तुरंत ही उन्हें ज्ञात हो गया कि यह लचर बात है, खुद ही उसका विरोध करते हुए कहा--हां, बाद मुलम्मा उड़ जायगा तो फिर लज्जित होना पड़ेगा। अक्ल कुछ काम नहीं करती। मुझे तो यही सूझता है, यह सारी स्थिति उसे समझा दी जाय। ज़रा देर के लिए उसे दुख तो जरूर होगा,लेकिन आगे के वास्ते रास्ता साफ हो जाएगा।",unquoted_dash,"दयानाथ को एक उपाय सूझा।बोले--अगर उन गहनों के बदले मुलम्मे के गहने दे दिए जाएं? मगर तुरंत ही उन्हें ज्ञात हो गया कि यह लचर बात है, खुद ही उसका विरोध करते हुए कहा--हां, बाद मुलम्मा उड़ जायगा तो फिर लज्जित होना पड़ेगा। अक्ल कुछ काम नहीं करती। मुझे तो यही सूझता है, यह सारी स्थिति उसे समझा दी जाय। ज़रा देर के लिए उसे दुख तो जरूर होगा,लेकिन आगे के वास्ते रास्ता साफ हो जाएगा।",दयानाथ को एक उपाय सूझा।बोले
1,91,दयानाथ,कैसे ?,unquoted_dash,दयानाथ ने पूछा--कैसे ?,दयानाथ ने पूछा
1,92,रमानाथ,उसी तरह जैसे आपके और भाई करते हैं!,unquoted_dash,रमानाथ--उसी तरह जैसे आपके और भाई करते हैं!,रमानाथ
1,93,दयानाथ,वह मुझसे नहीं हो सकता।,unquoted_dash,दयानाथ--वह मुझसे नहीं हो सकता।,दयानाथ
1,95,दयानाथ,कोई बात सूझी?मुझे तो कुछ नहीं सूझता।,unquoted_attribution_dash,"कितनी नीचता है! कितना कपट! कितनी निर्दयता! अपनी प्रेयसी के साथ ऐसी धूर्तता! उसके मन ने उसे धिक्काराब अगर इस वक्त उसे कोई एक हजार रूपया दे देता, तो वह उसका उम्रभर के लिए गुलाम हो जाता। दयानाथ ने पूछा--कोई बात सूझी?मुझे तो कुछ नहीं सूझता।",र के लिए गुलाम हो जाता। दयानाथ
1,97,Unknown,"तीन गहने मांग लेते?तुम चाहो तो ले सकते हो,",unquoted_dash,"क्यों नहीं उससे दो-तीन गहने मांग लेते?तुम चाहो तो ले सकते हो,",क्यों नहीं उससे दो
1,100,जागेश्वरी,"मुझसे तो नहीं देखा जाता था कि अपना आदमी चिंता में पडा रहे, मैं गहने पहने बैठी रहूं। नहीं तो आज मेरे पास भी गहने न होते?एक-एक करके सब निकल गए। विवाह में पांच हजार से कम का चढ़ावा नहीं गया था, मगर पांच ही साल में सब स्वाहा हो गया। तब से एक छल्ला बनवाना भी नसीब न हुआ।",unquoted_dash,"जागेश्वरी ने अनुमोदन किया--मुझसे तो नहीं देखा जाता था कि अपना आदमी चिंता में पडा रहे, मैं गहने पहने बैठी रहूं। नहीं तो आज मेरे पास भी गहने न होते?एक-एक करके सब निकल गए। विवाह में पांच हजार से कम का चढ़ावा नहीं गया था, मगर पांच ही साल में सब स्वाहा हो गया। तब से एक छल्ला बनवाना भी नसीब न हुआ।",जागेश्वरी ने अनुमोदन किया
1,101,दयानाथ,शर्म करने का यह अवसर नहीं है। इन्हें मांगना पड़ेगा!,unquoted_dash,दयानाथ ज़ोर देकर बोले--शर्म करने का यह अवसर नहीं है। इन्हें मांगना पड़ेगा!,दयानाथ ज़ोर देकर बोले
1,102,रमानाथ,"मैं मांग तो नहीं सकता, कहिए उठा लाऊं। यह कहते-कहते लज्जा, क्षोभ और अपनी नीचता के ज्ञान से उसकी आंखें सजल हो गई।",unquoted_dash,"रमानाथ ने झेंपते हुए कहा--मैं मांग तो नहीं सकता, कहिए उठा लाऊं। यह कहते-कहते लज्जा, क्षोभ और अपनी नीचता के ज्ञान से उसकी आंखें सजल हो गई।",रमानाथ ने झेंपते हुए कहा
1,103,दयानाथ,"उठा लाओगे, उससे छिपाकर?",unquoted_dash,"दयानाथ ने भौंचक्ध होकर कहा--उठा लाओगे, उससे छिपाकर?",दयानाथ ने भौंचक्ध होकर कहा
1,104,रमानाथ,और आप क्या समझ रहे हैं?,unquoted_dash,रमानाथ ने तीव्र कंठ से कहा--और आप क्या समझ रहे हैं?,रमानाथ ने तीव्र कंठ से कहा
1,106,रमानाथ,"आपको इससे क्या मतलब। मुझसे चीज़ें ले लीजिएगा, मगर जब आप जानते थे, यह नौबत आएगी, तो इतने जेवर ले जाने की जरूरत ही क्या थी ? व्यर्थ की विपत्ति मोल ली। इससे कई लाख गुना अच्छा था कि आसानी से जितना ले जा सकते, उतना ही ले जाते। उस भोजन से क्या लाभ कि पेट में पीडा होने लगे?मैं तो समझ रहा था कि आपने कोई मार्ग निकाल लिया होगा। मुझे क्या मालूम था कि आप मेरे सिर यह मुसीबतों की टोकरी पटक देंगे। वरना मैं उन चीज़ों को कभी न ले जाने देता।",unquoted_dash,"रमानाथ--आपको इससे क्या मतलब। मुझसे चीज़ें ले लीजिएगा, मगर जब आप जानते थे, यह नौबत आएगी, तो इतने जेवर ले जाने की जरूरत ही क्या थी ? व्यर्थ की विपत्ति मोल ली। इससे कई लाख गुना अच्छा था कि आसानी से जितना ले जा सकते, उतना ही ले जाते। उस भोजन से क्या लाभ कि पेट में पीडा होने लगे?मैं तो समझ रहा था कि आपने कोई मार्ग निकाल लिया होगा। मुझे क्या मालूम था कि आप मेरे सिर यह मुसीबतों की टोकरी पटक देंगे। वरना मैं उन चीज़ों को कभी न ले जाने देता।",रमानाथ
1,107,दयानाथ,इतने पर भी चन्द्रहार न होने से वहां हाय-तोबा मच गई।,unquoted_dash,दयानाथ कुछ लज्जित होकर बोले--इतने पर भी चन्द्रहार न होने से वहां हाय-तोबा मच गई।,दयानाथ कुछ लज्जित होकर बोले
1,108,रमानाथ,"उस हाय-तोबा से हमारी क्या हानि हो सकती थी। जब इतना करने पर भी हाय-तोबा मच गई, तो मतलब भी तो न पूरा हुआ। उधर बदनामी हुई, इधर यह आफत सिर पर आई। मैं यह नहीं दिखाना चाहता कि हम इतने फटेहाल हैं। चोरी हो जाने पर तो सब्र करना ही पड़ेगा। दयानाथ चुप हो गए। उस आवेश में रमा ने उन्हें खूब खरी-खरी सुनाई और वह चुपचाप सुनते रहे। आखिर जब न सुना गया, तो उठकर पुस्तकालय चले गए। यह उनका नित्य का नियम था। जब तक दो-चार पत्र-पत्रिकाएं न पढ़लें, उन्हें खाना न हजम होता था। उसी सुरक्षित गढ़ी में पहुंचकर घर की चिंताओं और बाधाओं से उनकी जान बचती थी। रमा भी वहां से उठा, पर जालपा के पास न जाकर अपने कमरे में गया। उसका कोई कमरा अलग तो था नहीं, एक ही मर्दाना कमरा था, इसी में दयानाथ अपने दोस्तों से गप-शप करते, दोनों लङके पढ़ते और रमा मित्रों के साथ शतरंज खेलता। रमा कमरे में पहुंचा, तो दोनों लङके ताश खेल रहे थे। गोपी का तेरहवां साल था, विश्वम्भर का नवां। दोनों रमा से थरथर कांपते थे। रमा खुद खूब ताश और शतरंज खेलता, पर भाइयों को खेलते देखकर हाथ में खुजली होने लगती थी। खुद चाहे दिनभर सैर - सपाटे किया करे, मगर क्या मजाल कि भाई कहीं घूमने निकल जायं। दयानाथ खुद लड़कों को कभी न मारते थे। अवसर मिलता, तो उनके साथ खेलते थे। उन्हें कनकौवे उडाते देखकर उनकी बाल-प्रकृति सजग हो जाती थी। दो-चार पेंच लडादेते। बच्चों के साथ कभी-कभी गुल्ली-डंडा भी खेलते थे। इसलिए लङके जितना रमा से डरते, उतना ही पिता से प्रेम करते थे।",unquoted_dash,"रमानाथ--उस हाय-तोबा से हमारी क्या हानि हो सकती थी। जब इतना करने पर भी हाय-तोबा मच गई, तो मतलब भी तो न पूरा हुआ। उधर बदनामी हुई, इधर यह आफत सिर पर आई। मैं यह नहीं दिखाना चाहता कि हम इतने फटेहाल हैं। चोरी हो जाने पर तो सब्र करना ही पड़ेगा। दयानाथ चुप हो गए। उस आवेश में रमा ने उन्हें खूब खरी-खरी सुनाई और वह चुपचाप सुनते रहे। आखिर जब न सुना गया, तो उठकर पुस्तकालय चले गए। यह उनका नित्य का नियम था। जब तक दो-चार पत्र-पत्रिकाएं न पढ़लें, उन्हें खाना न हजम होता था। उसी सुरक्षित गढ़ी में पहुंचकर घर की चिंताओं और बाधाओं से उनकी जान बचती थी। रमा भी वहां से उठा, पर जालपा के पास न जाकर अपने कमरे में गया। उसका कोई कमरा अलग तो था नहीं, एक ही मर्दाना कमरा था, इसी में दयानाथ अपने दोस्तों से गप-शप करते, दोनों लङके पढ़ते और रमा मित्रों के साथ शतरंज खेलता। रमा कमरे में पहुंचा, तो दोनों लङके ताश खेल रहे थे। गोपी का तेरहवां साल था, विश्वम्भर का नवां। दोनों रमा से थरथर कांपते थे। रमा खुद खूब ताश और शतरंज खेलता, पर भाइयों को खेलते देखकर हाथ में खुजली होने लगती थी। खुद चाहे दिनभर सैर - सपाटे किया करे, मगर क्या मजाल कि भाई कहीं घूमने निकल जायं। दयानाथ खुद लड़कों को कभी न मारते थे। अवसर मिलता, तो उनके साथ खेलते थे। उन्हें कनकौवे उडाते देखकर उनकी बाल-प्रकृति सजग हो जाती थी। दो-चार पेंच लडादेते। बच्चों के साथ कभी-कभी गुल्ली-डंडा भी खेलते थे। इसलिए लङके जितना रमा से डरते, उतना ही पिता से प्रेम करते थे।",रमानाथ
1,110,Unknown,"हां, देखी क्यों नहीं। जाकर चार पैसे का माजून ले लो, दौड़े हुए आना। हां, हलवाई की दुकान से आधा सेर मिठाई भी लेते आना। यह रूपया लो।",unquoted_dash,"गोपीनाथ प्रसन्न होकर बोला--हां, देखी क्यों नहीं। जाकर चार पैसे का माजून ले लो, दौड़े हुए आना। हां, हलवाई की दुकान से आधा सेर मिठाई भी लेते आना। यह रूपया लो।",गोपीनाथ प्रसन्न होकर बोला
1,112,जालपा,पोटली में क्या है?,unquoted_dash,जालपा ने उठकर पूछा--पोटली में क्या है?,जालपा ने उठकर पूछा
1,113,रमानाथ,बूझ जाओ तो जानूं ।,unquoted_dash,रमानाथ--बूझ जाओ तो जानूं ।,रमानाथ
1,114,जालपा,हंसी का गोलगप्पा है! (यह कहकर हंसने लगी।),unquoted_dash,जालपा--हंसी का गोलगप्पा है! (यह कहकर हंसने लगी।),जालपा
1,115,जालपा,नींद की गठरी होगी!,unquoted_dash,जालपा--नींद की गठरी होगी!,जालपा
1,116,जालपा,तो प्रेम की पिटारी होगी!,unquoted_dash,जालपा--तो प्रेम की पिटारी होगी!,जालपा
1,117,रमानाथ,"ठीक, आज मैं तुम्हें फूलों की देवी बनाऊंगा।",unquoted_dash,"रमानाथ- ठीक, आज मैं तुम्हें फूलों की देवी बनाऊंगा।",रमानाथ
1,120,जालपा,"सरस नजरों से देखकर कहा - मेरे दादाजी तुम्हें देखकर गए और अम्मांजी से तुम्हारा बखान करने लगे, तो मैं सोचती थी कि तुम कैसे होगे। मेरे मन में तरह-तरह के चित्र आते थे।",unquoted_dash,"जालपा ने प्रेम-सरस नजरों से देखकर कहा - मेरे दादाजी तुम्हें देखकर गए और अम्मांजी से तुम्हारा बखान करने लगे, तो मैं सोचती थी कि तुम कैसे होगे। मेरे मन में तरह-तरह के चित्र आते थे। '",जालपा ने प्रेम
1,122,जालपा,"मेरी सखियां तुम्हें देखकर मुग्ध हो गई। शहजादी तो खिड़की के सामने से हटती ही न थी। तुमसे बातें करने की उसकी बडी इच्छा थी। जब तुम अंदर गए थे तो उसी ने तुम्हें पान के बीड़े दिए थे, याद है?",unquoted_dash,"जालपा ने फिर कहा - मेरी सखियां तुम्हें देखकर मुग्ध हो गई। शहजादी तो खिड़की के सामने से हटती ही न थी। तुमसे बातें करने की उसकी बडी इच्छा थी। जब तुम अंदर गए थे तो उसी ने तुम्हें पान के बीड़े दिए थे, याद है?'",जालपा ने फिर कहा
1,123,रमानाथ,"अजी, वही जो रंग-रूप में सबसे अच्छी थी, जिसके गाल पर एक तिल था, तुमने उसकी ओर बडे प्रेम से देखा था, बेचारी लाज के मारे गड़ गई थी। मुझसे कहने लगी, जीजा तो बडे रसिक जान पड़ते हैं। सखियों ने उसे खूब चिढ़ाया, बेचारी रूआंसी हो गई। याद है?",unquoted_dash,"रमा ने कोई जवाब न दिया । जालपा--अजी, वही जो रंग-रूप में सबसे अच्छी थी, जिसके गाल पर एक तिल था, तुमने उसकी ओर बडे प्रेम से देखा था, बेचारी लाज के मारे गड़ गई थी। मुझसे कहने लगी, जीजा तो बडे रसिक जान पड़ते हैं। सखियों ने उसे खूब चिढ़ाया, बेचारी रूआंसी हो गई। याद है? '",रमा ने कोई जवाब न दिया । जालपा
1,125,जालपा,"अच्छा, अबकी चलोगे तो दिखा दूंगी। आज तुम बाज़ार की तरफ गए थे कि नहीं?",unquoted_dash,"जालपा--अच्छा, अबकी चलोगे तो दिखा दूंगी। आज तुम बाज़ार की तरफ गए थे कि नहीं?'",जालपा
1,126,रमानाथ,आज तो फुरसत नहीं मिली।,unquoted_dash,रमा ने सिर झुकाकर कहा--आज तो फुरसत नहीं मिली।',रमा ने सिर झुकाकर कहा
1,127,जालपा,"जाओ, मैं तुमसे न बोलूंगी! रोज हीले-हवाले करते हो अच्छा, कल ला दोगे न?",unquoted_dash,"जालपा--जाओ, मैं तुमसे न बोलूंगी! रोज हीले-हवाले करते हो अच्छा, कल ला दोगे न?'",जालपा
1,130,जालपा,"कहां जाते हो, क्या सवेरा हो गया?",unquoted_dash,"जालपा ने चौंककर पूछा--कहां जाते हो, क्या सवेरा हो गया?",जालपा ने चौंककर पूछा
1,131,रमानाथ,अभी तो बडी रात है।,unquoted_dash,रमानाथ--अभी तो बडी रात है।,रमानाथ
1,132,जालपा,तो तुम बैठे क्यों हो?,unquoted_dash,जालपा--तो तुम बैठे क्यों हो?,जालपा
1,133,रमानाथ,"कुछ नहीं, ज़रा पानी पीने उठा था।",unquoted_dash,"रमानाथ--कुछ नहीं, ज़रा पानी पीने उठा था।",रमानाथ
1,135,रमानाथ,"टोना नहीं कर रहा हूं, आंखों की प्यास बुझा रहा हूं।",unquoted_dash,"रमा ने फटे हुए स्वर में कहा--टोना नहीं कर रहा हूं, आंखों की प्यास बुझा रहा हूं।",रमा ने फटे हुए स्वर में कहा
1,138,रमानाथ,मैं हूं। यह संदूकची लाया हूं। रख लीजिए।,unquoted_dash,रमा ने होंठ पर उंगली रखकर कहा--मैं हूं। यह संदूकची लाया हूं। रख लीजिए।,रमा ने होंठ पर उंगली रखकर कहा
1,140,रमानाथ,आप ही का तो हुक्म था।,unquoted_dash,रमा ने धृष्टता से कहा--आप ही का तो हुक्म था।,रमा ने धृष्टता से कहा
1,141,दयानाथ,झूठ कहते हो!,unquoted_dash,दयानाथ--झूठ कहते हो!,दयानाथ
1,142,रमानाथ,तो क्या फिर रख आऊं?,unquoted_dash,रमानाथ--तो क्या फिर रख आऊं?,रमानाथ
1,145,रमानाथ,"क्या है, तुम चौंक क्यों पड़ीं?",unquoted_dash,"रमा ने पूछा--क्या है, तुम चौंक क्यों पड़ीं?",रमा ने पूछा
1,146,जालपा,"उधर प्रसन्न नजरों से ताककर कहा--कुछ नहीं, एक स्वप्न देख रही थी। तुम बैठे क्यों हो, कितनी रात है अभी?",unquoted_dash,"जालपा ने इधर-उधर प्रसन्न नजरों से ताककर कहा--कुछ नहीं, एक स्वप्न देख रही थी। तुम बैठे क्यों हो, कितनी रात है अभी?",जालपा ने इधर
1,147,रमानाथ,"सवेरा हो रहा है, क्या स्वप्न देखती थीं?",unquoted_dash,"रमा ने लेटते हुए कहा--सवेरा हो रहा है, क्या स्वप्न देखती थीं?",रमा ने लेटते हुए कहा
1,148,जालपा,जैसे कोई चोर मेरे गहनों की संदूकची उठाए लिये जाता हो।,unquoted_dash,जालपा--जैसे कोई चोर मेरे गहनों की संदूकची उठाए लिये जाता हो।,जालपा
1,149,रमानाथ,"धक करने लगा, मानो उस पर हथौड़े पड़ रहे हैं। खून सर्द हो गया। परंतु संदेह हुआ, कहीं इसने मुझे देख तो नहीं लिया। वह ज़ोर से चिल्ला पडा--चोर! चोर! नीचे बरामदे में दयानाथ भी चिल्ला उठे--चोर! चोर! जालपा घबडाकर उठी। दौड़ी हुई कमरे में गई, झटके से आलमारी खोली। संदूकची वहां न थी? मूर्छित होकर फिर पड़ी।",unquoted_dash,"रमा का ह्रदय इतने जोर से धक-धक करने लगा, मानो उस पर हथौड़े पड़ रहे हैं। खून सर्द हो गया। परंतु संदेह हुआ, कहीं इसने मुझे देख तो नहीं लिया। वह ज़ोर से चिल्ला पडा--चोर! चोर! नीचे बरामदे में दयानाथ भी चिल्ला उठे--चोर! चोर! जालपा घबडाकर उठी। दौड़ी हुई कमरे में गई, झटके से आलमारी खोली। संदूकची वहां न थी? मूर्छित होकर फिर पड़ी।",रमा का ह्रदय इतने जोर से धक
1,152,Unknown,"सोने के होंगे बेटी, चांदी के क्यों लाएगा- चांदी के लाए तो तुम उठाकर उसके मुंह पर पटक देना।",unquoted_dash,"दादी कहती--सोने के होंगे बेटी, चांदी के क्यों लाएगा- चांदी के लाए तो तुम उठाकर उसके मुंह पर पटक देना।",दादी कहती
1,153,मानकी,चांदी के तो लाएगा ही। सोने के उसे कहां मिले जाते हैं!,unquoted_dash,मानकी छेड़कर कहती--चांदी के तो लाएगा ही। सोने के उसे कहां मिले जाते हैं!,मानकी छेड़कर कहती
1,155,Unknown,"भर से ऊपर हो गया। उसकी दशा ज्यों-की-त्यों है। न कुछ खाती-पीती है, न किसी से हंसती-बोलती है। खाट पर पड़ी हुई शून्य नजरों से शून्याकाश की ओर ताकती रहती है। सारा घर समझाकर हार गया, पड़ोसिनें समझाकर हार गई, दीनदयाल आकर समझा गए, पर जालपा ने रोग- शय्या न छोड़ी। उसे अब घर में किसी पर विश्वास नहीं है, यहां तक कि रमा से भी उदासीन रहती है। वह समझती है, सारा घर मेरी उपेक्षा कर रहा है। सबके- सब मेरे प्राण के ग्राहक हो रहे हैं। जब इनके पास इतना धन है, तो फिर मेरे गहने क्यों नहीं बनवाते?जिससे हम सबसे अधिक स्नेह रखते हैं, उसी पर सबसे अधिक रोष भी करते हैं। जालपा को सबसे अधिक क्रोध रमानाथ पर था। अगर यह अपने माता-पिता से जोर देकर कहते, तो कोई इनकी बात न टाल सकता, पर यह कुछ कहें भी- इनके मुंह में तो दही जमा हुआ है। मुझसे प्रेम होता, तो यों निश्चिंत न बैठे रहते। जब तक सारी चीज़ें न बनवा लेते, रात को नींद न आती। मुंह देखे की मुहब्बत है, मां-बाप से कैसे कहें, जाएंगे तोअपनी ही ओर, मैं कौन हूं! वह रमा से केवल खिंची ही न रहती थी, वह कभी कुछ पूछता तो दोचार जली-कटी सुना देती। बेचारा अपना-सा मुंह लेकर रह जाता! गरीब अपनी ही लगाई हुई आग में जला जाता था। अगर वह जानता कि उन डींगों का यह फल होगा, तो वह जबान पर मुहर लगा लेता। चिंता और ग्लानि उसके ह्रदय को कुचले डालती थी। कहां सुबह से शाम तक हंसी-कहकहे, सैर - सपाटे में कटते थे, कहां अब नौकरी की तलाश में ठोकरें खाता फिरता था। सारी मस्ती गायब हो गई। बार-बार अपने पिता पर क्रोध आता, यह चाहते तो दो-चार महीने में सब रूपये अदा हो जाते, मगर इन्हें क्या फिक्र! मैं चाहे मर जाऊं पर यह अपनी टेक न छोड़ेंगे। उसके प्रेम से भरे हुए, निष्कपट ह्रदय में आग-सी सुलगती रहती थी। जालपा का मुरझाया हुआ मुख देखकर उसके मुंह से ठंडी सांस निकल जाती थी। वह सुखद प्रेम-स्वप्न इतनी जल्द भंग हो गया, क्या वे दिन फिर कभी आएंगे- तीन हज़ार के गहने कैसे बनेंगे- अगर नौकर भी हुआ, तो ऐसा कौन-सा बडा ओहदा मिल जाएगा- तीन हज़ार तो शायद तीन जन्म में भी न जमा हों। वह कोई ऐसा उपाय सोच निकालना चाहता था, जिसमें वह जल्द-से- जल्द अतुल संपत्ति का स्वामी हो जाय। कहीं उसके नाम कोई लाटरी निकल आती! फिर तो वह जालपा को आभूषणों से मढ़ देता। सबसे पहले चन्द्रहार बनवाता। उसमें हीरे जड़े होते। अगर इस वक्त उसे जाली नोट बनाना आ जाता तो अवश्य बनाकर चला देता।एक दिन वह शाम तक नौकरी की तलाश में मारा-मारा फिरता रहा।",unquoted_dash,"महीने-भर से ऊपर हो गया। उसकी दशा ज्यों-की-त्यों है। न कुछ खाती-पीती है, न किसी से हंसती-बोलती है। खाट पर पड़ी हुई शून्य नजरों से शून्याकाश की ओर ताकती रहती है। सारा घर समझाकर हार गया, पड़ोसिनें समझाकर हार गई, दीनदयाल आकर समझा गए, पर जालपा ने रोग- शय्या न छोड़ी। उसे अब घर में किसी पर विश्वास नहीं है, यहां तक कि रमा से भी उदासीन रहती है। वह समझती है, सारा घर मेरी उपेक्षा कर रहा है। सबके- सब मेरे प्राण के ग्राहक हो रहे हैं। जब इनके पास इतना धन है, तो फिर मेरे गहने क्यों नहीं बनवाते?जिससे हम सबसे अधिक स्नेह रखते हैं, उसी पर सबसे अधिक रोष भी करते हैं। जालपा को सबसे अधिक क्रोध रमानाथ पर था। अगर यह अपने माता-पिता से जोर देकर कहते, तो कोई इनकी बात न टाल सकता, पर यह कुछ कहें भी- इनके मुंह में तो दही जमा हुआ है। मुझसे प्रेम होता, तो यों निश्चिंत न बैठे रहते। जब तक सारी चीज़ें न बनवा लेते, रात को नींद न आती। मुंह देखे की मुहब्बत है, मां-बाप से कैसे कहें, जाएंगे तोअपनी ही ओर, मैं कौन हूं! वह रमा से केवल खिंची ही न रहती थी, वह कभी कुछ पूछता तो दोचार जली-कटी सुना देती। बेचारा अपना-सा मुंह लेकर रह जाता! गरीब अपनी ही लगाई हुई आग में जला जाता था। अगर वह जानता कि उन डींगों का यह फल होगा, तो वह जबान पर मुहर लगा लेता। चिंता और ग्लानि उसके ह्रदय को कुचले डालती थी। कहां सुबह से शाम तक हंसी-कहकहे, सैर - सपाटे में कटते थे, कहां अब नौकरी की तलाश में ठोकरें खाता फिरता था। सारी मस्ती गायब हो गई। बार-बार अपने पिता पर क्रोध आता, यह चाहते तो दो-चार महीने में सब रूपये अदा हो जाते, मगर इन्हें क्या फिक्र! मैं चाहे मर जाऊं पर यह अपनी टेक न छोड़ेंगे। उसके प्रेम से भरे हुए, निष्कपट ह्रदय में आग-सी सुलगती रहती थी। जालपा का मुरझाया हुआ मुख देखकर उसके मुंह से ठंडी सांस निकल जाती थी। वह सुखद प्रेम-स्वप्न इतनी जल्द भंग हो गया, क्या वे दिन फिर कभी आएंगे- तीन हज़ार के गहने कैसे बनेंगे- अगर नौकर भी हुआ, तो ऐसा कौन-सा बडा ओहदा मिल जाएगा- तीन हज़ार तो शायद तीन जन्म में भी न जमा हों। वह कोई ऐसा उपाय सोच निकालना चाहता था, जिसमें वह जल्द-से- जल्द अतुल संपत्ति का स्वामी हो जाय। कहीं उसके नाम कोई लाटरी निकल आती! फिर तो वह जालपा को आभूषणों से मढ़ देता। सबसे पहले चन्द्रहार बनवाता। उसमें हीरे जड़े होते। अगर इस वक्त उसे जाली नोट बनाना आ जाता तो अवश्य बनाकर चला देता।एक दिन वह शाम तक नौकरी की तलाश में मारा-मारा फिरता रहा।",मही
1,158,जागेश्वरी,"भला इस तरह कहीं बहू-बेटियां विदा होती हैं, कैसी बात कहती हो, बहू?",unquoted_dash,"जागेश्वरी बोली--भला इस तरह कहीं बहू-बेटियां विदा होती हैं, कैसी बात कहती हो, बहू?",जागेश्वरी बोली
1,159,जालपा,"मैं उन बहू-बेटियों में नहीं हूं। मेरा जिस वक्त जी चाहेगा, जाऊंगी, जिस वक्त जी चाहेगा, आऊंगी। मुझे किसी का डर नहीं है। जब यहां कोई मेरी बात नहीं पूछता, तो मैं भी किसी को अपना नहीं समझती। सारे दिन अनाथों की तरह पड़ी रहती हूं। कोई झांकता तक नहीं। मैं चिडिया नहीं हूं, जिसका पिंजडादाना-पानी रखकर बंद कर दिया जाय। मैं भी आदमी हूं। अब इस घर में मैं क्षण-भर न रूकूंगी। अगर कोई मुझे भेजने न जायगा, तो अकेली चली जाउंगी। राह में कोई भेडिया नहीं बैठा है, जो मुझे उठा ले जाएगा और उठा भी ले जाए, तो क्या ग़म। यहां कौन-सा सुख भोग रही हूं।",unquoted_dash,"जालपा--मैं उन बहू-बेटियों में नहीं हूं। मेरा जिस वक्त जी चाहेगा, जाऊंगी, जिस वक्त जी चाहेगा, आऊंगी। मुझे किसी का डर नहीं है। जब यहां कोई मेरी बात नहीं पूछता, तो मैं भी किसी को अपना नहीं समझती। सारे दिन अनाथों की तरह पड़ी रहती हूं। कोई झांकता तक नहीं। मैं चिडिया नहीं हूं, जिसका पिंजडादाना-पानी रखकर बंद कर दिया जाय। मैं भी आदमी हूं। अब इस घर में मैं क्षण-भर न रूकूंगी। अगर कोई मुझे भेजने न जायगा, तो अकेली चली जाउंगी। राह में कोई भेडिया नहीं बैठा है, जो मुझे उठा ले जाएगा और उठा भी ले जाए, तो क्या ग़म। यहां कौन-सा सुख भोग रही हूं।",जालपा
1,160,रमानाथ,"आख़िर कुछ मालूम भी तो हो, क्या बात हुई?",unquoted_dash,"रमा ने सावधन होकर कहा--आख़िर कुछ मालूम भी तो हो, क्या बात हुई?",रमा ने सावधन होकर कहा
1,161,जालपा,"बात कुछ नहीं हुई, अपना जी है। यहां नहीं रहना चाहती।",unquoted_dash,"जालपा--बात कुछ नहीं हुई, अपना जी है। यहां नहीं रहना चाहती।",जालपा
1,162,रमानाथ,"भला इस तरह जाओगी तो तुम्हारे घरवाले क्या कहेंगे, कुछ यह भी तो सोचो!",unquoted_dash,"रमानाथ--भला इस तरह जाओगी तो तुम्हारे घरवाले क्या कहेंगे, कुछ यह भी तो सोचो!",रमानाथ
1,163,जालपा,"यह सब कुछ सोच चुकी हूं, और ज्यादा नहीं सोचना चाहती। मैं जाकर अपने कपड़े बांधाती हूं और इसी गाड़ी से जाऊंगी।",unquoted_dash,"जालपा--यह सब कुछ सोच चुकी हूं, और ज्यादा नहीं सोचना चाहती। मैं जाकर अपने कपड़े बांधाती हूं और इसी गाड़ी से जाऊंगी।",जालपा
1,165,जालपा,तुम्हारी कसम की हमें कुछ परवा नहीं है।,unquoted_dash,जालपा ने त्योरी चढ़ाकर कहा--तुम्हारी कसम की हमें कुछ परवा नहीं है।,जालपा ने त्योरी चढ़ाकर कहा
1,168,जालपा,क्या तुम चाहते हो कि मैं यहीं घुट-घुटकर मर जाऊं?,unquoted_dash,जालपा--क्या तुम चाहते हो कि मैं यहीं घुट-घुटकर मर जाऊं?,जालपा
1,169,रमानाथ,"तुम ऐसे मनहूस शब्द क्यों मुंह से निकालती हो? मैं तो चलने को तैयार हूं, न मानोगी तो पहुंचाना ही पड़ेगा। जाओ, मेरा ईश्वर मालिक है, मगर कम-से-कम बाबूजी और अम्मां से पूछ लो।",unquoted_dash,"रमानाथ--तुम ऐसे मनहूस शब्द क्यों मुंह से निकालती हो? मैं तो चलने को तैयार हूं, न मानोगी तो पहुंचाना ही पड़ेगा। जाओ, मेरा ईश्वर मालिक है, मगर कम-से-कम बाबूजी और अम्मां से पूछ लो।",रमानाथ
1,171,रमानाथ,कोई नहीं होते?,unquoted_dash,रमानाथ--कोई नहीं होते?,रमानाथ
1,172,जालपा,"कोई नहीं! अगर कोई होते, तो मुझे यों न छोड़ देते। रूपये रखते हुए कोई अपने प्रियजनों का कष्ट नहीं देख सकता ये लोग क्या मेरे आंसू न पोंछ सकते थे? मैं दिन-के दिन यहां पड़ी रहती हूं, कोई झूठों भी पूछता है? मुहल्ले की स्त्रियां मिलने आती हैं, कैसे मिलूं ? यह सूरत तो मुझसे नहीं दिखाई जाती। न कहीं आना न जाना, न किसी से बात न चीत, ऐसे कोई कितने दिन रह सकता है? मुझे इन लोगों से अब कोई आशा नहीं रही। आखिर दो लङके और भी तो हैं, उनके लिए भी कुछ जोड़ेंगे कि तुम्हीं को दे दें!",unquoted_dash,"जालपा--कोई नहीं! अगर कोई होते, तो मुझे यों न छोड़ देते। रूपये रखते हुए कोई अपने प्रियजनों का कष्ट नहीं देख सकता ये लोग क्या मेरे आंसू न पोंछ सकते थे? मैं दिन-के दिन यहां पड़ी रहती हूं, कोई झूठों भी पूछता है? मुहल्ले की स्त्रियां मिलने आती हैं, कैसे मिलूं ? यह सूरत तो मुझसे नहीं दिखाई जाती। न कहीं आना न जाना, न किसी से बात न चीत, ऐसे कोई कितने दिन रह सकता है? मुझे इन लोगों से अब कोई आशा नहीं रही। आखिर दो लङके और भी तो हैं, उनके लिए भी कुछ जोड़ेंगे कि तुम्हीं को दे दें!",जालपा
1,173,Unknown,"बडी बातें करने का फिर अवसर मिला। वह खुश था कि इतने दिनों के बाद आज उसे प्रसन्न करने का मौका तो मिलाब बोला--प्रिये, तुम्हारा ख्याल बहुत ठीक है। जरूर यही बात है। नहीं तो ढाई-तीन हज़ार उनके लिए क्या बडी बात थी? पचासों हजार बैंक में जमा हैं, दफ्तर तो केवल दिल बहलाने जाते हैं।",unquoted_dash,"रमा को बडी-बडी बातें करने का फिर अवसर मिला। वह खुश था कि इतने दिनों के बाद आज उसे प्रसन्न करने का मौका तो मिलाब बोला--प्रिये, तुम्हारा ख्याल बहुत ठीक है। जरूर यही बात है। नहीं तो ढाई-तीन हज़ार उनके लिए क्या बडी बात थी? पचासों हजार बैंक में जमा हैं, दफ्तर तो केवल दिल बहलाने जाते हैं।",रमा को बडी
1,174,जालपा,मगर हैं मक्खीचूस पल्ले सिरे के!,unquoted_dash,जालपा--मगर हैं मक्खीचूस पल्ले सिरे के!,जालपा
1,175,रमानाथ,"मक्खीचूस न होते, तो इतनी संपत्ति कहां से आती!",unquoted_dash,"रमानाथ--मक्खीचूस न होते, तो इतनी संपत्ति कहां से आती!",रमानाथ
1,176,जालपा,"मुझे तो किसी की परवा नहीं है जी, हमारे घर किस बात की कमी है! दाल-रोटी वहां भी मिल जायगी। दो-चार सखी-सहेलियां हैं, खेत- खलिहान हैं, बाग-बगीचे हैं, जी बहलता रहेगा।",unquoted_dash,"जालपा--मुझे तो किसी की परवा नहीं है जी, हमारे घर किस बात की कमी है! दाल-रोटी वहां भी मिल जायगी। दो-चार सखी-सहेलियां हैं, खेत- खलिहान हैं, बाग-बगीचे हैं, जी बहलता रहेगा।",जालपा
1,177,रमानाथ,"और मेरी क्या दशा होगी, जानती हो? घुल-घुलकर मर जाऊंगा। जब से चोरी हुई, मेरे दिल पर जैसी गुजरती है, वह दिल ही जानता है। अम्मां और बाबूजी से एक बार नहीं, लाखों बार कहा, ज़ोर देकर कहा कि दो-चार चीज़ें तो बनवा ही दीजिए, पर किसी के कान पर जूं तक न रेंगी। न जाने क्यों मुझसे आंखें उधर कर लीं।",unquoted_dash,"रमानाथ--और मेरी क्या दशा होगी, जानती हो? घुल-घुलकर मर जाऊंगा। जब से चोरी हुई, मेरे दिल पर जैसी गुजरती है, वह दिल ही जानता है। अम्मां और बाबूजी से एक बार नहीं, लाखों बार कहा, ज़ोर देकर कहा कि दो-चार चीज़ें तो बनवा ही दीजिए, पर किसी के कान पर जूं तक न रेंगी। न जाने क्यों मुझसे आंखें उधर कर लीं।",रमानाथ
1,178,जालपा,"जब तुम्हारी नौकरी कहीं लग जाय, तो मुझे बुला लेना।",unquoted_dash,"जालपा--जब तुम्हारी नौकरी कहीं लग जाय, तो मुझे बुला लेना।",जालपा
1,179,रमानाथ,"तलाश कर रहा हूं। बहुत जल्द मिलने वाली है। हज़ारों बड़े-बडे आदमियों से मुलाकात है, नौकरी मिलते क्या देर लगती है, हां, ज़रा अच्छी जगह चाहता हूं।",unquoted_dash,"रमानाथ--तलाश कर रहा हूं। बहुत जल्द मिलने वाली है। हज़ारों बड़े-बडे आदमियों से मुलाकात है, नौकरी मिलते क्या देर लगती है, हां, ज़रा अच्छी जगह चाहता हूं।",रमानाथ
1,180,जालपा,"मैं इन लोगों का रूख समझती हूं। मैं भी यहां अब दावे के साथ रहूंगी। क्यों, किसी से नौकरी के लिए कहते नहीं हो?",unquoted_dash,"जालपा--मैं इन लोगों का रूख समझती हूं। मैं भी यहां अब दावे के साथ रहूंगी। क्यों, किसी से नौकरी के लिए कहते नहीं हो?",जालपा
1,181,रमानाथ,शर्म आती है किसी से कहते हुए।,unquoted_dash,रमानाथ--शर्म आती है किसी से कहते हुए।,रमानाथ
1,182,जालपा,"इसमें शर्म की कौन-सी बात है - कहते शर्म आती हो, तो खत लिख दो।",unquoted_dash,"जालपा--इसमें शर्म की कौन-सी बात है - कहते शर्म आती हो, तो खत लिख दो।",जालपा
1,184,जालपा,मुझे पहुंचाकर आना तो लिखना। कल ही थोड़े लौट आओगे।,unquoted_dash,जालपा--मुझे पहुंचाकर आना तो लिखना। कल ही थोड़े लौट आओगे।,जालपा
1,185,रमानाथ,"तो क्या तुम सचमुच जाओगी? तब मुझे नौकरी मिल चुकी और मैं खत लिख चुका! इस वियोग के दुःख में बैठकर रोऊंगा कि नौकरी ढूंढूगा। नहीं, इस वक्त जाने का विचार छोड़ो। नहीं, सच कहता हूं, मैं कहीं भाग जाऊंगा। मकान का हाल देख चुका। तुम्हारे सिवा और कौन बैठा हुआ है, जिसके लिए यहां पडा-सडा करूं। हटो तो ज़रा मैं बिस्तर खोल दूं।",unquoted_dash,"रमानाथ--तो क्या तुम सचमुच जाओगी? तब मुझे नौकरी मिल चुकी और मैं खत लिख चुका! इस वियोग के दुःख में बैठकर रोऊंगा कि नौकरी ढूंढूगा। नहीं, इस वक्त जाने का विचार छोड़ो। नहीं, सच कहता हूं, मैं कहीं भाग जाऊंगा। मकान का हाल देख चुका। तुम्हारे सिवा और कौन बैठा हुआ है, जिसके लिए यहां पडा-सडा करूं। हटो तो ज़रा मैं बिस्तर खोल दूं।",रमानाथ
1,187,रमानाथ,"जी नहीं, माफ कीजिए, इस धोखे में नहीं आता। तुम्हें क्या, तुम तो सहेलियों के साथ विहार करोगी, मेरी खबर तक न लोगी, और यहां मेरी जान पर बन आवेगी। इस घर में फिर कैसे कदम रक्खा जायगा।",unquoted_dash,"रमा ने बिस्तर खोलते हुए कहा--जी नहीं, माफ कीजिए, इस धोखे में नहीं आता। तुम्हें क्या, तुम तो सहेलियों के साथ विहार करोगी, मेरी खबर तक न लोगी, और यहां मेरी जान पर बन आवेगी। इस घर में फिर कैसे कदम रक्खा जायगा।",रमा ने बिस्तर खोलते हुए कहा
1,188,जालपा,"आपने मेरा बंधा-बंधाया बिस्तर खोल दिया, नहीं तो आज कितने आनंद से घर पहुंच जाती। शहजादी सच कहती थी, मर्द बडे टोनहे होते हैं। मैंने आज पक्का इरादा कर लिया था कि चाहे ब्रह्मा भी उतर आएं, पर मैं न मानूंगी। पर तुमने दो ही मिनट में मेरे सारे मनसूबे चौपट कर दिए। कल खत लिखना जरूर। बिना कुछ पैदा किए अब निर्वाह नहीं है।",unquoted_dash,"जालपा ने एहसान जताते हुए कहा--आपने मेरा बंधा-बंधाया बिस्तर खोल दिया, नहीं तो आज कितने आनंद से घर पहुंच जाती। शहजादी सच कहती थी, मर्द बडे टोनहे होते हैं। मैंने आज पक्का इरादा कर लिया था कि चाहे ब्रह्मा भी उतर आएं, पर मैं न मानूंगी। पर तुमने दो ही मिनट में मेरे सारे मनसूबे चौपट कर दिए। कल खत लिखना जरूर। बिना कुछ पैदा किए अब निर्वाह नहीं है।",जालपा ने एहसान जताते हुए कहा
1,189,रमानाथ,"कल नहीं, मैं इसी वक्त जाकर दो-तीन चिट्ठियां लिखता हूं।",unquoted_dash,"रमानाथ--कल नहीं, मैं इसी वक्त जाकर दो-तीन चिट्ठियां लिखता हूं।",रमानाथ
1,190,जालपा,पान तो खाते जाओ।,unquoted_dash,जालपा--पान तो खाते जाओ।,जालपा
1,193,Unknown,"रात भर उनसे शतरंज खेलता। आज कई दिन से बेचारे बहुत व्याकुल हो रहे थे। शतरंज की एक बाजी भी न हुई। अखबार कहां तक पढ़ते। रमा इधर दो-एक बार आया अवश्य, पर बिसात पर न बैठा रमेश बाबू ने मुहरे बिछा दिए। उसको पकड़कर बैठाया, पर वह बैठा नहीं। वह क्यों शतरंज खेलने लगा। बहू आई है, उसका मुंह देखेगा, उससे प्रेमालाप करेगा कि इस बूढ़े के साथ शतरंज खेलेगा! कई बार जी में आया, उसे बुलवाएं, पर यह सोचकर कि वह क्यों आने लगा, रह गए। कहां जायं- सिनेमा ही देख आवें- किसी तरह समय तो कटे। सिनेमा से उन्हें बहुत प्रेम न था, पर इस वक्त उन्हें सिनेमा के सिवा और कुछ न सूझा।कपड़े पहने और जाना ही चाहते थे कि रमा ने कमरे में कदम रखा। रमेश उसे देखते ही गेंद की तरह लुढ़ककर द्वार पर जा पहुंचे और उसका हाथ पकड़कर बोले--आइए, आइए, बाबू रमानाथ साहब बहादुर! तुम तो इस बुड्ढे को बिलकुल भूल ही गए। हां भाई, अब क्यों आओगे?प्रेमिका की रसीली",unquoted_dash,"रात-रात भर उनसे शतरंज खेलता। आज कई दिन से बेचारे बहुत व्याकुल हो रहे थे। शतरंज की एक बाजी भी न हुई। अखबार कहां तक पढ़ते। रमा इधर दो-एक बार आया अवश्य, पर बिसात पर न बैठा रमेश बाबू ने मुहरे बिछा दिए। उसको पकड़कर बैठाया, पर वह बैठा नहीं। वह क्यों शतरंज खेलने लगा। बहू आई है, उसका मुंह देखेगा, उससे प्रेमालाप करेगा कि इस बूढ़े के साथ शतरंज खेलेगा! कई बार जी में आया, उसे बुलवाएं, पर यह सोचकर कि वह क्यों आने लगा, रह गए। कहां जायं- सिनेमा ही देख आवें- किसी तरह समय तो कटे। सिनेमा से उन्हें बहुत प्रेम न था, पर इस वक्त उन्हें सिनेमा के सिवा और कुछ न सूझा।कपड़े पहने और जाना ही चाहते थे कि रमा ने कमरे में कदम रखा। रमेश उसे देखते ही गेंद की तरह लुढ़ककर द्वार पर जा पहुंचे और उसका हाथ पकड़कर बोले--आइए, आइए, बाबू रमानाथ साहब बहादुर! तुम तो इस बुड्ढे को बिलकुल भूल ही गए। हां भाई, अब क्यों आओगे?प्रेमिका की रसीली",रात
1,195,रमानाथ,कुछ भी नहीं।,unquoted_dash,रमानाथ--कुछ भी नहीं।,रमानाथ
1,196,रमेश,"बहुत अच्छा हुआ, थाने में रपट नहीं लिखाई, नहीं सौ-दो सौ के मत्थे और जाते। बहू को तो बडा दुःख हुआ होगा?",unquoted_dash,"रमेश--बहुत अच्छा हुआ, थाने में रपट नहीं लिखाई, नहीं सौ-दो सौ के मत्थे और जाते। बहू को तो बडा दुःख हुआ होगा?",रमेश
1,197,रमानाथ,"कुछ पूछिए मत, तभी से दाना-पानी छोड़ रक्खा है? मैं तो तंग आ गया। जी में आता है, कहीं भाग जाऊं। बाबूजी सुनते नहीं।",unquoted_dash,"रमानाथ--कुछ पूछिए मत, तभी से दाना-पानी छोड़ रक्खा है? मैं तो तंग आ गया। जी में आता है, कहीं भाग जाऊं। बाबूजी सुनते नहीं।",रमानाथ
1,198,रमेश,"बाबूजी के पास क्या काई का खजाना रक्खा हुआ है? अभी चारपांच हज़ार खर्च किए हैं, फिर कहां से लाकर गहने बनवा दें? दस-बीस हज़ार रूपये होंगे, तो अभी तो बच्चे भी तो सामने हैं और नौकरी का भरोसा ही क्या पचास रू. होता ही क्या है?",unquoted_dash,"रमेश--बाबूजी के पास क्या काई का खजाना रक्खा हुआ है? अभी चारपांच हज़ार खर्च किए हैं, फिर कहां से लाकर गहने बनवा दें? दस-बीस हज़ार रूपये होंगे, तो अभी तो बच्चे भी तो सामने हैं और नौकरी का भरोसा ही क्या पचास रू. होता ही क्या है?",रमेश
1,199,रमानाथ,"मैं तो मुसीबत में फंस गया। अब मालूम होता है, कहीं नौकरी करनी पड़ेगी। चैन से खाते और मौज उडाते थे, नहीं तो बैठे-बैठाए इस मायाजाल में फंसे। अब बतलाइए, है कहीं नौकरी-चाकरी का सहारा?",unquoted_dash,"रमानाथ--मैं तो मुसीबत में फंस गया। अब मालूम होता है, कहीं नौकरी करनी पड़ेगी। चैन से खाते और मौज उडाते थे, नहीं तो बैठे-बैठाए इस मायाजाल में फंसे। अब बतलाइए, है कहीं नौकरी-चाकरी का सहारा?",रमानाथ
1,201,रमानाथ,"मेरा तो इस वक्त खेलने को जी नहीं चाहता। जब तक यह प्रश्न हल न हो जाय, मेरे होश ठिकाने नहीं होंगे।",unquoted_dash,"रमानाथ--मेरा तो इस वक्त खेलने को जी नहीं चाहता। जब तक यह प्रश्न हल न हो जाय, मेरे होश ठिकाने नहीं होंगे।",रमानाथ
1,203,रमानाथ,"ज़रा भी जी नहीं चाहता, मैं जानता कि सिर मुडाते ही ओले पड़ेंगे, तो मैं विवाह के नज़दीक ही न जाता!",unquoted_dash,"रमानाथ--ज़रा भी जी नहीं चाहता, मैं जानता कि सिर मुडाते ही ओले पड़ेंगे, तो मैं विवाह के नज़दीक ही न जाता!",रमानाथ
1,204,रमेश,"अजी, दो-चार चालें चलो तो आप-ही-आप जी लग जायगा। ज़रा अक्ल की गांठ तो खुले।",unquoted_dash,"रमेश--अजी, दो-चार चालें चलो तो आप-ही-आप जी लग जायगा। ज़रा अक्ल की गांठ तो खुले।",रमेश
1,206,रमानाथ,"ओह, क्या गलती हुई!",unquoted_dash,"रमानाथ--ओह, क्या गलती हुई!",रमानाथ
1,207,रमेश,"सी लाली छाने लगी। शतरंज उनके लिए शराब से कम मादक न था। बोले--बोहनी तो अच्छी हुई! तुम्हारे लिए मैं एक जगह सोच रहा हूं। मगर वेतन बहुत कम है, केवल तीस रूपये। वह रंगी दाढ़ी वाले खां साहब नहीं हैं, उनसे काम नहीं होता। कई बार बचा चुका हूं। सोचता था, जब तक किसी तरह काम चले, बने रहें। बाल-बच्चे वाले आदमी",unquoted_dash,"रमेश बाबू की आंखों में नशे की-सी लाली छाने लगी। शतरंज उनके लिए शराब से कम मादक न था। बोले--बोहनी तो अच्छी हुई! तुम्हारे लिए मैं एक जगह सोच रहा हूं। मगर वेतन बहुत कम है, केवल तीस रूपये। वह रंगी दाढ़ी वाले खां साहब नहीं हैं, उनसे काम नहीं होता। कई बार बचा चुका हूं। सोचता था, जब तक किसी तरह काम चले, बने रहें। बाल-बच्चे वाले आदमी",रमेश बाबू की आंखों में नशे की
1,209,रमेश,"देखो भाई, बेईमानी मत करो। मैंने तुम्हारा फीला जबरदस्ती तो नहीं उठाया। हां, तो तुम्हें वह जगह मंजूर है?",unquoted_dash,"रमेश--देखो भाई, बेईमानी मत करो। मैंने तुम्हारा फीला जबरदस्ती तो नहीं उठाया। हां, तो तुम्हें वह जगह मंजूर है?",रमेश
1,210,रमानाथ,वेतन तो तीस है।,unquoted_dash,रमानाथ--वेतन तो तीस है।,रमानाथ
1,211,रमेश,"हां, वेतन तो कम है, मगर शायद आगे चलकर बढ़जाय। मेरी तो राय है, कर लो।",unquoted_dash,"रमेश--हां, वेतन तो कम है, मगर शायद आगे चलकर बढ़जाय। मेरी तो राय है, कर लो।",रमेश
1,212,रमानाथ,"अच्छी बात है, आपकी सलाह है तो कर लूंगा।",unquoted_dash,"रमानाथ--अच्छी बात है, आपकी सलाह है तो कर लूंगा।",रमानाथ
1,213,रमेश,"जगह आमदनी की है। मियां ने तो उसी जगह पर रहते हुए लड़कों को एम.ए., एल.एल. बी. करा लिया। दो कॉलेज में पढ़ते हैं। लड़कियों की शादियां अच्छे घरों में कीं। हां, ज़रा समझ-बूझकर काम करने की जरूरत है।",unquoted_dash,"रमेश--जगह आमदनी की है। मियां ने तो उसी जगह पर रहते हुए लड़कों को एम.ए., एल.एल. बी. करा लिया। दो कॉलेज में पढ़ते हैं। लड़कियों की शादियां अच्छे घरों में कीं। हां, ज़रा समझ-बूझकर काम करने की जरूरत है।",रमेश
1,214,रमानाथ,"आमदनी की मुझे परवा नहीं, रिश्वत कोई अच्छी चीज़ तो है नहीं।ट",unquoted_dash,"रमानाथ--आमदनी की मुझे परवा नहीं, रिश्वत कोई अच्छी चीज़ तो है नहीं।ट",रमानाथ
1,215,रमेश,"बहुत खराब, मगर बाल-बच्चों वाले आदमी क्या करें। तीस रूपयों में गुज़र नहीं हो सकती। मैं अकेला आदमी हूं। मेरे लिए डेढ़सौ काफी हैं। कुछ बचा भी लेता हूं, लेकिन जिस घर में बहुत से आदमी हों, लड़कों की पढ़ाई हो, लड़कियों की शादियां हों, वह आदमी क्या कर सकता है। जब तक छोटे-छोटे आदमियों का वेतन इतना न हो जाएगा कि वह भलमनसी के साथ निर्वाह कर सकें, तब तक रिश्वत बंद न होगी। यही रोटी-दाल, घी-दूध तो वह भी खाते हैं। फिर एक को तीस रूपये और दूसरे को तीन सौ रूपये क्यों देते हो? रमा का फर्जी पिट गया, रमेश बाबू ने बडे ज़ोर से कहकहा माराब",unquoted_dash,"रमेश--बहुत खराब, मगर बाल-बच्चों वाले आदमी क्या करें। तीस रूपयों में गुज़र नहीं हो सकती। मैं अकेला आदमी हूं। मेरे लिए डेढ़सौ काफी हैं। कुछ बचा भी लेता हूं, लेकिन जिस घर में बहुत से आदमी हों, लड़कों की पढ़ाई हो, लड़कियों की शादियां हों, वह आदमी क्या कर सकता है। जब तक छोटे-छोटे आदमियों का वेतन इतना न हो जाएगा कि वह भलमनसी के साथ निर्वाह कर सकें, तब तक रिश्वत बंद न होगी। यही रोटी-दाल, घी-दूध तो वह भी खाते हैं। फिर एक को तीस रूपये और दूसरे को तीन सौ रूपये क्यों देते हो? रमा का फर्जी पिट गया, रमेश बाबू ने बडे ज़ोर से कहकहा माराब",रमेश
1,216,रमानाथ,"अगर आप चुपचाप खेलते हैं तो खेलिए, नहीं मैं जाता हूं। मुझे बातों में लगाकर सारे मुहरे उडा लिए!",unquoted_dash,"रमा ने रोष के साथ कहा--अगर आप चुपचाप खेलते हैं तो खेलिए, नहीं मैं जाता हूं। मुझे बातों में लगाकर सारे मुहरे उडा लिए!",रमा ने रोष के साथ कहा
1,217,रमेश,"अच्छा साहब, अब बोलूं तो ज़बान पकड़ लीजिए। यह लीजिए, शह! तो तुम कल अर्जी दे दो। उम्मीद तो है, तुम्हें यह जगह मिल जाएगी, मगर जिस दिन जगह मिले, मेरे साथ रात-भर खेलना होगा।",unquoted_dash,"रमेश--अच्छा साहब, अब बोलूं तो ज़बान पकड़ लीजिए। यह लीजिए, शह! तो तुम कल अर्जी दे दो। उम्मीद तो है, तुम्हें यह जगह मिल जाएगी, मगर जिस दिन जगह मिले, मेरे साथ रात-भर खेलना होगा।",रमेश
1,218,रमानाथ,आप तो दो ही मातों में रोने लगते हैं।,unquoted_dash,रमानाथ--आप तो दो ही मातों में रोने लगते हैं।,रमानाथ
1,219,रमेश,"अजी वह दिन गए, जब आप मुझे मात दिया करते थे। आजकल चन्द्रमा बलवान हैं। इधर मैंने एक मां सि' किया है। क्या मजाल कि कोई मात दे सके। फिर शह!",unquoted_dash,"रमेश--अजी वह दिन गए, जब आप मुझे मात दिया करते थे। आजकल चन्द्रमा बलवान हैं। इधर मैंने एक मां सि' किया है। क्या मजाल कि कोई मात दे सके। फिर शह!",रमेश
1,220,रमानाथ,"जी तो चाहता है, दूसरी बाज़ी मात देकर जाऊं, मगर देर होगी।",unquoted_dash,"रमानाथ--जी तो चाहता है, दूसरी बाज़ी मात देकर जाऊं, मगर देर होगी।",रमानाथ
1,221,रमेश,"देर क्या होगी। अभी तो नौ बजे हैं। खेल लो, दिल का अरमान निकल जाय। यह शह और मात!",unquoted_dash,"रमेश--देर क्या होगी। अभी तो नौ बजे हैं। खेल लो, दिल का अरमान निकल जाय। यह शह और मात!",रमेश
1,222,रमानाथ,अच्छा कल की रही। कल ललकार कर पांच मातें न दी हों तो कहिएगा।,unquoted_dash,रमानाथ--अच्छा कल की रही। कल ललकार कर पांच मातें न दी हों तो कहिएगा।,रमानाथ
1,223,रमेश,"अजी जाओ भी, तुम मुझे क्या मात दोगे! हिम्मत हो, तो अभी सही!",unquoted_dash,"रमेश--अजी जाओ भी, तुम मुझे क्या मात दोगे! हिम्मत हो, तो अभी सही!",रमेश
1,224,रमानाथ,"अच्छा आइए, आप भी क्या कहेंगे, मगर मैं पांच बाज़ियों से कम न खेलूंगा!",unquoted_dash,"रमानाथ--अच्छा आइए, आप भी क्या कहेंगे, मगर मैं पांच बाज़ियों से कम न खेलूंगा!",रमानाथ
1,225,रमेश,"पांच नहीं, तुम दस खेलो जी। रात तो अपनी है। तो चलो फिर खाना खा लें। तब निश्चिन्त होकर बैठें। तुम्हारे घर कहलाए देता हूं कि आज यहीं सोएंगे, इंतज़ार न करें।",unquoted_dash,"रमेश--पांच नहीं, तुम दस खेलो जी। रात तो अपनी है। तो चलो फिर खाना खा लें। तब निश्चिन्त होकर बैठें। तुम्हारे घर कहलाए देता हूं कि आज यहीं सोएंगे, इंतज़ार न करें।",रमेश
1,227,रमानाथ,अब तो मुझे नींद आ रही है।,unquoted_dash,रमानाथ--अब तो मुझे नींद आ रही है।,रमानाथ
1,228,रमेश,"तो मुंह धो डालो, बरग रक्खी हुई है। मैं पांच बाज़ियां खेले बगैर सोने न दूंगा।",unquoted_dash,"रमेश--तो मुंह धो डालो, बरग रक्खी हुई है। मैं पांच बाज़ियां खेले बगैर सोने न दूंगा।",रमेश
1,230,रमानाथ,"क्यों, पांच बाजियां पूरी न कर लीजिए?",unquoted_dash,"रमानाथ--क्यों, पांच बाजियां पूरी न कर लीजिए?",रमानाथ
1,231,रमेश,कल दफ्तर भी तो जाना है।,unquoted_dash,रमेश--कल दफ्तर भी तो जाना है।,रमेश
1,234,रमानाथ,"नाहक जगा दिया, कैसी मजे क़ी नींद आ रही थी।",unquoted_dash,"रमा ने बिभड़कर कहा--नाहक जगा दिया, कैसी मजे क़ी नींद आ रही थी।",रमा ने बिभड़कर कहा
1,235,रमेश,अजी वह अर्जी देना है कि नहीं तुमको?,unquoted_dash,रमेश--अजी वह अर्जी देना है कि नहीं तुमको?,रमेश
1,236,रमानाथ,आप दे दीजिएगा।,unquoted_dash,रमानाथ--आप दे दीजिएगा।,रमानाथ
1,237,रमेश,"और जो कहीं साहब ने बुलाया, तो मैं ही चला जाऊंगा?",unquoted_dash,"रमेश--और जो कहीं साहब ने बुलाया, तो मैं ही चला जाऊंगा?",रमेश
1,238,रमानाथ,"ऊंह, जो चाहे कीजिएगा, मैं तो सोता हूं।",unquoted_dash,"रमानाथ--ऊंह, जो चाहे कीजिएगा, मैं तो सोता हूं।",रमानाथ
1,240,रमानाथ,आप तो चले जा रहे हैं।,unquoted_dash,रमानाथ--आप तो चले जा रहे हैं।,रमानाथ
1,241,रमेश,"नहीं, अभी पंद्रह-बीस मिनट तक रूक सकता हूं, तैयार हो जाओ।",unquoted_dash,"रमेश--नहीं, अभी पंद्रह-बीस मिनट तक रूक सकता हूं, तैयार हो जाओ।",रमेश
1,242,रमानाथ,मैं तैयार हूं। वहां से लौटकर घर भोजन करूंगा।,unquoted_dash,रमानाथ--मैं तैयार हूं। वहां से लौटकर घर भोजन करूंगा।,रमानाथ
1,243,रमेश,"कहता तो हूं, अभी आधा घंटे तक रूका हुआ हूं।",unquoted_dash,"रमेश--कहता तो हूं, अभी आधा घंटे तक रूका हुआ हूं।",रमेश
1,246,रमानाथ,"कह दूंगा, रमेश बाबू ने आने नहीं दिया।",unquoted_dash,"रमानाथ--कह दूंगा, रमेश बाबू ने आने नहीं दिया।",रमानाथ
1,247,रमेश,मुझे गालियां दिलाओगे और क्या फिर कभी न आने पाओगे।,unquoted_dash,रमेश--मुझे गालियां दिलाओगे और क्या फिर कभी न आने पाओगे।,रमेश
1,248,रमानाथ,"ऐसा स्त्री-भक्त नहीं हूं। हां, यह तो बताइए, मुझे अर्ज़ी लेकर तो साहब के पास न जाना पड़ेगा?",unquoted_dash,"रमानाथ--ऐसा स्त्री-भक्त नहीं हूं। हां, यह तो बताइए, मुझे अर्ज़ी लेकर तो साहब के पास न जाना पड़ेगा?",रमानाथ
1,249,रमेश,"और क्या तुम समझते हो, घर बैठे जगह मिल जायगी? महीनों दौड़ना पड़ेगा, महीनों! बीसियों सिफारिशें लानी पडेंगी। सुबह-शाम हाज़िरी देनी पड़ेगी। क्या नौकरी मिलना आसान है?",unquoted_dash,"रमेश--और क्या तुम समझते हो, घर बैठे जगह मिल जायगी? महीनों दौड़ना पड़ेगा, महीनों! बीसियों सिफारिशें लानी पडेंगी। सुबह-शाम हाज़िरी देनी पड़ेगी। क्या नौकरी मिलना आसान है?",रमेश
1,250,रमानाथ,"तो मैं ऐसी नौकरी से बाज़ आया। मुझे तो अर्ज़ी लेकर जाते ही शर्म आती है।खुशामदें कौन करेगा- पहले मुझे क्लर्कों पर बडी हंसी आती थी, मगर वही बला मेरे सिर पड़ी। साहब डांट-वांट तो न बताएंगे?",unquoted_dash,"रमानाथ--तो मैं ऐसी नौकरी से बाज़ आया। मुझे तो अर्ज़ी लेकर जाते ही शर्म आती है।खुशामदें कौन करेगा- पहले मुझे क्लर्कों पर बडी हंसी आती थी, मगर वही बला मेरे सिर पड़ी। साहब डांट-वांट तो न बताएंगे?",रमानाथ
1,251,रमेश,"बुरी तरह डांटता है, लोग उसके सामने जाते हुए कांपते हैं। रमानाथ--तो फिर मैं घर जाता हूं। यह सब मुझसे न बरदाश्त होगा। रमेश--पहले सब ऐसे ही घबराते हैं, मगर सहते-सहते आदत पड़ जाती है। तुम्हारा दिल धड़क रहा होगा कि न जाने कैसी बीतेगी। जब मैं नौकर हुआ, तो तुम्हारी ही उम्र मेरी भी थी, और शादी हुए तीन ही महीने हुए थे। जिस दिन मेरी पेशी होने वाली थी, ऐसा घबराया हुआ था मानो फांसी पाने जा रहा हूं;मगर तुम्हें डरने का कोई कारण नहीं है। मैं सब ठीक कर दूंगा।",unquoted_dash,"रमेश--बुरी तरह डांटता है, लोग उसके सामने जाते हुए कांपते हैं। रमानाथ--तो फिर मैं घर जाता हूं। यह सब मुझसे न बरदाश्त होगा। रमेश--पहले सब ऐसे ही घबराते हैं, मगर सहते-सहते आदत पड़ जाती है। तुम्हारा दिल धड़क रहा होगा कि न जाने कैसी बीतेगी। जब मैं नौकर हुआ, तो तुम्हारी ही उम्र मेरी भी थी, और शादी हुए तीन ही महीने हुए थे। जिस दिन मेरी पेशी होने वाली थी, ऐसा घबराया हुआ था मानो फांसी पाने जा रहा हूं;मगर तुम्हें डरने का कोई कारण नहीं है। मैं सब ठीक कर दूंगा।",रमेश
1,252,रमानाथ,आपको तो बीस-बाईस साल नौकरी करते हो गए होंगे!,unquoted_dash,रमानाथ--आपको तो बीस-बाईस साल नौकरी करते हो गए होंगे!,रमानाथ
1,253,रमेश,"पूरे पच्चीस हो गए, साहब! बीस बरस तो स्त्री का देहांत हुए हो गए। दस रूपये पर नौकर हुआ था!",unquoted_dash,"रमेश--पूरे पच्चीस हो गए, साहब! बीस बरस तो स्त्री का देहांत हुए हो गए। दस रूपये पर नौकर हुआ था!",रमेश
1,254,रमानाथ,आपने दूसरी शादी क्यों नहीं की- तब तो आपकी उम्र पच्चीस से ज्यादा न रही होगी।,unquoted_dash,रमानाथ--आपने दूसरी शादी क्यों नहीं की- तब तो आपकी उम्र पच्चीस से ज्यादा न रही होगी।,रमानाथ
1,255,रमेश,"बरफी खाने के बाद गुड़ खाने को किसका जी चाहता है? महल का सुख भोगने के बाद झोंपडा किसे अच्छा लगता है? प्रेम आत्मा को तृप्त कर देता है। तुम तो मुझे जानते हो, अब तो बूढ़ा हो गया हूं, लेकिन मैं तुमसे सच कहता हूं, इस विधुर-जीवन में मैंने किसी स्त्री की ओर आंख तक नहीं उठाई। कितनी ही सुंदरियां देखीं, कई बार लोगों ने विवाह के लिए घेरा भी, लेकिन कभी इच्छा ही न हुई। उस प्रेम की मधुर स्मृतियों में मेरे लिए प्रेम का सजीव आनंद भरा हुआ है। यों बातें करते हुए, दोनों आदमी दफ्तर पहुंच गए।",unquoted_dash,"रमेश ने हंसकर कहा--बरफी खाने के बाद गुड़ खाने को किसका जी चाहता है? महल का सुख भोगने के बाद झोंपडा किसे अच्छा लगता है? प्रेम आत्मा को तृप्त कर देता है। तुम तो मुझे जानते हो, अब तो बूढ़ा हो गया हूं, लेकिन मैं तुमसे सच कहता हूं, इस विधुर-जीवन में मैंने किसी स्त्री की ओर आंख तक नहीं उठाई। कितनी ही सुंदरियां देखीं, कई बार लोगों ने विवाह के लिए घेरा भी, लेकिन कभी इच्छा ही न हुई। उस प्रेम की मधुर स्मृतियों में मेरे लिए प्रेम का सजीव आनंद भरा हुआ है। यों बातें करते हुए, दोनों आदमी दफ्तर पहुंच गए।",रमेश ने हंसकर कहा
1,257,जालपा,"यह भीग कहां गए, रात कहां गायब थे?",unquoted_dash,"जालपा उसे देखते ही बोली--यह भीग कहां गए, रात कहां गायब थे?",जालपा उसे देखते ही बोली
1,258,रमानाथ,इसी नौकरी की फिक्र में पडा हुआ हूं। इस वक्त दफ्तर से चला आता हूं। म्युनिसिपैलिटी के दफ्तरमें मुझे एक जगह मिल गई।,unquoted_dash,रमानाथ--इसी नौकरी की फिक्र में पडा हुआ हूं। इस वक्त दफ्तर से चला आता हूं। म्युनिसिपैलिटी के दफ्तरमें मुझे एक जगह मिल गई।,रमानाथ
1,259,जालपा,सच! कितने की जगह है?,unquoted_dash,जालपा ने उछलकर पूछा--सच! कितने की जगह है?,जालपा ने उछलकर पूछा
1,260,Unknown,"ठीक बतलाने में संकोच हुआ। तीस की नौकरी बताना अपमान की बात थी। स्त्री के नजरों में तुच्छ बनना कौन चाहता है। बोला--अभी तो चालीस मिलेंगे, पर जल्द तरक्की होगी। जगह आमदनी की है।",unquoted_dash,"रमा को ठीक-ठीक बतलाने में संकोच हुआ। तीस की नौकरी बताना अपमान की बात थी। स्त्री के नजरों में तुच्छ बनना कौन चाहता है। बोला--अभी तो चालीस मिलेंगे, पर जल्द तरक्की होगी। जगह आमदनी की है।",रमा को ठीक
1,262,रमानाथ,"मिल तो सकती थी सौ रूपये की भी, पर यहां रौब है, और आराम है। पचास-साठ रूपये ऊपर से मिल जाएंगे।",unquoted_dash,"रमानाथ--मिल तो सकती थी सौ रूपये की भी, पर यहां रौब है, और आराम है। पचास-साठ रूपये ऊपर से मिल जाएंगे।",रमानाथ
1,263,जालपा,"तो तुम घूस लोगे, गरीबों का गला काटोगे?",unquoted_dash,"जालपा--तो तुम घूस लोगे, गरीबों का गला काटोगे?",जालपा
1,264,रमानाथ,"नहीं प्रिये, वह जगह ऐसी नहीं कि गरीबों का गला काटना पड़े। बड़े-बडे महाजनों से रकमें मिलेंगी और वह खुशी से गले लगायेंगे।",unquoted_dash,"रमा ने हंसकर कहा--नहीं प्रिये, वह जगह ऐसी नहीं कि गरीबों का गला काटना पड़े। बड़े-बडे महाजनों से रकमें मिलेंगी और वह खुशी से गले लगायेंगे।",रमा ने हंसकर कहा
1,267,रमानाथ,वह तो करूंगा ही।,unquoted_dash,रमानाथ--वह तो करूंगा ही।,रमानाथ
1,268,जालपा,अभी अम्मांजी से तो नहीं कहा?जाकर कह आओ। मुझे तो सबसे बडी खुशी यही है कि अब मालूम होगा कि यहां मेरा भी कोई अधिकार है।,unquoted_dash,जालपा--अभी अम्मांजी से तो नहीं कहा?जाकर कह आओ। मुझे तो सबसे बडी खुशी यही है कि अब मालूम होगा कि यहां मेरा भी कोई अधिकार है।,जालपा
1,269,रमानाथ,"हां, जाता हूं, मगर उनसे तो मैं बीस ही बतलाऊंगा।",unquoted_dash,"रमानाथ--हां, जाता हूं, मगर उनसे तो मैं बीस ही बतलाऊंगा।",रमानाथ
1,270,जालपा,"हां जी, बल्कि पंद्रह ही कहना, ऊपर की आमदनी की तो चर्चा ही करना व्यर्थ है। भीतर का हिसाब वे ले सकते हैं। मैं सबसे पहले चन्द्रहार बनवाऊंगी।",unquoted_dash,"जालपा ने उल्लसित होकर कहा--हां जी, बल्कि पंद्रह ही कहना, ऊपर की आमदनी की तो चर्चा ही करना व्यर्थ है। भीतर का हिसाब वे ले सकते हैं। मैं सबसे पहले चन्द्रहार बनवाऊंगी।",जालपा ने उल्लसित होकर कहा
1,273,जालपा,"अम्मांजी को यह क्या सूझी, यह तो उन्हीं का हार है। मैं तो इसे न लूंगी। अभी डाक का वक्त हो तो लौटा दो।",unquoted_dash,"जालपा ने कुंठित स्वर में कहा--अम्मांजी को यह क्या सूझी, यह तो उन्हीं का हार है। मैं तो इसे न लूंगी। अभी डाक का वक्त हो तो लौटा दो।",जालपा ने कुंठित स्वर में कहा
1,274,रमानाथ,"लौटाने की क्या जरूरत है, वह नाराज न होंगी?",unquoted_dash,"रमा ने विस्मित होकर कहा--लौटाने की क्या जरूरत है, वह नाराज न होंगी?",रमा ने विस्मित होकर कहा
1,275,जालपा,"मेरी बला से, रानी ऱूठेंगी अपना सुहाग लेंगी। मैं उनकी दया के बिना भी जीती रह सकती हूं। आज इतने दिनों के बाद उन्हें मुझ पर दया आई है। उस वक्त दया न आई थी, जब मैं उनके घर से विदा हुई थी। उनके गहने उन्हें मुबारक हों। मैं किसी का एहसान नहीं लेना चाहती। अभी उनके ओढ़ने-पहनने के दिन हैं। मैं क्यों बाधक बनूं। तुम कुशल से रहोगे, तो मुझे बहुत गहने मिल जाएंगे। मैं अम्मांजी को यह दिखाना चाहती हूं कि जालपा तुम्हारे गहनों की भूखी नहीं है।",unquoted_dash,"जालपा ने नाक सिकोड़कर कहा--मेरी बला से, रानी ऱूठेंगी अपना सुहाग लेंगी। मैं उनकी दया के बिना भी जीती रह सकती हूं। आज इतने दिनों के बाद उन्हें मुझ पर दया आई है। उस वक्त दया न आई थी, जब मैं उनके घर से विदा हुई थी। उनके गहने उन्हें मुबारक हों। मैं किसी का एहसान नहीं लेना चाहती। अभी उनके ओढ़ने-पहनने के दिन हैं। मैं क्यों बाधक बनूं। तुम कुशल से रहोगे, तो मुझे बहुत गहने मिल जाएंगे। मैं अम्मांजी को यह दिखाना चाहती हूं कि जालपा तुम्हारे गहनों की भूखी नहीं है।",जालपा ने नाक सिकोड़कर कहा
1,276,रमानाथ,"मेरी समझ में तो तुम्हें हार रख लेना चाहिए। सोचो, उन्हें कितना दुःख होगा। विदाई के समय यदि न दिया तो, तो अच्छा ही किया। नहीं तो और गहनों के साथ यह भी चला जाता।",unquoted_dash,"रमा ने संतोष देते हुए कहा--मेरी समझ में तो तुम्हें हार रख लेना चाहिए। सोचो, उन्हें कितना दुःख होगा। विदाई के समय यदि न दिया तो, तो अच्छा ही किया। नहीं तो और गहनों के साथ यह भी चला जाता।",रमा ने संतोष देते हुए कहा
1,277,जालपा,"मैं इसे लूंगी नहीं, यह निश्चय है।",unquoted_dash,"जालपा--मैं इसे लूंगी नहीं, यह निश्चय है।",जालपा
1,278,रमानाथ,इस इच्छा का कोई कारण भी तो होगा?,unquoted_dash,रमानाथ--इस इच्छा का कोई कारण भी तो होगा?,रमानाथ
1,279,जालपा,"कारण यही है कि अम्मांजी इसे खुशी से नहीं दे रही हैं, बहुत संभव है कि इसे भेजते समय वह रोई भी हों और इसमें तो कोई संदेह ही नहीं कि इसे वापस पाकर उन्हें सच्चा आनंद होगा। देने वाले का ह्रदय देखना चाहिए। प्रेम से यदि वह मुझे एक छल्ला भी दे दें, तो मैं दोनों हाथों से ले लूं। जब दिल पर जब्र करके दुनिया की लाज से या किसी के धिक्कारने से दिया, तो क्या दिया। दान भिखारिनियों को दिया जाता है। मैं किसी का दान न लूंगी, चाहे वह माता ही क्यों न हों।",unquoted_dash,"जालपा रूंधे हुए स्वर में बोली--कारण यही है कि अम्मांजी इसे खुशी से नहीं दे रही हैं, बहुत संभव है कि इसे भेजते समय वह रोई भी हों और इसमें तो कोई संदेह ही नहीं कि इसे वापस पाकर उन्हें सच्चा आनंद होगा। देने वाले का ह्रदय देखना चाहिए। प्रेम से यदि वह मुझे एक छल्ला भी दे दें, तो मैं दोनों हाथों से ले लूं। जब दिल पर जब्र करके दुनिया की लाज से या किसी के धिक्कारने से दिया, तो क्या दिया। दान भिखारिनियों को दिया जाता है। मैं किसी का दान न लूंगी, चाहे वह माता ही क्यों न हों।",जालपा रूंधे हुए स्वर में बोली
1,283,Unknown,कथा भाग एक भाग दो कहानियाँ एक चिनगारी घर को जला देती है क्षमादान दो वृद्ध पुरुष ध्रुवनिवासी रीछ का शिकार प्रेम में परमेश्वर बूढ़ा तरकारीवाला बाजीगर मनुष्य का जीवन आधार क्या है मूर्ख सुमंत राजपूत कैदी पत्र पिता के पत्र पुत्री के नाम लोककथा दयामय की दया,unquoted_dash,उपन्यास अहंकार आजाद-कथा भाग एक भाग दो कहानियाँ एक चिनगारी घर को जला देती है क्षमादान दो वृद्ध पुरुष ध्रुवनिवासी रीछ का शिकार प्रेम में परमेश्वर बूढ़ा तरकारीवाला बाजीगर मनुष्य का जीवन आधार क्या है मूर्ख सुमंत राजपूत कैदी पत्र पिता के पत्र पुत्री के नाम लोककथा दयामय की दया,उपन्यास अहंकार आजाद
2,1,रमानाथ,"जगह तो अच्छी है। ईमानदारी से काम करोगे, तो किसी अच्छे पद पर पहुंच जाओगे। मेरा यही उपदेश है कि पराए पैसे को हराम समझना।",named_dash_quote,"महाशय दयानाथ को जब रमा के नौकर हो जाने का हाल मालूम हुआ, तो बहुत खुश हुए। विवाह होते ही वह इतनी जल्द चेतेगा इसकी उन्हें आशा न थी। बोले--'जगह तो अच्छी है। ईमानदारी से काम करोगे, तो किसी अच्छे पद पर पहुंच जाओगे। मेरा यही उपदेश है कि पराए पैसे को हराम समझना।'","महाशय दयानाथ को जब रमा के नौकर हो जाने का हाल मालूम हुआ, तो बहुत खुश हुए। विवाह होते ही वह इतनी जल्द चेतेगा इसकी उन्हें आशा न थी। बोले--"
2,2,रमानाथ,"अपना उपदेश आप अपने ही लिए रखिए, यह मेरे अनुकूल नहीं है।",named_dash_quote,"रमा के जी में आया कि साफ कह दूं--'अपना उपदेश आप अपने ही लिए रखिए, यह मेरे अनुकूल नहीं है।' मगर इतना बेहया न था।",रमा के जी में आया कि साफ कह दूं--
2,3,दयानाथ,"यह जगह तो तीस रूपये की थी, तुम्हें बीस ही रूपए मिले?",named_dash_quote,"दयानाथ ने फिर कहा--'यह जगह तो तीस रूपये की थी, तुम्हें बीस ही रूपए मिले?'",दयानाथ ने फिर कहा--
2,4,रमानाथ,"नए आदमी को पूरा वेतन कैसे देते, शायद साल-छः महीने में बढ़ जाय। काम बहुत है।",named_dash_quote,"रमानाथ--'नए आदमी को पूरा वेतन कैसे देते, शायद साल-छः महीने में बढ़ जाय। काम बहुत है।'",रमानाथ--
2,5,दयानाथ,"तुम जवान आदमी हो, काम से न घबडाना चाहिए।",named_dash_quote,"दयानाथ--'तुम जवान आदमी हो, काम से न घबडाना चाहिए।'",दयानाथ--
2,7,रमानाथ,"पैंट पहनकर और हैट लगाकर निकला, तो उसकी शान ही कुछ और हो गई। चपरासियों ने झुककर सलाम किए। रमेश बाबू से मिलकर जब वह अपने काम का चार्ज लेने आया, तो देखा एक बरामदे में फटी हुई मैली दरी पर एक मियां साहब संदूक पर रजिस्टर फैलाए बैठे हैं और व्यापारी लोग उन्हें चारों तरफ से घेरे खड़े हैं। सामने गाडियों, ठेलों और इक्कों का बाज़ार लगा हुआ है। सभी अपने-अपने काम की जल्दी मचा रहे हैं। कहीं लोगों में",unquoted_dash,"तीसरे दिन रमा कोट-पैंट पहनकर और हैट लगाकर निकला, तो उसकी शान ही कुछ और हो गई। चपरासियों ने झुककर सलाम किए। रमेश बाबू से मिलकर जब वह अपने काम का चार्ज लेने आया, तो देखा एक बरामदे में फटी हुई मैली दरी पर एक मियां साहब संदूक पर रजिस्टर फैलाए बैठे हैं और व्यापारी लोग उन्हें चारों तरफ से घेरे खड़े हैं। सामने गाडियों, ठेलों और इक्कों का बाज़ार लगा हुआ है। सभी अपने-अपने काम की जल्दी मचा रहे हैं। कहीं लोगों में",तीसरे दिन रमा कोट
2,8,रमेश,"क्या मुझे भी इसी मैली दरी पर बिठाना चाहते हैं?एक अच्छी-सी मेज़ और कई कुर्सियां भिजवाइए और चपरासियों को हुक्म दीजिए कि एक आदमी से ज्यादा मेरे सामने न आने पावे। रमेश बाबू ने मुस्कराकर मेज़ और कुर्सियां भिजवा दीं। रमा शान से कुर्सी पर बैठा बूढ़े मुंशीजी उसकी उच्छृंखलता पर दिल में हंस रहे थे। समझ गए, अभी नया जोश है, नई सनक है। चार्ज दे दिया। चार्ज में था ही क्या, केवल आज की आमदनी का हिसाब समझा देना था। किस जिंस पर किस हिसाब से चुंगी ली जाती है, इसकी छपी हुई तालिका मौजूद थी, रमा आधा घंटे में अपना काम समझ गया। बूढ़े मुंशीजी ने यद्यपि खुद ही यह जगह छोड़ी थी, पर इस वक्त जाते हुए उन्हें दुःख हो रहा था। इसी जगह वह तीस साल से बराबर बैठते चले आते थे। इसी जगह की बदलौत उन्होंने धन और यश दोनों ही कमाया था। उसे छोड़ते हुए क्यों न दुःख होता। चार्ज देकर जब वह विदा होने लगे तो रमा उनके साथ जीने के नीचे तक गया। खां साहब उसकी इस नम्रता से प्रसन्न हो गए। मुस्कराकर बोले--",named_dash_quote,"गाली-गलौज हो रही है, कहीं चपरासियों में हंसी-दिल्लगी। सारा काम बड़े ही अव्यवस्थित रूप से हो रहा है। उस फटी हुई दरी पर बैठना रमा को अपमानजनक जान पड़ा। वह सीधे रमेश बाबू से जाकर बोला--'क्या मुझे भी इसी मैली दरी पर बिठाना चाहते हैं?एक अच्छी-सी मेज़ और कई कुर्सियां भिजवाइए और चपरासियों को हुक्म दीजिए कि एक आदमी से ज्यादा मेरे सामने न आने पावे। रमेश बाबू ने मुस्कराकर मेज़ और कुर्सियां भिजवा दीं। रमा शान से कुर्सी पर बैठा बूढ़े मुंशीजी उसकी उच्छृंखलता पर दिल में हंस रहे थे। समझ गए, अभी नया जोश है, नई सनक है। चार्ज दे दिया। चार्ज में था ही क्या, केवल आज की आमदनी का हिसाब समझा देना था। किस जिंस पर किस हिसाब से चुंगी ली जाती है, इसकी छपी हुई तालिका मौजूद थी, रमा आधा घंटे में अपना काम समझ गया। बूढ़े मुंशीजी ने यद्यपि खुद ही यह जगह छोड़ी थी, पर इस वक्त जाते हुए उन्हें दुःख हो रहा था। इसी जगह वह तीस साल से बराबर बैठते चले आते थे। इसी जगह की बदलौत उन्होंने धन और यश दोनों ही कमाया था। उसे छोड़ते हुए क्यों न दुःख होता। चार्ज देकर जब वह विदा होने लगे तो रमा उनके साथ जीने के नीचे तक गया। खां साहब उसकी इस नम्रता से प्रसन्न हो गए। मुस्कराकर बोले--'हर एक बिल्टी पर एक आना बंधा हुआ है, खुली हुई बात है। लोग शौक से देते हैं। आप अमीर आदमी हैं, मगर रस्म न बिगाडिएगा। एक बार कोई रस्म टूट जाती है, तो उसका बंधना मुश्किल हो जाता है। इस एक आने में आधा चपरासियों का हक है। जो बडे बाबू पहले थे, वह पचीस रूपये महीना लेते थे, मगर यह कुछ नहीं लेते।'","गाली-गलौज हो रही है, कहीं चपरासियों में हंसी-दिल्लगी। सारा काम बड़े ही अव्यवस्थित रूप से हो रहा है। उस फटी हुई दरी पर बैठना रमा को अपमानजनक जान पड़ा। वह सीधे रमेश बाबू से जाकर बोला--"
2,9,रमानाथ,"गंदा काम है, मैं सगाई से काम करना चाहता हूं।",named_dash_quote,"रमा ने अरूचि प्रकट करते हुए कहा--'गंदा काम है, मैं सगाई से काम करना चाहता हूं।'",रमा ने अरूचि प्रकट करते हुए कहा--
2,10,खां साहब,"अभी गंदा मालूम होता है, लेकिन फिर इसी में मज़ा आएगा।",named_dash_quote,"बूढ़े मियां ने हंसकर कहा--'अभी गंदा मालूम होता है, लेकिन फिर इसी में मज़ा आएगा।'",बूढ़े मियां ने हंसकर कहा--
2,11,चपरासी,"इन लोगों से कहो, बरामदे के नीचे चले जाएं । एक-एक करके नंबरवार आवें, एक कागज पर सबके नाम नंबरवार लिख लिया करो।",named_dash_quote,"खां साहब को विदा करके रमा अपनी कुर्सी पर आ बैठा और एक चपरासी से बोला--'इन लोगों से कहो, बरामदे के नीचे चले जाएं । एक-एक करके नंबरवार आवें, एक कागज पर सबके नाम नंबरवार लिख लिया करो।'",खां साहब को विदा करके रमा अपनी कुर्सी पर आ बैठा और एक चपरासी से बोला--
2,12,Unknown,"हां सरकार, यह बहुत अच्छा होगा।",unattributed_quote,"एक बनिया, जो दो घंटे से खडा था, खुश होकर बोला--'हां सरकार, यह बहुत अच्छा होगा।'","एक बनिया, जो दो घंटे से खडा था, खुश होकर बोला--"
2,13,रमानाथ,"जो पहले आवे, उसका काम पहले होना चाहिए। बाकी लोग अपना नंबर आने तक बाहर रहें। यह नहीं कि सबसे पीछे वाले शोर मचाकर पहले आ जाएं और पहले वाले खड़े मुंह ताकते रहें।",named_dash_quote,"रमानाथ--'जो पहले आवे, उसका काम पहले होना चाहिए। बाकी लोग अपना नंबर आने तक बाहर रहें। यह नहीं कि सबसे पीछे वाले शोर मचाकर पहले आ जाएं और पहले वाले खड़े मुंह ताकते रहें। ' कई व्यापारियों ने कहा--'हां बाबूजी, यह इंतजाम हो जाए, तो बहुत अच्छा हो भभ्भड़ में बडी देर हो जाती है।'",रमानाथ--
2,13,Unknown,"हां बाबूजी, यह इंतजाम हो जाए, तो बहुत अच्छा हो भभ्भड़ में बडी देर हो जाती है।",unattributed_quote,"रमानाथ--'जो पहले आवे, उसका काम पहले होना चाहिए। बाकी लोग अपना नंबर आने तक बाहर रहें। यह नहीं कि सबसे पीछे वाले शोर मचाकर पहले आ जाएं और पहले वाले खड़े मुंह ताकते रहें। ' कई व्यापारियों ने कहा--'हां बाबूजी, यह इंतजाम हो जाए, तो बहुत अच्छा हो भभ्भड़ में बडी देर हो जाती है।'",कई व्यापारियों ने कहा--
2,14,रमेश,कायदे के अंदर रहो और जो चाहो करो। तुम पर आंच तक न आने पायेगी।,named_dash_quote,"इतना नियंत्रण रमा का रोब जमाने के लिए काफी था। वणिक-समाज में आज ही उसके रंग-ढंग की आलोचना और प्रशंसा होने लगी। किसी बड़े कॉलेज के प्रोफसर को इतनी ख्याति उम्रभर में न मिलती। दो-चार दिन के अनुभव से ही रमा को सारे दांव-घात मालूम हो गए। ऐसी-ऐसी बातें सूझ गई जो खां साहब को ख्वाब में भी न सूझी थीं। माल की तौल, गिनती और परख में इतनी धांधली थी जिसकी कोई हद नहीं। जब इस धांधली से व्यापारी लोग सैकड़ों की रकम डकार जाते हैं, तो रमा बिल्टी पर एक आना लेकर ही क्यों संतुष्ट हो जाय, जिसमें आधा आना चपरासियों का है। माल की तौल और परख में दृढ़ता से नियमों का पालन करके वह धन और कीर्ति, दोनों ही कमा सकता है। यह अवसर वह क्यों छोड़ने लगा - विशेषकर जब बडे बाबू उसके गहरे दोस्त थे। रमेश बाबू इस नए रंग ईट की कार्य-पटुता पर मुग्ध हो गए। उसकी पीठ ठोंककर बोले--'कायदे के अंदर रहो और जो चाहो करो। तुम पर आंच तक न आने पायेगी।'","इतना नियंत्रण रमा का रोब जमाने के लिए काफी था। वणिक-समाज में आज ही उसके रंग-ढंग की आलोचना और प्रशंसा होने लगी। किसी बड़े कॉलेज के प्रोफसर को इतनी ख्याति उम्रभर में न मिलती। दो-चार दिन के अनुभव से ही रमा को सारे दांव-घात मालूम हो गए। ऐसी-ऐसी बातें सूझ गई जो खां साहब को ख्वाब में भी न सूझी थीं। माल की तौल, गिनती और परख में इतनी धांधली थी जिसकी कोई हद नहीं। जब इस धांधली से व्यापारी लोग सैकड़ों की रकम डकार जाते हैं, तो रमा बिल्टी पर एक आना लेकर ही क्यों संतुष्ट हो जाय, जिसमें आधा आना चपरासियों का है। माल की तौल और परख में दृढ़ता से नियमों का पालन करके वह धन और कीर्ति, दोनों ही कमा सकता है। यह अवसर वह क्यों छोड़ने लगा - विशेषकर जब बडे बाबू उसके गहरे दोस्त थे। रमेश बाबू इस नए रंग ईट की कार्य-पटुता पर मुग्ध हो गए। उसकी पीठ ठोंककर बोले--"
2,19,रमानाथ,यहां अकेले पड़े-पड़े तुम्हारा जी घबराता रहा होगा!,named_dash_quote,रमा ने फिर कहा--'यहां अकेले पड़े-पड़े तुम्हारा जी घबराता रहा होगा! ',रमा ने फिर कहा--
2,20,जालपा,"तुम कहते हो, मैंने गलती की, मैं समझती हूं, मैंने अच्छा किया। वहां किसके मुंह में कालिख लगती।",named_dash_quote,"जालपा ने तीव्र स्वर में कहा--'तुम कहते हो, मैंने गलती की, मैं समझती हूं, मैंने अच्छा किया। वहां किसके मुंह में कालिख लगती।'",जालपा ने तीव्र स्वर में कहा--
2,22,रमानाथ,"कालिख लगने की तो कोई बात न थी, सभी जानते हैं कि चोरी हो गई है, और इस ज़माने में दो-चार हज़ार के गहने बनवा लेना, मुंह का कौर नहीं है।",named_dash_quote,"रमा ने लज्जित होकर कहा--'कालिख लगने की तो कोई बात न थी, सभी जानते हैं कि चोरी हो गई है, और इस ज़माने में दो-चार हज़ार के गहने बनवा लेना, मुंह का कौर नहीं है।'",रमा ने लज्जित होकर कहा--
2,23,जालपा,यह कौन जानता था कि डोली से उतरते ही यह विपत्ति तुम्हारा स्वागत करेगी।,named_dash_quote,"चोरी का शब्द ज़बान पर लाते हुए, रमा का ह्रदय धड़क उठा। जालपा पति की ओर तीव्र दृष्टि से देखकर रह गई। और कुछ बोलने से बात बढ़ जाने का भय था, पर रमा को उसकी दृष्टि से ऐसा भासित हुआ, मानो उसे चोरी का रहस्य मालूम है और वह केवल संकोच के कारण उसे खोलकर नहीं कह रही है। उसे उस स्वप्न की बात भी याद आई, जो जालपा ने चोरी की रात को देखा था। वह दृष्टि बाण के समान उसके ह्रदय को छेदने लगी; उसने सोचा, शायद मुझे भम्र हुआ। इस दृष्टि में रोष के सिवा और कोई भाव नहीं है, मगर यह कुछ बोलती क्यों नहीं- चुप क्यों हो गई?उसका चुप हो जाना ही गजब था। अपने मन का संशय मिटाने और जालपा के मन की थाह लेने के लिए रमा ने मानो डुब्बी मारी--'यह कौन जानता था कि डोली से उतरते ही यह विपत्ति तुम्हारा स्वागत करेगी।'","चोरी का शब्द ज़बान पर लाते हुए, रमा का ह्रदय धड़क उठा। जालपा पति की ओर तीव्र दृष्टि से देखकर रह गई। और कुछ बोलने से बात बढ़ जाने का भय था, पर रमा को उसकी दृष्टि से ऐसा भासित हुआ, मानो उसे चोरी का रहस्य मालूम है और वह केवल संकोच के कारण उसे खोलकर नहीं कह रही है। उसे उस स्वप्न की बात भी याद आई, जो जालपा ने चोरी की रात को देखा था। वह दृष्टि बाण के समान उसके ह्रदय को छेदने लगी; उसने सोचा, शायद मुझे भम्र हुआ। इस दृष्टि में रोष के सिवा और कोई भाव नहीं है, मगर यह कुछ बोलती क्यों नहीं- चुप क्यों हो गई?उसका चुप हो जाना ही गजब था। अपने मन का संशय मिटाने और जालपा के मन की थाह लेने के लिए रमा ने मानो डुब्बी मारी--"
2,24,जालपा,"तो मैं तुमसे गहनों के लिए रोती तो नहीं हूं। भाग्य में जो लिखा था, वह हुआ। आगे भी वही होगा, जो लिखा है। जो औरतें गहने नहीं पहनतीं, क्या उनके दिन नहीं कटते?",named_dash_quote,"जालपा आंखों में आंसू भरकर बोली--'तो मैं तुमसे गहनों के लिए रोती तो नहीं हूं। भाग्य में जो लिखा था, वह हुआ। आगे भी वही होगा, जो लिखा है। जो औरतें गहने नहीं पहनतीं, क्या उनके दिन नहीं कटते?'",जालपा आंखों में आंसू भरकर बोली--
2,25,रमानाथ,ईश्वर ने चाहा तो दो-एक महीने में कोई चीज़ बन जाएगी।,named_dash_quote,"इस वाक्य ने रमा का संशय तो मिटा दिया, पर इसमें जो तीव्र वेदना छिपी हुई थी, वह उससे छिपी न रही। इन तीन महीनों में बहुत प्रयत्न करने पर भी वह सौ रूपये से अधिक संग्रह न कर सका था। बाबू लोगों के आदर-सत्कार में उसे बहुत-कुछ फलना पड़ता था; मगर बिना खिलाए-पिलाए काम भी तो न चल सकता था। सभी उसके दुश्मन हो जाते और उसे उखाड़ने की घातें सोचने लगते। मुफ्त का धन अकेले नहीं हजम होता, यह वह अच्छी तरह जानता था। वह स्वयं एक पैसा भी व्यर्थ खर्च न करता। चतुर व्यापारी की भांति वह जो कुछ खर्च करता था, वह केवल कमाने के लिए। आश्वासन देते हुए बोला--'ईश्वर ने चाहा तो दो-एक महीने में कोई चीज़ बन जाएगी।'","इस वाक्य ने रमा का संशय तो मिटा दिया, पर इसमें जो तीव्र वेदना छिपी हुई थी, वह उससे छिपी न रही। इन तीन महीनों में बहुत प्रयत्न करने पर भी वह सौ रूपये से अधिक संग्रह न कर सका था। बाबू लोगों के आदर-सत्कार में उसे बहुत-कुछ फलना पड़ता था; मगर बिना खिलाए-पिलाए काम भी तो न चल सकता था। सभी उसके दुश्मन हो जाते और उसे उखाड़ने की घातें सोचने लगते। मुफ्त का धन अकेले नहीं हजम होता, यह वह अच्छी तरह जानता था। वह स्वयं एक पैसा भी व्यर्थ खर्च न करता। चतुर व्यापारी की भांति वह जो कुछ खर्च करता था, वह केवल कमाने के लिए। आश्वासन देते हुए बोला--"
2,26,जालपा,"मैं उन स्त्रियों में नहीं हूं, जो गहनों पर जान देती हैं। हां, इस तरह किसी के घर आते-जाते शर्म आती ही है।",named_dash_quote,"जालपा--'मैं उन स्त्रियों में नहीं हूं, जो गहनों पर जान देती हैं। हां, इस तरह किसी के घर आते-जाते शर्म आती ही है।'",जालपा--
2,27,Unknown,तुमसे एक सलाह करना चाहता हूं। पूछूं या न पूछूं।,unattributed_quote,"रमा का चित्त ग्लानि से व्याकुल हो उठा। जालपा के एक-एक शब्द से निराशा टपक रही थी। इस अपार वेदना का कारण कौन था?क्या यह भी उसी का दोष न था कि इन तीन महीनों में उसने कभी गहनों की चर्चा नहीं की?जालपा यदि संकोच के कारण इसकी चर्चा न करती थी, तो रमा को उसके आंसू पोंछने के लिए, उसका मन रखने के लिए, क्या मौन के सिवा दूसरा उपाय न था?मुहल्ले में रोज़ ही एक-न-एक उत्सव होता रहता है, रोज़ ही पासपड़ोस की औरतें मिलने आती हैं, बुलावे भी रोज आते ही रहते हैं, बेचारी जालपा कब तक इस प्रकार आत्मा का दमन करती रहेगी, अंदर-ही-अंदर कुढती रहेगी। हंसने-बोलने को किसका जी नहीं चाहता, कौन कैदियों की तरह अकेला पडा रहना पसंद करता है? मेरे ही कारण तो इसे यह भीषण यातना सहनी पड़ रही है। उसने सोचा, क्या किसी सर्राफ से गहने उधार नहीं लिए जा सकते?कई बडे सर्राफों से उसका परिचय था, लेकिन उनसे वह यह बात कैसे कहता- कहीं वे इंकार कर दें तो- या संभव है, बहाना करके टाल दें। उसने निश्चय किया कि अभी उधार लेना ठीक न होगा। कहीं वादे पर रूपये न दे सका, तो व्यर्थ में थुक्का-फजीहत होगी। लज्जित होना पड़ेगा। अभी कुछ दिन और धैर्य से काम लेना चाहिए। सहसा उसके मन में आया, इस विषय में जालपा की राय लूं। देखूं वह क्या कहती है। अगर उसकी इच्छा हो तो किसी सर्राफ से वादे पर चीज़ें ले ली जायं, मैं इस अपमान और संकोच को सह लूंगा। जालपा को संतुष्ट करने के लिए कि उसके गहनों की उसे कितनी फिक्र है! बोला--'तुमसे एक सलाह करना चाहता हूं। पूछूं या न पूछूं। '","रमा का चित्त ग्लानि से व्याकुल हो उठा। जालपा के एक-एक शब्द से निराशा टपक रही थी। इस अपार वेदना का कारण कौन था?क्या यह भी उसी का दोष न था कि इन तीन महीनों में उसने कभी गहनों की चर्चा नहीं की?जालपा यदि संकोच के कारण इसकी चर्चा न करती थी, तो रमा को उसके आंसू पोंछने के लिए, उसका मन रखने के लिए, क्या मौन के सिवा दूसरा उपाय न था?मुहल्ले में रोज़ ही एक-न-एक उत्सव होता रहता है, रोज़ ही पासपड़ोस की औरतें मिलने आती हैं, बुलावे भी रोज आते ही रहते हैं, बेचारी जालपा कब तक इस प्रकार आत्मा का दमन करती रहेगी, अंदर-ही-अंदर कुढती रहेगी। हंसने-बोलने को किसका जी नहीं चाहता, कौन कैदियों की तरह अकेला पडा रहना पसंद करता है? मेरे ही कारण तो इसे यह भीषण यातना सहनी पड़ रही है। उसने सोचा, क्या किसी सर्राफ से गहने उधार नहीं लिए जा सकते?कई बडे सर्राफों से उसका परिचय था, लेकिन उनसे वह यह बात कैसे कहता- कहीं वे इंकार कर दें तो- या संभव है, बहाना करके टाल दें। उसने निश्चय किया कि अभी उधार लेना ठीक न होगा। कहीं वादे पर रूपये न दे सका, तो व्यर्थ में थुक्का-फजीहत होगी। लज्जित होना पड़ेगा। अभी कुछ दिन और धैर्य से काम लेना चाहिए। सहसा उसके मन में आया, इस विषय में जालपा की राय लूं। देखूं वह क्या कहती है। अगर उसकी इच्छा हो तो किसी सर्राफ से वादे पर चीज़ें ले ली जायं, मैं इस अपमान और संकोच को सह लूंगा। जालपा को संतुष्ट करने के लिए कि उसके गहनों की उसे कितनी फिक्र है! बोला--"
2,28,Unknown,"अब सोने दो भई, सवेरे उठना है।",unattributed_quote,"जालपा को नींद आ रही थी, आंखें बंद किए हुए बोली--'अब सोने दो भई, सवेरे उठना है।'","जालपा को नींद आ रही थी, आंखें बंद किए हुए बोली--"
2,29,रमानाथ,"अगर तुम्हारी राय हो, तो किसी सर्राफ से वादे पर गहने बनवा लाऊं। इसमें कोई हर्ज तो है नहीं।",named_dash_quote,"रमानाथ--'अगर तुम्हारी राय हो, तो किसी सर्राफ से वादे पर गहने बनवा लाऊं। इसमें कोई हर्ज तो है नहीं।'",रमानाथ--
2,30,जालपा,"कहिए तो आपके लिए भोजन लाऊं, कितनी बडी अशिष्टता है। इसका तो यही आशय है कि हम मेहमान को खिलाना नहीं चाहते। रमा को चाहिए था कि चीजें लाकर जालपा के सामने रख देता। उसके बार-बार पूछने पर भी यही कहना चाहिए था कि दाम देकर लाया हूं। तब वह अलबत्ता खुश होती। इस विषय में उसकी सलाह लेना, घाव पर नमक छिड़कना था। रमा की ओर अविश्वास की आंखों से देखकर बोली--",named_dash_quote,"जालपा की आंखें खुल गई। कितना कठोर प्रश्न था। किसी मेहमान से पूछना--'कहिए तो आपके लिए भोजन लाऊं, कितनी बडी अशिष्टता है। इसका तो यही आशय है कि हम मेहमान को खिलाना नहीं चाहते। रमा को चाहिए था कि चीजें लाकर जालपा के सामने रख देता। उसके बार-बार पूछने पर भी यही कहना चाहिए था कि दाम देकर लाया हूं। तब वह अलबत्ता खुश होती। इस विषय में उसकी सलाह लेना, घाव पर नमक छिड़कना था। रमा की ओर अविश्वास की आंखों से देखकर बोली--'मैं तो गहनों के लिए इतनी उत्सुक नहीं हूं।'",जालपा की आंखें खुल गई। कितना कठोर प्रश्न था। किसी मेहमान से पूछना--
2,31,रमानाथ,"नहीं, यह बात नहीं, इसमें क्या हर्ज है कि किसी सर्राफ से चीजें ले लूं। धीरे-धीरे उसके रूपये चुका दूंगा।",named_dash_quote,"रमानाथ--'नहीं, यह बात नहीं, इसमें क्या हर्ज है कि किसी सर्राफ से चीजें ले लूं। धीरे-धीरे उसके रूपये चुका दूंगा।'",रमानाथ--
2,32,जालपा,"नहीं, मेरे लिए कर्ज लेने की जरूरत नहीं। मैं वेश्या नहीं हूं कि तुम्हें नोच-खसोटकर अपना रास्ता लूं। मुझे तुम्हारे साथ जीना और मरना है। अगर मुझे सारी उम्र बे-गहनों के रहना पड़े, तो भी मैं कुछ लेने को न कहूंगी। औरतें गहनों की इतनी भूखी नहीं होतीं। घर के प्राणियों को संकट में डालकर गहने पहनने वाली दूसरी होंगी। लेकिन तुमने तो पहले कहा था कि जगह बडी आमदनी की है, मुझे तो कोई विशेष बचत दिखाई नहीं देती।",named_dash_quote,"जालपा ने दृढ़ता से कहा--'नहीं, मेरे लिए कर्ज लेने की जरूरत नहीं। मैं वेश्या नहीं हूं कि तुम्हें नोच-खसोटकर अपना रास्ता लूं। मुझे तुम्हारे साथ जीना और मरना है। अगर मुझे सारी उम्र बे-गहनों के रहना पड़े, तो भी मैं कुछ लेने को न कहूंगी। औरतें गहनों की इतनी भूखी नहीं होतीं। घर के प्राणियों को संकट में डालकर गहने पहनने वाली दूसरी होंगी। लेकिन तुमने तो पहले कहा था कि जगह बडी आमदनी की है, मुझे तो कोई विशेष बचत दिखाई नहीं देती।'",जालपा ने दृढ़ता से कहा--
2,33,रमानाथ,"बचत तो जरूर होती और अच्छी होती, लेकिन जब अहलकारों के मारे बचने भी पाए। सब शैतान सिर पर सवार रहते हैं। मुझे पहले न मालूम था कि यहां इतने प्रेतों की पूजा करनी होगी।",named_dash_quote,"रमानाथ--'बचत तो जरूर होती और अच्छी होती, लेकिन जब अहलकारों के मारे बचने भी पाए। सब शैतान सिर पर सवार रहते हैं। मुझे पहले न मालूम था कि यहां इतने प्रेतों की पूजा करनी होगी।'",रमानाथ--
2,34,जालपा,"तो अभी कौन-सी जल्दी है, बनते रहेंगे धीरे-धीरे।",named_dash_quote,"जालपा--'तो अभी कौन-सी जल्दी है, बनते रहेंगे धीरे-धीरे।'",जालपा--
2,35,रमानाथ,"खैर, तुम्हारी सलाह है, तो एक-आधा महीने और चुप रहता हूं। मैं सबसे पहले कंगन बनवाऊंगा।",named_dash_quote,"रमानाथ--'खैर, तुम्हारी सलाह है, तो एक-आधा महीने और चुप रहता हूं। मैं सबसे पहले कंगन बनवाऊंगा।'",रमानाथ--
2,36,जालपा,तुम्हारे पास अभी इतने रूपये कहां होंगे?,named_dash_quote,जालपा ने गदगद होकर कहा--'तुम्हारे पास अभी इतने रूपये कहां होंगे?',जालपा ने गदगद होकर कहा--
2,37,रमानाथ,इसका उपाय तो मेरे पास है। तुम्हें कैसा कंगन पसंद है?,named_dash_quote,रमानाथ--'इसका उपाय तो मेरे पास है। तुम्हें कैसा कंगन पसंद है?',रमानाथ--
2,39,रमानाथ,"ऐसी चीज़ें तो शायद यहां बन भी न सकें, मगर कल मैं ज़रा सर्राफ की सैर करूंगा।",named_dash_quote,"रमानाथ--'ऐसी चीज़ें तो शायद यहां बन भी न सकें, मगर कल मैं ज़रा सर्राफ की सैर करूंगा।'",रमानाथ--
2,40,जालपा,"इतने रूपये न जाने तुम्हारे पास कब तक होंगे? उंह, बनेंगे-बनेंगे, नहीं कौन कोई गहनों के बिना मरा जाता है।",named_dash_quote,"जालपा ने पुस्तक बंद करते हुए करूण स्वर में कहा--'इतने रूपये न जाने तुम्हारे पास कब तक होंगे? उंह, बनेंगे-बनेंगे, नहीं कौन कोई गहनों के बिना मरा जाता है।'",जालपा ने पुस्तक बंद करते हुए करूण स्वर में कहा--
2,42,रमानाथ,"आओ जी, रात क्यों नहीं आए? मगर यहां गरीबों के घर क्यों आते। सेठजी की झांकी कैसे छोड़ देते। खूब बहार रही होगी! रमानाथ--",named_dash_quote,"दूसरे दिन सवेरे ही रमा ने रमेश बाबू के घर का रास्ता लिया। उनके यहां भी जन्माष्टमी में झांकी होती थी। उन्हें स्वयं तो इससे कोई अनुराग न था, पर उनकी स्त्री उत्सव मनाती थी, उसी की यादगार में अब तक यह उत्सव मनाते जाते थे। रमा को देखकर बोले--'आओ जी, रात क्यों नहीं आए? मगर यहां गरीबों के घर क्यों आते। सेठजी की झांकी कैसे छोड़ देते। खूब बहार रही होगी! रमानाथ--'आपकी-सी सजावट तो न थी, हां और सालों से अच्छी थी। कई कत्थक और वेश्याएं भी आई थीं। मैं तो चला आया था; मगर सुना रातभर गाना होता रहा।'","दूसरे दिन सवेरे ही रमा ने रमेश बाबू के घर का रास्ता लिया। उनके यहां भी जन्माष्टमी में झांकी होती थी। उन्हें स्वयं तो इससे कोई अनुराग न था, पर उनकी स्त्री उत्सव मनाती थी, उसी की यादगार में अब तक यह उत्सव मनाते जाते थे। रमा को देखकर बोले--"
2,43,रमेश,"सेठजी ने तो वचन दिया था कि वेश्याएं न आने पावेंगी, फिर यह क्या किया। इन मूर्खो के हाथों हिन्दू-धर्म का सर्वनाश हो जायगा। एक तो वेश्याओं का नाम यों भी बुरा, उस पर ठाकुरद्वारे में! छिः-छिः, न जाने इन गधों को कब अक्ल आवेगी।",named_dash_quote,"रमेश--'सेठजी ने तो वचन दिया था कि वेश्याएं न आने पावेंगी, फिर यह क्या किया। इन मूर्खो के हाथों हिन्दू-धर्म का सर्वनाश हो जायगा। एक तो वेश्याओं का नाम यों भी बुरा, उस पर ठाकुरद्वारे में! छिः-छिः, न जाने इन गधों को कब अक्ल आवेगी।'",रमेश--
2,44,रमानाथ,"वेश्याएं न हों, तो झांकी देखने जाय ही कौन- सभी तो आपकी तरह योगी और तपस्वी नहीं हैं।",named_dash_quote,"रमानाथ--'वेश्याएं न हों, तो झांकी देखने जाय ही कौन- सभी तो आपकी तरह योगी और तपस्वी नहीं हैं।'",रमानाथ--
2,45,रमेश,"मेरा वश चले, तो मैं कानून से यह दुराचार बंद कर दूं। खैर, फुरसत हो तो आओ एक-आधा बाज़ी हो जाय।",named_dash_quote,"रमेश--'मेरा वश चले, तो मैं कानून से यह दुराचार बंद कर दूं। खैर, फुरसत हो तो आओ एक-आधा बाज़ी हो जाय।'",रमेश--
2,46,रमानाथ,और आया किसलिए हूं; मगर आज आपको मेरे साथ ज़रा सर्राफ तक चलना पड़ेगा। यों कई बडी-बडी कोठियों से मेरा परिचय है; मगर आपके,unquoted_dash,रमानाथ--'और आया किसलिए हूं; मगर आज आपको मेरे साथ ज़रा सर्राफ तक चलना पड़ेगा। यों कई बडी-बडी कोठियों से मेरा परिचय है; मगर आपके,रमानाथ
2,48,रमेश,"चलने को चला चलूंगा, मगर इस विषय में मैं बिलकुल कोरा हूं।न कोई चीज बनवाई न खरीदी। तुम्हें क्या कुछ लेना है?",named_dash_quote,"रमेश--'चलने को चला चलूंगा, मगर इस विषय में मैं बिलकुल कोरा हूं।न कोई चीज बनवाई न खरीदी। तुम्हें क्या कुछ लेना है?'",रमेश--
2,49,रमानाथ,"लेना-देना क्या है, ज़रा भाव-ताव देखूंगा।",named_dash_quote,"रमानाथ--'लेना-देना क्या है, ज़रा भाव-ताव देखूंगा।'",रमानाथ--
2,50,रमेश,"मालूम होता है, घर में फटकार पड़ी है।",named_dash_quote,"रमेश--'मालूम होता है, घर में फटकार पड़ी है।'",रमेश--
2,51,रमानाथ,"जी, बिलकुल नहीं। वह तो जेवरों का नाम तक नहीं लेती। मैं कभी पूछता भी हूं, तो मना करती हैं, लेकिन अपना कर्तव्य भी तो कुछ है। जब से गहने चोरी चले गए, एक चीज़ भी नहीं बनी।",named_dash_quote,"रमानाथ--'जी, बिलकुल नहीं। वह तो जेवरों का नाम तक नहीं लेती। मैं कभी पूछता भी हूं, तो मना करती हैं, लेकिन अपना कर्तव्य भी तो कुछ है। जब से गहने चोरी चले गए, एक चीज़ भी नहीं बनी।'",रमानाथ--
2,52,रमेश,"मालूम होता है, कमाने का ढंग आ गया। क्यों न हो, कायस्थ के बच्चे हो कितने रूपये जोड़ लिए?",named_dash_quote,"रमेश--'मालूम होता है, कमाने का ढंग आ गया। क्यों न हो, कायस्थ के बच्चे हो कितने रूपये जोड़ लिए? '",रमेश--
2,53,रमानाथ,"रूपये किसके पास हैं, वादे पर लूंगा।",named_dash_quote,"रमानाथ--'रूपये किसके पास हैं, वादे पर लूंगा। '",रमानाथ--
2,54,रमेश,"इस ख़ब्त में न पड़ो। जब तक रूपये हाथ में न हों, बाज़ार की तरफ जाओ ही मत। गहनों से तो बुड्ढे नई बीवियों का दिल खुश किया करते हैं, उन बेचारों के पास गहनों के सिवा होता ही क्या है। जवानों के लिए और बहुत से लटके हैं। यों मैं चाहूं, तो दो-चार हज़ार का माल दिलवा सकता हूं,मगर भई, कर्ज़ की लत बुरी है।",named_dash_quote,"रमेश--'इस ख़ब्त में न पड़ो। जब तक रूपये हाथ में न हों, बाज़ार की तरफ जाओ ही मत। गहनों से तो बुड्ढे नई बीवियों का दिल खुश किया करते हैं, उन बेचारों के पास गहनों के सिवा होता ही क्या है। जवानों के लिए और बहुत से लटके हैं। यों मैं चाहूं, तो दो-चार हज़ार का माल दिलवा सकता हूं,मगर भई, कर्ज़ की लत बुरी है।'",रमेश--
2,55,Unknown,"मैं दो-तीन महीनों में सब रूपये चुका दूंगा। अगर मुझे इसका विश्वास न होता, तो मैं जिक्र ही न करता।",unattributed_quote,"रमानाथ­-- 'मैं दो-तीन महीनों में सब रूपये चुका दूंगा। अगर मुझे इसका विश्वास न होता, तो मैं जिक्र ही न करता।'",रमानाथ­--
2,56,रमेश,"तो दो-तीन महीने और सब्र क्यों नहीं कर जाते?कर्ज़ से बडा पाप दूसरा नहीं। न इससे बडी विपत्ति दूसरी है। जहां एक बार धड़का खुला कि तुम आए दिन सर्राफ की दुकान पर खड़े नज़र आओगे। बुरा न मानना। मैं जानता हूं, तुम्हारी आमदनी अच्छी है, पर भविष्य के भरोसे पर और चाहे जो काम करो, लेकिन कर्ज क़भी मत लो। गहनों का मर्ज़ न जाने इस दरिद्र देश में कैसे फैल गया। जिन लोगों के भोजन का ठिकाना नहीं, वे भी गहनों के पीछे प्राण देतेहैं। हर साल अरबों रूपये केवल सोना-चांदी खरीदने में व्यय हो जाते हैं। संसार के और किसी देश में इन धातुओं की इतनी खपत नहीं। तो बात क्या है? उन्नत देशों में धन व्यापार में लगता है, जिससे लोगों की परवरिश होती है, और धन बढ़ता है। यहां धन! ऋंगार में खर्च होता है, उसमें उन्नति और उपकार की जो दो महान शक्तियां हैं, उन दोनों ही का अंत हो जाता है। बस यही समझ लो कि जिस देश के लोग जितने ही मूर्ख होंगे, वहां जेवरों का प्रचार भी उतना ही अधिक होगा। यहां तो खैर नाक-कान छिदाकर ही रह जाते हैं, मगर कई ऐसे देश भी हैं, जहां होंठ छेदकर लोग गहने पहनते हैं।",unquoted_dash,"रमेश--'तो दो-तीन महीने और सब्र क्यों नहीं कर जाते?कर्ज़ से बडा पाप दूसरा नहीं। न इससे बडी विपत्ति दूसरी है। जहां एक बार धड़का खुला कि तुम आए दिन सर्राफ की दुकान पर खड़े नज़र आओगे। बुरा न मानना। मैं जानता हूं, तुम्हारी आमदनी अच्छी है, पर भविष्य के भरोसे पर और चाहे जो काम करो, लेकिन कर्ज क़भी मत लो। गहनों का मर्ज़ न जाने इस दरिद्र देश में कैसे फैल गया। जिन लोगों के भोजन का ठिकाना नहीं, वे भी गहनों के पीछे प्राण देतेहैं। हर साल अरबों रूपये केवल सोना-चांदी खरीदने में व्यय हो जाते हैं। संसार के और किसी देश में इन धातुओं की इतनी खपत नहीं। तो बात क्या है? उन्नत देशों में धन व्यापार में लगता है, जिससे लोगों की परवरिश होती है, और धन बढ़ता है। यहां धन! ऋंगार में खर्च होता है, उसमें उन्नति और उपकार की जो दो महान शक्तियां हैं, उन दोनों ही का अंत हो जाता है। बस यही समझ लो कि जिस देश के लोग जितने ही मूर्ख होंगे, वहां जेवरों का प्रचार भी उतना ही अधिक होगा। यहां तो खैर नाक-कान छिदाकर ही रह जाते हैं, मगर कई ऐसे देश भी हैं, जहां होंठ छेदकर लोग गहने पहनते हैं।",रमेश
2,57,रमानाथ,"याद नहीं आता, पर शायद अफ्रीका हो, हमें यह सुनकर अचंभा होता है, लेकिन अन्य देश वालों के लिए नाक-कान का छिदना कुछ कम अचंभे की बात न होगी। बुरा मरज है, बहुत ही बुरा। वह धन, जो भोजन में खर्च होना चाहिए, बाल-बच्चों का पेट काटकर गहनों की भेंट कर दिया जाता है। बच्चों को दूध न मिले न सही। घी की गंध तक उनकी नाक में न पहुंचे, न सही। मेवों और फलों के दर्शन उन्हें न हों, कोई परवा नहीं, पर देवीजी गहने जरूर पहनेंगी और स्वामीजी गहने जरूर बनवाएंगे। दस-दस, बीस-बीस रूपये पाने वाले क्लर्को को देखता हूं, जो सड़ी हुई कोठरियों में पशुओं की भांति जीवन काटते हैं, जिन्हें सवेरे का जलपान तक मयस्सर नहीं होता, उन पर भी गहनों की सनक सवार रहती है। इस प्रथा से हमारा सर्वनाश होता जा रहा है। मैं तो कहता हूं, यह गुलामी पराधीनता से कहीं बढ़कर है। इसके कारण हमारा कितना आत्मिक, नैतिक, दैहिक, आर्थिक और धार्मिक पतन हो रहा है, इसका अनुमान ब्रह्मा भी नहीं कर सकते।",unquoted_dash,"रमा ने कौतूहल से कहा-- याद नहीं आता, पर शायद अफ्रीका हो, हमें यह सुनकर अचंभा होता है, लेकिन अन्य देश वालों के लिए नाक-कान का छिदना कुछ कम अचंभे की बात न होगी। बुरा मरज है, बहुत ही बुरा। वह धन, जो भोजन में खर्च होना चाहिए, बाल-बच्चों का पेट काटकर गहनों की भेंट कर दिया जाता है। बच्चों को दूध न मिले न सही। घी की गंध तक उनकी नाक में न पहुंचे, न सही। मेवों और फलों के दर्शन उन्हें न हों, कोई परवा नहीं, पर देवीजी गहने जरूर पहनेंगी और स्वामीजी गहने जरूर बनवाएंगे। दस-दस, बीस-बीस रूपये पाने वाले क्लर्को को देखता हूं, जो सड़ी हुई कोठरियों में पशुओं की भांति जीवन काटते हैं, जिन्हें सवेरे का जलपान तक मयस्सर नहीं होता, उन पर भी गहनों की सनक सवार रहती है। इस प्रथा से हमारा सर्वनाश होता जा रहा है। मैं तो कहता हूं, यह गुलामी पराधीनता से कहीं बढ़कर है। इसके कारण हमारा कितना आत्मिक, नैतिक, दैहिक, आर्थिक और धार्मिक पतन हो रहा है, इसका अनुमान ब्रह्मा भी नहीं कर सकते।",रमा ने कौतूहल से कहा
2,58,रमानाथ,"मैं तो समझता हूं, ऐसा कोई भी देश नहीं, जहां स्त्रियां गहने न पहनती हों। क्या योरोप में गहनों का रिवाज नहीं है?",named_dash_quote,"रमानाथ-- 'मैं तो समझता हूं, ऐसा कोई भी देश नहीं, जहां स्त्रियां गहने न पहनती हों। क्या योरोप में गहनों का रिवाज नहीं है?'",रमानाथ--
2,59,रमेश,"तो तुम्हारा देश योरोप तो नहीं है। वहां के लोग धानी हैं। वह धन लुटाएं, उन्हें शोभा देता है। हम दरिक्र हैं, हमारी कमाई का एक पैसा भी फजूल न खर्च होना चाहिए।",named_dash_quote,"रमेश-- 'तो तुम्हारा देश योरोप तो नहीं है। वहां के लोग धानी हैं। वह धन लुटाएं, उन्हें शोभा देता है। हम दरिक्र हैं, हमारी कमाई का एक पैसा भी फजूल न खर्च होना चाहिए।'",रमेश--
2,60,रमेश,"विवाद में शतरंज भूल गए। छुट्टी का दिन था ही,दो-चार मिलने वाले और आ गए, रमानाथ चुपके से खिसक आया। इस बहस में एक बात ऐसी थी, जो उसके दिल में बैठ गई। उधार गहने लेने का विचार उसके मन से निकल गया। कहीं वह जल्दी रूपया न चुका सका, तो कितनी बडी बदनामी होगी। सराट्ठ तक गया अवश्य, पर किसी दुकान में जाने का साहस न हुआ। उसने निश्चय किया, अभी तीन-चार महीने तक गहनों का नाम न लूंगा।",unquoted_dash,"रमेश बाबू इस वाद-विवाद में शतरंज भूल गए। छुट्टी का दिन था ही,दो-चार मिलने वाले और आ गए, रमानाथ चुपके से खिसक आया। इस बहस में एक बात ऐसी थी, जो उसके दिल में बैठ गई। उधार गहने लेने का विचार उसके मन से निकल गया। कहीं वह जल्दी रूपया न चुका सका, तो कितनी बडी बदनामी होगी। सराट्ठ तक गया अवश्य, पर किसी दुकान में जाने का साहस न हुआ। उसने निश्चय किया, अभी तीन-चार महीने तक गहनों का नाम न लूंगा।",रमेश बाबू इस वाद
2,61,दयानाथ,आज सवेरे-सवेरे कहां चले गए थे?,named_dash_quote,"वह घर पहुंचा, तो नौ बज गए थे। दयानाथ ने उसे देखा तो पूछा-'आज सवेरे-सवेरे कहां चले गए थे?'","वह घर पहुंचा, तो नौ बज गए थे। दयानाथ ने उसे देखा तो पूछा-"
2,62,रमानाथ,ज़रा बडे बाबू से मिलने गया था।,named_dash_quote,रमानाथ-'ज़रा बडे बाबू से मिलने गया था।',रमानाथ-
2,63,दयानाथ,"घंटे-आधा घंटे के लिए पुस्तकालय क्यों नहीं चले जाया करते। गप-शप में दिन गंवा देते हो अभी तुम्हारी पढ़ने-लिखने की उम्र है। इम्तहान न सही, अपनी योग्यता तो बढ़ा सकते हो एक सीधा-सा खत लिखना पड़ जाता है, तो बगलें झांकने लगते हो असली शिक्षा स्कूल छोड़ने के बाद शुरू होती है, और वही हमारे जीवन में काम भी आती है। मैंने तुम्हारे विषय में कुछ ऐसी बातें सुनी हैं, जिनसे मुझे बहुत खेद हुआ है और तुम्हें समझा देना मैं अपनाधर्म समझता हूं। मैं यह हरगिज नहीं चाहता कि मेरे घर में हराम की एक कौड़ी भी आए। मुझे नौकरी करते तीस साल हो गए। चाहता, तो अब तक हज़ारों रूपये जमा कर लेता, लेकिन मैं कसम खाता हूं कि कभी एक पैसा भी हराम का नहीं लिया। तुममें यह आदत कहां से आ गई, यह मेरी समझ में नहीं आता।",named_dash_quote,"दयानाथ-'घंटे-आधा घंटे के लिए पुस्तकालय क्यों नहीं चले जाया करते। गप-शप में दिन गंवा देते हो अभी तुम्हारी पढ़ने-लिखने की उम्र है। इम्तहान न सही, अपनी योग्यता तो बढ़ा सकते हो एक सीधा-सा खत लिखना पड़ जाता है, तो बगलें झांकने लगते हो असली शिक्षा स्कूल छोड़ने के बाद शुरू होती है, और वही हमारे जीवन में काम भी आती है। मैंने तुम्हारे विषय में कुछ ऐसी बातें सुनी हैं, जिनसे मुझे बहुत खेद हुआ है और तुम्हें समझा देना मैं अपनाधर्म समझता हूं। मैं यह हरगिज नहीं चाहता कि मेरे घर में हराम की एक कौड़ी भी आए। मुझे नौकरी करते तीस साल हो गए। चाहता, तो अब तक हज़ारों रूपये जमा कर लेता, लेकिन मैं कसम खाता हूं कि कभी एक पैसा भी हराम का नहीं लिया। तुममें यह आदत कहां से आ गई, यह मेरी समझ में नहीं आता। ' रमा ने बनावटी क्रोध दिखाकर कहा-'किसने आपसे कहा है? ज़रा उसका नाम तो बताइए? मूंछें उखाड़ लूं उसकी! '",दयानाथ-
2,63,रमानाथ,किसने आपसे कहा है? ज़रा उसका नाम तो बताइए? मूंछें उखाड़ लूं उसकी!,named_dash_quote,"दयानाथ-'घंटे-आधा घंटे के लिए पुस्तकालय क्यों नहीं चले जाया करते। गप-शप में दिन गंवा देते हो अभी तुम्हारी पढ़ने-लिखने की उम्र है। इम्तहान न सही, अपनी योग्यता तो बढ़ा सकते हो एक सीधा-सा खत लिखना पड़ जाता है, तो बगलें झांकने लगते हो असली शिक्षा स्कूल छोड़ने के बाद शुरू होती है, और वही हमारे जीवन में काम भी आती है। मैंने तुम्हारे विषय में कुछ ऐसी बातें सुनी हैं, जिनसे मुझे बहुत खेद हुआ है और तुम्हें समझा देना मैं अपनाधर्म समझता हूं। मैं यह हरगिज नहीं चाहता कि मेरे घर में हराम की एक कौड़ी भी आए। मुझे नौकरी करते तीस साल हो गए। चाहता, तो अब तक हज़ारों रूपये जमा कर लेता, लेकिन मैं कसम खाता हूं कि कभी एक पैसा भी हराम का नहीं लिया। तुममें यह आदत कहां से आ गई, यह मेरी समझ में नहीं आता। ' रमा ने बनावटी क्रोध दिखाकर कहा-'किसने आपसे कहा है? ज़रा उसका नाम तो बताइए? मूंछें उखाड़ लूं उसकी! '",रमा ने बनावटी क्रोध दिखाकर कहा-
2,64,दयानाथ,"किसी ने भी कहा हो, इससे तुम्हें कोई मतलब नहीं। तुम उसकी मूंछें उखाड़ लोगे, इसलिए बताऊंगा नहीं, लेकिन बात सच है या झूठ, मैं इतना ही पूछना चाहता हूं।",named_dash_quote,"दयानाथ-'किसी ने भी कहा हो, इससे तुम्हें कोई मतलब नहीं। तुम उसकी मूंछें उखाड़ लोगे, इसलिए बताऊंगा नहीं, लेकिन बात सच है या झूठ, मैं इतना ही पूछना चाहता हूं।'",दयानाथ-
2,65,रमानाथ,बिलकुल झूठ!,named_dash_quote,रमानाथ-'बिलकुल झूठ! ',रमानाथ-
2,66,दयानाथ,बिलकुल झूठ?,named_dash_quote,दयानाथ-'बिलकुल झूठ? ',दयानाथ-
2,67,रमानाथ,"जी हां, बिलकुल झूठ?",named_dash_quote,"रमानाथ-'जी हां, बिलकुल झूठ? '",रमानाथ-
2,68,दयानाथ,तुम दस्तूरी नहीं लेते?,named_dash_quote,दयानाथ-'तुम दस्तूरी नहीं लेते? ',दयानाथ-
2,69,रमानाथ,"दस्तूरी रिश्वत नहीं है, सभी लेते हैं और खुल्लम-खुल्ला लेते हैं। लोग बिना मांगे आप-ही-आप देते हैं, मैं किसी से मांगने नहीं जाता।",named_dash_quote,"रमानाथ-'दस्तूरी रिश्वत नहीं है, सभी लेते हैं और खुल्लम-खुल्ला लेते हैं। लोग बिना मांगे आप-ही-आप देते हैं, मैं किसी से मांगने नहीं जाता। ' दयानाथ-'सभी खुल्लम-खुल्ला लेते हैं और लोग बिना मांगे देते हैं, इससे तो रिश्वत की बुराई कम नहीं हो जाती।'",रमानाथ-
2,69,दयानाथ,"सभी खुल्लम-खुल्ला लेते हैं और लोग बिना मांगे देते हैं, इससे तो रिश्वत की बुराई कम नहीं हो जाती।",named_dash_quote,"रमानाथ-'दस्तूरी रिश्वत नहीं है, सभी लेते हैं और खुल्लम-खुल्ला लेते हैं। लोग बिना मांगे आप-ही-आप देते हैं, मैं किसी से मांगने नहीं जाता। ' दयानाथ-'सभी खुल्लम-खुल्ला लेते हैं और लोग बिना मांगे देते हैं, इससे तो रिश्वत की बुराई कम नहीं हो जाती।'",दयानाथ-
2,70,रमानाथ,"दस्तूरी को बंद कर देना मेरे वश की बात नहीं। मैं खुद न लूं, लेकिन चपरासी और मुहर्रिर का हाथ तो नहीं पकड़ सकता आठ-आठ, नौनौ पाने वाले नौकर अगर न लें, तो उनका काम ही नहीं चल सकता मैं खुद न लूं, पर उन्हें नहीं रोक सकता ।",named_dash_quote,"रमानाथ-'दस्तूरी को बंद कर देना मेरे वश की बात नहीं। मैं खुद न लूं, लेकिन चपरासी और मुहर्रिर का हाथ तो नहीं पकड़ सकता आठ-आठ, नौनौ पाने वाले नौकर अगर न लें, तो उनका काम ही नहीं चल सकता मैं खुद न लूं, पर उन्हें नहीं रोक सकता ।' दयानाथ ने उदासीन भाव से कहा-'मैंने समझा दिया, मानने का अख्तियार तुम्हें है।'",रमानाथ-
2,70,दयानाथ,"मैंने समझा दिया, मानने का अख्तियार तुम्हें है।",named_dash_quote,"रमानाथ-'दस्तूरी को बंद कर देना मेरे वश की बात नहीं। मैं खुद न लूं, लेकिन चपरासी और मुहर्रिर का हाथ तो नहीं पकड़ सकता आठ-आठ, नौनौ पाने वाले नौकर अगर न लें, तो उनका काम ही नहीं चल सकता मैं खुद न लूं, पर उन्हें नहीं रोक सकता ।' दयानाथ ने उदासीन भाव से कहा-'मैंने समझा दिया, मानने का अख्तियार तुम्हें है।'",दयानाथ ने उदासीन भाव से कहा-
2,72,रमानाथ,"आज कहां चले गए बेटा, तुम्हारे बाबूजी इसी पर बिगड़ रहे थे।",named_dash_quote,"रमा घर में गया तो माता ने पूछा-'आज कहां चले गए बेटा, तुम्हारे बाबूजी इसी पर बिगड़ रहे थे।'",रमा घर में गया तो माता ने पूछा-
2,73,रमानाथ,"इस पर तो नहीं बिगड़ रहे थे, हां, उपदेश दे रहे थे कि दस्तूरी मत लिया करो। इससे आत्मा दुर्बल होती है और बदनामी होती है।",named_dash_quote,"रमानाथ-'इस पर तो नहीं बिगड़ रहे थे, हां, उपदेश दे रहे थे कि दस्तूरी मत लिया करो। इससे आत्मा दुर्बल होती है और बदनामी होती है।'",रमानाथ-
2,74,जागेश्वरी,"तुमने कहा नहीं, आपने बडी ईमानदारी की तो कौन-से झंडे गाड़ दिए! सारी जिंदगी पेट पालते रहे।",named_dash_quote,"जागेश्वरी-'तुमने कहा नहीं, आपने बडी ईमानदारी की तो कौन-से झंडे गाड़ दिए! सारी जिंदगी पेट पालते रहे।'",जागेश्वरी-
2,75,रमानाथ,"कहना तो चाहता था, पर चिढ़जाते। जैसे आप कौड़ी-कौड़ी को मुहताज रहे, वैसे मुझे भी बनाना चाहते हैं। आपको लेने का शऊर तो है नहीं। जब देखा कि यहां दाल नहीं गलती , तो भगत बन गए। यहां ऐसे घोंघा- बसंत नहीं हैं। बनियों से रूपये ऐंठने के लिए अक्ल चाहिए, दिल्लगी नहीं है! जहां किसी ने भगतपन किया और मैं समझ गया, बुद्धू है। लेने की तमीज नहीं, क्या करे बेचारा। किसी तरह आंसू तो पोंछे।",named_dash_quote,"रमानाथ-'कहना तो चाहता था, पर चिढ़जाते। जैसे आप कौड़ी-कौड़ी को मुहताज रहे, वैसे मुझे भी बनाना चाहते हैं। आपको लेने का शऊर तो है नहीं। जब देखा कि यहां दाल नहीं गलती , तो भगत बन गए। यहां ऐसे घोंघा- बसंत नहीं हैं। बनियों से रूपये ऐंठने के लिए अक्ल चाहिए, दिल्लगी नहीं है! जहां किसी ने भगतपन किया और मैं समझ गया, बुद्धू है। लेने की तमीज नहीं, क्या करे बेचारा। किसी तरह आंसू तो पोंछे।'",रमानाथ-
2,76,जागेश्वरी,"बस-बस यही बात है बेटा, जिसे लेना आवेगा, वह जरूर लेगा। इन्हें तो बस घर में कानून बघारना आता है और किसी के सामने बात तो मुंह से निकलती नहीं। रूपये निकाल लेना तो मुश्किल है।",named_dash_quote,"जागेश्वरी-'बस-बस यही बात है बेटा, जिसे लेना आवेगा, वह जरूर लेगा। इन्हें तो बस घर में कानून बघारना आता है और किसी के सामने बात तो मुंह से निकलती नहीं। रूपये निकाल लेना तो मुश्किल है।' रमा दफ्तर जाते समय ऊपर कपड़े पहनने गया, तो जालपा ने उसे तीन लिफाफे डाक में छोड़ने के लिए दिए। इस वक्त उसने तीनों लिफाफे जेब में डाल लिए, लेकिन रास्ते में उन्हें खोलकर चिट्ठियां पढ़ने लगा। चिट्ठियां क्या थीं, विपत्ति और वेदना का करूण विलाप था, जो उसने अपनी तीनों सहेलियों को सुनाया था। तीनों का विषय एक ही था। केवल भावों का अंतर था,'जिंदगी पहाड़ हो गई है, न रात को नींद आती है न दिन को आराम, पतिदेव को प्रसन्न करने के लिए, कभी-कभी हंस-बोल लेती हूं पर दिल हमेशा रोया करता है। न किसी के घर जाती हूं, न किसी को मुंह दिखाती हूं। ऐसा जान पड़ता है कि यह शोक मेरी जान ही लेकर छोड़ेगा। मुझसे वादे तो रोज किए जाते हैं, रूपये जमा हो रहे हैं, सुनार ठीक किया जा रहा है, डिजाइन तय किया जा रहा है, पर यह सब धोखा है और कुछ नहीं।'",जागेश्वरी-
2,76,जालपा,"जिंदगी पहाड़ हो गई है, न रात को नींद आती है न दिन को आराम, पतिदेव को प्रसन्न करने के लिए, कभी-कभी हंस-बोल लेती हूं पर दिल हमेशा रोया करता है। न किसी के घर जाती हूं, न किसी को मुंह दिखाती हूं। ऐसा जान पड़ता है कि यह शोक मेरी जान ही लेकर छोड़ेगा। मुझसे वादे तो रोज किए जाते हैं, रूपये जमा हो रहे हैं, सुनार ठीक किया जा रहा है, डिजाइन तय किया जा रहा है, पर यह सब धोखा है और कुछ नहीं।",named_comma_quote,"जागेश्वरी-'बस-बस यही बात है बेटा, जिसे लेना आवेगा, वह जरूर लेगा। इन्हें तो बस घर में कानून बघारना आता है और किसी के सामने बात तो मुंह से निकलती नहीं। रूपये निकाल लेना तो मुश्किल है।' रमा दफ्तर जाते समय ऊपर कपड़े पहनने गया, तो जालपा ने उसे तीन लिफाफे डाक में छोड़ने के लिए दिए। इस वक्त उसने तीनों लिफाफे जेब में डाल लिए, लेकिन रास्ते में उन्हें खोलकर चिट्ठियां पढ़ने लगा। चिट्ठियां क्या थीं, विपत्ति और वेदना का करूण विलाप था, जो उसने अपनी तीनों सहेलियों को सुनाया था। तीनों का विषय एक ही था। केवल भावों का अंतर था,'जिंदगी पहाड़ हो गई है, न रात को नींद आती है न दिन को आराम, पतिदेव को प्रसन्न करने के लिए, कभी-कभी हंस-बोल लेती हूं पर दिल हमेशा रोया करता है। न किसी के घर जाती हूं, न किसी को मुंह दिखाती हूं। ऐसा जान पड़ता है कि यह शोक मेरी जान ही लेकर छोड़ेगा। मुझसे वादे तो रोज किए जाते हैं, रूपये जमा हो रहे हैं, सुनार ठीक किया जा रहा है, डिजाइन तय किया जा रहा है, पर यह सब धोखा है और कुछ नहीं।'","रमा दफ्तर जाते समय ऊपर कपड़े पहनने गया, तो जालपा ने उसे तीन लिफाफे डाक में छोड़ने के लिए दिए। इस वक्त उसने तीनों लिफाफे जेब में डाल लिए, लेकिन रास्ते में उन्हें खोलकर चिट्ठियां पढ़ने लगा। चिट्ठियां क्या थीं, विपत्ति और वेदना का करूण विलाप था, जो उसने अपनी तीनों सहेलियों को सुनाया था। तीनों का विषय एक ही था। केवल भावों का अंतर था,"
2,78,जालपा,मेरी चिट्ठियां छोड़ तो नहीं दीं?,named_comma_quote,"जालपा ने उसे देखते ही पूछा, 'मेरी चिट्ठियां छोड़ तो नहीं दीं? '","जालपा ने उसे देखते ही पूछा,"
2,79,रमानाथ,अरे इनकी तो याद ही नहीं रही। जेब में पड़ी रह गई।,named_comma_quote,"रमा ने बहाना किया, 'अरे इनकी तो याद ही नहीं रही। जेब में पड़ी रह गई।'","रमा ने बहाना किया,"
2,80,जालपा,"यह बहुत अच्छा हुआ। लाओ, मुझे दे दो, अब न भेजूंगी।",named_dash_quote,"जालपा-'यह बहुत अच्छा हुआ। लाओ, मुझे दे दो, अब न भेजूंगी।'",जालपा-
2,81,रमानाथ,"क्यों, कल भेज दूंगा।",named_dash_quote,"रमानाथ-'क्यों, कल भेज दूंगा।'",रमानाथ-
2,82,जालपा,"नहीं, अब मुझे भेजना ही नहीं है, कुछ ऐसी बातें लिख गई थी,जो मुझे न लिखना चाहिए थीं। अगर तुमने छोड़ दी होती, तो मुझे दुःख होता। मैंने तुम्हारी निंदा की थी। यह कहकर वह मुस्कराई।",unquoted_dash,"जालपा-'नहीं, अब मुझे भेजना ही नहीं है, कुछ ऐसी बातें लिख गई थी,जो मुझे न लिखना चाहिए थीं। अगर तुमने छोड़ दी होती, तो मुझे दुःख होता। मैंने तुम्हारी निंदा की थी। यह कहकर वह मुस्कराई।",जालपा
2,83,रमानाथ,"जो बुरा है, दगाबाज है, धूर्त है, उसकी निंदा होनी ही चाहिए।",named_dash_quote,"रमानाथ-'जो बुरा है, दगाबाज है, धूर्त है, उसकी निंदा होनी ही चाहिए।'",रमानाथ-
2,84,जालपा,तुमने चिट्ठियां पढ़लीं क्या?,named_dash_quote,जालपा ने व्यग्र होकर पूछा-'तुमने चिट्ठियां पढ़लीं क्या?',जालपा ने व्यग्र होकर पूछा-
2,87,जालपा,"मुझसे बडा भारी अपराध हुआ है। जो चाहे सज़ा दो; पर मुझसे अप्रसन्न मत हो ईश्वर जानते हैं, तुम्हारे जाने के बाद मुझे कितना दुःख हुआ। मेरी कलम से न जाने कैसे ऐसी बातें निकल गई।",named_comma_quote,"आंसुओं के आवेग से जालपा की आवाज़ रूक गई। उसका सिर झुक गया और झुकी हुई आंखों से आंसुओं की बूंदें आंचल पर फिरने लगीं। एक क्षण में उसने स्वर को संभालकर कहा,'मुझसे बडा भारी अपराध हुआ है। जो चाहे सज़ा दो; पर मुझसे अप्रसन्न मत हो ईश्वर जानते हैं, तुम्हारे जाने के बाद मुझे कितना दुःख हुआ। मेरी कलम से न जाने कैसे ऐसी बातें निकल गई।'","आंसुओं के आवेग से जालपा की आवाज़ रूक गई। उसका सिर झुक गया और झुकी हुई आंखों से आंसुओं की बूंदें आंचल पर फिरने लगीं। एक क्षण में उसने स्वर को संभालकर कहा,"
2,89,जालपा,"मैं तुमसे अप्रसन्न नहीं हूं, प्रिये! अप्रसन्न होने की तो कोई बात ही नहीं है। आशा का विलंब ही दुराशा है, क्या मैं इतना नहीं जानता। अगर तुमने मुझे मना न कर दिया होता, तो अब तक मैंने किसी-न-किसी तरह दो-एक चीजें अवश्य ही बनवा दी होतीं। मुझसे भूल यही हुई कि तुमसे सलाह ली। यह तो वैसा ही है जैसे मेहमान को पूछ-पूछकर भोजन दिया जाय। उस वक्त मुझे यह ध्यान न रहा कि संकोच में आदमी इच्छा होने पर भी",named_dash_quote,"रमा जालपा के आंसू पोंछते हुए बोला-'मैं तुमसे अप्रसन्न नहीं हूं, प्रिये! अप्रसन्न होने की तो कोई बात ही नहीं है। आशा का विलंब ही दुराशा है, क्या मैं इतना नहीं जानता। अगर तुमने मुझे मना न कर दिया होता, तो अब तक मैंने किसी-न-किसी तरह दो-एक चीजें अवश्य ही बनवा दी होतीं। मुझसे भूल यही हुई कि तुमसे सलाह ली। यह तो वैसा ही है जैसे मेहमान को पूछ-पूछकर भोजन दिया जाय। उस वक्त मुझे यह ध्यान न रहा कि संकोच में आदमी इच्छा होने पर भी 'नहीं-नहीं' करता है। ईश्वर ने चाहा तो तुम्हें बहुत दिनों तक इंतजार न करना पड़ेगा।'",रमा जालपा के आंसू पोंछते हुए बोला-
2,89,Unknown,करता है। ईश्वर ने चाहा तो तुम्हें बहुत दिनों तक इंतजार न करना पड़ेगा।,unattributed_quote,"रमा जालपा के आंसू पोंछते हुए बोला-'मैं तुमसे अप्रसन्न नहीं हूं, प्रिये! अप्रसन्न होने की तो कोई बात ही नहीं है। आशा का विलंब ही दुराशा है, क्या मैं इतना नहीं जानता। अगर तुमने मुझे मना न कर दिया होता, तो अब तक मैंने किसी-न-किसी तरह दो-एक चीजें अवश्य ही बनवा दी होतीं। मुझसे भूल यही हुई कि तुमसे सलाह ली। यह तो वैसा ही है जैसे मेहमान को पूछ-पूछकर भोजन दिया जाय। उस वक्त मुझे यह ध्यान न रहा कि संकोच में आदमी इच्छा होने पर भी 'नहीं-नहीं' करता है। ईश्वर ने चाहा तो तुम्हें बहुत दिनों तक इंतजार न करना पड़ेगा।'",नहीं-नहीं
2,91,रमानाथ,"हां, उधार लाने में कोई हर्ज नहीं है। जब सूद नहीं देना है, तो जैसे नगद वैसे उधार। ऋण से दुनिया का काम चलता है। कौन ऋण नहीं लेता!हाथ में रूपया आ जाने से अलल्ले-तलल्ले खर्च हो जाते हैं। कर्ज सिर पर सवार रहेगा, तो उसकी चिंता हाथ रोके रहेगी।",named_dash_quote,"रमानाथ-'हां, उधार लाने में कोई हर्ज नहीं है। जब सूद नहीं देना है, तो जैसे नगद वैसे उधार। ऋण से दुनिया का काम चलता है। कौन ऋण नहीं लेता!हाथ में रूपया आ जाने से अलल्ले-तलल्ले खर्च हो जाते हैं। कर्ज सिर पर सवार रहेगा, तो उसकी चिंता हाथ रोके रहेगी।'",रमानाथ-
2,92,जालपा,मैं तुम्हें चिंता में नहीं डालना चाहती। अब मैं भूलकर भी गहनों का नाम न लूंगी।,named_dash_quote,जालपा-'मैं तुम्हें चिंता में नहीं डालना चाहती। अब मैं भूलकर भी गहनों का नाम न लूंगी।',जालपा-
2,93,रमानाथ,"नाम तो तुमने कभी नहीं लिया, लेकिन तुम्हारे नाम न लेने से मेरे कर्तव्य का अंत तो नहीं हो जाता। तुम कर्ज से व्यर्थ इतना डरती हो रूपये जमा होने के इंतजार में बैठा रहूंगा, तो शायद कभी न जमा होंगे। इसी तरह लेतेदेते साल में तीन-चार चीज़ें बन जाएंगी।",named_dash_quote,"रमानाथ-'नाम तो तुमने कभी नहीं लिया, लेकिन तुम्हारे नाम न लेने से मेरे कर्तव्य का अंत तो नहीं हो जाता। तुम कर्ज से व्यर्थ इतना डरती हो रूपये जमा होने के इंतजार में बैठा रहूंगा, तो शायद कभी न जमा होंगे। इसी तरह लेतेदेते साल में तीन-चार चीज़ें बन जाएंगी।'",रमानाथ-
2,94,जालपा,मगर पहले कोई छोटी-सी चीज़ लाना।,named_dash_quote,जालपा-'मगर पहले कोई छोटी-सी चीज़ लाना।',जालपा-
2,95,रमानाथ,"हां, ऐसा तो करूंगा ही।",named_dash_quote,"रमानाथ-'हां, ऐसा तो करूंगा ही।'",रमानाथ-
2,97,गंगू,"आइए बाबूजी, ऊपर आइए। बडी दया की। मुनीमजी, आपके वास्ते पान मंगवाओ। क्या हुक्म है बाबूजी, आप तो जैसे मुझसे नाराज हैं। कभी आते ही नहीं, गरीबों पर भी कभी-कभी दया किया कीजिए।",named_comma_quote,"सर्राफे में गंगू की दुकान मशहूर थी। गंगू था तो ब्राह्मण, पर बडा ही व्यापारकुशल! उसकी दुकान पर नित्य गाहकों का मेला लगा रहता था। उसकी कर्मनिष्ठा गाहकों में विश्वास पैदा करती थी। और दुकानों पर ठगे जाने का भय था। यहां किसी तरह का धोखा न था। गंगू ने रमा को देखते ही मुस्कराकर कहा, 'आइए बाबूजी, ऊपर आइए। बडी दया की। मुनीमजी, आपके वास्ते पान मंगवाओ। क्या हुक्म है बाबूजी, आप तो जैसे मुझसे नाराज हैं। कभी आते ही नहीं, गरीबों पर भी कभी-कभी दया किया कीजिए।'","सर्राफे में गंगू की दुकान मशहूर थी। गंगू था तो ब्राह्मण, पर बडा ही व्यापारकुशल! उसकी दुकान पर नित्य गाहकों का मेला लगा रहता था। उसकी कर्मनिष्ठा गाहकों में विश्वास पैदा करती थी। और दुकानों पर ठगे जाने का भय था। यहां किसी तरह का धोखा न था। गंगू ने रमा को देखते ही मुस्कराकर कहा,"
2,99,गंगू,"यह आप क्या कहते हैं सरकार, आपकी दुकान है, जो चीज़ चाहिए ले जाइए, दाम आगे-पीछे मिलते रहेंगे। हम लोग आदमी पहचानते हैं बाबू साहब, ऐसी बात नहीं है। धान्य भाग कि आप हमारी दुकान पर आए तो। दिखाऊं कोई जडाऊ चीज़? कोई कंगन, कोई हार- अभी हाल ही में दिल्ली से माल आया है।",named_dash_quote,"गंगू-'यह आप क्या कहते हैं सरकार, आपकी दुकान है, जो चीज़ चाहिए ले जाइए, दाम आगे-पीछे मिलते रहेंगे। हम लोग आदमी पहचानते हैं बाबू साहब, ऐसी बात नहीं है। धान्य भाग कि आप हमारी दुकान पर आए तो। दिखाऊं कोई जडाऊ चीज़? कोई कंगन, कोई हार- अभी हाल ही में दिल्ली से माल आया है।'",गंगू-
2,100,रमानाथ,कोई हलके दामों का हार दिखाइए।,named_dash_quote,रमानाथ-'कोई हलके दामों का हार दिखाइए।',रमानाथ-
2,101,गंगू,यही कोई सात-आठ सौ तक?,named_dash_quote,गंगू-'यही कोई सात-आठ सौ तक?',गंगू-
2,102,रमानाथ,"अजी नहीं, हद चार सौ तक।",named_dash_quote,"रमानाथ-'अजी नहीं, हद चार सौ तक।'",रमानाथ-
2,103,गंगू,"मैं आपको दोनों दिखाए देता हूं। जो पसंद आवें, ले लीजिएगा। हमारे यहां किसी तरह का दफल-गसल नहीं बाबू साहब! इसकी आप ज़रा भी चिंता न करें। पांच बरस का लड़का हो या सौ बरस का बूढ़ा, सबके साथ एक बात रखते हैं। मालिक को भी एक दिन मुंह दिखाना है, बाबू!",named_dash_quote,"गंगू-'मैं आपको दोनों दिखाए देता हूं। जो पसंद आवें, ले लीजिएगा। हमारे यहां किसी तरह का दफल-गसल नहीं बाबू साहब! इसकी आप ज़रा भी चिंता न करें। पांच बरस का लड़का हो या सौ बरस का बूढ़ा, सबके साथ एक बात रखते हैं। मालिक को भी एक दिन मुंह दिखाना है, बाबू!'",गंगू-
2,104,जालपा,"आपके लायक तो बाबूजी यही चीज़ है, अंधेरे घर में रख दीजिए, तो उजाला हो जाय।",named_dash_quote,"संदूक सामने आया, गंगू ने हार निकाल-निकालकर दिखाने शुरू किए। रमा की आंखें खुल गई, जी लोट-पोट हो गया। क्या सगाई थी! नगीनों की कितनी सुंदर सजावट! कैसी आब-ताब! उनकी चमक दीपक को मात करती थी। रमा ने सोच रखा था सौ रूपये से ज्यादा उधार न लगाऊंगा, लेकिन चार सौ वाला हार आंखों में कुछ जंचता न था। और जेब में द्दः तीन सौ रूपये थे। सोचा, अगर यह हार ले गया और जालपा ने पसंद न किया, तो फायदा ही क्या? ऐसी चीज़ ले जाऊं कि वह देखते ही भड़क उठे। यह जडाऊ हार उसकी गर्दन में कितनी शोभा देगा। वह हार एक सहस्र मणि-रंजित नजरों से उसके मन को खींचने लगा। वह अभिभूत होकर उसकी ओर ताक रहा था, पर मुंह से कुछ कहने का साहस न होता था। कहीं गंगू ने तीन सौ रूपये उधार लगाने से इंकार कर दिया, तो उसे कितना लज्जित होना पड़ेगा। गंगू ने उसके मन का संशय ताड़कर कहा, 'आपके लायक तो बाबूजी यही चीज़ है, अंधेरे घर में रख दीजिए, तो उजाला हो जाय।'","संदूक सामने आया, गंगू ने हार निकाल-निकालकर दिखाने शुरू किए। रमा की आंखें खुल गई, जी लोट-पोट हो गया। क्या सगाई थी! नगीनों की कितनी सुंदर सजावट! कैसी आब-ताब! उनकी चमक दीपक को मात करती थी। रमा ने सोच रखा था सौ रूपये से ज्यादा उधार न लगाऊंगा, लेकिन चार सौ वाला हार आंखों में कुछ जंचता न था। और जेब में द्दः तीन सौ रूपये थे। सोचा, अगर यह हार ले गया और जालपा ने पसंद न किया, तो फायदा ही क्या? ऐसी चीज़ ले जाऊं कि वह देखते ही भड़क उठे। यह जडाऊ हार उसकी गर्दन में कितनी शोभा देगा। वह हार एक सहस्र मणि-रंजित नजरों से उसके मन को खींचने लगा। वह अभिभूत होकर उसकी ओर ताक रहा था, पर मुंह से कुछ कहने का साहस न होता था। कहीं गंगू ने तीन सौ रूपये उधार लगाने से इंकार कर दिया, तो उसे कितना लज्जित होना पड़ेगा। गंगू ने उसके मन का संशय ताड़कर कहा,"
2,105,रमानाथ,"पसंद तो मुझे भी यही है, लेकिन मेरे पास कुल तीन सौ रूपये हैं, यह समझ लीजिए।",unquoted_dash,"रमानाथ-'पसंद तो मुझे भी यही है, लेकिन मेरे पास कुल तीन सौ रूपये हैं, यह समझ लीजिए।",रमानाथ
2,106,गंगू,"बाबू साहब, रूपये का तो ज़िक्र ही न कीजिए। कहिए दस हज़ार का माल साथ भेज दूं। दुकान आपकी है, भला कोई बात है? हुक्म हो, तो एक-आधा चीज़ और दिखाऊं? एक शीशफूल अभी बनकर आया है, बस यही मालूम होता है, गुलाब का फल खिला हुआ है। देखकर जी खुश हो जाएगा। मुनीमजी, ज़रा वह शीशफूल दिखाना तो। और दाम का भी कुछ ऐसा भारी नहीं, आपको ढाई सौ में दे दूंगा।",named_comma_quote,"शर्म से रमा के मुंह पर लाली छा गई। वह धड़कते हुए ह्रदय से गंगू का मुंह देखने लगा।गंगू ने निष्कपट भाव से कहा, 'बाबू साहब, रूपये का तो ज़िक्र ही न कीजिए। कहिए दस हज़ार का माल साथ भेज दूं। दुकान आपकी है, भला कोई बात है? हुक्म हो, तो एक-आधा चीज़ और दिखाऊं? एक शीशफूल अभी बनकर आया है, बस यही मालूम होता है, गुलाब का फल खिला हुआ है। देखकर जी खुश हो जाएगा। मुनीमजी, ज़रा वह शीशफूल दिखाना तो। और दाम का भी कुछ ऐसा भारी नहीं, आपको ढाई सौ में दे दूंगा।'","शर्म से रमा के मुंह पर लाली छा गई। वह धड़कते हुए ह्रदय से गंगू का मुंह देखने लगा।गंगू ने निष्कपट भाव से कहा,"
2,107,रमानाथ,"महाराज, बहुत बातें बनाकर कहीं उल्टे छुरे से न मूंड़ लेना, गहनों के मामले में बिलकुल अनाड़ी हूं।",named_comma_quote,"रमा ने मुस्कराकर कहा, 'महाराज, बहुत बातें बनाकर कहीं उल्टे छुरे से न मूंड़ लेना, गहनों के मामले में बिलकुल अनाड़ी हूं। ' गंगू-'ऐसा न कहो बाबूजी, आप चीज़ ले जाइए, बाज़ार में दिखा लीजिए, अगर कोई। ढाई सौ से कौड़ी कम में दे दे, तो मैं मुफ्त दे दूंगा। शीशफूल आया, सचमुच गुलाब का फूल था, जिस पर हीरे की कलियां ओस की बूंदों के समान चमक रही थीं। रमा की टकटकी बंध गई, मानो कोई अलौकिक वस्तु सामने आ गई हो ।","रमा ने मुस्कराकर कहा,"
2,108,गंगू,"बाबूजी, ढाई सौ रूपये तो कारीगर की सगाई के इनाम हैं। यह एक चीज़ है।",named_dash_quote,"गंगू-'बाबूजी, ढाई सौ रूपये तो कारीगर की सगाई के इनाम हैं। यह एक चीज़ है।'",गंगू-
2,109,रमानाथ,"हां, है तो सुंदर, मगर भाई ऐसा न हो, कि कल ही से दाम का तकाजा करने लगो। मैं खुद ही जहां तक हो सकेगा, जल्दी दे दूंगा।",named_dash_quote,"रमानाथ-'हां, है तो सुंदर, मगर भाई ऐसा न हो, कि कल ही से दाम का तकाजा करने लगो। मैं खुद ही जहां तक हो सकेगा, जल्दी दे दूंगा।'",रमानाथ-
2,110,गंगू,इस वक्त कहां गए थे?,named_dash_quote,"गंगू ने दोनों चीजें दो सुंदर मखमली केसों में रखकर रमा को दे दीं। फिर मुनीमजी से नाम टंकवाया और पान खिलाकर विदा किया। रमा के मनोल्लास की इस समय सीमा न थी, किंतु यह विशुद्ध उल्लास न था, इसमें एक शंका का भी समावेश था। यह उस बालक का आनंद न था जिसने माता से पैसे मांगकर मिठाई ली हो; बल्कि उस बालक का, जिसने पैसे चुराकर ली हो, उसे मिठाइयां मीठी तो लगती हैं, पर दिल कांपता रहता है कि कहीं घर चलने पर मार न पड़ने लगे। साढ़े छः सौ रूपये चुका देने की तो उसे विशेष चिंता न थी, घात लग जाय तो वह छः महीने में चुका देगा। भय यही था कि बाबूजी सुनेंगे तो जरूर नाराज़ होंगे, लेकिन ज्यों-ज्यों आगे बढ़ता था, जालपा को इन आभूषणों से सुशोभित देखने की उत्कंठा इस शंका पर विजय पाती थी। घर पहुंचने की जल्दी में उसने सड़क छोड़ दी, और एक गली में घुस गया। सघन अंधेरा छाया हुआ था। बादल तो उसी वक्त छाए हुए थे, जब वह घर से चला था। गली में घुसा ही था, कि पानी की बूंद सिर पर छर्रे की तरह पड़ी। जब तक छतरी खोले, वह लथपथ हो चुका था। उसे शंका हुई, इस अंधकारमें कोई आकर दोनों चीज़ें छीन न ले, पानी की झरझर में कोई आवाज़ भी न सुने। अंधेरी गलियों में खून तक हो जाते हैं। पछताने लगा, नाहक इधर से आया। दो-चार मिनट देर ही में पहुंचता, तो ऐसी कौन-सी आफत आ जाती। असामयिक वृष्टि ने उसकी आनंद-कल्पनाओं में बाधा डाल दी। किसी तरह गली का अंत हुआ और सड़क मिली। लालटेनें दिखाई दीं। प्रकाश कितनी विश्वास उत्पन्न करने वाली शक्ति है, आज इसका उसे यथार्थ अनुभव हुआ। वह घर पहुंचा तो दयानाथ बैठे हुक्का पी रहे थे। वह उस कमरे में न गया। उनकी आंख बचाकर अंदर जाना चाहता था कि उन्होंने टोका, 'इस वक्त कहां गए थे?'","गंगू ने दोनों चीजें दो सुंदर मखमली केसों में रखकर रमा को दे दीं। फिर मुनीमजी से नाम टंकवाया और पान खिलाकर विदा किया। रमा के मनोल्लास की इस समय सीमा न थी, किंतु यह विशुद्ध उल्लास न था, इसमें एक शंका का भी समावेश था। यह उस बालक का आनंद न था जिसने माता से पैसे मांगकर मिठाई ली हो; बल्कि उस बालक का, जिसने पैसे चुराकर ली हो, उसे मिठाइयां मीठी तो लगती हैं, पर दिल कांपता रहता है कि कहीं घर चलने पर मार न पड़ने लगे। साढ़े छः सौ रूपये चुका देने की तो उसे विशेष चिंता न थी, घात लग जाय तो वह छः महीने में चुका देगा। भय यही था कि बाबूजी सुनेंगे तो जरूर नाराज़ होंगे, लेकिन ज्यों-ज्यों आगे बढ़ता था, जालपा को इन आभूषणों से सुशोभित देखने की उत्कंठा इस शंका पर विजय पाती थी। घर पहुंचने की जल्दी में उसने सड़क छोड़ दी, और एक गली में घुस गया। सघन अंधेरा छाया हुआ था। बादल तो उसी वक्त छाए हुए थे, जब वह घर से चला था। गली में घुसा ही था, कि पानी की बूंद सिर पर छर्रे की तरह पड़ी। जब तक छतरी खोले, वह लथपथ हो चुका था। उसे शंका हुई, इस अंधकारमें कोई आकर दोनों चीज़ें छीन न ले, पानी की झरझर में कोई आवाज़ भी न सुने। अंधेरी गलियों में खून तक हो जाते हैं। पछताने लगा, नाहक इधर से आया। दो-चार मिनट देर ही में पहुंचता, तो ऐसी कौन-सी आफत आ जाती। असामयिक वृष्टि ने उसकी आनंद-कल्पनाओं में बाधा डाल दी। किसी तरह गली का अंत हुआ और सड़क मिली। लालटेनें दिखाई दीं। प्रकाश कितनी विश्वास उत्पन्न करने वाली शक्ति है, आज इसका उसे यथार्थ अनुभव हुआ। वह घर पहुंचा तो दयानाथ बैठे हुक्का पी रहे थे। वह उस कमरे में न गया। उनकी आंख बचाकर अंदर जाना चाहता था कि उन्होंने टोका,"
2,111,रमानाथ,तुम तो बिलकुल भीग गए। कहीं ठहर क्यों न गए।,named_comma_quote,"रमा ने उन्हें कुछ जवाब न दिया। कहीं वह अख़बार सुनाने लगे, तो घंटों की खबर लेंगे। सीधा अंदर जा पहुंचा। जालपा द्वार पर खड़ी उसकी राह देख रही थी, तुरंत उसके हाथ से छतरी ले ली और बोली, 'तुम तो बिलकुल भीग गए। कहीं ठहर क्यों न गए।'","रमा ने उन्हें कुछ जवाब न दिया। कहीं वह अख़बार सुनाने लगे, तो घंटों की खबर लेंगे। सीधा अंदर जा पहुंचा। जालपा द्वार पर खड़ी उसकी राह देख रही थी, तुरंत उसके हाथ से छतरी ले ली और बोली,"
2,112,रमानाथ,"पानी का क्या ठिकाना, रात-भर बरसता रहे।",named_dash_quote,"रमानाथ-'पानी का क्या ठिकाना, रात-भर बरसता रहे।'",रमानाथ-
2,113,जालपा,"आज सर्राफे का जाना तो व्यर्थ ही गया। हार कहीं तैयार ही न था। बनाने को कह आया हूं। जालपा की उत्साह से चमकती हुई मुख-छवि मलिन पड़ गई, बोली,",named_comma_quote,"यह कहता हुआ रमा ऊपर चला गया। उसने समझा था, जालपा भी पीछेपीछे आती होगी, पर वह नीचे बैठी अपने देवरों से बातें कर रही थी, मानो उसे गहनों की याद ही नहीं है। जैसे वह बिलकुल भूल गई है कि रमा सर्राफे से आया है। रमा ने कपड़े बदले और मन में झुंझलाता हुआ नीचे चला आया। उसी समय दयानाथ भोजन करने आ गए। सब लोग भोजन करने बैठ गए। जालपा ने ज़ब्त तो किया था, पर इस उत्कंठा की दशा में आज उससे कुछ खाया न गया। जब वह ऊपर पहुंची, तो रमा चारपाई पर लेटा हुआ था। उसे देखते ही कौतुक से बोला, 'आज सर्राफे का जाना तो व्यर्थ ही गया। हार कहीं तैयार ही न था। बनाने को कह आया हूं। जालपा की उत्साह से चमकती हुई मुख-छवि मलिन पड़ गई, बोली, 'वह तो पहले ही जानती थी। बनते-बनते पांच-छः महीने तो लग ही जाएंगे।'","यह कहता हुआ रमा ऊपर चला गया। उसने समझा था, जालपा भी पीछेपीछे आती होगी, पर वह नीचे बैठी अपने देवरों से बातें कर रही थी, मानो उसे गहनों की याद ही नहीं है। जैसे वह बिलकुल भूल गई है कि रमा सर्राफे से आया है। रमा ने कपड़े बदले और मन में झुंझलाता हुआ नीचे चला आया। उसी समय दयानाथ भोजन करने आ गए। सब लोग भोजन करने बैठ गए। जालपा ने ज़ब्त तो किया था, पर इस उत्कंठा की दशा में आज उससे कुछ खाया न गया। जब वह ऊपर पहुंची, तो रमा चारपाई पर लेटा हुआ था। उसे देखते ही कौतुक से बोला,"
2,114,रमानाथ,"नहीं जी, बहुत जल्द बना देगा, कसम खा रहा था।",named_dash_quote,"रमानाथ-'नहीं जी, बहुत जल्द बना देगा, कसम खा रहा था।'",रमानाथ-
2,115,जालपा,"ऊह, जब चाहे दे!",named_dash_quote,"जालपा-'ऊह, जब चाहे दे! '",जालपा-
2,117,रमानाथ,कैसा चकमा दिया?,named_dash_quote,रमानाथ-' कैसा चकमा दिया?',रमानाथ-
2,118,जालपा,"यह तो मरदों की आदत ही है, तुमने नई बात क्या की?",named_dash_quote,"जालपा-'यह तो मरदों की आदत ही है, तुमने नई बात क्या की?'",जालपा-
2,119,जालपा,"तुम्हें आशीर्वाद देती हूं, ईश्वर तुम्हारी सारी मनोकामनाएं पूरी करे।",named_dash_quote,"जालपा दोनों आभूषणों को देखकर निहाल हो गई। ह्रदय में आनंद की लहरें-सी उठने लगीं। वह मनोभावों को छिपाना चाहती थी कि रमा उसे ओछी न समझे, लेकिन एक-एक अंग खिल जाता था। मुस्कराती हुई आंखें, दमकते हुए कपोल और खिले हुए अधर उसका भरम गंवाए देते थे। उसने हार गले में पहना, शीशफल जूड़े में सजाया और हर्ष से उन्मत्त होकर बोली, 'तुम्हें आशीर्वाद देती हूं, ईश्वर तुम्हारी सारी मनोकामनाएं पूरी करे।' आज जालपा की वह अभिलाषा पूरी हुई, जो बचपन ही से उसकी कल्पनाओं का एक स्वप्न, उसकी आशाओं का क्रीडास्थल बनी हुई थी। आज उसकी वह साध पूरी हो गई। यदि मानकी यहां होती, तो वह सबसे पहले यह हार उसे दिखाती और कहती, 'तुम्हारा हार तुम्हें मुबारक हो! '","जालपा दोनों आभूषणों को देखकर निहाल हो गई। ह्रदय में आनंद की लहरें-सी उठने लगीं। वह मनोभावों को छिपाना चाहती थी कि रमा उसे ओछी न समझे, लेकिन एक-एक अंग खिल जाता था। मुस्कराती हुई आंखें, दमकते हुए कपोल और खिले हुए अधर उसका भरम गंवाए देते थे। उसने हार गले में पहना, शीशफल जूड़े में सजाया और हर्ष से उन्मत्त होकर बोली,"
2,119,जालपा,तुम्हारा हार तुम्हें मुबारक हो!,named_comma_quote,"जालपा दोनों आभूषणों को देखकर निहाल हो गई। ह्रदय में आनंद की लहरें-सी उठने लगीं। वह मनोभावों को छिपाना चाहती थी कि रमा उसे ओछी न समझे, लेकिन एक-एक अंग खिल जाता था। मुस्कराती हुई आंखें, दमकते हुए कपोल और खिले हुए अधर उसका भरम गंवाए देते थे। उसने हार गले में पहना, शीशफल जूड़े में सजाया और हर्ष से उन्मत्त होकर बोली, 'तुम्हें आशीर्वाद देती हूं, ईश्वर तुम्हारी सारी मनोकामनाएं पूरी करे।' आज जालपा की वह अभिलाषा पूरी हुई, जो बचपन ही से उसकी कल्पनाओं का एक स्वप्न, उसकी आशाओं का क्रीडास्थल बनी हुई थी। आज उसकी वह साध पूरी हो गई। यदि मानकी यहां होती, तो वह सबसे पहले यह हार उसे दिखाती और कहती, 'तुम्हारा हार तुम्हें मुबारक हो! '","आज जालपा की वह अभिलाषा पूरी हुई, जो बचपन ही से उसकी कल्पनाओं का एक स्वप्न, उसकी आशाओं का क्रीडास्थल बनी हुई थी। आज उसकी वह साध पूरी हो गई। यदि मानकी यहां होती, तो वह सबसे पहले यह हार उसे दिखाती और कहती,"
2,122,जालपा,अब मैं तुमसे साल-भर तक और किसी चीज़ के लिए न कहूंगी। इसके रूपये देकर ही मेरे दिल का बोझ हल्का होगा।,named_dash_quote,जालपा-'अब मैं तुमसे साल-भर तक और किसी चीज़ के लिए न कहूंगी। इसके रूपये देकर ही मेरे दिल का बोझ हल्का होगा।',जालपा-
2,123,रमानाथ,रूपये की क्या चिंता! हैं ही कितने!,named_comma_quote,"रमा गर्व से बोला, 'रूपये की क्या चिंता! हैं ही कितने! '","रमा गर्व से बोला,"
2,124,जालपा,"ज़रा अम्मांजी को दिखा आऊं, देखें क्या कहती हैं!",named_dash_quote,"जालपा-'ज़रा अम्मांजी को दिखा आऊं, देखें क्या कहती हैं! '",जालपा-
2,125,रमानाथ,"मगर यह न कहना, उधार लाए हैं।",named_dash_quote,"रमानाथ-'मगर यह न कहना, उधार लाए हैं।'",रमानाथ-
2,128,जालपा,"स्नेह में सेवा-भाव का उदय हुआ। वह स्नान करने जाता, तो उसे अपनी धोती चुनी हुई मिलती। आले पर तेल और साबुन भी रक्खा हुआ पाता। जब दफ्तर जाने लगता, तो जालपा उसके कपड़े लाकर सामने रख देती। पहले पान मांगने पर मिलते थे, अब ज़बरदस्ती खिलाए जाते थे। जालपा उसका रूख देखा करती। उसे कुछ कहने की जरूरत न थी। यहां तक कि जब वह भोजन करने बैठता, तो वह पंखा झला करती। पहले वह बडी अनिच्छा से भोजन बनाने जाती थी और उस पर भी बेगार-सी टालती थी। अब बडे प्रेम से रसोई में जाती। चीजें अब भी वही बनती थीं, पर उनका स्वाद बढ़गया था। रमा को इस मधुर स्नेह के सामने वह दो गहने बहुत ही तुच्छ जंचते थे।",unquoted_dash,"उस दिन से जालपा के पति-स्नेह में सेवा-भाव का उदय हुआ। वह स्नान करने जाता, तो उसे अपनी धोती चुनी हुई मिलती। आले पर तेल और साबुन भी रक्खा हुआ पाता। जब दफ्तर जाने लगता, तो जालपा उसके कपड़े लाकर सामने रख देती। पहले पान मांगने पर मिलते थे, अब ज़बरदस्ती खिलाए जाते थे। जालपा उसका रूख देखा करती। उसे कुछ कहने की जरूरत न थी। यहां तक कि जब वह भोजन करने बैठता, तो वह पंखा झला करती। पहले वह बडी अनिच्छा से भोजन बनाने जाती थी और उस पर भी बेगार-सी टालती थी। अब बडे प्रेम से रसोई में जाती। चीजें अब भी वही बनती थीं, पर उनका स्वाद बढ़गया था। रमा को इस मधुर स्नेह के सामने वह दो गहने बहुत ही तुच्छ जंचते थे।",उस दिन से जालपा के पति
2,129,रमानाथ,"आइए बाबूजी, पान तो खाते जाइए। दो-एक चीज़ें हमारी दुकान से तो देखिए।",named_dash_quote,"उधर जिस दिन रमा ने गंगू की दुकान से गहने ख़रीदे, उसी दिन दूसरे सर्राफों को भी उसके आभूषण-प्रेम की सूचना मिल गई। रमा जब उधर से निकलता, तो दोनों तरफ से दुकानदार उठ-उठकर उसे सलाम करते, 'आइए बाबूजी, पान तो खाते जाइए। दो-एक चीज़ें हमारी दुकान से तो देखिए।'","उधर जिस दिन रमा ने गंगू की दुकान से गहने ख़रीदे, उसी दिन दूसरे सर्राफों को भी उसके आभूषण-प्रेम की सूचना मिल गई। रमा जब उधर से निकलता, तो दोनों तरफ से दुकानदार उठ-उठकर उसे सलाम करते,"
2,130,रमानाथ,"संयम उसकी साख को और भी बढ़ाता था। यहां तक कि एक दिन एक दलाल रमा के घर पर आ पहुंचा, और उसके नहीं-नहीं करने पर भी अपनी संदूकची खोल ही दी।",unquoted_dash,"रमा का आत्म-संयम उसकी साख को और भी बढ़ाता था। यहां तक कि एक दिन एक दलाल रमा के घर पर आ पहुंचा, और उसके नहीं-नहीं करने पर भी अपनी संदूकची खोल ही दी।",रमा का आत्म
2,131,रमानाथ,"भाई, इस वक्त मुझे कुछ नहीं लेना है। क्यों अपना और मेरा समय नष्ट करोगे। दलाल ने बडे विनीत भाव से कहा,",named_comma_quote,"रमा ने उससे पीछा छुडाने के लिए कहा, 'भाई, इस वक्त मुझे कुछ नहीं लेना है। क्यों अपना और मेरा समय नष्ट करोगे। दलाल ने बडे विनीत भाव से कहा, 'बाबूजी, देख तो लीजिए। पसंद आए तो लीजिएगा, नहीं तो न लीजिएगा। देख लेने में तो कोई हर्ज नहीं है। आखिर रईसों के पास न जायं, तो किसके पास जायं। औरों ने आपसे गहरी रकमें मारीं, हमारे भाग्य में भी बदा होगा, तो आपसे चार पैसा पा जाएंगे। बहूजी और माईजी को दिखा लीजिए! मेरा मन तो कहता है कि आज आप ही के हाथों बोहनी होगी।'","रमा ने उससे पीछा छुडाने के लिए कहा,"
2,132,रमानाथ,"औरतों के पसंद की न कहो, चीज़ें अच्छी होंगी ही। पसंद आते क्या देर लगती है, लेकिन भाई, इस वक्त हाथ ख़ाली है।",named_dash_quote,"रमानाथ-'औरतों के पसंद की न कहो, चीज़ें अच्छी होंगी ही। पसंद आते क्या देर लगती है, लेकिन भाई, इस वक्त हाथ ख़ाली है।'",रमानाथ-
2,133,Unknown,"बाबूजी, बस ऐसी बात कह देते हैं कि वाह! आपका हुक्म हो जाय तो हज़ार-पांच सौ आपके ऊपर निछावर कर दें। हम लोग आदमी का मिज़ाज देखते हैं, बाबूजी! भगवान् ने चाहा तो आज मैं सौदा करके ही उठूंगा।",unattributed_quote,"दलाल हंसकर बोला, 'बाबूजी, बस ऐसी बात कह देते हैं कि वाह! आपका हुक्म हो जाय तो हज़ार-पांच सौ आपके ऊपर निछावर कर दें। हम लोग आदमी का मिज़ाज देखते हैं, बाबूजी! भगवान् ने चाहा तो आज मैं सौदा करके ही उठूंगा।'","दलाल हंसकर बोला,"
2,135,जालपा,मुझे तो उन पुरानी चीज़ों को देखकर कै आने लगती है। न जाने उन दिनों औरतें कैसे पहनती थीं।,named_dash_quote,जालपा-'मुझे तो उन पुरानी चीज़ों को देखकर कै आने लगती है। न जाने उन दिनों औरतें कैसे पहनती थीं।',जालपा-
2,136,रमानाथ,तो दोनों चीज़ें पसंद हैं न?,named_comma_quote,"रमा ने मुस्कराकर कहा,'तो दोनों चीज़ें पसंद हैं न?'","रमा ने मुस्कराकर कहा,"
2,137,जालपा,"पसंद क्यों नहीं हैं, अम्मांजी, तुम ले लो।",named_dash_quote,"जालपा-'पसंद क्यों नहीं हैं, अम्मांजी, तुम ले लो।'",जालपा-
2,138,जागेश्वरी,"मैं लेकर क्या करूंगी बेटी, मेरे पहनने-ओढ़ने के दिन तो निकल गए। कौन लाया है बेटा? क्या दाम हैं इनके?",named_dash_quote,"जागेश्वरी ने अपनी मनोव्यथा छिपाने के लिए सिर झुका लिया। जिसका सारा जीवन ग!हस्थी की चिंताओं में कट गया, वह आज क्या स्वप्न में भी इन गहनों के पहनने की आशा कर सकती थी! आह! उस दुखिया के जीवन की कोई साध ही न पूरी हुई। पति की आय ही कभी इतनी न हुई कि बाल-बच्चों के पालन-पोषण के उपरांत कुछ बचता। जब से घर की स्वामिनी हुई, तभी से मानो उसकी तपश्चर्या का आरंभ हुआ और सारी लालसाएं एक-एक करके धूल में मिल गई। उसने उन आभूषणों की ओर से आंखें हटा लीं। उनमें इतना आकर्षण था कि उनकी ओर ताकते हुए वह डरती थी। कहीं उसकी विरक्ति का परदा न खुल जाय। बोली,'मैं लेकर क्या करूंगी बेटी, मेरे पहनने-ओढ़ने के दिन तो निकल गए। कौन लाया है बेटा? क्या दाम हैं इनके?'","जागेश्वरी ने अपनी मनोव्यथा छिपाने के लिए सिर झुका लिया। जिसका सारा जीवन ग!हस्थी की चिंताओं में कट गया, वह आज क्या स्वप्न में भी इन गहनों के पहनने की आशा कर सकती थी! आह! उस दुखिया के जीवन की कोई साध ही न पूरी हुई। पति की आय ही कभी इतनी न हुई कि बाल-बच्चों के पालन-पोषण के उपरांत कुछ बचता। जब से घर की स्वामिनी हुई, तभी से मानो उसकी तपश्चर्या का आरंभ हुआ और सारी लालसाएं एक-एक करके धूल में मिल गई। उसने उन आभूषणों की ओर से आंखें हटा लीं। उनमें इतना आकर्षण था कि उनकी ओर ताकते हुए वह डरती थी। कहीं उसकी विरक्ति का परदा न खुल जाय। बोली,"
2,139,रमानाथ,"एक सर्राफ दिखाने लाया है, अभी दाम-आम नहीं पूछे, मगर ऊंचे दाम होंगे। लेना तो था ही नहीं, दाम पूछकर क्या करता ?",named_dash_quote,"रमानाथ-'एक सर्राफ दिखाने लाया है, अभी दाम-आम नहीं पूछे, मगर ऊंचे दाम होंगे। लेना तो था ही नहीं, दाम पूछकर क्या करता ?'",रमानाथ-
2,140,जालपा,"लेना ही नहीं था, तो यहां लाए क्यों?",named_dash_quote,"जालपा-'लेना ही नहीं था, तो यहां लाए क्यों?'",जालपा-
2,142,जालपा,अम्मां लेने ही नहीं कहतीं तो लेकर क्या करोगे- क्या मुफ्त में दे रहा है?,named_dash_quote,जालपा-'अम्मां लेने ही नहीं कहतीं तो लेकर क्या करोगे- क्या मुफ्त में दे रहा है?',जालपा-
2,143,रमानाथ,समझ लो मुफ्त ही मिलते हैं।,named_dash_quote,रमानाथ-'समझ लो मुफ्त ही मिलते हैं।',रमानाथ-
2,144,जालपा,"सुनती हो अम्मांजी, इनकी बातें। आप जाकर लौटा आइए। जब हाथ में रूपये होंगे, तो बहुत गहने मिलेंगे।",named_dash_quote,"जालपा-'सुनती हो अम्मांजी, इनकी बातें। आप जाकर लौटा आइए। जब हाथ में रूपये होंगे, तो बहुत गहने मिलेंगे।'",जालपा-
2,145,जागेश्वरी,रूपये अभी तो नहीं मांगता?,named_comma_quote,"जागेश्वरी ने मोहासक्त स्वर में कहा,'रूपये अभी तो नहीं मांगता?'","जागेश्वरी ने मोहासक्त स्वर में कहा,"
2,146,जालपा,"उधार भी देगा, तो सूद तो लगा ही लेगा?",named_dash_quote,"जालपा-'उधार भी देगा, तो सूद तो लगा ही लेगा?'",जालपा-
2,147,रमानाथ,"तो लौटा दूं- एक बात चटपट तय कर डालो। लेना हो, ले लो, न लेना हो, तो लौटा दो। मोह और दुविधा में न पड़ो…",named_dash_quote,"रमानाथ-'तो लौटा दूं- एक बात चटपट तय कर डालो। लेना हो, ले लो, न लेना हो, तो लौटा दो। मोह और दुविधा में न पड़ो…'",रमानाथ-
2,148,जागेश्वरी,लौटा दो। रात-दिन के तकाज़े कौन सहेगा।,named_comma_quote,"जालपा को यह स्पष्ट बातचीत इस समय बहुत कठोर लगी। रमा के मुंह से उसे ऐसी आशा न थी। इंकार करना उसका काम था, रमा को लेने के लिए आग्रह करना चाहिए था। जागेश्वरी की ओर लालायित नजरों से देखकर बोली,'लौटा दो। रात-दिन के तकाज़े कौन सहेगा।'","जालपा को यह स्पष्ट बातचीत इस समय बहुत कठोर लगी। रमा के मुंह से उसे ऐसी आशा न थी। इंकार करना उसका काम था, रमा को लेने के लिए आग्रह करना चाहिए था। जागेश्वरी की ओर लालायित नजरों से देखकर बोली,"
2,149,जागेश्वरी,"अब तुमने पहन लिया है अम्मां, तो पहने रहो मैं तुम्हें भेंट करता हूं।",named_dash_quote,"वह केसों को बंद करने ही वाली थी कि जागेश्वरी ने कंगन उठाकर पहन लिया, मानो एक क्षण-भर पहनने से ही उसकी साध पूरी हो जायगी। फिर मन में इस ओछेपन पर लज्जित होकर वह उसे उतारना ही चाहती थी कि रमा ने कहा, 'अब तुमने पहन लिया है अम्मां, तो पहने रहो मैं तुम्हें भेंट करता हूं।'","वह केसों को बंद करने ही वाली थी कि जागेश्वरी ने कंगन उठाकर पहन लिया, मानो एक क्षण-भर पहनने से ही उसकी साध पूरी हो जायगी। फिर मन में इस ओछेपन पर लज्जित होकर वह उसे उतारना ही चाहती थी कि रमा ने कहा,"
2,150,जागेश्वरी,"नहीं बेटा, मैंने यों ही पहन लिया था। ले जाओ, लौटा दो।",named_dash_quote,"जागेश्वरी की आंखें सजल हो गई। जो लालसा आज तक न पूरी हो सकी, वह आज रमा की मातृ-भक्ति से पूरी हो रही थी, लेकिन क्या वह अपने प्रिय पुत्र पर ऋण का इतना भारी बोझ रख देगी ?अभी वह बेचारा बालक है, उसकी सामर्थ्य ही क्या है? न जाने रूपये जल्द हाथ आएं या देर में। दाम भी तो नहीं मालूम। अगर ऊंचे दामों का हुआ, तो बेचारा देगा कहां से- उसे कितने तकाज़े सहने पड़ेंगे और कितना लज्जित होना पड़ेगा। कातर स्वर में बोली, 'नहीं बेटा, मैंने यों ही पहन लिया था। ले जाओ, लौटा दो।'","जागेश्वरी की आंखें सजल हो गई। जो लालसा आज तक न पूरी हो सकी, वह आज रमा की मातृ-भक्ति से पूरी हो रही थी, लेकिन क्या वह अपने प्रिय पुत्र पर ऋण का इतना भारी बोझ रख देगी ?अभी वह बेचारा बालक है, उसकी सामर्थ्य ही क्या है? न जाने रूपये जल्द हाथ आएं या देर में। दाम भी तो नहीं मालूम। अगर ऊंचे दामों का हुआ, तो बेचारा देगा कहां से- उसे कितने तकाज़े सहने पड़ेंगे और कितना लज्जित होना पड़ेगा। कातर स्वर में बोली,"
2,151,जागेश्वरी,"मैं अपनी ओर से तुम्हें भेंट करती हूं, मुझे जो कुछ पहनना-ओढ़ना था, ओढ़-पहन चुकी। अब ज़रा तुम पहनो, देखूं,",named_dash_quote,"माता का उदास मुख देखकर रमा का ह्रदय मातृ-प्रेम से हिल उठा। क्या ऋण के भय से वह अपनी त्यागमूर्ति माता की इतनी सेवा भी न कर सकेगा?माता के प्रति उसका कुछ कर्तव्य भी तो है? बोला,रूपये बहुत मिल जाएंगे अम्मां, तुम इसकी चिंता मत करो। जागेश्वरी ने बहू की ओर देखा। मानो कह रही थी कि रमा मुझ पर कितना अत्याचार कर रहा है। जालपा उदासीन भाव से बैठी थी। कदाचित उसे भय हो रहा था कि माताजी यह कंगन ले न लें। मेरा कंगन पहन लेना बहू को अच्छा नहीं लगा, इसमें जागेश्वरी को संदेह नहीं रहा। उसने तुरंत कंगन उतार डाला, और जालपा की ओर बढ़ाकर बोली,'मैं अपनी ओर से तुम्हें भेंट करती हूं, मुझे जो कुछ पहनना-ओढ़ना था, ओढ़-पहन चुकी। अब ज़रा तुम पहनो, देखूं,'","माता का उदास मुख देखकर रमा का ह्रदय मातृ-प्रेम से हिल उठा। क्या ऋण के भय से वह अपनी त्यागमूर्ति माता की इतनी सेवा भी न कर सकेगा?माता के प्रति उसका कुछ कर्तव्य भी तो है? बोला,रूपये बहुत मिल जाएंगे अम्मां, तुम इसकी चिंता मत करो। जागेश्वरी ने बहू की ओर देखा। मानो कह रही थी कि रमा मुझ पर कितना अत्याचार कर रहा है। जालपा उदासीन भाव से बैठी थी। कदाचित उसे भय हो रहा था कि माताजी यह कंगन ले न लें। मेरा कंगन पहन लेना बहू को अच्छा नहीं लगा, इसमें जागेश्वरी को संदेह नहीं रहा। उसने तुरंत कंगन उतार डाला, और जालपा की ओर बढ़ाकर बोली,"
2,152,Unknown,"रूपये न हों, तो रहने दीजिए अम्मांजी, अभी कौन जल्दी है?",unattributed_quote,"जालपा को इसमें ज़रा भी संदेह न था कि माताजी के पास रूपये की कमी नहीं। वह समझी, शायद आज वह पसीज गई हैं और कंगन के रूपए दे देंगी। एक क्षण पहले उसने समझा था कि रूपये रमा को देने पड़ेंगे, इसीलिए इच्छा रहने पर भी वह उसे लौटा देना चाहती थी। जब माताजी उसका दाम चुका रही थीं, तो वह क्यों इंकार करती, मगर ऊपरी मन से बोली,' रूपये न हों, तो रहने दीजिए अम्मांजी, अभी कौन जल्दी है?'","जालपा को इसमें ज़रा भी संदेह न था कि माताजी के पास रूपये की कमी नहीं। वह समझी, शायद आज वह पसीज गई हैं और कंगन के रूपए दे देंगी। एक क्षण पहले उसने समझा था कि रूपये रमा को देने पड़ेंगे, इसीलिए इच्छा रहने पर भी वह उसे लौटा देना चाहती थी। जब माताजी उसका दाम चुका रही थीं, तो वह क्यों इंकार करती, मगर ऊपरी मन से बोली,"
2,153,रमानाथ,तो तुम यह कंगन ले रही हो?,named_comma_quote,"रमा ने कुछ चिढ़कर कहा,'तो तुम यह कंगन ले रही हो?'","रमा ने कुछ चिढ़कर कहा,"
2,154,जालपा,"अम्मांजी नहीं मानतीं, तो मैं क्या करूं?",unquoted_dash,"जालपा-'अम्मांजी नहीं मानतीं, तो मैं क्या करूं?",जालपा
2,155,रमानाथ,"और ये रिंग, इन्हें भी क्यों नहीं रख लेतीं?",named_dash_quote,"रमानाथ-'और ये रिंग, इन्हें भी क्यों नहीं रख लेतीं?'",रमानाथ-
2,156,जालपा,जाकर दाम तो पूछ आओ।,unquoted_dash,जालपा-'जाकर दाम तो पूछ आओ।,जालपा
2,157,रमानाथ,"तुम इन चीज़ों को ले जाओ, तुम्हें दाम से क्या मतलब!",named_comma_quote,"रमा ने अधीर होकर कहा,'तुम इन चीज़ों को ले जाओ, तुम्हें दाम से क्या मतलब!'","रमा ने अधीर होकर कहा,"
2,158,रमानाथ,"बडे दाम हैं भाई, मैंने तो तीन-चार सौ के भीतर ही आंका था।",named_dash_quote,"रमा ने बाहर आकर दलाल से दाम पूछा तो सन्नाटे में आ गया। कंगन सात सौ के थे, और रिंग डेढ़ सौ के, उसका अनुमान था कि कंगन अधिकसे-अधिक तीन सौ के होंगे और रिंग चालीस-पचास रूपये के, पछताए कि पहले ही दाम क्यों न पूछ लिए, नहीं तो इन चीज़ों को घर में ले जाने की नौबत ही क्यों आती? उधारते हुए शर्म आती थी, मगर कुछ भी हो, उधारना तो पड़ेगा ही। इतना बडा बोझ वह सिर पर नहीं ले सकता दलाल से बोला, 'बडे दाम हैं भाई, मैंने तो तीन-चार सौ के भीतर ही आंका था।' दलाल का नाम चरनदास था। बोला,दाम में एक कौड़ी फरक पड़ जाय सरकार, तो मुंह न दिखाऊं। धनीराम की कोठी का तो माल है, आप चलकर पूछ लें। दमड़ी रूपये की दलाली अलबत्ता मेरी है, आपकी मरज़ी हो दीजिए या न दीजिए।'","रमा ने बाहर आकर दलाल से दाम पूछा तो सन्नाटे में आ गया। कंगन सात सौ के थे, और रिंग डेढ़ सौ के, उसका अनुमान था कि कंगन अधिकसे-अधिक तीन सौ के होंगे और रिंग चालीस-पचास रूपये के, पछताए कि पहले ही दाम क्यों न पूछ लिए, नहीं तो इन चीज़ों को घर में ले जाने की नौबत ही क्यों आती? उधारते हुए शर्म आती थी, मगर कुछ भी हो, उधारना तो पड़ेगा ही। इतना बडा बोझ वह सिर पर नहीं ले सकता दलाल से बोला,"
2,159,रमानाथ,तो भाई इन दामों की चीजें तो इस वक्त हमें नहीं लेनी हैं।,named_dash_quote,रमानाथ-'तो भाई इन दामों की चीजें तो इस वक्त हमें नहीं लेनी हैं।',रमानाथ-
2,160,चरनदास,"ऐसी बात न कहिए, बाबूजी! आपके लिए इतने रूपये कौन बडी बात है। दो महीने भी माल चल जाय तो उसके दूने हाथ आ जायंगे। आपसे बढ़कर कौन शौकीन होगा। यह सब रईसों के ही पसंद की चीज़ें हैं। गंवार लोग इनकी कद्र क्या जानें।",named_dash_quote,"चरनदास-'ऐसी बात न कहिए, बाबूजी! आपके लिए इतने रूपये कौन बडी बात है। दो महीने भी माल चल जाय तो उसके दूने हाथ आ जायंगे। आपसे बढ़कर कौन शौकीन होगा। यह सब रईसों के ही पसंद की चीज़ें हैं। गंवार लोग इनकी कद्र क्या जानें।'",चरनदास-
2,161,रमानाथ,साढ़े आठ सौ बहुत होते हैं भई!,named_dash_quote,रमानाथ-'साढ़े आठ सौ बहुत होते हैं भई!',रमानाथ-
2,162,चरनदास,"रूपयों का मुंह न देखिए बाबूजी, जब बहूजी पहनकर बैठेंगी, तो एक निगाह में सारे रूपये तर जायंगे।",named_dash_quote,"चरनदास-'रूपयों का मुंह न देखिए बाबूजी, जब बहूजी पहनकर बैठेंगी, तो एक निगाह में सारे रूपये तर जायंगे।'",चरनदास-
2,163,जालपा,"आपने इस कंगन का क्या दाम समझा था, मांजी?",named_comma_quote,"रमा को विश्वास था कि जालपा गहनों का यह मूल्य सुनकर आप ही बिचक जायगी। दलाल से और ज्यादा बातचीत न की। अंदर जाकर बडे ज़ोर से हंसा और बोला, 'आपने इस कंगन का क्या दाम समझा था, मांजी?'","रमा को विश्वास था कि जालपा गहनों का यह मूल्य सुनकर आप ही बिचक जायगी। दलाल से और ज्यादा बातचीत न की। अंदर जाकर बडे ज़ोर से हंसा और बोला,"
2,165,रमानाथ,"अच्छा, तुम बताओ जालपा, इस कंगन का कितना दाम आंकती हो?",named_dash_quote,"रमानाथ-'अच्छा, तुम बताओ जालपा, इस कंगन का कितना दाम आंकती हो? '",रमानाथ-
2,166,जालपा,छः सौ से कम का नहीं।,named_dash_quote,जालपा-'छः सौ से कम का नहीं।',जालपा-
2,168,जालपा,"कुछ भी हो, छः सौ से ज्यादा का नहीं।",named_dash_quote,"जालपा-'कुछ भी हो, छः सौ से ज्यादा का नहीं।'",जालपा-
2,169,रमानाथ,और रिंग का?,named_dash_quote,रमानाथ-'और रिंग का? ',रमानाथ-
2,170,जालपा,अधिक से अधिक सौ रूपये!,named_dash_quote,जालपा-'अधिक से अधिक सौ रूपये! ',जालपा-
2,171,रमानाथ,"यहां भी चूकीं, डेढ़सौ मांगता है।",named_dash_quote,"रमानाथ-'यहां भी चूकीं, डेढ़सौ मांगता है।'",रमानाथ-
2,172,जालपा,"जट्टू है कोई, हमें इन दामों लेना ही नहीं।",unquoted_dash,"जालपा-'जट्टू है कोई, हमें इन दामों लेना ही नहीं।",जालपा
2,173,Unknown,वह साढ़े आठ से कौड़ी कम न लेगा।,unattributed_quote,"रमा की चाल उल्टी पड़ी, जालपा को इन चीज़ों के मूल्य के विषय में बहुत धोखा न हुआ था। आख़िर रमा की आर्थिक दशा तो उससे छिपी न थी, फिर वह सात सौ रूपये की चीजों के लिए मुंह खोले बैठी थी। रमा को क्या मालूम था कि जालपा कुछ और ही समझकर कंगन पर लहराई थी। अब तो गला छूटने का एक ही उपाय था और वह यह कि दलाल छः सौ पर राज़ी न हो बोला, 'वह साढ़े आठ से कौड़ी कम न लेगा।' जालपा-'तो लौटा दो।'","रमा की चाल उल्टी पड़ी, जालपा को इन चीज़ों के मूल्य के विषय में बहुत धोखा न हुआ था। आख़िर रमा की आर्थिक दशा तो उससे छिपी न थी, फिर वह सात सौ रूपये की चीजों के लिए मुंह खोले बैठी थी। रमा को क्या मालूम था कि जालपा कुछ और ही समझकर कंगन पर लहराई थी। अब तो गला छूटने का एक ही उपाय था और वह यह कि दलाल छः सौ पर राज़ी न हो बोला,"
2,173,जालपा,तो लौटा दो।,named_dash_quote,"रमा की चाल उल्टी पड़ी, जालपा को इन चीज़ों के मूल्य के विषय में बहुत धोखा न हुआ था। आख़िर रमा की आर्थिक दशा तो उससे छिपी न थी, फिर वह सात सौ रूपये की चीजों के लिए मुंह खोले बैठी थी। रमा को क्या मालूम था कि जालपा कुछ और ही समझकर कंगन पर लहराई थी। अब तो गला छूटने का एक ही उपाय था और वह यह कि दलाल छः सौ पर राज़ी न हो बोला, 'वह साढ़े आठ से कौड़ी कम न लेगा।' जालपा-'तो लौटा दो।'",जालपा-
2,174,रमानाथ,"मुझे तो लौटाते शर्म आती है। अम्मां, ज़रा आप ही दालान में चलकर कह दें, हमें सात सौ से ज्यादा नहीं देना है। देना होता तो दे दो, नहीं चले जाओ।",named_dash_quote,"रमानाथ-'मुझे तो लौटाते शर्म आती है। अम्मां, ज़रा आप ही दालान में चलकर कह दें, हमें सात सौ से ज्यादा नहीं देना है। देना होता तो दे दो, नहीं चले जाओ।'",रमानाथ-
2,175,जागेश्वरी,"हां रे, क्यों नहीं, उस दलाल से मैं बातें करने जाऊं!",named_dash_quote,"जागेश्वरी--'हां रे, क्यों नहीं, उस दलाल से मैं बातें करने जाऊं! '",जागेश्वरी--
2,176,जालपा,"तुम्हीं क्यों नहीं कह देते, इसमें तो कोई शर्म की बात नहीं।",named_dash_quote,"जालपा-'तुम्हीं क्यों नहीं कह देते, इसमें तो कोई शर्म की बात नहीं।'",जालपा-
2,177,रमानाथ,"मुझसे साफ जवाब न देते बनेगा। दुनिया-भर की ख़ुशामद करेगा। चुनी चुना,आप बडे आदमी हैं, रईस हैं, राजा हैं। आपके लिए डेढ़सौ क्या चीज़ है। मैं उसकी बातों में आ जाऊंगा।",named_dash_quote,"रमानाथ-'मुझसे साफ जवाब न देते बनेगा। दुनिया-भर की ख़ुशामद करेगा। चुनी चुना,आप बडे आदमी हैं, रईस हैं, राजा हैं। आपके लिए डेढ़सौ क्या चीज़ है। मैं उसकी बातों में आ जाऊंगा। '",रमानाथ-
2,178,जालपा,"अच्छा, चलो मैं ही कहे देती हूं।",named_dash_quote,"जालपा-'अच्छा, चलो मैं ही कहे देती हूं।'",जालपा-
2,179,रमानाथ,"वाह, फिर तो सब काम ही बन गया।",unquoted_dash,"रमानाथ-'वाह, फिर तो सब काम ही बन गया।",रमानाथ
2,180,जालपा,"ज़रा यहां आना जी, ओ सर्राफ! लूटने आए हो, या माल बेचने आए हो!",named_comma_quote,"रमा पीछे दुबक गया। जालपा दालान में आकर बोली, 'ज़रा यहां आना जी, ओ सर्राफ! लूटने आए हो, या माल बेचने आए हो! '","रमा पीछे दुबक गया। जालपा दालान में आकर बोली,"
2,182,जालपा,"माल बेचने आते हो, या जटने आते हो? सात सौ रूपये कंगन के मांगते हो?",named_dash_quote,"जालपा-'माल बेचने आते हो, या जटने आते हो? सात सौ रूपये कंगन के मांगते हो? '",जालपा-
2,183,चरनदास,"सात सौ तो उसकी कारीगरी के दाम हैं, हूजूर!",named_dash_quote,"चरनदास-'सात सौ तो उसकी कारीगरी के दाम हैं, हूजूर! '",चरनदास-
2,184,जालपा,"अच्छा तो जो उस पर सात सौ निछावर कर दे, उसके पास ले जाओ। रिंग के डेढ़सौ कहते हो, लूट है क्या? मैं तो दोनों चीज़ों के सात सौ",unquoted_dash,"जालपा-'अच्छा तो जो उस पर सात सौ निछावर कर दे, उसके पास ले जाओ। रिंग के डेढ़सौ कहते हो, लूट है क्या? मैं तो दोनों चीज़ों के सात सौ",जालपा
2,185,चरनदास,"बहूजी, आप तो अंधेर करती हैं। कहां साढ़े आठ सौ और कहां सात सौ?",named_dash_quote,"से अधिक न दूंगी। चरनदास-'बहूजी, आप तो अंधेर करती हैं। कहां साढ़े आठ सौ और कहां सात सौ? '",से अधिक न दूंगी। चरनदास-
2,186,जालपा,"तुम्हारी खुशी, अपनी चीज़ ले जाओ।",named_dash_quote,"जालपा-'तुम्हारी खुशी, अपनी चीज़ ले जाओ।'",जालपा-
2,187,चरनदास,इतने बडे दरबार में आकर चीज़ लौटा ले जाऊं?,named_dash_quote,"चरनदास-'इतने बडे दरबार में आकर चीज़ लौटा ले जाऊं?' आप यों ही पहनें। दस-पांच रूपये की बात होती, तो आपकी ज़बान ने उधरता। आपसे झूठ नहीं कहता बहूजी, इन चीज़ों पर पैसा रूपया नगद है। उसी एक पैसे में दुकान का भाडा, बका-खाता, दस्तूरी, दलाली सब समझिए। एक बात ऐसी समझकर कहिए कि हमें भी चार पैसे मिल जाएं ।सवेरे-सवेरे लौटना न पड़े।",चरनदास-
2,188,जालपा,"कह दिए, वही सात सौ।",named_dash_quote,"जालपा-'कह दिए, वही सात सौ।'",जालपा-
2,189,चरनदास,"सरकार, है तो घाटा ही, पर आपकी बात नहीं टालते बनती। रूपये कब मिलेंगे?",named_dash_quote,"चरनदास ने ऐसा मुंह बनाया, मानो वह किसी धर्म-संकट में पड़ गया है। फिर बोला-'सरकार, है तो घाटा ही, पर आपकी बात नहीं टालते बनती। रूपये कब मिलेंगे?'","चरनदास ने ऐसा मुंह बनाया, मानो वह किसी धर्म-संकट में पड़ गया है। फिर बोला-"
2,190,जालपा,जल्दी ही मिल जायंगे।,named_dash_quote,जालपा-'जल्दी ही मिल जायंगे।',जालपा-
2,191,जालपा,आख़िर दिया कि नहीं सात सौ में- डेढ़सौ साफ उडाए लिए जाता था। मुझे पछतावा हो रहा है कि कुछ और कम क्यों न कहा। वे लोग इस तरह गाहकों को लूटते हैं।,named_dash_quote,जालपा अंदर जाकर बोली-'आख़िर दिया कि नहीं सात सौ में- डेढ़सौ साफ उडाए लिए जाता था। मुझे पछतावा हो रहा है कि कुछ और कम क्यों न कहा। वे लोग इस तरह गाहकों को लूटते हैं।',जालपा अंदर जाकर बोली-
2,192,जालपा,"मैं न लूंगी, क्यों दुविधो में पड़ी रही। साढ़े पांच सौ भी चुकाना मुश्किल था, इतने और कहां से आएंगे।",named_dash_quote,"रमा इतना भारी बोझ लेते घबरा रहा था, लेकिन परिस्थिति ने कुछ ऐसा रंग पकडा कि बोझ उस पर लद ही गया। जालपा तो ख़ुशी की उमंग में दोनों चीजें लिये ऊपर चली गई, पर रमा सिर झुकाए चिंता में डूबा खडाथा। जालपा ने उसकी दशा जानकर भी इन चीज़ों को क्यों ठुकरा नहीं दिया, क्यों ज़ोर देकर नहीं कहा-' मैं न लूंगी, क्यों दुविधो में पड़ी रही। साढ़े पांच सौ भी चुकाना मुश्किल था, इतने और कहां से आएंगे।'","रमा इतना भारी बोझ लेते घबरा रहा था, लेकिन परिस्थिति ने कुछ ऐसा रंग पकडा कि बोझ उस पर लद ही गया। जालपा तो ख़ुशी की उमंग में दोनों चीजें लिये ऊपर चली गई, पर रमा सिर झुकाए चिंता में डूबा खडाथा। जालपा ने उसकी दशा जानकर भी इन चीज़ों को क्यों ठुकरा नहीं दिया, क्यों ज़ोर देकर नहीं कहा-"
2,193,जालपा,आज किसी अच्छे का मुंह देखकर उठी थी। दो चीज़ें मुफ्त हाथ आ गई।,named_dash_quote,"असल में ग़लती मेरी ही है। मुझे दलाल को दरवाजे से ही दुत्कार देना चाहिए था। लेकिन उसने मन को समझाया। यह अपने ही पापों का तो प्रायश्चित है। फिर आदमी इसीलिए तो कमाता है। रोटियों के लाले थोड़े ही थे? भोजन करके जब रमा ऊपर कपड़े पहनने गया, तो जालपा आईने के सामने खड़ी कानों में रिंग पहन रही थी। उसे देखते ही बोली -'आज किसी अच्छे का मुंह देखकर उठी थी। दो चीज़ें मुफ्त हाथ आ गई।'","असल में ग़लती मेरी ही है। मुझे दलाल को दरवाजे से ही दुत्कार देना चाहिए था। लेकिन उसने मन को समझाया। यह अपने ही पापों का तो प्रायश्चित है। फिर आदमी इसीलिए तो कमाता है। रोटियों के लाले थोड़े ही थे? भोजन करके जब रमा ऊपर कपड़े पहनने गया, तो जालपा आईने के सामने खड़ी कानों में रिंग पहन रही थी। उसे देखते ही बोली -"
2,194,रमानाथ,मुफ्त क्यों? रूपये न देने पड़ेंगे?,named_comma_quote,"रमा ने विस्मय से पूछा , 'मुफ्त क्यों? रूपये न देने पड़ेंगे? '","रमा ने विस्मय से पूछा ,"
2,195,जालपा,रूपये तो अम्मांजी देंगी?,named_dash_quote,जालपा-'रूपये तो अम्मांजी देंगी? ',जालपा-
2,196,रमानाथ,क्या कुछ कहती थीं?,named_dash_quote,रमानाथ-'क्या कुछ कहती थीं? ',रमानाथ-
2,197,जालपा,"उन्होंने मुझे भेंट दिए हैं, तो रूपये कौन देगा?",named_dash_quote,"जालपा-'उन्होंने मुझे भेंट दिए हैं, तो रूपये कौन देगा? '",जालपा-
2,203,जालपा,आज हम-तुम सिनेमाघर में साथ बैठेंगे।,named_dash_quote,"एक दिन इस मंडली को सिनेमा देखने की धुन सवार हुई। वहां की बहार देखकर सब-की-सब मुग्ध हो गई। फिर तो आए दिन सिनेमा की सैर होने लगी। रमा को अब तक सिनेमा का शौक न था। शौक होता भी तो क्या करता। अब हाथ में पैसे आने लगे थे, उस पर जालपा का आग्रह, फिर भला वह क्यों न जाता- सिनेमा-गृह में ऐसी कितनी ही रमणियां मिलतीं, जो मुंह खोले निसंकोच हंसती-बोलती रहती थीं। उनकी आज़ादी गुप्तरूप से जालपा पर भी जादू डालती जाती थी। वह घर से बाहर निकलते ही मुंह खोल लेती, मगर संकोचवश परदेवाली स्त्रियों के ही स्थान पर बैठती। उसकी कितनी इच्छा होती कि रमा भी उसके साथ बैठता। आख़िर वह उन फैशनेबुल औरतों से किस बात में कम है? रूप-रंग में वह हेठी नहीं। सजधज में किसी से कम नहीं। बातचीत करने में कुशल। फिर वह क्यों परदेवालियों के साथ बैठे। रमा बहुत शिक्षित न होने पर भी देश और काल के प्रभाव से उदार था। पहले तो वह परदे का ऐसा अनन्य भक्त था, कि माता को कभी गंगा-स्नान कराने लिवा जाता, तो पंडों तक से न बोलने देता। कभी माता की हंसी मर्दाने में सुनाई देती, तो आकर बिगड़ता, तुमको ज़रा भी शर्म नहीं है अम्मां! बाहर लोग बैठे हुए हैं, और तुम हंस रही हो, मां लज्जित हो जाती थीं। किंतु अवस्था के साथ रमा का यह लिहाज़ ग़ायब होता जाता था। उस पर जालपा की रूप-छटा उसके साहस को और भी उभोजित करती थी। जालपा रूपहीन, काली-कलूटी, फूहड़ होती तो वह ज़बरदस्ती उसको परदे में बैठाता। उसके साथ घूमने या बैठने में उसे शर्म आती। जालपा-जैसी अनन्य सुंदरी के साथ सैर करने में आनंद के साथ गौरव भी तो था। वहां के सभ्य समाज की कोई महिला रूप, गठन और ऋंगारमें जालपा की बराबरी न कर सकती थी। देहात की लडकी होने पर भी शहर के रंग में वह इस तरह रंग गई थी, मानो जन्म से शहर ही में रहती आई है। थोड़ी-सी कमी अंग्रेज़ी शिक्षा की थी,उसे भी रमा पूरी किए देता था। मगर परदे का यह बंधन टूटे कैसे। भवन में रमा के कितने ही मित्र, कितनी ही जान - पहचान के लोग बैठे नज़र आते थे। वे उसे जालपा के साथ बैठे देखकर कितना हंसेंगे। आख़िर एक दिन उसने समाज के सामने ताल ठोंककर खड़े हो जाने का निश्चय कर ही लिया। जालपा से बोला, 'आज हम-तुम सिनेमाघर में साथ बैठेंगे।'","एक दिन इस मंडली को सिनेमा देखने की धुन सवार हुई। वहां की बहार देखकर सब-की-सब मुग्ध हो गई। फिर तो आए दिन सिनेमा की सैर होने लगी। रमा को अब तक सिनेमा का शौक न था। शौक होता भी तो क्या करता। अब हाथ में पैसे आने लगे थे, उस पर जालपा का आग्रह, फिर भला वह क्यों न जाता- सिनेमा-गृह में ऐसी कितनी ही रमणियां मिलतीं, जो मुंह खोले निसंकोच हंसती-बोलती रहती थीं। उनकी आज़ादी गुप्तरूप से जालपा पर भी जादू डालती जाती थी। वह घर से बाहर निकलते ही मुंह खोल लेती, मगर संकोचवश परदेवाली स्त्रियों के ही स्थान पर बैठती। उसकी कितनी इच्छा होती कि रमा भी उसके साथ बैठता। आख़िर वह उन फैशनेबुल औरतों से किस बात में कम है? रूप-रंग में वह हेठी नहीं। सजधज में किसी से कम नहीं। बातचीत करने में कुशल। फिर वह क्यों परदेवालियों के साथ बैठे। रमा बहुत शिक्षित न होने पर भी देश और काल के प्रभाव से उदार था। पहले तो वह परदे का ऐसा अनन्य भक्त था, कि माता को कभी गंगा-स्नान कराने लिवा जाता, तो पंडों तक से न बोलने देता। कभी माता की हंसी मर्दाने में सुनाई देती, तो आकर बिगड़ता, तुमको ज़रा भी शर्म नहीं है अम्मां! बाहर लोग बैठे हुए हैं, और तुम हंस रही हो, मां लज्जित हो जाती थीं। किंतु अवस्था के साथ रमा का यह लिहाज़ ग़ायब होता जाता था। उस पर जालपा की रूप-छटा उसके साहस को और भी उभोजित करती थी। जालपा रूपहीन, काली-कलूटी, फूहड़ होती तो वह ज़बरदस्ती उसको परदे में बैठाता। उसके साथ घूमने या बैठने में उसे शर्म आती। जालपा-जैसी अनन्य सुंदरी के साथ सैर करने में आनंद के साथ गौरव भी तो था। वहां के सभ्य समाज की कोई महिला रूप, गठन और ऋंगारमें जालपा की बराबरी न कर सकती थी। देहात की लडकी होने पर भी शहर के रंग में वह इस तरह रंग गई थी, मानो जन्म से शहर ही में रहती आई है। थोड़ी-सी कमी अंग्रेज़ी शिक्षा की थी,उसे भी रमा पूरी किए देता था। मगर परदे का यह बंधन टूटे कैसे। भवन में रमा के कितने ही मित्र, कितनी ही जान - पहचान के लोग बैठे नज़र आते थे। वे उसे जालपा के साथ बैठे देखकर कितना हंसेंगे। आख़िर एक दिन उसने समाज के सामने ताल ठोंककर खड़े हो जाने का निश्चय कर ही लिया। जालपा से बोला,"
2,204,जालपा,"सच! नहीं भाई, साथवालियां जीने न देंगी।",named_dash_quote,"जालपा के ह्रदय में गुदगुदी-सी होने लगी। हार्दिक आनंद की आभा चेहरे पर झलक उठी। बोली, 'सच! नहीं भाई, साथवालियां जीने न देंगी।'","जालपा के ह्रदय में गुदगुदी-सी होने लगी। हार्दिक आनंद की आभा चेहरे पर झलक उठी। बोली,"
2,205,रमानाथ,इस तरह डरने से तो फिर कभी कुछ न होगा। यह क्या स्वांग है कि स्त्रियां मुंह छिपाए चिक की आड़ में बैठी रहें।,named_dash_quote,रमानाथ-'इस तरह डरने से तो फिर कभी कुछ न होगा। यह क्या स्वांग है कि स्त्रियां मुंह छिपाए चिक की आड़ में बैठी रहें।',रमानाथ-
2,207,जालपा,कहीं बाबूजी देख लें तो?,named_comma_quote,"जालपा ने मुस्कराकर कहा,'कहीं बाबूजी देख लें तो?'","जालपा ने मुस्कराकर कहा,"
2,208,रमानाथ,"तो क्या, कुछ नहीं।",named_dash_quote,"रमानाथ-'तो क्या, कुछ नहीं।'",रमानाथ-
2,209,जालपा,मैं तो मारे शर्म के गड़ जाऊं।,named_dash_quote,जालपा-'मैं तो मारे शर्म के गड़ जाऊं।',जालपा-
2,210,रमानाथ,"अभी तो मुझे भी शर्म आएगी, मगर बाबूजी ख़ुद ही इधर न आएंगे।",unquoted_dash,"रमानाथ-अभी तो मुझे भी शर्म आएगी, मगर बाबूजी ख़ुद ही इधर न आएंगे।'",रमानाथ
2,211,जालपा,और जो कहीं अम्मांजी देख लें!,named_dash_quote,जालपा-'और जो कहीं अम्मांजी देख लें!',जालपा-
2,212,रमानाथ,"अम्मां से कौन डरता है, दो दलीलों में ठीक कर दूंगा।",named_dash_quote,"रमानाथ-'अम्मां से कौन डरता है, दो दलीलों में ठीक कर दूंगा।'",रमानाथ-
2,213,जालपा,"आई, देखा और विजय कर लिया।",named_dash_quote,"दस ही पांच दिन में जालपा ने नए महिला-समाज में अपना रंग जमा लिया। उसने इस समाज में इस तरह प्रवेश किया, जैसे कोई कुशल वक्ता पहली बार परिषद के मंच पर आता है। विद्वान लोग उसकी उपेक्षा करने की इच्छा होने पर भी उसकी प्रतिभा के सामने सिर झुका देते हैं। जालपा भी 'आई, देखा और विजय कर लिया।' उसके सौंदर्य में वह गरिमा, वह कठोरता, वह शान, वह तेजस्विता थी जो कुलीन महिलाओं के लक्षण हैं। पहले ही दिन एक महिला ने जालपा को चाय का निमांण दे दिया और जालपा इच्छा न रहने पर भी उसे अस्वीकार न कर सकी। जब दोनों प्राणी वहां से लौटे, तो रमा ने चिंतित स्वर में कहा, 'तो कल इसकी चाय-पार्टी में जाना पड़ेगा?'","दस ही पांच दिन में जालपा ने नए महिला-समाज में अपना रंग जमा लिया। उसने इस समाज में इस तरह प्रवेश किया, जैसे कोई कुशल वक्ता पहली बार परिषद के मंच पर आता है। विद्वान लोग उसकी उपेक्षा करने की इच्छा होने पर भी उसकी प्रतिभा के सामने सिर झुका देते हैं। जालपा भी"
2,213,रमानाथ,तो कल इसकी चाय-पार्टी में जाना पड़ेगा?,named_comma_quote,"दस ही पांच दिन में जालपा ने नए महिला-समाज में अपना रंग जमा लिया। उसने इस समाज में इस तरह प्रवेश किया, जैसे कोई कुशल वक्ता पहली बार परिषद के मंच पर आता है। विद्वान लोग उसकी उपेक्षा करने की इच्छा होने पर भी उसकी प्रतिभा के सामने सिर झुका देते हैं। जालपा भी 'आई, देखा और विजय कर लिया।' उसके सौंदर्य में वह गरिमा, वह कठोरता, वह शान, वह तेजस्विता थी जो कुलीन महिलाओं के लक्षण हैं। पहले ही दिन एक महिला ने जालपा को चाय का निमांण दे दिया और जालपा इच्छा न रहने पर भी उसे अस्वीकार न कर सकी। जब दोनों प्राणी वहां से लौटे, तो रमा ने चिंतित स्वर में कहा, 'तो कल इसकी चाय-पार्टी में जाना पड़ेगा?'","उसके सौंदर्य में वह गरिमा, वह कठोरता, वह शान, वह तेजस्विता थी जो कुलीन महिलाओं के लक्षण हैं। पहले ही दिन एक महिला ने जालपा को चाय का निमांण दे दिया और जालपा इच्छा न रहने पर भी उसे अस्वीकार न कर सकी। जब दोनों प्राणी वहां से लौटे, तो रमा ने चिंतित स्वर में कहा,"
2,214,जालपा,क्या करती- इंकार करते भी तो न बनता था!,named_dash_quote,जालपा-'क्या करती- इंकार करते भी तो न बनता था! ',जालपा-
2,215,रमानाथ,तो सबेरे तुम्हारे लिए एक अच्छी-सी साड़ी ला दूं?,named_dash_quote,रमानाथ-'तो सबेरे तुम्हारे लिए एक अच्छी-सी साड़ी ला दूं? ',रमानाथ-
2,216,जालपा,"क्या मेरे पास साड़ी नहीं है, ज़रा देर के लिए पचास-साठ रूपये खर्च करने से फायदा!",named_dash_quote,"जालपा-'क्या मेरे पास साड़ी नहीं है, ज़रा देर के लिए पचास-साठ रूपये खर्च करने से फायदा! '",जालपा-
2,217,रमानाथ,तुम्हारे पास अच्छी साड़ी कहां है। इसकी साड़ी तुमने देखी?ऐसी ही तुम्हारे लिए भी लाऊंगा।,named_dash_quote,रमानाथ-'तुम्हारे पास अच्छी साड़ी कहां है। इसकी साड़ी तुमने देखी?ऐसी ही तुम्हारे लिए भी लाऊंगा।',रमानाथ-
2,219,रमानाथ,फिर इनकी दावत भी तो करनी पडेगी।,named_dash_quote,रमानाथ-'फिर इनकी दावत भी तो करनी पडेगी।',रमानाथ-
2,220,जालपा,यह तो बुरी विपत्ति गले पड़ी।,named_dash_quote,जालपा-'यह तो बुरी विपत्ति गले पड़ी।',जालपा-
2,221,रमानाथ,"विपत्ति कुछ नहीं है, सिर्फ यही ख़याल है कि मेरा मकान इस काम के लायक नहीं। मेज़, कुर्सियां, चाय के सेट रमेश के यहां से मांग लाऊंगा, लेकिन घर के लिए क्या करूं !",named_dash_quote,"रमानाथ-'विपत्ति कुछ नहीं है, सिर्फ यही ख़याल है कि मेरा मकान इस काम के लायक नहीं। मेज़, कुर्सियां, चाय के सेट रमेश के यहां से मांग लाऊंगा, लेकिन घर के लिए क्या करूं ! '",रमानाथ-
2,222,जालपा,क्या यह ज़रूरी है कि हम लोग भी दावत करें?,named_dash_quote,जालपा-'क्या यह ज़रूरी है कि हम लोग भी दावत करें?',जालपा-
2,224,रमानाथ,डेढ़सौ! इतना फजूल-ख़र्च मैं नहीं हूं।,named_dash_quote,रमानाथ-'डेढ़सौ! इतना फजूल-ख़र्च मैं नहीं हूं।',रमानाथ-
2,225,जालपा,डेढ़सौ से कम की ये चीज़ें नहीं हैं।,named_dash_quote,जालपा-'डेढ़सौ से कम की ये चीज़ें नहीं हैं।',जालपा-
2,227,रमानाथ,तुम्हारी कलाई पर यह घड़ी कैसी खिल रही है! मेरे रूपये वसूल हो गए।,unquoted_dash,रमानाथ-'तुम्हारी कलाई पर यह घड़ी कैसी खिल रही है! मेरे रूपये वसूल हो गए।,रमानाथ
2,228,जालपा,"सच बताओ, कितने रूपये ख़र्च हुए?",unquoted_dash,"जालपा-'सच बताओ, कितने रूपये ख़र्च हुए?",जालपा
2,229,रमानाथ,"सच बता दूं- एक सौ पैंतीस रूपये। पचहत्तर रूपये की साड़ी, दस के जूते और पचास की घड़ी।",named_dash_quote,"रमानाथ-'सच बता दूं- एक सौ पैंतीस रूपये। पचहत्तर रूपये की साड़ी, दस के जूते और पचास की घड़ी।'",रमानाथ-
2,230,जालपा,"यह डेढ़सौ ही हुए। मैंने कुछ बढ़ाकर थोड़े कहा था, मगर यह सब रूपये अदा कैसे होंगे? उस चुडै।ल ने व्यर्थ ही मुझे निमांण दे दिया। अब मैं बाहर जाना ही छोड़ दूंगी।",named_dash_quote,"जालपा-'यह डेढ़सौ ही हुए। मैंने कुछ बढ़ाकर थोड़े कहा था, मगर यह सब रूपये अदा कैसे होंगे? उस चुडै।ल ने व्यर्थ ही मुझे निमांण दे दिया। अब मैं बाहर जाना ही छोड़ दूंगी।'",जालपा-
2,231,जालपा,इन चीज़ों को रख लो। फिर तुमसे बिना पूछे कुछ न लाऊंगा।,named_comma_quote,"रमा भी इसी चिंता में मग्न था, पर उसने अपने भाव को प्रकट करके जालपा के हर्ष में बाधा न डाली। बोला,सब अदा हो जायगा। जालपा ने तिरस्कार के भाव से कहां,कहां से अदा हो जाएगा, ज़रा सुनूं। कौड़ी तो बचती नहीं, अदा कहां से हो जायगा? वह तो कहो बाबूजी घर का ख़र्च संभाले हुए हैं, नहीं तो मालूम होता। क्या तुम समझते हो कि मैं गहने और साडियों पर मरती हूं? इन चीज़ों को लौटा आओ। रमा ने प्रेमपूर्ण नजरों से कहा, 'इन चीज़ों को रख लो। फिर तुमसे बिना पूछे कुछ न लाऊंगा।'","रमा भी इसी चिंता में मग्न था, पर उसने अपने भाव को प्रकट करके जालपा के हर्ष में बाधा न डाली। बोला,सब अदा हो जायगा। जालपा ने तिरस्कार के भाव से कहां,कहां से अदा हो जाएगा, ज़रा सुनूं। कौड़ी तो बचती नहीं, अदा कहां से हो जायगा? वह तो कहो बाबूजी घर का ख़र्च संभाले हुए हैं, नहीं तो मालूम होता। क्या तुम समझते हो कि मैं गहने और साडियों पर मरती हूं? इन चीज़ों को लौटा आओ। रमा ने प्रेमपूर्ण नजरों से कहा,"
2,232,जालपा,"इन्दुभूषण, ऐडवोकेट, हाईकोर्ट",named_comma_quote,"संध्या समय जब जालपा ने नई साड़ी और नए जूते पहने, घड़ी कलाई पर बांधी और आईने में अपनी सूरत देखी, तो मारे गर्व और उल्लास के उसका मुखमंडल प्रज्वलित हो उठा। उसने उन चीज़ों के लौटाने के लिए सच्चे दिल से कहा हो, पर इस समय वह इतना त्याग करने को तैयार न थी। संध्या समय जालपा और रमा छावनी की ओर चले। महिला ने केवल बंगले का नंबर बतला दिया था। बंगला आसानी से मिल गया। गाटक पर साइनबोर्ड था,'इन्दुभूषण, ऐडवोकेट, हाईकोर्ट' अब रमा को मालूम हुआ कि वह महिला पं. इन्दुभूषण की पत्नी थी। पंडितजी काशी के नामी वकील थे। रमा ने उन्हें कितनी ही बार देखा था, पर इतने बडे आदमी से परिचय का सौभाग्य उसे कैसे होता! छः महीने पहले वह कल्पना भी न कर सकता था, कि किसी दिन उसे उनके घर निमंत्रित होने का गौरव प्राप्त होगा, पर जालपा की बदौलत आज वह अनहोनी बात हो गई। वह काशी के बडे वकील का मेहमान था। रमा ने सोचा था कि बहुत से स्त्री-पुरूष निमंत्रित होंगे, पर यहां वकील साहब और उनकी पत्नी रतन के सिवा और कोई न था। रतन इन दोनों को देखते ही बरामदे में निकल आई और उनसे हाथ मिलाकर अंदर ले गई और अपने पति से उनका परिचय कराया। पंडितजी ने आरामकुर्सी पर लेटे-ही-लेटे दोनों मेहमानों से हाथ मिलाया और मुस्कराकर कहा, 'क्षमा कीजिएगा बाबू साहब, मेरा स्वास्थ्य अच्छा नहीं है। आप यहां किसी आफिस में हैं?'","संध्या समय जब जालपा ने नई साड़ी और नए जूते पहने, घड़ी कलाई पर बांधी और आईने में अपनी सूरत देखी, तो मारे गर्व और उल्लास के उसका मुखमंडल प्रज्वलित हो उठा। उसने उन चीज़ों के लौटाने के लिए सच्चे दिल से कहा हो, पर इस समय वह इतना त्याग करने को तैयार न थी। संध्या समय जालपा और रमा छावनी की ओर चले। महिला ने केवल बंगले का नंबर बतला दिया था। बंगला आसानी से मिल गया। गाटक पर साइनबोर्ड था,"
2,232,पंडित,"क्षमा कीजिएगा बाबू साहब, मेरा स्वास्थ्य अच्छा नहीं है। आप यहां किसी आफिस में हैं?",named_dash_quote,"संध्या समय जब जालपा ने नई साड़ी और नए जूते पहने, घड़ी कलाई पर बांधी और आईने में अपनी सूरत देखी, तो मारे गर्व और उल्लास के उसका मुखमंडल प्रज्वलित हो उठा। उसने उन चीज़ों के लौटाने के लिए सच्चे दिल से कहा हो, पर इस समय वह इतना त्याग करने को तैयार न थी। संध्या समय जालपा और रमा छावनी की ओर चले। महिला ने केवल बंगले का नंबर बतला दिया था। बंगला आसानी से मिल गया। गाटक पर साइनबोर्ड था,'इन्दुभूषण, ऐडवोकेट, हाईकोर्ट' अब रमा को मालूम हुआ कि वह महिला पं. इन्दुभूषण की पत्नी थी। पंडितजी काशी के नामी वकील थे। रमा ने उन्हें कितनी ही बार देखा था, पर इतने बडे आदमी से परिचय का सौभाग्य उसे कैसे होता! छः महीने पहले वह कल्पना भी न कर सकता था, कि किसी दिन उसे उनके घर निमंत्रित होने का गौरव प्राप्त होगा, पर जालपा की बदौलत आज वह अनहोनी बात हो गई। वह काशी के बडे वकील का मेहमान था। रमा ने सोचा था कि बहुत से स्त्री-पुरूष निमंत्रित होंगे, पर यहां वकील साहब और उनकी पत्नी रतन के सिवा और कोई न था। रतन इन दोनों को देखते ही बरामदे में निकल आई और उनसे हाथ मिलाकर अंदर ले गई और अपने पति से उनका परिचय कराया। पंडितजी ने आरामकुर्सी पर लेटे-ही-लेटे दोनों मेहमानों से हाथ मिलाया और मुस्कराकर कहा, 'क्षमा कीजिएगा बाबू साहब, मेरा स्वास्थ्य अच्छा नहीं है। आप यहां किसी आफिस में हैं?'","अब रमा को मालूम हुआ कि वह महिला पं. इन्दुभूषण की पत्नी थी। पंडितजी काशी के नामी वकील थे। रमा ने उन्हें कितनी ही बार देखा था, पर इतने बडे आदमी से परिचय का सौभाग्य उसे कैसे होता! छः महीने पहले वह कल्पना भी न कर सकता था, कि किसी दिन उसे उनके घर निमंत्रित होने का गौरव प्राप्त होगा, पर जालपा की बदौलत आज वह अनहोनी बात हो गई। वह काशी के बडे वकील का मेहमान था। रमा ने सोचा था कि बहुत से स्त्री-पुरूष निमंत्रित होंगे, पर यहां वकील साहब और उनकी पत्नी रतन के सिवा और कोई न था। रतन इन दोनों को देखते ही बरामदे में निकल आई और उनसे हाथ मिलाकर अंदर ले गई और अपने पति से उनका परिचय कराया। पंडितजी ने आरामकुर्सी पर लेटे-ही-लेटे दोनों मेहमानों से हाथ मिलाया और मुस्कराकर कहा,"
2,233,रमानाथ,"जी हां, म्युनिसिपल आफिस में हूं। अभी हाल ही में आया हूं। कानून की तरफ जाने का इरादा था, पर नए वकीलों की यहां जो हालत हो रही है, उसे देखकर हिम्मत न पड़ी।",named_comma_quote,"रमा ने झेंपते हुए कहा,'जी हां, म्युनिसिपल आफिस में हूं। अभी हाल ही में आया हूं। कानून की तरफ जाने का इरादा था, पर नए वकीलों की यहां जो हालत हो रही है, उसे देखकर हिम्मत न पड़ी। '","रमा ने झेंपते हुए कहा,"
2,234,रमानाथ,"मैं पच्चीस रूपये का क्लर्क हूं, तो शायद वकील साहब उससे बातें करने में अपना अपमान समझते। बोले,",named_dash_quote,"रमा ने अपना महत्व बढ़ाने के लिए ज़रा-सा झूठ बोलना अनुचित न समझा। इसका असर बहुत अच्छा हुआ। अगर वह साफ कह देता, 'मैं पच्चीस रूपये का क्लर्क हूं, तो शायद वकील साहब उससे बातें करने में अपना अपमान समझते। बोले, 'आपने बहुत अच्छा किया जो इधर नहीं आए। वहां दो-चार साल के बाद अच्छी जगह पर पहुंच जाएंगे, यहां संभव है दस साल तक आपको कोई मुकदमा ही न मिलता।'","रमा ने अपना महत्व बढ़ाने के लिए ज़रा-सा झूठ बोलना अनुचित न समझा। इसका असर बहुत अच्छा हुआ। अगर वह साफ कह देता,"
2,236,रमानाथ,आप भी तो आएं।,named_comma_quote,"रमा ने मुस्कराकर वकील साहब से कहा, 'आप भी तो आएं। '","रमा ने मुस्कराकर वकील साहब से कहा,"
2,237,इंद्रभूषण,"आप शुरू कीजिए, मैं भी आया जाता हूं।",named_dash_quote,"वकील साहब ने लेटे-लेटे मुस्कराकर कहा, 'आप शुरू कीजिए, मैं भी आया जाता हूं।'","वकील साहब ने लेटे-लेटे मुस्कराकर कहा,"
2,239,इंद्रभूषण,"मालूम नहीं, पेट में क्या हो गया है, कि कोई चीज़ हज़म ही नहीं होती। दूध भी नहीं हज़म होता। चाय को लोग न जाने क्यों इतने शौक से पीते हैं, मुझे तो इसकी सूरत से भी डर लगता है। पीते ही बदन में ऐंठन-सी होने लगती है और आंखों से चिनगारियां-सी निकलने लगती हैं।",named_comma_quote,"वकील साहब ने मुंह सिकोड़कर पहलू बदला और बोले, 'मालूम नहीं, पेट में क्या हो गया है, कि कोई चीज़ हज़म ही नहीं होती। दूध भी नहीं हज़म होता। चाय को लोग न जाने क्यों इतने शौक से पीते हैं, मुझे तो इसकी सूरत से भी डर लगता है। पीते ही बदन में ऐंठन-सी होने लगती है और आंखों से चिनगारियां-सी निकलने लगती हैं।'","वकील साहब ने मुंह सिकोड़कर पहलू बदला और बोले,"
2,240,रमानाथ,आपने हाज़मे की कोई दवा नहीं की?,named_comma_quote,"रमा ने कहा, 'आपने हाज़मे की कोई दवा नहीं की? '","रमा ने कहा,"
2,242,रतन,मेरे पतिदेव को देखकर तुम्हें बडा आश्चर्य हुआ होगा।,named_comma_quote,"रतन ने मुस्कराकर कहा, 'मेरे पतिदेव को देखकर तुम्हें बडा आश्चर्य हुआ होगा। '","रतन ने मुस्कराकर कहा,"
2,245,जालपा,वकील साहब तुमसे चिढ़ते होंगे?,named_dash_quote,जालपा-'वकील साहब तुमसे चिढ़ते होंगे? ',जालपा-
2,246,रतन,"नहीं बहन, बिलकुल नहीं, भूलकर भी कभी मुझसे इसकी चर्चा नहीं की। उनके मुंह से कभी एक शब्द भी ऐसा नहीं निकला, जिससे उनकी मनोव्यथा प्रकट होती, पर मैं जानती हूं, यह चिंता उन्हें मारे डालती है। अपना कोई बस नहीं है। क्या करूं। मैं जितना चाहूं, ख़र्च करूं, जैसे चाहूं रहूं, कभी नहीं बोलते। जो कुछ पाते हैं, लाकर मेरे हाथ पर रख देते हैं। समझाती हूं, अब तुम्हें वकालत करने की क्या जरूरत है, आराम क्यों नहीं करते, पर इनसे घर पर बैठे रहा नहीं जाता। केवल दो चपातियों से नाता है। बहुत ज़िद की तो दो चार दाने अंगूर खा लिए। मुझे तो उन पर दया आती है, अपने से जहां तक हो सकता है, उनकी सेवा करती हूं। आख़िर वह मेरे ही लिए तो अपनी जान खपा रहे हैं।",named_comma_quote,"रतन, 'नहीं बहन, बिलकुल नहीं, भूलकर भी कभी मुझसे इसकी चर्चा नहीं की। उनके मुंह से कभी एक शब्द भी ऐसा नहीं निकला, जिससे उनकी मनोव्यथा प्रकट होती, पर मैं जानती हूं, यह चिंता उन्हें मारे डालती है। अपना कोई बस नहीं है। क्या करूं। मैं जितना चाहूं, ख़र्च करूं, जैसे चाहूं रहूं, कभी नहीं बोलते। जो कुछ पाते हैं, लाकर मेरे हाथ पर रख देते हैं। समझाती हूं, अब तुम्हें वकालत करने की क्या जरूरत है, आराम क्यों नहीं करते, पर इनसे घर पर बैठे रहा नहीं जाता। केवल दो चपातियों से नाता है। बहुत ज़िद की तो दो चार दाने अंगूर खा लिए। मुझे तो उन पर दया आती है, अपने से जहां तक हो सकता है, उनकी सेवा करती हूं। आख़िर वह मेरे ही लिए तो अपनी जान खपा रहे हैं।'","रतन,"
2,247,जालपा,ऐसे पुरूष को देवता समझना चाहिए। यहां तो एक स्त्री मरी नहीं कि दूसरा ब्याह रच गया। तीस साल अकेले रहना सबका काम नहीं है।,named_dash_quote,"जालपा-'ऐसे पुरूष को देवता समझना चाहिए। यहां तो एक स्त्री मरी नहीं कि दूसरा ब्याह रच गया। तीस साल अकेले रहना सबका काम नहीं है।' रतन-'हां बहन, हैं तो देवता ही। अब भी कभी उस स्त्री की चर्चा आ जाती है, तो रोने लगते हैं। तुम्हें उनकी तस्वीर दिखाऊंगी। देखने में जितने कठोर मालूम होते हैं, भीतर से इनका ह्रदय उतना ही नरम है। कितने ही अनाथों, विधवाओं और ग़रीबों के महीने बांधा रक्खे हैं। तुम्हारा वह कंगन तो बडा सुंदर है! '",जालपा-
2,247,रतन,"हां बहन, हैं तो देवता ही। अब भी कभी उस स्त्री की चर्चा आ जाती है, तो रोने लगते हैं। तुम्हें उनकी तस्वीर दिखाऊंगी। देखने में जितने कठोर मालूम होते हैं, भीतर से इनका ह्रदय उतना ही नरम है। कितने ही अनाथों, विधवाओं और ग़रीबों के महीने बांधा रक्खे हैं। तुम्हारा वह कंगन तो बडा सुंदर है!",named_dash_quote,"जालपा-'ऐसे पुरूष को देवता समझना चाहिए। यहां तो एक स्त्री मरी नहीं कि दूसरा ब्याह रच गया। तीस साल अकेले रहना सबका काम नहीं है।' रतन-'हां बहन, हैं तो देवता ही। अब भी कभी उस स्त्री की चर्चा आ जाती है, तो रोने लगते हैं। तुम्हें उनकी तस्वीर दिखाऊंगी। देखने में जितने कठोर मालूम होते हैं, भीतर से इनका ह्रदय उतना ही नरम है। कितने ही अनाथों, विधवाओं और ग़रीबों के महीने बांधा रक्खे हैं। तुम्हारा वह कंगन तो बडा सुंदर है! '",रतन-
2,248,जालपा,"हां, बडे अच्छे कारीगर का बनाया हुआ है।",named_dash_quote,"जालपा-'हां, बडे अच्छे कारीगर का बनाया हुआ है।'",जालपा-
2,249,रतन,"मैं तो यहां किसी को जानती ही नहीं। वकील साहब को गहनों के लिए कष्ट देने की इच्छा नहीं होती। मामूली सुनारों से बनवाते डर लगता है, न जाने क्या मिला दें। मेरी सपत्नीजी के सब गहने रक्खे हुए हैं, लेकिन वह मुझे अच्छे नहीं लगते। तुम बाबू रमानाथ से मेरे लिए ऐसा ही एक जोडाकंगन बनवा दो।",named_dash_quote,"रतन-'मैं तो यहां किसी को जानती ही नहीं। वकील साहब को गहनों के लिए कष्ट देने की इच्छा नहीं होती। मामूली सुनारों से बनवाते डर लगता है, न जाने क्या मिला दें। मेरी सपत्नीजी के सब गहने रक्खे हुए हैं, लेकिन वह मुझे अच्छे नहीं लगते। तुम बाबू रमानाथ से मेरे लिए ऐसा ही एक जोडाकंगन बनवा दो।'",रतन-
2,250,जालपा,"देखिए, पूछती हूं।",named_dash_quote,"जालपा-'देखिए, पूछती हूं।'",जालपा-
2,251,रतन,-,named_dash_quote,"रतन-'-'आज तुम्हारे आने से जी बहुत ख़ुश हुआ। दिनभर अकेली पड़ी रहती हूं। जी घबडाया करता है। किसके पास जाऊं?' किसी से परिचय नहीं और न मेरा मन ही चाहता है कि उनसे मौी करूं। दो-एक महिलाओं को बुलाया, उनके घर गई, चाहा कि उनसे बहनापा जोड़ लूं, लेकिन उनके आचार-विचार देखकर उनसे दूर रहना ही अच्छा मालूम हुआ। दोनों ही मुझे उल्लू बनाकर जटना चाहती थीं। मुझसे रूपये उधार ले गई और आज तक दे रही हैं। ऋंगार की चीज़ों पर मैंने उनका इतना प्रेम देखा, कि कहते लज्जा आती है। तुम घड़ी-आधा घड़ी के लिए रोज़ चली आया करो बहन।'",रतन-
2,251,Unknown,"किसी से परिचय नहीं और न मेरा मन ही चाहता है कि उनसे मौी करूं। दो-एक महिलाओं को बुलाया, उनके घर गई, चाहा कि उनसे बहनापा जोड़ लूं, लेकिन उनके आचार-विचार देखकर उनसे दूर रहना ही अच्छा मालूम हुआ। दोनों ही मुझे उल्लू बनाकर जटना चाहती थीं। मुझसे रूपये उधार ले गई और आज तक दे रही हैं। ऋंगार की चीज़ों पर मैंने उनका इतना प्रेम देखा, कि कहते लज्जा आती है। तुम घड़ी-आधा घड़ी के लिए रोज़ चली आया करो बहन।",unattributed_quote,"रतन-'-'आज तुम्हारे आने से जी बहुत ख़ुश हुआ। दिनभर अकेली पड़ी रहती हूं। जी घबडाया करता है। किसके पास जाऊं?' किसी से परिचय नहीं और न मेरा मन ही चाहता है कि उनसे मौी करूं। दो-एक महिलाओं को बुलाया, उनके घर गई, चाहा कि उनसे बहनापा जोड़ लूं, लेकिन उनके आचार-विचार देखकर उनसे दूर रहना ही अच्छा मालूम हुआ। दोनों ही मुझे उल्लू बनाकर जटना चाहती थीं। मुझसे रूपये उधार ले गई और आज तक दे रही हैं। ऋंगार की चीज़ों पर मैंने उनका इतना प्रेम देखा, कि कहते लज्जा आती है। तुम घड़ी-आधा घड़ी के लिए रोज़ चली आया करो बहन।'",आज तुम्हारे आने से जी बहुत ख़ुश हुआ। दिनभर अकेली पड़ी रहती हूं। जी घबडाया करता है। किसके पास जाऊं?
2,252,जालपा,वाह इससे अच्छा और क्या होगा.,named_dash_quote,जालपा-'वाह इससे अच्छा और क्या होगा.',जालपा-
2,253,रतन,मैं मोटर भेज दिया करूंगी।,named_dash_quote,रतन-'मैं मोटर भेज दिया करूंगी।',रतन-
2,254,जालपा,क्या जरूरत है। तांगे तो मिलते ही हैं।,named_dash_quote,जालपा-'क्या जरूरत है। तांगे तो मिलते ही हैं।',जालपा-
2,255,रतन,न-जाने क्यों तुम्हें छोड़ने को जी नहीं चाहता। तुम्हें पाकर रमानाथजी अपना भाग्य सराहते होंगे।,named_dash_quote,रतन-'न-जाने क्यों तुम्हें छोड़ने को जी नहीं चाहता। तुम्हें पाकर रमानाथजी अपना भाग्य सराहते होंगे।',रतन-
2,256,जालपा,"भाग्य-वाग्य तो कहीं नहीं सराहते, घुड़कियां जमाया करते हैं।",named_comma_quote,"जालपा ने मुस्कराकर कहा, 'भाग्य-वाग्य तो कहीं नहीं सराहते, घुड़कियां जमाया करते हैं।'","जालपा ने मुस्कराकर कहा,"
2,257,रतन,"सच! मुझे तो विश्वास नहीं आता। लो, वह भी तो आ गए। पूछना,ऐसा दूसरा कंगन बनवा देंगे।",named_dash_quote,"रतन-'सच! मुझे तो विश्वास नहीं आता। लो, वह भी तो आ गए। पूछना,ऐसा दूसरा कंगन बनवा देंगे।'",रतन-
2,258,जालपा,(रमा से) क्यों चरनदास से कहा जाए तो ऐसा कंगन कितने दिन में बना देगा! रतन ऐसा ही कंगन बनवाना चाहती हैं।,named_dash_quote,"जालपा-'(रमा से) क्यों चरनदास से कहा जाए तो ऐसा कंगन कितने दिन में बना देगा! रतन ऐसा ही कंगन बनवाना चाहती हैं।' रमा ने तत्परता से कहा-'हां, बना क्यों नहीं सकता इससे बहुत अच्छे बना सकता है।-'",जालपा-
2,258,रमानाथ,"हां, बना क्यों नहीं सकता इससे बहुत अच्छे बना सकता है।-",named_dash_quote,"जालपा-'(रमा से) क्यों चरनदास से कहा जाए तो ऐसा कंगन कितने दिन में बना देगा! रतन ऐसा ही कंगन बनवाना चाहती हैं।' रमा ने तत्परता से कहा-'हां, बना क्यों नहीं सकता इससे बहुत अच्छे बना सकता है।-'",रमा ने तत्परता से कहा-
2,259,रतन,इस जोड़े के क्या लिए थे?,named_dash_quote,रतन-'इस जोड़े के क्या लिए थे? ',रतन-
2,260,जालपा,आठ सौ के थे।,named_dash_quote,जालपा-'आठ सौ के थे।',जालपा-
2,261,रतन,"कोई हरज़ नहीं, मगर बिलकुल ऐसा ही हो, इसी नमूने का।",named_dash_quote,"रतन-'कोई हरज़ नहीं, मगर बिलकुल ऐसा ही हो, इसी नमूने का।' रमा-'हां-हां, बनवा दूंगा। '",रतन-
2,261,रमानाथ,"हां-हां, बनवा दूंगा।",named_dash_quote,"रतन-'कोई हरज़ नहीं, मगर बिलकुल ऐसा ही हो, इसी नमूने का।' रमा-'हां-हां, बनवा दूंगा। '",रमा-
2,262,रतन,"मगर भाई, अभी मेरे पास रूपये नहीं हैं।",unquoted_dash,"रतन- 'मगर भाई, अभी मेरे पास रूपये नहीं हैं।",रतन
2,264,रतन,तो कब तक आशा करूं?,named_dash_quote,रतन-'तो कब तक आशा करूं? ',रतन-
2,265,रमानाथ,"मैं आज ही सर्राफ से कह दूंगा, तब भी पंद्रह दिन तो लग हीजाएंगे।",named_dash_quote,"रमानाथ-'मैं आज ही सर्राफ से कह दूंगा, तब भी पंद्रह दिन तो लग हीजाएंगे।'",रमानाथ-
2,266,जालपा,अब की रविवार को मेरे ही घर चाय पीजिएगा।,named_dash_quote,जालपा-'अब की रविवार को मेरे ही घर चाय पीजिएगा। ',जालपा-
2,268,रमेश,"नहीं, अभी तो चला आ रहा हूं। क्या वकील साहब के यहां गए थे?",named_dash_quote,"रमेश-'नहीं, अभी तो चला आ रहा हूं। क्या वकील साहब के यहां गए थे?'",रमेश-
2,269,रमानाथ,"जी हां, तीन रूपये की चपत पड़ गई।",named_dash_quote,"रमा-'जी हां, तीन रूपये की चपत पड़ गई।'",रमा-
2,270,रमेश,"कोई हरज़ नहीं, यह रूपये वसूल हो जाएंगे। बडे आदमियों से राहरस्म हो जाय तो बुरा नहीं है, बड़े-बडे काम निकलते हैं। एक दिन उन लोगों को भी तो बुलाओ।",named_dash_quote,"रमेश-'कोई हरज़ नहीं, यह रूपये वसूल हो जाएंगे। बडे आदमियों से राहरस्म हो जाय तो बुरा नहीं है, बड़े-बडे काम निकलते हैं। एक दिन उन लोगों को भी तो बुलाओ।'",रमेश-
2,271,रमानाथ,अबकी इतवार को चाय की दावत दे आया हूं।,named_dash_quote,"रमा-'अबकी इतवार को चाय की दावत दे आया हूं।' रमेश-'कहो तो मैं भी आ जाऊं। जानते हो न वकील साहब के एक भाई इंजीनियर हैं। मेरे एक साले बहुत दिनों से बेकार बैठे हैं। अगर वकील साहब उसकी सिफारिश कर दें, तो ग़रीब को जगह मिल जाय। तुम ज़रा मेरा इंट्रोडक्शन करा देना, बाकी और सब मैं कर लूंगा। पार्टी का इंतजाम ईश्वर ने चाहा, तो ऐसा होगा कि मेमसाहब ख़ुश हो जाएंगी। चाय के सेट, शीशे के रंगीन गुलदानऔर फानूस मैं ला दूंगा। कुर्सियां, मेज़ें, फर्श सब मेरे ऊपर छोड़ दो। न कुली की जरूरत, न मजूर की। उन्हीं मूसलचंद को रगेदूंगा।'",रमा-
2,271,रमेश,"कहो तो मैं भी आ जाऊं। जानते हो न वकील साहब के एक भाई इंजीनियर हैं। मेरे एक साले बहुत दिनों से बेकार बैठे हैं। अगर वकील साहब उसकी सिफारिश कर दें, तो ग़रीब को जगह मिल जाय। तुम ज़रा मेरा इंट्रोडक्शन करा देना, बाकी और सब मैं कर लूंगा। पार्टी का इंतजाम ईश्वर ने चाहा, तो ऐसा होगा कि मेमसाहब ख़ुश हो जाएंगी। चाय के सेट, शीशे के रंगीन गुलदानऔर फानूस मैं ला दूंगा। कुर्सियां, मेज़ें, फर्श सब मेरे ऊपर छोड़ दो। न कुली की जरूरत, न मजूर की। उन्हीं मूसलचंद को रगेदूंगा।",named_dash_quote,"रमा-'अबकी इतवार को चाय की दावत दे आया हूं।' रमेश-'कहो तो मैं भी आ जाऊं। जानते हो न वकील साहब के एक भाई इंजीनियर हैं। मेरे एक साले बहुत दिनों से बेकार बैठे हैं। अगर वकील साहब उसकी सिफारिश कर दें, तो ग़रीब को जगह मिल जाय। तुम ज़रा मेरा इंट्रोडक्शन करा देना, बाकी और सब मैं कर लूंगा। पार्टी का इंतजाम ईश्वर ने चाहा, तो ऐसा होगा कि मेमसाहब ख़ुश हो जाएंगी। चाय के सेट, शीशे के रंगीन गुलदानऔर फानूस मैं ला दूंगा। कुर्सियां, मेज़ें, फर्श सब मेरे ऊपर छोड़ दो। न कुली की जरूरत, न मजूर की। उन्हीं मूसलचंद को रगेदूंगा।'",रमेश-
2,272,रमानाथ,तब तो बडा मज़ा रहेगा। मैं तो बडी चिंता में पडा हुआ था।,named_dash_quote,रमानाथ-'तब तो बडा मज़ा रहेगा। मैं तो बडी चिंता में पडा हुआ था।',रमानाथ-
2,273,रमेश,"चिंता की कोई बात नहीं, उसी लौंडे को जोत दूंगा। कहूंगा, जगह चाहते हो तो कारगुजारी दिखाओ। फिर देखना, कैसी दौड़-धूप करता है।",named_dash_quote,"रमेश-'चिंता की कोई बात नहीं, उसी लौंडे को जोत दूंगा। कहूंगा, जगह चाहते हो तो कारगुजारी दिखाओ। फिर देखना, कैसी दौड़-धूप करता है।' रमानाथ-'अभी दो-तीन महीने हुए आप अपने साले को कहीं नौकर रखा चुके हैं न?'",रमेश-
2,273,रमानाथ,अभी दो-तीन महीने हुए आप अपने साले को कहीं नौकर रखा चुके हैं न?,named_dash_quote,"रमेश-'चिंता की कोई बात नहीं, उसी लौंडे को जोत दूंगा। कहूंगा, जगह चाहते हो तो कारगुजारी दिखाओ। फिर देखना, कैसी दौड़-धूप करता है।' रमानाथ-'अभी दो-तीन महीने हुए आप अपने साले को कहीं नौकर रखा चुके हैं न?'",रमानाथ-
2,274,रमेश,"अजी, अभी छः और बाकी हैं। पूरे सात जीव हैं। ज़रा बैठ जाओ, ज़रूरी चीज़ों की सूची बना ली जाए। आज ही से दौड़-धूप होगी, तब सब चीजें जुटा सकूंगा। और कितने मेहमान होंगे?",named_dash_quote,"रमेश-'अजी, अभी छः और बाकी हैं। पूरे सात जीव हैं। ज़रा बैठ जाओ, ज़रूरी चीज़ों की सूची बना ली जाए। आज ही से दौड़-धूप होगी, तब सब चीजें जुटा सकूंगा। और कितने मेहमान होंगे? '",रमेश-
2,275,रमानाथ,"मेम साहब होंगी, और शायद वकील साहब भी आएं।",named_dash_quote,"रमानाथ-'मेम साहब होंगी, और शायद वकील साहब भी आएं।'",रमानाथ-
2,276,रमेश,"यह बहुत अच्छा किया। बहुत-से आदमी हो जाते, तो भभ्भड़ हो जाता। हमें तो मेम साहब से काम है। ठलुओं की ख़ुशामद करने से क्या फायदा?",named_dash_quote,"रमेश-'यह बहुत अच्छा किया। बहुत-से आदमी हो जाते, तो भभ्भड़ हो जाता। हमें तो मेम साहब से काम है। ठलुओं की ख़ुशामद करने से क्या फायदा? ' दोनों आदमियों ने सूची तैयार की। रमेश बाबू ने दूसरे ही दिन से सामान जमा करना शुरू किया। उनकी पहुंच अच्छे-अच्छे घरों में थी। सजावट की अच्छी-अच्छी चीज़ें बटोर लाए, सारा घर जगमगा उठा। दयानाथ भी इन तैयारियों में शरीक थे। चीज़ों को करीने से सजाना उनका काम था। कौन गमला कहां रक्खा जाय, कौन तस्वीर कहां लटकाई जाय, कौन?सा गलीचा कहां बिछाया जाय, इन प्रश्नों पर तीनों मनुष्यों में घंटों वाद-विवाद होता था। दफ्तर जाने के पहले और दफ्तर से आने के बाद तीनों इन्हीं कामों में जुट जाते थे। एक दिन इस बात पर बहस छिड़ गई कि कमरे में आईना कहां रखा जाय। दयानाथ कहते थे, इस कमरे में आईने की जरूरत नहीं। आईना पीछे वाले कमरे में रखना चाहिए। रमेश इसका विरोध कर रहे थे। रमा दुविधो में चुपचाप खडाथा। न इनकी-सी कह सकता था, न उनकी-सी।",रमेश-
2,277,दयानाथ,"मैंने सैकड़ों अंगरेज़ों के ड्राइंग-ईम देखे हैं, कहीं आईना नहीं देखा। आईना ऋंगार के कमरे में रहना चाहिए। यहां आईना रखना बेतुकी-सी बात है।",named_dash_quote,"दयानाथ-'मैंने सैकड़ों अंगरेज़ों के ड्राइंग-ईम देखे हैं, कहीं आईना नहीं देखा। आईना ऋंगार के कमरे में रहना चाहिए। यहां आईना रखना बेतुकी-सी बात है।'",दयानाथ-
2,278,रमेश,"मुझे सैकड़ों अंगरेज़ों के कमरों को देखने का अवसर तो नहीं मिला है, लेकिन दो-चार जरूर देखे हैं और उनमें आईना लगा हुआ देखा। फिर क्या यह जरूरी बात है कि इन ज़रा-ज़रा-सी बातों में भी हम अंगरेज़ों की नकल करें- हम अंगरेज़ नहीं, हिन्दुस्तानी हैं। हिन्दुस्तानी रईसों के कमरे में बड़े-बड़े आदमकद आईने रक्खे जाते हैं। यह तो आपने हमारे बिगड़े हुए बाबुओं कीसी बात कही, जो पहनावे में, कमरे की सजावट में, बोली में, चाय और शराब में, चीनी की प्यालियों में, ग़रज़ दिखावे की सभी बातों में तो अंगरेज़ों का मुंह चिढ़ाते हैं, लेकिन जिन बातों ने अंगरेज़ों को अंगरेज़ बना दिया है, और जिनकी बदौलत वे दुनिया पर राज़ करते हैं, उनकी हवा तक नहीं छू जाती। क्या आपको भी बुढ़ापे में, अंगरेज़ बनने का शौक चर्राया है?",named_dash_quote,"रमेश-'मुझे सैकड़ों अंगरेज़ों के कमरों को देखने का अवसर तो नहीं मिला है, लेकिन दो-चार जरूर देखे हैं और उनमें आईना लगा हुआ देखा। फिर क्या यह जरूरी बात है कि इन ज़रा-ज़रा-सी बातों में भी हम अंगरेज़ों की नकल करें- हम अंगरेज़ नहीं, हिन्दुस्तानी हैं। हिन्दुस्तानी रईसों के कमरे में बड़े-बड़े आदमकद आईने रक्खे जाते हैं। यह तो आपने हमारे बिगड़े हुए बाबुओं कीसी बात कही, जो पहनावे में, कमरे की सजावट में, बोली में, चाय और शराब में, चीनी की प्यालियों में, ग़रज़ दिखावे की सभी बातों में तो अंगरेज़ों का मुंह चिढ़ाते हैं, लेकिन जिन बातों ने अंगरेज़ों को अंगरेज़ बना दिया है, और जिनकी बदौलत वे दुनिया पर राज़ करते हैं, उनकी हवा तक नहीं छू जाती। क्या आपको भी बुढ़ापे में, अंगरेज़ बनने का शौक चर्राया है?'",रमेश-
2,279,दयानाथ,"हिन्दुस्तानी रईसों के कमरे में मेज़ें-कुर्सियां नहीं होतीं, फर्श होता है। आपने कुर्सी-मेज़ लगाकर इसे अंगरेज़ी ढंग पर तो बना दिया, अब आईने के लिए हिन्दुस्तानियों की मिसाल दे रहे हैं। या तो हिन्दुस्तानी रखिए या अंगरेज़ीब यह क्या कि आधा तीतर आधा बटेरब कोटपतलून पर चौगोशिया टोपी तो नहीं अच्छी मालूम होती! रमेश बाबू ने समझा था कि दयानाथ की ज़बान बंद हो जायगी, लेकिन यह जवाब सुना तो चकराए। मैदान हाथ से जाता हुआ दिखाई दिया। बोले,",named_dash_quote,"दयानाथ अंगरेजों की नकल को बहुत बुरा समझते थे। यह चाय-पार्टी भी उन्हें बुरी मालूम हो रही थी। अगर कुछ संतोष था, तो यही कि दो-चार बडे आदमियों से परिचय हो जायगा। उन्होंने अपनी जिंदगी में कभी कोट नहीं पहना था। चाय पीते थे, मगर चीनी के सेट की कैद न थी। कटोरा-कटोरी, गिलास, लोटा-तसला किसी से भी उन्हें आपत्ति न थी, लेकिन इस वक्त उन्हें अपना पक्ष निभाने की पड़ी थी। बोले, 'हिन्दुस्तानी रईसों के कमरे में मेज़ें-कुर्सियां नहीं होतीं, फर्श होता है। आपने कुर्सी-मेज़ लगाकर इसे अंगरेज़ी ढंग पर तो बना दिया, अब आईने के लिए हिन्दुस्तानियों की मिसाल दे रहे हैं। या तो हिन्दुस्तानी रखिए या अंगरेज़ीब यह क्या कि आधा तीतर आधा बटेरब कोटपतलून पर चौगोशिया टोपी तो नहीं अच्छी मालूम होती! रमेश बाबू ने समझा था कि दयानाथ की ज़बान बंद हो जायगी, लेकिन यह जवाब सुना तो चकराए। मैदान हाथ से जाता हुआ दिखाई दिया। बोले, 'तो आपने किसी अंगरेज़ के कमरे में आईना नहीं देखा- भला ऐसे दस-पांच अंगरेजों के नाम तो बताइए? एक आपका वही किरंटा हेड क्लर्क है, उसके सिवा और किसी अंगरेज़ के कमरे में तो शायद आपने कदम भी न रक्खा हो उसी किरंटे को आपने अंगरेज़ी रूचि का आदर्श समझ लिया है खूब! मानता हूं।' दयानाथ-'यह तो आपकी ज़बान है, उसे किरंटा, चमरेशियन, पिलपिली जो चाहे कहें, लेकिन रंग को छोड़कर वह किसी बात में अंगरेज़ों से कम नहीं। और उसके पहले तो योरोपियन था।","दयानाथ अंगरेजों की नकल को बहुत बुरा समझते थे। यह चाय-पार्टी भी उन्हें बुरी मालूम हो रही थी। अगर कुछ संतोष था, तो यही कि दो-चार बडे आदमियों से परिचय हो जायगा। उन्होंने अपनी जिंदगी में कभी कोट नहीं पहना था। चाय पीते थे, मगर चीनी के सेट की कैद न थी। कटोरा-कटोरी, गिलास, लोटा-तसला किसी से भी उन्हें आपत्ति न थी, लेकिन इस वक्त उन्हें अपना पक्ष निभाने की पड़ी थी। बोले,"
2,279,Unknown,दयानाथ-,unattributed_quote,"दयानाथ अंगरेजों की नकल को बहुत बुरा समझते थे। यह चाय-पार्टी भी उन्हें बुरी मालूम हो रही थी। अगर कुछ संतोष था, तो यही कि दो-चार बडे आदमियों से परिचय हो जायगा। उन्होंने अपनी जिंदगी में कभी कोट नहीं पहना था। चाय पीते थे, मगर चीनी के सेट की कैद न थी। कटोरा-कटोरी, गिलास, लोटा-तसला किसी से भी उन्हें आपत्ति न थी, लेकिन इस वक्त उन्हें अपना पक्ष निभाने की पड़ी थी। बोले, 'हिन्दुस्तानी रईसों के कमरे में मेज़ें-कुर्सियां नहीं होतीं, फर्श होता है। आपने कुर्सी-मेज़ लगाकर इसे अंगरेज़ी ढंग पर तो बना दिया, अब आईने के लिए हिन्दुस्तानियों की मिसाल दे रहे हैं। या तो हिन्दुस्तानी रखिए या अंगरेज़ीब यह क्या कि आधा तीतर आधा बटेरब कोटपतलून पर चौगोशिया टोपी तो नहीं अच्छी मालूम होती! रमेश बाबू ने समझा था कि दयानाथ की ज़बान बंद हो जायगी, लेकिन यह जवाब सुना तो चकराए। मैदान हाथ से जाता हुआ दिखाई दिया। बोले, 'तो आपने किसी अंगरेज़ के कमरे में आईना नहीं देखा- भला ऐसे दस-पांच अंगरेजों के नाम तो बताइए? एक आपका वही किरंटा हेड क्लर्क है, उसके सिवा और किसी अंगरेज़ के कमरे में तो शायद आपने कदम भी न रक्खा हो उसी किरंटे को आपने अंगरेज़ी रूचि का आदर्श समझ लिया है खूब! मानता हूं।' दयानाथ-'यह तो आपकी ज़बान है, उसे किरंटा, चमरेशियन, पिलपिली जो चाहे कहें, लेकिन रंग को छोड़कर वह किसी बात में अंगरेज़ों से कम नहीं। और उसके पहले तो योरोपियन था।","तो आपने किसी अंगरेज़ के कमरे में आईना नहीं देखा- भला ऐसे दस-पांच अंगरेजों के नाम तो बताइए? एक आपका वही किरंटा हेड क्लर्क है, उसके सिवा और किसी अंगरेज़ के कमरे में तो शायद आपने कदम भी न रक्खा हो उसी किरंटे को आपने अंगरेज़ी रूचि का आदर्श समझ लिया है खूब! मानता हूं।"
2,280,रतन,"आइए, यह मेरे पिता हैं, और यह मेरे दोस्त रमेश बाबू हैं, लेकिन उन दोनों सज्जनों ने न हाथ बढ़ाया और न जगह से हिले। सकपकाए- से खड़े रहे। रतन ने भी उनसे हाथ मिलाने की जरूरत न समझी। दूर ही से उनको नमस्कार करके रमा से बोली,",named_comma_quote,"रमेश इसका कोई जवाब सोच ही रहे थे कि एक मोटरकार द्वार पर आकर रूकी, और रतनबाई उतरकर बरामदे में आई। तीनों आदमी चटपट बाहर निकल आए। रमा को इस वक्त रतन का आना बुरा मालूम हुआ। डर रहा था कि कहीं कमरे में भी न चली आए, नहीं तो सारी कलई खुल जाए। आगे बढ़कर हाथ मिलाता हुआ बोला, 'आइए, यह मेरे पिता हैं, और यह मेरे दोस्त रमेश बाबू हैं, लेकिन उन दोनों सज्जनों ने न हाथ बढ़ाया और न जगह से हिले। सकपकाए- से खड़े रहे। रतन ने भी उनसे हाथ मिलाने की जरूरत न समझी। दूर ही से उनको नमस्कार करके रमा से बोली, 'नहीं, बैठूंगी नहीं। इस वक्त फुरसत नहीं है। आपसे कुछ कहना था।' यह कहते हुए वह रमा के साथ मोटर तक आई और आहिस्ता से बोली, 'आपने सर्राफ से कह तो दिया होगा? '","रमेश इसका कोई जवाब सोच ही रहे थे कि एक मोटरकार द्वार पर आकर रूकी, और रतनबाई उतरकर बरामदे में आई। तीनों आदमी चटपट बाहर निकल आए। रमा को इस वक्त रतन का आना बुरा मालूम हुआ। डर रहा था कि कहीं कमरे में भी न चली आए, नहीं तो सारी कलई खुल जाए। आगे बढ़कर हाथ मिलाता हुआ बोला,"
2,280,Unknown,"यह कहते हुए वह रमा के साथ मोटर तक आई और आहिस्ता से बोली,",unattributed_quote,"रमेश इसका कोई जवाब सोच ही रहे थे कि एक मोटरकार द्वार पर आकर रूकी, और रतनबाई उतरकर बरामदे में आई। तीनों आदमी चटपट बाहर निकल आए। रमा को इस वक्त रतन का आना बुरा मालूम हुआ। डर रहा था कि कहीं कमरे में भी न चली आए, नहीं तो सारी कलई खुल जाए। आगे बढ़कर हाथ मिलाता हुआ बोला, 'आइए, यह मेरे पिता हैं, और यह मेरे दोस्त रमेश बाबू हैं, लेकिन उन दोनों सज्जनों ने न हाथ बढ़ाया और न जगह से हिले। सकपकाए- से खड़े रहे। रतन ने भी उनसे हाथ मिलाने की जरूरत न समझी। दूर ही से उनको नमस्कार करके रमा से बोली, 'नहीं, बैठूंगी नहीं। इस वक्त फुरसत नहीं है। आपसे कुछ कहना था।' यह कहते हुए वह रमा के साथ मोटर तक आई और आहिस्ता से बोली, 'आपने सर्राफ से कह तो दिया होगा? '","नहीं, बैठूंगी नहीं। इस वक्त फुरसत नहीं है। आपसे कुछ कहना था।"
2,281,रमानाथ,"जी हां, बना रहा है।",named_comma_quote,"रमा ने निःसंकोच होकर कहा, 'जी हां, बना रहा है।'","रमा ने निःसंकोच होकर कहा,"
2,282,रतन,"उस दिन मैंने कहा था, अभी रूपये न दे सकूंगी, पर मैंने समझा शायद आपको कष्ट हो, इसलिए रूपये मंगवा लिए। आठ सौ चाहिए न?",named_dash_quote,"रतन-'उस दिन मैंने कहा था, अभी रूपये न दे सकूंगी, पर मैंने समझा शायद आपको कष्ट हो, इसलिए रूपये मंगवा लिए। आठ सौ चाहिए न?'",रतन-
2,283,जालपा,"नहीं, मुझे तो वही पसंद है। आप छः सौ का ही बनवाइए।",named_dash_quote,"जालपा ने कंगन के दाम आठ सौ बताए थे। रमा चाहता तो इतने रूपये ले सकता था। पर रतन की सरलता और विश्वास ने उसके हाथ पकड़ लिए। ऐसी उदार, निष्कपट रमणी के साथ वह विश्वासघात न कर सका। वह व्यापारियों से दो-दो, चार-चार आने लेते ज़रा भी न झिझकता था। वह जानता था कि वे सब भी ग्राहकों को उल्टे छुरे से मूंड़ते हैं। ऐसों के साथ ऐसा व्यवहार करते हुए उसकी आत्मा को लेशमात्र भी संकोच न होता था, लेकिन इस देवी के साथ यह कपट व्यवहार करने के लिए किसी पुराने पापी की जरूरत थी। कुछ सकुचाता हुआ बोला,क्या जालपा ने कंगन के दाम आठ सौ बतलाए थे? उसे शायद याद न रही होगी। उसके कंगन छः सौ के हैं। आप चाहें तो आठ सौ का बनवा दूं! रतन-'नहीं, मुझे तो वही पसंद है। आप छः सौ का ही बनवाइए।'","जालपा ने कंगन के दाम आठ सौ बताए थे। रमा चाहता तो इतने रूपये ले सकता था। पर रतन की सरलता और विश्वास ने उसके हाथ पकड़ लिए। ऐसी उदार, निष्कपट रमणी के साथ वह विश्वासघात न कर सका। वह व्यापारियों से दो-दो, चार-चार आने लेते ज़रा भी न झिझकता था। वह जानता था कि वे सब भी ग्राहकों को उल्टे छुरे से मूंड़ते हैं। ऐसों के साथ ऐसा व्यवहार करते हुए उसकी आत्मा को लेशमात्र भी संकोच न होता था, लेकिन इस देवी के साथ यह कपट व्यवहार करने के लिए किसी पुराने पापी की जरूरत थी। कुछ सकुचाता हुआ बोला,क्या जालपा ने कंगन के दाम आठ सौ बतलाए थे? उसे शायद याद न रही होगी। उसके कंगन छः सौ के हैं। आप चाहें तो आठ सौ का बनवा दूं! रतन-"
2,285,रमानाथ,"ऐसी जल्दी क्या थी, चीज़ तैयार हो जाती, तब हिसाब हो जाता।",named_comma_quote,"रमा ने कहा, 'ऐसी जल्दी क्या थी, चीज़ तैयार हो जाती, तब हिसाब हो जाता।'","रमा ने कहा,"
2,286,रतन,"मेरे पास रूपये खर्च हो जाते। इसलिए मैंने सोचा, आपके सिर पर लाद आऊं। मेरी आदत है कि जो काम करती हूं, जल्द-से-जल्द कर डालती हूं। विलंब से मुझे उलझन होती है।",named_dash_quote,"रतन-'मेरे पास रूपये खर्च हो जाते। इसलिए मैंने सोचा, आपके सिर पर लाद आऊं। मेरी आदत है कि जो काम करती हूं, जल्द-से-जल्द कर डालती हूं। विलंब से मुझे उलझन होती है।'",रतन-
2,288,दयानाथ,"जी हां, आंखें खुली हुई थीं। अब मेरे घर में भी वही हवा आ रही है। ईश्वर ही बचावे।",named_dash_quote,"दयानाथ-'जी हां, आंखें खुली हुई थीं। अब मेरे घर में भी वही हवा आ रही है। ईश्वर ही बचावे।'",दयानाथ-
2,289,रमेश,"बात तो ऐसी ही है, पर आजकल ऐसी ही औरतों का काम है। जरूरत पड़े, तो कुछ मदद तो कर सकती हैं। बीमार पड़ जाओ तो डाक्टर को तो बुला ला सकती हैं। यहां तो चाहे हम मर जाएं, तब भी क्या मजाल कि स्त्री घर से बाहर पांव निकाले।",named_dash_quote,"रमेश-'बात तो ऐसी ही है, पर आजकल ऐसी ही औरतों का काम है। जरूरत पड़े, तो कुछ मदद तो कर सकती हैं। बीमार पड़ जाओ तो डाक्टर को तो बुला ला सकती हैं। यहां तो चाहे हम मर जाएं, तब भी क्या मजाल कि स्त्री घर से बाहर पांव निकाले।'",रमेश-
2,290,दयानाथ,"हमसे तो भाई, यह अंगरेज़ियत नहीं देखी जाती। क्या करें। संतान की ममता है, नहीं तो यही जी चाहता है कि रमा से साफ कह दूं, भैया अपना घर अलग लेकर रहो आंख फटी, पीर गई। मुझे तो उन मर्दो पर क्रोध आता है, जो स्त्रियों को यों सिर चढ़ाते हैं। देख लेना, एक दिन यह औरत वकील साहब को दगा देगी।",named_dash_quote,"दयानाथ-'हमसे तो भाई, यह अंगरेज़ियत नहीं देखी जाती। क्या करें। संतान की ममता है, नहीं तो यही जी चाहता है कि रमा से साफ कह दूं, भैया अपना घर अलग लेकर रहो आंख फटी, पीर गई। मुझे तो उन मर्दो पर क्रोध आता है, जो स्त्रियों को यों सिर चढ़ाते हैं। देख लेना, एक दिन यह औरत वकील साहब को दगा देगी।'",दयानाथ-
2,291,रमेश,"महाशय, इस बात में मैं तुमसे सहमत नहीं हूं। यह क्यों मान लेते हो कि जो औरत बाहर आती-जाती है, वह जरूर ही बिगड़ी हुई है? मगर रमा को मानती बहुत है। रूपये न जाने किसलिए दिए?",named_dash_quote,"रमेश-'महाशय, इस बात में मैं तुमसे सहमत नहीं हूं। यह क्यों मान लेते हो कि जो औरत बाहर आती-जाती है, वह जरूर ही बिगड़ी हुई है? मगर रमा को मानती बहुत है। रूपये न जाने किसलिए दिए? '",रमेश-
2,292,दयानाथ,मुझे तो इसमें कुछ गोलमाल मालूम होता है। रमा कहीं उससे कोई चाल न चल रहा हो?,named_dash_quote,दयानाथ-'मुझे तो इसमें कुछ गोलमाल मालूम होता है। रमा कहीं उससे कोई चाल न चल रहा हो? ',दयानाथ-
2,293,रमानाथ,"जी हां, जरूर चाल चल रहा हूं। उसे धोखा देकर रूपये ऐंठ रहा हूं। यही तो मेरा पेशा है!",named_comma_quote,"इसी समय रमा भीतर से निकला आ रहा था। अंतिम वाक्य उसके कान में पड़ गया। भौंहें चढ़ाकर बोला, 'जी हां, जरूर चाल चल रहा हूं। उसे धोखा देकर रूपये ऐंठ रहा हूं। यही तो मेरा पेशा है! '","इसी समय रमा भीतर से निकला आ रहा था। अंतिम वाक्य उसके कान में पड़ गया। भौंहें चढ़ाकर बोला,"
2,294,दयानाथ,मैंने तो कोई ऐसी बात नहीं कही।,named_comma_quote,"दयानाथ ने झेंपते हुए कहा,तो इतना बिगड़ते क्यों हो, 'मैंने तो कोई ऐसी बात नहीं कही।'","दयानाथ ने झेंपते हुए कहा,तो इतना बिगड़ते क्यों हो,"
2,295,रमानाथ,"पक्का जालिया बना दिया और क्या कहते?आपके दिल में ऐसा शुबहा क्यों आया- आपने मुझमें ऐसी कौन?सी बात देखी, जिससे आपको यह ख़याल पैदा हुआ- मैं ज़रा साफ-सुथरे कपड़े पहनता हूं, ज़रा नई प्रथा के अनुसार चलता हूं, इसके सिवा आपने मुझमें कौन?सी बुराई देखी- मैं जो कुछ ख़र्च करता हूं, ईमान से कमाकर ख़र्च करता हूं। जिस दिन धोखे और फरेब की नौबत आएगी, ज़हर खाकर प्राण दे दूंगा। हां, यह बात है कि किसी को ख़र्च करने की तमीज़ होती है, किसी को नहीं होती। वह अपनी सुबुद्धि है, अगर इसे आप धोखेबाज़ी समझें, तो आपको अख्तियार है। जब आपकी तरफ से मेरे विषय में ऐसे संशय होने लगे, तो मेरे लिए यही अच्छा है कि मुंह में कालिख लगाकर कहीं निकल जाऊं। रमेश बाबू यहां मौजूद हैं। आप इनसे मेरे विषय में जो कुछ चाहें, पूछ सकते हैं। यह मेरे खातिर झूठ न बोलेंगे।",named_dash_quote,"रमानाथ-'पक्का जालिया बना दिया और क्या कहते?आपके दिल में ऐसा शुबहा क्यों आया- आपने मुझमें ऐसी कौन?सी बात देखी, जिससे आपको यह ख़याल पैदा हुआ- मैं ज़रा साफ-सुथरे कपड़े पहनता हूं, ज़रा नई प्रथा के अनुसार चलता हूं, इसके सिवा आपने मुझमें कौन?सी बुराई देखी- मैं जो कुछ ख़र्च करता हूं, ईमान से कमाकर ख़र्च करता हूं। जिस दिन धोखे और फरेब की नौबत आएगी, ज़हर खाकर प्राण दे दूंगा। हां, यह बात है कि किसी को ख़र्च करने की तमीज़ होती है, किसी को नहीं होती। वह अपनी सुबुद्धि है, अगर इसे आप धोखेबाज़ी समझें, तो आपको अख्तियार है। जब आपकी तरफ से मेरे विषय में ऐसे संशय होने लगे, तो मेरे लिए यही अच्छा है कि मुंह में कालिख लगाकर कहीं निकल जाऊं। रमेश बाबू यहां मौजूद हैं। आप इनसे मेरे विषय में जो कुछ चाहें, पूछ सकते हैं। यह मेरे खातिर झूठ न बोलेंगे।'",रमानाथ-
2,296,Unknown,"जिस दिन मुझे मालूम हो जायगा कि तुमने यह ढंग अख्तियार किया है, उसके पहले मैं मुंह में कालिख लगाकर निकल जाऊंगा। तुम्हारा बढ़ता हुआ ख़र्च देखकर मेरे मन में संदेह हुआ था, मैं इसे छिपाता नहीं हूं, लेकिन जब तुम कह रहे हो तुम्हारी नीयत साफ है, तो मैं संतुष्ट हूं। मैं केवल इतना ही चाहता हूं कि मेरा लड़का चाहे ग़रीब रहे, पर नीयत न बिगाड़े। मेरी ईश्वर से यही प्रार्थना है कि वह तुम्हें सत्पथ पर रक्खे।",unattributed_quote,"सत्य के रंग में रंगी हुई इन बातों ने दयानाथ को आश्वस्त कर दिया। बोले, 'जिस दिन मुझे मालूम हो जायगा कि तुमने यह ढंग अख्तियार किया है, उसके पहले मैं मुंह में कालिख लगाकर निकल जाऊंगा। तुम्हारा बढ़ता हुआ ख़र्च देखकर मेरे मन में संदेह हुआ था, मैं इसे छिपाता नहीं हूं, लेकिन जब तुम कह रहे हो तुम्हारी नीयत साफ है, तो मैं संतुष्ट हूं। मैं केवल इतना ही चाहता हूं कि मेरा लड़का चाहे ग़रीब रहे, पर नीयत न बिगाड़े। मेरी ईश्वर से यही प्रार्थना है कि वह तुम्हें सत्पथ पर रक्खे।'","सत्य के रंग में रंगी हुई इन बातों ने दयानाथ को आश्वस्त कर दिया। बोले,"
2,297,रमेश,"अच्छा, यह किस्सा तो हो चुका, अब यह बताओ, उसने तुम्हें रूपये किसलिए दिए! मैं गिन रहा था, छः नोट थे, शायद सौ-सौ के थे।",named_comma_quote,"रमेश ने मुस्कराकर कहा, 'अच्छा, यह किस्सा तो हो चुका, अब यह बताओ, उसने तुम्हें रूपये किसलिए दिए! मैं गिन रहा था, छः नोट थे, शायद सौ-सौ के थे।'","रमेश ने मुस्कराकर कहा,"
2,298,रमानाथ,ठग लाया हूं।,named_dash_quote,रमानाथ-'ठग लाया हूं।',रमानाथ-
2,299,रमेश,"मुझसे शरारत करोगे तो मार बैठूंगा। अगर जट ही लाए हो, तो भी मैं तुम्हारी पीठ ठोकूंगा, जीते रहो खूब जटो, लेकिन आबरू पर आंच न आने पाए । किसी को कानोंकान ख़बर न हो ईश्वर से तो मैं डरता नहीं। वह जो कुछ पूछेगा, उसका जवाब मैं दे लूंगा, मगर आदमी से डरता हूं। सच बताओ, किसलिए रूपये दिए - कुछ दलाली मिलने वाली हो तो मुझे भी शरीक कर लेना।",named_dash_quote,"रमेश-'मुझसे शरारत करोगे तो मार बैठूंगा। अगर जट ही लाए हो, तो भी मैं तुम्हारी पीठ ठोकूंगा, जीते रहो खूब जटो, लेकिन आबरू पर आंच न आने पाए । किसी को कानोंकान ख़बर न हो ईश्वर से तो मैं डरता नहीं। वह जो कुछ पूछेगा, उसका जवाब मैं दे लूंगा, मगर आदमी से डरता हूं। सच बताओ, किसलिए रूपये दिए - कुछ दलाली मिलने वाली हो तो मुझे भी शरीक कर लेना।'",रमेश-
2,300,रमानाथ,जडाऊ कंगन बनवाने को कह गई हैं।,named_dash_quote,रमानाथ-'जडाऊ कंगन बनवाने को कह गई हैं।',रमानाथ-
2,301,रमेश,"तो चलो, मैं एक अच्छे सर्राफ से बनवा दूं। यह झंझट तुमने बुरा मोल ले लिया। औरत का स्वभाव जानते नहीं। किसी पर विश्वास तो इन्हें आता ही नहीं। तुम चाहे दो-चार रूपये अपने पास ही से खर्च कर दो, पर वह यही समझेंगी कि मुझे लूट लिया। नेकनामी तो शायद ही मिले, हां, बदनामी तैयार खड़ी है।",named_dash_quote,"रमेश-'तो चलो, मैं एक अच्छे सर्राफ से बनवा दूं। यह झंझट तुमने बुरा मोल ले लिया। औरत का स्वभाव जानते नहीं। किसी पर विश्वास तो इन्हें आता ही नहीं। तुम चाहे दो-चार रूपये अपने पास ही से खर्च कर दो, पर वह यही समझेंगी कि मुझे लूट लिया। नेकनामी तो शायद ही मिले, हां, बदनामी तैयार खड़ी है।'",रमेश-
2,302,रमानाथ,आप मूर्ख स्त्रियों की बातें कर रहे हैं। शिक्षित स्त्रियां ऐसी नहीं होतीं।,named_dash_quote,रमानाथ-'आप मूर्ख स्त्रियों की बातें कर रहे हैं। शिक्षित स्त्रियां ऐसी नहीं होतीं।',रमानाथ-
2,303,जालपा,अभी तुम्हारी सहेली रतन आई थीं।,named_comma_quote,"ज़रा देर बाद रमा अंदर जाकर जालपा से बोला, 'अभी तुम्हारी सहेली रतन आई थीं।'","ज़रा देर बाद रमा अंदर जाकर जालपा से बोला,"
2,304,जालपा,सच! तब तो बडा गड़बड़ हुआ होगा। यहां कुछ तैयारी तो थी ही नहीं।,named_dash_quote,जालपा-'सच! तब तो बडा गड़बड़ हुआ होगा। यहां कुछ तैयारी तो थी ही नहीं।',जालपा-
2,305,रमानाथ,कुशल यही हुई कि कमरे में नहीं आई। कंगन के रूपये देने आई थीं। तुमने उनसे शायद आठ सौ रूपये बताए थे। मैंने छः सौ ले लिए।,named_dash_quote,"रमानाथ-'कुशल यही हुई कि कमरे में नहीं आई। कंगन के रूपये देने आई थीं। तुमने उनसे शायद आठ सौ रूपये बताए थे। मैंने छः सौ ले लिए। ' जालपा ने झेंपते हुए कहा,मैंने तो दिल्लगी की थी। जालपा ने इस तरह अपनी सफाई तो दे दी, लेकिन बहुत देर तक उसकेमन में उथल-पुथल होती रही। रमा ने अगर आठ सौ रूपये ले लिए होते, तो शायद उथल-पुथल न होती। वह अपनी सफलता पर ख़ुश होती, पर रमा के विवेक ने उसकी धर्म-बुद्धि को जगा दिया था। वह पछता रही थी कि मैं व्यर्थ झूठ बोली। यह मुझे अपने मन में कितनी नीच समझ रहे होंगे। रतन भी मुझे कितनी बेईमान समझ रही होगी।",रमानाथ-
2,306,Unknown,"पार्टी में कोई विशेष बात नहीं हुई। रतन के साथ उसकी एक नाते की बहन और थी। वकील साहब न आए थे। दयानाथ ने उतनी देर के लिए घर से टल जाना ही उचित समझाब हां, रमेश बाबू बरामदे में बराबर खड़े रहे। रमा ने कई बार चाहा कि उन्हें भी पार्टी में शरीक कर लें, पर रमेश में इतना साहस न था। जालपा ने दोनों मेहमानों को अपनी सास से मिलाया। ये युवतियां उन्हें कुछ ओछी जान पड़ीं। उनका सारे घर में दौड़ना, धम-धम करके कोठे पर जाना, छत पर इधर-उधर उचकना, खिलखिलाकर हंसना, उन्हें हुड़दंगपन मालूम होता था। उनकी नीति में बहू-बेटियों को भारी और लज्जाशील होना चाहिए था। आश्चर्य यह था कि आज जालपा भी उन्हीं में मिल गई थी। रतन ने आज कंगन की चर्चा तक न की।",unquoted_dash,"चाय-पार्टी में कोई विशेष बात नहीं हुई। रतन के साथ उसकी एक नाते की बहन और थी। वकील साहब न आए थे। दयानाथ ने उतनी देर के लिए घर से टल जाना ही उचित समझाब हां, रमेश बाबू बरामदे में बराबर खड़े रहे। रमा ने कई बार चाहा कि उन्हें भी पार्टी में शरीक कर लें, पर रमेश में इतना साहस न था। जालपा ने दोनों मेहमानों को अपनी सास से मिलाया। ये युवतियां उन्हें कुछ ओछी जान पड़ीं। उनका सारे घर में दौड़ना, धम-धम करके कोठे पर जाना, छत पर इधर-उधर उचकना, खिलखिलाकर हंसना, उन्हें हुड़दंगपन मालूम होता था। उनकी नीति में बहू-बेटियों को भारी और लज्जाशील होना चाहिए था। आश्चर्य यह था कि आज जालपा भी उन्हीं में मिल गई थी। रतन ने आज कंगन की चर्चा तक न की।",चाय
2,307,Unknown,"क्या रंग-ढंग है महाराज, कोई नई चीज़ बनवाई है इधर?",unattributed_quote,"अभी तक रमा को पार्टी की तैयारियों से इतनी फुर्सत नहीं मिली थी कि गंगू की दुकान तक जाता। उसने समझा था, गंगू को छः सौ रूपये दे दूंगा तो पिछले हिसाब में जमा हो जाएंगे। केवल ढाई सौ रूपये और रह जाएंगे। इस नये हिसाब में छः सौ और मिलाकर फिर आठ सौ रह जाएंगे। इस तरह उसे अपनी साख जमाने का सुअवसर मिल जायगा। दूसरे दिन रमा ख़ुश होता हुआ गंगू की दुकान पर पहुंचा और रोब से बोला, 'क्या रंग-ढंग है महाराज, कोई नई चीज़ बनवाई है इधर?'","अभी तक रमा को पार्टी की तैयारियों से इतनी फुर्सत नहीं मिली थी कि गंगू की दुकान तक जाता। उसने समझा था, गंगू को छः सौ रूपये दे दूंगा तो पिछले हिसाब में जमा हो जाएंगे। केवल ढाई सौ रूपये और रह जाएंगे। इस नये हिसाब में छः सौ और मिलाकर फिर आठ सौ रह जाएंगे। इस तरह उसे अपनी साख जमाने का सुअवसर मिल जायगा। दूसरे दिन रमा ख़ुश होता हुआ गंगू की दुकान पर पहुंचा और रोब से बोला,"
2,309,रमानाथ,"भाई, ख़ाली हाथ दुकान पर आते शर्म आती है। हम उन लोगों में नहीं हैं, जिनसे तकाज़ा करना पड़े। आज यह छः सौ रूपये जमा कर लो, और एक अच्छा-सा कंगन तैयार कर दो।",named_dash_quote,"रमानाथ-'भाई, ख़ाली हाथ दुकान पर आते शर्म आती है। हम उन लोगों में नहीं हैं, जिनसे तकाज़ा करना पड़े। आज यह छः सौ रूपये जमा कर लो, और एक अच्छा-सा कंगन तैयार कर दो।'",रमानाथ-
2,310,गंगू,बन जाएंगे। बाकी रूपये कब तक मिलेंगे?,named_comma_quote,"गंगू ने रूपये लेकर संदूक में रखे और बोला,'बन जाएंगे। बाकी रूपये कब तक मिलेंगे?'","गंगू ने रूपये लेकर संदूक में रखे और बोला,"
2,311,गंगू,"हां बाबूजी, अब पिछला साफ कर दीजिए।",named_dash_quote,"गंगू-'हां बाबूजी, अब पिछला साफ कर दीजिए।'",गंगू-
2,312,गंगू,"वह सुअर नहीं बनाकर देता, तो तुम किसी और कारीगर को क्यों नहीं देते?",named_comma_quote,"गंगू ने बहुत जल्द कंगन बनवाने का वचन दिया, लेकिन एक बार सौदा करके उसे मालूम हो गया था कि यहां से जल्द रूपये वसूल होने वाले नहीं। नतीजा यह हुआ कि रमा रोज़ तकाज़ा करता और गंगू रोज़ हीले करके टालता। कभी कारीगर बीमार पड़ जाता, कभी अपनी स्त्री की दवा कराने ससुराल चला जाता, कभी उसके लङके बीमार हो जाते। एक महीना गुज़र गया और कंगन न बने। रतन के तकाज़ों के डर से रमा ने पार्क जाना छोड़ दिया, मगर उसने घर तो देख ही रक्खा था। इस एक महीने में कई बार तकाज़ा करने आई। आख़िर जब सावन का महीना आ गया तो उसने एक दिन रमा से कहा, 'वह सुअर नहीं बनाकर देता, तो तुम किसी और कारीगर को क्यों नहीं देते?'","गंगू ने बहुत जल्द कंगन बनवाने का वचन दिया, लेकिन एक बार सौदा करके उसे मालूम हो गया था कि यहां से जल्द रूपये वसूल होने वाले नहीं। नतीजा यह हुआ कि रमा रोज़ तकाज़ा करता और गंगू रोज़ हीले करके टालता। कभी कारीगर बीमार पड़ जाता, कभी अपनी स्त्री की दवा कराने ससुराल चला जाता, कभी उसके लङके बीमार हो जाते। एक महीना गुज़र गया और कंगन न बने। रतन के तकाज़ों के डर से रमा ने पार्क जाना छोड़ दिया, मगर उसने घर तो देख ही रक्खा था। इस एक महीने में कई बार तकाज़ा करने आई। आख़िर जब सावन का महीना आ गया तो उसने एक दिन रमा से कहा,"
2,313,रमानाथ,"उस पाजी ने ऐसा धोखा दिया कि कुछ न पूछो, बस रोज़ आजकल किया करता है। मैंने बडी भूल की जो उसे पेशगी रूपये दे दिये। अब उससे रूपये निकलना मुश्किल है।",named_dash_quote,"रमानाथ-'उस पाजी ने ऐसा धोखा दिया कि कुछ न पूछो, बस रोज़ आजकल किया करता है। मैंने बडी भूल की जो उसे पेशगी रूपये दे दिये। अब उससे रूपये निकलना मुश्किल है।'",रमानाथ-
2,314,रतन,"आप मुझे उसकी दुकान दिखा दीजिए, मैं उसके बाप से वसूल कर लूंगी। तावान अलग। ऐसे बेईमान आदमी को पुलिस में देना चाहिए।",named_dash_quote,"रतन-'आप मुझे उसकी दुकान दिखा दीजिए, मैं उसके बाप से वसूल कर लूंगी। तावान अलग। ऐसे बेईमान आदमी को पुलिस में देना चाहिए।'",रतन-
2,316,रमानाथ,"आप दस दिन और सब्र करें, मैं आज ही उससे रूपये लेकर किसी दूसरे सर्राफ को दे दूंगा।",named_comma_quote,"रमा ने सिर खुजलाते हुए कहा, 'आप दस दिन और सब्र करें, मैं आज ही उससे रूपये लेकर किसी दूसरे सर्राफ को दे दूंगा।'","रमा ने सिर खुजलाते हुए कहा,"
2,317,रतन,आप मुझे उस बदमाश की दुकान क्यों नहीं दिखा देते। मैं हंटर से बात करूं।,named_dash_quote,रतन-'आप मुझे उस बदमाश की दुकान क्यों नहीं दिखा देते। मैं हंटर से बात करूं।',रतन-
2,318,रमानाथ,कहता तो हूं। दस दिन के अंदर आपको कंगन मिल जाएंगे।,named_dash_quote,रमानाथ-'कहता तो हूं। दस दिन के अंदर आपको कंगन मिल जाएंगे।',रमानाथ-
2,319,रतन,"आप खुद ही ढील डाले हुए हैं। आप उसकी लल्लो-चप्पो की बातों में आ जाते होंगे। एक बार कड़े पड़ जाते, तो मजाल थी कि यों हीलेहवाले करता!",named_dash_quote,"रतन-'आप खुद ही ढील डाले हुए हैं। आप उसकी लल्लो-चप्पो की बातों में आ जाते होंगे। एक बार कड़े पड़ जाते, तो मजाल थी कि यों हीलेहवाले करता! '",रतन-
2,321,Unknown,"महाराज, यह तो भलमनसी नहीं है। एक महिला की चीज़ है, उन्होंने पेशगी रूपये दिए थे। सोचो, मैं उन्हें क्या मुंह दिखाऊंगा। मुझसे अपने रूपयों के लिए पुरनोट लिखा लो, स्टांप लिखा लो और क्या करोगे?",unattributed_quote,"रमा को मानो गोली लग गई। बोला, 'महाराज, यह तो भलमनसी नहीं है। एक महिला की चीज़ है, उन्होंने पेशगी रूपये दिए थे। सोचो, मैं उन्हें क्या मुंह दिखाऊंगा। मुझसे अपने रूपयों के लिए पुरनोट लिखा लो, स्टांप लिखा लो और क्या करोगे? '","रमा को मानो गोली लग गई। बोला,"
2,322,गंगू,"पुरनोट को शहद लगाकर चाटूंगा क्या? आठ-आठ महीने का उधार नहीं होता। महीना, दो महीना बहुत है। आप तो बडे आदमी हैं, आपके लिए पांच-छः सौ रूपये कौन बडी बात है। कंगन तैयार हैं।",named_dash_quote,"गंगू-'पुरनोट को शहद लगाकर चाटूंगा क्या? आठ-आठ महीने का उधार नहीं होता। महीना, दो महीना बहुत है। आप तो बडे आदमी हैं, आपके लिए पांच-छः सौ रूपये कौन बडी बात है। कंगन तैयार हैं।'",गंगू-
2,323,रमानाथ,अगर यही बात थी तो तुमने एक महीना पहले क्यों न कह दी? अब तक मैंने रूपये की कोई फिक्र की होती न!,named_comma_quote,"रमा ने दांत पीसकर कहा, 'अगर यही बात थी तो तुमने एक महीना पहले क्यों न कह दी? अब तक मैंने रूपये की कोई फिक्र की होती न!'","रमा ने दांत पीसकर कहा,"
2,324,गंगू,"मैं क्या जानता था, आप इतना भी नहीं समझ रहे हैं।",named_dash_quote,"गंगू-'मैं क्या जानता था, आप इतना भी नहीं समझ रहे हैं।'",गंगू-
2,325,जालपा,क्या अभी तक जाग रहे हो?,named_dash_quote,"रमा निराश होकर घर लौट आया। अगर इस समय भी उसने जालपा से सारा वृत्तांत साफ-साफ कह दिया होता तो उसे चाहे कितना ही दुःख होता, पर वह कंगन उतारकर दे देती, लेकिन रमा में इतना साहस न था। वह अपनी आर्थिक कठिनाइयों की दशा कहकर उसके कोमल ह्रदय पर आघात न कर सकता था। इसमें संदेह नहीं कि रमा को सौ रूपये के करीब ऊपर से मिल जाते थे, और वह किफायत करना जानता तो इन आठ महीनों में दोनों सर्राफों के कमसे- कम आधे रूपये अवश्य दे देता, लेकिन ऊपर की आमदनी थी तो ऊपर का ख़र्च भी था। जो कुछ मिलता था, सैर - सपाटे में ख़र्च हो जाता और सर्राफों का देना किसी एकमुश्त रकम की आशा में रूका हुआ था। कौडियों से रूपये बनाना वणिकों का ही काम है। बाबू लोग तो रूपये की कौडियां ही बनाते हैं। कुछ रात जाने पर रमा ने एक बार फिर सर्राफे का चक्कर लगाया। बहुत चाहा, किसी सर्राफ को झांसा दूं, पर कहीं दाल न गली। बाज़ार में बेतार की ख़बरें चला करती हैं। रमा को रातभर नींद न आई। यदि आज उसे एक हज़ार का रूक्का लिखकर कोई पांच सौ रूपये भी दे देता तो वह निहाल हो जाता, पर अपनी जान?पहचान वालों में उसे ऐसा कोई नजर न आता था। अपने मिलने वालों में उसने सभी से अपनी हवा बांधा रक्खी थी। खिलाने-पिलाने में खुले हाथों रूपया ख़र्च करता था। अब किस मुंह से अपनी विपत्ति कहे - वह पछता रहा था कि नाहक गंगू को रूपये दिए। गंगू नालिश करने तो जाता न था। इस समय यदि रमा को कोई भयंकर रोग हो जाता तो वह उसका स्वागत करता। कम-से-कम दस-पांच दिन की मुहलत तो मिल जाती, मगर बुलाने से तो मौत भी नहीं आती! वह तो उसी समय आती है, जब हम उसके लिए बिलकुल तैयार नहीं होते। ईश्वर कहीं से कोई तार ही भिजवा दे, कोई ऐसा मित्र भी नज़र नहीं आता था, जो उसके नाम फर्जी तार भेज देता। वह इन्हीं चिंताओं में करवटें बदल रहा था कि जालपा की आंख खुल गई। रमा ने तुरंत चादर से मुंह छिपा लिया, मानो बेखबर सो रहा है। जालपा ने धीरे से चादर हटाकर उसका मुंह देखा और उसे सोता पाकर ध्यान से उसका मुंह देखने लगी। जागरण और निद्रा का अंतर उससे छिपा न रहा। उसे धीरे से हिलाकर बोली, 'क्या अभी तक जाग रहे हो?' रमानाथ-'क्या जाने, क्यों नींद नहीं आ रही है। पड़े-पड़े सोचता था, कुछ दिनों के लिए कहीं बाहर चला जाऊं। कुछ रूपये कमा लाऊं।'","रमा निराश होकर घर लौट आया। अगर इस समय भी उसने जालपा से सारा वृत्तांत साफ-साफ कह दिया होता तो उसे चाहे कितना ही दुःख होता, पर वह कंगन उतारकर दे देती, लेकिन रमा में इतना साहस न था। वह अपनी आर्थिक कठिनाइयों की दशा कहकर उसके कोमल ह्रदय पर आघात न कर सकता था। इसमें संदेह नहीं कि रमा को सौ रूपये के करीब ऊपर से मिल जाते थे, और वह किफायत करना जानता तो इन आठ महीनों में दोनों सर्राफों के कमसे- कम आधे रूपये अवश्य दे देता, लेकिन ऊपर की आमदनी थी तो ऊपर का ख़र्च भी था। जो कुछ मिलता था, सैर - सपाटे में ख़र्च हो जाता और सर्राफों का देना किसी एकमुश्त रकम की आशा में रूका हुआ था। कौडियों से रूपये बनाना वणिकों का ही काम है। बाबू लोग तो रूपये की कौडियां ही बनाते हैं। कुछ रात जाने पर रमा ने एक बार फिर सर्राफे का चक्कर लगाया। बहुत चाहा, किसी सर्राफ को झांसा दूं, पर कहीं दाल न गली। बाज़ार में बेतार की ख़बरें चला करती हैं। रमा को रातभर नींद न आई। यदि आज उसे एक हज़ार का रूक्का लिखकर कोई पांच सौ रूपये भी दे देता तो वह निहाल हो जाता, पर अपनी जान?पहचान वालों में उसे ऐसा कोई नजर न आता था। अपने मिलने वालों में उसने सभी से अपनी हवा बांधा रक्खी थी। खिलाने-पिलाने में खुले हाथों रूपया ख़र्च करता था। अब किस मुंह से अपनी विपत्ति कहे - वह पछता रहा था कि नाहक गंगू को रूपये दिए। गंगू नालिश करने तो जाता न था। इस समय यदि रमा को कोई भयंकर रोग हो जाता तो वह उसका स्वागत करता। कम-से-कम दस-पांच दिन की मुहलत तो मिल जाती, मगर बुलाने से तो मौत भी नहीं आती! वह तो उसी समय आती है, जब हम उसके लिए बिलकुल तैयार नहीं होते। ईश्वर कहीं से कोई तार ही भिजवा दे, कोई ऐसा मित्र भी नज़र नहीं आता था, जो उसके नाम फर्जी तार भेज देता। वह इन्हीं चिंताओं में करवटें बदल रहा था कि जालपा की आंख खुल गई। रमा ने तुरंत चादर से मुंह छिपा लिया, मानो बेखबर सो रहा है। जालपा ने धीरे से चादर हटाकर उसका मुंह देखा और उसे सोता पाकर ध्यान से उसका मुंह देखने लगी। जागरण और निद्रा का अंतर उससे छिपा न रहा। उसे धीरे से हिलाकर बोली,"
2,325,रमानाथ,"क्या जाने, क्यों नींद नहीं आ रही है। पड़े-पड़े सोचता था, कुछ दिनों के लिए कहीं बाहर चला जाऊं। कुछ रूपये कमा लाऊं।",named_dash_quote,"रमा निराश होकर घर लौट आया। अगर इस समय भी उसने जालपा से सारा वृत्तांत साफ-साफ कह दिया होता तो उसे चाहे कितना ही दुःख होता, पर वह कंगन उतारकर दे देती, लेकिन रमा में इतना साहस न था। वह अपनी आर्थिक कठिनाइयों की दशा कहकर उसके कोमल ह्रदय पर आघात न कर सकता था। इसमें संदेह नहीं कि रमा को सौ रूपये के करीब ऊपर से मिल जाते थे, और वह किफायत करना जानता तो इन आठ महीनों में दोनों सर्राफों के कमसे- कम आधे रूपये अवश्य दे देता, लेकिन ऊपर की आमदनी थी तो ऊपर का ख़र्च भी था। जो कुछ मिलता था, सैर - सपाटे में ख़र्च हो जाता और सर्राफों का देना किसी एकमुश्त रकम की आशा में रूका हुआ था। कौडियों से रूपये बनाना वणिकों का ही काम है। बाबू लोग तो रूपये की कौडियां ही बनाते हैं। कुछ रात जाने पर रमा ने एक बार फिर सर्राफे का चक्कर लगाया। बहुत चाहा, किसी सर्राफ को झांसा दूं, पर कहीं दाल न गली। बाज़ार में बेतार की ख़बरें चला करती हैं। रमा को रातभर नींद न आई। यदि आज उसे एक हज़ार का रूक्का लिखकर कोई पांच सौ रूपये भी दे देता तो वह निहाल हो जाता, पर अपनी जान?पहचान वालों में उसे ऐसा कोई नजर न आता था। अपने मिलने वालों में उसने सभी से अपनी हवा बांधा रक्खी थी। खिलाने-पिलाने में खुले हाथों रूपया ख़र्च करता था। अब किस मुंह से अपनी विपत्ति कहे - वह पछता रहा था कि नाहक गंगू को रूपये दिए। गंगू नालिश करने तो जाता न था। इस समय यदि रमा को कोई भयंकर रोग हो जाता तो वह उसका स्वागत करता। कम-से-कम दस-पांच दिन की मुहलत तो मिल जाती, मगर बुलाने से तो मौत भी नहीं आती! वह तो उसी समय आती है, जब हम उसके लिए बिलकुल तैयार नहीं होते। ईश्वर कहीं से कोई तार ही भिजवा दे, कोई ऐसा मित्र भी नज़र नहीं आता था, जो उसके नाम फर्जी तार भेज देता। वह इन्हीं चिंताओं में करवटें बदल रहा था कि जालपा की आंख खुल गई। रमा ने तुरंत चादर से मुंह छिपा लिया, मानो बेखबर सो रहा है। जालपा ने धीरे से चादर हटाकर उसका मुंह देखा और उसे सोता पाकर ध्यान से उसका मुंह देखने लगी। जागरण और निद्रा का अंतर उससे छिपा न रहा। उसे धीरे से हिलाकर बोली, 'क्या अभी तक जाग रहे हो?' रमानाथ-'क्या जाने, क्यों नींद नहीं आ रही है। पड़े-पड़े सोचता था, कुछ दिनों के लिए कहीं बाहर चला जाऊं। कुछ रूपये कमा लाऊं।'",रमानाथ-
2,326,जालपा,मुझे भी लेते चलोगे न?,named_dash_quote,जालपा-'मुझे भी लेते चलोगे न?',जालपा-
2,327,रमानाथ,तुम्हें परदेश में कहां लिये-लिये फिरूंगा?,named_dash_quote,रमानाथ-'तुम्हें परदेश में कहां लिये-लिये फिरूंगा? ',रमानाथ-
2,328,जालपा,तो मैं यहां अकेली रह चुकी। एक मिनट तो रहूंगी नहीं। मगर जाओगे कहां?,named_dash_quote,जालपा-'तो मैं यहां अकेली रह चुकी। एक मिनट तो रहूंगी नहीं। मगर जाओगे कहां? ',जालपा-
2,329,रमानाथ,अभी कुछ निश्चय नहीं कर सका हूं।,named_dash_quote,रमानाथ-'अभी कुछ निश्चय नहीं कर सका हूं।',रमानाथ-
2,330,जालपा,"तो क्या सचमुच तुम मुझे छोड़कर चले जाओगे? मुझसे तो एक दिन भी न रहा जाय। मैं समझ गई, तुम मुझसे मुहब्बत नहीं करते। केवल मुंह देखे की प्रीति करते हो।",named_dash_quote,"जालपा-'तो क्या सचमुच तुम मुझे छोड़कर चले जाओगे? मुझसे तो एक दिन भी न रहा जाय। मैं समझ गई, तुम मुझसे मुहब्बत नहीं करते। केवल मुंह देखे की प्रीति करते हो।'",जालपा-
2,331,रमानाथ,तुम्हारे प्रेम-पाश ही ने मुझे यहां बांधा रक्खा है। नहीं तो अब तक कभी चला गया होता।,named_dash_quote,रमानाथ-'तुम्हारे प्रेम-पाश ही ने मुझे यहां बांधा रक्खा है। नहीं तो अब तक कभी चला गया होता।',रमानाथ-
2,332,जालपा,"बातें बना रहे हो अगर तुम्हें मुझसे सच्चा प्रेम होता, तो तुम कोई परदा न रखते। तुम्हारे मन में जरूर कोई ऐसी बात है, जो तुम मुझसे छिपा रहे हो कई दिनों से देख रही हूं, तुम चिंता में डूबे रहते हो, मुझसे क्यों नहीं कहते। जहां विश्वास नहीं है, वहां प्रेम कैसे रह सकता है?",named_dash_quote,"जालपा-'बातें बना रहे हो अगर तुम्हें मुझसे सच्चा प्रेम होता, तो तुम कोई परदा न रखते। तुम्हारे मन में जरूर कोई ऐसी बात है, जो तुम मुझसे छिपा रहे हो कई दिनों से देख रही हूं, तुम चिंता में डूबे रहते हो, मुझसे क्यों नहीं कहते। जहां विश्वास नहीं है, वहां प्रेम कैसे रह सकता है? '",जालपा-
2,333,रमानाथ,"यह तुम्हारा भ्रम है, जालपा! मैंने तो तुमसे कभी परदा नहीं रखा।",named_dash_quote,"रमानाथ-'यह तुम्हारा भ्रम है, जालपा! मैंने तो तुमसे कभी परदा नहीं रखा।'",रमानाथ-
2,334,जालपा,तो तुम मुझे सचमुच दिल से चाहते हो?,named_dash_quote,जालपा-'तो तुम मुझे सचमुच दिल से चाहते हो? ',जालपा-
2,335,रमानाथ,यह क्या मुंह से कहूंगा जभी!,named_dash_quote,रमानाथ-'यह क्या मुंह से कहूंगा जभी! ',रमानाथ-
2,336,जालपा,"अच्छा, अब मैं एक प्रश्न करती हूं। संभले रहना। तुम मुझसे क्यों प्रेम करते हो! तुम्हें मेरी कसम है, सच बताना।",named_dash_quote,"जालपा-'अच्छा, अब मैं एक प्रश्न करती हूं। संभले रहना। तुम मुझसे क्यों प्रेम करते हो! तुम्हें मेरी कसम है, सच बताना।'",जालपा-
2,337,रमानाथ,यह तो तुमने बेढब प्रश्न किया। अगर मैं तुमसे यही प्रश्न पूछूं तो तुम मुझे क्या जवाब दोगी?,named_dash_quote,रमानाथ-'यह तो तुमने बेढब प्रश्न किया। अगर मैं तुमसे यही प्रश्न पूछूं तो तुम मुझे क्या जवाब दोगी? ',रमानाथ-
2,338,जालपा,मैं तो जानती हूं।,named_dash_quote,जालपा-'मैं तो जानती हूं।',जालपा-
2,339,जालपा,"तुम बतला दो, मैं भी बतला दूं।",named_dash_quote,"जालपा-'तुम बतला दो, मैं भी बतला दूं।'",जालपा-
2,340,रमानाथ,मैं तो जानता ही नहीं। केवल इतना ही जानता हूं कि तुम मेरे रोम-रोम में रम रही हो।,named_dash_quote,रमानाथ-'मैं तो जानता ही नहीं। केवल इतना ही जानता हूं कि तुम मेरे रोम-रोम में रम रही हो।',रमानाथ-
2,341,जालपा,"सोचकर बतलाओ। मैं आदर्श-पत्नी नहीं हूं, इसे मैं खूब जानती हूं। पति-सेवा अब तक मैंने नाम को भी नहीं की। ईश्वर की दया से तुम्हारे लिए अब तक कष्ट सहने की जरूरत ही नहीं पड़ी। घर-गृहस्थी का कोई काम मुझे नहीं आता। जो कुछ सीखा, यहीं सीखाब फिर तुम्हें मुझसे क्यों प्रेम है? बातचीत में निपुण नहीं। रूप-रंग भी ऐसा आकर्षक नहीं। जानते हो, मैं तुमसे क्यों प्रश्न कर रही हूं?",named_dash_quote,"जालपा-'सोचकर बतलाओ। मैं आदर्श-पत्नी नहीं हूं, इसे मैं खूब जानती हूं। पति-सेवा अब तक मैंने नाम को भी नहीं की। ईश्वर की दया से तुम्हारे लिए अब तक कष्ट सहने की जरूरत ही नहीं पड़ी। घर-गृहस्थी का कोई काम मुझे नहीं आता। जो कुछ सीखा, यहीं सीखाब फिर तुम्हें मुझसे क्यों प्रेम है? बातचीत में निपुण नहीं। रूप-रंग भी ऐसा आकर्षक नहीं। जानते हो, मैं तुमसे क्यों प्रश्न कर रही हूं?'",जालपा-
2,342,रमानाथ,"क्या जाने भाई, मेरी समझ में तो कुछ नहीं आ रहा है।",named_dash_quote,"रमानाथ-'क्या जाने भाई, मेरी समझ में तो कुछ नहीं आ रहा है।'",रमानाथ-
2,343,जालपा,मैं इसलिए पूछ रही हूं कि तुम्हारे प्रेम को स्थायी बना सकूं।,named_dash_quote,जालपा-'मैं इसलिए पूछ रही हूं कि तुम्हारे प्रेम को स्थायी बना सकूं।',जालपा-
2,344,रमानाथ,"मैं कुछ नहीं जानता जालपा, ईमान से कहता हूं। तुममें कोई कमी है, कोई दोष है, यह बात आज तक मेरे ध्यान में नहीं आई, लेकिन तुमने मुझमें कौन?सी बात देखी- न मेरे पास धन है, न रूप है। बताओ?",named_dash_quote,"रमानाथ-'मैं कुछ नहीं जानता जालपा, ईमान से कहता हूं। तुममें कोई कमी है, कोई दोष है, यह बात आज तक मेरे ध्यान में नहीं आई, लेकिन तुमने मुझमें कौन?सी बात देखी- न मेरे पास धन है, न रूप है। बताओ?'",रमानाथ-
2,345,जालपा,"बता दूं? मैं तुम्हारी सज्जनता पर मोहित हूं। अब तुमसे क्या छिपाऊं, जब मैं यहां आई तो यद्यपि तुम्हें अपना पति समझती थी, लेकिन कोई बात कहते या करते समय मुझे चिंता होती थी कि तुम उसे पसंद करोगे या नहीं। यदि तुम्हारे बदले मेरा विवाह किसी दूसरे पुरूष से हुआ होता तो उसके साथ भी मेरा यही व्यवहार होता। यह पत्नी और पुरूष का रिवाजी नाता है, पर अब मैं तुम्हें गोपियों के कृष्ण से भी न बदलूंगी। लेकिन तुम्हारे दिल में अब भी चोर है। तुम अब भी मुझसे किसी-किसी बात में परदा रखते हो!",named_dash_quote,"जालपा-'बता दूं? मैं तुम्हारी सज्जनता पर मोहित हूं। अब तुमसे क्या छिपाऊं, जब मैं यहां आई तो यद्यपि तुम्हें अपना पति समझती थी, लेकिन कोई बात कहते या करते समय मुझे चिंता होती थी कि तुम उसे पसंद करोगे या नहीं। यदि तुम्हारे बदले मेरा विवाह किसी दूसरे पुरूष से हुआ होता तो उसके साथ भी मेरा यही व्यवहार होता। यह पत्नी और पुरूष का रिवाजी नाता है, पर अब मैं तुम्हें गोपियों के कृष्ण से भी न बदलूंगी। लेकिन तुम्हारे दिल में अब भी चोर है। तुम अब भी मुझसे किसी-किसी बात में परदा रखते हो!'",जालपा-
2,346,रमानाथ,"यह तुम्हारी केवल शंका है, जालपा! मैं दोस्तों से भी कोई दुराव नहीं करता। फिर तुम तो मेरी ह्रदयेश्वरी हो।",named_dash_quote,"रमानाथ-'यह तुम्हारी केवल शंका है, जालपा! मैं दोस्तों से भी कोई दुराव नहीं करता। फिर तुम तो मेरी ह्रदयेश्वरी हो।'",रमानाथ-
2,347,जालपा,"मेरी तरफ देखकर बोलो, आंखें नीची करना मर्दो का काम नहीं है!",named_dash_quote,"जालपा-'मेरी तरफ देखकर बोलो, आंखें नीची करना मर्दो का काम नहीं है!'",जालपा-
2,348,जालपा,"हां कुछ-न?कुछ हर महीने देता जाता हूं, पर आज रमा की दुर्बलता ने जालपा के मन में एक संदेह पैदा कर दिया था। वह उसी संदेह को मिटाना चाहती थी। ज़रा देर बाद उसने पूछा,",named_comma_quote,"रमा के जी में एक बार फिर आया कि अपनी कठिनाइयों की कथा कह सुनाऊं, लेकिन मिथ्या गौरव ने फिर उसकी ज़बान बंद कर दी। जालपा जब उससे पूछती, सर्राफों को रूपये देते जाते हो या नहीं, तो वह बराबर कहता, 'हां कुछ-न?कुछ हर महीने देता जाता हूं, पर आज रमा की दुर्बलता ने जालपा के मन में एक संदेह पैदा कर दिया था। वह उसी संदेह को मिटाना चाहती थी। ज़रा देर बाद उसने पूछा, 'सर्राफ के तो अभी सब रूपये अदा न हुए होंगे? '","रमा के जी में एक बार फिर आया कि अपनी कठिनाइयों की कथा कह सुनाऊं, लेकिन मिथ्या गौरव ने फिर उसकी ज़बान बंद कर दी। जालपा जब उससे पूछती, सर्राफों को रूपये देते जाते हो या नहीं, तो वह बराबर कहता,"
2,349,रमानाथ,अब थोड़े ही बाकी हैं।,named_dash_quote,रमानाथ-'अब थोड़े ही बाकी हैं।',रमानाथ-
2,350,जालपा,"कितने बाकी होंगे, कुछ हिसाब-किताब लिखते हो?",named_dash_quote,"जालपा-'कितने बाकी होंगे, कुछ हिसाब-किताब लिखते हो? '",जालपा-
2,351,रमानाथ,"हां, लिखता क्यों नहीं। सात सौ से कुछ कम ही होंगे।",named_dash_quote,"रमानाथ-'हां, लिखता क्यों नहीं। सात सौ से कुछ कम ही होंगे।'",रमानाथ-
2,352,जालपा,"तब तो पूरी गठरी है, तुमने कहीं रतन के रूपये तो नहीं दे दिए?",named_dash_quote,"जालपा-'तब तो पूरी गठरी है, तुमने कहीं रतन के रूपये तो नहीं दे दिए? '",जालपा-
2,353,जालपा,"रतन के रूपये क्यों देता। आज चाहूं, तो दो-चार हज़ार का माल ला सकता हूं। कारीगरों की आदत देर करने की होती ही है। सुनार की खटाई मशहूर है। बस और कोई बात नहीं। दस दिन में या तो चीज़ ही लाऊंगा या रूपये वापस कर दूंगा, मगर यह शंका तुम्हें क्यों हुई? पराई रकम भला मैं अपने ख़र्च में कैसे लाता।",named_dash_quote,"रमा दिल में कांप रहा था, कहीं जालपा यह प्रश्न न कर बैठे। आख़िर उसने यह प्रश्न पूछ ही लिया। उस वक्त भी यदि रमा ने साहस करके सच्ची बात स्वीकार कर ली होती तो शायद उसके संकटों का अंत हो जाता। जालपा एक मिनट तक अवश्य सन्नाटे में आ जाती। संभव है, क्रोध और निराशा के आवेश में दो-चार कटु शब्द मुंह से निकालती, लेकिन फिर शांत हो जाती। दोनों मिलकर कोई-न? कोई युक्ति सोच निकालते। जालपा यदि रतन से यह रहस्य कह सुनाती, तो रतन अवश्य मान जाती, पर हाय रे आत्मगौरव, रमा ने यह बात सुनकर ऐसा मुंह बना लिया मानो जालपा ने उस पर कोई निष्ठुर प्रहार किया हो बोला, 'रतन के रूपये क्यों देता। आज चाहूं, तो दो-चार हज़ार का माल ला सकता हूं। कारीगरों की आदत देर करने की होती ही है। सुनार की खटाई मशहूर है। बस और कोई बात नहीं। दस दिन में या तो चीज़ ही लाऊंगा या रूपये वापस कर दूंगा, मगर यह शंका तुम्हें क्यों हुई? पराई रकम भला मैं अपने ख़र्च में कैसे लाता।'","रमा दिल में कांप रहा था, कहीं जालपा यह प्रश्न न कर बैठे। आख़िर उसने यह प्रश्न पूछ ही लिया। उस वक्त भी यदि रमा ने साहस करके सच्ची बात स्वीकार कर ली होती तो शायद उसके संकटों का अंत हो जाता। जालपा एक मिनट तक अवश्य सन्नाटे में आ जाती। संभव है, क्रोध और निराशा के आवेश में दो-चार कटु शब्द मुंह से निकालती, लेकिन फिर शांत हो जाती। दोनों मिलकर कोई-न? कोई युक्ति सोच निकालते। जालपा यदि रतन से यह रहस्य कह सुनाती, तो रतन अवश्य मान जाती, पर हाय रे आत्मगौरव, रमा ने यह बात सुनकर ऐसा मुंह बना लिया मानो जालपा ने उस पर कोई निष्ठुर प्रहार किया हो बोला,"
2,354,जालपा,"कुछ नहीं, मैंने यों ही पूछा था।",named_dash_quote,"जालपा-'कुछ नहीं, मैंने यों ही पूछा था।'",जालपा-
2,356,जालपा,तुम खूब आई। आज मैं भी ज़रा तुम्हारे साथ घूम आऊंगी। इन्हें काम के बोझ से आजकल सिर उठाने की भी फुर्सत नहीं है।,named_dash_quote,"नौ दिन गुजर गए। रमा रोज़ प्रातः दफ्तर जाता और चिराग जले लौटता। वह रोज़ यही आशा लेकर जाता कि आज कोई बडा शिकार फंस जाएगा। पर वह आशा न पूरी होती। इतना ही नहीं। पहले दिन की तरह फिर कभी भाग्य का सूर्य न चमका। फिर भी उसके लिए कुछ कम श्रेय की बात नहीं थी कि नौ दिनों में ही उसने सौ रूपये जमा कर लिए थे। उसने एक पैसे का पान भी न खाया था। जालपा ने कई बार कहा, चलो कहीं घूम आवें, तो उसे भी उसने बातों में ही टाला। बस, कल का दिन और था। कल आकर रतन कंगन मांगेगी तो उसे वह क्या जवाब देगा। दफ्तर से आकर वह इसी सोच में बैठा हुआ था। क्या वह एक महीना-भर के लिए और न मान जायगी। इतने दिन वह और न बोलती तो शायद वह उससे उऋण हो जाता। उसे विश्वास था कि मैं उससे चिकनी-चुपड़ी बातें करके राज़ी कर लूंगा। अगर उसने ज़िद की तो मैं उससे कह दूंगा, सर्राफ रूपये नहीं लौटाता। सावन के दिन थे, अंधेरा हो चला था, रमा सोच रहा था, रमेश बाबू के पास चलकर दो-चार बाज़ियां खेल आऊं, मगर बादलों को देख-देख रूक जाता था। इतने में रतन आ पहुंची। वह प्रसन्न न थी। उसकी मुद्रा कठोर हो रही थी। आज वह लड़ने के लिए घर से तैयार होकर आई है और मुरव्वत और मुलाहजे की कल्पना को भी कोसों दूर रखना चाहती है। जालपा ने कहा, ' तुम खूब आई। आज मैं भी ज़रा तुम्हारे साथ घूम आऊंगी। इन्हें काम के बोझ से आजकल सिर उठाने की भी फुर्सत नहीं है।'","नौ दिन गुजर गए। रमा रोज़ प्रातः दफ्तर जाता और चिराग जले लौटता। वह रोज़ यही आशा लेकर जाता कि आज कोई बडा शिकार फंस जाएगा। पर वह आशा न पूरी होती। इतना ही नहीं। पहले दिन की तरह फिर कभी भाग्य का सूर्य न चमका। फिर भी उसके लिए कुछ कम श्रेय की बात नहीं थी कि नौ दिनों में ही उसने सौ रूपये जमा कर लिए थे। उसने एक पैसे का पान भी न खाया था। जालपा ने कई बार कहा, चलो कहीं घूम आवें, तो उसे भी उसने बातों में ही टाला। बस, कल का दिन और था। कल आकर रतन कंगन मांगेगी तो उसे वह क्या जवाब देगा। दफ्तर से आकर वह इसी सोच में बैठा हुआ था। क्या वह एक महीना-भर के लिए और न मान जायगी। इतने दिन वह और न बोलती तो शायद वह उससे उऋण हो जाता। उसे विश्वास था कि मैं उससे चिकनी-चुपड़ी बातें करके राज़ी कर लूंगा। अगर उसने ज़िद की तो मैं उससे कह दूंगा, सर्राफ रूपये नहीं लौटाता। सावन के दिन थे, अंधेरा हो चला था, रमा सोच रहा था, रमेश बाबू के पास चलकर दो-चार बाज़ियां खेल आऊं, मगर बादलों को देख-देख रूक जाता था। इतने में रतन आ पहुंची। वह प्रसन्न न थी। उसकी मुद्रा कठोर हो रही थी। आज वह लड़ने के लिए घर से तैयार होकर आई है और मुरव्वत और मुलाहजे की कल्पना को भी कोसों दूर रखना चाहती है। जालपा ने कहा,"
2,357,रतन,मुझे आज तो बहुत जल्द घर लौट जाना है। बाबूजी को कल की याद दिलाने आई हूं।,named_comma_quote,"रतन ने निष्ठुरता से कहा, 'मुझे आज तो बहुत जल्द घर लौट जाना है। बाबूजी को कल की याद दिलाने आई हूं।'","रतन ने निष्ठुरता से कहा,"
2,358,रमानाथ,"जी हां, खूब याद है, अभी सर्राफ की दुकान से चला आ रहा हूं। रोज़ सुबह-शाम घंटे-भर हाज़िरी देता हूं, मगर इन चीज़ों में समय बहुत लगता है। दाम तो कारीगरी के हैं। मालियत देखिए तो कुछ नहीं। दो आदमी लगे हुए हैं, पर शायद अभी एक हीने से कम में चीज़ तैयार न हो, पर होगी लाजवाबब जी ख़ुश हो जायगा।",named_comma_quote,"रमा उसका लटका हुआ मुंह देखकर ही मन में सहम रहा था। किसी तरह उसे प्रसन्न करना चाहता था। बडी तत्परता से बोला, 'जी हां, खूब याद है, अभी सर्राफ की दुकान से चला आ रहा हूं। रोज़ सुबह-शाम घंटे-भर हाज़िरी देता हूं, मगर इन चीज़ों में समय बहुत लगता है। दाम तो कारीगरी के हैं। मालियत देखिए तो कुछ नहीं। दो आदमी लगे हुए हैं, पर शायद अभी एक हीने से कम में चीज़ तैयार न हो, पर होगी लाजवाबब जी ख़ुश हो जायगा।'","रमा उसका लटका हुआ मुंह देखकर ही मन में सहम रहा था। किसी तरह उसे प्रसन्न करना चाहता था। बडी तत्परता से बोला,"
2,359,रतन,"अच्छा! अभी महीना-भर और लगेगा। ऐसी कारीगरी है कि तीन महीने में पूरी न हुई! आप उससे कह दीजिएगा मेरे रूपये वापस कर दे। आशा के कंगन देवियां पहनती होंगी, मेरे लिए जरूरत नहीं!",named_comma_quote,"पर रतन ज़रा भी न पिघली। तिनककर बोली, 'अच्छा! अभी महीना-भर और लगेगा। ऐसी कारीगरी है कि तीन महीने में पूरी न हुई! आप उससे कह दीजिएगा मेरे रूपये वापस कर दे। आशा के कंगन देवियां पहनती होंगी, मेरे लिए जरूरत नहीं!'","पर रतन ज़रा भी न पिघली। तिनककर बोली,"
2,360,रमानाथ,"एक महीना न लगेगा, मैं जल्दी ही बनवा दूंगा। एक महीना तो मैंने अंदाजन कह दिया था। अब थोड़ी ही कसर रह गई है। कई दिन तो नगीने तलाश करने में लग गए।",named_dash_quote,"रमानाथ-'एक महीना न लगेगा, मैं जल्दी ही बनवा दूंगा। एक महीना तो मैंने अंदाजन कह दिया था। अब थोड़ी ही कसर रह गई है। कई दिन तो नगीने तलाश करने में लग गए।'",रमानाथ-
2,361,रतन,"मुझे कंगन पहनना ही नहीं है, भाई! आप मेरे रूपये लौटा दीजिए, बस, सुनार मैंने भी बहुत देखे हैं। आपकी दया से इस वक्त भी तीन जोड़े कंगन मेरे पास होंगे, पर ऐसी धांधली कहीं नहीं देखी।",named_dash_quote,"रतन-'मुझे कंगन पहनना ही नहीं है, भाई! आप मेरे रूपये लौटा दीजिए, बस, सुनार मैंने भी बहुत देखे हैं। आपकी दया से इस वक्त भी तीन जोड़े कंगन मेरे पास होंगे, पर ऐसी धांधली कहीं नहीं देखी। '",रतन-
2,362,रमानाथ,"धांधली नहीं, मेरी हिमाकत कहिए। मुझे क्या जरूरत थी कि अपनी जान संकट में डालता। मैंने तो पेशगी रूपये इसलिए दे दिए कि सुनार खुश होकर जल्दी से बना देगा। अब आप रूपये मांग रही हैं, सर्राफ रूपये नहीं लौटा सकता।",named_comma_quote,"धांधली के शब्द पर रमा तिलमिला उठा, 'धांधली नहीं, मेरी हिमाकत कहिए। मुझे क्या जरूरत थी कि अपनी जान संकट में डालता। मैंने तो पेशगी रूपये इसलिए दे दिए कि सुनार खुश होकर जल्दी से बना देगा। अब आप रूपये मांग रही हैं, सर्राफ रूपये नहीं लौटा सकता।'","धांधली के शब्द पर रमा तिलमिला उठा,"
2,364,रमानाथ,"इसलिए कि जो चीज़ आपके लिए बनाई है, उसे वह कहां बेचता गिरेगा। संभव है, साल-छः महीने में बिक सके। सबकी पसंद एक-सी तो नहीं होती।",named_dash_quote,"रमानाथ-'इसलिए कि जो चीज़ आपके लिए बनाई है, उसे वह कहां बेचता गिरेगा। संभव है, साल-छः महीने में बिक सके। सबकी पसंद एक-सी तो नहीं होती।'",रमानाथ-
2,365,रतन,"मैं कुछ नहीं जानती, उसने देर की है, उसका दंड भोगे। मुझे कल या तो कंगन ला दीजिए या रूपये। आपसे यदि सर्राफ से दोस्ती है, आप मुलाहिजे और मुरव्वत के सबब से कुछ न कह सकते हों, तो मुझे उसकी दुकान दिखा दीजिए।नहीं आपको शर्म आती हो तो उसका नाम बता दीजिए, मैं पता लगा लूंगी। वाह, अच्छी दिल्लगी! दुकान नीलाम करा दूंगी। जेल भिजवा दूंगी। इन बदमाशों से लडाई के बगैर काम नहीं चलता।",named_comma_quote,"रतन ने त्योरियां चढ़ाकर कहा,'मैं कुछ नहीं जानती, उसने देर की है, उसका दंड भोगे। मुझे कल या तो कंगन ला दीजिए या रूपये। आपसे यदि सर्राफ से दोस्ती है, आप मुलाहिजे और मुरव्वत के सबब से कुछ न कह सकते हों, तो मुझे उसकी दुकान दिखा दीजिए।नहीं आपको शर्म आती हो तो उसका नाम बता दीजिए, मैं पता लगा लूंगी। वाह, अच्छी दिल्लगी! दुकान नीलाम करा दूंगी। जेल भिजवा दूंगी। इन बदमाशों से लडाई के बगैर काम नहीं चलता।' रमा अप्रतिभ होकर ज़मीन की ओर ताकने लगा। वह कितनी मनहूस घड़ी थी, जब उसने रतन से रूपये लिए! बैठे-बिठाए विपत्ति मोल ली। जालपा ने कहा, 'सच तो है, इन्हें क्यों नहीं सर्राफ की दुकान पर ले जाते,चीज़ आंखों से देखकर इन्हें संतोष हो जायगा।' रतन-'मैं अब चीज़ लेना ही नहीं चाहती।'","रतन ने त्योरियां चढ़ाकर कहा,"
2,365,जालपा,"सच तो है, इन्हें क्यों नहीं सर्राफ की दुकान पर ले जाते,चीज़ आंखों से देखकर इन्हें संतोष हो जायगा।",named_dash_quote,"रतन ने त्योरियां चढ़ाकर कहा,'मैं कुछ नहीं जानती, उसने देर की है, उसका दंड भोगे। मुझे कल या तो कंगन ला दीजिए या रूपये। आपसे यदि सर्राफ से दोस्ती है, आप मुलाहिजे और मुरव्वत के सबब से कुछ न कह सकते हों, तो मुझे उसकी दुकान दिखा दीजिए।नहीं आपको शर्म आती हो तो उसका नाम बता दीजिए, मैं पता लगा लूंगी। वाह, अच्छी दिल्लगी! दुकान नीलाम करा दूंगी। जेल भिजवा दूंगी। इन बदमाशों से लडाई के बगैर काम नहीं चलता।' रमा अप्रतिभ होकर ज़मीन की ओर ताकने लगा। वह कितनी मनहूस घड़ी थी, जब उसने रतन से रूपये लिए! बैठे-बिठाए विपत्ति मोल ली। जालपा ने कहा, 'सच तो है, इन्हें क्यों नहीं सर्राफ की दुकान पर ले जाते,चीज़ आंखों से देखकर इन्हें संतोष हो जायगा।' रतन-'मैं अब चीज़ लेना ही नहीं चाहती।'","रमा अप्रतिभ होकर ज़मीन की ओर ताकने लगा। वह कितनी मनहूस घड़ी थी, जब उसने रतन से रूपये लिए! बैठे-बिठाए विपत्ति मोल ली। जालपा ने कहा,"
2,365,रतन,मैं अब चीज़ लेना ही नहीं चाहती।,named_dash_quote,"रतन ने त्योरियां चढ़ाकर कहा,'मैं कुछ नहीं जानती, उसने देर की है, उसका दंड भोगे। मुझे कल या तो कंगन ला दीजिए या रूपये। आपसे यदि सर्राफ से दोस्ती है, आप मुलाहिजे और मुरव्वत के सबब से कुछ न कह सकते हों, तो मुझे उसकी दुकान दिखा दीजिए।नहीं आपको शर्म आती हो तो उसका नाम बता दीजिए, मैं पता लगा लूंगी। वाह, अच्छी दिल्लगी! दुकान नीलाम करा दूंगी। जेल भिजवा दूंगी। इन बदमाशों से लडाई के बगैर काम नहीं चलता।' रमा अप्रतिभ होकर ज़मीन की ओर ताकने लगा। वह कितनी मनहूस घड़ी थी, जब उसने रतन से रूपये लिए! बैठे-बिठाए विपत्ति मोल ली। जालपा ने कहा, 'सच तो है, इन्हें क्यों नहीं सर्राफ की दुकान पर ले जाते,चीज़ आंखों से देखकर इन्हें संतोष हो जायगा।' रतन-'मैं अब चीज़ लेना ही नहीं चाहती।'",रतन-
2,366,रमानाथ,"अच्छी बात है, आपको रूपये कल मिल जायंगे।",named_comma_quote,"रमा ने कांपते हुए कहा,'अच्छी बात है, आपको रूपये कल मिल जायंगे।'","रमा ने कांपते हुए कहा,"
2,367,रमानाथ,दफ्तर से लौटते वक्त लेता आऊंगा।,named_dash_quote,रमानाथ-'दफ्तर से लौटते वक्त लेता आऊंगा।',रमानाथ-
2,368,रतन,पूरे रूपये लूंगी। ऐसा न हो कि सौ-दो सौ रूपये देकर टाल दे।,named_dash_quote,रतन-'पूरे रूपये लूंगी। ऐसा न हो कि सौ-दो सौ रूपये देकर टाल दे।',रतन-
2,369,रमानाथ,कल आप अपने सब रूपये ले जाइएगा।,named_dash_quote,रमानाथ-'कल आप अपने सब रूपये ले जाइएगा।',रमानाथ-
2,370,रमेश,पानी आ रहा है।,named_comma_quote,"यह कहता हुआ रमा मरदाने कमरे में आया, और रमेश बाबू के नाम एक रूक्का लिखकर गोपी से बोला,इसे रमेश बाबू के पास ले जाओ। जवाब लिखाते आना। फिर उसने एक दूसरा रूक्का लिखकर विश्वम्भरदास को दिया कि माणिकदास को दिखाकर जवाब लाए। विश्वम्भर ने कहा,'पानी आ रहा है।'","यह कहता हुआ रमा मरदाने कमरे में आया, और रमेश बाबू के नाम एक रूक्का लिखकर गोपी से बोला,इसे रमेश बाबू के पास ले जाओ। जवाब लिखाते आना। फिर उसने एक दूसरा रूक्का लिखकर विश्वम्भरदास को दिया कि माणिकदास को दिखाकर जवाब लाए। विश्वम्भर ने कहा,"
2,371,रमानाथ,तो क्या सारी दुनिया बह जाएगी! दौड़ते हुए जाओ।,named_dash_quote,रमानाथ-'तो क्या सारी दुनिया बह जाएगी! दौड़ते हुए जाओ।',रमानाथ-
2,372,Unknown,और वह जो घर पर न मिलें?,unattributed_quote,विश्वम्भर-'और वह जो घर पर न मिलें?',विश्वम्भर-
2,373,रमानाथ,मिलेंगे। वह इस वक्त क़हीं नहीं जाते।,named_dash_quote,रमानाथ-'मिलेंगे। वह इस वक्त क़हीं नहीं जाते।',रमानाथ-
2,375,रमानाथ,थैली उठाओ। चलकर जमा कर आएं।,named_dash_quote,"संध्या हो गई थी, म्युनिसिपैलिटी के अहाते में सन्नाटा छा गया था। कर्मचारी एक-एक करके जा रहे थे। मेहतर कमरों में झाड़ू लगा रहा था। चपरासियों ने भी जूते पहनना शुरू कर दिया था। खोंचेवाले दिनभर की बिक्री के पैसे गिन रहे थे। पर रमानाथ अपनी कुर्सी पर बैठा रजिस्टर लिख रहा था। आज भी वह प्रातःकाल आया था, पर आज भी कोई बडा शिकार न फंसा, वही दस रूपये मिलकर रह गए। अब अपनी आबरू बचाने का उसके पास और क्या उपाय था! रमा ने रतन को झांसा देने की ठान ली। वह खूब जानता था कि रतन की यह अधीरता केवल इसलिए है कि शायद उसके रूपये मैंने ख़र्च कर दिए। अगर उसे मालूम हो जाए कि उसके रूपये तत्काल मिल सकते हैं, तो वह शांत हो जाएगी। रमा उसे रूपये से भरी हुई थैली दिखाकर उसका संदेह मिटा देना चाहता था। वह खजांची साहब के चले जाने की राह देख रहा था। उसने आज जान-बूझकर देर की थी। आज की आमदनी के आठ सौ रूपये उसके पास थे। इसे वह अपने घर ले जाना चाहता था। खजांची ठीक चार बजे उठा। उसे क्या ग़रज़ थी कि रमा से आज की आमदनी मांगता। रूपये गिनने से ही छुट्टी मिली। दिनभर वही लिखते-लिखते और रूपये गिनते-गिनते बेचारे की कमर दुख रही थी। रमा को जब मालूम हो गया कि खजांची साहब दूर निकल गए होंगे, तो उसने रजिस्टर बंद कर दिया और चपरासी से बोला, 'थैली उठाओ। चलकर जमा कर आएं।'","संध्या हो गई थी, म्युनिसिपैलिटी के अहाते में सन्नाटा छा गया था। कर्मचारी एक-एक करके जा रहे थे। मेहतर कमरों में झाड़ू लगा रहा था। चपरासियों ने भी जूते पहनना शुरू कर दिया था। खोंचेवाले दिनभर की बिक्री के पैसे गिन रहे थे। पर रमानाथ अपनी कुर्सी पर बैठा रजिस्टर लिख रहा था। आज भी वह प्रातःकाल आया था, पर आज भी कोई बडा शिकार न फंसा, वही दस रूपये मिलकर रह गए। अब अपनी आबरू बचाने का उसके पास और क्या उपाय था! रमा ने रतन को झांसा देने की ठान ली। वह खूब जानता था कि रतन की यह अधीरता केवल इसलिए है कि शायद उसके रूपये मैंने ख़र्च कर दिए। अगर उसे मालूम हो जाए कि उसके रूपये तत्काल मिल सकते हैं, तो वह शांत हो जाएगी। रमा उसे रूपये से भरी हुई थैली दिखाकर उसका संदेह मिटा देना चाहता था। वह खजांची साहब के चले जाने की राह देख रहा था। उसने आज जान-बूझकर देर की थी। आज की आमदनी के आठ सौ रूपये उसके पास थे। इसे वह अपने घर ले जाना चाहता था। खजांची ठीक चार बजे उठा। उसे क्या ग़रज़ थी कि रमा से आज की आमदनी मांगता। रूपये गिनने से ही छुट्टी मिली। दिनभर वही लिखते-लिखते और रूपये गिनते-गिनते बेचारे की कमर दुख रही थी। रमा को जब मालूम हो गया कि खजांची साहब दूर निकल गए होंगे, तो उसने रजिस्टर बंद कर दिया और चपरासी से बोला,"
2,376,चपरासी,खजांची बाबू तो चले गए!,named_comma_quote,"चपरासी ने कहा, 'खजांची बाबू तो चले गए!'","चपरासी ने कहा,"
2,377,रमानाथ,खजांची बाबू चले गए! तुमने मुझसे कहा क्यों नहीं- अभी कितनी दूर गए होंगे?,named_comma_quote,"रमा ने आखें गाड़कर कहा, 'खजांची बाबू चले गए! तुमने मुझसे कहा क्यों नहीं- अभी कितनी दूर गए होंगे?'","रमा ने आखें गाड़कर कहा,"
2,378,चपरासी,सड़क के नुक्कड़ तक पहुंचे होंगे।,named_dash_quote,चपरासी-'सड़क के नुक्कड़ तक पहुंचे होंगे।',चपरासी-
2,379,रमानाथ,यह आमदनी कैसे जमा होगी?,named_dash_quote,रमानाथ-'यह आमदनी कैसे जमा होगी?',रमानाथ-
2,380,चपरासी,हुकुम हो तो बुला लाऊं?,named_dash_quote,चपरासी-'हुकुम हो तो बुला लाऊं?',चपरासी-
2,381,रमानाथ,"अजी, जाओ भी, अब तक तो कहा नहीं, अब उन्हें आधे रास्ते से बुलाने जाओगे। हो तुम भी निरे बछिया के ताऊब आज ज्यादा छान गए थे क्या? ख़ैर, रूपये इसी दराज़ में रखे रहेंगे। तुम्हारी ज़िम्मेदारी रहेगी।",named_dash_quote,"रमानाथ-'अजी, जाओ भी, अब तक तो कहा नहीं, अब उन्हें आधे रास्ते से बुलाने जाओगे। हो तुम भी निरे बछिया के ताऊब आज ज्यादा छान गए थे क्या? ख़ैर, रूपये इसी दराज़ में रखे रहेंगे। तुम्हारी ज़िम्मेदारी रहेगी।'",रमानाथ-
2,382,चपरासी,"नहीं बाबू साहब, मैं यहां रूपया नहीं रखने दूंगा। सब घड़ी बराबर नहीं जाती। कहीं रूपये उठ जायं, तो मैं बेगुनाह मारा जाऊं। सुभीते का ताला भी तो नहीं है यहां।",named_dash_quote,"चपरासी-'नहीं बाबू साहब, मैं यहां रूपया नहीं रखने दूंगा। सब घड़ी बराबर नहीं जाती। कहीं रूपये उठ जायं, तो मैं बेगुनाह मारा जाऊं। सुभीते का ताला भी तो नहीं है यहां।'",चपरासी-
2,383,रमानाथ,तो फिर ये रूपये कहां रक्खूं?,named_dash_quote,रमानाथ-'तो फिर ये रूपये कहां रक्खूं?',रमानाथ-
2,384,चपरासी,"हुजूर, अपने साथ लेते जाएं।",named_dash_quote,"चपरासी-'हुजूर, अपने साथ लेते जाएं।'",चपरासी-
2,387,रमानाथ,"अभी तैयार नहीं था, मैंने समझा रूपये लेता चलूं जिसमें उन्हें तस्कीन हो जाय।",unquoted_dash,"रमानाथ-'अभी तैयार नहीं था, मैंने समझा रूपये लेता चलूं जिसमें उन्हें तस्कीन हो जाय।",रमानाथ
2,388,जालपा,क्या कहा सर्राफ ने?,named_dash_quote,जालपा-'क्या कहा सर्राफ ने?',जालपा-
2,389,रमानाथ,"कहा क्या, आज-कल करता है। अभी रतन देवी आइ नहीं?",named_dash_quote,"रमानाथ-'कहा क्या, आज-कल करता है। अभी रतन देवी आइ नहीं?'",रमानाथ-
2,390,जालपा,"आती ही होगी, उसे चैन कहां?",named_dash_quote,"जालपा-'आती ही होगी, उसे चैन कहां?'",जालपा-
2,392,जालपा,"हां आ गए हैं, पहन लो! बेचारे कई दफा सर्राफ के पास गए। अभागा देता ही नहीं, हीले-हवाले करता है।",named_dash_quote,"जालपा-'हां आ गए हैं, पहन लो! बेचारे कई दफा सर्राफ के पास गए। अभागा देता ही नहीं, हीले-हवाले करता है।'",जालपा-
2,393,रतन,"कैसा सर्राफ है कि इतने दिन से हीले-हवाले कर रहा है। मैं जानती कि रूपये झमेले में पड़ जाएंगे, तो देती ही क्यों। न रूपये मिलते हैं, न कंगन मिलता है!",named_dash_quote,"रतन-'कैसा सर्राफ है कि इतने दिन से हीले-हवाले कर रहा है। मैं जानती कि रूपये झमेले में पड़ जाएंगे, तो देती ही क्यों। न रूपये मिलते हैं, न कंगन मिलता है!'",रतन-
2,395,रतन,"कुछ वादा करता है, कब तक देगा?",named_dash_quote,"रतन-'कुछ वादा करता है, कब तक देगा?'",रतन-
2,396,जालपा,"उसके वादों का क्या ठीक, सैकड़ों वादे तो कर चुका है।",named_dash_quote,"जालपा-'उसके वादों का क्या ठीक, सैकड़ों वादे तो कर चुका है।'",जालपा-
2,397,रतन,तो इसके मानी यह हैं कि अब वह चीज़ न बनाएगा?,named_dash_quote,रतन-'तो इसके मानी यह हैं कि अब वह चीज़ न बनाएगा?',रतन-
2,398,जालपा,जो चाहे समझ लो!,named_dash_quote,जालपा-'जो चाहे समझ लो!',जालपा-
2,399,रतन,"तो मेरे रूपये ही दे दो, बाज आई ऐसे कंगन से।",named_dash_quote,"रतन-'तो मेरे रूपये ही दे दो, बाज आई ऐसे कंगन से।'",रतन-
2,400,जालपा,"ये आपके रूपये रखे हैं, ले जाइए।",named_comma_quote,"जालपा झमककर उठी, आल्मारी से थैली निकाली और रतन के सामने पटककर बोली, 'ये आपके रूपये रखे हैं, ले जाइए।'","जालपा झमककर उठी, आल्मारी से थैली निकाली और रतन के सामने पटककर बोली,"
2,401,रमानाथ,अगर दो-चार दिन में देने का वादा करता हो तो रूपये रहने दो।,named_dash_quote,"वास्तव में रतन की अधीरता का कारण वही था, जो रमा ने समझा था। उसे भ्रम हो रहा था कि इन लोगों ने मेरे रूपये ख़र्च कर डाले। इसीलिए वह बार-बार कंगन का तकाजा करती थी। रूपये देखकर उसका भ्रम शांत हो गया। कुछ लज्जित होकर बोली, 'अगर दो-चार दिन में देने का वादा करता हो तो रूपये रहने दो।'","वास्तव में रतन की अधीरता का कारण वही था, जो रमा ने समझा था। उसे भ्रम हो रहा था कि इन लोगों ने मेरे रूपये ख़र्च कर डाले। इसीलिए वह बार-बार कंगन का तकाजा करती थी। रूपये देखकर उसका भ्रम शांत हो गया। कुछ लज्जित होकर बोली,"
2,402,जालपा,मुझे तो आशा नहीं है कि इतनी जल्द दे दे। जब चीज़ तैयार हो जायगी तो रूपये मांग लिए जाएंगे।,named_dash_quote,जालपा-'मुझे तो आशा नहीं है कि इतनी जल्द दे दे। जब चीज़ तैयार हो जायगी तो रूपये मांग लिए जाएंगे।',जालपा-
2,403,रतन,"क्या जाने उस वक्त मेरे पास रूपये रहें या न रहें। रूपये आते तो दिखाई देते हैं, जाते नहीं दिखाई देते। न जाने किस तरह उड़ जाते हैं। अपने ही पास रख लो तो क्या बुरा?",named_dash_quote,"रतन-'क्या जाने उस वक्त मेरे पास रूपये रहें या न रहें। रूपये आते तो दिखाई देते हैं, जाते नहीं दिखाई देते। न जाने किस तरह उड़ जाते हैं। अपने ही पास रख लो तो क्या बुरा?' जालपा-'तो यहां भी तो वही हाल है। फिर पराई रकम घर में रखना जोखिम की बात भी तो है। कोई गोलमाल हो जाए, तो व्यर्थ का दंड देना पड़े। मेरे ब्याह के चौथे ही दिन मेरे सारे गहने चोरी चले गए। हम लोग जागते ही रहे, पर न जाने कब आंख लग गई, और चोरों ने अपना काम कर लिया। दस हज़ार की चपत पड़ गई। कहीं वही दुर्घटना फिर हो जाय तो कहीं के न रहें।'",रतन-
2,403,जालपा,"तो यहां भी तो वही हाल है। फिर पराई रकम घर में रखना जोखिम की बात भी तो है। कोई गोलमाल हो जाए, तो व्यर्थ का दंड देना पड़े। मेरे ब्याह के चौथे ही दिन मेरे सारे गहने चोरी चले गए। हम लोग जागते ही रहे, पर न जाने कब आंख लग गई, और चोरों ने अपना काम कर लिया। दस हज़ार की चपत पड़ गई। कहीं वही दुर्घटना फिर हो जाय तो कहीं के न रहें।",named_dash_quote,"रतन-'क्या जाने उस वक्त मेरे पास रूपये रहें या न रहें। रूपये आते तो दिखाई देते हैं, जाते नहीं दिखाई देते। न जाने किस तरह उड़ जाते हैं। अपने ही पास रख लो तो क्या बुरा?' जालपा-'तो यहां भी तो वही हाल है। फिर पराई रकम घर में रखना जोखिम की बात भी तो है। कोई गोलमाल हो जाए, तो व्यर्थ का दंड देना पड़े। मेरे ब्याह के चौथे ही दिन मेरे सारे गहने चोरी चले गए। हम लोग जागते ही रहे, पर न जाने कब आंख लग गई, और चोरों ने अपना काम कर लिया। दस हज़ार की चपत पड़ गई। कहीं वही दुर्घटना फिर हो जाय तो कहीं के न रहें।'",जालपा-
2,404,रतन,"अच्छी बात है, मैं रूपये लिये जाती हूं; मगर देखना निश्चिन्त न हो जाना। बाबूजी से कह देना सर्राफ का पिंड न छोड़ें।",named_dash_quote,"रतन-'अच्छी बात है, मैं रूपये लिये जाती हूं; मगर देखना निश्चिन्त न हो जाना। बाबूजी से कह देना सर्राफ का पिंड न छोड़ें।'",रतन-
2,405,जालपा,"रतन आई थी, मैंने उसके सब रूपये दे दिए।",named_comma_quote,"रतन चली गई। जालपा खुश थी कि सिर से बोझ टला। बहुधा हमारे जीवन पर उन्हीं के हाथों कठोरतम आघात होता है, जो हमारे सच्चे हितैषी होते हैं। रमा कोई नौ बजे घूमकर लौटा, जालपा रसोई बना रही थी। उसे देखते ही बोली, 'रतन आई थी, मैंने उसके सब रूपये दे दिए।'","रतन चली गई। जालपा खुश थी कि सिर से बोझ टला। बहुधा हमारे जीवन पर उन्हीं के हाथों कठोरतम आघात होता है, जो हमारे सच्चे हितैषी होते हैं। रमा कोई नौ बजे घूमकर लौटा, जालपा रसोई बना रही थी। उसे देखते ही बोली,"
2,406,रमानाथ,"क्या कहा, रतन को रूपये दे दिए? तुमसे किसने कहा था कि उसे रूपये दे देना?",named_comma_quote,"रमा के पैरों के नीचे से मिट्टी खिसक गई। आंखें फैलकर माथे पर जा पहुंचीं। घबराकर बोला, 'क्या कहा, रतन को रूपये दे दिए? तुमसे किसने कहा था कि उसे रूपये दे देना?'","रमा के पैरों के नीचे से मिट्टी खिसक गई। आंखें फैलकर माथे पर जा पहुंचीं। घबराकर बोला,"
2,407,जालपा,उसी के रूपये तो तुमने लाकर रक्खे थे। तुम ख़ुद उसका इंतजार करते रहे। तुम्हारे जाते ही वह आई और कंगन मांगने लगी। मैंने झल्लाकर उसके रूपये फेंक दिए।,unquoted_dash,जालपा-'उसी के रूपये तो तुमने लाकर रक्खे थे। तुम ख़ुद उसका इंतजार करते रहे। तुम्हारे जाते ही वह आई और कंगन मांगने लगी। मैंने झल्लाकर उसके रूपये फेंक दिए।,जालपा
2,408,रमानाथ,उसने रूपये मांगे तो न थे?,named_comma_quote,"रमा ने सावधन होकर कहा, 'उसने रूपये मांगे तो न थे?'","रमा ने सावधन होकर कहा,"
2,409,जालपा,"मांगे क्यों नहीं। हां, जब मैंने दे दिए तो अलबत्ता कहने लगी, इसे क्यों लौटाती हो, अपने पास ही पडारहने दो। मैंने कह दिया, ऐसे शक्की मिज़ाज वालों का रूपया मैं नहीं रखती।",named_dash_quote,"जालपा-'मांगे क्यों नहीं। हां, जब मैंने दे दिए तो अलबत्ता कहने लगी, इसे क्यों लौटाती हो, अपने पास ही पडारहने दो। मैंने कह दिया, ऐसे शक्की मिज़ाज वालों का रूपया मैं नहीं रखती।'",जालपा-
2,410,रमानाथ,ईश्वर के लिए तुम मुझसे बिना पूछे ऐसे काम मत किया करो।,named_dash_quote,रमानाथ-'ईश्वर के लिए तुम मुझसे बिना पूछे ऐसे काम मत किया करो।',रमानाथ-
2,411,जालपा,"तो अभी क्या हुआ, उसके पास जाकर रूपये मांग लाओ, मगर अभी से रूपये घर में लाकर अपने जी का जंजाल क्यों मोल लोगे।",named_dash_quote,"जालपा-'तो अभी क्या हुआ, उसके पास जाकर रूपये मांग लाओ, मगर अभी से रूपये घर में लाकर अपने जी का जंजाल क्यों मोल लोगे।'",जालपा-
2,414,इंद्रभूषण,"आओ रमा बाबू, कहो, तुम्हारे म्युनिसिपल बोर्ड की क्या खबरें हैं?",named_dash_quote,"रतन के बंगले पर आज बडी बहार थी। यहां नित्य ही कोई-न-कोई उत्सव, दावत, पार्टी होती रहती थी। रतन का एकांत नीरस जीवन इन विषयों की ओर उसी भांति लपकता था, जैसे प्यासा पानी की ओर लपकता है। इस वक्त वहां बच्चों का जमघट था। एक आम के वृक्ष में झूला पडा था, बिजली की बत्तियां जल रही थीं, बच्चे झूला झूल रहे थे और रतन खड़ी झुला रही थी। हू-हा मचा हुआ था। वकील साहब इस मौसम में भी ऊनी ओवरकोट पहने बरामदे में बैठे सिगार पी रहे थे। रमा की इच्छा हुई, कि झूले के पास जाकर रतन से बातें करे, पर वकील साहब को खड़े देखकर वह संकोच के मारे उधर न जा सका। वकील साहब ने उसे देखते ही हाथ बढ़ा दिया और बोले, 'आओ रमा बाबू, कहो, तुम्हारे म्युनिसिपल बोर्ड की क्या खबरें हैं?'","रतन के बंगले पर आज बडी बहार थी। यहां नित्य ही कोई-न-कोई उत्सव, दावत, पार्टी होती रहती थी। रतन का एकांत नीरस जीवन इन विषयों की ओर उसी भांति लपकता था, जैसे प्यासा पानी की ओर लपकता है। इस वक्त वहां बच्चों का जमघट था। एक आम के वृक्ष में झूला पडा था, बिजली की बत्तियां जल रही थीं, बच्चे झूला झूल रहे थे और रतन खड़ी झुला रही थी। हू-हा मचा हुआ था। वकील साहब इस मौसम में भी ऊनी ओवरकोट पहने बरामदे में बैठे सिगार पी रहे थे। रमा की इच्छा हुई, कि झूले के पास जाकर रतन से बातें करे, पर वकील साहब को खड़े देखकर वह संकोच के मारे उधर न जा सका। वकील साहब ने उसे देखते ही हाथ बढ़ा दिया और बोले,"
2,415,रमानाथ,कोई नई बात तो नहीं हुई।,named_comma_quote,"रमा ने कुर्सी पर बैठते हुए कहा, 'कोई नई बात तो नहीं हुई।'","रमा ने कुर्सी पर बैठते हुए कहा,"
2,418,रमानाथ,"पत्रों में इन देशों का जो थोडा-बहुत हाल पढ़ा था, उसके आधार पर बोला,वहां स्त्रियों का आचरण तो बहुत अच्छा नहीं है।",unquoted_dash,"रमा ने समाचार-पत्रों में इन देशों का जो थोडा-बहुत हाल पढ़ा था, उसके आधार पर बोला,वहां स्त्रियों का आचरण तो बहुत अच्छा नहीं है।'",रमा ने समाचार
2,419,Unknown,"नान्सेसं ! अपने-अपने देश की प्रथा है। आप एक युवती को किसी युवक के साथ एकांत में विचरते देखकर दांतों तले उंगली दबाते हैं। आपका अंप्तःकरण इतना मलिन हो गया है कि स्त्री-पुरूष को एक जगह देखकर आप संदेह किए बिना रह ही नहीं सकते, पर जहां लङके और लड़कियां एक साथ शिक्षा पाते हैं, वहां यह जाति-भेद बहुत महत्व की वस्तु नहीं रह जाती,आपस में स्नेह और सहानुभूति की इतनी बातें पैदा हो जाती हैं कि कामुकता का अंश बहुत थोडारह जाता है। यह समझ लीजिए कि जिस देश में स्त्रियों की जितनी अधिक स्वाधीनता है, वह देश उतना ही सभ्य है। स्त्रियों को कैद में, परदे में, या पुरूषों से कोसों दूर रखने का तात्पर्य यही निकलता है कि आपके यहां जनता इतनी आचार-भ्रष्ट है कि स्त्रियों का अपमान करने में ज़रा भी संकोच नहीं करती। युवकों के लिए राजनीति, धर्म, ललित-कला, साहित्य, दर्शन, इतिहास, विज्ञान और हज़ारों ही ऐसे विषय हैं, जिनके आधार पर वे युवतियों से गहरी दोस्ती पैदा कर सकते हैं। कामलिप्सा उन देशों के लिए आकर्षण का प्रधान विषय है, जहां लोगों की मनोवृत्तियां संकुचित रहती हैं। मैं सालभर योरप और अमरीका में रह चुका हूं। कितनी ही सुंदरियों के साथ मेरी दोस्ती थी। उनके साथ खेला हूं, नाचा भी हूं, पर कभी मुंह से ऐसा शब्द न निकलता था, जिसे सुनकर किसी युवती को लज्जा से सिर झुकाना पड़े, और फिर अच्छे और बुरे कहां नहीं हैं?",unattributed_quote,"वकील--'नान्सेसं ! अपने-अपने देश की प्रथा है। आप एक युवती को किसी युवक के साथ एकांत में विचरते देखकर दांतों तले उंगली दबाते हैं। आपका अंप्तःकरण इतना मलिन हो गया है कि स्त्री-पुरूष को एक जगह देखकर आप संदेह किए बिना रह ही नहीं सकते, पर जहां लङके और लड़कियां एक साथ शिक्षा पाते हैं, वहां यह जाति-भेद बहुत महत्व की वस्तु नहीं रह जाती,आपस में स्नेह और सहानुभूति की इतनी बातें पैदा हो जाती हैं कि कामुकता का अंश बहुत थोडारह जाता है। यह समझ लीजिए कि जिस देश में स्त्रियों की जितनी अधिक स्वाधीनता है, वह देश उतना ही सभ्य है। स्त्रियों को कैद में, परदे में, या पुरूषों से कोसों दूर रखने का तात्पर्य यही निकलता है कि आपके यहां जनता इतनी आचार-भ्रष्ट है कि स्त्रियों का अपमान करने में ज़रा भी संकोच नहीं करती। युवकों के लिए राजनीति, धर्म, ललित-कला, साहित्य, दर्शन, इतिहास, विज्ञान और हज़ारों ही ऐसे विषय हैं, जिनके आधार पर वे युवतियों से गहरी दोस्ती पैदा कर सकते हैं। कामलिप्सा उन देशों के लिए आकर्षण का प्रधान विषय है, जहां लोगों की मनोवृत्तियां संकुचित रहती हैं। मैं सालभर योरप और अमरीका में रह चुका हूं। कितनी ही सुंदरियों के साथ मेरी दोस्ती थी। उनके साथ खेला हूं, नाचा भी हूं, पर कभी मुंह से ऐसा शब्द न निकलता था, जिसे सुनकर किसी युवती को लज्जा से सिर झुकाना पड़े, और फिर अच्छे और बुरे कहां नहीं हैं?' रमा को इस समय इन बातों में कोई आनंद न आया, वह तो इस समय दूसरी ही चिंता में मग्न था। वकील साहब ने फिर कहा,जब तक हम स्त्री-पुरूषों को अबाध रूप से अपना-अपना मानसिक विकास न करने देंगे, हम अवनति की ओर खिसकते चले जाएंगे। बंधनों से समाज का पैर न बांधिए, उसके गले में कैदी की जंजीर न डालिए। विधवा-विवाह का प्रचार कीजिए, ख़ूब ज़ोरों से कीजिए, लेकिन यह बात मेरी समझ में नहीं आती कि जब कोई अधेड़ आदमी किसी युवती से ब्याह कर लेता है तो क्यों अख़बारों में इतना कुहराम मच जाता है। योरप में अस्सी बरस के बूढ़े युवतियों से ब्याह करते हैं, सत्तर वर्ष की वृद्धाएं युवकों से विवाह करती हैं, कोई कुछ नहीं कहता। किसी को कानोंकान ख़बर भी नहीं होती। हम बूढ़ों को मरने के पहले ही मार डालना चाहते हैं। हालांकि मनुष्य को कभी किसी सहगामिनी की जरूरत होती है तो वह बुढ़ापे में, जब उसे हरदम किसी अवलंब की इच्छा होती है, जब वह परमुखापेक्षी हो जाता है। रमा का ध्यान झूले की ओर था। किसी तरह रतन से दो-दो बातें करने का अवसर मिले। इस समय उसकी सबसे बडी यही कामना थी। उसका वहां जाना शिष्टाचार के विरूद्ध था। आख़िर उसने एक क्षण के बाद झूले की ओर देखकर कहा, 'ये इतने लङके किधर से आ गए?'",वकील--
2,419,इंद्रभूषण,ये इतने लङके किधर से आ गए?,named_dash_quote,"वकील--'नान्सेसं ! अपने-अपने देश की प्रथा है। आप एक युवती को किसी युवक के साथ एकांत में विचरते देखकर दांतों तले उंगली दबाते हैं। आपका अंप्तःकरण इतना मलिन हो गया है कि स्त्री-पुरूष को एक जगह देखकर आप संदेह किए बिना रह ही नहीं सकते, पर जहां लङके और लड़कियां एक साथ शिक्षा पाते हैं, वहां यह जाति-भेद बहुत महत्व की वस्तु नहीं रह जाती,आपस में स्नेह और सहानुभूति की इतनी बातें पैदा हो जाती हैं कि कामुकता का अंश बहुत थोडारह जाता है। यह समझ लीजिए कि जिस देश में स्त्रियों की जितनी अधिक स्वाधीनता है, वह देश उतना ही सभ्य है। स्त्रियों को कैद में, परदे में, या पुरूषों से कोसों दूर रखने का तात्पर्य यही निकलता है कि आपके यहां जनता इतनी आचार-भ्रष्ट है कि स्त्रियों का अपमान करने में ज़रा भी संकोच नहीं करती। युवकों के लिए राजनीति, धर्म, ललित-कला, साहित्य, दर्शन, इतिहास, विज्ञान और हज़ारों ही ऐसे विषय हैं, जिनके आधार पर वे युवतियों से गहरी दोस्ती पैदा कर सकते हैं। कामलिप्सा उन देशों के लिए आकर्षण का प्रधान विषय है, जहां लोगों की मनोवृत्तियां संकुचित रहती हैं। मैं सालभर योरप और अमरीका में रह चुका हूं। कितनी ही सुंदरियों के साथ मेरी दोस्ती थी। उनके साथ खेला हूं, नाचा भी हूं, पर कभी मुंह से ऐसा शब्द न निकलता था, जिसे सुनकर किसी युवती को लज्जा से सिर झुकाना पड़े, और फिर अच्छे और बुरे कहां नहीं हैं?' रमा को इस समय इन बातों में कोई आनंद न आया, वह तो इस समय दूसरी ही चिंता में मग्न था। वकील साहब ने फिर कहा,जब तक हम स्त्री-पुरूषों को अबाध रूप से अपना-अपना मानसिक विकास न करने देंगे, हम अवनति की ओर खिसकते चले जाएंगे। बंधनों से समाज का पैर न बांधिए, उसके गले में कैदी की जंजीर न डालिए। विधवा-विवाह का प्रचार कीजिए, ख़ूब ज़ोरों से कीजिए, लेकिन यह बात मेरी समझ में नहीं आती कि जब कोई अधेड़ आदमी किसी युवती से ब्याह कर लेता है तो क्यों अख़बारों में इतना कुहराम मच जाता है। योरप में अस्सी बरस के बूढ़े युवतियों से ब्याह करते हैं, सत्तर वर्ष की वृद्धाएं युवकों से विवाह करती हैं, कोई कुछ नहीं कहता। किसी को कानोंकान ख़बर भी नहीं होती। हम बूढ़ों को मरने के पहले ही मार डालना चाहते हैं। हालांकि मनुष्य को कभी किसी सहगामिनी की जरूरत होती है तो वह बुढ़ापे में, जब उसे हरदम किसी अवलंब की इच्छा होती है, जब वह परमुखापेक्षी हो जाता है। रमा का ध्यान झूले की ओर था। किसी तरह रतन से दो-दो बातें करने का अवसर मिले। इस समय उसकी सबसे बडी यही कामना थी। उसका वहां जाना शिष्टाचार के विरूद्ध था। आख़िर उसने एक क्षण के बाद झूले की ओर देखकर कहा, 'ये इतने लङके किधर से आ गए?'","रमा को इस समय इन बातों में कोई आनंद न आया, वह तो इस समय दूसरी ही चिंता में मग्न था। वकील साहब ने फिर कहा,जब तक हम स्त्री-पुरूषों को अबाध रूप से अपना-अपना मानसिक विकास न करने देंगे, हम अवनति की ओर खिसकते चले जाएंगे। बंधनों से समाज का पैर न बांधिए, उसके गले में कैदी की जंजीर न डालिए। विधवा-विवाह का प्रचार कीजिए, ख़ूब ज़ोरों से कीजिए, लेकिन यह बात मेरी समझ में नहीं आती कि जब कोई अधेड़ आदमी किसी युवती से ब्याह कर लेता है तो क्यों अख़बारों में इतना कुहराम मच जाता है। योरप में अस्सी बरस के बूढ़े युवतियों से ब्याह करते हैं, सत्तर वर्ष की वृद्धाएं युवकों से विवाह करती हैं, कोई कुछ नहीं कहता। किसी को कानोंकान ख़बर भी नहीं होती। हम बूढ़ों को मरने के पहले ही मार डालना चाहते हैं। हालांकि मनुष्य को कभी किसी सहगामिनी की जरूरत होती है तो वह बुढ़ापे में, जब उसे हरदम किसी अवलंब की इच्छा होती है, जब वह परमुखापेक्षी हो जाता है। रमा का ध्यान झूले की ओर था। किसी तरह रतन से दो-दो बातें करने का अवसर मिले। इस समय उसकी सबसे बडी यही कामना थी। उसका वहां जाना शिष्टाचार के विरूद्ध था। आख़िर उसने एक क्षण के बाद झूले की ओर देखकर कहा,"
2,420,Unknown,"रतन बाई को बाल-समाज से बडा स्नेह है। न जाने कहां?कहां से इतने लङके जमा हो जाते हैं। अगर आपको बच्चों से प्यार हो, तो जाइए! रमा तो यह चाहता ही था, चट झूले के पास जा पहुंचा। रतन उसे देखकर मुस्कराई और बोली,",unattributed_quote,"वकील-'रतन बाई को बाल-समाज से बडा स्नेह है। न जाने कहां?कहां से इतने लङके जमा हो जाते हैं। अगर आपको बच्चों से प्यार हो, तो जाइए! रमा तो यह चाहता ही था, चट झूले के पास जा पहुंचा। रतन उसे देखकर मुस्कराई और बोली, 'इन शैतानों ने मेरी नाक में दम कर रक्खा है। झूले से इन सबों का पेट ही नहीं भरता। आइए, ज़रा आप भी बेगार कीजिए, मैं तो थक गई। यह कहकर वह पक्के चबूतरे पर बैठ गई। रमा झोंके देने लगा। बच्चों ने नया आदमी देखा, तो सब-के-सब अपनी बारी के लिए उतावले होने लगे। रतन के हाथों दो बारियां आ चुकी थीं? पर यह कैसे हो सकता था कि कुछ लङके तो तीसरी बार झूलें, और बाकी बैठे मुंह ताकें! दो उतरते तो चार झूले पर बैठ जाते। रमा को बच्चों से नाममात्र को भी प्रेम न था पर इस वक्त फंस गया था, क्या करता! आख़िर आधा घंटे की बेगार के बाद उसका जी ऊब गया। घड़ी में साढ़े नौ बज रहे थे। मतलब की बात कैसे छेड़े। रतन तो झूले में इतनी मग्न थी, मानो उसे रूपयों की सुध ही नहीं है। सहसा रतन ने झूले के पास जाकर कहा, 'बाबूजी, मैं बैठती हूं, मुझे झुलाइए, मगर नीचे से नहीं, झूले पर खड़े होकर पेंग मारिए।'",वकील-
2,420,रतन,"बाबूजी, मैं बैठती हूं, मुझे झुलाइए, मगर नीचे से नहीं, झूले पर खड़े होकर पेंग मारिए।",named_dash_quote,"वकील-'रतन बाई को बाल-समाज से बडा स्नेह है। न जाने कहां?कहां से इतने लङके जमा हो जाते हैं। अगर आपको बच्चों से प्यार हो, तो जाइए! रमा तो यह चाहता ही था, चट झूले के पास जा पहुंचा। रतन उसे देखकर मुस्कराई और बोली, 'इन शैतानों ने मेरी नाक में दम कर रक्खा है। झूले से इन सबों का पेट ही नहीं भरता। आइए, ज़रा आप भी बेगार कीजिए, मैं तो थक गई। यह कहकर वह पक्के चबूतरे पर बैठ गई। रमा झोंके देने लगा। बच्चों ने नया आदमी देखा, तो सब-के-सब अपनी बारी के लिए उतावले होने लगे। रतन के हाथों दो बारियां आ चुकी थीं? पर यह कैसे हो सकता था कि कुछ लङके तो तीसरी बार झूलें, और बाकी बैठे मुंह ताकें! दो उतरते तो चार झूले पर बैठ जाते। रमा को बच्चों से नाममात्र को भी प्रेम न था पर इस वक्त फंस गया था, क्या करता! आख़िर आधा घंटे की बेगार के बाद उसका जी ऊब गया। घड़ी में साढ़े नौ बज रहे थे। मतलब की बात कैसे छेड़े। रतन तो झूले में इतनी मग्न थी, मानो उसे रूपयों की सुध ही नहीं है। सहसा रतन ने झूले के पास जाकर कहा, 'बाबूजी, मैं बैठती हूं, मुझे झुलाइए, मगर नीचे से नहीं, झूले पर खड़े होकर पेंग मारिए।'","इन शैतानों ने मेरी नाक में दम कर रक्खा है। झूले से इन सबों का पेट ही नहीं भरता। आइए, ज़रा आप भी बेगार कीजिए, मैं तो थक गई। यह कहकर वह पक्के चबूतरे पर बैठ गई। रमा झोंके देने लगा। बच्चों ने नया आदमी देखा, तो सब-के-सब अपनी बारी के लिए उतावले होने लगे। रतन के हाथों दो बारियां आ चुकी थीं? पर यह कैसे हो सकता था कि कुछ लङके तो तीसरी बार झूलें, और बाकी बैठे मुंह ताकें! दो उतरते तो चार झूले पर बैठ जाते। रमा को बच्चों से नाममात्र को भी प्रेम न था पर इस वक्त फंस गया था, क्या करता! आख़िर आधा घंटे की बेगार के बाद उसका जी ऊब गया। घड़ी में साढ़े नौ बज रहे थे। मतलब की बात कैसे छेड़े। रतन तो झूले में इतनी मग्न थी, मानो उसे रूपयों की सुध ही नहीं है। सहसा रतन ने झूले के पास जाकर कहा,"
2,425,रतन,"ज़रा और बढ़ाइए साहब, आपसे तो झूला बढ़ता ही नहीं।",named_comma_quote,"एक क्षण के बाद रतन ने कहा, 'ज़रा और बढ़ाइए साहब, आपसे तो झूला बढ़ता ही नहीं।'","एक क्षण के बाद रतन ने कहा,"
2,427,रतन,"आपको पेंग मारना नहीं आता, कभी झूला नहीं झूले?",named_dash_quote,"रतन-'आपको पेंग मारना नहीं आता, कभी झूला नहीं झूले?'",रतन-
2,428,रमानाथ,"हां, इधर तो वर्षो से नहीं बैठा।",named_comma_quote,"रमा ने झिझकते हुए कहा, 'हां, इधर तो वर्षो से नहीं बैठा।'","रमा ने झिझकते हुए कहा,"
2,429,रतन,"तो आप इन बच्चों को संभालकर बैठिए, मैं आपको झुलाऊंगी।",named_dash_quote,"रतन-'तो आप इन बच्चों को संभालकर बैठिए, मैं आपको झुलाऊंगी।'",रतन-
2,431,रतन,"अजी अभी क्या देर हो गई है, दस भी नहीं बजे, घबडाइए नहीं, अभी बहुत रात पड़ी है। खूब झूलकर जाइएगा। कल जालपा को लाइएगा, हम दोनों झूलेंगे।",named_dash_quote,"रतन-'अजी अभी क्या देर हो गई है, दस भी नहीं बजे, घबडाइए नहीं, अभी बहुत रात पड़ी है। खूब झूलकर जाइएगा। कल जालपा को लाइएगा, हम दोनों झूलेंगे।'",रतन-
2,435,रमानाथ,"अब बहुत जल्द मिलेंगे भाई, देर नहीं है। देखो गंगू के रूपये चुकाए हैं, अब की तुम्हारी बारी है।",named_comma_quote,"रमा ने विनम्र भाव से कहा, 'अब बहुत जल्द मिलेंगे भाई, देर नहीं है। देखो गंगू के रूपये चुकाए हैं, अब की तुम्हारी बारी है।'","रमा ने विनम्र भाव से कहा,"
2,436,चरनदास,"वह सब किस्सा मालूम है, गंगू ने होशियारी से अपने रूपये न ले लिये होते, तो हमारी तरह टापा करते। साल-भर हो रहा है। रूपये सैकड़े का सूद भी रखिए तो चौरासी रूपये होते हैं। कल आकर हिसाब कर जाइए, सब नहीं तो आधा-तिहाई कुछ दे दीजिए।लेते-देते रहने से मालिक को ढाढ़स रहता है। कान में तेल डालकर बैठे रहने से तो उसे शंका होने लगती है कि इनकी नीयत ख़राब है। तो कल कब आइएगा?",named_comma_quote,"चरनदास, 'वह सब किस्सा मालूम है, गंगू ने होशियारी से अपने रूपये न ले लिये होते, तो हमारी तरह टापा करते। साल-भर हो रहा है। रूपये सैकड़े का सूद भी रखिए तो चौरासी रूपये होते हैं। कल आकर हिसाब कर जाइए, सब नहीं तो आधा-तिहाई कुछ दे दीजिए।लेते-देते रहने से मालिक को ढाढ़स रहता है। कान में तेल डालकर बैठे रहने से तो उसे शंका होने लगती है कि इनकी नीयत ख़राब है। तो कल कब आइएगा?'","चरनदास,"
2,437,रमानाथ,"भई, कल मैं रूपये लेकर तो न आ सकूंगा, यों जब कहो तब चला आऊं। क्यों, इस वक्त अपने सेठजी से चार-पांच सौ रूपयों का बंदोबस्त न करा दोगे?",named_dash_quote,"रमानाथ-'भई, कल मैं रूपये लेकर तो न आ सकूंगा, यों जब कहो तब चला आऊं। क्यों, इस वक्त अपने सेठजी से चार-पांच सौ रूपयों का बंदोबस्त न करा दोगे?'तुम्हारी मुट्ठी भी गर्म कर दूंगा। '",रमानाथ-
2,438,चरनदास,"कहां की बात लिये फिरते हो बाबूजी, सेठजी एक कौड़ी तो देंगे नहीं। उन्होंने यही बहुत सलूक किया कि नालिश नहीं कर दी। आपके पीछे मुझे बातें सुननी पड़ती हैं। क्या बडे मुंशीजी से कहना पड़ेगा?",named_dash_quote,"चरनदास-'कहां की बात लिये फिरते हो बाबूजी, सेठजी एक कौड़ी तो देंगे नहीं। उन्होंने यही बहुत सलूक किया कि नालिश नहीं कर दी। आपके पीछे मुझे बातें सुननी पड़ती हैं। क्या बडे मुंशीजी से कहना पड़ेगा?'",चरनदास-
2,439,रमानाथ,"तुम्हारा देनदार मैं हूं, बडे मुंशी नहीं हैं। मैं मर नहीं गया हूं, घर छोड़कर भागा नहीं जाता हूं। इतने अधीर क्यों हुए जाते हो?",named_comma_quote,"रमा ने झल्लाकर कहा, 'तुम्हारा देनदार मैं हूं, बडे मुंशी नहीं हैं। मैं मर नहीं गया हूं, घर छोड़कर भागा नहीं जाता हूं। इतने अधीर क्यों हुए जाते हो? '","रमा ने झल्लाकर कहा,"
2,440,चरनदास,"साल-भर हुआ, एक कौड़ी नहीं मिली, अधीर न हों तो क्या हों। कल कम-से-कम दो सौ की गिकर कर रखिएगा।",named_dash_quote,"चरनदास-'साल-भर हुआ, एक कौड़ी नहीं मिली, अधीर न हों तो क्या हों। कल कम-से-कम दो सौ की गिकर कर रखिएगा।'",चरनदास-
2,441,रमानाथ,"मैंने कह दिया, मेरे पास अभी रूपये नहीं हैं।",named_dash_quote,"रमानाथ-'मैंने कह दिया, मेरे पास अभी रूपये नहीं हैं।'",रमानाथ-
2,442,चरनदास,"रोज़ गठरी काट-काटकर रखते हो, उस पर कहते हो, रूपये नहीं हैं। कल रूपये जुटा रखना। कल आदमी जाएगा जरूर।",named_dash_quote,"चरनदास-'रोज़ गठरी काट-काटकर रखते हो, उस पर कहते हो, रूपये नहीं हैं। कल रूपये जुटा रखना। कल आदमी जाएगा जरूर।'",चरनदास-
2,443,जालपा,"कहां चले गए थे, बडी देर लगा दी।",named_dash_quote,"रमा ने उसका कोई जवाब न दिया, आगे बढ़ा। इधर आया था कि कुछ काम निकलेगा, उल्टे तकाज़ा सहना पड़ा। कहीं दुष्ट सचमुच बाबूजी के पास तकाज़ा न भेज दे। आग ही हो जायंगे। जालपा भी समझेगी, कैसा लबाडिया आदमी है। इस समय रमा की आंखों से आंसू तो न निकलते थे, पर उसका एक- एक रोआं रो रहा था। जालपा से अपनी असली हालत छिपाकर उसने कितनी भारी भूल की! वह समझदार औरत है, अगर उसे मालूम हो जाता कि मेरे घर में भूंजी भांग भी नहीं है, तो वह मुझे कभी उधार गहने न लेने देती। उसने तो कभी अपने मुंह से कुछ नहीं कहा। मैं ही अपनी शान जमाने के लिए मरा जा रहा था। इतना बडा बोझ सिर पर लेकर भी मैंने क्यों किफायत से काम नहीं लिया? मुझे एक-एक पैसा दांतों से पकड़ना चाहिए था। साल-भर में मेरी आमदनी सब मिलाकर एक हज़ार से कम न हुई होगी। अगर किफायत से चलता, तो इन दोनों महाजनों के आधे-आधे रूपये जरूर अदा हो जाते, मगर यहां तो सिर पर शामत सवार थी। इसकी क्या जरूरत थी कि जालपा मुहल्ले भर की औरतों को जमा करके रोज सैर करने जाती- सैकड़ों रूपये तो तांगे वाला ले गया होगा, मगर यहां तो उस पर रोब जमाने की पड़ी हुई थी। सारा बाज़ार जान जाय कि लाला निरे लफंगे हैं, पर अपनी स्त्री न जानने पाए! वाह री बुद्धि, दरवाज़े के लिए परदों की क्या जरूरत थी! दो लैंप क्यों लाया, नई निवाड़ लेकर चारपाइयां क्यों बिनवाई, उसने रास्ते ही में उन ख़र्चो का हिसाब तैयार कर लिया, जिन्हें उसकी हैसियत के आदमी को टालना चाहिए था। आदमी जब तक स्वस्थ रहता है, उसे इसकी चिंता नहीं रहती कि वह क्या खाता है, कितना खाता है, कब खाता है, लेकिन जब कोई विकार उत्पन्न हो जाता है, तो उसे याद आती है कि कल मैंने पकौडियां खाई थीं। विजय बहिर्मुखी होती है, पराजय अन्तर्मुखी। जालपा ने पूछा, 'कहां चले गए थे, बडी देर लगा दी।'","रमा ने उसका कोई जवाब न दिया, आगे बढ़ा। इधर आया था कि कुछ काम निकलेगा, उल्टे तकाज़ा सहना पड़ा। कहीं दुष्ट सचमुच बाबूजी के पास तकाज़ा न भेज दे। आग ही हो जायंगे। जालपा भी समझेगी, कैसा लबाडिया आदमी है। इस समय रमा की आंखों से आंसू तो न निकलते थे, पर उसका एक- एक रोआं रो रहा था। जालपा से अपनी असली हालत छिपाकर उसने कितनी भारी भूल की! वह समझदार औरत है, अगर उसे मालूम हो जाता कि मेरे घर में भूंजी भांग भी नहीं है, तो वह मुझे कभी उधार गहने न लेने देती। उसने तो कभी अपने मुंह से कुछ नहीं कहा। मैं ही अपनी शान जमाने के लिए मरा जा रहा था। इतना बडा बोझ सिर पर लेकर भी मैंने क्यों किफायत से काम नहीं लिया? मुझे एक-एक पैसा दांतों से पकड़ना चाहिए था। साल-भर में मेरी आमदनी सब मिलाकर एक हज़ार से कम न हुई होगी। अगर किफायत से चलता, तो इन दोनों महाजनों के आधे-आधे रूपये जरूर अदा हो जाते, मगर यहां तो सिर पर शामत सवार थी। इसकी क्या जरूरत थी कि जालपा मुहल्ले भर की औरतों को जमा करके रोज सैर करने जाती- सैकड़ों रूपये तो तांगे वाला ले गया होगा, मगर यहां तो उस पर रोब जमाने की पड़ी हुई थी। सारा बाज़ार जान जाय कि लाला निरे लफंगे हैं, पर अपनी स्त्री न जानने पाए! वाह री बुद्धि, दरवाज़े के लिए परदों की क्या जरूरत थी! दो लैंप क्यों लाया, नई निवाड़ लेकर चारपाइयां क्यों बिनवाई, उसने रास्ते ही में उन ख़र्चो का हिसाब तैयार कर लिया, जिन्हें उसकी हैसियत के आदमी को टालना चाहिए था। आदमी जब तक स्वस्थ रहता है, उसे इसकी चिंता नहीं रहती कि वह क्या खाता है, कितना खाता है, कब खाता है, लेकिन जब कोई विकार उत्पन्न हो जाता है, तो उसे याद आती है कि कल मैंने पकौडियां खाई थीं। विजय बहिर्मुखी होती है, पराजय अन्तर्मुखी। जालपा ने पूछा,"
2,444,रमानाथ,"तुम्हारे कारण रतन के बंगले पर जाना पड़ा। तुमने सब रूपये उठाकर दे दिए, उसमें दो सौ रूपये मेरे भी थे।",named_dash_quote,"रमानाथ-'तुम्हारे कारण रतन के बंगले पर जाना पड़ा। तुमने सब रूपये उठाकर दे दिए, उसमें दो सौ रूपये मेरे भी थे। '",रमानाथ-
2,445,जालपा,"तो मुझे क्या मालूम था, तुमने कहा भी तो न था, मगर उनके पास से रूपये कहीं जा नहीं सकते, वह आप ही भेज देंगी।",named_dash_quote,"जालपा-'तो मुझे क्या मालूम था, तुमने कहा भी तो न था, मगर उनके पास से रूपये कहीं जा नहीं सकते, वह आप ही भेज देंगी।'",जालपा-
2,446,रमानाथ,"माना, पर सरकारी रकम तो कल दाख़िल करनी पड़ेगी।",named_dash_quote,"रमानाथ-'माना, पर सरकारी रकम तो कल दाख़िल करनी पड़ेगी।'",रमानाथ-
2,447,जालपा,"कल मुझसे दो सौ रूपये ले लेना, मेरे पास हैं।",named_dash_quote,"जालपा-'कल मुझसे दो सौ रूपये ले लेना, मेरे पास हैं।'",जालपा-
2,448,Unknown,कहीं हों न तुम्हारे पास! इतने रूपये कहां से आए?,unattributed_quote,रमा को विश्वास न आया। बोला-'कहीं हों न तुम्हारे पास! इतने रूपये कहां से आए? ',रमा को विश्वास न आया। बोला-
2,449,जालपा,"तुम्हें इससे क्या मतलब, मैं तो दो सौ रूपये देने को कहती हूं।",named_dash_quote,"जालपा-'तुम्हें इससे क्या मतलब, मैं तो दो सौ रूपये देने को कहती हूं।'",जालपा-
2,450,रमानाथ,"कुछ आशा बंधी। दो-सौ रूपये यह देदे, दो सौ रूपये रतन से ले लूं, सौ रूपये मेरे पास हैं ही, तो कुल तीन सौ की कमी रह जाएगी, मगर यही तीन सौ रूपये कहां से आएंगे? ऐसा कोई नज़र न आता था, जिससे इतने रूपये मिलने की आशा की जा सके। हां, अगर रतन सब रूपये दे दे तो बिगड़ी बात बन जाय। आशा का यही एक आधार रह गया था।",unquoted_dash,"रमा का चेहरा खिल उठा। कुछ-कुछ आशा बंधी। दो-सौ रूपये यह देदे, दो सौ रूपये रतन से ले लूं, सौ रूपये मेरे पास हैं ही, तो कुल तीन सौ की कमी रह जाएगी, मगर यही तीन सौ रूपये कहां से आएंगे? ऐसा कोई नज़र न आता था, जिससे इतने रूपये मिलने की आशा की जा सके। हां, अगर रतन सब रूपये दे दे तो बिगड़ी बात बन जाय। आशा का यही एक आधार रह गया था।",रमा का चेहरा खिल उठा। कुछ
2,451,जालपा,आज किस सोच में पड़े हो?,named_comma_quote,"जब वह खाना खाकर लेटा, तो जालपा ने कहा, 'आज किस सोच में पड़े हो?'","जब वह खाना खाकर लेटा, तो जालपा ने कहा,"
2,452,रमानाथ,सोच किस बात का- क्या मैं उदास हूं?,named_dash_quote,रमानाथ-'सोच किस बात का- क्या मैं उदास हूं?',रमानाथ-
2,453,जालपा,"हां, किसी चिंता में पड़े हुए हो, मगर मुझसे बताते नहीं हो!",named_dash_quote,"जालपा-'हां, किसी चिंता में पड़े हुए हो, मगर मुझसे बताते नहीं हो!'",जालपा-
2,454,रमानाथ,ऐसी कोई बात होती तो तुमसे छिपाता?,named_dash_quote,रमानाथ-'ऐसी कोई बात होती तो तुमसे छिपाता?',रमानाथ-
2,455,जालपा,"वाह, तुम अपने दिल की बात मुझसे क्यों कहोगे? ऋषियों की आज्ञा नहीं है।",named_dash_quote,"जालपा-'वाह, तुम अपने दिल की बात मुझसे क्यों कहोगे? ऋषियों की आज्ञा नहीं है।'",जालपा-
2,456,रमानाथ,मैं उन ऋषियों के भक्तों में नहीं हूं।,named_dash_quote,रमानाथ-'मैं उन ऋषियों के भक्तों में नहीं हूं।',रमानाथ-
2,457,जालपा,"वह तो तब मालूम होता, जब मैं तुम्हारे ह्रदय में पैठकर देखती।",named_dash_quote,"जालपा-'वह तो तब मालूम होता, जब मैं तुम्हारे ह्रदय में पैठकर देखती।'",जालपा-
2,458,रमानाथ,वहां तुम अपनी ही प्रतिमा देखतीं।,named_dash_quote,रमानाथ-'वहां तुम अपनी ही प्रतिमा देखतीं।',रमानाथ-
2,459,जालपा,"क्या है? जालपा, क्या स्वप्न देख रही हो?",named_comma_quote,"रात को जालपा ने एक भयंकर स्वप्न देखा, वह चिल्ला पड़ी। रमा ने चौंककर पूछा,'क्या है? जालपा, क्या स्वप्न देख रही हो? '","रात को जालपा ने एक भयंकर स्वप्न देखा, वह चिल्ला पड़ी। रमा ने चौंककर पूछा,"
2,460,जालपा,बडे संकट में जान पड़ी थी। न जाने कैसा सपना देख रही थी!,named_dash_quote,"जालपा ने इधर-उधर घबडाई हुई आंखों से देखकर कहा,'बडे संकट में जान पड़ी थी। न जाने कैसा सपना देख रही थी! '","जालपा ने इधर-उधर घबडाई हुई आंखों से देखकर कहा,"
2,461,जालपा,"क्या बताऊं, कुछ कहा नहीं जाता। देखती थी कि तुम्हें कई सिपाही पकड़े लिये जा रहे हैं। कितना भंयकर रूप था उनका!",named_dash_quote,"जालपा-'क्या बताऊं, कुछ कहा नहीं जाता। देखती थी कि तुम्हें कई सिपाही पकड़े लिये जा रहे हैं। कितना भंयकर रूप था उनका!'",जालपा-
2,462,रमानाथ,"तुमने सिपाहियों से पूछा नहीं, इन्हें क्यों पकड़े लिये जाते हो?",named_dash_quote,"रमा का ख़ून सूख गया। दो-चार दिन पहले, इस स्वप्न को उसने हंसी में उडा दिया होता, इस समय वह अपने को सशंकित होने से न रोक सका, पर बाहर से हंसकर बोला, 'तुमने सिपाहियों से पूछा नहीं, इन्हें क्यों पकड़े लिये जाते हो?'","रमा का ख़ून सूख गया। दो-चार दिन पहले, इस स्वप्न को उसने हंसी में उडा दिया होता, इस समय वह अपने को सशंकित होने से न रोक सका, पर बाहर से हंसकर बोला,"
2,463,जालपा,"तुम्हें हंसी सूझ रही है, और मेरा ह्रदय कांप रहा है।",named_dash_quote,"जालपा-'तुम्हें हंसी सूझ रही है, और मेरा ह्रदय कांप रहा है।'",जालपा-
2,464,रमानाथ,"अम्मां, कहे देता हूं, फिर मेरा मुंह न देखोगी, मैं डूब मरूंगा।",named_comma_quote,"थोड़ी देर के बाद रमा ने नींद में बकना शुरू किया, 'अम्मां, कहे देता हूं, फिर मेरा मुंह न देखोगी, मैं डूब मरूंगा।'","थोड़ी देर के बाद रमा ने नींद में बकना शुरू किया,"
2,465,Unknown,मुझे तो हंसते थे और ख़ुद बकने लगे। सुनकर रोएं खड़े हो गए। स्वप्न देखते थे क्या?,unattributed_quote,"जालपा को अभी तक नींद न आई थी, भयभीत होकर उसने रमा को ज़ोर से हिलाया और बोली, 'मुझे तो हंसते थे और ख़ुद बकने लगे। सुनकर रोएं खड़े हो गए। स्वप्न देखते थे क्या? '","जालपा को अभी तक नींद न आई थी, भयभीत होकर उसने रमा को ज़ोर से हिलाया और बोली,"
2,467,जालपा,"अम्मांजी को क्यों धमका रहे थे। सच बताओ, क्या देखते थे?",named_comma_quote,"जालपा ने पूछा, 'अम्मांजी को क्यों धमका रहे थे। सच बताओ, क्या देखते थे? '","जालपा ने पूछा,"
2,468,रमानाथ,"कुछ याद नहीं आता, यों ही बकने लगा हूंगा।",named_comma_quote,"रमा ने सिर खुजलाते हुए कहा, 'कुछ याद नहीं आता, यों ही बकने लगा हूंगा।'","रमा ने सिर खुजलाते हुए कहा,"
2,469,जालपा,अच्छा तो करवट सोना। चित सोने से आदमी बकने लगता है।,named_dash_quote,जालपा-'अच्छा तो करवट सोना। चित सोने से आदमी बकने लगता है।',जालपा-
2,470,जालपा,"बडी प्यास लगी थी, क्या तुम अभी तक जाग ही रहे हो?",named_comma_quote,"रमा करवट पौढ़ गया, पर ऐसा जान पड़ता था, मानो चिंता और शंका दोनों आंखों में बैठी हुई निद्रा के आक्रमण से उनकी रक्षा कर रही हैं। जगते हुए दो बज गए। सहसा जालपा उठ बैठी, और सुराही से पानी उंड़ेलती हुई बोली, 'बडी प्यास लगी थी, क्या तुम अभी तक जाग ही रहे हो? '","रमा करवट पौढ़ गया, पर ऐसा जान पड़ता था, मानो चिंता और शंका दोनों आंखों में बैठी हुई निद्रा के आक्रमण से उनकी रक्षा कर रही हैं। जगते हुए दो बज गए। सहसा जालपा उठ बैठी, और सुराही से पानी उंड़ेलती हुई बोली,"
2,471,रमानाथ,"हां जी, नींद उचट गई है। मैं सोच रहा था, तुम्हारे पास दो सौ रूपये कहां से आ गए? मुझे इसका आश्चर्य है।",named_dash_quote,"रमा-'हां जी, नींद उचट गई है। मैं सोच रहा था, तुम्हारे पास दो सौ रूपये कहां से आ गए? मुझे इसका आश्चर्य है।'",रमा-
2,472,जालपा,"ये रूपये मैं मायके से लाई थी, कुछ बिदाई में मिले थे, कुछ पहले से रक्खे थे।",named_dash_quote,"जालपा-'ये रूपये मैं मायके से लाई थी, कुछ बिदाई में मिले थे, कुछ पहले से रक्खे थे। '",जालपा-
2,473,रमानाथ,तब तो तुम रूपये जमा करने में बडी कुशल हो यहां क्यों नहीं कुछ जमा किया?,named_dash_quote,रमानाथ-'तब तो तुम रूपये जमा करने में बडी कुशल हो यहां क्यों नहीं कुछ जमा किया?',रमानाथ-
2,474,जालपा,तुम्हें पाकर अब रूपये की परवाह नहीं रही।,named_comma_quote,"जालपा ने मुस्कराकर कहा, 'तुम्हें पाकर अब रूपये की परवाह नहीं रही।'","जालपा ने मुस्कराकर कहा,"
2,475,रमानाथ,अपने भाग्य को कोसती होगी!,named_dash_quote,रमानाथ-'अपने भाग्य को कोसती होगी!',रमानाथ-
2,476,जालपा,"भाग्य को क्यों कोसूं, भाग्य को वह औरतें रोएं, जिनका पति निखट्टू हो, शराबी हो, दुराचारी हो, रोगी हो, तानों से स्त्री को छेदता रहे, बात-बात पर बिगड़े। पुरूष मन का हो तो स्त्री उसके साथ उपवास करके भी प्रसन्न रहेगी।",named_dash_quote,"जालपा-'भाग्य को क्यों कोसूं, भाग्य को वह औरतें रोएं, जिनका पति निखट्टू हो, शराबी हो, दुराचारी हो, रोगी हो, तानों से स्त्री को छेदता रहे, बात-बात पर बिगड़े। पुरूष मन का हो तो स्त्री उसके साथ उपवास करके भी प्रसन्न रहेगी।'",जालपा-
2,477,रमानाथ,तो मैं तुम्हारे मन का हूं!,named_comma_quote,"रमा ने विनोद भाव से कहा, 'तो मैं तुम्हारे मन का हूं! '","रमा ने विनोद भाव से कहा,"
2,478,जालपा,"मेरी जो आशा थी, उससे तुम कहीं बढ़कर निकले। मेरी तीन सहेलियां हैं। एक का भी पति ऐसा नहीं। एक एम.ए. है पर सदा रोगी। दूसरा विद्वान भी है और धनी भी, पर वेश्यागामीब तीसरा घरघुस्सू है और बिलकुल निखट्टू…",named_dash_quote,"जालपा ने प्रेम-पूर्ण गर्व से कहा, 'मेरी जो आशा थी, उससे तुम कहीं बढ़कर निकले। मेरी तीन सहेलियां हैं। एक का भी पति ऐसा नहीं। एक एम.ए. है पर सदा रोगी। दूसरा विद्वान भी है और धनी भी, पर वेश्यागामीब तीसरा घरघुस्सू है और बिलकुल निखट्टू…'","जालपा ने प्रेम-पूर्ण गर्व से कहा,"
2,480,जालपा,"तुम्हें कुछ काम-धंधो की भी ख़बर है कि मटरगश्ती ही करते रहोगे! दस बज रहे हैं, और अभी तक तरकारी-भाजी का कहीं पता नहीं?",named_dash_quote,"प्रातःकाल रमा ने रतन के पास अपना आदमी भेजा। ख़त में लिखा, मुझे बडा खेद है कि कल जालपा ने आपके साथ ऐसा व्यवहार किया, जो उसे न करना चाहिए था। मेरा विचार यह कदापि न था कि रूपये आपको लौटा दूं, मैंने सर्राफ को ताकीद करने के लिए उससे रूपये लिए थे। कंगन दो-चार रोज़ में अवश्य मिल जाएंगे। आप रूपये भेज दें। उसी थैली में दो सौ रूपये मेरे भी थे। वह भी भेजिएगा। अपने सम्मान की रक्षा करते हुए जितनी विनम्रता उससे हो सकती थी, उसमें कोई कसर नहीं रक्खी। जब तक आदमी लौटकर न आया, वह बडी व्यग्रता से उसकी राह देखता रहा। कभी सोचता, कहीं बहाना न कर दे, या घर पर मिले ही नहीं, या दो-चार दिन के बाद देने का वादा करे। सारा दारोमदार रतन के रूपये पर था। अगर रतन ने साफ जवाब दे दिया, तो फिर सर्वनाश! उसकी कल्पना से ही रमा के प्राण सूखे जा रहे थे। आख़िर नौ बजे आदमी लौटा। रतन ने दो सौ रूपये तो दिए थे। मगर खत का कोई जवाब न दिया था। रमा ने निराश आंखों से आकाश की ओर देखा। सोचने लगा, रतन ने ख़त का जवाब क्यों नहीं दिया- मामूली शिष्टाचार भी नहीं जानती? कितनी मक्कार औरत है! रात को ऐसा मालूम होता था कि साधुता और सज्जनता की प्रतिमा ही है, पर दिल में यह गुबार भरा हुआ था! शेष रूपयों की चिंता में रमा को नहाने-खाने की भी सुध न रही। कहार अंदर गया, तो जालपा ने पूछा, 'तुम्हें कुछ काम-धंधो की भी ख़बर है कि मटरगश्ती ही करते रहोगे! दस बज रहे हैं, और अभी तक तरकारी-भाजी का कहीं पता नहीं?'","प्रातःकाल रमा ने रतन के पास अपना आदमी भेजा। ख़त में लिखा, मुझे बडा खेद है कि कल जालपा ने आपके साथ ऐसा व्यवहार किया, जो उसे न करना चाहिए था। मेरा विचार यह कदापि न था कि रूपये आपको लौटा दूं, मैंने सर्राफ को ताकीद करने के लिए उससे रूपये लिए थे। कंगन दो-चार रोज़ में अवश्य मिल जाएंगे। आप रूपये भेज दें। उसी थैली में दो सौ रूपये मेरे भी थे। वह भी भेजिएगा। अपने सम्मान की रक्षा करते हुए जितनी विनम्रता उससे हो सकती थी, उसमें कोई कसर नहीं रक्खी। जब तक आदमी लौटकर न आया, वह बडी व्यग्रता से उसकी राह देखता रहा। कभी सोचता, कहीं बहाना न कर दे, या घर पर मिले ही नहीं, या दो-चार दिन के बाद देने का वादा करे। सारा दारोमदार रतन के रूपये पर था। अगर रतन ने साफ जवाब दे दिया, तो फिर सर्वनाश! उसकी कल्पना से ही रमा के प्राण सूखे जा रहे थे। आख़िर नौ बजे आदमी लौटा। रतन ने दो सौ रूपये तो दिए थे। मगर खत का कोई जवाब न दिया था। रमा ने निराश आंखों से आकाश की ओर देखा। सोचने लगा, रतन ने ख़त का जवाब क्यों नहीं दिया- मामूली शिष्टाचार भी नहीं जानती? कितनी मक्कार औरत है! रात को ऐसा मालूम होता था कि साधुता और सज्जनता की प्रतिमा ही है, पर दिल में यह गुबार भरा हुआ था! शेष रूपयों की चिंता में रमा को नहाने-खाने की भी सुध न रही। कहार अंदर गया, तो जालपा ने पूछा,"
2,481,Unknown,तो का चार हाथ-गोड़ कर लेई! कामें से तो गवा रहिनब बाबू मेम साहब के तीर रूपैया लेबे का भेजिन रहा।,unattributed_quote,"कहार ने त्योरियां बदलकर कहा, 'तो का चार हाथ-गोड़ कर लेई! कामें से तो गवा रहिनब बाबू मेम साहब के तीर रूपैया लेबे का भेजिन रहा।'","कहार ने त्योरियां बदलकर कहा,"
2,482,जालपा,कौन मेम साहब?,named_dash_quote,जालपा-'कौन मेम साहब?' कहार-' 'जौन मोटर पर चढ़कर आवत हैं।',जालपा-
2,482,Unknown,,unattributed_quote,जालपा-'कौन मेम साहब?' कहार-' 'जौन मोटर पर चढ़कर आवत हैं।',कहार-
2,483,जालपा,तो लाए रूपये?,named_dash_quote,जालपा-'तो लाए रूपये?',जालपा-
2,484,Unknown,"लाए काहे नाहींब पिरथी के छोर पर तो रहत हैं, दौरत-दौरत गोड़ पिराय लाग।",unattributed_quote,"कहार -'लाए काहे नाहींब पिरथी के छोर पर तो रहत हैं, दौरत-दौरत गोड़ पिराय लाग।'",कहार -
2,485,जालपा,अच्छा चटपट जाकर तरकारी लाओ।,named_dash_quote,जालपा-'अच्छा चटपट जाकर तरकारी लाओ।',जालपा-
2,486,जालपा,तुमने अपने रूपये रतन के पास से मंगवा लिए न? अब तो मुझसे न लोगे?,named_comma_quote,"कहार तो उधर गया, रमा रूपये लिये हुए अंदर पहुंचा तो जालपा ने कहा, 'तुमने अपने रूपये रतन के पास से मंगवा लिए न? अब तो मुझसे न लोगे?'","कहार तो उधर गया, रमा रूपये लिये हुए अंदर पहुंचा तो जालपा ने कहा,"
2,487,रमानाथ,मत दो!,named_comma_quote,"रमा ने उदासीन भाव से कहा, 'मत दो!'","रमा ने उदासीन भाव से कहा,"
2,488,जालपा,"मैंने कह दिया था रूपया दे दूंगी। तुम्हें इतनी जल्द मांगने की क्यों सूझी? समझी होगी, इन्हें मेरा इतना विश्वास भी नहीं।",named_dash_quote,"जालपा-'मैंने कह दिया था रूपया दे दूंगी। तुम्हें इतनी जल्द मांगने की क्यों सूझी? समझी होगी, इन्हें मेरा इतना विश्वास भी नहीं।'",जालपा-
2,489,रमानाथ,मैंने रूपये नहीं मांगे थे। केवल इतना लिख दिया था कि थैली में दो सौ रूपये ज्यादे हैं। उसने आप ही आप भेज दिए।,named_comma_quote,"रमा ने हताश होकर कहा, 'मैंने रूपये नहीं मांगे थे। केवल इतना लिख दिया था कि थैली में दो सौ रूपये ज्यादे हैं। उसने आप ही आप भेज दिए।'","रमा ने हताश होकर कहा,"
2,491,Unknown,"बाबूजी, सेठ ने रूपये के लिए भेजा है।",unattributed_quote,"इतने में किसी ने नीचे से आवाज़ दी, ' बाबूजी, सेठ ने रूपये के लिए भेजा है।'","इतने में किसी ने नीचे से आवाज़ दी,"
2,492,दयानाथ,"कौन सेठ, कैसे रूपये? मेरे यहां किसी के रूपये नहीं आते!",named_comma_quote,"दयानाथ स्नान करने अंदर आ रहे थे, सेठ के प्यादे को देखकर पूछा, 'कौन सेठ, कैसे रूपये? मेरे यहां किसी के रूपये नहीं आते!'","दयानाथ स्नान करने अंदर आ रहे थे, सेठ के प्यादे को देखकर पूछा,"
2,493,प्यादा,"छोटे बाबू ने कुछ माल लिया था। साल-भर हो गए, अभी तक एक पैसा नहीं दिया। सेठजी ने कहा है, बात बिगड़ने पर रूपये दिए तो क्या दिए। आज कुछ जरूर दिलवा दीजिए।",named_dash_quote,"प्यादा-'छोटे बाबू ने कुछ माल लिया था। साल-भर हो गए, अभी तक एक पैसा नहीं दिया। सेठजी ने कहा है, बात बिगड़ने पर रूपये दिए तो क्या दिए। आज कुछ जरूर दिलवा दीजिए।'",प्यादा-
2,494,दयानाथ,"देखो, किस सेठ का आदमी आया है। उसका कुछ हिसाब बाकी है, साफ क्यों नहीं कर देते?कितना बाकी है इसका?",named_comma_quote,"दयानाथ ने रमा को पुकारा और बोले, 'देखो, किस सेठ का आदमी आया है। उसका कुछ हिसाब बाकी है, साफ क्यों नहीं कर देते?कितना बाकी है इसका?'","दयानाथ ने रमा को पुकारा और बोले,"
2,495,प्यादा,"पूरे सात सौ हैं, बाबूजी!",named_comma_quote,"रमा कुछ जवाब न देने पाया था कि प्यादा बोल उठा, 'पूरे सात सौ हैं, बाबूजी!'","रमा कुछ जवाब न देने पाया था कि प्यादा बोल उठा,"
2,496,दयानाथ,"सात सौ! क्यों जी,यह तो सात सौ कहता है?",named_comma_quote,"दयानाथ की आंखें फैलकर मस्तक तक पहुंच गई, 'सात सौ! क्यों जी,यह तो सात सौ कहता है?'","दयानाथ की आंखें फैलकर मस्तक तक पहुंच गई,"
2,497,रमानाथ,मुझे ठीक से मालूम नहीं।,named_comma_quote,"रमा ने टालने के इरादे से कहा, 'मुझे ठीक से मालूम नहीं।'","रमा ने टालने के इरादे से कहा,"
2,498,प्यादा,"मालूम क्यों नहीं। पुरजा तो मेरे पास है। तब से कुछ दिया ही नहीं,कम कहां से हो गए।",named_dash_quote,"प्यादा-'मालूम क्यों नहीं। पुरजा तो मेरे पास है। तब से कुछ दिया ही नहीं,कम कहां से हो गए।'",प्यादा-
2,499,रमानाथ,"चलो तुम दुकान पर, मैं ख़ुद आता हूं।",named_comma_quote,"रमा ने प्यादे को पुकारकर कहा, 'चलो तुम दुकान पर, मैं ख़ुद आता हूं।'","रमा ने प्यादे को पुकारकर कहा,"
2,500,प्यादा,"हम बिना कुछ लिए न जाएंगे, साहब! आप यों ही टाल दिया करते हैं, और बातें हमको सुननी पड़ती हैं।",named_dash_quote,"प्यादा-'हम बिना कुछ लिए न जाएंगे, साहब! आप यों ही टाल दिया करते हैं, और बातें हमको सुननी पड़ती हैं।'",प्यादा-
2,501,रमानाथ,"तुम अभी यहीं खड़े हो? हट जाओ, नहीं तो धक्का देकर निकाल दिए जाओगे।",named_comma_quote,"रमा सारी दुनिया के सामने जलील बन सकता था, किंतु पिता के सामने जलील बनना उसके लिए मौत से कम न था। जिस आदमी ने अपने जीवन में कभी हराम का एक पैसा न छुआ हो, जिसे किसी से उधार लेकर भोजन करने के बदले भूखों सो रहना मंजूर हो, उसका लड़का इतना बेशर्म और बेगैरत हो! रमा पिता की आत्मा का यह घोर अपमान न कर सकता था। वह उन पर यह बात प्रकट न होने देना चाहता था कि उनका पुत्र उनके नाम को बट्टा लगा रहा है। कर्कश स्वर में प्यादे से बोला, 'तुम अभी यहीं खड़े हो? हट जाओ, नहीं तो धक्का देकर निकाल दिए जाओगे।'","रमा सारी दुनिया के सामने जलील बन सकता था, किंतु पिता के सामने जलील बनना उसके लिए मौत से कम न था। जिस आदमी ने अपने जीवन में कभी हराम का एक पैसा न छुआ हो, जिसे किसी से उधार लेकर भोजन करने के बदले भूखों सो रहना मंजूर हो, उसका लड़का इतना बेशर्म और बेगैरत हो! रमा पिता की आत्मा का यह घोर अपमान न कर सकता था। वह उन पर यह बात प्रकट न होने देना चाहता था कि उनका पुत्र उनके नाम को बट्टा लगा रहा है। कर्कश स्वर में प्यादे से बोला,"
2,502,प्यादा,"हमारे रूपये दिलवाइए, हम चले जायं। हमें क्या आपके द्वार पर मिठाई मिलती है!",named_dash_quote,"प्यादा-'हमारे रूपये दिलवाइए, हम चले जायं। हमें क्या आपके द्वार पर मिठाई मिलती है! '",प्यादा-
2,503,रमानाथ,तुम न जाओगे! जाओ लाला से कह देना नालिश कर दें।,named_dash_quote,रमानाथ-'तुम न जाओगे! जाओ लाला से कह देना नालिश कर दें।',रमानाथ-
2,504,दयानाथ,"क्या बेशर्मी की बातें करते हो जी, जब फिरह में रूपये न थे, तो चीज़ लाए ही क्यों? और लाए, तो जैसे बने वैसे रूपये अदा करो। कह दिया, नालिश कर दो। नालिश कर देगा, तो कितनी आबरू रह जायगी? इसका भी कुछ ख़याल है! सारे शहर में उंगलियां उठेंगी, मगर तुम्हें इसकी क्या परवा। तुमको यह सूझी क्या कि एकबारगी इतनी बडी गठरी सिर पर लाद ली। कोई शादी-ब्याह का अवसर होता, तो एक बात भी थी। और वह औरत कैसी है जो पति को ऐसी बेहूदगी करते देखती है और मना नहीं करती। आख़िर तुमने क्या सोचकर यह कर्ज लिया? तुम्हारी ऐसी कुछ बडी आमदनी तो नहीं है!",named_comma_quote,"दयानाथ ने डांटकर कहा, 'क्या बेशर्मी की बातें करते हो जी, जब फिरह में रूपये न थे, तो चीज़ लाए ही क्यों? और लाए, तो जैसे बने वैसे रूपये अदा करो। कह दिया, नालिश कर दो। नालिश कर देगा, तो कितनी आबरू रह जायगी? इसका भी कुछ ख़याल है! सारे शहर में उंगलियां उठेंगी, मगर तुम्हें इसकी क्या परवा। तुमको यह सूझी क्या कि एकबारगी इतनी बडी गठरी सिर पर लाद ली। कोई शादी-ब्याह का अवसर होता, तो एक बात भी थी। और वह औरत कैसी है जो पति को ऐसी बेहूदगी करते देखती है और मना नहीं करती। आख़िर तुमने क्या सोचकर यह कर्ज लिया? तुम्हारी ऐसी कुछ बडी आमदनी तो नहीं है!'","दयानाथ ने डांटकर कहा,"
2,505,Unknown,"आप नाहक इतना बिगड़ रहे हैं, आपसे रूपये मांगने जाऊं तो कहिएगा। मैं अपने वेतन से थोडा-थोडा करके सब चुका दूंगा।",unattributed_quote,"रमा को पिता की यह डांट बहुत बुरी लग रही थी। उसके विचार में पिता को इस विषय में कुछ बोलने का अधिकार ही न था। निसंकोच होकर बोला, 'आप नाहक इतना बिगड़ रहे हैं, आपसे रूपये मांगने जाऊं तो कहिएगा। मैं अपने वेतन से थोडा-थोडा करके सब चुका दूंगा।'","रमा को पिता की यह डांट बहुत बुरी लग रही थी। उसके विचार में पिता को इस विषय में कुछ बोलने का अधिकार ही न था। निसंकोच होकर बोला,"
2,506,Unknown,यह तो आप ही की करनी का फल है। आप ही के पाप का प्रायश्चित्ता कर रहा हूं।,unattributed_quote,"अपने मन में उसने कहा, 'यह तो आप ही की करनी का फल है। आप ही के पाप का प्रायश्चित्ता कर रहा हूं।'","अपने मन में उसने कहा,"
2,508,जालपा,"तुमने तो कहा था, इसके अब थोड़े ही रूपये बाकी हैं।",named_comma_quote,"जालपा ने पूछा, 'तुमने तो कहा था, इसके अब थोड़े ही रूपये बाकी हैं।'","जालपा ने पूछा,"
2,509,रमानाथ,"यह दुष्ट झूठ बोल रहा था, मैंने कुछ रूपये दिए हैं।",named_comma_quote,"रमा ने सिर झुकाकर कहा, 'यह दुष्ट झूठ बोल रहा था, मैंने कुछ रूपये दिए हैं।'","रमा ने सिर झुकाकर कहा,"
2,510,जालपा,"दिए होते, तो कोई रूपयों का तकषज़ा क्यों करता? जब तुम्हारी आमदनी इतनी कम थी तो गहने लिए ही क्यों? मैंने तो कभी ज़िद न की थी। और मान लो, मैं दो-चार बार कहती भी, तुम्हें समझ-बूझकर काम करना चाहिए था। अपने साथ मुझे भी चार बातें सुनवा दीं। आदमी सारी दुनिया से परदा रखता है, लेकिन अपनी स्त्री से परदा नहीं रखता। तुम मुझसे भी परदा रखते हो अगर मैं जानती, तुम्हारी आमदनी इतनी थोड़ी है, तो मुझे क्या ऐसा शौक चर्राया था कि मुहल्ले-भर की स्त्रियों को तांगे पर बैठा-बैठाकर सैर कराने ले जाती। अधिक-से-अधिक यही तो होता, कि कभी-कभी चित्त दुखी हो जाता, पर यह तकाज़े तो न सहने पड़ते। कहीं नालिश कर दे, तो सात सौ के एक हज़ार हो जाएं। मैं क्या जानती थी कि तुम मुझ से यह छल कर रहे हो कोई वेश्या तो थी नहीं कि तुम्हें नोच-खसोटकर अपना घर भरना मेरा काम होता। मैं तो भले- बुरे दोनों ही की साथिन हूं। भले में तुम चाहे मेरी बात मत पूछो, बुरे में तो मैं तुम्हारे गले पड़ूंगी ही।",named_dash_quote,"जालपा-'दिए होते, तो कोई रूपयों का तकषज़ा क्यों करता? जब तुम्हारी आमदनी इतनी कम थी तो गहने लिए ही क्यों? मैंने तो कभी ज़िद न की थी। और मान लो, मैं दो-चार बार कहती भी, तुम्हें समझ-बूझकर काम करना चाहिए था। अपने साथ मुझे भी चार बातें सुनवा दीं। आदमी सारी दुनिया से परदा रखता है, लेकिन अपनी स्त्री से परदा नहीं रखता। तुम मुझसे भी परदा रखते हो अगर मैं जानती, तुम्हारी आमदनी इतनी थोड़ी है, तो मुझे क्या ऐसा शौक चर्राया था कि मुहल्ले-भर की स्त्रियों को तांगे पर बैठा-बैठाकर सैर कराने ले जाती। अधिक-से-अधिक यही तो होता, कि कभी-कभी चित्त दुखी हो जाता, पर यह तकाज़े तो न सहने पड़ते। कहीं नालिश कर दे, तो सात सौ के एक हज़ार हो जाएं। मैं क्या जानती थी कि तुम मुझ से यह छल कर रहे हो कोई वेश्या तो थी नहीं कि तुम्हें नोच-खसोटकर अपना घर भरना मेरा काम होता। मैं तो भले- बुरे दोनों ही की साथिन हूं। भले में तुम चाहे मेरी बात मत पूछो, बुरे में तो मैं तुम्हारे गले पड़ूंगी ही।'",जालपा-
2,511,जागेश्वरी,क्या बिना भोजन किए चले जाओगे?,named_comma_quote,"रमा के मुख से एक शब्द न निकला, दफ्तर का समय आ गया था। भोजन करने का अवकाश न था। रमा ने कपड़े पहने, और दफ्तर चला। जागेश्वरी ने कहा, 'क्या बिना भोजन किए चले जाओगे?'","रमा के मुख से एक शब्द न निकला, दफ्तर का समय आ गया था। भोजन करने का अवकाश न था। रमा ने कपड़े पहने, और दफ्तर चला। जागेश्वरी ने कहा,"
2,512,रमानाथ,"मेरे पास जो दो सौ रूपये हैं, उन्हें क्यों नहीं सर्राफ को दे देते?",named_comma_quote,"रमा ने कोई जवाब न दिया, और घर से निकलना ही चाहता था कि जालपा झपटकर नीचे आई और उसे पुकारकर बोली, 'मेरे पास जो दो सौ रूपये हैं, उन्हें क्यों नहीं सर्राफ को दे देते?'","रमा ने कोई जवाब न दिया, और घर से निकलना ही चाहता था कि जालपा झपटकर नीचे आई और उसे पुकारकर बोली,"
2,513,जालपा,"अच्छी बात है, लाओ दे दो।",named_dash_quote,"रमा ने चलते वक्त ज़ान-बूझकर जालपा से रूपये न मांगे थे। वह जानता था, जालपा मांगते ही दे देगी, लेकिन इतनी बातें सुनने के बाद अब रूपये के लिए उसके सामने हाथ व्लाते उसे संकोच ही नहीं, भय होता था। कहीं वह फिर न उपदेश देने बैठ जाए,इसकी अपेक्षा आने वाली विपत्तियां कहीं हल्की थीं। मगर जालपा ने उसे पुकारा, तो कुछ आशा बंधीब ठिठक गया और बोला, 'अच्छी बात है, लाओ दे दो।'","रमा ने चलते वक्त ज़ान-बूझकर जालपा से रूपये न मांगे थे। वह जानता था, जालपा मांगते ही दे देगी, लेकिन इतनी बातें सुनने के बाद अब रूपये के लिए उसके सामने हाथ व्लाते उसे संकोच ही नहीं, भय होता था। कहीं वह फिर न उपदेश देने बैठ जाए,इसकी अपेक्षा आने वाली विपत्तियां कहीं हल्की थीं। मगर जालपा ने उसे पुकारा, तो कुछ आशा बंधीब ठिठक गया और बोला,"
2,515,Unknown,"बजते रमा दफ्तर पहुंचा। उसका चेहरा उतरा हुआ था। छाती धड़क रही थी। बडे बाबू ने जरूर पूछा होगा। जाते ही बुलाएंगे। दफ्तर में ज़रा भी रियायत नहीं करते। तांगे से उतरते ही उसने पहले अपने कमरे की तरफ निगाह डाली। देखा, कई आदमी खड़े उसकी राह देख रहे हैं। वह उधर न जाकर रमेश बाबू के कमरे की ओर गया।",unquoted_dash,"ग्यारह बजते-बजते रमा दफ्तर पहुंचा। उसका चेहरा उतरा हुआ था। छाती धड़क रही थी। बडे बाबू ने जरूर पूछा होगा। जाते ही बुलाएंगे। दफ्तर में ज़रा भी रियायत नहीं करते। तांगे से उतरते ही उसने पहले अपने कमरे की तरफ निगाह डाली। देखा, कई आदमी खड़े उसकी राह देख रहे हैं। वह उधर न जाकर रमेश बाबू के कमरे की ओर गया।",ग्यारह बजते
2,516,रमेश,"तुम अब तक कहां थे जी, ख़ज़ांची साहब तुम्हें खोजते फिरते हैं?चपरासी मिला था?",named_comma_quote,"रमेश बाबू ने पूछा, 'तुम अब तक कहां थे जी, ख़ज़ांची साहब तुम्हें खोजते फिरते हैं?चपरासी मिला था?'","रमेश बाबू ने पूछा,"
2,517,रमानाथ,मैं घर पर न था। ज़रा वकील साहब की तरफ चला गया था। एक बडी मुसीबत में फंस गया हूं।,named_comma_quote,"रमा ने अटकते हुए कहा, 'मैं घर पर न था। ज़रा वकील साहब की तरफ चला गया था। एक बडी मुसीबत में फंस गया हूं।'","रमा ने अटकते हुए कहा,"
2,518,रमेश,"कैसी मुसीबत, घर पर तो कुशल है।",named_dash_quote,"रमेश-'कैसी मुसीबत, घर पर तो कुशल है।'",रमेश-
2,519,रमानाथ,"जी हां, घर पर तो कुशल है। कल शाम को यहां काम बहुत था, मैं उसमें ऐसा फंसा कि वक्त क़ी कुछ ख़बर ही न रही। जब काम ख़त्म करके उठा, तो ख़जांची साहब चले गए थे। मेरे पास आमदनी के आठ सौ रूपये थे। सोचने लगा इसे कहां रक्खूं, मेरे कमरे में कोई संदूक है नहीं। यही निश्चय किया कि साथ लेता जाऊं। पांच सौ रूपये नकद थे, वह तो मैंने थैली में रक्खे तीन सौ रूपये के नोट जेब में रख लिए और घर चला। चौक में एक-दो चीज़ें लेनी थीं। उधार से होता हुआ घर पहुंचा तो नोट गायब थे। रमेश बाबू ने आंखें गाड़कर कहा,",named_dash_quote,"रमानाथ-'जी हां, घर पर तो कुशल है। कल शाम को यहां काम बहुत था, मैं उसमें ऐसा फंसा कि वक्त क़ी कुछ ख़बर ही न रही। जब काम ख़त्म करके उठा, तो ख़जांची साहब चले गए थे। मेरे पास आमदनी के आठ सौ रूपये थे। सोचने लगा इसे कहां रक्खूं, मेरे कमरे में कोई संदूक है नहीं। यही निश्चय किया कि साथ लेता जाऊं। पांच सौ रूपये नकद थे, वह तो मैंने थैली में रक्खे तीन सौ रूपये के नोट जेब में रख लिए और घर चला। चौक में एक-दो चीज़ें लेनी थीं। उधार से होता हुआ घर पहुंचा तो नोट गायब थे। रमेश बाबू ने आंखें गाड़कर कहा, 'तीन सौ के नोट गायब हो गए?'",रमानाथ-
2,520,रमानाथ,"जी हां, कोट के ऊपर की जेब में थे। किसी ने निकाल लिए?",named_dash_quote,"रमानाथ-'जी हां, कोट के ऊपर की जेब में थे। किसी ने निकाल लिए?'",रमानाथ-
2,521,रमेश,और तुमको मारकर थैली नहीं छीन ली?,named_dash_quote,रमेश-'और तुमको मारकर थैली नहीं छीन ली?',रमेश-
2,522,रमानाथ,"क्या बताऊं बाबूजी, तब से चित्त की जो दशा हो रही है, वह बयान नहीं कर सकता तब से अब तक इसी फिक्र में दौड़ रहा हूं। कोई बंदोबस्त न हो सका।",named_dash_quote,"रमानाथ-'क्या बताऊं बाबूजी, तब से चित्त की जो दशा हो रही है, वह बयान नहीं कर सकता तब से अब तक इसी फिक्र में दौड़ रहा हूं। कोई बंदोबस्त न हो सका।'",रमानाथ-
2,523,रमेश,अपने पिता से तो कहा ही न होगा?,named_dash_quote,रमेश-'अपने पिता से तो कहा ही न होगा? ',रमेश-
2,524,रमानाथ,"उनका स्वभाव तो आप जानते हैं। रूपये तो न देते, उल्टी डांट सुनाते।",named_dash_quote,"रमानाथ-'उनका स्वभाव तो आप जानते हैं। रूपये तो न देते, उल्टी डांट सुनाते।'",रमानाथ-
2,525,रमेश,तो फिर क्या फिक्र करोगे?,named_dash_quote,रमेश-'तो फिर क्या फिक्र करोगे?',रमेश-
2,526,रमानाथ,आज शाम तक कोई न कोई फिक्र करूंगा ही।,named_dash_quote,रमानाथ-'आज शाम तक कोई न कोई फिक्र करूंगा ही।',रमानाथ-
2,527,रमेश,"तो फिर करो न! इतनी लापरवाही तुमसे हुई कैसे! यह मेरी समझ में नहीं आता। मेरी जेब से तो आज तक एक पैसा न गिरा, आंखें बंद करके रास्ता चलते हो या नशे में थे? मुझे तुम्हारी बात पर विश्वास नहीं आता। सच-सच बतला दो, कहीं अनाप-शनाप तो नहीं ख़र्च कर डाले? उस दिन तुमने मुझसे क्यों रूपये मांगे थे?",named_comma_quote,"रमेश ने कठोर भाव धारण करके कहा, 'तो फिर करो न! इतनी लापरवाही तुमसे हुई कैसे! यह मेरी समझ में नहीं आता। मेरी जेब से तो आज तक एक पैसा न गिरा, आंखें बंद करके रास्ता चलते हो या नशे में थे? मुझे तुम्हारी बात पर विश्वास नहीं आता। सच-सच बतला दो, कहीं अनाप-शनाप तो नहीं ख़र्च कर डाले? उस दिन तुमने मुझसे क्यों रूपये मांगे थे? '","रमेश ने कठोर भाव धारण करके कहा,"
2,528,रमानाथ,"क्या सरकारी रूपया ख़र्च कर डालूंगा? उस दिन तो आपसे रूपये इसलिए मांगे थे कि बाबूजी को एक जरूरत आ पड़ी थी। घर में रूपये न थे। आपका ख़त मैंने उन्हें सुना दिया था। बहुत हंसे, दूसरा इंतजाम कर लिया। इन नोटों के गायब होने का तो मुझे ख़ुद ही आश्चर्य है।",named_comma_quote,"रमा का चेहरा पीला पड़ गया। कहीं कलई तो न खुल जाएगी। बात बनाकर बोला, 'क्या सरकारी रूपया ख़र्च कर डालूंगा? उस दिन तो आपसे रूपये इसलिए मांगे थे कि बाबूजी को एक जरूरत आ पड़ी थी। घर में रूपये न थे। आपका ख़त मैंने उन्हें सुना दिया था। बहुत हंसे, दूसरा इंतजाम कर लिया। इन नोटों के गायब होने का तो मुझे ख़ुद ही आश्चर्य है।'","रमा का चेहरा पीला पड़ गया। कहीं कलई तो न खुल जाएगी। बात बनाकर बोला,"
2,529,रमेश,"तुम्हें अपने पिताजी से मांगते संकोच होता हो, तो मैं ख़त लिखकर मंगवा लूं।",named_dash_quote,"रमेश-'तुम्हें अपने पिताजी से मांगते संकोच होता हो, तो मैं ख़त लिखकर मंगवा लूं।'",रमेश-
2,530,रमानाथ,"नहीं बाबूजी, ईश्वर के लिए ऐसा न कीजिएगा। ऐसी ही इच्छा हो, तो मुझे गोली मार दीजिए।",named_comma_quote,"रमा ने कानों पर हाथ रखकर कहा, 'नहीं बाबूजी, ईश्वर के लिए ऐसा न कीजिएगा। ऐसी ही इच्छा हो, तो मुझे गोली मार दीजिए।'","रमा ने कानों पर हाथ रखकर कहा,"
2,531,रमेश,"तुम्हें विश्वास है, शाम तक रूपये मिल जाएंगे?",named_comma_quote,"रमेश ने एक क्षण तक कुछ सोचकर कहा, 'तुम्हें विश्वास है, शाम तक रूपये मिल जाएंगे?'","रमेश ने एक क्षण तक कुछ सोचकर कहा,"
2,532,रमानाथ,"हां, आशा तो है।",named_dash_quote,"रमानाथ-'हां, आशा तो है।'",रमानाथ-
2,533,रमेश,"तो इस थैली के रूपये जमा कर दो, मगर देखो भाई, मैं साफ-साफ कहे देता हूं, अगर कल दस बजे रूपये न लाए तो मेरा दोष नहीं। कायदा तो यही कहता है कि मैं इसी वक्त तुम्हें पुलिस के हवाले करूं, मगर तुम अभी लङके हो, इसलिए क्षमा करता हूं। वरना तुम्हें मालूम है, मैं सरकारी काम में किसी प्रकार की मुरौवत नहीं करता। अगर तुम्हारी जगह मेरा भाई या बेटा होता, तो मैं उसके साथ भी यही सलूक करता, बल्कि शायद इससे सख्त। तुम्हारे साथ तो फिर भी बडी नर्मी कर रहा हूं। मेरे पास रूपये होते तो तुम्हें दे देता, लेकिन मेरी हालत तुम जानते हो हां, किसी का कर्ज़ नहीं रखता। न किसी को कर्ज देता हूं, न किसी से लेता हूं। कल रूपये न आए तो बुरा होगा। मेरी दोस्ती भी तुम्हें पुलिस के पंजे से न बचा सकेगी। मेरी दोस्ती ने आज अपना हक अदा कर दिया वरना इस वक्त तुम्हारे हाथों में हथकडियां होतीं।",named_dash_quote,"रमेश-'तो इस थैली के रूपये जमा कर दो, मगर देखो भाई, मैं साफ-साफ कहे देता हूं, अगर कल दस बजे रूपये न लाए तो मेरा दोष नहीं। कायदा तो यही कहता है कि मैं इसी वक्त तुम्हें पुलिस के हवाले करूं, मगर तुम अभी लङके हो, इसलिए क्षमा करता हूं। वरना तुम्हें मालूम है, मैं सरकारी काम में किसी प्रकार की मुरौवत नहीं करता। अगर तुम्हारी जगह मेरा भाई या बेटा होता, तो मैं उसके साथ भी यही सलूक करता, बल्कि शायद इससे सख्त। तुम्हारे साथ तो फिर भी बडी नर्मी कर रहा हूं। मेरे पास रूपये होते तो तुम्हें दे देता, लेकिन मेरी हालत तुम जानते हो हां, किसी का कर्ज़ नहीं रखता। न किसी को कर्ज देता हूं, न किसी से लेता हूं। कल रूपये न आए तो बुरा होगा। मेरी दोस्ती भी तुम्हें पुलिस के पंजे से न बचा सकेगी। मेरी दोस्ती ने आज अपना हक अदा कर दिया वरना इस वक्त तुम्हारे हाथों में हथकडियां होतीं।'",रमेश-
2,535,रमेश,"आइये बाबू साहब, देखिए सेठजी कैसी अच्छी-अच्छी चीजें लाए हैं। देखिए, हार कितना सुंदर है, इसके दाम बारह सौ रूपये बताते हैं।",named_dash_quote,"रमा शाम को दफ्तर से चलने लगा, तो रमेश बाबू दौड़े हुए आए और कल रूपये लाने की ताकीद की। रमा मन में झुंझला उठा। आप बडे ईमानदार की दुम बने हैं! ढोंगिया कहीं का! अगर अपनी जरूरत आ पड़े, तो दूसरों के तलवे सहलाते गिरेंगे, पर मेरा काम है, तो आप आदर्शवादी बन बैठे। यह सब दिखाने के दांत हैं, मरते समय इसके प्राण भी जल्दी नहीं निकलेंगे! कुछ दूर चलकर उसने सोचा, एक बार फिर रतन के पास चलूं। और ऐसा कोई न था जिससे रूपये मिलने की आशा होती। वह जब उसके बंगले पर पहुंचा, तो वह अपने बगीचे में गोल चबूतरे पर बैठी हुई थी। उसके पास ही एक गुज़राती जौहरी बैठा संदूक से सुंदर आभूषण निकाल-निकालकर दिखा रहा था। रमा को देखकर वह बहुत ख़ुश हुई। 'आइये बाबू साहब, देखिए सेठजी कैसी अच्छी-अच्छी चीजें लाए हैं। देखिए, हार कितना सुंदर है, इसके दाम बारह सौ रूपये बताते हैं।'","रमा शाम को दफ्तर से चलने लगा, तो रमेश बाबू दौड़े हुए आए और कल रूपये लाने की ताकीद की। रमा मन में झुंझला उठा। आप बडे ईमानदार की दुम बने हैं! ढोंगिया कहीं का! अगर अपनी जरूरत आ पड़े, तो दूसरों के तलवे सहलाते गिरेंगे, पर मेरा काम है, तो आप आदर्शवादी बन बैठे। यह सब दिखाने के दांत हैं, मरते समय इसके प्राण भी जल्दी नहीं निकलेंगे! कुछ दूर चलकर उसने सोचा, एक बार फिर रतन के पास चलूं। और ऐसा कोई न था जिससे रूपये मिलने की आशा होती। वह जब उसके बंगले पर पहुंचा, तो वह अपने बगीचे में गोल चबूतरे पर बैठी हुई थी। उसके पास ही एक गुज़राती जौहरी बैठा संदूक से सुंदर आभूषण निकाल-निकालकर दिखा रहा था। रमा को देखकर वह बहुत ख़ुश हुई।"
2,537,रतन,दाम बहुत कहते हैं।,named_dash_quote,रतन-'दाम बहुत कहते हैं।',रतन-
2,538,जौहरी,"बाईजी, ऐसा हार अगर कोई दो हज़ार में ला दे, तो जो जुर्माना कहिए, दूं। बारह सौ मेरी लागत बैठ गई है।",named_dash_quote,"जौहरी-'बाईजी, ऐसा हार अगर कोई दो हज़ार में ला दे, तो जो जुर्माना कहिए, दूं। बारह सौ मेरी लागत बैठ गई है।'",जौहरी-
2,539,रमानाथ,"ऐसा न कहिए सेठजी, जुर्माना देना पड़ जाएगा।",named_comma_quote,"रमा ने मुस्कराकर कहा, 'ऐसा न कहिए सेठजी, जुर्माना देना पड़ जाएगा।'","रमा ने मुस्कराकर कहा,"
2,540,जौहरी,"बाबू साहब, हार तो सौ रूपये में भी आ जाएगा और बिलकुल ऐसा ही। बल्कि चमक-दमक में इससे भी बढ़कर। मगर परखना चाहिए। मैंने ख़ुद ही आपसे मोल-तोल की बात नहीं की। मोल-तोल अनाडियों से किया जाता है। आपसे क्या मोल-तोल, हम लोग निरे रोजगारी नहीं हैं बाबू साहब, आदमी का मिज़ाज देखते हैं। श्रीमतीजी ने क्या अमीराना मिज़ाज दिखाया है कि वाह!",named_dash_quote,"जौहरी-'बाबू साहब, हार तो सौ रूपये में भी आ जाएगा और बिलकुल ऐसा ही। बल्कि चमक-दमक में इससे भी बढ़कर। मगर परखना चाहिए। मैंने ख़ुद ही आपसे मोल-तोल की बात नहीं की। मोल-तोल अनाडियों से किया जाता है। आपसे क्या मोल-तोल, हम लोग निरे रोजगारी नहीं हैं बाबू साहब, आदमी का मिज़ाज देखते हैं। श्रीमतीजी ने क्या अमीराना मिज़ाज दिखाया है कि वाह! '",जौहरी-
2,541,रतन,"कुछ तो कम कीजिए, सेठजी! आपने तो जैसे कसम खा ली!",named_comma_quote,"रतन ने हार को लुब्ध नजरों से देखकर कहा, 'कुछ तो कम कीजिए, सेठजी! आपने तो जैसे कसम खा ली! '","रतन ने हार को लुब्ध नजरों से देखकर कहा,"
2,542,जौहरी,"कमी का नाम न लीजिए, हुजूर! यह चीज़ आपकी भेंट है।",named_dash_quote,"जौहरी-'कमी का नाम न लीजिए, हुजूर! यह चीज़ आपकी भेंट है।'",जौहरी-
2,543,रतन,"अच्छा, अब एक बात बतला दीजिए, कम-से-कम इसका क्या लेंगे?",named_dash_quote,"रतन-'अच्छा, अब एक बात बतला दीजिए, कम-से-कम इसका क्या लेंगे?'",रतन-
2,544,जौहरी,"बारह सौ रूपये और बारह कौडियां होंगी, हुजूर, आप से कसम खाकर कहता हूं, इसी शहर में पंद्रह सौ का बेचूंगा, और आपसे कह जाऊंगा, किसने लिया।",named_comma_quote,"जौहरी ने कुछ क्षुब्ध होकर कहा, 'बारह सौ रूपये और बारह कौडियां होंगी, हुजूर, आप से कसम खाकर कहता हूं, इसी शहर में पंद्रह सौ का बेचूंगा, और आपसे कह जाऊंगा, किसने लिया।'","जौहरी ने कुछ क्षुब्ध होकर कहा,"
2,545,जौहरी,आप तो ऐसा समेटे लेते हैं कि हार को नजर लग जाएगी!,named_comma_quote,"यह कहते हुए जौहरी ने हार को रखने का केस निकाला। रतन को विश्वास हो गया, यह कुछ कम न करेगा। बालकों की भांति अधीर होकर बोली, 'आप तो ऐसा समेटे लेते हैं कि हार को नजर लग जाएगी! '","यह कहते हुए जौहरी ने हार को रखने का केस निकाला। रतन को विश्वास हो गया, यह कुछ कम न करेगा। बालकों की भांति अधीर होकर बोली,"
2,546,जौहरी,"क्या करूं हुज़ूर! जब ऐसे दरबार में चीज़ की कदर नहीं होती,तो दुख होता ही है।",named_dash_quote,"जौहरी-'क्या करूं हुज़ूर! जब ऐसे दरबार में चीज़ की कदर नहीं होती,तो दुख होता ही है।'",जौहरी-
2,547,रतन,आप समझते हैं यह कुछ और उतरेगा?,named_comma_quote,"रतन ने कमरे में जाकर रमा को बुलाया और बोली, 'आप समझते हैं यह कुछ और उतरेगा?'","रतन ने कमरे में जाकर रमा को बुलाया और बोली,"
2,548,रमानाथ,मेरी समझ में तो चीज़ एक हज़ार से ज्यादा की नहीं है।,named_dash_quote,रमानाथ-'मेरी समझ में तो चीज़ एक हज़ार से ज्यादा की नहीं है।',रमानाथ-
2,549,रतन,"उंह, होगा। मेरे पास तो छः सौ रूपये हैं। आप चार सौ रूपये का प्रबंध कर दें, तो ले लूं। यह इसी गाड़ी से काशी जा रहा है। उधार न मानेगा। वकील साहब किसी जलसे में गए हैं, नौ-दस बजे के पहले न लौटेंगे। मैं आपको कल रूपये लौटा दूंगी।",named_dash_quote,"रतन-'उंह, होगा। मेरे पास तो छः सौ रूपये हैं। आप चार सौ रूपये का प्रबंध कर दें, तो ले लूं। यह इसी गाड़ी से काशी जा रहा है। उधार न मानेगा। वकील साहब किसी जलसे में गए हैं, नौ-दस बजे के पहले न लौटेंगे। मैं आपको कल रूपये लौटा दूंगी।'",रतन-
2,550,रमानाथ,"विश्वास मानिए, मैं बिलकुल खाली हाथ हूं। मैं तो आपसे रूपये मांगने आया था। मुझे बडी सख्त जरूरत है। वह रूपये मुझे दे दीजिए, मैं आपके लिए कोई अच्छा-सा हार यहीं से ला दूंगा। मुझे विश्वास है, ऐसा हार सात-आठ सौ में मिल जायगा।",named_comma_quote,"रमा ने बडे संकोच के साथ कहा, 'विश्वास मानिए, मैं बिलकुल खाली हाथ हूं। मैं तो आपसे रूपये मांगने आया था। मुझे बडी सख्त जरूरत है। वह रूपये मुझे दे दीजिए, मैं आपके लिए कोई अच्छा-सा हार यहीं से ला दूंगा। मुझे विश्वास है, ऐसा हार सात-आठ सौ में मिल जायगा। '","रमा ने बडे संकोच के साथ कहा,"
2,551,रतन,"चलिए, मैं आपकी बातों में नहीं आती। छः महीने में एक कंगन तो बनवा न सके, अब हार क्या लाएंगे! मैं यहां कई दुकानें देख चुकी हूं, ऐसी चीज़ शायद ही कहीं निकले। और निकले भी, तो इसके ड्योढ़े दाम देने पड़ेंगे।",named_dash_quote,"रतन-'चलिए, मैं आपकी बातों में नहीं आती। छः महीने में एक कंगन तो बनवा न सके, अब हार क्या लाएंगे! मैं यहां कई दुकानें देख चुकी हूं, ऐसी चीज़ शायद ही कहीं निकले। और निकले भी, तो इसके ड्योढ़े दाम देने पड़ेंगे।' रमानाथ-'तो इसे कल क्यों न बुलाइए, इसे सौदा बेचने की ग़रज़ होगी,तो आप ठहरेगा। '",रतन-
2,551,रमानाथ,"तो इसे कल क्यों न बुलाइए, इसे सौदा बेचने की ग़रज़ होगी,तो आप ठहरेगा।",named_dash_quote,"रतन-'चलिए, मैं आपकी बातों में नहीं आती। छः महीने में एक कंगन तो बनवा न सके, अब हार क्या लाएंगे! मैं यहां कई दुकानें देख चुकी हूं, ऐसी चीज़ शायद ही कहीं निकले। और निकले भी, तो इसके ड्योढ़े दाम देने पड़ेंगे।' रमानाथ-'तो इसे कल क्यों न बुलाइए, इसे सौदा बेचने की ग़रज़ होगी,तो आप ठहरेगा। '",रमानाथ-
2,552,रतन,"अच्छा कहिए, देखिए क्या कहता है।",named_dash_quote,"रतन-'अच्छा कहिए, देखिए क्या कहता है।'",रतन-
2,553,रमानाथ,तुम कल आठ बजे क्यों नहीं आते?,named_comma_quote,"दोनों कमरे के बाहर निकले, रमा ने जौहरी से कहा, 'तुम कल आठ बजे क्यों नहीं आते?'","दोनों कमरे के बाहर निकले, रमा ने जौहरी से कहा,"
2,554,जौहरी,"नहीं हुजूर, कल काशी में दो-चार बडे रईसों से मिलना है। आज के न जाने से बडी हानि हो जाएगी।",named_dash_quote,"जौहरी-'नहीं हुजूर, कल काशी में दो-चार बडे रईसों से मिलना है। आज के न जाने से बडी हानि हो जाएगी।'",जौहरी-
2,555,रतन,"मेरे पास इस वक्त छः सौ रूपये हैं, आप हार दे जाइए, बाकी के रूपये काशी से लौटकर ले जाइएगा।",named_dash_quote,"रतन-'मेरे पास इस वक्त छः सौ रूपये हैं, आप हार दे जाइए, बाकी के रूपये काशी से लौटकर ले जाइएगा। '",रतन-
2,556,जौहरी,"रूपये का तो कोई हर्ज़ न था, महीने-दो महीने में ले लेता, लेकिन हम परदेशी लोगों का क्या ठिकाना, आज यहां हैं, कल वहां हैं, कौन जाने यहां फिर कब आना हो! आप इस वक्त एक हजार दे दें, दो सौ फिर दे दीजिएगा।",named_dash_quote,"जौहरी-'रूपये का तो कोई हर्ज़ न था, महीने-दो महीने में ले लेता, लेकिन हम परदेशी लोगों का क्या ठिकाना, आज यहां हैं, कल वहां हैं, कौन जाने यहां फिर कब आना हो! आप इस वक्त एक हजार दे दें, दो सौ फिर दे दीजिएगा। '",जौहरी-
2,557,रमानाथ,तो सौदा न होगा।,named_dash_quote,रमानाथ-'तो सौदा न होगा।',रमानाथ-
2,558,जौहरी,"इसका अख्तियार आपको है, मगर इतना कहे देता हूं कि ऐसा माल फिर न पाइएगा।",named_dash_quote,"जौहरी-'इसका अख्तियार आपको है, मगर इतना कहे देता हूं कि ऐसा माल फिर न पाइएगा।'",जौहरी-
2,559,रमानाथ,रूपये होंगे तो माल बहुत मिल जायगा।,named_dash_quote,रमानाथ-'रूपये होंगे तो माल बहुत मिल जायगा। ',रमानाथ-
2,560,जौहरी,कभी-कभी दाम रहने पर भी अच्छा माल नहीं मिलता।,named_dash_quote,"जौहरी-'कभी-कभी दाम रहने पर भी अच्छा माल नहीं मिलता।'यह कहकर जौहरी ने फिर हार को केस में रक्खा और इस तरह संदूक समेटने लगा, मानो वह एक क्षण भी न रूकेगा।",जौहरी-
2,561,इंद्रभूषण,आप तो नौ बजे आने को कह गए थे?,named_dash_quote,"रतन का रोयां-रोयां कान बना हुआ था, मानो कोई कैदी अपनी किस्मत का फैसला सुनने को खडा हो उसके ह्रदय की सारी ममता, ममता का सारा अनुराग, अनुराग की सारी अधीरता, उत्कंठा और चेष्टा उसी हार पर केंद्रित हो रही थी, मानो उसके प्राण उसी हार के दानों में जा छिपे थे, मानो उसके जन्मजन्मांतरों की संचित अभिलाषा उसी हार पर मंडरा रही थी। जौहरी को संदूक बंद करते देखकर वह जलविहीन मछली की भांति तड़पने लगी। कभी वह संदूक खोलती, कभी वह दराज खोलती, पर रूपये कहीं न मिले। सहसा मोटर की आवाज़ सुनकर रतन ने फाटक की ओर देखा। वकील साहब चले आ रहे थे। वकील साहब ने मोटर बरामदे के सामने रोक दी और चबूतरे की तरफ चले। रतन ने चबूतरे के नीचे उतरकर कहा, 'आप तो नौ बजे आने को कह गए थे?'","रतन का रोयां-रोयां कान बना हुआ था, मानो कोई कैदी अपनी किस्मत का फैसला सुनने को खडा हो उसके ह्रदय की सारी ममता, ममता का सारा अनुराग, अनुराग की सारी अधीरता, उत्कंठा और चेष्टा उसी हार पर केंद्रित हो रही थी, मानो उसके प्राण उसी हार के दानों में जा छिपे थे, मानो उसके जन्मजन्मांतरों की संचित अभिलाषा उसी हार पर मंडरा रही थी। जौहरी को संदूक बंद करते देखकर वह जलविहीन मछली की भांति तड़पने लगी। कभी वह संदूक खोलती, कभी वह दराज खोलती, पर रूपये कहीं न मिले। सहसा मोटर की आवाज़ सुनकर रतन ने फाटक की ओर देखा। वकील साहब चले आ रहे थे। वकील साहब ने मोटर बरामदे के सामने रोक दी और चबूतरे की तरफ चले। रतन ने चबूतरे के नीचे उतरकर कहा,"
2,562,Unknown,"वहां काम ही पूरा न हुआ, बैठकर क्या करता! कोई दिल से तो काम करना नहीं चाहता, सब मुफ्त में नाम कमाना चाहते हैं। यह क्या कोई जौहरी है?",unattributed_quote,"वकील, 'वहां काम ही पूरा न हुआ, बैठकर क्या करता! कोई दिल से तो काम करना नहीं चाहता, सब मुफ्त में नाम कमाना चाहते हैं। यह क्या कोई जौहरी है? '","वकील,"
2,564,इंद्रभूषण,"क्यों, तुमने कोई चीज़ पसंद की ?",named_comma_quote,"वकील साहब रतन से बोले, 'क्यों, तुमने कोई चीज़ पसंद की ?'","वकील साहब रतन से बोले,"
2,565,रतन,"हां, एक हार पसंद किया है, बारह सौ रूपये मांगते हैं।",named_dash_quote,"रतन-'हां, एक हार पसंद किया है, बारह सौ रूपये मांगते हैं। '",रतन-
2,566,Unknown,बस! और कोई चीज़ पसंद करो। तुम्हारे पास सिर की कोई अच्छी चीज़ नहीं है।,unattributed_quote,"वकील, 'बस! और कोई चीज़ पसंद करो। तुम्हारे पास सिर की कोई अच्छी चीज़ नहीं है।'","वकील,"
2,567,रतन,इस वक्त मैं यही एक हार लूंगी। आजकल सिर की चीज़ें कौन पहनता है।,named_dash_quote,रतन-'इस वक्त मैं यही एक हार लूंगी। आजकल सिर की चीज़ें कौन पहनता है।',रतन-
2,568,Unknown,"लेकर रख लो, पास रहेगी तो कभी पहन भी लोगी। नहीं तो कभी दूसरों को पहने देख लिया, तो कहोगी, मेरे पास होता, तो मैं भी पहनती।",unattributed_quote,"वकील --'लेकर रख लो, पास रहेगी तो कभी पहन भी लोगी। नहीं तो कभी दूसरों को पहने देख लिया, तो कहोगी, मेरे पास होता, तो मैं भी पहनती।' वकील साहब को रतन से पति का-सा प्रेम नहीं, पिता का-सा स्नेह था। जैसे कोई स्नेही पिता मेले में लड़कों से पूछ-पूछकर खिलौने लेता है, वह भी रतन से पूछ-पूछकर खिलौने लेते थे। उसके कहने भर की देर थी। उनके पास उसे प्रसन्न करने के लिए धन के सिवा और चीज़ ही क्या थी। उन्हें अपने जीवन में एक आधार की जरूरत थी,सदेह आधार की, जिसके सहारे वह इस जीर्ण दशा में भी जीवन?संग्राम में खड़े रह सकें, जैसे किसी उपासक को प्रतिमा की जरूरत होती है। बिना प्रतिमा के वह किस पर फल चढ़ाए, किसे गंगा-जल से नहलाए, किसे स्वादिष्ट चीज़ों का भोग लगाए। इसी भांति वकील साहब को भी पत्नी की जरूरत थी। रतन उनके लिए सदेह कल्पना मात्र थी जिससे उनकी आत्मिक पिपासा शांत होती थी। कदाचित रतन के बिना उनका जीवन उतना ही सूना होता, जितना आंखों के बिना मुखब।",वकील --
2,569,रतन,इसके बारह सौ रूपये मांगते हैं।,named_comma_quote,"रतन ने केस में से हार निकालकर वकील साहब को दिखाया और बोली, 'इसके बारह सौ रूपये मांगते हैं।'","रतन ने केस में से हार निकालकर वकील साहब को दिखाया और बोली,"
2,570,इंद्रभूषण,"सच-सच बोलो, कितना लिखूं! ।",named_comma_quote,"वकील साहब की निगाह में रूपये का मूल्य आनंददायिनी शक्ति थी। अगर हार रतन को पसंद है, तो उन्हें इसकी परवा न थी कि इसके क्या दाम देने पड़ेंगे। उन्होंने चेक निकालकर जौहरी की तरफ देखा और पूछा, 'सच-सच बोलो, कितना लिखूं! ।'","वकील साहब की निगाह में रूपये का मूल्य आनंददायिनी शक्ति थी। अगर हार रतन को पसंद है, तो उन्हें इसकी परवा न थी कि इसके क्या दाम देने पड़ेंगे। उन्होंने चेक निकालकर जौहरी की तरफ देखा और पूछा,"
2,571,जौहरी,साढ़े ग्यारह सौ कर दीजिए।।,named_dash_quote,"जौहरी ने हार को उलट-पलटकर देखा और हिचकते हुए बोला, 'साढ़े ग्यारह सौ कर दीजिए।।'वकील साहब ने चेक लिखकर उसको दिया, और वह सलाम करके चलता हुआ। रतन का मुख इस समय वसन्त की प्राकृतिक शोभा की भांति विहसित था। ऐसा गर्व, ऐसा उल्लास उसके मुख पर कभी न दिखाई दिया था। मानो उसे संसार की संपत्ति मिल गई है। हार को गले में लटकाए वह अंदर चली गई। वकील साहब के आचारविचार में नई और पुरानी प्रथाओं का विचित्र मेल था। भोजन वह अभी तक किसी ब्राह्मण के हाथ का भी न खाते थे। आज रतन उनके लिए अच्छी-अच्छी चीजें बनाने गई, अपनी कृतज्ञता को वह कैसे ज़ाहिर करे।","जौहरी ने हार को उलट-पलटकर देखा और हिचकते हुए बोला,"
3,6,जालपा,"पूर्ण ह्रदय मानो उसके मुखमंडल पर अंकित हो रहा था। आह जिस समय इसे ज्ञात होगा इसके गहने फिर चोरी हो गए,इसकी क्या दशा होगी? पछाड़ खायगी, सिर के बाल नोचेगी। वह किन आंखों से उसका यह क्लेश देखेगा? उसने सोचा,मैंने इसे आराम ही कौन?सा पहुंचाया है। किसी दूसरे से विवाह होता, तो अब तक वह रत्नों से लद जाती। दुर्भाग्यवश इस घर में आई, जहां कोई सुख नहीं,उल्टे और रोना पड़ा।",unquoted_dash,"जालपा का निष्कपट स्नेह-पूर्ण ह्रदय मानो उसके मुखमंडल पर अंकित हो रहा था। आह जिस समय इसे ज्ञात होगा इसके गहने फिर चोरी हो गए,इसकी क्या दशा होगी? पछाड़ खायगी, सिर के बाल नोचेगी। वह किन आंखों से उसका यह क्लेश देखेगा? उसने सोचा,मैंने इसे आराम ही कौन?सा पहुंचाया है। किसी दूसरे से विवाह होता, तो अब तक वह रत्नों से लद जाती। दुर्भाग्यवश इस घर में आई, जहां कोई सुख नहीं,उल्टे और रोना पड़ा।",जालपा का निष्कपट स्नेह
3,7,रमानाथ,"तुम कहां गए थे? मैं अच्छा सपना देख रही थी। बडा बाग़ है, और हम-तुम दोनों उसमें टहल रहे हैं। इतने में तुम न जाने कहां चले जाते हो, एक और साधु आकर मेरे सामने खडा हो जाता है। बिलकुल देवताओं का-सा उसका स्वरूप है। वह मुझसे कहता है,",named_comma_quote,"रमा फिर चारपाई पर लेट रहा। उसी वक्त ज़ालपा की आंखें खुल गई। उसके मुख की ओर देखकर बोली, 'तुम कहां गए थे? मैं अच्छा सपना देख रही थी। बडा बाग़ है, और हम-तुम दोनों उसमें टहल रहे हैं। इतने में तुम न जाने कहां चले जाते हो, एक और साधु आकर मेरे सामने खडा हो जाता है। बिलकुल देवताओं का-सा उसका स्वरूप है। वह मुझसे कहता है, 'बेटी, मैं तुझे वर देने आया हूं। मांग, क्या मांगती है। मैं तुम्हें इधर-उधर खोज रही हूं कि तुमसे पूछूं क्या मांग़ूब और तुम कहीं दिखाई नहीं देते। मैं सारा बाग़ छान आई। पेडों पर झांककर देखा, तुम न-जाने कहां चले गए हो बस इतने में नींद खुल गई, वरदान न मांगने पाई।","रमा फिर चारपाई पर लेट रहा। उसी वक्त ज़ालपा की आंखें खुल गई। उसके मुख की ओर देखकर बोली,"
3,8,रमानाथ,क्या वरदान मांगतीं?,named_comma_quote,"रमा ने मुस्कराते हुए कहा, 'क्या वरदान मांगतीं?'","रमा ने मुस्कराते हुए कहा,"
3,9,Unknown,"मांगती जो जी में आता, तुम्हें क्या बता दूं?",unattributed_quote,"'मांगती जो जी में आता, तुम्हें क्या बता दूं?'",
3,10,Unknown,"नहीं, बताओ, शायद तुम बहुत-सा धन मांगतीं।",unattributed_quote,"'नहीं, बताओ, शायद तुम बहुत-सा धन मांगतीं।'",
3,11,Unknown,धन को तुम बहुत बडी चीज़ समझते होगे? मैं तो कुछ नहीं समझती।,unattributed_quote,'धन को तुम बहुत बडी चीज़ समझते होगे? मैं तो कुछ नहीं समझती।',
3,14,जालपा,"क्यों चिढ़ाते हो मुझे! क्या मैं गहनों पर और स्त्रियों से ज्यादा जान देती हूं- मैंने तो तुमसे कभी आग्रह नहीं किया?तुम्हें जरूरत हो, आज इन्हें उठा ले जाओ, मैं ख़ुशी से दे दूंगी।",named_comma_quote,"जालपा ने त्योरियां चढ़ाकर कहा, 'क्यों चिढ़ाते हो मुझे! क्या मैं गहनों पर और स्त्रियों से ज्यादा जान देती हूं- मैंने तो तुमसे कभी आग्रह नहीं किया?तुम्हें जरूरत हो, आज इन्हें उठा ले जाओ, मैं ख़ुशी से दे दूंगी।'","जालपा ने त्योरियां चढ़ाकर कहा,"
3,15,रमानाथ,तो फिर बतलातीं क्यों नहीं?,named_comma_quote,"रमा ने मुस्कराकर कहा, 'तो फिर बतलातीं क्यों नहीं?'","रमा ने मुस्कराकर कहा,"
3,16,जालपा,मैं यही मांगती कि मेरा स्वामी सदा मुझसे प्रेम करता रहे। उनका मन कभी मुझसे न गिरे।,named_dash_quote,जालपा-'मैं यही मांगती कि मेरा स्वामी सदा मुझसे प्रेम करता रहे। उनका मन कभी मुझसे न गिरे।',जालपा-
3,17,रमानाथ,क्या तुम्हें इसकी भी शंका है?,named_comma_quote,"रमा ने हंसकर कहा, 'क्या तुम्हें इसकी भी शंका है?'","रमा ने हंसकर कहा,"
3,18,Unknown,"तुम देवता भी होते तो शंका होती, तुम तो आदमी हो मुझे तो ऐसी कोई स्त्री न मिली, जिसने अपने पति की निष्ठुरता का दुखडान रोया हो सालदो साल तो वह खूब प्रेम करते हैं, फिर न जाने क्यों उन्हें स्त्री से अरूचि-सी हो जाती है। मन चंचल होने लगता है। औरत के लिए इससे बडी विपत्ति नहीं। उस विपत्ति से बचने के सिवा मैं और क्या वरदान मांगती?",unattributed_quote,"'तुम देवता भी होते तो शंका होती, तुम तो आदमी हो मुझे तो ऐसी कोई स्त्री न मिली, जिसने अपने पति की निष्ठुरता का दुखडान रोया हो सालदो साल तो वह खूब प्रेम करते हैं, फिर न जाने क्यों उन्हें स्त्री से अरूचि-सी हो जाती है। मन चंचल होने लगता है। औरत के लिए इससे बडी विपत्ति नहीं। उस विपत्ति से बचने के सिवा मैं और क्या वरदान मांगती?' यह कहते हुए जालपा ने पति के गले में बांहें डाल दीं और प्रणय-संचित नजरों से देखती हुई बोली, 'सच बताना, तुम अब भी मुझे वैसे ही चाहते हो, जैसे पहले चाहते थे?देखो, सच कहना, बोलो!'",
3,18,जालपा,"सच बताना, तुम अब भी मुझे वैसे ही चाहते हो, जैसे पहले चाहते थे?देखो, सच कहना, बोलो!",named_dash_quote,"'तुम देवता भी होते तो शंका होती, तुम तो आदमी हो मुझे तो ऐसी कोई स्त्री न मिली, जिसने अपने पति की निष्ठुरता का दुखडान रोया हो सालदो साल तो वह खूब प्रेम करते हैं, फिर न जाने क्यों उन्हें स्त्री से अरूचि-सी हो जाती है। मन चंचल होने लगता है। औरत के लिए इससे बडी विपत्ति नहीं। उस विपत्ति से बचने के सिवा मैं और क्या वरदान मांगती?' यह कहते हुए जालपा ने पति के गले में बांहें डाल दीं और प्रणय-संचित नजरों से देखती हुई बोली, 'सच बताना, तुम अब भी मुझे वैसे ही चाहते हो, जैसे पहले चाहते थे?देखो, सच कहना, बोलो!'","यह कहते हुए जालपा ने पति के गले में बांहें डाल दीं और प्रणय-संचित नजरों से देखती हुई बोली,"
3,19,रमानाथ,"उससे कहीं अधिक, लाख गुना!",named_comma_quote,"रमा ने जालपा के गले से चिमटकर कहा, 'उससे कहीं अधिक, लाख गुना!'","रमा ने जालपा के गले से चिमटकर कहा,"
3,20,जालपा,झूठ! बिलकुल झूठ! सोलहों आना झूठ!,named_comma_quote,"जालपा ने हंसकर कहा, 'झूठ! बिलकुल झूठ! सोलहों आना झूठ!'","जालपा ने हंसकर कहा,"
3,21,रमानाथ,यह तुम्हारी ज़बरदस्ती है। आख़िर ऐसा तुम्हें कैसे जान पडा?,named_dash_quote,रमानाथ-'यह तुम्हारी ज़बरदस्ती है। आख़िर ऐसा तुम्हें कैसे जान पडा?',रमानाथ-
3,22,जालपा,"आंखों से देखती हूं और कैसे जान पड़ा। तुमने मेरे पास बैठने की कसम खा ली है। जब देखो तुम गुमसुम रहते हो मुझसे प्रेम होता, तो मुझ पर विश्वास भी होता। बिना विश्वास के प्रेम हो ही कैसे सकता है? जिससे तुम अपनी बुरी-से-बुरी बात न कह सको, उससे तुम प्रेम नहीं कर सकते। हां, उसके साथ विहार कर सकते हो, विलास कर सकते हो उसी तरह जैसे कोई वेश्या के पास जाता है। वेश्या के पास लोग आनंद उठाने ही जाते हैं, कोई उससे मन की बात कहने नहीं जाता। तुम्हारी भी वही दशा है। बोलो है या नहीं? आंखें क्यों छिपाते हो? क्या मैं देखती नहीं, तुम बाहर से कुछ घबडाए हुए आते हो? बातें करते समय देखती हूं, तुम्हारा मन किसी और तरफ रहता है। भोजन में भी देखती हूं, तुम्हें कोई आनंद नहीं आता। दाल गाढ़ी है या पतली, शाक कम है या ज्यादा, चावल में कनी है या पक गए हैं, इस तरफ तुम्हारी निगाह नहीं जाती। बेगार की तरह भोजन करते हो और जल्दी से भागते हो मैं यह सब क्या नहीं देखती- मुझे देखना न चाहिए! मैं विलासिनी हूं, इसी रूप में तो तुम मुझे देखते हो मेरा काम है,विहार करना, विलास करना, आनंद करना। मुझे तुम्हारी चिंताओं से मतलब! मगर ईश्वर ने वैसा ह्रदय नहीं दिया। क्या करूं? मैं समझती हूं, जब मुझे जीवन ही व्यतीत करना है, जब मैं केवल तुम्हारे मनोरंजन की ही वस्तु हूं, तो क्यों अपनी जान विपत्ति में डालूं?",named_dash_quote,"जालपा-'आंखों से देखती हूं और कैसे जान पड़ा। तुमने मेरे पास बैठने की कसम खा ली है। जब देखो तुम गुमसुम रहते हो मुझसे प्रेम होता, तो मुझ पर विश्वास भी होता। बिना विश्वास के प्रेम हो ही कैसे सकता है? जिससे तुम अपनी बुरी-से-बुरी बात न कह सको, उससे तुम प्रेम नहीं कर सकते। हां, उसके साथ विहार कर सकते हो, विलास कर सकते हो उसी तरह जैसे कोई वेश्या के पास जाता है। वेश्या के पास लोग आनंद उठाने ही जाते हैं, कोई उससे मन की बात कहने नहीं जाता। तुम्हारी भी वही दशा है। बोलो है या नहीं? आंखें क्यों छिपाते हो? क्या मैं देखती नहीं, तुम बाहर से कुछ घबडाए हुए आते हो? बातें करते समय देखती हूं, तुम्हारा मन किसी और तरफ रहता है। भोजन में भी देखती हूं, तुम्हें कोई आनंद नहीं आता। दाल गाढ़ी है या पतली, शाक कम है या ज्यादा, चावल में कनी है या पक गए हैं, इस तरफ तुम्हारी निगाह नहीं जाती। बेगार की तरह भोजन करते हो और जल्दी से भागते हो मैं यह सब क्या नहीं देखती- मुझे देखना न चाहिए! मैं विलासिनी हूं, इसी रूप में तो तुम मुझे देखते हो मेरा काम है,विहार करना, विलास करना, आनंद करना। मुझे तुम्हारी चिंताओं से मतलब! मगर ईश्वर ने वैसा ह्रदय नहीं दिया। क्या करूं? मैं समझती हूं, जब मुझे जीवन ही व्यतीत करना है, जब मैं केवल तुम्हारे मनोरंजन की ही वस्तु हूं, तो क्यों अपनी जान विपत्ति में डालूं?'",जालपा-
3,24,रमानाथ,"पडा सो गया, उस समय आधी रात से ऊपर गुज़र गई थी। सोया तो इसी सबब से था कि बहुत सबेरे उठ जाऊंगा, पर नींद खुली, तो कमरे में धूप की किरणें आ-आकर उसे जगा रही थीं। वह चटपट उठा और बिना मुंह-हाथ धोए, कपड़े पहनकर जाने को तैयार हो गया। वह रमेश बाबू के पास जाना चाहता था। अब उनसे यह कथा कहनी पड़ेगी। स्थिति का पूरा ज्ञान हो जाने पर वह कुछ-न?कुछ सहायता करने पर तैयार हो जाएंगे।",unquoted_dash,"रमा इन्हीं विचारों में पडा-पडा सो गया, उस समय आधी रात से ऊपर गुज़र गई थी। सोया तो इसी सबब से था कि बहुत सबेरे उठ जाऊंगा, पर नींद खुली, तो कमरे में धूप की किरणें आ-आकर उसे जगा रही थीं। वह चटपट उठा और बिना मुंह-हाथ धोए, कपड़े पहनकर जाने को तैयार हो गया। वह रमेश बाबू के पास जाना चाहता था। अब उनसे यह कथा कहनी पड़ेगी। स्थिति का पूरा ज्ञान हो जाने पर वह कुछ-न?कुछ सहायता करने पर तैयार हो जाएंगे।",रमा इन्हीं विचारों में पडा
3,26,रमेश,"क्या अभी मुंह-हाथ भी नहीं धोया, यही लीचड़पन मुझे नापसंद है। तुम और कुछ करो या न करो, बदन की सगाई तो करते रहो क्या हुआ, रूपये का कुछ प्रबंध हुआ?",named_comma_quote,"रमा रमेश के घर पहुंचा तो आठ बज गए थे। बाबू साहब चौकी पर बैठे संध्या कर रहे थे। इन्हें देखकर इशारे से बैठने को कहा, कोई आधा घंटे में संध्या समाप्त हुई, बोले, 'क्या अभी मुंह-हाथ भी नहीं धोया, यही लीचड़पन मुझे नापसंद है। तुम और कुछ करो या न करो, बदन की सगाई तो करते रहो क्या हुआ, रूपये का कुछ प्रबंध हुआ?'","रमा रमेश के घर पहुंचा तो आठ बज गए थे। बाबू साहब चौकी पर बैठे संध्या कर रहे थे। इन्हें देखकर इशारे से बैठने को कहा, कोई आधा घंटे में संध्या समाप्त हुई, बोले,"
3,27,रमानाथ,इसी फिक्र में तो आपके पास आया हूं।,named_dash_quote,रमानाथ-'इसी फिक्र में तो आपके पास आया हूं।',रमानाथ-
3,28,रमेश,"तुम भी अजीब आदमी हो, अपने बाप से कहते हुए तुम्हें क्यों शर्म आती है? यही न होगा, तुम्हें ताने देंगे, लेकिन इस संकट से तो छूट जाओगे। उनसे सारी बातें साफ-साफ कह दो। ऐसी दुर्घटनाएं अक्सर हो जाया करती हैं। इसमें डरने की क्या बात है! नहीं कहो, मैं चलकर कह दूं।",named_dash_quote,"रमेश-'तुम भी अजीब आदमी हो, अपने बाप से कहते हुए तुम्हें क्यों शर्म आती है? यही न होगा, तुम्हें ताने देंगे, लेकिन इस संकट से तो छूट जाओगे। उनसे सारी बातें साफ-साफ कह दो। ऐसी दुर्घटनाएं अक्सर हो जाया करती हैं। इसमें डरने की क्या बात है! नहीं कहो, मैं चलकर कह दूं।'",रमेश-
3,29,रमानाथ,"उनसे कहना होता, तो अब तक कभी कह चुका होता! क्या आप कुछ बंदो।स्त नहीं कर सकते?",named_dash_quote,"रमानाथ-'उनसे कहना होता, तो अब तक कभी कह चुका होता! क्या आप कुछ बंदो।स्त नहीं कर सकते?'",रमानाथ-
3,30,रमेश,"कर क्यों नहीं सकता, पर करना नहीं चाहता। ऐसे आदमी के साथ मुझे कोई हमदर्दी नहीं हो सकती। तुम जो बात मुझसे कह सकते हो, क्या उनसे नहीं कह सकते?मेरी सलाह मानो। उनसे जाकर कह दो। अगर वह रूपये न दें तब मेरे पास आना।",named_dash_quote,"रमेश-'कर क्यों नहीं सकता, पर करना नहीं चाहता। ऐसे आदमी के साथ मुझे कोई हमदर्दी नहीं हो सकती। तुम जो बात मुझसे कह सकते हो, क्या उनसे नहीं कह सकते?मेरी सलाह मानो। उनसे जाकर कह दो। अगर वह रूपये न दें तब मेरे पास आना।'",रमेश-
3,32,Unknown,"प्रिये, क्या कहूं, किस विपत्ति में फंसा हुआ हूं। अगर एक घंटे के अंदर तीन सौ रूपये का प्रबंध न हो गया, तो हाथों में हथकडियां पड़ जाएंगी। मैंने बहुत कोशिश की, किसी से उधार ले लूं, किंतु कहीं न मिल सके। अगर तुम अपने दो-एक जेवर दे दो, तो मैं गिरों रखकर काम चला लूं। ज्योंही रूपये हाथ आ जाएंगे, छुडादूंगा। अगर मजबूरी न आ पड़ती तो, तुम्हें कष्ट न देता। ईश्वर के लिए रूष्ट न होना। मैं बहुत जल्द छुडा दूंगा---",unattributed_quote,"घुस जाता, कभी उस गली में… सहसा उसे एक बात सूझी, क्यों न जालपा को एक पत्र लिखकर अपनी सारी कठिनाइयां कह सुनाऊं। मुंह से तो वह कुछ न कह सकता था, पर कलम से लिखने में उसे कोई मुश्किल मालूम नहीं होती थी। पत्र लिखकर जालपा को दे दूंगा और बाहर के कमरे में आ बैठूंगा। इससे सरल और क्या हो सकता है? वह भागा हुआ घर आया, और तुरंत पत्र लिखा, 'प्रिये, क्या कहूं, किस विपत्ति में फंसा हुआ हूं। अगर एक घंटे के अंदर तीन सौ रूपये का प्रबंध न हो गया, तो हाथों में हथकडियां पड़ जाएंगी। मैंने बहुत कोशिश की, किसी से उधार ले लूं, किंतु कहीं न मिल सके। अगर तुम अपने दो-एक जेवर दे दो, तो मैं गिरों रखकर काम चला लूं। ज्योंही रूपये हाथ आ जाएंगे, छुडादूंगा। अगर मजबूरी न आ पड़ती तो, तुम्हें कष्ट न देता। ईश्वर के लिए रूष्ट न होना। मैं बहुत जल्द छुडा दूंगा---'","घुस जाता, कभी उस गली में… सहसा उसे एक बात सूझी, क्यों न जालपा को एक पत्र लिखकर अपनी सारी कठिनाइयां कह सुनाऊं। मुंह से तो वह कुछ न कह सकता था, पर कलम से लिखने में उसे कोई मुश्किल मालूम नहीं होती थी। पत्र लिखकर जालपा को दे दूंगा और बाहर के कमरे में आ बैठूंगा। इससे सरल और क्या हो सकता है? वह भागा हुआ घर आया, और तुरंत पत्र लिखा,"
3,35,रमेश,"तो क्या दो-चार दिन में मौका मिलेगा- मैं डरता हूं कि कहीं आज भी तुम यों ही ख़ाली हाथ न चले जाओ, नहीं तो ग़जब ही हो जाय!",named_dash_quote,"रमेश-'तो क्या दो-चार दिन में मौका मिलेगा- मैं डरता हूं कि कहीं आज भी तुम यों ही ख़ाली हाथ न चले जाओ, नहीं तो ग़जब ही हो जाय! '",रमेश-
3,36,रमानाथ,"जब उनसे मांगने का निश्चय कर लिया, तो अब क्या चिंता!",named_dash_quote,"रमानाथ-'जब उनसे मांगने का निश्चय कर लिया, तो अब क्या चिंता! '",रमानाथ-
3,37,रमेश,"आज मौका मिले, तो ज़रा रतन के पास चले जाना। उस दिन मैंने कितना जोर देकर कहा था, लेकिन मालूम होता है तुम भूल गए।",named_dash_quote,"रमेश-'आज मौका मिले, तो ज़रा रतन के पास चले जाना। उस दिन मैंने कितना जोर देकर कहा था, लेकिन मालूम होता है तुम भूल गए।'",रमेश-
3,38,रमानाथ,"भूल तो नहीं गया, लेकिन उनसे कहते शर्म आती है।",named_dash_quote,"रमानाथ-'भूल तो नहीं गया, लेकिन उनसे कहते शर्म आती है।'",रमानाथ-
3,39,रमेश,"अपने बाप से कहते भी शर्म आती है? अगर अपने लोगों में यह संकोच न होता, तो आज हमारी यह दशा क्यों होती?",named_dash_quote,"रमेश-'अपने बाप से कहते भी शर्म आती है? अगर अपने लोगों में यह संकोच न होता, तो आज हमारी यह दशा क्यों होती?'",रमेश-
3,43,रमानाथ,तुम तो कहीं जाने को तैयार बैठी हो ।,named_dash_quote,रमानाथ-'तुम तो कहीं जाने को तैयार बैठी हो ।',रमानाथ-
3,44,जालपा,"सेठानीजी ने बुला भेजा है, दोपहर तक चली आऊंगी।",named_dash_quote,"जालपा-'सेठानीजी ने बुला भेजा है, दोपहर तक चली आऊंगी।'",जालपा-
3,45,रमानाथ,"सी थी, जो हिरनी को अपने शावकों के साथ किलोल करते देखकर तनी हुई बंदूक कंधो पर रख लेता है,और वह वात्सल्य और प्रेम की क्रीडादेखने में तल्लीन हो जाता है। उसे अपनी ओर टकटकी लगाए देखकर जालपा ने मुस्कराकर कहा, 'देखो,",unquoted_dash,"रमा की दशा इस समय उस शिकारी की-सी थी, जो हिरनी को अपने शावकों के साथ किलोल करते देखकर तनी हुई बंदूक कंधो पर रख लेता है,और वह वात्सल्य और प्रेम की क्रीडादेखने में तल्लीन हो जाता है। उसे अपनी ओर टकटकी लगाए देखकर जालपा ने मुस्कराकर कहा, 'देखो,",रमा की दशा इस समय उस शिकारी की
3,49,जालपा,"मुझे कुछ रूपये तो दे दो, शायद वहां कुछ जरूरत पड़े।",named_comma_quote,"सहसा जालपा बोली, 'मुझे कुछ रूपये तो दे दो, शायद वहां कुछ जरूरत पड़े। '","सहसा जालपा बोली,"
3,50,रमानाथ,रूपये! रूपये तो इस वक्त नहीं हैं।,named_comma_quote,"रमा ने चौंककर कहा, 'रूपये! रूपये तो इस वक्त नहीं हैं।'","रमा ने चौंककर कहा,"
3,51,जालपा,"हैं हैं, मुझसे बहाना कर रहे हो बस मुझे दो रूपये दे दो, और ज्यादा नहीं चाहती।",named_dash_quote,"जालपा-'हैं हैं, मुझसे बहाना कर रहे हो बस मुझे दो रूपये दे दो, और ज्यादा नहीं चाहती।'",जालपा-
3,53,रमानाथ,"काग़ज़ मुझे दे दो, सरकारी काग़ज़ है।",named_comma_quote,"रमा ने हाथ बढ़ाकर पत्र को जालपा से छीनने की चेष्टा करते हुए कहा, 'काग़ज़ मुझे दे दो, सरकारी काग़ज़ है।'","रमा ने हाथ बढ़ाकर पत्र को जालपा से छीनने की चेष्टा करते हुए कहा,"
3,54,जालपा,किसका ख़त है ।ता दो?,named_dash_quote,जालपा-'किसका ख़त है ।ता दो?',जालपा-
3,56,रमानाथ,"दे दो, क्यों परेशान करती हो!",named_dash_quote,"रमानाथ-'दे दो, क्यों परेशान करती हो!'",रमानाथ-
3,57,जालपा,अच्छा फाड़ डालो।,named_dash_quote,"रमा ने फिर काग़ज़ छीन लेना चाहा, पर जालपा ने हाथ पीछे उधरकर कहा,मैं बिना पढ़े न दूंगी। कह दिया ज्यादा ज़िद करोगे, तो फाड़ डालूंगी। रमानाथ-'अच्छा फाड़ डालो।'","रमा ने फिर काग़ज़ छीन लेना चाहा, पर जालपा ने हाथ पीछे उधरकर कहा,मैं बिना पढ़े न दूंगी। कह दिया ज्यादा ज़िद करोगे, तो फाड़ डालूंगी। रमानाथ-"
3,58,जालपा,तब तो मैं जरूर पढ़ूंगी।,named_dash_quote,जालपा-'तब तो मैं जरूर पढ़ूंगी।',जालपा-
3,63,रमानाथ,जमादार का नाम क्या है?,named_dash_quote,"जमादार ने उसे सिर से पांव तक देखा, अंगूठी ली और स्टेशन के अंदर चला गया। रमा टिकट-घर के सामने टहलने लगा। आंखें उसकी ओर लगी हुई थीं। दस मिनट गुज़र गए और जमादार का कहीं पता नहीं। अंगूठी लेकर कहीं गायब तो नहीं हो जाएगा! स्टेशन के अंदर जाकर उसे खोजने लगा। एक कुली से पूछा, उसने पूछा, 'जमादार का नाम क्या है?'रमा ने ज़बान दांतों से काट ली।","जमादार ने उसे सिर से पांव तक देखा, अंगूठी ली और स्टेशन के अंदर चला गया। रमा टिकट-घर के सामने टहलने लगा। आंखें उसकी ओर लगी हुई थीं। दस मिनट गुज़र गए और जमादार का कहीं पता नहीं। अंगूठी लेकर कहीं गायब तो नहीं हो जाएगा! स्टेशन के अंदर जाकर उसे खोजने लगा। एक कुली से पूछा, उसने पूछा,"
3,64,टिकट बाबू,आपका टिकट?,named_dash_quote,"नाम तो पूछा ही नहीं। बतलाए क्या? इतने में गाड़ी ने सीटी दी, रमा अधीर हो उठा। समझ गया, जमादार ने चरका दिया। बिना टिकट लिये ही गाड़ी में आ बैठा मन में निश्चय कर लिया, साफ कह दूंगा मेरे पास टिकट नहीं है। अगर उतरना भी पडा, तो यहां से दस पांच कोस तो चला ही जाऊंगा। गाड़ी चल दी, उस वक्त रमा को अपनी दशा पर रोना आ गया। हाय, न जाने उसे कभी लौटना नसीब भी होगा या नहीं। फिर यह सुख के दिन कहां मिलेंगे। यह दिन तो गए, हमेशा के लिए गए। इसी तरह सारी दुनिया से मुंह छिपाए, वह एक दिन मर जायगा। कोई उसकी लाश पर आंसू बहाने वाला भी न होगा। घरवाले भी रो-धोकर चुप हो रहेंगे। केवल थोड़े-से संकोच के कारण उसकी यह दशा हुई। उसने शुरू ही से, जालपा से अपनी सच्ची हालत कह दी होती, तो आज उसे मुंह पर कालिख लगाकर क्यों भागना पड़ता। मगर कहता कैसे, वह अपने को अभागिनी न समझने लगती- कुछ न सही, कुछ दिन तो उसने जालपा को सुखी रक्खा। उसकी लालसाओं की हत्या तो न होने दी। रमा के संतोष के लिए अब इतना ही काफी था। अभी गाड़ी चले दस मिनट भी न बीते होंगे। गाड़ी का दरवाज़ा खुला,और टिकट बाबू अंदर आए। रमा के चेहरे पर हवाइयां उड़ने लगीं। एक क्षण में वह उसके पास आ जाएगा। इतने आदमियों के सामने उसे कितना लज्जित होना पड़ेगा। उसका कलेजा धक-धक करने लगा। ज्यों-ज्यों टिकट बाबू उसके समीप आता था, उसकी नाड़ी की गति तीव्र होती जाती थी। आख़िर बला सिर पर आ ही गई। टिकट बाबू ने पूछा, 'आपका टिकट?'","नाम तो पूछा ही नहीं। बतलाए क्या? इतने में गाड़ी ने सीटी दी, रमा अधीर हो उठा। समझ गया, जमादार ने चरका दिया। बिना टिकट लिये ही गाड़ी में आ बैठा मन में निश्चय कर लिया, साफ कह दूंगा मेरे पास टिकट नहीं है। अगर उतरना भी पडा, तो यहां से दस पांच कोस तो चला ही जाऊंगा। गाड़ी चल दी, उस वक्त रमा को अपनी दशा पर रोना आ गया। हाय, न जाने उसे कभी लौटना नसीब भी होगा या नहीं। फिर यह सुख के दिन कहां मिलेंगे। यह दिन तो गए, हमेशा के लिए गए। इसी तरह सारी दुनिया से मुंह छिपाए, वह एक दिन मर जायगा। कोई उसकी लाश पर आंसू बहाने वाला भी न होगा। घरवाले भी रो-धोकर चुप हो रहेंगे। केवल थोड़े-से संकोच के कारण उसकी यह दशा हुई। उसने शुरू ही से, जालपा से अपनी सच्ची हालत कह दी होती, तो आज उसे मुंह पर कालिख लगाकर क्यों भागना पड़ता। मगर कहता कैसे, वह अपने को अभागिनी न समझने लगती- कुछ न सही, कुछ दिन तो उसने जालपा को सुखी रक्खा। उसकी लालसाओं की हत्या तो न होने दी। रमा के संतोष के लिए अब इतना ही काफी था। अभी गाड़ी चले दस मिनट भी न बीते होंगे। गाड़ी का दरवाज़ा खुला,और टिकट बाबू अंदर आए। रमा के चेहरे पर हवाइयां उड़ने लगीं। एक क्षण में वह उसके पास आ जाएगा। इतने आदमियों के सामने उसे कितना लज्जित होना पड़ेगा। उसका कलेजा धक-धक करने लगा। ज्यों-ज्यों टिकट बाबू उसके समीप आता था, उसकी नाड़ी की गति तीव्र होती जाती थी। आख़िर बला सिर पर आ ही गई। टिकट बाबू ने पूछा,"
3,65,रमानाथ,मेरा टिकट तो कुलियों के जमादार के पास ही रह गया। उसे टिकट लाने के लिए रूपये दिए थे। न जाने किधर निकल गया।,named_comma_quote,"रमा ने ज़रा सावधान होकर कहा, 'मेरा टिकट तो कुलियों के जमादार के पास ही रह गया। उसे टिकट लाने के लिए रूपये दिए थे। न जाने किधर निकल गया।'","रमा ने ज़रा सावधान होकर कहा,"
3,66,Unknown,मैं यह कुछ नहीं जानता। आपको अगले स्टेशन पर उतरना होगा। आप कहां जा रहे हैं?,unattributed_quote,"टिकट बाबू को यकीन न आया, बोला, 'मैं यह कुछ नहीं जानता। आपको अगले स्टेशन पर उतरना होगा। आप कहां जा रहे हैं?' रमानाथ-'सफर तो बडी दूर का है, कलकत्ता तक जाना है।'","टिकट बाबू को यकीन न आया, बोला,"
3,66,रमानाथ,"सफर तो बडी दूर का है, कलकत्ता तक जाना है।",named_dash_quote,"टिकट बाबू को यकीन न आया, बोला, 'मैं यह कुछ नहीं जानता। आपको अगले स्टेशन पर उतरना होगा। आप कहां जा रहे हैं?' रमानाथ-'सफर तो बडी दूर का है, कलकत्ता तक जाना है।'",रमानाथ-
3,67,टिकट बाबू,आगे के स्टेशन पर टिकट ले लीजिएगा।,named_dash_quote,टिकट बाबू-'आगे के स्टेशन पर टिकट ले लीजिएगा। ',टिकट बाबू-
3,68,रमानाथ,"यही तो मुश्किल है। मेरे पास पचास का नोट था। खिड़की पर बडी भीड़ थी। मैंने नोट उस जमादार को टिकट लाने के लिए दिया, पर वह ऐसा ग़ायब हुआ कि लौटा ही नहीं। शायद आप उसे पहचानते हों। लंबा-लंबा चेचकरू आदमी है।",named_dash_quote,"रमानाथ-'यही तो मुश्किल है। मेरे पास पचास का नोट था। खिड़की पर बडी भीड़ थी। मैंने नोट उस जमादार को टिकट लाने के लिए दिया, पर वह ऐसा ग़ायब हुआ कि लौटा ही नहीं। शायद आप उसे पहचानते हों। लंबा-लंबा चेचकरू आदमी है।'",रमानाथ-
3,69,टिकट बाबू,इस विषय में आप लिखा-पढ़ी कर सकते है? मगर बिना टिकट के जा नहीं सकते।,unquoted_dash,टिकट बाबू-'इस विषय में आप लिखा-पढ़ी कर सकते है? मगर बिना टिकट के जा नहीं सकते।,टिकट बाबू
3,70,रमानाथ,"भाई साहब, आपसे क्या छिपाऊं। मेरे पास और रूपये नहीं हैं। आप जैसा मुनासिब समझें, करें।",named_comma_quote,"रमा ने विनीत भाव से कहा, 'भाई साहब, आपसे क्या छिपाऊं। मेरे पास और रूपये नहीं हैं। आप जैसा मुनासिब समझें, करें।'","रमा ने विनीत भाव से कहा,"
3,71,टिकट बाबू,"मुझे अफसोस है, बाबू साहब, कायदे से मजबूर हूं।",named_dash_quote,"टिकट बाबू-'मुझे अफसोस है, बाबू साहब, कायदे से मजबूर हूं।'",टिकट बाबू-
3,72,टिकट बाबू,"कलकत्ता में कहां जाओगे, बाबूजी?",named_dash_quote,"कमरे के सारे मुसाफिर आपस में कानाफूसी करने लगे। तीसरा दर्जा था,अधिकांश मजदूर बैठे हुए थे, जो मजूरी की टोह में पूरब जा रहे थे। वे एक बाबू जाति के प्राणी को इस भांति अपमानित होते देखकर आनंद पा रहे थे। शायद टिकट बाबू ने रमा को धक्का देकर उतार दिया होता, तो और भी ख़ुश होते। रमा को जीवन में कभी इतनी झेंप न हुई थी। चुपचाप सिर झुकाए खडाथा। अभी तो जीवन की इस नई यात्रा का आरंभ हुआ है। न जाने आगे क्या? क्या विपत्तियां झेलनी पडेंगी। किस-किसके हाथों धोखा खाना पड़ेगा। उसके जी में आया,गाड़ी से यद पड़ूं, इस छीछालेदर से तो मर जाना ही अच्छा। उसकी आंखें भर आइ, उसने खिड़की से सिर बाहर निकाल लिया और रोने लगा। सहसा एक बूढ़े आदमी ने, जो उसके पास ही बैठा हुआ था, पूछा, 'कलकत्ता में कहां जाओगे, बाबूजी?'","कमरे के सारे मुसाफिर आपस में कानाफूसी करने लगे। तीसरा दर्जा था,अधिकांश मजदूर बैठे हुए थे, जो मजूरी की टोह में पूरब जा रहे थे। वे एक बाबू जाति के प्राणी को इस भांति अपमानित होते देखकर आनंद पा रहे थे। शायद टिकट बाबू ने रमा को धक्का देकर उतार दिया होता, तो और भी ख़ुश होते। रमा को जीवन में कभी इतनी झेंप न हुई थी। चुपचाप सिर झुकाए खडाथा। अभी तो जीवन की इस नई यात्रा का आरंभ हुआ है। न जाने आगे क्या? क्या विपत्तियां झेलनी पडेंगी। किस-किसके हाथों धोखा खाना पड़ेगा। उसके जी में आया,गाड़ी से यद पड़ूं, इस छीछालेदर से तो मर जाना ही अच्छा। उसकी आंखें भर आइ, उसने खिड़की से सिर बाहर निकाल लिया और रोने लगा। सहसा एक बूढ़े आदमी ने, जो उसके पास ही बैठा हुआ था, पूछा,"
3,73,रमानाथ,"तुमसे मतलब, मैं कहीं जाऊंगा!",named_comma_quote,"रमा ने समझा, वह गंवार मुझे बना रहा है, झुंझलाकर बोला,'तुमसे मतलब, मैं कहीं जाऊंगा!'","रमा ने समझा, वह गंवार मुझे बना रहा है, झुंझलाकर बोला,"
3,74,Unknown,"मैं भी वहीं चलूंगा। हमारा-तुम्हारा साथ हो जायगा। फिर धीरे से बोला,किराए के रूपये मुझसे ले लो, वहां दे देना।",unattributed_quote,"बूढ़े ने इस उपेक्षा पर कुछ भी ध्यान न दिया, बोला, 'मैं भी वहीं चलूंगा। हमारा-तुम्हारा साथ हो जायगा। फिर धीरे से बोला,किराए के रूपये मुझसे ले लो, वहां दे देना।'","बूढ़े ने इस उपेक्षा पर कुछ भी ध्यान न दिया, बोला,"
3,75,रमानाथ,आप हाबडे ही उतरेंगे या और कहीं जाएंगे?,named_dash_quote,"अब रमा ने उसकी ओर ध्यान से देखा। कोई साठ-सत्तर साल का बूढ़ा घुला हुआ आदमी था। मांस तो क्या हडिडयां तक फूल गई थीं। मूंछ और सिर के बाल मुड़े हुए थे। एक छोटी-सी बद्दची के सिवा उसके पास कोई असबाब भी न था। रमा को अपनी ओर ताकते देखकर वह फिर बोला, 'आप हाबडे ही उतरेंगे या और कहीं जाएंगे?'","अब रमा ने उसकी ओर ध्यान से देखा। कोई साठ-सत्तर साल का बूढ़ा घुला हुआ आदमी था। मांस तो क्या हडिडयां तक फूल गई थीं। मूंछ और सिर के बाल मुड़े हुए थे। एक छोटी-सी बद्दची के सिवा उसके पास कोई असबाब भी न था। रमा को अपनी ओर ताकते देखकर वह फिर बोला,"
3,76,रमानाथ,"बाबा, आगे मैं उतर पड़ूंगा। रूपये का कोई बंदोबस्त करके फिर आऊंगा।",named_comma_quote,"रमा ने एहसान के भार से दबकर कहा, 'बाबा, आगे मैं उतर पड़ूंगा। रूपये का कोई बंदोबस्त करके फिर आऊंगा। ' बूढ़ा-'तुम्हें कितने रूपये चाहिए, मैं भी तो वहीं चल रहा हूं। जब चाहे दे देना। क्या मेरे दस-पांच रूपये लेकर भाग जाओगे। कहां घर है?'","रमा ने एहसान के भार से दबकर कहा,"
3,76,Unknown,"तुम्हें कितने रूपये चाहिए, मैं भी तो वहीं चल रहा हूं। जब चाहे दे देना। क्या मेरे दस-पांच रूपये लेकर भाग जाओगे। कहां घर है?",unattributed_quote,"रमा ने एहसान के भार से दबकर कहा, 'बाबा, आगे मैं उतर पड़ूंगा। रूपये का कोई बंदोबस्त करके फिर आऊंगा। ' बूढ़ा-'तुम्हें कितने रूपये चाहिए, मैं भी तो वहीं चल रहा हूं। जब चाहे दे देना। क्या मेरे दस-पांच रूपये लेकर भाग जाओगे। कहां घर है?'",बूढ़ा-
3,77,रमानाथ,"यहीं, प्रयाग ही में रहता हूं।",named_dash_quote,"रमानाथ-'यहीं, प्रयाग ही में रहता हूं।'",रमानाथ-
3,79,रमानाथ,"मैं चलते ही चलते रूपया न दे सकूंगा, यह समझ लो।",named_comma_quote,"रमा ने सकुचाते हुए कहा, 'मैं चलते ही चलते रूपया न दे सकूंगा, यह समझ लो।'","रमा ने सकुचाते हुए कहा,"
3,80,Unknown,"अरे बाबूजी, मेरे दस-पांच रूपये लेकर तुम भाग थोड़े ही जाओगे। मैंने तो देखा, प्रयाग के पण्डे यात्रियों को बिना लिखाए -पढ़ाए रूपये दे देते हैं। दस रूपये में तुम्हारा काम चल जाएगा?",unattributed_quote,"बूढ़े ने सरल भाव से कहा, 'अरे बाबूजी, मेरे दस-पांच रूपये लेकर तुम भाग थोड़े ही जाओगे। मैंने तो देखा, प्रयाग के पण्डे यात्रियों को बिना लिखाए -पढ़ाए रूपये दे देते हैं। दस रूपये में तुम्हारा काम चल जाएगा?'","बूढ़े ने सरल भाव से कहा,"
3,81,रमानाथ,"हां, इतने बहुत हैं।",named_comma_quote,"रमा ने सिर झुकाकर कहा, 'हां, इतने बहुत हैं।'","रमा ने सिर झुकाकर कहा,"
3,83,रमानाथ,तुम बदरीनाथ की यात्रा कर आए? वहां तो पहाड़ों की बडी-बडी चढ़ाइयां हैं।,named_comma_quote,"रमा ने आश्चर्य से पूछा, 'तुम बदरीनाथ की यात्रा कर आए? वहां तो पहाड़ों की बडी-बडी चढ़ाइयां हैं।'","रमा ने आश्चर्य से पूछा,"
3,84,देवीदीन,"भगवान की दया होती है तो सब कुछ हो जाता है, बाबूजी! उनकी दया चाहिए।",named_dash_quote,"देवीदीन-'भगवान की दया होती है तो सब कुछ हो जाता है, बाबूजी! उनकी दया चाहिए।'",देवीदीन-
3,85,रमानाथ,तुम्हारे बाल-बच्चे तो कलकत्ता ही में होंगे?,named_dash_quote,रमानाथ-'तुम्हारे बाल-बच्चे तो कलकत्ता ही में होंगे?',रमानाथ-
3,86,देवीदीन,बाल-बच्चे तो सब भगवान के घर गए। चार बेटे थे। दो का ब्याह हो गया था। सब चल दिए। मैं बैठा हुआ हूं। मुझी से तो सब पैदा हुए थे। अपने बोए हुए बीज को किसान ही तो काटता है!,named_comma_quote,"देवीदीन ने रूखी हंसी हंसकर कहा, 'बाल-बच्चे तो सब भगवान के घर गए। चार बेटे थे। दो का ब्याह हो गया था। सब चल दिए। मैं बैठा हुआ हूं। मुझी से तो सब पैदा हुए थे। अपने बोए हुए बीज को किसान ही तो काटता है!'यह कहकर वह फिर हंसा, ज़रा देर बाद बोला, 'बुढिया अभी जीती हैं। देखें, हम दोनों में पहले कौन चलता है। वह कहती है, पहले मैं जाऊंगी, मैं कहता हूं ,पहले मैं जाऊंगा। देखो किसकी टेक रहती है। बन पडा तो तुम्हें दिखाऊंगा। अब भी गहने पहनती है। सोने की बालियां और सोने की हसली पहने दुकान पर बैठी रहती है। जब कहा कि चल तीर्थ कर आवें तो बोली, 'तुम्हारे तीर्थ के लिए क्या दुकान मिट्टी में मिला दूं? यह है जिंदगी का हाल, आज मरे कि कल मरे, मगर दुकान न छोड़ेगी। न कोई आगे, न कोई पीछे, न कोई रोने वाला, न कोई हंसने वाला, मगर माया बनी हुई है।अब भी एक-न?एक गहना बनवाती ही रहती है। न जाने कब उसका पेट भरेगा। सब घरों का यही हाल है। जहां देखो,हाय गहने! हाय गहने! गहने के पीछे जान दे दें, घर के आदमियों को भूखा मारें, घर की चीज़ें बेचेंब और कहां तक कहूं, अपनी आबरू तक बेच दें। छोटे-बड़े, अमीर-गरीब सबको यही रोग लगा हुआ है। कलकत्ता में कहां काम करते हो, भैया?'","देवीदीन ने रूखी हंसी हंसकर कहा,"
3,86,Unknown,"बुढिया अभी जीती हैं। देखें, हम दोनों में पहले कौन चलता है। वह कहती है, पहले मैं जाऊंगी, मैं कहता हूं ,पहले मैं जाऊंगा। देखो किसकी टेक रहती है। बन पडा तो तुम्हें दिखाऊंगा। अब भी गहने पहनती है। सोने की बालियां और सोने की हसली पहने दुकान पर बैठी रहती है। जब कहा कि चल तीर्थ कर आवें तो बोली,",unattributed_quote,"देवीदीन ने रूखी हंसी हंसकर कहा, 'बाल-बच्चे तो सब भगवान के घर गए। चार बेटे थे। दो का ब्याह हो गया था। सब चल दिए। मैं बैठा हुआ हूं। मुझी से तो सब पैदा हुए थे। अपने बोए हुए बीज को किसान ही तो काटता है!'यह कहकर वह फिर हंसा, ज़रा देर बाद बोला, 'बुढिया अभी जीती हैं। देखें, हम दोनों में पहले कौन चलता है। वह कहती है, पहले मैं जाऊंगी, मैं कहता हूं ,पहले मैं जाऊंगा। देखो किसकी टेक रहती है। बन पडा तो तुम्हें दिखाऊंगा। अब भी गहने पहनती है। सोने की बालियां और सोने की हसली पहने दुकान पर बैठी रहती है। जब कहा कि चल तीर्थ कर आवें तो बोली, 'तुम्हारे तीर्थ के लिए क्या दुकान मिट्टी में मिला दूं? यह है जिंदगी का हाल, आज मरे कि कल मरे, मगर दुकान न छोड़ेगी। न कोई आगे, न कोई पीछे, न कोई रोने वाला, न कोई हंसने वाला, मगर माया बनी हुई है।अब भी एक-न?एक गहना बनवाती ही रहती है। न जाने कब उसका पेट भरेगा। सब घरों का यही हाल है। जहां देखो,हाय गहने! हाय गहने! गहने के पीछे जान दे दें, घर के आदमियों को भूखा मारें, घर की चीज़ें बेचेंब और कहां तक कहूं, अपनी आबरू तक बेच दें। छोटे-बड़े, अमीर-गरीब सबको यही रोग लगा हुआ है। कलकत्ता में कहां काम करते हो, भैया?'","यह कहकर वह फिर हंसा, ज़रा देर बाद बोला,"
3,87,रमानाथ,अभी तो जा रहा हूं। देखूं कोई नौकरी-चाकरी मिलती है या नहीं?,named_dash_quote,रमानाथ-'अभी तो जा रहा हूं। देखूं कोई नौकरी-चाकरी मिलती है या नहीं?',रमानाथ-
3,88,देवीदीन,"तो फिर मेरे ही घर ठहरना। दो कोठरियां हैं, सामने दालान है, एक कोठरी ऊपर है। आज बेचूं तो दस हज़ार मिलें। एक कोठरी तुम्हें दे दूंगा। जब कहीं काम मिल जाय, तो अपना घर ले लेना। पचास साल हुए घर से भागकर हाबडे गया था, तब से सुख भी देखे, दुख भी देखे। अब मना रहा हूं, भगवान् ले चलो। हां, बुढिया को अमर कर दो। नहीं, तो उसकी दुकान कौन लेगा, घर कौन लेगा और गहने कौन लेगा!",unquoted_dash,"देवीदीन-'तो फिर मेरे ही घर ठहरना। दो कोठरियां हैं, सामने दालान है, एक कोठरी ऊपर है। आज बेचूं तो दस हज़ार मिलें। एक कोठरी तुम्हें दे दूंगा। जब कहीं काम मिल जाय, तो अपना घर ले लेना। पचास साल हुए घर से भागकर हाबडे गया था, तब से सुख भी देखे, दुख भी देखे। अब मना रहा हूं, भगवान् ले चलो। हां, बुढिया को अमर कर दो। नहीं, तो उसकी दुकान कौन लेगा, घर कौन लेगा और गहने कौन लेगा!",देवीदीन
3,89,रमानाथ,"तो तुम भी घर से भाग आए हो? समझ गया। घर में झगडा हुआ होगा। बहू कहती होगी,मेरे पास गहने नहीं, मेरा नसीब जल गया। सास- बहू में पटती न होगी। उनका कलह सुन-सुन जी और खट्टा हो गया होगा। रमानाथ-",named_dash_quote,"यह कहकर देवीदीन फिर हंसा, वह इतना हंसोड़, इतना प्रसन्नचित्त था कि रमा को आश्चर्य हो रहा था। बेबात की बात पर हंसता था। जिस बात पर और लोग रोते हैं, उस पर उसे हंसी आती थी। किसी जवान को भी रमा ने यों हंसते न देखा था। इतनी ही देर में उसने अपनी सारी जीवन?कथा कह सुनाई, कितने ही लतीफे याद थे। मालूम होता था, रमा से वर्षो की मुलाकात है। रमा को भी अपने विषय में एक मनगढ़ंत कथा कहनी पड़ी। देवीदीन-'तो तुम भी घर से भाग आए हो? समझ गया। घर में झगडा हुआ होगा। बहू कहती होगी,मेरे पास गहने नहीं, मेरा नसीब जल गया। सास- बहू में पटती न होगी। उनका कलह सुन-सुन जी और खट्टा हो गया होगा। रमानाथ-'हां बाबा, बात यही है, तुम कैसे जान गए?","यह कहकर देवीदीन फिर हंसा, वह इतना हंसोड़, इतना प्रसन्नचित्त था कि रमा को आश्चर्य हो रहा था। बेबात की बात पर हंसता था। जिस बात पर और लोग रोते हैं, उस पर उसे हंसी आती थी। किसी जवान को भी रमा ने यों हंसते न देखा था। इतनी ही देर में उसने अपनी सारी जीवन?कथा कह सुनाई, कितने ही लतीफे याद थे। मालूम होता था, रमा से वर्षो की मुलाकात है। रमा को भी अपने विषय में एक मनगढ़ंत कथा कहनी पड़ी। देवीदीन-"
3,90,देवीदीन,यह बडा भारी काम है भैया! इसे तेली की खोपड़ी पर जगाया जाता है। अभी लङके-बाले तो नहीं हैं न?,named_comma_quote,"देवीदीन हंसकर बोला,'यह बडा भारी काम है भैया! इसे तेली की खोपड़ी पर जगाया जाता है। अभी लङके-बाले तो नहीं हैं न?'","देवीदीन हंसकर बोला,"
3,91,रमानाथ,"नहीं, अभी तो नहीं हैं।",named_dash_quote,"रमानाथ-'नहीं, अभी तो नहीं हैं।'",रमानाथ-
3,92,देवीदीन,छोटे भाई भी होंगे?,named_dash_quote,देवीदीन-'छोटे भाई भी होंगे?',देवीदीन-
3,93,रमानाथ,"हां दादा, ठीक कहते हो तुमने कैसे जाना?",named_comma_quote,"रमा चकित होकर बोला,'हां दादा, ठीक कहते हो तुमने कैसे जाना?'","रमा चकित होकर बोला,"
3,95,रमानाथ,"हां दादा, है तो।",named_dash_quote,"रमानाथ-'हां दादा, है तो।'",रमानाथ-
3,96,देवीदीन,मगर हिम्मत न होगी।,named_dash_quote,देवीदीन-'मगर हिम्मत न होगी।',देवीदीन-
3,97,रमानाथ,"बहुत ठीक कहते हो, दादा। बडे कम-हिम्मत हैं। जब से विवाह हुआ अपनी लडकी तक को तो बुलाया नहीं।",named_dash_quote,"रमानाथ-'बहुत ठीक कहते हो, दादा। बडे कम-हिम्मत हैं। जब से विवाह हुआ अपनी लडकी तक को तो बुलाया नहीं।'",रमानाथ-
3,98,देवीदीन,"समझ गया भैया, यही दुनिया का दस्तूर है। बेटे के लिए कहो चोरी करें, भीख मांगें, बेटी के लिए घर में कुछ है ही नहीं।",named_dash_quote,"देवीदीन--'समझ गया भैया, यही दुनिया का दस्तूर है। बेटे के लिए कहो चोरी करें, भीख मांगें, बेटी के लिए घर में कुछ है ही नहीं।'",देवीदीन--
3,99,देवीदीन,"तुम यहां आकर लेट रहो, भैया! मैं तुम्हारी जगह पर बैठ जाता हूं।",named_dash_quote,"तीन दिन से रमा को नींद न आई थी। दिनभर रूपये के लिए मारा-मारा फिरता, रात-भर चिंता में पडारहता। इस वक्त बातें करते-करते उसे नींद आ गई। गरदन झुकाकर झपकी लेने लगा। देवीदीन ने तुरंत अपनी गठरी खोली, उसमें से एक दरी निकाली, और तख्त पर बिछाकर बोला, 'तुम यहां आकर लेट रहो, भैया! मैं तुम्हारी जगह पर बैठ जाता हूं।'","तीन दिन से रमा को नींद न आई थी। दिनभर रूपये के लिए मारा-मारा फिरता, रात-भर चिंता में पडारहता। इस वक्त बातें करते-करते उसे नींद आ गई। गरदन झुकाकर झपकी लेने लगा। देवीदीन ने तुरंत अपनी गठरी खोली, उसमें से एक दरी निकाली, और तख्त पर बिछाकर बोला,"
3,100,देवीदीन,"बार उसे स्नेह-भरी आंखों से देखता था, मानो उसका पुत्र कहीं परदेश से लौटा हो।",unquoted_dash,"रमा लेट रहा। देवीदीन बार-बार उसे स्नेह-भरी आंखों से देखता था, मानो उसका पुत्र कहीं परदेश से लौटा हो।",रमा लेट रहा। देवीदीन बार
3,101,Unknown,"क्यों जी, अभी तुमने किसी बाबूजी को तांगे पर जाते देखा?",unattributed_quote,"जब रमा कोठे से धम-धम नीचे उतर रहा था, उस वक्त ज़ालपा को इसकी ज़रा भी शंका न हुई कि वह घर से भागा जा रहा है। पत्र तो उसने पढ़ ही लिया था। जी ऐसा झुंझला रहा था कि चलकर रमा को ख़ूब खरी-खरी सुनाऊं। मुझसे यह छल-कपट! पर एक ही क्षण में उसके भाव बदल गए। कहीं ऐसा तो नहीं हुआ है, सरकारी रूपये ख़र्च कर डाले हों। यही बात है, रतन के रूपये सराफ को दिए होंगे। उस दिन रतन को देने के लिए शायद वे सरकारी रूपये उठा लाए थे। यह सोचकर उसे फिर क्रोध आया,यह मुझसे इतना परदा क्यों करते हैं? क्यों मुझसे बढ़-बढ़कर बातें करते थे? क्या मैं इतना भी नहीं जानती कि संसार में अमीर-ग़रीब दोनों ही होते हैं?क्या सभी स्त्रियां गहनों से लदी रहती हैं?गहने न पहनना क्या कोई पाप है? जब और ज़रूरी कामों से रूपये बचते हैं,तो गहने भी बन जाते हैं। पेट और तन काटकर, चोरी या बेईमानी करके तो गहने नहीं पहने जाते! क्या उन्होंने मुझे ऐसी गई-गुजरी समझ लिया! उसने सोचा, रमा अपने कमरे में होगा, चलकर पूछूं, कौन से गहने चाहते हैं। परिस्थिति की भयंकरता का अनुमान करके क्रोध की जगह उसके मन में भय का संचार हुआ। वह बडी तेज़ी से नीचे उतरीब उसे विश्वास था, वह नीचे बैठे हुए इंतज़ार कर रहे होंगे। कमरे में आई तो उनका पता न था। साइकिल रक्खी हुई थी, तुरंत दरवाज़े से झांका। सड़क पर भी नहीं। कहां चले गए? लडके दोनों पढ़ने स्यल गए थे, किसको भेजे कि जाकर उन्हें बुला लाए। उसके ह्रदय में एक अज्ञात संशय अंद्दरित हुआ। फौरन ऊपर गई, गले का हार और हाथ का कंगन उतारकर रूमाल में बांधा, फिर नीचे उतरी, सड़क पर आकर एक तांगा लिया, और कोचवान से बोली,चुंगी कचहरी चलो। वह पछता रही थी कि मैं इतनी देर बैठी क्यों रही। क्यों न गहने उतारकर तुरंत दे दिए। रास्ते में वह दोनों तरफ बडे ध्यान से देखती जाती थी। क्या इतनी जल्द इतनी दूर निकल आए? शायद देर हो जाने के कारण वह भी आज तांगे ही पर गए हैं, नहीं तो अब तक जरूर मिल गए होते। तांगे वाले से बोली, 'क्यों जी, अभी तुमने किसी बाबूजी को तांगे पर जाते देखा?'","जब रमा कोठे से धम-धम नीचे उतर रहा था, उस वक्त ज़ालपा को इसकी ज़रा भी शंका न हुई कि वह घर से भागा जा रहा है। पत्र तो उसने पढ़ ही लिया था। जी ऐसा झुंझला रहा था कि चलकर रमा को ख़ूब खरी-खरी सुनाऊं। मुझसे यह छल-कपट! पर एक ही क्षण में उसके भाव बदल गए। कहीं ऐसा तो नहीं हुआ है, सरकारी रूपये ख़र्च कर डाले हों। यही बात है, रतन के रूपये सराफ को दिए होंगे। उस दिन रतन को देने के लिए शायद वे सरकारी रूपये उठा लाए थे। यह सोचकर उसे फिर क्रोध आया,यह मुझसे इतना परदा क्यों करते हैं? क्यों मुझसे बढ़-बढ़कर बातें करते थे? क्या मैं इतना भी नहीं जानती कि संसार में अमीर-ग़रीब दोनों ही होते हैं?क्या सभी स्त्रियां गहनों से लदी रहती हैं?गहने न पहनना क्या कोई पाप है? जब और ज़रूरी कामों से रूपये बचते हैं,तो गहने भी बन जाते हैं। पेट और तन काटकर, चोरी या बेईमानी करके तो गहने नहीं पहने जाते! क्या उन्होंने मुझे ऐसी गई-गुजरी समझ लिया! उसने सोचा, रमा अपने कमरे में होगा, चलकर पूछूं, कौन से गहने चाहते हैं। परिस्थिति की भयंकरता का अनुमान करके क्रोध की जगह उसके मन में भय का संचार हुआ। वह बडी तेज़ी से नीचे उतरीब उसे विश्वास था, वह नीचे बैठे हुए इंतज़ार कर रहे होंगे। कमरे में आई तो उनका पता न था। साइकिल रक्खी हुई थी, तुरंत दरवाज़े से झांका। सड़क पर भी नहीं। कहां चले गए? लडके दोनों पढ़ने स्यल गए थे, किसको भेजे कि जाकर उन्हें बुला लाए। उसके ह्रदय में एक अज्ञात संशय अंद्दरित हुआ। फौरन ऊपर गई, गले का हार और हाथ का कंगन उतारकर रूमाल में बांधा, फिर नीचे उतरी, सड़क पर आकर एक तांगा लिया, और कोचवान से बोली,चुंगी कचहरी चलो। वह पछता रही थी कि मैं इतनी देर बैठी क्यों रही। क्यों न गहने उतारकर तुरंत दे दिए। रास्ते में वह दोनों तरफ बडे ध्यान से देखती जाती थी। क्या इतनी जल्द इतनी दूर निकल आए? शायद देर हो जाने के कारण वह भी आज तांगे ही पर गए हैं, नहीं तो अब तक जरूर मिल गए होते। तांगे वाले से बोली,"
3,102,Unknown,"हां माईजी, एक बाबू अभी इधर ही से गए हैं।",unattributed_quote,"तांगे वाले ने कहा,'हां माईजी, एक बाबू अभी इधर ही से गए हैं।'","तांगे वाले ने कहा,"
3,105,जालपा,"हां, मैं तो घर ही से आ रही हूं। अभी दस मिनट हुए वह घर से चले हैं।",named_dash_quote,"जालपा-'हां, मैं तो घर ही से आ रही हूं। अभी दस मिनट हुए वह घर से चले हैं।'",जालपा-
3,106,चपरासी,यहां तो नहीं आए।,named_dash_quote,चपरासी-'यहां तो नहीं आए।',चपरासी-
3,108,जालपा,"क्षमा कीजिए, बाबू साहब, आपको कष्ट हुआ। वह पंद्रह-बीस मिनट हुए घर से चले, क्या अभी तक यहां नहीं आए?",named_comma_quote,"जालपा ने कदम आगे बढ़ाकर कहा, 'क्षमा कीजिए, बाबू साहब, आपको कष्ट हुआ। वह पंद्रह-बीस मिनट हुए घर से चले, क्या अभी तक यहां नहीं आए?'","जालपा ने कदम आगे बढ़ाकर कहा,"
3,109,रमेश,अच्छा आप मिसेज रमानाथ हैं। अभी तो यहां नहीं आए। मगर दफ्तर के वक्त सैर - सपाटे करने की तो उसकी आदत न थी।,named_dash_quote,रमेश-'अच्छा आप मिसेज रमानाथ हैं। अभी तो यहां नहीं आए। मगर दफ्तर के वक्त सैर - सपाटे करने की तो उसकी आदत न थी।',रमेश-
3,110,जालपा,मैं आपसे कुछ अर्ज़ करना चाहती हूं।,named_comma_quote,"जालपा ने चपरासी की ओर ताकते हुए कहा, 'मैं आपसे कुछ अर्ज़ करना चाहती हूं।'","जालपा ने चपरासी की ओर ताकते हुए कहा,"
3,111,रमेश,"तो चलो अंदर बैठो, यहां कब तक खड़ी रहोगी। मुझे आश्चर्य है कि वह गए कहां! कहीं बैठे शतरंज खेल रहे होंगे।",named_dash_quote,"रमेश-'तो चलो अंदर बैठो, यहां कब तक खड़ी रहोगी। मुझे आश्चर्य है कि वह गए कहां! कहीं बैठे शतरंज खेल रहे होंगे।'",रमेश-
3,112,जालपा,"नहीं बाबूजी, मुझे ऐसा भय हो रहा है कि वह कहीं और न चले गए हों। अभी दस मिनट हुए, उन्होंने मेरे नाम एक पुरज़ा लिखा था। (जेब से टटोल कर) जी हां, देखिए वह पुरज़ा मौजूद है। आप उन पर कृपा रखते हैं, तो कोई परदा नहीं। उनके जिम्मे कुछ सरकारी रूपये तो नहीं निकलते!",named_dash_quote,"जालपा-'नहीं बाबूजी, मुझे ऐसा भय हो रहा है कि वह कहीं और न चले गए हों। अभी दस मिनट हुए, उन्होंने मेरे नाम एक पुरज़ा लिखा था। (जेब से टटोल कर) जी हां, देखिए वह पुरज़ा मौजूद है। आप उन पर कृपा रखते हैं, तो कोई परदा नहीं। उनके जिम्मे कुछ सरकारी रूपये तो नहीं निकलते!' रमेश ने चकित होकर कहा, 'क्यों, उन्होंने तुमसे कुछ नहीं कहा?'",जालपा-
3,112,रमेश,"क्यों, उन्होंने तुमसे कुछ नहीं कहा?",named_comma_quote,"जालपा-'नहीं बाबूजी, मुझे ऐसा भय हो रहा है कि वह कहीं और न चले गए हों। अभी दस मिनट हुए, उन्होंने मेरे नाम एक पुरज़ा लिखा था। (जेब से टटोल कर) जी हां, देखिए वह पुरज़ा मौजूद है। आप उन पर कृपा रखते हैं, तो कोई परदा नहीं। उनके जिम्मे कुछ सरकारी रूपये तो नहीं निकलते!' रमेश ने चकित होकर कहा, 'क्यों, उन्होंने तुमसे कुछ नहीं कहा?'","रमेश ने चकित होकर कहा,"
3,113,जालपा,कुछ नहीं। इस विषय में कभी एक शब्द भी नहीं कहा!,named_dash_quote,जालपा-'कुछ नहीं। इस विषय में कभी एक शब्द भी नहीं कहा!',जालपा-
3,114,रमेश,"कुछ समझ में नहीं आता। आज उन्हें तीन सौ रूपये जमा करना है। परसों की आमदनी उन्होंने जमा नहीं की थी? नोट थे, जेब में डालकर चल दिए। बाज़ार में किसी ने नोट निकाल लिए। (मुस्कराकर) किसी और देवी की पूजा तो नहीं करते?",named_dash_quote,"रमेश-'कुछ समझ में नहीं आता। आज उन्हें तीन सौ रूपये जमा करना है। परसों की आमदनी उन्होंने जमा नहीं की थी? नोट थे, जेब में डालकर चल दिए। बाज़ार में किसी ने नोट निकाल लिए। (मुस्कराकर) किसी और देवी की पूजा तो नहीं करते?'",रमेश-
3,115,जालपा,"अगर यह ऐब होता, तो आप भी उस इलज़ाम से न बचते। जेब से किसी ने निकाल लिए होंगे। मारे शर्म के मुझसे कहा न होगा। मुझसे ज़रा भी कहा होता, तो तुरंत रूपये निकालकर दे देती, इसमें बात ही क्या थी।",named_comma_quote,"जालपा का मुख लज्जा से नत हो गया। बोली, 'अगर यह ऐब होता, तो आप भी उस इलज़ाम से न बचते। जेब से किसी ने निकाल लिए होंगे। मारे शर्म के मुझसे कहा न होगा। मुझसे ज़रा भी कहा होता, तो तुरंत रूपये निकालकर दे देती, इसमें बात ही क्या थी।'","जालपा का मुख लज्जा से नत हो गया। बोली,"
3,116,रमेश,क्या घर में रूपये हैं?,named_comma_quote,"रमेश बाबू ने अविश्वास के भाव से पूछा, 'क्या घर में रूपये हैं?'","रमेश बाबू ने अविश्वास के भाव से पूछा,"
3,117,जालपा,"तीन सौ चाहिए न, मैं अभी लिये आती हूं।",named_comma_quote,"जालपा ने निशंक होकर कहा, 'तीन सौ चाहिए न, मैं अभी लिये आती हूं।'","जालपा ने निशंक होकर कहा,"
3,118,रमेश,"अगर वह घर पर आ गए हों, तो भेज देना।",named_dash_quote,"रमेश-'अगर वह घर पर आ गए हों, तो भेज देना।'",रमेश-
3,120,Unknown,"मुझे चार पैसे की गुंजाइश होगी, तो क्यों न ले लूंगा। माल चोखा नहीं है।",unattributed_quote,"सर्राफ ने हार को इधर-उधर देखकर कहा, 'मुझे चार पैसे की गुंजाइश होगी, तो क्यों न ले लूंगा। माल चोखा नहीं है।'","सर्राफ ने हार को इधर-उधर देखकर कहा,"
3,121,जालपा,"तुम्हें लेना है, इसलिए माल चोखा नहीं है, बेचना होता, तो चोखा होता। कितने में लोगे?",named_dash_quote,"जालपा-'तुम्हें लेना है, इसलिए माल चोखा नहीं है, बेचना होता, तो चोखा होता। कितने में लोगे?'",जालपा-
3,122,Unknown,आप ही कह दीजिए।,unattributed_quote,सर्राफ-'आप ही कह दीजिए।',सर्राफ-
3,123,रमेश,"क्या हुआ, घर पर मिले?",named_dash_quote,"सर्राफ ने साढ़े तीन सौ दाम लगाए, और बढ़ते-बढ़ते चार सौ तक पहुंचा। जालपा को देर हो रही थी, रूपये लिये और चल खड़ी हुई। जिस हार को उसने इतने चाव से ख़रीदा था, जिसकी लालसा उसे बाल्यकाल ही में उत्पन्न हो गई थी, उसे आज आधे दामों बेचकर उसे ज़रा भी दुःख नहीं हुआ,बल्कि गर्वमय हर्ष का अनुभव हो रहा था। जिस वक्त रमा को मालूम होगा कि उसने रूपये दे दिए हैं, उन्हें कितना आनंद होगा। कहीं दफ्तर पहुंच गए हों तो बडा मज़ा हो यह सोचती हुई वह फिर दफ्तर पहुंची। रमेश बाबू उसे देखते हुए बोले, 'क्या हुआ, घर पर मिले?'","सर्राफ ने साढ़े तीन सौ दाम लगाए, और बढ़ते-बढ़ते चार सौ तक पहुंचा। जालपा को देर हो रही थी, रूपये लिये और चल खड़ी हुई। जिस हार को उसने इतने चाव से ख़रीदा था, जिसकी लालसा उसे बाल्यकाल ही में उत्पन्न हो गई थी, उसे आज आधे दामों बेचकर उसे ज़रा भी दुःख नहीं हुआ,बल्कि गर्वमय हर्ष का अनुभव हो रहा था। जिस वक्त रमा को मालूम होगा कि उसने रूपये दे दिए हैं, उन्हें कितना आनंद होगा। कहीं दफ्तर पहुंच गए हों तो बडा मज़ा हो यह सोचती हुई वह फिर दफ्तर पहुंची। रमेश बाबू उसे देखते हुए बोले,"
3,124,जालपा,"क्या अभी तक यहां नहीं आए? घर तो नहीं गए। यह कहते हुए उसने नोटों का पुलिंदा रमेश बाबू की तरफ बढ़ा दिया। रमेश बाबू नोटों को गिनकर बोले,",named_dash_quote,"जालपा-'क्या अभी तक यहां नहीं आए? घर तो नहीं गए। यह कहते हुए उसने नोटों का पुलिंदा रमेश बाबू की तरफ बढ़ा दिया। रमेश बाबू नोटों को गिनकर बोले, 'ठीक है, मगर वह अब तक कहां हैं। अगर न आना था, तो एक ख़त लिख देते। मैं तो बडे संकट में पडा हुआ था। तुम बडे वक्त से आ गई। इस वक्त तुम्हारी सूझ-बूझ देखकर जी ख़ुश हो गया। यही सच्ची देवियों का धर्म है।'",जालपा-
3,126,जागेश्वरी,कहां चली गई थीं इस धूप में?,named_comma_quote,"जागेश्वरी ने पूछा, 'कहां चली गई थीं इस धूप में?'","जागेश्वरी ने पूछा,"
3,127,जालपा,"एक काम से चली गई थी। आज उन्होंने भोजन नहीं किया, न जाने कहां चले गए।",named_dash_quote,"जालपा-'एक काम से चली गई थी। आज उन्होंने भोजन नहीं किया, न जाने कहां चले गए।'",जालपा-
3,128,जागेश्वरी,दफ्तर गए होंगे।,named_dash_quote,जागेश्वरी--'दफ्तर गए होंगे।',जागेश्वरी--
3,129,जालपा,"नहीं, दफ्तर नहीं गए। वहां से एक चपरासी पूछने आया था।",named_dash_quote,"जालपा-'नहीं, दफ्तर नहीं गए। वहां से एक चपरासी पूछने आया था।'",जालपा-
3,132,जालपा,"वह घर आए थे, अम्मांजी?",named_dash_quote,"चिराग़ जल गए, तो उससे न रहा गया। सोचा, शायद रतन से कुछ पता चले। उसके बंगले पर गई तो मालूम हुआ, आज तो वह इधर आए ही नहीं। जालपा ने उन सभी पार्को और मैदानों को छान डाला, जहां रमा के साथ वह बहुधा घूमने आया करती थी, और नौ बजते-बजते निराश लौट आई। अब तक उसने अपने आंसुओं को रोका था, लेकिन घर में कदम रखते ही जब उसे मालूम हो गया कि अब तक वह नहीं आए, तो वह हताश होकर बैठ गई। उसकी यह शंका अब दृढ़ हो गई कि वह जरूर कहीं चले गए। फिर भी कुछ आशा थी कि शायद मेरे पीछे आए हों और फिर चले गए हों। जाकर जागेश्वरी से पूछा, 'वह घर आए थे, अम्मांजी?'","चिराग़ जल गए, तो उससे न रहा गया। सोचा, शायद रतन से कुछ पता चले। उसके बंगले पर गई तो मालूम हुआ, आज तो वह इधर आए ही नहीं। जालपा ने उन सभी पार्को और मैदानों को छान डाला, जहां रमा के साथ वह बहुधा घूमने आया करती थी, और नौ बजते-बजते निराश लौट आई। अब तक उसने अपने आंसुओं को रोका था, लेकिन घर में कदम रखते ही जब उसे मालूम हो गया कि अब तक वह नहीं आए, तो वह हताश होकर बैठ गई। उसकी यह शंका अब दृढ़ हो गई कि वह जरूर कहीं चले गए। फिर भी कुछ आशा थी कि शायद मेरे पीछे आए हों और फिर चले गए हों। जाकर जागेश्वरी से पूछा,"
3,133,जागेश्वरी,"यार-दोस्तों में बैठे कहीं गपशप कर रहे होंगे। घर तो सराय है। दस बजे घर से निकले थे, अभी तक पता नहीं।",named_dash_quote,"जागेश्वरी--'यार-दोस्तों में बैठे कहीं गपशप कर रहे होंगे। घर तो सराय है। दस बजे घर से निकले थे, अभी तक पता नहीं।'",जागेश्वरी--
3,134,जालपा,"दफ्तर से घर आकर तब वह कहीं जाते थे। आज तो आए नहीं। कहिए तो गोपी बाबू को भेज दूं। जाकर देखें, कहां रह गए।",named_dash_quote,"जालपा-'दफ्तर से घर आकर तब वह कहीं जाते थे। आज तो आए नहीं। कहिए तो गोपी बाबू को भेज दूं। जाकर देखें, कहां रह गए।'",जालपा-
3,135,जागेश्वरी,"लङके इस वक्त क़हां देखने जाएंगे। उनका क्या ठीक है। थोड़ी देर और देख लो, फिर खाना उठाकर रख देना। कोई कहां तक इंतज़ार करे।",named_dash_quote,"जागेश्वरी--'लङके इस वक्त क़हां देखने जाएंगे। उनका क्या ठीक है। थोड़ी देर और देख लो, फिर खाना उठाकर रख देना। कोई कहां तक इंतज़ार करे।'",जागेश्वरी--
3,137,Unknown,"खसोटकर रूपये लाता है। फिर भी कभी उसने मना नहीं किया। उसने ख़ुद क्यों अपनी कमली के बाहर पांव व्लाया- क्यों उसे रोज़ सैर - सपाटे की सूझती थी? उपहारों को ले-लेकर वह क्यों फली न समाती थी? इस जिम्मेदारी को भी इस वक्त ज़ालपा अपने ही ऊपर ले रही थी। रमानाथ ने प्रेम के वश होकर उसे प्रसन्न करने के लिए ही तो सब कुछ करते थे। युवकों का यही स्वभाव है। फिर उसने उनकी रक्षा के लिए क्या किया- क्यों उसे यह समझ न आई कि आमदनी से ज्यादा ख़र्च करने का दंड एक दिन भोगना पड़ेगा। अब उसे ऐसी कितनी ही बातें याद आ रही थीं, जिनसे उसे रमा के मन की विकलता का परिचय पा जाना चाहिए था, पर उसने कभी उन बातों की ओर ध्यान न दिया।",unquoted_dash,"नोच-खसोटकर रूपये लाता है। फिर भी कभी उसने मना नहीं किया। उसने ख़ुद क्यों अपनी कमली के बाहर पांव व्लाया- क्यों उसे रोज़ सैर - सपाटे की सूझती थी? उपहारों को ले-लेकर वह क्यों फली न समाती थी? इस जिम्मेदारी को भी इस वक्त ज़ालपा अपने ही ऊपर ले रही थी। रमानाथ ने प्रेम के वश होकर उसे प्रसन्न करने के लिए ही तो सब कुछ करते थे। युवकों का यही स्वभाव है। फिर उसने उनकी रक्षा के लिए क्या किया- क्यों उसे यह समझ न आई कि आमदनी से ज्यादा ख़र्च करने का दंड एक दिन भोगना पड़ेगा। अब उसे ऐसी कितनी ही बातें याद आ रही थीं, जिनसे उसे रमा के मन की विकलता का परिचय पा जाना चाहिए था, पर उसने कभी उन बातों की ओर ध्यान न दिया।",नोच
3,138,जागेश्वरी,वह तो अब तक नहीं आए। आप चलकर भोजन कर लीजिए।,named_comma_quote,"जालपा इन्हीं चिंताओं में डूबी हुई न जाने कब तक बैठी रही। जब चौकीदारों की सीटियों की आवाज़ उसके कानों में आई, तो वह नीचे जाकर जागेश्वरी से बोली, 'वह तो अब तक नहीं आए। आप चलकर भोजन कर लीजिए।'","जालपा इन्हीं चिंताओं में डूबी हुई न जाने कब तक बैठी रही। जब चौकीदारों की सीटियों की आवाज़ उसके कानों में आई, तो वह नीचे जाकर जागेश्वरी से बोली,"
3,139,जागेश्वरी,कहां चले गए थे?,named_dash_quote,"जागेश्वरी बैठे-बैठे झपकियां ले रही थी। चौंककर बोली, 'कहां चले गए थे? '","जागेश्वरी बैठे-बैठे झपकियां ले रही थी। चौंककर बोली,"
3,140,जालपा,वह तो अब तक नहीं आए।,named_dash_quote,जालपा-'वह तो अब तक नहीं आए।',जालपा-
3,141,जागेश्वरी,अब तक नहीं आए? आधी रात तो हो गई होगी। जाते वक्त तुमसे कुछ कहा भी नहीं?,named_dash_quote,जागेश्वरी--'अब तक नहीं आए? आधी रात तो हो गई होगी। जाते वक्त तुमसे कुछ कहा भी नहीं?',जागेश्वरी--
3,142,जागेश्वरी,तुमने तो कुछ नहीं कहा?,named_dash_quote,जागेश्वरी--'तुमने तो कुछ नहीं कहा?',जागेश्वरी--
3,143,जालपा,मैं भला क्यों कहती।,named_dash_quote,जालपा-'मैं भला क्यों कहती।',जालपा-
3,144,जागेश्वरी,तो मैं लालाजी को जगाऊं?,named_dash_quote,जागेश्वरी--'तो मैं लालाजी को जगाऊं?',जागेश्वरी--
3,145,जालपा,इस वक्त ज़गाकर क्या कीजिएगा? आप चलकर कुछ खा लीजिए न।,named_dash_quote,जालपा-'इस वक्त ज़गाकर क्या कीजिएगा? आप चलकर कुछ खा लीजिए न।',जालपा-
3,146,जागेश्वरी,"मुझसे अब कुछ न खाया जायगा। ऐसा मनमौजी लड़का है कि कुछ कहा न सुना, न जाने कहां जाकर बैठ रहा। कम-से-कम कहला तो देता कि मैं इस वक्त न आऊंगा।",named_dash_quote,"जागेश्वरी--'मुझसे अब कुछ न खाया जायगा। ऐसा मनमौजी लड़का है कि कुछ कहा न सुना, न जाने कहां जाकर बैठ रहा। कम-से-कम कहला तो देता कि मैं इस वक्त न आऊंगा।'",जागेश्वरी--
3,150,जागेश्वरी,"क्या है, किसी से कहीं बहस हो गई क्या?",named_comma_quote,"जागेश्वरी ने पूछा, 'क्या है, किसी से कहीं बहस हो गई क्या?'","जागेश्वरी ने पूछा,"
3,151,दयानाथ,"नहीं जी, इन तकषज़ों के मारे हैरान हो गया। जिधर जाओ, उधर",unquoted_dash,"दयानाथ-'नहीं जी, इन तकषज़ों के मारे हैरान हो गया। जिधर जाओ, उधर",दयानाथ
3,154,Unknown,"जी हां । आप उन्हें सीधे मेरे पास भेज दीजिए, मैं उन्हें या तो समझा दूंगी, या उनके दाम चुका दूंगी।",unattributed_quote,"इसी वक्त ज़ालपा आ पड़ी। ये शब्द उसके कानों में पड़ गए। इन सात दिनों में उसकी सूरत ऐसी बदल गई थी कि पहचानी न जाती थी। रोते-रोते आंखें सूज आई थीं। ससुर के ये कठोर शब्द सुनकर तिलमिला उठी, बोली, 'जी हां । आप उन्हें सीधे मेरे पास भेज दीजिए, मैं उन्हें या तो समझा दूंगी, या उनके दाम चुका दूंगी।'","इसी वक्त ज़ालपा आ पड़ी। ये शब्द उसके कानों में पड़ गए। इन सात दिनों में उसकी सूरत ऐसी बदल गई थी कि पहचानी न जाती थी। रोते-रोते आंखें सूज आई थीं। ससुर के ये कठोर शब्द सुनकर तिलमिला उठी, बोली,"
3,155,दयानाथ,"क्या दे दोगी तुम, हज़ारों का हिसाब है,सात सौ तो एक ही सर्राफ के हैं। अभी कै पैसे दिए हैं तुमने?",named_comma_quote,"दयानाथ ने तीखे होकर कहा, 'क्या दे दोगी तुम, हज़ारों का हिसाब है,सात सौ तो एक ही सर्राफ के हैं। अभी कै पैसे दिए हैं तुमने?'","दयानाथ ने तीखे होकर कहा,"
3,156,जालपा,"उसके गहने मौजूद हैं, केवल दो-चार बार पहने गए हैं। वह आए तो मेरे पास भेज दीजिए।मैं उसकी चीजें वापस कर दूंगी। बहुत होगा,दसपांच रूपये तावान के ले लेगा।",named_dash_quote,"जालपा-'उसके गहने मौजूद हैं, केवल दो-चार बार पहने गए हैं। वह आए तो मेरे पास भेज दीजिए।मैं उसकी चीजें वापस कर दूंगी। बहुत होगा,दसपांच रूपये तावान के ले लेगा।'",जालपा-
3,157,रतन,"क्या अब तक कुछ पता नहीं चला? जालपा को इन शब्दों में स्नेह और सहानुभूति का एक सागर उमड़ता हुआ जान पड़ा। यह गैर होकर इतनी चिंतित है, और यहां अपने ही सास और ससुर हाथ धोकर पीछे पड़े हुए हैं। इन अपनों से गैर ही अच्छे।आंखों में आंसू भरकर बोली,",named_comma_quote,"यह कहती हुई वह ऊपर जा रही थी कि रतन आ गई और उसे गले से लगाती हुई बोली, 'क्या अब तक कुछ पता नहीं चला? जालपा को इन शब्दों में स्नेह और सहानुभूति का एक सागर उमड़ता हुआ जान पड़ा। यह गैर होकर इतनी चिंतित है, और यहां अपने ही सास और ससुर हाथ धोकर पीछे पड़े हुए हैं। इन अपनों से गैर ही अच्छे।आंखों में आंसू भरकर बोली, 'अभी तो कुछ पता नहीं चला बहन! '","यह कहती हुई वह ऊपर जा रही थी कि रतन आ गई और उसे गले से लगाती हुई बोली,"
3,158,रतन,"यह बात क्या हुई, कुछ तुमसे तो कहा-सुनी नहीं हुई?",named_dash_quote,"रतन-'यह बात क्या हुई, कुछ तुमसे तो कहा-सुनी नहीं हुई?'",रतन-
3,159,जालपा,"ज़रा भी नहीं, कसम खाती हूं। उन्होंने नोटों के खो जाने का मुझसे ज़िक्र ही नहीं किया। अगर इशारा भी कर देते, तो मैं रूपये दे देती। जब वह दोपहर तक नहीं आए और मैं खोजती हुई दफ्तर गई, तब मुझे मालूम हुआ, कुछ नोट खो गए हैं। उसी वक्त जाकर मैंने रूपये जमा कर दिए।",named_dash_quote,"जालपा-'ज़रा भी नहीं, कसम खाती हूं। उन्होंने नोटों के खो जाने का मुझसे ज़िक्र ही नहीं किया। अगर इशारा भी कर देते, तो मैं रूपये दे देती। जब वह दोपहर तक नहीं आए और मैं खोजती हुई दफ्तर गई, तब मुझे मालूम हुआ, कुछ नोट खो गए हैं। उसी वक्त जाकर मैंने रूपये जमा कर दिए।' रतन-'मैं तो समझती हूं, किसी से आंखें लड़ गई। दस-पांच दिन में आप पता लग जायगा। यह बात सच न निकले, तो जो कहो दूं।'",जालपा-
3,159,रतन,"मैं तो समझती हूं, किसी से आंखें लड़ गई। दस-पांच दिन में आप पता लग जायगा। यह बात सच न निकले, तो जो कहो दूं।",named_dash_quote,"जालपा-'ज़रा भी नहीं, कसम खाती हूं। उन्होंने नोटों के खो जाने का मुझसे ज़िक्र ही नहीं किया। अगर इशारा भी कर देते, तो मैं रूपये दे देती। जब वह दोपहर तक नहीं आए और मैं खोजती हुई दफ्तर गई, तब मुझे मालूम हुआ, कुछ नोट खो गए हैं। उसी वक्त जाकर मैंने रूपये जमा कर दिए।' रतन-'मैं तो समझती हूं, किसी से आंखें लड़ गई। दस-पांच दिन में आप पता लग जायगा। यह बात सच न निकले, तो जो कहो दूं।'",रतन-
3,160,जालपा,क्या तुमने कुछ सुना है?,named_comma_quote,"जालपा ने हकबकाकर पूछा, 'क्या तुमने कुछ सुना है?'","जालपा ने हकबकाकर पूछा,"
3,161,रतन,"नहीं, सुना तो नहींऋ पर मेरा अनुमान है।",named_dash_quote,"रतन-'नहीं, सुना तो नहींऋ पर मेरा अनुमान है।'",रतन-
3,162,जालपा,नहीं रतन-,named_dash_quote,"जालपा-'नहीं रतन-' मैं इस पर ज़रा भी विश्वास नहीं करती। यह बुराई उनमें नहीं है, और चाहे जितनी बुराइयां हों। मुझे उन पर संदेह करने का कोई कारण नहीं है।'",जालपा-
3,163,रतन,इस कला में ये लोग निपुण होते हैं। तुम बेचारी क्या जानो!,named_comma_quote,"रतन ने हंसकर कहा,'इस कला में ये लोग निपुण होते हैं। तुम बेचारी क्या जानो!'","रतन ने हंसकर कहा,"
3,164,जालपा,"अगर वह इस कला में निपुण होते हैं, तो हम भी ह्रदय को परखने में कम निपुण नहीं होतीं। मैं इसे नहीं मान सकती। अगर वह मेरे स्वामी थे, तो मैं भी उनकी स्वामिनी थी।",named_comma_quote,"जालपा दृढ़ता से बोली, 'अगर वह इस कला में निपुण होते हैं, तो हम भी ह्रदय को परखने में कम निपुण नहीं होतीं। मैं इसे नहीं मान सकती। अगर वह मेरे स्वामी थे, तो मैं भी उनकी स्वामिनी थी।'","जालपा दृढ़ता से बोली,"
3,165,रतन,"अच्छा चलो, कहीं घूमने चलती हो? चलो, तुम्हें कहीं घुमा लावें।",named_dash_quote,"रतन-'अच्छा चलो, कहीं घूमने चलती हो? चलो, तुम्हें कहीं घुमा लावें।'",रतन-
3,166,जालपा,"नहीं, इस वक्त तो मुझे फुरसत नहीं है। फिर घरवाले यों ही प्राण लेने पर तुले हुए हैं, तब तो जीता ही न छोड़ेंगे। किधर जाने का विचार है?",named_dash_quote,"जालपा-'नहीं, इस वक्त तो मुझे फुरसत नहीं है। फिर घरवाले यों ही प्राण लेने पर तुले हुए हैं, तब तो जीता ही न छोड़ेंगे। किधर जाने का विचार है?'",जालपा-
3,167,रतन,"कहीं नहीं, ज़रा बाज़ार तक जाना था।",named_dash_quote,"रतन-'कहीं नहीं, ज़रा बाज़ार तक जाना था।'",रतन-
3,168,जालपा,क्या लेना है?,named_dash_quote,जालपा-'क्या लेना है?',जालपा-
3,169,रतन,"जौहरियों की दुकान पर एक-दो चीज़ देखूंगी। बस, मैं तुम्हारा जैसा",unquoted_dash,"रतन-'जौहरियों की दुकान पर एक-दो चीज़ देखूंगी। बस, मैं तुम्हारा जैसा",रतन
3,171,जालपा,मेरे कंगन में ऐसे कौन?से रूप लगे हैं। बाज़ार में उससे बहुत अच्छे मिल सकते हैं।,named_dash_quote,जालपा-'मेरे कंगन में ऐसे कौन?से रूप लगे हैं। बाज़ार में उससे बहुत अच्छे मिल सकते हैं।',जालपा-
3,172,रतन,मैं तो उसी नमूने का चाहती हूं।,named_dash_quote,रतन-'मैं तो उसी नमूने का चाहती हूं।',रतन-
3,173,जालपा,"उस नमूने का तो बना-बनाया मुश्किल से मिलेगा, और बनवाने में महीनों का झंझट। अगर सब्र न आता हो, तो मेरा ही कंगन ले लो, मैं फिर बनवा लूंगी।",named_dash_quote,"जालपा-'उस नमूने का तो बना-बनाया मुश्किल से मिलेगा, और बनवाने में महीनों का झंझट। अगर सब्र न आता हो, तो मेरा ही कंगन ले लो, मैं फिर बनवा लूंगी।'",जालपा-
3,174,रतन,"वाह, तुम अपना कंगन दे दो, तो क्या कहना है!मूसलों ढोल बजाऊं! छः सौ का था न?",named_comma_quote,"रतन ने उछलकर कहा, 'वाह, तुम अपना कंगन दे दो, तो क्या कहना है!मूसलों ढोल बजाऊं! छः सौ का था न?'","रतन ने उछलकर कहा,"
3,175,जालपा,"हां, था तो छः सौ का, मगर महीनों सर्राफ की दूकान की खाक छाननी पड़ी थी। जडाई तो ख़ुद बैठकर करवाई थी। तुम्हारे ख़ातिर दे दूंगी। जालपा ने कंगन निकालकर रतन के हाथों में पहना दिए। रतन के मुख पर एक विचित्र गौरव का आभास हुआ, मानो किसी कंगाल को पारस मिल गया हो यही आत्मिक आनंद की चरम सीमा है। कृतज्ञता से भरे हुए स्वर से बोली,",unquoted_dash,"जालपा-'हां, था तो छः सौ का, मगर महीनों सर्राफ की दूकान की खाक छाननी पड़ी थी। जडाई तो ख़ुद बैठकर करवाई थी। तुम्हारे ख़ातिर दे दूंगी। जालपा ने कंगन निकालकर रतन के हाथों में पहना दिए। रतन के मुख पर एक विचित्र गौरव का आभास हुआ, मानो किसी कंगाल को पारस मिल गया हो यही आत्मिक आनंद की चरम सीमा है। कृतज्ञता से भरे हुए स्वर से बोली,",जालपा
3,176,Unknown,"तुम जितना कहो, उतना देने को तैयार हूं। तुम्हें दबाना नहीं चाहती। तुम्हारे लिए यही क्या कम है कि तुमने इसे मुझे दे दिया। मगर एक बात है। अभी मैं सब रूपये न दे सकूंगी, अगर दो सौ रूपये फिर दे दूं तो कुछ हरज है?",unattributed_quote,"'तुम जितना कहो, उतना देने को तैयार हूं। तुम्हें दबाना नहीं चाहती। तुम्हारे लिए यही क्या कम है कि तुमने इसे मुझे दे दिया। मगर एक बात है। अभी मैं सब रूपये न दे सकूंगी, अगर दो सौ रूपये फिर दे दूं तो कुछ हरज है?'",
3,177,जालपा,"कोई हरज नहीं, जी चाहे कुछ भी मत दो।",named_comma_quote,"जालपा ने साहसपूर्वक कहा, 'कोई हरज नहीं, जी चाहे कुछ भी मत दो।'","जालपा ने साहसपूर्वक कहा,"
3,178,रतन,"नहीं, इस वक्त मेरे पास चार सौ रूपये हैं, मैं दिए जाती हूं। मेरे पास रहेंगे तो किसी दूसरी जगह ख़र्च हो जाएंगे। मेरे हाथ में तो रूपये टिकते ही नहीं, करूं क्या जब तक ख़र्च न हो जाएं, मुझे एक चिंता-सी लगी रहती है, जैसे सिर पर कोई बोझ सवार हो जालपा ने कंगन की डिबिया उसे देने के लिए निकाली तो उसका दिल मसोस उठा। उसकी कलाई पर यह कंगन देखकर रमा कितना ख़ुश होता था।",named_dash_quote,"रतन-'नहीं, इस वक्त मेरे पास चार सौ रूपये हैं, मैं दिए जाती हूं। मेरे पास रहेंगे तो किसी दूसरी जगह ख़र्च हो जाएंगे। मेरे हाथ में तो रूपये टिकते ही नहीं, करूं क्या जब तक ख़र्च न हो जाएं, मुझे एक चिंता-सी लगी रहती है, जैसे सिर पर कोई बोझ सवार हो जालपा ने कंगन की डिबिया उसे देने के लिए निकाली तो उसका दिल मसोस उठा। उसकी कलाई पर यह कंगन देखकर रमा कितना ख़ुश होता था।'",रतन-
3,180,रतन,"इस वक्त रहने दो बहन, फिर ले लूंगी,जल्दी ही क्या है।",named_comma_quote,"रतन उसके आंसू देखकर बोली, 'इस वक्त रहने दो बहन, फिर ले लूंगी,जल्दी ही क्या है।'","रतन उसके आंसू देखकर बोली,"
3,181,जालपा,"क्यों, क्या मेरे आंसू देखकर? तुम्हारी खातिर से दे रही हूं, नहीं यह मुझे प्राणों से भी प्रिय था। तुम्हारे पास इसे देखूंगी, तो मुझे तसकीन होती रहेगी। किसी दूसरे को मत देना, इतनी दया करना।",named_comma_quote,"जालपा ने उसकी ओर बक्स को बढ़ाकर कहा, 'क्यों, क्या मेरे आंसू देखकर? तुम्हारी खातिर से दे रही हूं, नहीं यह मुझे प्राणों से भी प्रिय था। तुम्हारे पास इसे देखूंगी, तो मुझे तसकीन होती रहेगी। किसी दूसरे को मत देना, इतनी दया करना।'","जालपा ने उसकी ओर बक्स को बढ़ाकर कहा,"
3,182,रतन,"किसी दूसरे को क्यों देने लगी। इसे तुम्हारी निशानी समझूंगी। आज बहुत दिन के बाद मेरे मन की अभिलाषा पूरी हुई। केवल दुःख इतना ही है, कि बाबूजी अब नहीं हैं। मेरा मन कहता है कि वे जल्दी ही आएंगे। वे मारे शर्म के चले गए हैं, और कोई बात नहीं। वकील साहब को भी यह सुनकर बडा दुःख हुआ। लोग कहते हैं, वकीलों का ह्रदय कठोर होता है, मगर इनको तो मैं देखती हूं, ज़रा भी किसी की विपत्ति सुनी और तड़प उठे।",named_dash_quote,"रतन-'किसी दूसरे को क्यों देने लगी। इसे तुम्हारी निशानी समझूंगी। आज बहुत दिन के बाद मेरे मन की अभिलाषा पूरी हुई। केवल दुःख इतना ही है, कि बाबूजी अब नहीं हैं। मेरा मन कहता है कि वे जल्दी ही आएंगे। वे मारे शर्म के चले गए हैं, और कोई बात नहीं। वकील साहब को भी यह सुनकर बडा दुःख हुआ। लोग कहते हैं, वकीलों का ह्रदय कठोर होता है, मगर इनको तो मैं देखती हूं, ज़रा भी किसी की विपत्ति सुनी और तड़प उठे।'",रतन-
3,183,जालपा,"बहन, एक बात पूछूं, बुरा तो न मानोगी? वकील साहब से तुम्हारा दिल तो न मिलता होगा।",named_comma_quote,"जालपा ने मुस्कराकर कहा, 'बहन, एक बात पूछूं, बुरा तो न मानोगी? वकील साहब से तुम्हारा दिल तो न मिलता होगा।'","जालपा ने मुस्कराकर कहा,"
3,184,रतन,"मुझे तो कभी यह ख़याल भी नहीं आया बहन कि मैं युवती हूं और वे बूढे। हैं। मेरे ह्रदय में जितना प्रेम, जितना अनुराग है, वह सब मैंने उनके ऊपर अर्पण कर दिया। अनुराग, यौवन या रूप या धन से नहीं उत्पन्न होता। अनुराग अनुराग से उत्पन्न होता है। मेरे ही कारण वे इस अवस्था में इतना परिश्रम कर रहे हैं, और दूसरा है ही कौन। क्या यह छोटी बात है? कल कहीं चलोगी? कहो तो शाम को आऊं?",named_dash_quote,"रतन का विनोद-रंजित, प्रसन्न मुख एक क्षण के लिए मलिन हो उठा। मानो किसी ने उसे उस चिर-स्नेह की याद दिला दी हो, जिसके नाम को वह बहुत पहले रो चुकी थी। बोली, 'मुझे तो कभी यह ख़याल भी नहीं आया बहन कि मैं युवती हूं और वे बूढे। हैं। मेरे ह्रदय में जितना प्रेम, जितना अनुराग है, वह सब मैंने उनके ऊपर अर्पण कर दिया। अनुराग, यौवन या रूप या धन से नहीं उत्पन्न होता। अनुराग अनुराग से उत्पन्न होता है। मेरे ही कारण वे इस अवस्था में इतना परिश्रम कर रहे हैं, और दूसरा है ही कौन। क्या यह छोटी बात है? कल कहीं चलोगी? कहो तो शाम को आऊं?'","रतन का विनोद-रंजित, प्रसन्न मुख एक क्षण के लिए मलिन हो उठा। मानो किसी ने उसे उस चिर-स्नेह की याद दिला दी हो, जिसके नाम को वह बहुत पहले रो चुकी थी। बोली,"
3,185,जालपा,"जाऊंगी तो मैं कहीं नहीं, मगर तुम आना जरूर। दो घड़ी दिल बहलेगा। कुछ अच्छा नहीं लगता। मन डाल-डाल दौड़ता-फिरता है। समझ में नहीं आता, मुझसे इतना संकोच क्यों किया- यह भी मेरा ही दोष है। मुझमें जरूर उन्होंने कोई ऐसी बात देखी होगी, जिसके कारण मुझसे परदा करना उन्हें जरूरी मालूम हुआ। मुझे यही दुःख है कि मैं उनका सच्चा स्नेह न पा सकी। जिससे प्रेम होता है, उससे हम कोई भेद नहीं रखते।",named_dash_quote,"जालपा-'जाऊंगी तो मैं कहीं नहीं, मगर तुम आना जरूर। दो घड़ी दिल बहलेगा। कुछ अच्छा नहीं लगता। मन डाल-डाल दौड़ता-फिरता है। समझ में नहीं आता, मुझसे इतना संकोच क्यों किया- यह भी मेरा ही दोष है। मुझमें जरूर उन्होंने कोई ऐसी बात देखी होगी, जिसके कारण मुझसे परदा करना उन्हें जरूरी मालूम हुआ। मुझे यही दुःख है कि मैं उनका सच्चा स्नेह न पा सकी। जिससे प्रेम होता है, उससे हम कोई भेद नहीं रखते।'",जालपा-
3,186,जालपा,"इसे लेती जाओ बहन, यहां क्यों छोड़े जाती हो ।",named_comma_quote,"रतन उठकर चली, तो जालपा ने देखा,कंगन का बक्स मेज़ पर पडा हुआ है। बोली, 'इसे लेती जाओ बहन, यहां क्यों छोड़े जाती हो ।' रतन-'ले जाऊंगी, अभी क्या जल्दी पड़ी है। अभी पूरे रूपये भी तो नहीं दिए!'","रतन उठकर चली, तो जालपा ने देखा,कंगन का बक्स मेज़ पर पडा हुआ है। बोली,"
3,186,रतन,"ले जाऊंगी, अभी क्या जल्दी पड़ी है। अभी पूरे रूपये भी तो नहीं दिए!",named_dash_quote,"रतन उठकर चली, तो जालपा ने देखा,कंगन का बक्स मेज़ पर पडा हुआ है। बोली, 'इसे लेती जाओ बहन, यहां क्यों छोड़े जाती हो ।' रतन-'ले जाऊंगी, अभी क्या जल्दी पड़ी है। अभी पूरे रूपये भी तो नहीं दिए!'",रतन-
3,187,जालपा,"नहीं, नहीं, लेती जाओ। मैं न मानूंगी।",named_dash_quote,"जालपा-'नहीं, नहीं, लेती जाओ। मैं न मानूंगी।'",जालपा-
3,188,दयानाथ,रूपये कहां मिल गए?,named_comma_quote,"मगर रतन सीढ़ी से नीचे उतर गई। जालपा हाथ में कंगन लिये खड़ी रही। थोड़ी देर बाद जालपा ने संदूक से पांच सौ रूपये निकाले और दयानाथ के पास जाकर बोली,यह रूपये लीजिए, नारायणदास के पास भिजवा दीजिए। बाकी रूपये भी मैं जल्द ही दे दूंगी। दयानाथ ने झेंपकर कहा, ''रूपये कहां मिल गए?' जालपा ने निसंकोच होकर कहा, 'रतन के हाथ कंगन बेच दिया।' दयानाथ उसका मुंह ताकने लगे।","मगर रतन सीढ़ी से नीचे उतर गई। जालपा हाथ में कंगन लिये खड़ी रही। थोड़ी देर बाद जालपा ने संदूक से पांच सौ रूपये निकाले और दयानाथ के पास जाकर बोली,यह रूपये लीजिए, नारायणदास के पास भिजवा दीजिए। बाकी रूपये भी मैं जल्द ही दे दूंगी। दयानाथ ने झेंपकर कहा, '"
3,188,जालपा,रतन के हाथ कंगन बेच दिया।,named_comma_quote,"मगर रतन सीढ़ी से नीचे उतर गई। जालपा हाथ में कंगन लिये खड़ी रही। थोड़ी देर बाद जालपा ने संदूक से पांच सौ रूपये निकाले और दयानाथ के पास जाकर बोली,यह रूपये लीजिए, नारायणदास के पास भिजवा दीजिए। बाकी रूपये भी मैं जल्द ही दे दूंगी। दयानाथ ने झेंपकर कहा, ''रूपये कहां मिल गए?' जालपा ने निसंकोच होकर कहा, 'रतन के हाथ कंगन बेच दिया।' दयानाथ उसका मुंह ताकने लगे।","जालपा ने निसंकोच होकर कहा,"
3,190,दीनदयाल,क्या यहां पड़े-पड़े प्राण देने का विचार है?,named_comma_quote,"कुछ दिनों के लिए ले जाइए। दीनदयाल यह समाचार पाते ही घबडाए हुए आए, पर जालपा ने मैके जाने से इंकार कर दिया। दीनदयाल ने विस्मित होकर कहा, 'क्या यहां पड़े-पड़े प्राण देने का विचार है?'","कुछ दिनों के लिए ले जाइए। दीनदयाल यह समाचार पाते ही घबडाए हुए आए, पर जालपा ने मैके जाने से इंकार कर दिया। दीनदयाल ने विस्मित होकर कहा,"
3,191,जालपा,"अगर प्राणों को इसी भांति जाना होगा, तो कौन रोक सकता है। मैं अभी नहीं मरने की दादाजी, सच मानिए। अभागिनों के लिए वहां भी जगह नहीं है।",named_comma_quote,"जालपा ने गंभीर स्वर में कहा, 'अगर प्राणों को इसी भांति जाना होगा, तो कौन रोक सकता है। मैं अभी नहीं मरने की दादाजी, सच मानिए। अभागिनों के लिए वहां भी जगह नहीं है।'","जालपा ने गंभीर स्वर में कहा,"
3,192,दीनदयाल,आख़िर चलने में हरज ही क्या है। शहजादी और बासन्ती दोनों आई हुई हैं। उनके साथ हंस-बोलकर जी बहलता रहेगा। जालपा-,named_comma_quote,"दीनदयाल, 'आख़िर चलने में हरज ही क्या है। शहजादी और बासन्ती दोनों आई हुई हैं। उनके साथ हंस-बोलकर जी बहलता रहेगा। जालपा-'यहां लाला और अम्मांजी को अकेली छोड़कर जाने को मेरा जी नहीं चाहता। जब रोना ही लिखा है, तो रोऊंगी।'","दीनदयाल,"
3,193,दीनदयाल,"यह बात क्या हुई, सुनते हैं कुछ कर्ज़ हो गया था, कोई कहता है, सरकारी रकम खा गए थे।",named_comma_quote,"दीनदयाल, 'यह बात क्या हुई, सुनते हैं कुछ कर्ज़ हो गया था, कोई कहता है, सरकारी रकम खा गए थे।'","दीनदयाल,"
3,194,जालपा,"जिसने आपसे यह कहा, उसने सरासर झूठ कहा।",named_dash_quote,"जालपा-'जिसने आपसे यह कहा, उसने सरासर झूठ कहा।'",जालपा-
3,195,दीनदयाल,तो फिर क्यों चले गए?,named_dash_quote,दीनदयाल-'तो फिर क्यों चले गए? ',दीनदयाल-
3,196,जालपा,यह मैं बिलकुल नहीं जानती। मुझे बार-बार ख़ुद यही शंका होती है।,named_dash_quote,जालपा-'यह मैं बिलकुल नहीं जानती। मुझे बार-बार ख़ुद यही शंका होती है।',जालपा-
3,197,दीनदयाल,लाला दयानाथ से तो झगडानहीं हुआ?,named_dash_quote,दीनदयाल-'लाला दयानाथ से तो झगडानहीं हुआ? ',दीनदयाल-
3,198,जालपा,"लालाजी के सामने तो वह सिर तक नहीं उठाते, पान तक नहीं खाते, भला झगडा क्या करेंगे। उन्हें घूमने का शौक था। सोचा होगा,यों तो कोई जाने न देगा, चलो भाग चलें।",named_dash_quote,"जालपा-'लालाजी के सामने तो वह सिर तक नहीं उठाते, पान तक नहीं खाते, भला झगडा क्या करेंगे। उन्हें घूमने का शौक था। सोचा होगा,यों तो कोई जाने न देगा, चलो भाग चलें।'",जालपा-
3,199,दीनदयाल,"शायद ऐसा ही हो कुछ लोगों को इधर-उधर भटकने की सनक होती है। तुम्हें यहां जो कुछ तकलीफ हो, मुझसे साफ-साफ कह दो। ख़रच के लिए कुछ भेज दिया करूं?",named_dash_quote,"दीनदयाल-' शायद ऐसा ही हो कुछ लोगों को इधर-उधर भटकने की सनक होती है। तुम्हें यहां जो कुछ तकलीफ हो, मुझसे साफ-साफ कह दो। ख़रच के लिए कुछ भेज दिया करूं? '",दीनदयाल-
3,201,जागेश्वरी,यहां दिन-भर पड़े-पड़े रोने से तो अच्छा है।,named_comma_quote,"दयानाथ और जागेश्वरी दोनों ने जालपा को समझाया, पर वह जाने पर राज़ी न हुई। तब दयानाथ झुंझलाकर बोले, 'यहां दिन-भर पड़े-पड़े रोने से तो अच्छा है।' जालपा-'क्या वह कोई दूसरी दुनिया है, या मैं वहां जाकर कुछ और हो जाऊंगी। और फिर रोने से क्यों डरूं, जब हंसना था, तब हंसती थी, जब रोना है, तो रोऊंगी। वह काले कोसों चले गए हों, पर मुझे तो हरदम यहीं बैठे दिखाई देते हैं। यहां वे स्वयं नहीं हैं, पर घर की एक-एक चीज़ में बसे हुए हैं। यहां से जाकर तो मैं निराशा से पागल हो जाऊंगी।'","दयानाथ और जागेश्वरी दोनों ने जालपा को समझाया, पर वह जाने पर राज़ी न हुई। तब दयानाथ झुंझलाकर बोले,"
3,201,जालपा,"क्या वह कोई दूसरी दुनिया है, या मैं वहां जाकर कुछ और हो जाऊंगी। और फिर रोने से क्यों डरूं, जब हंसना था, तब हंसती थी, जब रोना है, तो रोऊंगी। वह काले कोसों चले गए हों, पर मुझे तो हरदम यहीं बैठे दिखाई देते हैं। यहां वे स्वयं नहीं हैं, पर घर की एक-एक चीज़ में बसे हुए हैं। यहां से जाकर तो मैं निराशा से पागल हो जाऊंगी।",named_dash_quote,"दयानाथ और जागेश्वरी दोनों ने जालपा को समझाया, पर वह जाने पर राज़ी न हुई। तब दयानाथ झुंझलाकर बोले, 'यहां दिन-भर पड़े-पड़े रोने से तो अच्छा है।' जालपा-'क्या वह कोई दूसरी दुनिया है, या मैं वहां जाकर कुछ और हो जाऊंगी। और फिर रोने से क्यों डरूं, जब हंसना था, तब हंसती थी, जब रोना है, तो रोऊंगी। वह काले कोसों चले गए हों, पर मुझे तो हरदम यहीं बैठे दिखाई देते हैं। यहां वे स्वयं नहीं हैं, पर घर की एक-एक चीज़ में बसे हुए हैं। यहां से जाकर तो मैं निराशा से पागल हो जाऊंगी।'",जालपा-
3,202,दीनदयाल,"इसे रख लो, शायद कोई जरूरत पड़े। जालपा ने सिर हिलाकर कहा,",named_comma_quote,"दीनदयाल समझ गए यह अभिमानिनी अपनी टेक न छोड़ेगी। उठकर बाहर चले गए। संध्या समय चलते वक्त उन्होंने पचास रूपये का एक नोट जालपा की तरफ बढ़ाकर कहा, 'इसे रख लो, शायद कोई जरूरत पड़े। जालपा ने सिर हिलाकर कहा, 'मुझे इसकी बिलकुल जरूरत नहीं है,","दीनदयाल समझ गए यह अभिमानिनी अपनी टेक न छोड़ेगी। उठकर बाहर चले गए। संध्या समय चलते वक्त उन्होंने पचास रूपये का एक नोट जालपा की तरफ बढ़ाकर कहा,"
3,209,रतन,यह पीठ पर बेग कैसा है?,named_comma_quote,"वह घाट के समीप पहुंची, तो प्रकाश हो गया था। सहसा उसने रतन को अपनी मोटर पर आते देखा। उसने चाहा, सिर झुकाकर मुंह छिपा ले, पर रतन ने दूर ही से पहचान लिया, मोटर रोककर बोली,कहां जा रही हो बहन, 'यह पीठ पर बेग कैसा है?'","वह घाट के समीप पहुंची, तो प्रकाश हो गया था। सहसा उसने रतन को अपनी मोटर पर आते देखा। उसने चाहा, सिर झुकाकर मुंह छिपा ले, पर रतन ने दूर ही से पहचान लिया, मोटर रोककर बोली,कहां जा रही हो बहन,"
3,210,जालपा,गंगा-स्नान करने जा रही हूं।,named_comma_quote,"जालपा ने घूंघट हटा लिया और निद्यशंक होकर बोली,'गंगा-स्नान करने जा रही हूं।'","जालपा ने घूंघट हटा लिया और निद्यशंक होकर बोली,"
3,211,रतन,"मैं तो स्नान करके लौट आई, लेकिन चलो, तुम्हारे साथ चलती हूं। तुम्हें घर पहुंचाकर लौट जाऊंगी। बेग रख दो।",named_dash_quote,"रतन-'मैं तो स्नान करके लौट आई, लेकिन चलो, तुम्हारे साथ चलती हूं। तुम्हें घर पहुंचाकर लौट जाऊंगी। बेग रख दो।' जालपा-'नहीं-नहीं, यह भारी नहीं है। तुम जाओ, तुम्हें देर होगी। मैं चली जाऊंगी।'",रतन-
3,211,जालपा,"नहीं-नहीं, यह भारी नहीं है। तुम जाओ, तुम्हें देर होगी। मैं चली जाऊंगी।",named_dash_quote,"रतन-'मैं तो स्नान करके लौट आई, लेकिन चलो, तुम्हारे साथ चलती हूं। तुम्हें घर पहुंचाकर लौट जाऊंगी। बेग रख दो।' जालपा-'नहीं-नहीं, यह भारी नहीं है। तुम जाओ, तुम्हें देर होगी। मैं चली जाऊंगी।'",जालपा-
3,213,Unknown,"क्या भरा है तुमने इसमें, बहुत भारी है। खोलकर देखूं?",unattributed_quote,"और कार में रखती हुई बोली, 'क्या भरा है तुमने इसमें, बहुत भारी है। खोलकर देखूं?'","और कार में रखती हुई बोली,"
3,214,जालपा,इसमें तुम्हारे देखने लायक कोई चीज़ नहीं है।,named_dash_quote,जालपा-'इसमें तुम्हारे देखने लायक कोई चीज़ नहीं है।',जालपा-
3,215,रतन,इन चीज़ों को कहां लिये जाती हो?,named_comma_quote,"बेग में ताला न लगा था। रतन ने खोलकर देखा, तो विस्मित होकर बोली, 'इन चीज़ों को कहां लिये जाती हो?'","बेग में ताला न लगा था। रतन ने खोलकर देखा, तो विस्मित होकर बोली,"
3,216,जालपा,इन्हें गंगा में बहा दूंगी।,named_comma_quote,"जालपा ने कार पर बैठते हुए कहा, 'इन्हें गंगा में बहा दूंगी।'","जालपा ने कार पर बैठते हुए कहा,"
3,217,रतन,"गंगा में! कुछ पागल तो नहीं हो गई हो चलो, घर लौट चलो। बेग रखकर फिर आ जाना।",named_comma_quote,"रतन ने विस्मय में पड़कर कहा, 'गंगा में! कुछ पागल तो नहीं हो गई हो चलो, घर लौट चलो। बेग रखकर फिर आ जाना।'","रतन ने विस्मय में पड़कर कहा,"
3,218,जालपा,मैं इन चीजों को डुबाकर ही जाऊंगी।,named_dash_quote,"जालपा ने दृढ़ता से कहा,नहीं रतन-' मैं इन चीजों को डुबाकर ही जाऊंगी।'","जालपा ने दृढ़ता से कहा,नहीं रतन-"
3,219,जालपा,"पहले कार को बढ़ाओ, फिर बताऊं।",named_dash_quote,"जालपा-'पहले कार को बढ़ाओ, फिर बताऊं।'",जालपा-
3,220,रतन,"नहीं, पहले बता दो।",named_dash_quote,"रतन-'नहीं, पहले बता दो।'",रतन-
3,221,जालपा,"नहीं, यह न होगा। पहले कार को बढ़ाओ।",named_dash_quote,"जालपा-'नहीं, यह न होगा। पहले कार को बढ़ाओ।'",जालपा-
3,222,रतन,अच्छा अब तो बताओगी?,named_comma_quote,"रतन ने हारकर कार को बढ़ाया और बोली, 'अच्छा अब तो बताओगी? '","रतन ने हारकर कार को बढ़ाया और बोली,"
3,223,जालपा,"इतनी बात तो तुम्हें ख़ुद ही समझ लेनी चाहिए थी। मुझसे क्या पूछती हो अब वे चीज़ें मेरे किस काम की हैं! इन्हें देख-देखकर मुझे दुख होता है। जब देखने वाला ही न रहा, तो इन्हें रखकर क्या करूं?",named_comma_quote,"जालपा ने उलाहने के भाव से कहा, 'इतनी बात तो तुम्हें ख़ुद ही समझ लेनी चाहिए थी। मुझसे क्या पूछती हो अब वे चीज़ें मेरे किस काम की हैं! इन्हें देख-देखकर मुझे दुख होता है। जब देखने वाला ही न रहा, तो इन्हें रखकर क्या करूं? '","जालपा ने उलाहने के भाव से कहा,"
3,224,रतन,"बाबूजी के साथ तुम यह बहुत बडा अन्याय कर रही हो,बहन, वे कितनी उमंग से इन्हें लाए होंगे। तुम्हारे अंगों पर इनकी शोभा देखकर कितना प्रसन्न हुए होंगे। एक-एक चीज़ उनके प्रेम की एक-एक स्मृति है। उन्हें गंगा में बहाकर तुम उस प्रेम का घोर अनादर कर रही हो।",named_comma_quote,"रतन ने एक लंबी सांस खींची और जालपा का हाथ पकड़कर कांपते हुए स्वर में बोली, 'बाबूजी के साथ तुम यह बहुत बडा अन्याय कर रही हो,बहन, वे कितनी उमंग से इन्हें लाए होंगे। तुम्हारे अंगों पर इनकी शोभा देखकर कितना प्रसन्न हुए होंगे। एक-एक चीज़ उनके प्रेम की एक-एक स्मृति है। उन्हें गंगा में बहाकर तुम उस प्रेम का घोर अनादर कर रही हो।' जालपा विचार में डूब गई। मन में संकल्प-विकल्प होने लगा, किंतु एक ही क्षण में वह फिर संभल गई, बोली, 'यह बात नहीं है ।हन! जब तक ये चीजें मेरी आंखों से दूर न हो जाएंगी, मेरा चित्त शांत न होगा। इसी विलासिता ने मेरी यह दुर्गति की है। यह मेरी विपत्ति की गठरी है, प्रेम की स्मृति नहीं। प्रेम तो मेरे ह्रदय पर अंकित है।'","रतन ने एक लंबी सांस खींची और जालपा का हाथ पकड़कर कांपते हुए स्वर में बोली,"
3,224,जालपा,"यह बात नहीं है ।हन! जब तक ये चीजें मेरी आंखों से दूर न हो जाएंगी, मेरा चित्त शांत न होगा। इसी विलासिता ने मेरी यह दुर्गति की है। यह मेरी विपत्ति की गठरी है, प्रेम की स्मृति नहीं। प्रेम तो मेरे ह्रदय पर अंकित है।",named_dash_quote,"रतन ने एक लंबी सांस खींची और जालपा का हाथ पकड़कर कांपते हुए स्वर में बोली, 'बाबूजी के साथ तुम यह बहुत बडा अन्याय कर रही हो,बहन, वे कितनी उमंग से इन्हें लाए होंगे। तुम्हारे अंगों पर इनकी शोभा देखकर कितना प्रसन्न हुए होंगे। एक-एक चीज़ उनके प्रेम की एक-एक स्मृति है। उन्हें गंगा में बहाकर तुम उस प्रेम का घोर अनादर कर रही हो।' जालपा विचार में डूब गई। मन में संकल्प-विकल्प होने लगा, किंतु एक ही क्षण में वह फिर संभल गई, बोली, 'यह बात नहीं है ।हन! जब तक ये चीजें मेरी आंखों से दूर न हो जाएंगी, मेरा चित्त शांत न होगा। इसी विलासिता ने मेरी यह दुर्गति की है। यह मेरी विपत्ति की गठरी है, प्रेम की स्मृति नहीं। प्रेम तो मेरे ह्रदय पर अंकित है।'","जालपा विचार में डूब गई। मन में संकल्प-विकल्प होने लगा, किंतु एक ही क्षण में वह फिर संभल गई, बोली,"
3,225,रतन,"तुम्हारा ह्रदय बडा कठोर है। जालपा, मैं तो शायद ऐसा न कर सकती।",named_dash_quote,"रतन-'तुम्हारा ह्रदय बडा कठोर है। जालपा, मैं तो शायद ऐसा न कर सकती।'",रतन-
3,226,जालपा,लेकिन मैं तो इन्हें अपनी विपत्ति का मूल समझती हूं।,named_dash_quote,जालपा-'लेकिन मैं तो इन्हें अपनी विपत्ति का मूल समझती हूं।',जालपा-
3,227,Unknown,"उन्होंने मेरे साथ बडा अन्याय किया है, बहन! जो पुरूष अपनी स्त्री से कोई परदा रखता है, मैं समझती हूं,वह उससे प्रेम नहीं करता। मैं उनकी जगह पर होती, तो यों तिलांजलि देकर न भागती। अपने मन की सारी व्यथा कह सुनाती और जो कुछ करती,उनकी सलाह से करती। स्त्री और पुरूष में दुराव कैसा!",unattributed_quote,"एक क्षण चुप रहने के बाद वह फिर बोली, 'उन्होंने मेरे साथ बडा अन्याय किया है, बहन! जो पुरूष अपनी स्त्री से कोई परदा रखता है, मैं समझती हूं,वह उससे प्रेम नहीं करता। मैं उनकी जगह पर होती, तो यों तिलांजलि देकर न भागती। अपने मन की सारी व्यथा कह सुनाती और जो कुछ करती,उनकी सलाह से करती। स्त्री और पुरूष में दुराव कैसा! '","एक क्षण चुप रहने के बाद वह फिर बोली,"
3,229,जालपा,मैंने अपने मन में चोर नहीं रखा।,named_comma_quote,"जालपा ने सद्दचाते हुए कहा, 'मैंने अपने मन में चोर नहीं रखा।'","जालपा ने सद्दचाते हुए कहा,"
3,230,रतन,"झूठ बोलती हो, बिलकुल झूठ, अगर तुमने विश्वास किया होता, तो वे भी खुलते।",named_comma_quote,"रतन ने ज़ोर देकर कहा, 'झूठ बोलती हो, बिलकुल झूठ, अगर तुमने विश्वास किया होता, तो वे भी खुलते।'","रतन ने ज़ोर देकर कहा,"
3,231,रतन,"नहीं, मैं इसे न ले जाने दूंगी। समझ लो कि डूब गए।",named_comma_quote,"जालपा इस आक्षेप को अपने सिर से न टाल सकी। उसे आज ज्ञात हुआ कि कपट का आरंभ पहले उसी की ओर से हुआ। गंगा का तट आ पहुंचा। कार रूक गई। जालपा उतरी और बेग को उठाने लगी, किंतु रतन ने उसका हाथ हटाकर कहा, 'नहीं, मैं इसे न ले जाने दूंगी। समझ लो कि डूब गए।' जालपा-'ऐसा कैसे समझ लूं।'","जालपा इस आक्षेप को अपने सिर से न टाल सकी। उसे आज ज्ञात हुआ कि कपट का आरंभ पहले उसी की ओर से हुआ। गंगा का तट आ पहुंचा। कार रूक गई। जालपा उतरी और बेग को उठाने लगी, किंतु रतन ने उसका हाथ हटाकर कहा,"
3,231,जालपा,ऐसा कैसे समझ लूं।,named_dash_quote,"जालपा इस आक्षेप को अपने सिर से न टाल सकी। उसे आज ज्ञात हुआ कि कपट का आरंभ पहले उसी की ओर से हुआ। गंगा का तट आ पहुंचा। कार रूक गई। जालपा उतरी और बेग को उठाने लगी, किंतु रतन ने उसका हाथ हटाकर कहा, 'नहीं, मैं इसे न ले जाने दूंगी। समझ लो कि डूब गए।' जालपा-'ऐसा कैसे समझ लूं।'",जालपा-
3,232,रतन,"मुझ पर दया करो, बहन के नाते।",named_dash_quote,"रतन-'मुझ पर दया करो, बहन के नाते।'",रतन-
3,233,जालपा,"बहन के नाते तुम्हारे पैर धो सकती हूं, मगर इन कांटों को ह्रदय में नहीं रख सकती।",named_dash_quote,"जालपा-'बहन के नाते तुम्हारे पैर धो सकती हूं, मगर इन कांटों को ह्रदय में नहीं रख सकती।' रतन ने भौंहें सिकोड़कर कहा,किसी तरह न मानोगी?'",जालपा-
3,234,जालपा,"हां, किसी तरह नहीं।",named_comma_quote,"जालपा ने स्थिर भाव से कहा, 'हां, किसी तरह नहीं।'","जालपा ने स्थिर भाव से कहा,"
3,236,रतन,डुबा दिया?,named_dash_quote,"की सुनहरी ज्योति उसके रोम-रोम में व्याप्त हो रही है। जब वह स्नान करके ऊपर आई, तो रतन ने पूछा, 'डुबा दिया?' जालपा-'हां।'","की सुनहरी ज्योति उसके रोम-रोम में व्याप्त हो रही है। जब वह स्नान करके ऊपर आई, तो रतन ने पूछा,"
3,236,जालपा,हां।,named_dash_quote,"की सुनहरी ज्योति उसके रोम-रोम में व्याप्त हो रही है। जब वह स्नान करके ऊपर आई, तो रतन ने पूछा, 'डुबा दिया?' जालपा-'हां।'",जालपा-
3,237,जालपा,"यही निठुरता मन पर विजय पाती है। अगर कुछ दिन पहले निठुर हो जाती, तो आज यह दिन क्यों आता। कार चल पड़ी।",unquoted_dash,"जालपा-'यही निठुरता मन पर विजय पाती है। अगर कुछ दिन पहले निठुर हो जाती, तो आज यह दिन क्यों आता। कार चल पड़ी।",जालपा
3,241,Unknown,"कभी पड़े-पड़े रमा का जी ऐसा घबडाता कि पुलिस में जाकर सारी कथा कह सुनाए। जो कुछ होना है, हो जाय। साल-दो साल की कैद इस आजीवन कारावास से तो अच्छी ही है। फिर वह नए सिरे से जीवन?संग्राम में प्रवेश करेगा, हाथ-पांव बचाकर काम करेगा, अपनी चादर के बाहर जौ-भर भी पांव न फैलाएगा, लेकिन एक ही क्षण में हिम्मत टूट जाती। इस प्रकार दो महीने और बीत गए। पूस का महीना आया। रमा के पास जाड़ों का कोई कपडा न था। घर से तो वह कोई चीज़ लाया ही न था, यहां भी कोई चीज़ बनवा न सका था। अब तक तो उसने धोती ओढ़कर किसी तरह रातें काटीं, पर पूस के कडक। डाते जाड़े लिहाफ या कंबल के बगैर कैसे कटते।",unquoted_dash,"कभी-कभी पड़े-पड़े रमा का जी ऐसा घबडाता कि पुलिस में जाकर सारी कथा कह सुनाए। जो कुछ होना है, हो जाय। साल-दो साल की कैद इस आजीवन कारावास से तो अच्छी ही है। फिर वह नए सिरे से जीवन?संग्राम में प्रवेश करेगा, हाथ-पांव बचाकर काम करेगा, अपनी चादर के बाहर जौ-भर भी पांव न फैलाएगा, लेकिन एक ही क्षण में हिम्मत टूट जाती। इस प्रकार दो महीने और बीत गए। पूस का महीना आया। रमा के पास जाड़ों का कोई कपडा न था। घर से तो वह कोई चीज़ लाया ही न था, यहां भी कोई चीज़ बनवा न सका था। अब तक तो उसने धोती ओढ़कर किसी तरह रातें काटीं, पर पूस के कडक। डाते जाड़े लिहाफ या कंबल के बगैर कैसे कटते।",कभी
3,242,Unknown,"भर गठरी बना पडा रहता। जब बहुत सर्दी लगती, तो बिछावन ओढ़ लेता। देवीदीन ने उसे एक पुरानी दरी बिछाने को दे दी थी। उसके घर में शायद यही सबसे अच्छा बिछावन था। इस श्रेणी के लोग चाहे दस हज़ार के गहने पहन लें, शादी-ब्याह में दस हज़ार ख़र्च कर दें, पर बिछावन गूदडाही रक्खेंगे। इस सड़ी हुई दरी से जाडाभला क्या जाता, पर कुछ न होने से अच्छा ही था।",unquoted_dash,"बेचारा रात-भर गठरी बना पडा रहता। जब बहुत सर्दी लगती, तो बिछावन ओढ़ लेता। देवीदीन ने उसे एक पुरानी दरी बिछाने को दे दी थी। उसके घर में शायद यही सबसे अच्छा बिछावन था। इस श्रेणी के लोग चाहे दस हज़ार के गहने पहन लें, शादी-ब्याह में दस हज़ार ख़र्च कर दें, पर बिछावन गूदडाही रक्खेंगे। इस सड़ी हुई दरी से जाडाभला क्या जाता, पर कुछ न होने से अच्छा ही था।",बेचारा रात
3,243,देवीदीन,"पंडितजी, कहां चले, कंबल तो लेते जाइए!",named_dash_quote,"रमा संकोचवश देवीदीन से कुछ कह न सकता था और देवीदीन भी शायद इतना बडा ख़र्च न उठाना चाहता था, या संभव है, इधर उसकी निगाह ही न जाती हो जब दिन ढलने लगता, तो रमा रात के कष्ट की कल्पना से भयभीत हो उठता था, मानो काली बला दौड़ती चली आती हो रात को बार-बार खिड़की खोलकर देखता कि सबेरा होने में कितनी कसर है। एक दिन शाम को वह वाचनालय जा रहा था कि उसने देखा, एक बडी कोठी के सामने हज़ारों कंगले जमा हैं। उसने सोचा,यह क्या बात है, क्यों इतने आदमी जमा हैं?भीड़ के अंदर घुसकर देखा, तो मालूम हुआ, सेठजी कंबलों का दान कर रहे हैं। कंबल बहुत घटिया थे, पतले और हल्ध; पर जनता एक पर एक टूटी पड़ती थी। रमा के मन में आया, एक कंबल ले लूं। यहां मुझे कौन जानता है। अगर कोई जान भी जाय, तो क्या हरज़- ग़रीब ब्राह्मण अगर दान का अधिकारी नहीं तो और कौन है। लेकिन एक ही क्षण में उसका आत्मसम्मान जाग उठा। वह कुछ देर वहां खडा ताकता रहा, फिर आगे बढ़ा। उसके माथे पर तिलक देखकर मुनीमजी ने समझ लिया, यह ब्राह्मण है। इतने सारे कंगलों में ब्राह्मणों की संख्या बहुत कम थी। ब्राह्मणों को दान देने का पुण्य कुछ और ही है। मुनीम मन में प्रसन्न था कि एक ब्राह्मण देवता दिखाई तो दिए! इसलिए जब उसने रमा को जाते देखा, तो बोला, 'पंडितजी, कहां चले, कंबल तो लेते जाइए!' रमा मारे संकोच के गड़ गया। उसके मुंह से केवल इतना ही निकला,'मुझे इच्छा नहीं है।'","रमा संकोचवश देवीदीन से कुछ कह न सकता था और देवीदीन भी शायद इतना बडा ख़र्च न उठाना चाहता था, या संभव है, इधर उसकी निगाह ही न जाती हो जब दिन ढलने लगता, तो रमा रात के कष्ट की कल्पना से भयभीत हो उठता था, मानो काली बला दौड़ती चली आती हो रात को बार-बार खिड़की खोलकर देखता कि सबेरा होने में कितनी कसर है। एक दिन शाम को वह वाचनालय जा रहा था कि उसने देखा, एक बडी कोठी के सामने हज़ारों कंगले जमा हैं। उसने सोचा,यह क्या बात है, क्यों इतने आदमी जमा हैं?भीड़ के अंदर घुसकर देखा, तो मालूम हुआ, सेठजी कंबलों का दान कर रहे हैं। कंबल बहुत घटिया थे, पतले और हल्ध; पर जनता एक पर एक टूटी पड़ती थी। रमा के मन में आया, एक कंबल ले लूं। यहां मुझे कौन जानता है। अगर कोई जान भी जाय, तो क्या हरज़- ग़रीब ब्राह्मण अगर दान का अधिकारी नहीं तो और कौन है। लेकिन एक ही क्षण में उसका आत्मसम्मान जाग उठा। वह कुछ देर वहां खडा ताकता रहा, फिर आगे बढ़ा। उसके माथे पर तिलक देखकर मुनीमजी ने समझ लिया, यह ब्राह्मण है। इतने सारे कंगलों में ब्राह्मणों की संख्या बहुत कम थी। ब्राह्मणों को दान देने का पुण्य कुछ और ही है। मुनीम मन में प्रसन्न था कि एक ब्राह्मण देवता दिखाई तो दिए! इसलिए जब उसने रमा को जाते देखा, तो बोला,"
3,243,रमानाथ,मुझे इच्छा नहीं है।,named_comma_quote,"रमा संकोचवश देवीदीन से कुछ कह न सकता था और देवीदीन भी शायद इतना बडा ख़र्च न उठाना चाहता था, या संभव है, इधर उसकी निगाह ही न जाती हो जब दिन ढलने लगता, तो रमा रात के कष्ट की कल्पना से भयभीत हो उठता था, मानो काली बला दौड़ती चली आती हो रात को बार-बार खिड़की खोलकर देखता कि सबेरा होने में कितनी कसर है। एक दिन शाम को वह वाचनालय जा रहा था कि उसने देखा, एक बडी कोठी के सामने हज़ारों कंगले जमा हैं। उसने सोचा,यह क्या बात है, क्यों इतने आदमी जमा हैं?भीड़ के अंदर घुसकर देखा, तो मालूम हुआ, सेठजी कंबलों का दान कर रहे हैं। कंबल बहुत घटिया थे, पतले और हल्ध; पर जनता एक पर एक टूटी पड़ती थी। रमा के मन में आया, एक कंबल ले लूं। यहां मुझे कौन जानता है। अगर कोई जान भी जाय, तो क्या हरज़- ग़रीब ब्राह्मण अगर दान का अधिकारी नहीं तो और कौन है। लेकिन एक ही क्षण में उसका आत्मसम्मान जाग उठा। वह कुछ देर वहां खडा ताकता रहा, फिर आगे बढ़ा। उसके माथे पर तिलक देखकर मुनीमजी ने समझ लिया, यह ब्राह्मण है। इतने सारे कंगलों में ब्राह्मणों की संख्या बहुत कम थी। ब्राह्मणों को दान देने का पुण्य कुछ और ही है। मुनीम मन में प्रसन्न था कि एक ब्राह्मण देवता दिखाई तो दिए! इसलिए जब उसने रमा को जाते देखा, तो बोला, 'पंडितजी, कहां चले, कंबल तो लेते जाइए!' रमा मारे संकोच के गड़ गया। उसके मुंह से केवल इतना ही निकला,'मुझे इच्छा नहीं है।'","रमा मारे संकोच के गड़ गया। उसके मुंह से केवल इतना ही निकला,"
3,245,Unknown,"आप यह भेंट न स्वीकार करेंगे, तो सेठजी को बडा दुःख होगा।",unattributed_quote,"मुनीम ने चकित होकर कहा, 'आप यह भेंट न स्वीकार करेंगे, तो सेठजी को बडा दुःख होगा।'","मुनीम ने चकित होकर कहा,"
3,247,Unknown,सेठजी मानेंगे नहीं!,unattributed_quote,'सेठजी मानेंगे नहीं!',
3,248,Unknown,आप मेरी ओर से क्षमा मांग लीजिएगा।,unattributed_quote,'आप मेरी ओर से क्षमा मांग लीजिएगा। ',
3,249,Unknown,"आपके त्याग को धन्य है। ऐसे ही ब्राह्मणों से धर्म की मर्यादा बनी हुई है। कुछ देर बैठिए तो, सेठजी आते होंगे। आपके दर्शन पाकर बहुत प्रसन्न होंगे। ब्राह्मणों के परम भक्त हैं। और त्रिकाल संध्या-वंदन करते हैं महाराज, तीन बजे रात को गंगा-तट पर पहुंच जाते हैं और वहां से आकर पूजा पर बैठ जाते हैं। दस बजे भागवत का पारायण करते हैं। भोजन पाते हैं, तब कोठी में आते हैं। तीन-चार बजे फिर संध्या करने चले जाते हैं। आठ बजे थोड़ी देर के लिए फिर आते हैं। नौ बजे ठाकुरद्वारे में कीर्तन सुनते हैं और फिर संध्या करके भोजन पाते हैं। थोड़ी देर में आते ही होंगे। आप कुछ देर बैठें, तो बडा अच्छा हो आपका स्थान कहां है?",unattributed_quote,"'आपके त्याग को धन्य है। ऐसे ही ब्राह्मणों से धर्म की मर्यादा बनी हुई है। कुछ देर बैठिए तो, सेठजी आते होंगे। आपके दर्शन पाकर बहुत प्रसन्न होंगे। ब्राह्मणों के परम भक्त हैं। और त्रिकाल संध्या-वंदन करते हैं महाराज, तीन बजे रात को गंगा-तट पर पहुंच जाते हैं और वहां से आकर पूजा पर बैठ जाते हैं। दस बजे भागवत का पारायण करते हैं। भोजन पाते हैं, तब कोठी में आते हैं। तीन-चार बजे फिर संध्या करने चले जाते हैं। आठ बजे थोड़ी देर के लिए फिर आते हैं। नौ बजे ठाकुरद्वारे में कीर्तन सुनते हैं और फिर संध्या करके भोजन पाते हैं। थोड़ी देर में आते ही होंगे। आप कुछ देर बैठें, तो बडा अच्छा हो आपका स्थान कहां है?'",
3,251,देवीदीन,"सेठ करोड़ीमल के यहां पहुंच गए क्या, महाराज?",named_comma_quote,"नौ बजे वह वाचनालय से लौटा, तो डर रहा था कि कहीं देवीदीन ने कंबल देखकर पूछा,कहां से लाए, तो क्या जवाब दूंगा। कोई बहाना कर दूंगा। कह दूंगा, एक पहचान की दुकान से उधार लाया हूं। देवीदीन ने कंबल देखते ही पूछा, 'सेठ करोड़ीमल के यहां पहुंच गए क्या, महाराज?'","नौ बजे वह वाचनालय से लौटा, तो डर रहा था कि कहीं देवीदीन ने कंबल देखकर पूछा,कहां से लाए, तो क्या जवाब दूंगा। कोई बहाना कर दूंगा। कह दूंगा, एक पहचान की दुकान से उधार लाया हूं। देवीदीन ने कंबल देखते ही पूछा,"
3,252,रमानाथ,कौन सेठ करोड़ीमल?,named_comma_quote,"रमा ने पूछा, 'कौन सेठ करोड़ीमल?'","रमा ने पूछा,"
3,253,Unknown,"अरे वही, जिसकी वह बडी लाल कोठी है।",unattributed_quote,"'अरे वही, जिसकी वह बडी लाल कोठी है।'",
3,254,रमानाथ,"हां, मुनीमजी ने पिंड ही न छोडा! बडा धर्मात्मा जीव है।",named_comma_quote,"रमा कोई बहाना न कर सका। बोला, 'हां, मुनीमजी ने पिंड ही न छोडा! बडा धर्मात्मा जीव है।'","रमा कोई बहाना न कर सका। बोला,"
3,255,देवीदीन,"बडा धर्मात्मा! उसी के थामे तो यह धरती थमी है, नहीं तो अब तक मिट गई होती!",named_comma_quote,"देवीदीन ने मुस्कराकर कहा, 'बडा धर्मात्मा! उसी के थामे तो यह धरती थमी है, नहीं तो अब तक मिट गई होती!'","देवीदीन ने मुस्कराकर कहा,"
3,256,रमानाथ,"काम तो धर्मात्माओं ही के करता है, मन का हाल ईश्वर जाने। जो सारे दिन पूजापाठ और दान?व्रत में लगा रहे, उसे धर्मात्मा नहीं तो और क्या कहा जाय।",named_dash_quote,"रमानाथ-'काम तो धर्मात्माओं ही के करता है, मन का हाल ईश्वर जाने। जो सारे दिन पूजापाठ और दान?व्रत में लगा रहे, उसे धर्मात्मा नहीं तो और क्या कहा जाय।'",रमानाथ-
3,257,देवीदीन,"उसे पापी कहना चाहिए, महापापी, दया तो उसके पास से होकर भी नहीं निकली। उसकी जूट की मिल है। मजूरों के साथ जितनी निर्दयता इसकी मिल में होती है, और कहीं नहीं होती। आदमियों को हंटरों से पिटवाता है, हंटरों से। चर्बी-मिला घी बेचकर इसने लाखों कमा लिए। कोई नौकर एक मिनट की भी देर करे तो तुरंत तलब काट लेता है। अगर साल में दो-चार हज़ार दान न कर दे, तो पाप का धन पचे कैसे! धर्म-कर्म वाले ब्राह्मण तो उसके द्वार पर",unquoted_dash,"देवीदीन-'उसे पापी कहना चाहिए, महापापी, दया तो उसके पास से होकर भी नहीं निकली। उसकी जूट की मिल है। मजूरों के साथ जितनी निर्दयता इसकी मिल में होती है, और कहीं नहीं होती। आदमियों को हंटरों से पिटवाता है, हंटरों से। चर्बी-मिला घी बेचकर इसने लाखों कमा लिए। कोई नौकर एक मिनट की भी देर करे तो तुरंत तलब काट लेता है। अगर साल में दो-चार हज़ार दान न कर दे, तो पाप का धन पचे कैसे! धर्म-कर्म वाले ब्राह्मण तो उसके द्वार पर",देवीदीन
3,259,Unknown,"कोई जाता ही नहीं। हां, लोभी-लंपट पहुंच जाते हैं। जितने पुजारी देखे, सबको पत्थर ही पाया। पत्थर पूजते-पूजते इनके दिल भी पत्थर हो जाते हैं। इसके तीन तो बड़े-बडे धरमशाले हैं, मुदा है पाखंडी। आदमी चाहे और कुछ न करे, मन में दया बनाए रखे। यही सौ धरम का एक धरम है।",unattributed_quote,"'कोई जाता ही नहीं। हां, लोभी-लंपट पहुंच जाते हैं। जितने पुजारी देखे, सबको पत्थर ही पाया। पत्थर पूजते-पूजते इनके दिल भी पत्थर हो जाते हैं। इसके तीन तो बड़े-बडे धरमशाले हैं, मुदा है पाखंडी। आदमी चाहे और कुछ न करे, मन में दया बनाए रखे। यही सौ धरम का एक धरम है।'",
3,261,देवीदीन,"भैया, यह तुम्हारी अंगरेज़ी बडी विकट है। एस-आई-आर",named_dash_quote,"अभी रमा मुंह-हाथ धो रहा था कि देवीदीन प्राइमर लेकर आ पहुंचा और बोला, 'भैया, यह तुम्हारी अंगरेज़ी बडी विकट है। एस-आई-आर 'सर' होता है, तो पी-आई-टी 'पिट' क्यों हो जाता है? बी-यू-टी 'बट' है, लेकिन पी-यू-टी 'पुट' क्यों होता है? तुम्हें भी बडी कठिन लगती होगी।","अभी रमा मुंह-हाथ धो रहा था कि देवीदीन प्राइमर लेकर आ पहुंचा और बोला,"
3,261,Unknown,"होता है, तो पी-आई-टी",unattributed_quote,"अभी रमा मुंह-हाथ धो रहा था कि देवीदीन प्राइमर लेकर आ पहुंचा और बोला, 'भैया, यह तुम्हारी अंगरेज़ी बडी विकट है। एस-आई-आर 'सर' होता है, तो पी-आई-टी 'पिट' क्यों हो जाता है? बी-यू-टी 'बट' है, लेकिन पी-यू-टी 'पुट' क्यों होता है? तुम्हें भी बडी कठिन लगती होगी।",सर
3,261,Unknown,क्यों हो जाता है? बी-यू-टी,unattributed_quote,"अभी रमा मुंह-हाथ धो रहा था कि देवीदीन प्राइमर लेकर आ पहुंचा और बोला, 'भैया, यह तुम्हारी अंगरेज़ी बडी विकट है। एस-आई-आर 'सर' होता है, तो पी-आई-टी 'पिट' क्यों हो जाता है? बी-यू-टी 'बट' है, लेकिन पी-यू-टी 'पुट' क्यों होता है? तुम्हें भी बडी कठिन लगती होगी।",पिट
3,261,Unknown,"है, लेकिन पी-यू-टी",unattributed_quote,"अभी रमा मुंह-हाथ धो रहा था कि देवीदीन प्राइमर लेकर आ पहुंचा और बोला, 'भैया, यह तुम्हारी अंगरेज़ी बडी विकट है। एस-आई-आर 'सर' होता है, तो पी-आई-टी 'पिट' क्यों हो जाता है? बी-यू-टी 'बट' है, लेकिन पी-यू-टी 'पुट' क्यों होता है? तुम्हें भी बडी कठिन लगती होगी।",बट
3,262,रमानाथ,"पहले तो कठिन लगती थी, पर अब तो आसान मालूम होती है।",named_comma_quote,"रमा ने मुस्कराकर कहा, 'पहले तो कठिन लगती थी, पर अब तो आसान मालूम होती है।' देवीदीन-' 'जिस दिन पराइमर खतम होगी, महाबीरजी को सवा सेर लडडू चढ़ाऊंगा। पराई-मर का मतलब है, पराई स्त्री मर जाय। मैं कहता हूं, हमारीमर, पराई के मरने से हमें क्या सुख! तुम्हारे बाल-बच्चे तो हैं न भैया?' रमा ने इस भाव से कहा, 'मानो हैं, पर न होने के बराबर हैं,हां, हैं तो!'","रमा ने मुस्कराकर कहा,"
3,262,देवीदीन,,named_dash_quote,"रमा ने मुस्कराकर कहा, 'पहले तो कठिन लगती थी, पर अब तो आसान मालूम होती है।' देवीदीन-' 'जिस दिन पराइमर खतम होगी, महाबीरजी को सवा सेर लडडू चढ़ाऊंगा। पराई-मर का मतलब है, पराई स्त्री मर जाय। मैं कहता हूं, हमारीमर, पराई के मरने से हमें क्या सुख! तुम्हारे बाल-बच्चे तो हैं न भैया?' रमा ने इस भाव से कहा, 'मानो हैं, पर न होने के बराबर हैं,हां, हैं तो!'",देवीदीन-
3,262,Unknown,"रमा ने इस भाव से कहा,",unattributed_quote,"रमा ने मुस्कराकर कहा, 'पहले तो कठिन लगती थी, पर अब तो आसान मालूम होती है।' देवीदीन-' 'जिस दिन पराइमर खतम होगी, महाबीरजी को सवा सेर लडडू चढ़ाऊंगा। पराई-मर का मतलब है, पराई स्त्री मर जाय। मैं कहता हूं, हमारीमर, पराई के मरने से हमें क्या सुख! तुम्हारे बाल-बच्चे तो हैं न भैया?' रमा ने इस भाव से कहा, 'मानो हैं, पर न होने के बराबर हैं,हां, हैं तो!'","जिस दिन पराइमर खतम होगी, महाबीरजी को सवा सेर लडडू चढ़ाऊंगा। पराई-मर का मतलब है, पराई स्त्री मर जाय। मैं कहता हूं, हमारीमर, पराई के मरने से हमें क्या सुख! तुम्हारे बाल-बच्चे तो हैं न भैया?"
3,263,Unknown,कोई चिट्ठी-चपाती आई थी?,unattributed_quote,'कोई चिट्ठी-चपाती आई थी?',
3,264,Unknown,और न तुमने लिखी- अरे! तीन महीने से कोई चिट्ठी ही नहीं भेजी? घबडाते न होंगे लोग?,unattributed_quote,'और न तुमने लिखी- अरे! तीन महीने से कोई चिट्ठी ही नहीं भेजी? घबडाते न होंगे लोग?',
3,265,Unknown,"जब तक यहां कोई ठिकाना न लग जाय, क्या पत्र लिखूं।",unattributed_quote,"'जब तक यहां कोई ठिकाना न लग जाय, क्या पत्र लिखूं।'",
3,266,Unknown,"अरे भले आदमी, इतना तो लिख दो कि मैं यहां कुशल से हूं। घर से भाग आए थे, उन लोगों को कितनी चिंता हो रही होगी! मां-बाप तो हैं न?",unattributed_quote,"'अरे भले आदमी, इतना तो लिख दो कि मैं यहां कुशल से हूं। घर से भाग आए थे, उन लोगों को कितनी चिंता हो रही होगी! मां-बाप तो हैं न?'",
3,267,देवीदीन,"तो भैया, आज ही चिट्ठी डाल दो, मेरी बात मानो।",named_comma_quote,"देवीदीन ने गिड़गिडाकर कहा,'तो भैया, आज ही चिट्ठी डाल दो, मेरी बात मानो।'","देवीदीन ने गिड़गिडाकर कहा,"
3,269,Unknown,"मैं घर से भाग आया हूं, दादा!",unattributed_quote,"बोला, 'मैं घर से भाग आया हूं, दादा!'","बोला,"
3,270,देवीदीन,"यह तो मैं जानता हूं, क्या बाप से लडाई हो गई?",named_comma_quote,"देवीदीन ने मूंछों में मुस्कराकर कहा,'यह तो मैं जानता हूं, क्या बाप से लडाई हो गई?'","देवीदीन ने मूंछों में मुस्कराकर कहा,"
3,271,Unknown,मां ने कुछ कहा होगा?,unattributed_quote,'मां ने कुछ कहा होगा?',
3,272,Unknown,"तो फिर घरवाली से ठन गई होगी। वह कहती होगी, मैं अलग रहूंगी, तुम कहते होगे मैं अपने मां-बाप से अलग न रहूंगा। या गहने के लिए ज़िद करती होगी। नाक में दम कर दिया होगा। क्यों?",unattributed_quote,"'तो फिर घरवाली से ठन गई होगी। वह कहती होगी, मैं अलग रहूंगी, तुम कहते होगे मैं अपने मां-बाप से अलग न रहूंगा। या गहने के लिए ज़िद करती होगी। नाक में दम कर दिया होगा। क्यों?'",
3,273,रमानाथ,"कुछ ऐसी बात थी, दादा! वह तो गहनों की बहुत इच्छुक न थी, लेकिन पा जाती थी, तो प्रसन्न हो जाती थी, और मैं प्रेम की तरंग में आगा-पीछा कुछ न सोचता था।",named_comma_quote,"रमा ने लज्जित होकर कहा, 'कुछ ऐसी बात थी, दादा! वह तो गहनों की बहुत इच्छुक न थी, लेकिन पा जाती थी, तो प्रसन्न हो जाती थी, और मैं प्रेम की तरंग में आगा-पीछा कुछ न सोचता था।'","रमा ने लज्जित होकर कहा,"
3,274,देवीदीन,सरकारी रकम तो नहीं उडादी?,named_dash_quote,"देवीदीन के मुंह से मानो आप-ही-आप निकल आया, 'सरकारी रकम तो नहीं उडादी?'","देवीदीन के मुंह से मानो आप-ही-आप निकल आया,"
3,275,Unknown,"से हो गई। वह सरकारी रकम की बात उससे छिपाना चाहता था। देवीदीन के इस प्रश्न ने मानो उस पर छापा मार दिया। वह कुशल सैनिक की भांति अपनी सेना को घाटियों से, जासूसों की आंख बचाकर, निकाल ले जाना चाहता था, पर इस छापे ने उसकी सेना को अस्त- व्यस्त कर दिया। उसके चेहरे का रंग उड़ गया। वह एकाएक कुछ निश्चय न कर सका कि इसका क्या जवाब दूं।",unquoted_dash,"रमा को रोमांच हो आया। छाती धक-से हो गई। वह सरकारी रकम की बात उससे छिपाना चाहता था। देवीदीन के इस प्रश्न ने मानो उस पर छापा मार दिया। वह कुशल सैनिक की भांति अपनी सेना को घाटियों से, जासूसों की आंख बचाकर, निकाल ले जाना चाहता था, पर इस छापे ने उसकी सेना को अस्त- व्यस्त कर दिया। उसके चेहरे का रंग उड़ गया। वह एकाएक कुछ निश्चय न कर सका कि इसका क्या जवाब दूं।",रमा को रोमांच हो आया। छाती धक
3,276,देवीदीन,"प्रेम बडा बेढब होता है, भैया! बड़े-बडे चूक जाते हैं, तुम तो अभी लङके हो ग़बन के हज़ारों मुकदमे हर साल होते हैं। तहकीकात की जाय, तो सबका कारण एक ही होगा,गहना। दस-बीस वारदात तो मैं आंखों देख चुका हूं। यह रोग ही ऐसा है। औरत मुंह से तो यही कहे जाती है कि यह क्यों लाए, वह क्यों लाए, रूपये कहां से आवेंगे, लेकिन उसका मन आनंद से नाचने लगता है। यहीं एक डाक-बाबू रहते थे। बेचारे ने छुरी से गला काट लिया। एक दूसरे मियां साहब को मैं जानता हूं, जिनको पांच साल की सज़ा हो गई, जेहल में मर गए। एक तीसरे पंडितजी को जानता हूं, जिन्होंने अफीम खाकर जान दे दी। बुरा रोग है। दूसरों को क्या कहूं, मैं ही तीन साल की सज़ा काट चुका हूं। जवानी की बात है, जब इस बुढिया पर जोबन था, ताकती थी तो मानो कलेजे पर तीर चला देती थी। मैं डाकिया था। मनीआर्डर तकसीम किया करता था। यह कानों के झुमकों के लिए जान खा रही थी। कहती थी, सोने ही के लूंगी। इसका बाप चौधरी था। मेवे की दुकान थी। मिजाज बढ़ा हुआ था। मुझ पर प्रेम का नसा छाया हुआ था। अपनी आमदनी की डींगें मारता रहता था। कभी फूल के हार लाता, कभी मिठाई, कभी अतर-फुलेलब सहर का हलका था। जमाना अच्छा था। दुकानदारों से जो चीज़ मांग लेता, मिल जाती थी। आख़िर मैंने एक मनीआर्डर पर झूठे दस्तखत बनाकर रूपये उडालिए। कुल तीस रूपये थे। झुमके लाकर इसे दिए। इतनी ख़ुश हुई, इतनी ख़ुश हुई, कि कुछ न पूछो, लेकिन एक ही महीने में चोरी पकड़ ली गई। तीन साल की सज़ा हो गई। सज़ा काटकर निकला तो यहां भाग आया। फिर कभी घर नहीं गया। यह मुंह कैसे दिखाता। हां, घर पत्र भेज दिया। बुढिया खबर पाते ही चली आई। यह सब कुछ हुआ, मगर गहनों से उसका पेट नहीं भरा। जब देखो, कुछ-नकुछ बनता ही रहता है। एक चीज़ आज बनवाई, कल उसी को तुड़वाकर कोई दूसरी चीज़ बनवाई, यही तार चला जाता है। एक सोनार मिल गया है, मजूरी में साफ-भाजी ले जाता है। मेरी तो सलाह है, घर पर एक ख़त लिख दो, लेकिन पुलिस तो तुम्हारी टोह में होगी। कहीं पता मिल गया, तो काम बिगड़ जायगा। मैं न किसी से एक ख़त लिखाकर भेज दूं?",named_comma_quote,"देवीदीन ने उसके मन का भाव भांपकर कहा, 'प्रेम बडा बेढब होता है, भैया! बड़े-बडे चूक जाते हैं, तुम तो अभी लङके हो ग़बन के हज़ारों मुकदमे हर साल होते हैं। तहकीकात की जाय, तो सबका कारण एक ही होगा,गहना। दस-बीस वारदात तो मैं आंखों देख चुका हूं। यह रोग ही ऐसा है। औरत मुंह से तो यही कहे जाती है कि यह क्यों लाए, वह क्यों लाए, रूपये कहां से आवेंगे, लेकिन उसका मन आनंद से नाचने लगता है। यहीं एक डाक-बाबू रहते थे। बेचारे ने छुरी से गला काट लिया। एक दूसरे मियां साहब को मैं जानता हूं, जिनको पांच साल की सज़ा हो गई, जेहल में मर गए। एक तीसरे पंडितजी को जानता हूं, जिन्होंने अफीम खाकर जान दे दी। बुरा रोग है। दूसरों को क्या कहूं, मैं ही तीन साल की सज़ा काट चुका हूं। जवानी की बात है, जब इस बुढिया पर जोबन था, ताकती थी तो मानो कलेजे पर तीर चला देती थी। मैं डाकिया था। मनीआर्डर तकसीम किया करता था। यह कानों के झुमकों के लिए जान खा रही थी। कहती थी, सोने ही के लूंगी। इसका बाप चौधरी था। मेवे की दुकान थी। मिजाज बढ़ा हुआ था। मुझ पर प्रेम का नसा छाया हुआ था। अपनी आमदनी की डींगें मारता रहता था। कभी फूल के हार लाता, कभी मिठाई, कभी अतर-फुलेलब सहर का हलका था। जमाना अच्छा था। दुकानदारों से जो चीज़ मांग लेता, मिल जाती थी। आख़िर मैंने एक मनीआर्डर पर झूठे दस्तखत बनाकर रूपये उडालिए। कुल तीस रूपये थे। झुमके लाकर इसे दिए। इतनी ख़ुश हुई, इतनी ख़ुश हुई, कि कुछ न पूछो, लेकिन एक ही महीने में चोरी पकड़ ली गई। तीन साल की सज़ा हो गई। सज़ा काटकर निकला तो यहां भाग आया। फिर कभी घर नहीं गया। यह मुंह कैसे दिखाता। हां, घर पत्र भेज दिया। बुढिया खबर पाते ही चली आई। यह सब कुछ हुआ, मगर गहनों से उसका पेट नहीं भरा। जब देखो, कुछ-नकुछ बनता ही रहता है। एक चीज़ आज बनवाई, कल उसी को तुड़वाकर कोई दूसरी चीज़ बनवाई, यही तार चला जाता है। एक सोनार मिल गया है, मजूरी में साफ-भाजी ले जाता है। मेरी तो सलाह है, घर पर एक ख़त लिख दो, लेकिन पुलिस तो तुम्हारी टोह में होगी। कहीं पता मिल गया, तो काम बिगड़ जायगा। मैं न किसी से एक ख़त लिखाकर भेज दूं?'","देवीदीन ने उसके मन का भाव भांपकर कहा,"
3,277,रमानाथ,"नहीं, दादा! दया करो। अनर्थ हो जायगा। पुलिस से ज्यादा तो मुझे घरवालों का भय है।",named_comma_quote,"रमा ने आग्रहपूर्वक कहा, 'नहीं, दादा! दया करो। अनर्थ हो जायगा। पुलिस से ज्यादा तो मुझे घरवालों का भय है।'","रमा ने आग्रहपूर्वक कहा,"
3,278,देवीदीन,घर वाले खबर पाते ही आ जाएंगे। यह चर्चा ही न उठेगी। उनकी कोई चिंता नहीं। डर पुलिस ही का है।,named_dash_quote,देवीदीन-'घर वाले खबर पाते ही आ जाएंगे। यह चर्चा ही न उठेगी। उनकी कोई चिंता नहीं। डर पुलिस ही का है।',देवीदीन-
3,279,रमानाथ,"मैं सज़ा से बिलकुल नहीं डरता। तुमसे कहा नहीं, एक दिन मुझे वाचनालय में जान - पहचान की एक स्त्री दिखाई दी। हमारे घर बहुत आती-जाती थी। मेरी स्त्री से बडी मित्रता थी। एक बडे वकील की पत्नी है। उसे देखते ही मेरी नानी मर गई। ऐसा सिटपिटा गया कि उसकी ओर ताकने की हिम्मतन पड़ी। चुपके से उठकर पीछे के बरामदे में जा छिपा। अगर उस वक्त उससे दो-चार बातें कर लेता, तो घर का सारा समाचार मालूम हो जाता और मुझे यह विश्वास है कि वह इस मुलाकात की किसी से चर्चा भी न करती। मेरी पत्नी से भी न कहती, लेकिन मेरी हिम्मत ही न पड़ी। अब अगर मिलना भी चाहूं, तो नहीं मिल सकता उसका पता-ठिकाना कुछ भी तो नहीं मालूम । देवीदीन-",named_dash_quote,"रमानाथ-'मैं सज़ा से बिलकुल नहीं डरता। तुमसे कहा नहीं, एक दिन मुझे वाचनालय में जान - पहचान की एक स्त्री दिखाई दी। हमारे घर बहुत आती-जाती थी। मेरी स्त्री से बडी मित्रता थी। एक बडे वकील की पत्नी है। उसे देखते ही मेरी नानी मर गई। ऐसा सिटपिटा गया कि उसकी ओर ताकने की हिम्मतन पड़ी। चुपके से उठकर पीछे के बरामदे में जा छिपा। अगर उस वक्त उससे दो-चार बातें कर लेता, तो घर का सारा समाचार मालूम हो जाता और मुझे यह विश्वास है कि वह इस मुलाकात की किसी से चर्चा भी न करती। मेरी पत्नी से भी न कहती, लेकिन मेरी हिम्मत ही न पड़ी। अब अगर मिलना भी चाहूं, तो नहीं मिल सकता उसका पता-ठिकाना कुछ भी तो नहीं मालूम । देवीदीन-'तो फिर उसी को क्यों नहीं एक चिट्ठी लिखते?'",रमानाथ-
3,280,रमानाथ,चिटठी तो मुझसे न लिखी जाएगी।,named_dash_quote,रमानाथ-'चिटठी तो मुझसे न लिखी जाएगी।',रमानाथ-
3,281,देवीदीन,तो कब तक चिट्ठी न लिखोगे?,named_dash_quote,देवीदीन-'तो कब तक चिट्ठी न लिखोगे?',देवीदीन-
3,282,रमानाथ,देखा चाहिए।,named_dash_quote,रमानाथ-'देखा चाहिए।',रमानाथ-
3,283,देवीदीन,पुलिस तुम्हारी टोह में होगी।,named_dash_quote,देवीदीन-'पुलिस तुम्हारी टोह में होगी।',देवीदीन-
3,284,देवीदीन,"हां, इसकी शंका मुझे हमेशा बनी रहती है। तुम देखते हो, मैं दिन को बहुत कम घर से निकलता हूं, लेकिन मैं तुम्हें अपने साथ नहीं घसीटना चाहता। मैं तो जाऊंगा ही, तुम्हें क्यों उलझन में डालूं। सोचता हूं, कहीं और चला जाऊं, किसी ऐसे गांव में जाकर रहूं, जहां पुलिस की गंध भी न हो देवीदीन ने गर्व से सिर उठाकर कहा,",named_comma_quote,"देवीदीन चिंता में डूब गया। रमा को भ्रम हुआ, शायद पुलिस का भय इसे चिंतित कर रहा है। बोला, 'हां, इसकी शंका मुझे हमेशा बनी रहती है। तुम देखते हो, मैं दिन को बहुत कम घर से निकलता हूं, लेकिन मैं तुम्हें अपने साथ नहीं घसीटना चाहता। मैं तो जाऊंगा ही, तुम्हें क्यों उलझन में डालूं। सोचता हूं, कहीं और चला जाऊं, किसी ऐसे गांव में जाकर रहूं, जहां पुलिस की गंध भी न हो देवीदीन ने गर्व से सिर उठाकर कहा, 'मेरे बारे में तुम कुछ चिंता न करो भैया, यहां पुलिस से डरने वाले नहीं हैं। किसी परदेशी को अपने घर ठहराना पाप नहीं है। हमें क्या मालूम किसके पीछे पुलिस है? यह पुलिस का काम है, पुलिस जाने। मैं पुलिस का मुखबिर नहीं, जासूस नहीं, गोइंदा नहीं। तुम अपने को बचाए रहो, देखो भगवान क्या करते हैं। हां, कहीं बुढिया से न कह देना,नहीं तो उसके पेट में पानी न पचेगा।'","देवीदीन चिंता में डूब गया। रमा को भ्रम हुआ, शायद पुलिस का भय इसे चिंतित कर रहा है। बोला,"
3,286,रमानाथ,"लेकिन कैसे पूछोगे दादा, लोग कहेंगे न कि तुमसे इन बातों से क्या मतलब?",named_dash_quote,"रमा ने मन- ही-मन प्रसन्न होकर कहा, 'लेकिन कैसे पूछोगे दादा, लोग कहेंगे न कि तुमसे इन बातों से क्या मतलब?'","रमा ने मन- ही-मन प्रसन्न होकर कहा,"
3,287,देवीदीन,"भैया, इससे सहज तो कोई काम ही नहीं।",named_comma_quote,"देवीदीन ने ठट्ठा मारकर कहा, 'भैया, इससे सहज तो कोई काम ही नहीं।'","देवीदीन ने ठट्ठा मारकर कहा,"
3,291,देवीदीन,तो है न सलाह?,named_comma_quote,"देवीदीन बोला, 'तो है न सलाह?' रमानाथ-'कहां जायंगे दादा, कष्ट होगा।'","देवीदीन बोला,"
3,291,रमानाथ,"कहां जायंगे दादा, कष्ट होगा।",named_dash_quote,"देवीदीन बोला, 'तो है न सलाह?' रमानाथ-'कहां जायंगे दादा, कष्ट होगा।'",रमानाथ-
3,292,Unknown,"माघ का स्नान भी तो करूंगा। कष्ट के बिना कहीं पुन्न होता है! मैं तो कहता हूं, तुम भी चलो। मैं वहां सब रंग-ढंग देख लूंगा। अगर देखना कि मामला टिचन है, तो चैन से घर चले जाना। कोई खटका मालूम हो, तो मेरे साथ ही लौट आना।",unattributed_quote,"'माघ का स्नान भी तो करूंगा। कष्ट के बिना कहीं पुन्न होता है! मैं तो कहता हूं, तुम भी चलो। मैं वहां सब रंग-ढंग देख लूंगा। अगर देखना कि मामला टिचन है, तो चैन से घर चले जाना। कोई खटका मालूम हो, तो मेरे साथ ही लौट आना।'",
3,293,रमानाथ,"कहां की बात करते हो, दादा! मैं यों कभी न जाऊंगा। स्टेशन पर उतरते ही कहीं पुलिस का सिपाही पकड़ ले, तो बस!",named_comma_quote,"रमा ने हंसकर कहा, 'कहां की बात करते हो, दादा! मैं यों कभी न जाऊंगा। स्टेशन पर उतरते ही कहीं पुलिस का सिपाही पकड़ ले, तो बस!'","रमा ने हंसकर कहा,"
3,297,देवीदीन,क्या सोच रहे हो? चलोगे न?,named_comma_quote,"देवीदीन ने पूछा, 'क्या सोच रहे हो? चलोगे न?'","देवीदीन ने पूछा,"
3,298,रमानाथ,"तुम्हारी इतनी दया है, तो चलूंगा, मगर पहले तुम्हें मेरे घर जाकर पूरा-पूरा समाचार लाना पड़ेगा। अगर मेरा मन न भरा, तो मैं लौट आऊंगा।",named_comma_quote,"रमा ने दबी जबान से कहा, 'तुम्हारी इतनी दया है, तो चलूंगा, मगर पहले तुम्हें मेरे घर जाकर पूरा-पूरा समाचार लाना पड़ेगा। अगर मेरा मन न भरा, तो मैं लौट आऊंगा।'","रमा ने दबी जबान से कहा,"
3,299,देवीदीन,मंजूर।,named_comma_quote,"देवीदीन ने दृढ़ता से कहा, 'मंजूर।'","देवीदीन ने दृढ़ता से कहा,"
3,300,रमानाथ,एक बात और है?,named_comma_quote,"रमा ने संकोच से आंखें नीची करके कहा, 'एक बात और है?'","रमा ने संकोच से आंखें नीची करके कहा,"
3,301,देवीदीन,,named_dash_quote,देवीदीन-' 'क्या बात है? कहो।',देवीदीन-
3,302,Unknown,मुझे कुछ कपड़े बनवाने पड़ेंगे।,unattributed_quote,'मुझे कुछ कपड़े बनवाने पड़ेंगे।',
3,303,Unknown,मैं घर पहुंचकर तुम्हारे रूपये दिला दूंगा ।,unattributed_quote,'मैं घर पहुंचकर तुम्हारे रूपये दिला दूंगा ।',
3,304,Unknown,और मैं तुम्हारी गुरू-दक्षिणा भी वहीं दे दूंगा।,unattributed_quote,'और मैं तुम्हारी गुरू-दक्षिणा भी वहीं दे दूंगा। ',
3,307,देवीदीन,और जो कहीं तुम्हारे दादा ने मुझे घर में न घुसने दिया तो?,named_comma_quote,"देवीदीन ने चुहल से कहा, 'और जो कहीं तुम्हारे दादा ने मुझे घर में न घुसने दिया तो?'","देवीदीन ने चुहल से कहा,"
3,308,रमानाथ,"दादा तुम्हें अपना बडा भाई समझेंगे, तुम्हारी इतनी ख़ातिर करेंगे कि तुम ऊब जाओगे। जालपा तुम्हारे चरण धो-धो पिएगी,तुम्हारी इतनी सेवा करेगी कि जवान हो जाओगे।",named_comma_quote,"रमा ने हंसकर कहा, 'दादा तुम्हें अपना बडा भाई समझेंगे, तुम्हारी इतनी ख़ातिर करेंगे कि तुम ऊब जाओगे। जालपा तुम्हारे चरण धो-धो पिएगी,तुम्हारी इतनी सेवा करेगी कि जवान हो जाओगे।' देवीदीन ने हंसकर कहा, 'तब तो बुढिया डाह के मारे जल मरेगी। मानेगी नहीं, नहीं तो मेरा जी चाहता है कि हम दोनों यहां से अपना डेरा-डंडा लेकर चलते और वहीं अपनी सिरकी तानते। तुम लोगों के साथ ज़िंदगी के बाकी दिन आराम से कट जातेऋ मगर इस चुड़ैल से कलकत्ता न छोडा जायगा। तो बात पक्की हो गई न?'","रमा ने हंसकर कहा,"
3,308,देवीदीन,"तब तो बुढिया डाह के मारे जल मरेगी। मानेगी नहीं, नहीं तो मेरा जी चाहता है कि हम दोनों यहां से अपना डेरा-डंडा लेकर चलते और वहीं अपनी सिरकी तानते। तुम लोगों के साथ ज़िंदगी के बाकी दिन आराम से कट जातेऋ मगर इस चुड़ैल से कलकत्ता न छोडा जायगा। तो बात पक्की हो गई न?",named_comma_quote,"रमा ने हंसकर कहा, 'दादा तुम्हें अपना बडा भाई समझेंगे, तुम्हारी इतनी ख़ातिर करेंगे कि तुम ऊब जाओगे। जालपा तुम्हारे चरण धो-धो पिएगी,तुम्हारी इतनी सेवा करेगी कि जवान हो जाओगे।' देवीदीन ने हंसकर कहा, 'तब तो बुढिया डाह के मारे जल मरेगी। मानेगी नहीं, नहीं तो मेरा जी चाहता है कि हम दोनों यहां से अपना डेरा-डंडा लेकर चलते और वहीं अपनी सिरकी तानते। तुम लोगों के साथ ज़िंदगी के बाकी दिन आराम से कट जातेऋ मगर इस चुड़ैल से कलकत्ता न छोडा जायगा। तो बात पक्की हो गई न?'","देवीदीन ने हंसकर कहा,"
3,309,Unknown,"दुकान खुले तो चलें, कपड़े लावेंब आज ही सिलने को दे दें।",unattributed_quote,"'दुकान खुले तो चलें, कपड़े लावेंब आज ही सिलने को दे दें।'",
3,311,देवीदीन,"भैया, दस बज गए, चलो बाज़ार होते आवें।",named_comma_quote,"सहसा देवीदीन ने आकर कहा, 'भैया, दस बज गए, चलो बाज़ार होते आवें।'","सहसा देवीदीन ने आकर कहा,"
3,312,रमानाथ,क्या दस बज गए?,named_comma_quote,"रमा ने चौंककर पूछा, 'क्या दस बज गए?'","रमा ने चौंककर पूछा,"
3,313,देवीदीन,,named_dash_quote,"देवीदीन-' 'दस नहीं, ग्यारह का अमल होगा।'",देवीदीन-
3,315,देवीदीन,क्यों खड़े कैसे हो गए?,named_comma_quote,"देवीदीन ने पूछा,'क्यों खड़े कैसे हो गए?'","देवीदीन ने पूछा,"
3,316,Unknown,"तुम्हीं चले जाओ, मैं जाकर क्या करूंगा!",unattributed_quote,"''तुम्हीं चले जाओ, मैं जाकर क्या करूंगा!'",'
3,317,Unknown,"नहीं, डर नहीं रहा हूं, मगर क्या फायदा?",unattributed_quote,"''नहीं, डर नहीं रहा हूं, मगर क्या फायदा?'",'
3,318,Unknown,"मैं अकेले जाकर क्या करूंगा! मुझे क्या मालूम, तुम्हें कौन कपडा पसंद है। चलकर अपनी पसंद से ले लो। वहीं दरजी को दे देंगे।",unattributed_quote,"'मैं अकेले जाकर क्या करूंगा! मुझे क्या मालूम, तुम्हें कौन कपडा पसंद है। चलकर अपनी पसंद से ले लो। वहीं दरजी को दे देंगे।'",
3,319,Unknown,तुम जैसा कपडा चाहे ले लेना। मुझे सब पंसद है।,unattributed_quote,'तुम जैसा कपडा चाहे ले लेना। मुझे सब पंसद है।',
3,320,Unknown,तुम्हें डर किस बात का है? पुलिस तुम्हारा कुछ नहीं करेगी। कोई तुम्हारी तरफ ताकेगा भी नहीं।,unattributed_quote,'तुम्हें डर किस बात का है? पुलिस तुम्हारा कुछ नहीं करेगी। कोई तुम्हारी तरफ ताकेगा भी नहीं।'',
3,321,Unknown,"मैं डर नहीं रहा हूं दादा, जाने की इच्छा नहीं है।",unattributed_quote,"'मैं डर नहीं रहा हूं दादा, जाने की इच्छा नहीं है।'",
3,322,Unknown,"डर नहीं रहे हो, तो क्या कर रहे हो कह रहा हूं कि कोई तुम्हें कुछ न कहेगा, इसका मेरा जिम्मा, मुदा तुम्हारी जान निकली जाती है!",unattributed_quote,"'डर नहीं रहे हो, तो क्या कर रहे हो कह रहा हूं कि कोई तुम्हें कुछ न कहेगा, इसका मेरा जिम्मा, मुदा तुम्हारी जान निकली जाती है!'",
3,324,देवीदीन,"कुछ खबर है, कै बज गए? बारह का अमल है। आज रोटी न बनाओगे क्या?घर जाने की ख़ुशी में खाना-पीना छोड़ दोगे?",named_dash_quote,"देवीदीन घंटे-भर में लौटा, तो देखा, रमा छत पर टहल रहा है। बोला, 'कुछ खबर है, कै बज गए? बारह का अमल है। आज रोटी न बनाओगे क्या?घर जाने की ख़ुशी में खाना-पीना छोड़ दोगे?'","देवीदीन घंटे-भर में लौटा, तो देखा, रमा छत पर टहल रहा है। बोला,"
3,325,रमानाथ,"बना लूंगा दादा, जल्दी क्या है।",named_comma_quote,"रमा ने झेंपकर कहा, 'बना लूंगा दादा, जल्दी क्या है।'","रमा ने झेंपकर कहा,"
3,326,Unknown,"यह देखो, नमूने लाया हूं, इनमें जौन-सा पसंद करो, ले लूं।",unattributed_quote,"'यह देखो, नमूने लाया हूं, इनमें जौन-सा पसंद करो, ले लूं।''",
3,328,Unknown,"सस्ते थे, मुदा विलायती थे।",unattributed_quote,"'सस्ते थे, मुदा विलायती थे।'",
3,329,Unknown,तुम विलायती कपड़े नहीं पहनते?,unattributed_quote,'तुम विलायती कपड़े नहीं पहनते?',
3,330,Unknown,"इधर बीस साल से तो नहीं लिए, उधर की बात नहीं कहता। कुछ बेसी दाम लग जाता है, पर रूपया तो देस ही में रह जाता है।",unattributed_quote,"'इधर बीस साल से तो नहीं लिए, उधर की बात नहीं कहता। कुछ बेसी दाम लग जाता है, पर रूपया तो देस ही में रह जाता है।'",
3,331,रमानाथ,तुम नियम के बडे पक्के हो दादा!,named_comma_quote,"रमा ने लजाते हुए कहा, 'तुम नियम के बडे पक्के हो दादा! '","रमा ने लजाते हुए कहा,"
3,333,रमानाथ,"दादा, तुम सच्चे वीर हो, और वे दोनों लडके भी सच्चे योद्धा थे। तुम्हारे दर्शनों से आंखें पवित्र होती हैं।",named_comma_quote,"रमा ने सच्चे दिल से कहा, 'दादा, तुम सच्चे वीर हो, और वे दोनों लडके भी सच्चे योद्धा थे। तुम्हारे दर्शनों से आंखें पवित्र होती हैं।'","रमा ने सच्चे दिल से कहा,"
3,335,साहब,"यह बात तो नहीं है दादा, कि पढ़े-लिखे लोग किसानों का ध्यान नहीं करते। उनमें से कितने ही ख़ुद किसान थे, या हैं। उन्हें अगर विश्वास हो जाय कि हमारे कष्ट उठाने से किसानों का कोई उपकार होगा और जो बचत होगी, वह किसानों के लिए ख़र्च की जायगी, तो वह ख़ुशी से कम वेतन पर काम करेंगे, लेकिन जब वह देखते हैं कि बचत दूसरे हडप। जाते हैं, तो वह सोचते हैं, अगर दूसरों को ही खाना है, तो हम क्यों न खाएं।",named_dash_quote,"दिखाने को दस-बीस कुरते गाढ़े के बनवा लिए, घर का और सब सामान बिलायती है। सब-के-सब भोग-बिलास में अंधे हो रहे हैं, छोटे भी और बड़े भी। उस पर दावा यह है कि देस का उद्धार करेंगे। अरे तुम क्या देस का उद्धार करोगे। पहले अपना उद्धार तो कर लो। गरीबों को लूटकर बिलायत का घर भरना तुम्हारा काम है। इसीलिए तुम्हारा इस देस में जनम हुआ है। हां, रोए जाव, बिलायती सराबें उडाओ, बिलायती मोटरें दौडाओ, बिलायती मुरब्बे और अचार चक्खो, बिलायती बरतनों में खाओ, बिलायती दवाइयां पियो, पर देस के नाम को रोये जाव।मुदा इस रोने से कुछ न होगा। रोने से मां दूध पिलाती है, सेर अपना सिकार नहीं छोड़ता। रोओ उसके सामने, जिसमें दया और धरम हो तुम धमकाकर ही क्या कर लोगे- जिस धमकी में कुछ दम नहीं है, उस धमकी की परवाह कौन करता है। एक बार यहां एक बडा भारी जलसा हुआ। एक साहब बहादुर खड़े होकर खूब उछले-यदे, जब वह नीचे आए, तब मैंने उनसे पूछा,साहब, सच बताओ, जब तुम सुराज का नाम लेते हो, तो उसका कौनसा रूप तुम्हारी आंखों के सामने आता है? तुम भी बडी-बडी तलब लोगे, तुम भी अंगरेज़ों की तरह बंगलों में रहोगे, पहाड़ों की हवा खाओगे,अंगरेज़ी ठाठ बनाए घूमोगे, इस सुराज से देस का क्या कल्यान होगा। तुम्हारी और तुम्हारे भाईबंदों की ज़िंदगी भले आराम और ठाठ से गुज़रे, पर देस का तो कोई भला न होगा। बस, बगलें झांकने लगे। तुम दिन में पांच बेर खाना चाहते हो, और वह भी बढिया माल, ग़रीब किसान को एक जून सूखा चबेना भी नहीं मिलता। उसी का रक्त चूसकर तो सरकार तुम्हें हुप्रे देती है। तुम्हारा ध्यान कभी उनकी ओर जाता है? अभी तुम्हारा राज नहीं है,तब तो तुम भोग-बिलास पर इतना मरते हो, जब तुम्हारा राज हो जायगा, तब तो तुम ग़रीबों को पीसकर पी जाओगे। रमा भद्र-समाज पर यह आक्षेप न सुन सका। आख़िर वह भी तो भद्रसमाज का ही एक अंग था। बोला, 'यह बात तो नहीं है दादा, कि पढ़े-लिखे लोग किसानों का ध्यान नहीं करते। उनमें से कितने ही ख़ुद किसान थे, या हैं। उन्हें अगर विश्वास हो जाय कि हमारे कष्ट उठाने से किसानों का कोई उपकार होगा और जो बचत होगी, वह किसानों के लिए ख़र्च की जायगी, तो वह ख़ुशी से कम वेतन पर काम करेंगे, लेकिन जब वह देखते हैं कि बचत दूसरे हडप। जाते हैं, तो वह सोचते हैं, अगर दूसरों को ही खाना है, तो हम क्यों न खाएं।' देवीदीन-'तो सुराज मिलने पर दस-दस, पांच-पांच हज़ार के अफसर नहीं रहेंगे? वकीलों की लूट नहीं रहेगी? पुलिस की लूट बंद हो जाएगी?'","दिखाने को दस-बीस कुरते गाढ़े के बनवा लिए, घर का और सब सामान बिलायती है। सब-के-सब भोग-बिलास में अंधे हो रहे हैं, छोटे भी और बड़े भी। उस पर दावा यह है कि देस का उद्धार करेंगे। अरे तुम क्या देस का उद्धार करोगे। पहले अपना उद्धार तो कर लो। गरीबों को लूटकर बिलायत का घर भरना तुम्हारा काम है। इसीलिए तुम्हारा इस देस में जनम हुआ है। हां, रोए जाव, बिलायती सराबें उडाओ, बिलायती मोटरें दौडाओ, बिलायती मुरब्बे और अचार चक्खो, बिलायती बरतनों में खाओ, बिलायती दवाइयां पियो, पर देस के नाम को रोये जाव।मुदा इस रोने से कुछ न होगा। रोने से मां दूध पिलाती है, सेर अपना सिकार नहीं छोड़ता। रोओ उसके सामने, जिसमें दया और धरम हो तुम धमकाकर ही क्या कर लोगे- जिस धमकी में कुछ दम नहीं है, उस धमकी की परवाह कौन करता है। एक बार यहां एक बडा भारी जलसा हुआ। एक साहब बहादुर खड़े होकर खूब उछले-यदे, जब वह नीचे आए, तब मैंने उनसे पूछा,साहब, सच बताओ, जब तुम सुराज का नाम लेते हो, तो उसका कौनसा रूप तुम्हारी आंखों के सामने आता है? तुम भी बडी-बडी तलब लोगे, तुम भी अंगरेज़ों की तरह बंगलों में रहोगे, पहाड़ों की हवा खाओगे,अंगरेज़ी ठाठ बनाए घूमोगे, इस सुराज से देस का क्या कल्यान होगा। तुम्हारी और तुम्हारे भाईबंदों की ज़िंदगी भले आराम और ठाठ से गुज़रे, पर देस का तो कोई भला न होगा। बस, बगलें झांकने लगे। तुम दिन में पांच बेर खाना चाहते हो, और वह भी बढिया माल, ग़रीब किसान को एक जून सूखा चबेना भी नहीं मिलता। उसी का रक्त चूसकर तो सरकार तुम्हें हुप्रे देती है। तुम्हारा ध्यान कभी उनकी ओर जाता है? अभी तुम्हारा राज नहीं है,तब तो तुम भोग-बिलास पर इतना मरते हो, जब तुम्हारा राज हो जायगा, तब तो तुम ग़रीबों को पीसकर पी जाओगे। रमा भद्र-समाज पर यह आक्षेप न सुन सका। आख़िर वह भी तो भद्रसमाज का ही एक अंग था। बोला,"
3,335,देवीदीन,"तो सुराज मिलने पर दस-दस, पांच-पांच हज़ार के अफसर नहीं रहेंगे? वकीलों की लूट नहीं रहेगी? पुलिस की लूट बंद हो जाएगी?",named_dash_quote,"दिखाने को दस-बीस कुरते गाढ़े के बनवा लिए, घर का और सब सामान बिलायती है। सब-के-सब भोग-बिलास में अंधे हो रहे हैं, छोटे भी और बड़े भी। उस पर दावा यह है कि देस का उद्धार करेंगे। अरे तुम क्या देस का उद्धार करोगे। पहले अपना उद्धार तो कर लो। गरीबों को लूटकर बिलायत का घर भरना तुम्हारा काम है। इसीलिए तुम्हारा इस देस में जनम हुआ है। हां, रोए जाव, बिलायती सराबें उडाओ, बिलायती मोटरें दौडाओ, बिलायती मुरब्बे और अचार चक्खो, बिलायती बरतनों में खाओ, बिलायती दवाइयां पियो, पर देस के नाम को रोये जाव।मुदा इस रोने से कुछ न होगा। रोने से मां दूध पिलाती है, सेर अपना सिकार नहीं छोड़ता। रोओ उसके सामने, जिसमें दया और धरम हो तुम धमकाकर ही क्या कर लोगे- जिस धमकी में कुछ दम नहीं है, उस धमकी की परवाह कौन करता है। एक बार यहां एक बडा भारी जलसा हुआ। एक साहब बहादुर खड़े होकर खूब उछले-यदे, जब वह नीचे आए, तब मैंने उनसे पूछा,साहब, सच बताओ, जब तुम सुराज का नाम लेते हो, तो उसका कौनसा रूप तुम्हारी आंखों के सामने आता है? तुम भी बडी-बडी तलब लोगे, तुम भी अंगरेज़ों की तरह बंगलों में रहोगे, पहाड़ों की हवा खाओगे,अंगरेज़ी ठाठ बनाए घूमोगे, इस सुराज से देस का क्या कल्यान होगा। तुम्हारी और तुम्हारे भाईबंदों की ज़िंदगी भले आराम और ठाठ से गुज़रे, पर देस का तो कोई भला न होगा। बस, बगलें झांकने लगे। तुम दिन में पांच बेर खाना चाहते हो, और वह भी बढिया माल, ग़रीब किसान को एक जून सूखा चबेना भी नहीं मिलता। उसी का रक्त चूसकर तो सरकार तुम्हें हुप्रे देती है। तुम्हारा ध्यान कभी उनकी ओर जाता है? अभी तुम्हारा राज नहीं है,तब तो तुम भोग-बिलास पर इतना मरते हो, जब तुम्हारा राज हो जायगा, तब तो तुम ग़रीबों को पीसकर पी जाओगे। रमा भद्र-समाज पर यह आक्षेप न सुन सका। आख़िर वह भी तो भद्रसमाज का ही एक अंग था। बोला, 'यह बात तो नहीं है दादा, कि पढ़े-लिखे लोग किसानों का ध्यान नहीं करते। उनमें से कितने ही ख़ुद किसान थे, या हैं। उन्हें अगर विश्वास हो जाय कि हमारे कष्ट उठाने से किसानों का कोई उपकार होगा और जो बचत होगी, वह किसानों के लिए ख़र्च की जायगी, तो वह ख़ुशी से कम वेतन पर काम करेंगे, लेकिन जब वह देखते हैं कि बचत दूसरे हडप। जाते हैं, तो वह सोचते हैं, अगर दूसरों को ही खाना है, तो हम क्यों न खाएं।' देवीदीन-'तो सुराज मिलने पर दस-दस, पांच-पांच हज़ार के अफसर नहीं रहेंगे? वकीलों की लूट नहीं रहेगी? पुलिस की लूट बंद हो जाएगी?'",देवीदीन-
3,336,जवाब,"दादा, तब तो सभी काम बहुमत से होगा। अगर बहुमत कहेगा कि कर्मचारियों के वेतन घटा दिए जाएं, तो घट जाएंगे। देहातों के संगठनों के लिए भी बहुमत जितने रूपये मांगेगा, मिल जाएंगे। कुंजी बहुमत के हाथ में रहेगी, और अभी दस-पांच बरस चाहे न हो लेकिन आगे चलकर बहुमत किसानों और मजूरों ही का हो जाएगा। देवीदीन ने मुस्कराकर कहा,",named_comma_quote,"एक क्षण के लिए रमा सिटपिटा गया। इस विषय में उसने ख़ुद कभी विचार न किया था, मगर तुरंत ही उसे जवाब सूझ गया। बोला, 'दादा, तब तो सभी काम बहुमत से होगा। अगर बहुमत कहेगा कि कर्मचारियों के वेतन घटा दिए जाएं, तो घट जाएंगे। देहातों के संगठनों के लिए भी बहुमत जितने रूपये मांगेगा, मिल जाएंगे। कुंजी बहुमत के हाथ में रहेगी, और अभी दस-पांच बरस चाहे न हो लेकिन आगे चलकर बहुमत किसानों और मजूरों ही का हो जाएगा। देवीदीन ने मुस्कराकर कहा,' भैया, तुम भी इन बातों को समझते हो यही मैंने भी सोचा था। भगवान करे, कुछ दिन और जिऊं। मेरा पहला सवाल यह होगा कि बिलायती चीज़ों पर दुगुना महसूल लगाया जाय और मोटरों पर चौगुना। अच्छा अब भोजन बनाओ। सांझ को चलकर कपड़े दरजी को दे देंगे। मैं भी जब तक खा लूं।'","एक क्षण के लिए रमा सिटपिटा गया। इस विषय में उसने ख़ुद कभी विचार न किया था, मगर तुरंत ही उसे जवाब सूझ गया। बोला,"
3,337,देवीदीन,"चलो भैया, अब तो अंधेरा हो गया।",named_comma_quote,"शाम को देवीदीन ने आकर कहा, 'चलो भैया, अब तो अंधेरा हो गया।'","शाम को देवीदीन ने आकर कहा,"
3,338,रमानाथ,"दादा, मैं घर न जाऊंगा।",named_comma_quote,"रमा सिर पर हाथ धरे बैठा हुआ था। मुख पर उदासी छाई हुई थी। बोला, 'दादा, मैं घर न जाऊंगा।'","रमा सिर पर हाथ धरे बैठा हुआ था। मुख पर उदासी छाई हुई थी। बोला,"
3,339,देवीदीन,क्यों क्या बात हुई?,named_comma_quote,"देवीदीन ने चकित होकर पूछा, 'क्यों क्या बात हुई?'","देवीदीन ने चकित होकर पूछा,"
3,340,रमानाथ,"कौन?सा मुंह लेकर जाऊं, दादा! मुझे तो डूब मरना चाहिए था।",named_comma_quote,"रमा की आंखें सजल हो गई। बोला, 'कौन?सा मुंह लेकर जाऊं, दादा! मुझे तो डूब मरना चाहिए था।'","रमा की आंखें सजल हो गई। बोला,"
3,341,Unknown,"कहते वह खुलकर रो पड़ा। वह वेदना जो अब तक मूर्छित पड़ी थी, शीतल जल के यह छींटे पाकर सचेत हो गई और उसके क्रंदन ने रमा के सारे अस्तित्व को जैसे छेद डाला। इसी क्रंदन के भय से वह उसे छेड़ता न था, उसे सचेत करने की चेष्टा न करता था। संयत विस्मृति से उसे अचेत ही रखना चाहता था, मानो कोई दुद्यखिनी माता अपने बालक को इसलिए जगाते",unquoted_dash,"यह कहते-कहते वह खुलकर रो पड़ा। वह वेदना जो अब तक मूर्छित पड़ी थी, शीतल जल के यह छींटे पाकर सचेत हो गई और उसके क्रंदन ने रमा के सारे अस्तित्व को जैसे छेद डाला। इसी क्रंदन के भय से वह उसे छेड़ता न था, उसे सचेत करने की चेष्टा न करता था। संयत विस्मृति से उसे अचेत ही रखना चाहता था, मानो कोई दुद्यखिनी माता अपने बालक को इसलिए जगाते",यह कहते
3,344,Unknown,"हां, है तो, मगर तुम देखकर क्या करोगे, यहां अच्छे-अच्छे गोते खा रहे हैं। एक महाशय, जो शतरंज में अपना सानी नहीं रखते, उसे हल करने के लिए सौ रूपये अपने पास से देने को तैयार हैं।",unattributed_quote,"युवकों ने एक कंबलपोश आदमी को नक्शे की बात पूछते सुना तो समझे कोई अताई होगा। एक ने रूखाई से कहा, 'हां, है तो, मगर तुम देखकर क्या करोगे, यहां अच्छे-अच्छे गोते खा रहे हैं। एक महाशय, जो शतरंज में अपना सानी नहीं रखते, उसे हल करने के लिए सौ रूपये अपने पास से देने को तैयार हैं। ' दूसरा युवक बोला, 'दिखा क्यों नहीं देते जी, कौन जाने यही बेचारे हल कर लें, शायद इन्हीं की सूझ लड़ जाए।' इस प्रेरणा में सज्जनता नहीं व्यंग्य था, उसमें यह भाव छिपा था कि हमें","युवकों ने एक कंबलपोश आदमी को नक्शे की बात पूछते सुना तो समझे कोई अताई होगा। एक ने रूखाई से कहा,"
3,344,Unknown,"दिखा क्यों नहीं देते जी, कौन जाने यही बेचारे हल कर लें, शायद इन्हीं की सूझ लड़ जाए।",unattributed_quote,"युवकों ने एक कंबलपोश आदमी को नक्शे की बात पूछते सुना तो समझे कोई अताई होगा। एक ने रूखाई से कहा, 'हां, है तो, मगर तुम देखकर क्या करोगे, यहां अच्छे-अच्छे गोते खा रहे हैं। एक महाशय, जो शतरंज में अपना सानी नहीं रखते, उसे हल करने के लिए सौ रूपये अपने पास से देने को तैयार हैं। ' दूसरा युवक बोला, 'दिखा क्यों नहीं देते जी, कौन जाने यही बेचारे हल कर लें, शायद इन्हीं की सूझ लड़ जाए।' इस प्रेरणा में सज्जनता नहीं व्यंग्य था, उसमें यह भाव छिपा था कि हमें","दूसरा युवक बोला,"
3,347,Unknown,आपने तो हल कर लिया होगा!,unattributed_quote,"एक युवक ने चुटकी ली, 'आपने तो हल कर लिया होगा!'","एक युवक ने चुटकी ली,"
3,348,Unknown,अभी नहीं किया तो एक क्षण में किए लेते हैं!,unattributed_quote,"दूसरा, 'अभी नहीं किया तो एक क्षण में किए लेते हैं!' तीसरा, 'ज़रा दो-एक चाल बताइए तो?'","दूसरा,"
3,348,Unknown,ज़रा दो-एक चाल बताइए तो?,unattributed_quote,"दूसरा, 'अभी नहीं किया तो एक क्षण में किए लेते हैं!' तीसरा, 'ज़रा दो-एक चाल बताइए तो?'","तीसरा,"
3,350,Unknown,जवाब किसके पास भेजना होगा?,unattributed_quote,"युवकों का अविश्वास कुछ कम हुआ। रमा को काग़ज़-पेंसिल मिल गया। एक क्षण में उसने नक्शा नकल कर लिया और युवकों को धन्यवाद देकर चला। एकाएक उसने फिरकर पूछा, 'जवाब किसके पास भेजना होगा?'","युवकों का अविश्वास कुछ कम हुआ। रमा को काग़ज़-पेंसिल मिल गया। एक क्षण में उसने नक्शा नकल कर लिया और युवकों को धन्यवाद देकर चला। एकाएक उसने फिरकर पूछा,"
3,351,Unknown,प्रजा-मित्र,unattributed_quote,"एक युवक ने कहा,'प्रजा-मित्र' के संपादक के पास।'","एक युवक ने कहा,"
3,353,Unknown,"सी कौधं गई। खोई हुई स्मृति मिल गई। अहा! राजा साहब ने यह नक्शा दिया था। हां, ठीक है। लगातार तीन दिन दिमाग़ लडाने के बाद इसे उसने हल किया था। नक्शे की नकल भी कर लाया था। फिर तो उसे एक-एक चाल याद आ गई। एक क्षण में नक्शा हल हो गया! उसने उल्लास के नशे में ज़मीन पर दो-तीन कुलांचें लगाई, मूछों पर ताव दिया, आईने में मुंह देखा और चारपाई पर लेट गया। इस तरह अगर महीने में एक",unquoted_dash,"सहसा उसकी आंखों के सामने बिजली-सी कौधं गई। खोई हुई स्मृति मिल गई। अहा! राजा साहब ने यह नक्शा दिया था। हां, ठीक है। लगातार तीन दिन दिमाग़ लडाने के बाद इसे उसने हल किया था। नक्शे की नकल भी कर लाया था। फिर तो उसे एक-एक चाल याद आ गई। एक क्षण में नक्शा हल हो गया! उसने उल्लास के नशे में ज़मीन पर दो-तीन कुलांचें लगाई, मूछों पर ताव दिया, आईने में मुंह देखा और चारपाई पर लेट गया। इस तरह अगर महीने में एक",सहसा उसकी आंखों के सामने बिजली
3,355,देवीदीन,"दादा, जानते हो",named_comma_quote,"देवीदीन अभी आग सुलगा रहा था कि रमा प्रसन्न मुख आकर बोला, 'दादा, जानते हो 'प्रजा-मित्र' अख़बार का दफ्तर कहां है?'","देवीदीन अभी आग सुलगा रहा था कि रमा प्रसन्न मुख आकर बोला,"
3,355,Unknown,अख़बार का दफ्तर कहां है?,unattributed_quote,"देवीदीन अभी आग सुलगा रहा था कि रमा प्रसन्न मुख आकर बोला, 'दादा, जानते हो 'प्रजा-मित्र' अख़बार का दफ्तर कहां है?'",प्रजा-मित्र
3,356,देवीदीन,,named_dash_quote,"देवीदीन-' 'जानता क्यों नहीं हूं। यहां कौन अख़बार है, जिसका पता मुझे न मालूम हो 'प्रजा-मित्र' का संपादक एक रंगीला युवक है, जो हरदम मुंह में पान भरे रहता है। मिलने जाओ, तो आंखों से बातें करता है, मगर है हिम्मत का धनी, दो बेर जेहल हो आया है।'",देवीदीन-
3,356,Unknown,प्रजा-मित्र,unattributed_quote,"देवीदीन-' 'जानता क्यों नहीं हूं। यहां कौन अख़बार है, जिसका पता मुझे न मालूम हो 'प्रजा-मित्र' का संपादक एक रंगीला युवक है, जो हरदम मुंह में पान भरे रहता है। मिलने जाओ, तो आंखों से बातें करता है, मगर है हिम्मत का धनी, दो बेर जेहल हो आया है।'","जानता क्यों नहीं हूं। यहां कौन अख़बार है, जिसका पता मुझे न मालूम हो"
3,357,रमानाथ,आज ज़रा वहां तक जाओगे?,named_dash_quote,रमा-'आज ज़रा वहां तक जाओगे?',रमा-
3,358,देवीदीन,मुझे भेजकर क्या करोगे? मैं न जा सकूंगा।,named_comma_quote,"देवीदीन ने कातर भाव से कहा, 'मुझे भेजकर क्या करोगे? मैं न जा सकूंगा। '","देवीदीन ने कातर भाव से कहा,"
3,359,Unknown,"नहीं, दूर नहीं है।",unattributed_quote,"'नहीं, दूर नहीं है।'",
3,360,देवीदीन,"बात कुछ नहीं है, बुढिया बिगड़ती है। उसे बचन दे चुका हूं कि सुदेसी-बिदेसी के झगड़े में न पड़ूंगा, न किसी अख़बार के दफ्तर में जाऊंगा। उसका दिया खाता हूं, तो उसका हुकुम भी तो बजाना पड़ेगा।",named_comma_quote,"देवीदीन ने अपराधियों के भाव से कहा, 'बात कुछ नहीं है, बुढिया बिगड़ती है। उसे बचन दे चुका हूं कि सुदेसी-बिदेसी के झगड़े में न पड़ूंगा, न किसी अख़बार के दफ्तर में जाऊंगा। उसका दिया खाता हूं, तो उसका हुकुम भी तो बजाना पड़ेगा।'","देवीदीन ने अपराधियों के भाव से कहा,"
3,363,देवीदीन,तुम्हारा वहां जाना ठीक नहीं।,named_comma_quote,"देवीदीन ने चिंतित स्वर में कहा, 'तुम्हारा वहां जाना ठीक नहीं।'","देवीदीन ने चिंतित स्वर में कहा,"
3,364,रमानाथ,तो फिर? क्या डाक से भेज दूं?,named_comma_quote,"रमा ने हैरान होकर पूछा, 'तो फिर? क्या डाक से भेज दूं? '","रमा ने हैरान होकर पूछा,"
3,365,देवीदीन,"नहीं, डाक से क्या भेजोगे। इधर-उधर हो जाय, तो तुम्हारी मेहनत अकारथ जाय। रजिस्ट्री कराओ, तो कहीं परसों पहुंचेगा। कल इतवार है। किसी और ने जवाब भेज दिया, तो इनाम वह मार ले जायगा। यह भी तो हो सकता है कि अख़बार वाले धांधली कर बैठें और तुम्हारा जवाब अपने नाम से छापकर रूपया हजम कर लें।",named_comma_quote,"देवीदीन ने एक क्षण सोचकर कहा, 'नहीं, डाक से क्या भेजोगे। इधर-उधर हो जाय, तो तुम्हारी मेहनत अकारथ जाय। रजिस्ट्री कराओ, तो कहीं परसों पहुंचेगा। कल इतवार है। किसी और ने जवाब भेज दिया, तो इनाम वह मार ले जायगा। यह भी तो हो सकता है कि अख़बार वाले धांधली कर बैठें और तुम्हारा जवाब अपने नाम से छापकर रूपया हजम कर लें।'","देवीदीन ने एक क्षण सोचकर कहा,"
3,366,रमानाथ,मैं ही चला जाऊंगा।,named_comma_quote,"रमा ने दुबिधा में पड़कर कहा, 'मैं ही चला जाऊंगा।'","रमा ने दुबिधा में पड़कर कहा,"
3,367,Unknown,तुम्हें मैं न जाने दूंगा। कहीं फंस जाओ तो बस!,unattributed_quote,'तुम्हें मैं न जाने दूंगा। कहीं फंस जाओ तो बस!',
3,368,Unknown,फंसंना तो एक दिन है ही। कब तक छिपा रहूंगा?,unattributed_quote,'फंसंना तो एक दिन है ही। कब तक छिपा रहूंगा?',
3,369,Unknown,"तो मरने के पहले ही क्यों रोना-पीटना हो जब फंसोगे, तब देखी जाएगी। लाओ, मैं चला जाऊं। बुढिया से कोई बहाना कर दूंगा। अभी भेंट भी हो जाएगी। दफ्तर ही में रहते भी हैं। फिर घूमने-घामने चल देंगे, तो दस बजे से पहले न लौटेंगे।",unattributed_quote,"'तो मरने के पहले ही क्यों रोना-पीटना हो जब फंसोगे, तब देखी जाएगी। लाओ, मैं चला जाऊं। बुढिया से कोई बहाना कर दूंगा। अभी भेंट भी हो जाएगी। दफ्तर ही में रहते भी हैं। फिर घूमने-घामने चल देंगे, तो दस बजे से पहले न लौटेंगे।'",
3,370,रमानाथ,"तो दस बजे बाद जाना, क्या हरज है।",named_dash_quote,"रमा ने डरते-डरते कहा, 'तो दस बजे बाद जाना, क्या हरज है।'","रमा ने डरते-डरते कहा,"
3,371,देवीदीन,"तब तक कोई दूसरा काम आ गया, तो आज रह जाएगा। घंटे-भर में लौट आता हूं। अभी बुढिया देर में आएगी।",named_comma_quote,"देवीदीन ने खड़े होकर कहा, 'तब तक कोई दूसरा काम आ गया, तो आज रह जाएगा। घंटे-भर में लौट आता हूं। अभी बुढिया देर में आएगी।'यह कहते हुए देवीदीन ने अपना काला कंबल ओढ़ा, रमा से लिफाफा लिया और चल दिया।","देवीदीन ने खड़े होकर कहा,"
3,372,जग्गो,"कहां गए? ज़रा बोझा तो उतारो, गरदन टूट गई।",named_dash_quote,"जग्गो साग-भाजी और फल लेने मंडी गई हुई थी। आधा घंटे में सिर पर एक टोकरी रक्खे और एक बडा-सा टोकरा मजूर के सिर पर रखवाए आई। पसीने से तर थी। आते ही बोली, 'कहां गए? ज़रा बोझा तो उतारो, गरदन टूट गई।'","जग्गो साग-भाजी और फल लेने मंडी गई हुई थी। आधा घंटे में सिर पर एक टोकरी रक्खे और एक बडा-सा टोकरा मजूर के सिर पर रखवाए आई। पसीने से तर थी। आते ही बोली,"
3,374,जग्गो,वह कहां गए हैं?,named_comma_quote,"जग्गो ने पूछा, 'वह कहां गए हैं?'","जग्गो ने पूछा,"
3,375,रमानाथ,"मुझे तो नहीं मालूम, अभी इसी तरफ चले गए हैं।",named_comma_quote,"रमा ने बहाना किया, 'मुझे तो नहीं मालूम, अभी इसी तरफ चले गए हैं।'","रमा ने बहाना किया,"
3,376,Unknown,"चरस की चाट लगी होगी और क्या, मैं मरमर कमाऊं और यह बैठे-बैठे मौज उडाएं और चरस पीएं।",unattributed_quote,"बुढिया ने मजूर के सिर का टोकरा उतरवाया और ज़मीन पर बैठकर एक टूटी-सी पंखिया झलती हुई बोली, 'चरस की चाट लगी होगी और क्या, मैं मरमर कमाऊं और यह बैठे-बैठे मौज उडाएं और चरस पीएं।'","बुढिया ने मजूर के सिर का टोकरा उतरवाया और ज़मीन पर बैठकर एक टूटी-सी पंखिया झलती हुई बोली,"
3,377,देवीदीन,क्या चरस पीते हैं? मैंने तो नहीं देखा!,named_comma_quote,"रमा जानता था, देवीदीन चरस पीता है, पर बुढिया को शांत करने के लिए बोला, 'क्या चरस पीते हैं? मैंने तो नहीं देखा!'","रमा जानता था, देवीदीन चरस पीता है, पर बुढिया को शांत करने के लिए बोला,"
3,378,Unknown,"इनसे कौन नसा छूटा है, चरस यह पीएं, गांजा यह पीएं, सराब इन्हें चाहिए,भांग इन्हें चाहिए, हां अभी तक अगीम नहीं खाई, या राम जाने खाते हों, मैं कौन हरदम देखती रहती हूं। मैं तो सोचती हूं कौन जाने आगे क्या हो, हाथ में चार पैसे होंगे, तो पराए भी अपने हो जाएंगे, पर इस भले आदमी को रत्ती- भर चिंता नहीं सताती। कभी तीरथ है, कभी कुछ, कभी कुछ, मेरा तो;नाक पर उंगली रखकरध्द नाक में दम आ गया। भगवान उठा ले जाते तो यह कुसंग तो छूट जाती। तब याद करेंगे लाला! तब जग्गो कहां मिलेगी, जो कमा-कमाकर गुलछर्रे उडाने को दिया करेगी। तब रक्त के आंसू न रोएं, तो कह देना कोई कहता था। (मजूर से)",unattributed_quote,"बुढिया ने पीठ की साड़ी हटाकर उसे पंखी की डंडी से खुजाते हुए कहा, 'इनसे कौन नसा छूटा है, चरस यह पीएं, गांजा यह पीएं, सराब इन्हें चाहिए,भांग इन्हें चाहिए, हां अभी तक अगीम नहीं खाई, या राम जाने खाते हों, मैं कौन हरदम देखती रहती हूं। मैं तो सोचती हूं कौन जाने आगे क्या हो, हाथ में चार पैसे होंगे, तो पराए भी अपने हो जाएंगे, पर इस भले आदमी को रत्ती- भर चिंता नहीं सताती। कभी तीरथ है, कभी कुछ, कभी कुछ, मेरा तो;नाक पर उंगली रखकरध्द नाक में दम आ गया। भगवान उठा ले जाते तो यह कुसंग तो छूट जाती। तब याद करेंगे लाला! तब जग्गो कहां मिलेगी, जो कमा-कमाकर गुलछर्रे उडाने को दिया करेगी। तब रक्त के आंसू न रोएं, तो कह देना कोई कहता था। (मजूर से) 'कै पैसे हुए तेरे?'","बुढिया ने पीठ की साड़ी हटाकर उसे पंखी की डंडी से खुजाते हुए कहा,"
3,379,Unknown,"बोझा देख लो दाई, गरदन टूट गई!",unattributed_quote,"मजूर ने बीड़ी जलाते हुए कहा, 'बोझा देख लो दाई, गरदन टूट गई!'","मजूर ने बीड़ी जलाते हुए कहा,"
3,380,जग्गो,"हां-हां, गरदन टूट गई! बडी सुकुमार है न? यह ले, कल फिर चले आना।",named_comma_quote,"जग्गो ने निर्दय भाव से कहा, 'हां-हां, गरदन टूट गई! बडी सुकुमार है न? यह ले, कल फिर चले आना।'","जग्गो ने निर्दय भाव से कहा,"
3,381,Unknown,यह तो बहुत कम है। मेरा पेट न भरेगा।,unattributed_quote,"मजूर ने कहा, 'यह तो बहुत कम है। मेरा पेट न भरेगा।'","मजूर ने कहा,"
3,382,जग्गो,"भैया, ज़रा आज का खरचा तो टांक दो। बाज़ार में जैसे आग लग गई है।",named_comma_quote,"जग्गो ने दो पैसे और थोड़े से आलू देकर उसे विदा किया और दुकान सजाने लगी। सहसा उसे हिसाब की याद आ गई। रमा से बोली, 'भैया, ज़रा आज का खरचा तो टांक दो। बाज़ार में जैसे आग लग गई है।'बुढिया छबडियों में चीज़ें लगा-लगाकर रखती जाती थी और हिसाब भी लिखाती जाती थी। आलू, टमाटर, कद्दू, केले, पालक, सेम, संतरे, गोभी, सब चीज़ों का तौल और दर उसे याद था। रमा से दोबारा पढ़वाकर उसने सुना तब उसे संतोष हुआ। इन सब कामों से छुट्टी पाकर उसने अपनी चिलम भरी और मोढ़े पर बैठकर पीने लगी, लेकिन उसके अंदाज से मालूम होता था कि वह तंबाकू का रस लेने के लिए नहीं, दिल को जलाने के लिए पी रही है। एक क्षण के बाद बोली, 'दूसरी औरत होती तो घड़ी-भर इसके साथ निबाह न होता, घड़ी- भर, पहर रात से चक्की में जुत जाती हूं और दस बजे रात तक दुकान पर बैठी सती होती रहती हूं। खाते-पीते बारह बजते हैं तब जाकर चार पैसे दिखाई देते हैं, और जो कुछ कमाती हूं, यह नसे में बरबाद कर देता है। सात कोठरी में छिपा के रक्खूं, पर इसकी निगाह पहुंच जाती है। निकाल लेता है। कभी एकाध चीज़-बस्त बनवा लेती हूं तो वह आंखों में गड़ने लगती है। तानों से छेदने लगता है। भाग में लड़कों का सुख भोगना नहीं बदा था, तो क्या करूं! छाती फाड़ के मर जाऊं? मांगे से मौत भी तो नहीं मिलती। सुख भोगना लिखा होता, तो जवान बेटे चल देते,और इस पियक्कड़ के हाथों मेरी यह सांसत होती! इसी ने सुदेसी के झगड़े में पड़कर मेरे लालों की जान ली। आओ, इस कोठरी में भैया, तुम्हें मुग्दर की जोड़ी दिखाऊं। दोनों इस जोड़ी से पांच-पांच सौ हाथ उधरते थे।'","जग्गो ने दो पैसे और थोड़े से आलू देकर उसे विदा किया और दुकान सजाने लगी। सहसा उसे हिसाब की याद आ गई। रमा से बोली,"
3,382,रमानाथ,"दूसरी औरत होती तो घड़ी-भर इसके साथ निबाह न होता, घड़ी- भर, पहर रात से चक्की में जुत जाती हूं और दस बजे रात तक दुकान पर बैठी सती होती रहती हूं। खाते-पीते बारह बजते हैं तब जाकर चार पैसे दिखाई देते हैं, और जो कुछ कमाती हूं, यह नसे में बरबाद कर देता है। सात कोठरी में छिपा के रक्खूं, पर इसकी निगाह पहुंच जाती है। निकाल लेता है। कभी एकाध चीज़-बस्त बनवा लेती हूं तो वह आंखों में गड़ने लगती है। तानों से छेदने लगता है। भाग में लड़कों का सुख भोगना नहीं बदा था, तो क्या करूं! छाती फाड़ के मर जाऊं? मांगे से मौत भी तो नहीं मिलती। सुख भोगना लिखा होता, तो जवान बेटे चल देते,और इस पियक्कड़ के हाथों मेरी यह सांसत होती! इसी ने सुदेसी के झगड़े में पड़कर मेरे लालों की जान ली। आओ, इस कोठरी में भैया, तुम्हें मुग्दर की जोड़ी दिखाऊं। दोनों इस जोड़ी से पांच-पांच सौ हाथ उधरते थे।",named_dash_quote,"जग्गो ने दो पैसे और थोड़े से आलू देकर उसे विदा किया और दुकान सजाने लगी। सहसा उसे हिसाब की याद आ गई। रमा से बोली, 'भैया, ज़रा आज का खरचा तो टांक दो। बाज़ार में जैसे आग लग गई है।'बुढिया छबडियों में चीज़ें लगा-लगाकर रखती जाती थी और हिसाब भी लिखाती जाती थी। आलू, टमाटर, कद्दू, केले, पालक, सेम, संतरे, गोभी, सब चीज़ों का तौल और दर उसे याद था। रमा से दोबारा पढ़वाकर उसने सुना तब उसे संतोष हुआ। इन सब कामों से छुट्टी पाकर उसने अपनी चिलम भरी और मोढ़े पर बैठकर पीने लगी, लेकिन उसके अंदाज से मालूम होता था कि वह तंबाकू का रस लेने के लिए नहीं, दिल को जलाने के लिए पी रही है। एक क्षण के बाद बोली, 'दूसरी औरत होती तो घड़ी-भर इसके साथ निबाह न होता, घड़ी- भर, पहर रात से चक्की में जुत जाती हूं और दस बजे रात तक दुकान पर बैठी सती होती रहती हूं। खाते-पीते बारह बजते हैं तब जाकर चार पैसे दिखाई देते हैं, और जो कुछ कमाती हूं, यह नसे में बरबाद कर देता है। सात कोठरी में छिपा के रक्खूं, पर इसकी निगाह पहुंच जाती है। निकाल लेता है। कभी एकाध चीज़-बस्त बनवा लेती हूं तो वह आंखों में गड़ने लगती है। तानों से छेदने लगता है। भाग में लड़कों का सुख भोगना नहीं बदा था, तो क्या करूं! छाती फाड़ के मर जाऊं? मांगे से मौत भी तो नहीं मिलती। सुख भोगना लिखा होता, तो जवान बेटे चल देते,और इस पियक्कड़ के हाथों मेरी यह सांसत होती! इसी ने सुदेसी के झगड़े में पड़कर मेरे लालों की जान ली। आओ, इस कोठरी में भैया, तुम्हें मुग्दर की जोड़ी दिखाऊं। दोनों इस जोड़ी से पांच-पांच सौ हाथ उधरते थे।'","बुढिया छबडियों में चीज़ें लगा-लगाकर रखती जाती थी और हिसाब भी लिखाती जाती थी। आलू, टमाटर, कद्दू, केले, पालक, सेम, संतरे, गोभी, सब चीज़ों का तौल और दर उसे याद था। रमा से दोबारा पढ़वाकर उसने सुना तब उसे संतोष हुआ। इन सब कामों से छुट्टी पाकर उसने अपनी चिलम भरी और मोढ़े पर बैठकर पीने लगी, लेकिन उसके अंदाज से मालूम होता था कि वह तंबाकू का रस लेने के लिए नहीं, दिल को जलाने के लिए पी रही है। एक क्षण के बाद बोली,"
3,383,रमानाथ,"मुंह-हाथ धो लिया है न बेटा, बडे मीठे संतरे लाई हूं, एक लेकर चखो तो।",named_dash_quote,"अंधेरी कोठरी में जाकर रमा ने मुग्दर की जोड़ी देखी। उस पर वार्निश थी, साफ-सुथरी मानो अभी किसी ने उधरकर रख दिया हो बुढिया ने सगर्व नजरों से देखकर कहा,लोग कहते थे कि यह जोड़ी महा ब्राह्मन को दे दे, तुझे देख-देख कलक होगा। मैंने कहा,यह जोड़ी मेरे लालों की जुफल जोड़ी है। यही मेरे दोनों लाल हैं। बुढिया के प्रति आज रमा के ह्रदय में असीम श्रद्धा जाग्रत हुई। कितना पावन धैर्य है, कितनी विशाल वत्सलता, जिसने लकड़ी के इन दो टुकड़ों को जीवन प्रदान कर दिया है। रमा ने जग्गो को माया और लोभ में डूबी हुई, पैसे पर जान देने वाली, कोमल भावों से सर्वथा विहीन समझ रक्खा था। आज उसे विदित हुआ कि उसका ह्रदय कितना स्नेहमय, कितना कोमल, कितना मनस्वी है। बुढिया ने उसके मुंह की ओर देखा, तो न जाने क्यों उसका मात!-ह्रदय उसे गले लगाने के लिए अधीर हो उठा। दोनों के ह्रदय प्रेम के सूत्र में बंध गए। एक ओर पुत्र-स्नेह था,दूसरी ओर मातृ-भक्ति। वह मालिन्य जो अब तक गुप्त भाव से दोनों को पृथक किए हुए था, आज एकाएक दूर हो गया। बुढिया ने कहा, 'मुंह-हाथ धो लिया है न बेटा, बडे मीठे संतरे लाई हूं, एक लेकर चखो तो।'","अंधेरी कोठरी में जाकर रमा ने मुग्दर की जोड़ी देखी। उस पर वार्निश थी, साफ-सुथरी मानो अभी किसी ने उधरकर रख दिया हो बुढिया ने सगर्व नजरों से देखकर कहा,लोग कहते थे कि यह जोड़ी महा ब्राह्मन को दे दे, तुझे देख-देख कलक होगा। मैंने कहा,यह जोड़ी मेरे लालों की जुफल जोड़ी है। यही मेरे दोनों लाल हैं। बुढिया के प्रति आज रमा के ह्रदय में असीम श्रद्धा जाग्रत हुई। कितना पावन धैर्य है, कितनी विशाल वत्सलता, जिसने लकड़ी के इन दो टुकड़ों को जीवन प्रदान कर दिया है। रमा ने जग्गो को माया और लोभ में डूबी हुई, पैसे पर जान देने वाली, कोमल भावों से सर्वथा विहीन समझ रक्खा था। आज उसे विदित हुआ कि उसका ह्रदय कितना स्नेहमय, कितना कोमल, कितना मनस्वी है। बुढिया ने उसके मुंह की ओर देखा, तो न जाने क्यों उसका मात!-ह्रदय उसे गले लगाने के लिए अधीर हो उठा। दोनों के ह्रदय प्रेम के सूत्र में बंध गए। एक ओर पुत्र-स्नेह था,दूसरी ओर मातृ-भक्ति। वह मालिन्य जो अब तक गुप्त भाव से दोनों को पृथक किए हुए था, आज एकाएक दूर हो गया। बुढिया ने कहा,"
3,384,रमानाथ,आज से मैं तुम्हें अम्मां कहा करूंगा।,named_comma_quote,"रमा ने संतरा खाते हुए कहा, 'आज से मैं तुम्हें अम्मां कहा करूंगा।'","रमा ने संतरा खाते हुए कहा,"
3,387,Unknown,"कहीं नहीं, ज़रा एक काम से चला गया था।",unattributed_quote,"देवी ने सरलता से मुस्कराकर कहा, 'कहीं नहीं, ज़रा एक काम से चला गया था।'","देवी ने सरलता से मुस्कराकर कहा,"
3,388,Unknown,"क्या काम था, ज़रा मैं भी तो सुनूं, या मेरे सुनने लायक नहीं है?",unattributed_quote,"'क्या काम था, ज़रा मैं भी तो सुनूं, या मेरे सुनने लायक नहीं है?'",
3,389,Unknown,"पेट में दरद था, ज़रा वैदजी के पास चूरन लेने गया था।",unattributed_quote,"'पेट में दरद था, ज़रा वैदजी के पास चूरन लेने गया था।'",
3,390,Unknown,"झूठे हो तुम, उड़ो उससे जो तुम्हें जानता न हो चरस की टोह में गए थे तुम।",unattributed_quote,"'झूठे हो तुम, उड़ो उससे जो तुम्हें जानता न हो चरस की टोह में गए थे तुम।'",
3,391,Unknown,"नहीं, तेरे चरन छूकर कहता हूं। तू झूठ-मूठ मुझे बदनाम करती है।",unattributed_quote,"'नहीं, तेरे चरन छूकर कहता हूं। तू झूठ-मूठ मुझे बदनाम करती है।'",
3,392,Unknown,तो फिर कहां गए थे तुम?,unattributed_quote,'तो फिर कहां गए थे तुम?',
3,393,Unknown,"बता तो दिया। रात खाना दो कौर ज्यादा खा गया था, सो पेट फूल गया,और मीठा-मीठा---",unattributed_quote,"'बता तो दिया। रात खाना दो कौर ज्यादा खा गया था, सो पेट फूल गया,और मीठा-मीठा---'",
3,394,Unknown,"झूठ है, बिलकुल झूठ! तुम चाहे झूठ बोलो, तुम्हारा मुंह साफ कहे देता है, यह बहाना है, चरस, गांजा, इसी टोह में गए थे तुम। मैं एक न मानूंगी। तुम्हें इस बुढ़ापे में नसे की सूझती है, यहां मेरी मरन हुई जाती है। सबेरे के गए-गए नौ बजे लौटे हैं, जानो यहां कोई इनकी लौंडी है।",unattributed_quote,"'झूठ है, बिलकुल झूठ! तुम चाहे झूठ बोलो, तुम्हारा मुंह साफ कहे देता है, यह बहाना है, चरस, गांजा, इसी टोह में गए थे तुम। मैं एक न मानूंगी। तुम्हें इस बुढ़ापे में नसे की सूझती है, यहां मेरी मरन हुई जाती है। सबेरे के गए-गए नौ बजे लौटे हैं, जानो यहां कोई इनकी लौंडी है।'",
3,396,देवीदीन,"क्या करोगी पूछकर, एक अख़बार के दफ्तर में तो गया था। जो चाहे कर ले।",named_comma_quote,"देवीदीन ने सिटपिटाकर कहा, 'क्या करोगी पूछकर, एक अख़बार के दफ्तर में तो गया था। जो चाहे कर ले।'","देवीदीन ने सिटपिटाकर कहा,"
3,397,Unknown,"तुमने फिर वही लत पकड़ी? तुमने कान न पकडाथा कि अब कभी अख़बारों के नगीच न जाऊंगा। बोलो, यही मुंह था कि कोई और!",unattributed_quote,"बुढिया ने माथा ठोंककर कहा, 'तुमने फिर वही लत पकड़ी? तुमने कान न पकडाथा कि अब कभी अख़बारों के नगीच न जाऊंगा। बोलो, यही मुंह था कि कोई और!'","बुढिया ने माथा ठोंककर कहा,"
3,398,Unknown,"तू बात तो समझती नहीं, बस बिगड़ने लगती है।",unattributed_quote,"'तू बात तो समझती नहीं, बस बिगड़ने लगती है।'",
3,399,Unknown,"ख़ूब समझती हूं। अख़बार वाले दंगा मचाते हैं और ग़रीबों को जेहल ले जाते हैं। आज बीस साल से देख रही हूं। वहां जो आता-जाता है, पकड़ लिया जाता है। तलासी तो आए दिन हुआ करती है। क्या बुढ़ापे में जेहल की रोटियां तोड़ोगे?",unattributed_quote,"'ख़ूब समझती हूं। अख़बार वाले दंगा मचाते हैं और ग़रीबों को जेहल ले जाते हैं। आज बीस साल से देख रही हूं। वहां जो आता-जाता है, पकड़ लिया जाता है। तलासी तो आए दिन हुआ करती है। क्या बुढ़ापे में जेहल की रोटियां तोड़ोगे?'",
3,400,देवीदीन,"यह रूपये हैं भैया, गिन लो। देख, यह रूपये वसूल करने गया था। जी न मानता हो, तो आधे ले ले!",named_comma_quote,"देवीदीन ने एक लिफाफा रमानाथ को देकर कहा, 'यह रूपये हैं भैया, गिन लो। देख, यह रूपये वसूल करने गया था। जी न मानता हो, तो आधे ले ले!'","देवीदीन ने एक लिफाफा रमानाथ को देकर कहा,"
3,401,Unknown,"अच्छा! तो तुम अपने साथ इस बेचारे को भी डुबाना चाहते हो तुम्हारे रूपये में आग लगा दूंगी। तुम रूपये मत लेना,भैया! जान से हाथ धोओगे। अब सेंतमेंत आदमी नहीं मिलते, तो सब लालच दिखाकर लोगों को फंसाते हैं। बाज़ार में पहरा दिलावेंगे, अदालत में गवाही करावेंगे! फेंक दो उसके रूपये, जितने रूपये चाहो, मुझसे ले जाओ।",unattributed_quote,"बुढिया ने आंखें गाड़कर कहा, 'अच्छा! तो तुम अपने साथ इस बेचारे को भी डुबाना चाहते हो तुम्हारे रूपये में आग लगा दूंगी। तुम रूपये मत लेना,भैया! जान से हाथ धोओगे। अब सेंतमेंत आदमी नहीं मिलते, तो सब लालच दिखाकर लोगों को फंसाते हैं। बाज़ार में पहरा दिलावेंगे, अदालत में गवाही करावेंगे! फेंक दो उसके रूपये, जितने रूपये चाहो, मुझसे ले जाओ।'","बुढिया ने आंखें गाड़कर कहा,"
3,402,रमानाथ,"इसमें से मेरे लिए क्या लाओगे, बेटा?",named_dash_quote,"जब रमानाथ ने सारा वृत्तांत कहा, तो बुढिया का चित्त शांत हुआ। तनी हुई भवें ढीली पड़ गई, कठोर मुद्रा नर्म हो गई। मेघ-पट को हटाकर नीला आकाश हंस पड़ा। विनोद करके बोली, 'इसमें से मेरे लिए क्या लाओगे, बेटा?'","जब रमानाथ ने सारा वृत्तांत कहा, तो बुढिया का चित्त शांत हुआ। तनी हुई भवें ढीली पड़ गई, कठोर मुद्रा नर्म हो गई। मेघ-पट को हटाकर नीला आकाश हंस पड़ा। विनोद करके बोली,"
3,403,रमानाथ,"तुम्हारे तो सभी हैं, अम्मां! मैं रूपये लेकर क्या करूंगा?",named_comma_quote,"रमा ने लिफाफा उसके सामने रखकर कहा, 'तुम्हारे तो सभी हैं, अम्मां! मैं रूपये लेकर क्या करूंगा?'","रमा ने लिफाफा उसके सामने रखकर कहा,"
3,404,Unknown,"घर क्यों नहीं भेज देते। इतने दिन आए हो गए, कुछ भेजा नहीं।",unattributed_quote,"'घर क्यों नहीं भेज देते। इतने दिन आए हो गए, कुछ भेजा नहीं।'",
3,405,Unknown,"मेरा घर यही है, अम्मां! कोई दूसरा घर नहीं है।",unattributed_quote,"'मेरा घर यही है, अम्मां! कोई दूसरा घर नहीं है।'",
3,406,Unknown,"पचास हैं, बेटा! पचास मुझसे और ले लो। चाय का पतीला रखा हुआ है। चाय की दुकान खोल दो। यहीं एक तरफ चारपांच मोढ़े और मेज़ रख लेना। दो-दो घंटे सांझ-सवेरे बैठ जाओगे तो गुज़र भर को मिल जायगा। हमारे जितने गाहक आवेंगे, उनमें से कितने ही चाय भी पी लेंगे।",unattributed_quote,"बुढिया का मातृत्व वंचित ह्रदय गद्गद हो उठा। इस मात!-भक्ति के लिए कितने दिनों से उसकी आत्मा तड़प रही थी। इस कृपण ह्रदय में जितना प्रेम संचित हो रहा था, वह सब माता के स्तन में एकत्र होने वाले दूध की भांति बाहर निकलने के लिए आतुर हो गया। उसने नोटों को गिनकर कहा,'पचास हैं, बेटा! पचास मुझसे और ले लो। चाय का पतीला रखा हुआ है। चाय की दुकान खोल दो। यहीं एक तरफ चारपांच मोढ़े और मेज़ रख लेना। दो-दो घंटे सांझ-सवेरे बैठ जाओगे तो गुज़र भर को मिल जायगा। हमारे जितने गाहक आवेंगे, उनमें से कितने ही चाय भी पी लेंगे।'","बुढिया का मातृत्व वंचित ह्रदय गद्गद हो उठा। इस मात!-भक्ति के लिए कितने दिनों से उसकी आत्मा तड़प रही थी। इस कृपण ह्रदय में जितना प्रेम संचित हो रहा था, वह सब माता के स्तन में एकत्र होने वाले दूध की भांति बाहर निकलने के लिए आतुर हो गया। उसने नोटों को गिनकर कहा,"
3,407,देवीदीन,तब चरस के पैसे मैं इस दुकान से लिया करूंगा!,named_comma_quote,"देवीदीन बोला, 'तब चरस के पैसे मैं इस दुकान से लिया करूंगा!'","देवीदीन बोला,"
3,408,Unknown,कौड़ी-कौड़ी का हिसाब लूंगी। इस उधर में न रहना।,unattributed_quote,"बुढिया ने विहंसित और पुलकित नजरों से देखकर कहा, 'कौड़ी-कौड़ी का हिसाब लूंगी। इस उधर में न रहना।'","बुढिया ने विहंसित और पुलकित नजरों से देखकर कहा,"
3,410,Unknown,जब तुम मेरी माता हो गई तो फिर काहे का छूत-विचार! मैं तुम्हारे ही हाथ का खाऊंगा।,unattributed_quote,"उन वृद्ध आंखों से प्रगाढ़, अखंड मात!त्व झलक रहा था, कितना विशुद्ध, पवित्र! ऊंच-नीच और जाति-मर्यादा का विचार आप ही आप मिट गया। बोला,'जब तुम मेरी माता हो गई तो फिर काहे का छूत-विचार! मैं तुम्हारे ही हाथ का खाऊंगा। '","उन वृद्ध आंखों से प्रगाढ़, अखंड मात!त्व झलक रहा था, कितना विशुद्ध, पवित्र! ऊंच-नीच और जाति-मर्यादा का विचार आप ही आप मिट गया। बोला,"
3,411,Unknown,"अरे नहीं बेटा! मैं तुम्हारा धरम न लूंगी, कहां तुम बराम्हन और कहां हम खटिक ऐसा कहीं हुआ है।",unattributed_quote,"बुढिया ने जीभ दांतों से दबाकर कहा, 'अरे नहीं बेटा! मैं तुम्हारा धरम न लूंगी, कहां तुम बराम्हन और कहां हम खटिक ऐसा कहीं हुआ है।'","बुढिया ने जीभ दांतों से दबाकर कहा,"
3,412,Unknown,"मैं तो तुम्हारी रसोई में खाऊंगा। जब मां-बाप खटिक हैं, तो बेटा भी खटिक है। जिसकी आत्मा बडी हो वही ब्राह्मण है।",unattributed_quote,"'मैं तो तुम्हारी रसोई में खाऊंगा। जब मां-बाप खटिक हैं, तो बेटा भी खटिक है। जिसकी आत्मा बडी हो वही ब्राह्मण है।'",
3,413,Unknown,और जो तुम्हारे घरवाले सुनें तो क्या कहें!,unattributed_quote,'और जो तुम्हारे घरवाले सुनें तो क्या कहें! ',
3,414,Unknown,"मुझे किसी के कहने-सुनने की चिंता नहीं है, अम्मां! आदमी पाप से नीच होता है, खाने-पीने से नीच नहीं होता। प्रेम से जो भोजन मिलता है, वह पवित्र होता है। उसे तो देवता भी खाते हैं।",unattributed_quote,"'मुझे किसी के कहने-सुनने की चिंता नहीं है, अम्मां! आदमी पाप से नीच होता है, खाने-पीने से नीच नहीं होता। प्रेम से जो भोजन मिलता है, वह पवित्र होता है। उसे तो देवता भी खाते हैं।'",
3,415,Unknown,"बेटा, खटिक कोई नीच जात नहीं है। हम लोग बराम्हन के हाथ का भी नहीं खाते। कहार का पानी तक नहीं पीते। मांस-मछरी हाथ से नहीं छूते, कोई-कोई सराब पीते हैं, मुदा लुक-छिपकर। इसने किसी को नहीं छोडा, बेटा! बड़े-बडे तिलकधारी गटाफट पीते हैं। लेकिन मेरी रोटियां तुम्हें अच्छी नहीं लगेंगी?",unattributed_quote,"बुढिया के ह्रदय में भी जाति-गौरव का भाव उदय हुआ। बोली, 'बेटा, खटिक कोई नीच जात नहीं है। हम लोग बराम्हन के हाथ का भी नहीं खाते। कहार का पानी तक नहीं पीते। मांस-मछरी हाथ से नहीं छूते, कोई-कोई सराब पीते हैं, मुदा लुक-छिपकर। इसने किसी को नहीं छोडा, बेटा! बड़े-बडे तिलकधारी गटाफट पीते हैं। लेकिन मेरी रोटियां तुम्हें अच्छी नहीं लगेंगी?'","बुढिया के ह्रदय में भी जाति-गौरव का भाव उदय हुआ। बोली,"
3,416,रमानाथ,"प्रेम की रोटियों में अम!त रहता है, अम्मां! चाहे गेहूं की हों या बाजरे की।",named_comma_quote,"रमा ने मुस्कराकर कहा, 'प्रेम की रोटियों में अम!त रहता है, अम्मां! चाहे गेहूं की हों या बाजरे की।'बुढिया यहां से चली तो मानो अंचल में आनंद की निधि भरे हो","रमा ने मुस्कराकर कहा,"
3,419,जागेश्वरी,रमा बाबू का कोई ख़त आया- कुछ पता लगा?उन लोगों को कोई तकलीफ तो नहीं है?,named_dash_quote,"एक दिन वह ग्रामोफोन लाई और शाम तक बजाती रही। दूसरे दिन ताजे मेवों की एक कटोरी लाकर रख गई। जब आती तो कोई सौगात लिये आती। अब तक वह जागेश्वरी से बहुत कम मिलती थी, पर अब बहुधा उसके पास आ बैठती और इधर-उधर की बातें करती। कभी-कभी उसके सिर में तेल डालती और बाल गूंथती। गोपी और विश्वम्भर से भी अब स्नेह हो गया। कभीकभी दोनों को मोटर पर घुमाने ले जाती। स्यल से आते ही दोनों उसके बंगले पर पहुंच जाते और कई लड़कों के साथ वहां खेलते। उनके रोने-चिल्लाने और झगड़ने में रतन को हार्दिक आनंद प्राप्त होता था। वकील साहब को भी अब रमा के घरवालों से कुछ आत्मीयता हो गई थी। बार-बार पूछते रहते थे, 'रमा बाबू का कोई ख़त आया- कुछ पता लगा?उन लोगों को कोई तकलीफ तो नहीं है?'","एक दिन वह ग्रामोफोन लाई और शाम तक बजाती रही। दूसरे दिन ताजे मेवों की एक कटोरी लाकर रख गई। जब आती तो कोई सौगात लिये आती। अब तक वह जागेश्वरी से बहुत कम मिलती थी, पर अब बहुधा उसके पास आ बैठती और इधर-उधर की बातें करती। कभी-कभी उसके सिर में तेल डालती और बाल गूंथती। गोपी और विश्वम्भर से भी अब स्नेह हो गया। कभीकभी दोनों को मोटर पर घुमाने ले जाती। स्यल से आते ही दोनों उसके बंगले पर पहुंच जाते और कई लड़कों के साथ वहां खेलते। उनके रोने-चिल्लाने और झगड़ने में रतन को हार्दिक आनंद प्राप्त होता था। वकील साहब को भी अब रमा के घरवालों से कुछ आत्मीयता हो गई थी। बार-बार पूछते रहते थे,"
3,420,जालपा,आज जी अच्छा नहीं है क्या?,named_comma_quote,"एक दिन रतन आई, तो चेहरा उतरा हुआ था। आंखें भारी हो रही थीं। जालपा ने पूछा, 'आज जी अच्छा नहीं है क्या?' रतन ने कुंठित स्वर में कहा,'जी तो अच्छा है, पर रात-भर जागना पड़ा।","एक दिन रतन आई, तो चेहरा उतरा हुआ था। आंखें भारी हो रही थीं। जालपा ने पूछा,"
3,423,जालपा,यहां किसी वैद्य को नहीं बुलाया?,named_comma_quote,"जालपा ने सशंक होकर कहा,'यहां किसी वैद्य को नहीं बुलाया?'","जालपा ने सशंक होकर कहा,"
3,424,Unknown,"यहां के वैद्यों को देख चुकी हूं, बहन! वैद्य -डारुक्टर सबको देख चुकी!",unattributed_quote,"'यहां के वैद्यों को देख चुकी हूं, बहन! वैद्य -डारुक्टर सबको देख चुकी!'",
3,425,Unknown,"कुछ ठीक नहीं। उनकी बीमारी पर है। एक सप्ताह में आ जाऊं, महीने -दो महीने लग जायं, क्या ठीक है, मगर जब तक बीमारी की जड़ न टूट जायगी, न आऊंगी।",unattributed_quote,"'कुछ ठीक नहीं। उनकी बीमारी पर है। एक सप्ताह में आ जाऊं, महीने -दो महीने लग जायं, क्या ठीक है, मगर जब तक बीमारी की जड़ न टूट जायगी, न आऊंगी।'",
3,426,जालपा,"ईश्वर चाहेंगे, तो वह वहां से जल्द अच्छे होकर लौटेंगे, बहन!",named_comma_quote,"विधि अंतरिक्ष में बैठी हंस रही थी। जालपा मन में मुस्कराई। जिस बीमारी की जड़ जवानी में न टूटी, बुढ़ापे में क्या टूटेगी, लेकिन इस सदिच्छा से सहानुभूति न रखना असंभव था। बोली, 'ईश्वर चाहेंगे, तो वह वहां से जल्द अच्छे होकर लौटेंगे, बहन!'","विधि अंतरिक्ष में बैठी हंस रही थी। जालपा मन में मुस्कराई। जिस बीमारी की जड़ जवानी में न टूटी, बुढ़ापे में क्या टूटेगी, लेकिन इस सदिच्छा से सहानुभूति न रखना असंभव था। बोली,"
3,427,Unknown,तुम भी चलतीं तो बडा आनंद आता।,unattributed_quote,'तुम भी चलतीं तो बडा आनंद आता।',
3,428,जालपा,"क्या चलूं बहन, जाने भी पाऊं। यहां दिन-भर यह आशा लगी रहती है कि कोई ख़बर मिलेगी। वहां मेरा जी और घबडाया करेगा।",named_comma_quote,"जालपा ने करूण भाव से कहा, 'क्या चलूं बहन, जाने भी पाऊं। यहां दिन-भर यह आशा लगी रहती है कि कोई ख़बर मिलेगी। वहां मेरा जी और घबडाया करेगा। '","जालपा ने करूण भाव से कहा,"
3,429,Unknown,मेरा दिल तो कहता है कि बाबूजी कलकत्ता में हैं।,unattributed_quote,'मेरा दिल तो कहता है कि बाबूजी कलकत्ता में हैं।',
3,430,Unknown,तो ज़रा इधर-उधर खोजना। अगर कहीं पता मिले तो मुझे तुरंत ख़बर देना।,unattributed_quote,'तो ज़रा इधर-उधर खोजना। अगर कहीं पता मिले तो मुझे तुरंत ख़बर देना।',
3,431,Unknown,"यह तुम्हारे कहने की बात नहीं है, जालपा।",unattributed_quote,"'यह तुम्हारे कहने की बात नहीं है, जालपा।'",
3,432,Unknown,यह मुझे मालूम है। ख़त तो बराबर भेजती रहोगी?,unattributed_quote,'यह मुझे मालूम है। ख़त तो बराबर भेजती रहोगी?',
3,433,Unknown,"हां अवश्य, रोज़ नहीं तो अंतरे दिन जरूर लिखा करूंगी, मगर तुम भी जवाब देना।",unattributed_quote,"'हां अवश्य, रोज़ नहीं तो अंतरे दिन जरूर लिखा करूंगी, मगर तुम भी जवाब देना।'",
3,435,रतन,"कुछ नहीं, मेरे पास कुछ रूपये हैं, तुम रख लो। मेरे पास रहेंगे, तो ख़र्च हो जायंगे।",unquoted_dash,"रतन-'कुछ नहीं, मेरे पास कुछ रूपये हैं, तुम रख लो। मेरे पास रहेंगे, तो ख़र्च हो जायंगे।",रतन
3,436,जालपा,और जो मुझसे ख़र्च हो जायं?,named_comma_quote,"जालपा ने मुस्कराकर आपत्ति की, 'और जो मुझसे ख़र्च हो जायं?'","जालपा ने मुस्कराकर आपत्ति की,"
3,438,रतन,"तुमने कुछ जवाब नहीं दिया बहन,मेरी समझ में नहीं आता, तुम मुझसे खिंची क्यों रहती हो मैं चाहती हूं, हममें और तुममें ज़रा भी अंतर न रहे लेकिन तुम मुझसे दूर भागती हो अगर मान लो मेरे सौ-पचास रूपये तुम्हीं से ख़र्च हो गए, तो क्या हुआ। बहनों में तो ऐसा कौड़ी-कौड़ी का हिसाब नहीं होता।",named_comma_quote,"जालपा विचारों में डूबी हुई ज़मीन की तरफ ताकती रही। कुछ जवाब न दिया। रतन ने शिकवे के अंदाज से कहा, 'तुमने कुछ जवाब नहीं दिया बहन,मेरी समझ में नहीं आता, तुम मुझसे खिंची क्यों रहती हो मैं चाहती हूं, हममें और तुममें ज़रा भी अंतर न रहे लेकिन तुम मुझसे दूर भागती हो अगर मान लो मेरे सौ-पचास रूपये तुम्हीं से ख़र्च हो गए, तो क्या हुआ। बहनों में तो ऐसा कौड़ी-कौड़ी का हिसाब नहीं होता।'","जालपा विचारों में डूबी हुई ज़मीन की तरफ ताकती रही। कुछ जवाब न दिया। रतन ने शिकवे के अंदाज से कहा,"
3,439,जालपा,"कुछ कहूं, बुरा तो न मानोगी?",named_comma_quote,"जालपा ने गंभीर होकर कहा, 'कुछ कहूं, बुरा तो न मानोगी?'","जालपा ने गंभीर होकर कहा,"
3,440,Unknown,बुरा मानने की बात होगी तो जरूर बुरा मानूंगी।,unattributed_quote,'बुरा मानने की बात होगी तो जरूर बुरा मानूंगी।',
3,441,Unknown,"मैं तुम्हारा दिल दुखाने के लिए नहीं कहती। संभव है, तुम्हें बुरी लगे। तुम अपने मन में सोचो, तुम्हारे इस बहनापे में दया का भाव मिला हुआ है या नहीं? तुम मेरी ग़रीबी पर तरस खाकर---",unattributed_quote,"'मैं तुम्हारा दिल दुखाने के लिए नहीं कहती। संभव है, तुम्हें बुरी लगे। तुम अपने मन में सोचो, तुम्हारे इस बहनापे में दया का भाव मिला हुआ है या नहीं? तुम मेरी ग़रीबी पर तरस खाकर---'",
3,442,रतन,"बस अब रहने दो। तुम चाहे जो ख़याल करो, मगर यह भाव कभी मेरे मन में न था और न हो सकता है। मैं तो जानती हूं, अगर मुझे भूख लगी हो, तो मैं निस्संकोच होकर तुमसे कह दूंगी, बहन, मुझे कुछ खाने को दो, भूखी हूं।",named_comma_quote,"रतन ने लपककर दोनों हाथों से उसका मुंह बंद कर दिया और बोली, 'बस अब रहने दो। तुम चाहे जो ख़याल करो, मगर यह भाव कभी मेरे मन में न था और न हो सकता है। मैं तो जानती हूं, अगर मुझे भूख लगी हो, तो मैं निस्संकोच होकर तुमसे कह दूंगी, बहन, मुझे कुछ खाने को दो, भूखी हूं।' जालपा ने उसी निर्ममता से कहा, 'इस समय तुम ऐसा कह सकती हो तुम जानती हो कि किसी दूसरे समय तुम पूरियों या रोटियों के बदले मेवे खिला सकती हो, लेकिन ईश्वर न करे कोई ऐसा समय आए जब तुम्हारे घर में रोटी का टुकडान हो, तो शायद तुम इतनी निस्संकोच न हो सको।'","रतन ने लपककर दोनों हाथों से उसका मुंह बंद कर दिया और बोली,"
3,442,जालपा,"इस समय तुम ऐसा कह सकती हो तुम जानती हो कि किसी दूसरे समय तुम पूरियों या रोटियों के बदले मेवे खिला सकती हो, लेकिन ईश्वर न करे कोई ऐसा समय आए जब तुम्हारे घर में रोटी का टुकडान हो, तो शायद तुम इतनी निस्संकोच न हो सको।",named_comma_quote,"रतन ने लपककर दोनों हाथों से उसका मुंह बंद कर दिया और बोली, 'बस अब रहने दो। तुम चाहे जो ख़याल करो, मगर यह भाव कभी मेरे मन में न था और न हो सकता है। मैं तो जानती हूं, अगर मुझे भूख लगी हो, तो मैं निस्संकोच होकर तुमसे कह दूंगी, बहन, मुझे कुछ खाने को दो, भूखी हूं।' जालपा ने उसी निर्ममता से कहा, 'इस समय तुम ऐसा कह सकती हो तुम जानती हो कि किसी दूसरे समय तुम पूरियों या रोटियों के बदले मेवे खिला सकती हो, लेकिन ईश्वर न करे कोई ऐसा समय आए जब तुम्हारे घर में रोटी का टुकडान हो, तो शायद तुम इतनी निस्संकोच न हो सको।'","जालपा ने उसी निर्ममता से कहा,"
3,445,जालपा,पत्रों के जवाब देती रहना। रूपये देती जाओ।,named_comma_quote,"जालपा आंखें पोंछकर उठ खड़ी हुई। बोली, 'पत्रों के जवाब देती रहना। रूपये देती जाओ।'","जालपा आंखें पोंछकर उठ खड़ी हुई। बोली,"
3,446,जालपा,क्या बुरा मान गई।,named_comma_quote,"रतन ने पर्स से नोटों का एक बंडल निकालकर उसके सामने रख दिया, पर उसके चेहरे पर प्रसन्नता न थी। जालपा ने सरल भाव से कहा, 'क्या बुरा मान गई।'","रतन ने पर्स से नोटों का एक बंडल निकालकर उसके सामने रख दिया, पर उसके चेहरे पर प्रसन्नता न थी। जालपा ने सरल भाव से कहा,"
3,447,रतन,बुरा मानकर तुम्हारा क्या कर लूंगी।,named_comma_quote,"रतन ने रूठे हुए शब्दों में कहा, 'बुरा मानकर तुम्हारा क्या कर लूंगी।'","रतन ने रूठे हुए शब्दों में कहा,"
3,449,इंद्रभूषण,आज तो जी बहुत हल्का मालूम होता है।,named_dash_quote,"कलकत्ता में वकील साहब ने ठरहने का पहले ही इंतज़ाम कर लिया था। कोई कष्ट न हुआ। रतन ने महराज और टीमल कहार को साथ ले लिया था। दोनों वकील साहब के पुराने नौकर थे और घर के-से आदमी हो गए थे। शहर के बाहर एक बंगला था। उसके तीन कमरे मिल गए। इससे ज्यादा जगह की वहां जरूरत भी न थी। हाते में तरह-तरह के फल-पौधो लगे हुए थे। स्थान बहुत सुंदर मालूम होता था। पास-पड़ोस में और कितने ही बंगले थे। शहर के लोग उधर हवाखोरी के लिए जाया करते थे और हरे होकर लौटते थे, पर रतन को वह जगह फाड़े खाती थी। बीमार के साथ वाले भी बीमार होते हैं। उदासों के लिए स्वर्ग भी उदास है। सगष्र ने वकील साहब को और भी शिथिल कर दिया था। दो-तीन दिन तो उनकी दशा उससे भी ख़राब रही, जैसी प्रयाग में थी,, लेकिन दवा शुरू होने के दो-तीन दिन बाद वह कुछ संभलने लगे। रतन सुबह से आधी रात तक उनके पास ही कुर्सी डाले बैठी रहती। स्नान-भोजन की भी सुधि न रहती। वकील साहब चाहते थे कि यह यहां से हट जाय तो दिल खोलकर कराहें। उसे तस्कीन देने के लिए वह अपनी दशा को छिपाने की चेष्टा करते रहते थे। वह पूछती, आज कैसी तबीयत है? तो वह फीकी मुस्कराहट के साथ कहते, 'आज तो जी बहुत हल्का मालूम होता है।' बेचारे सारी रात करवटें बदलकर काटते थे, पर रतन पूछती, 'रात नींद आई थी?' तो कहते, 'हां, खूब सोया।'रतन पथ्य सामने ले जाती, तो अरूचि होने पर भी खा लेते। रतन समझती, अब यह अच्छे हो रहे हैं। कविराज जी से भी वह यही समाचार कहती। वह भी अपने उपचार की सफलता पर प्रसन्न थे। एक दिन वकील साहब ने रतन से कहा, 'मुझे डर है कि मुझे अच्छा होकर तुम्हारी दवा न करनी पड़े।'","कलकत्ता में वकील साहब ने ठरहने का पहले ही इंतज़ाम कर लिया था। कोई कष्ट न हुआ। रतन ने महराज और टीमल कहार को साथ ले लिया था। दोनों वकील साहब के पुराने नौकर थे और घर के-से आदमी हो गए थे। शहर के बाहर एक बंगला था। उसके तीन कमरे मिल गए। इससे ज्यादा जगह की वहां जरूरत भी न थी। हाते में तरह-तरह के फल-पौधो लगे हुए थे। स्थान बहुत सुंदर मालूम होता था। पास-पड़ोस में और कितने ही बंगले थे। शहर के लोग उधर हवाखोरी के लिए जाया करते थे और हरे होकर लौटते थे, पर रतन को वह जगह फाड़े खाती थी। बीमार के साथ वाले भी बीमार होते हैं। उदासों के लिए स्वर्ग भी उदास है। सगष्र ने वकील साहब को और भी शिथिल कर दिया था। दो-तीन दिन तो उनकी दशा उससे भी ख़राब रही, जैसी प्रयाग में थी,, लेकिन दवा शुरू होने के दो-तीन दिन बाद वह कुछ संभलने लगे। रतन सुबह से आधी रात तक उनके पास ही कुर्सी डाले बैठी रहती। स्नान-भोजन की भी सुधि न रहती। वकील साहब चाहते थे कि यह यहां से हट जाय तो दिल खोलकर कराहें। उसे तस्कीन देने के लिए वह अपनी दशा को छिपाने की चेष्टा करते रहते थे। वह पूछती, आज कैसी तबीयत है? तो वह फीकी मुस्कराहट के साथ कहते,"
3,449,रतन,रात नींद आई थी?,named_comma_quote,"कलकत्ता में वकील साहब ने ठरहने का पहले ही इंतज़ाम कर लिया था। कोई कष्ट न हुआ। रतन ने महराज और टीमल कहार को साथ ले लिया था। दोनों वकील साहब के पुराने नौकर थे और घर के-से आदमी हो गए थे। शहर के बाहर एक बंगला था। उसके तीन कमरे मिल गए। इससे ज्यादा जगह की वहां जरूरत भी न थी। हाते में तरह-तरह के फल-पौधो लगे हुए थे। स्थान बहुत सुंदर मालूम होता था। पास-पड़ोस में और कितने ही बंगले थे। शहर के लोग उधर हवाखोरी के लिए जाया करते थे और हरे होकर लौटते थे, पर रतन को वह जगह फाड़े खाती थी। बीमार के साथ वाले भी बीमार होते हैं। उदासों के लिए स्वर्ग भी उदास है। सगष्र ने वकील साहब को और भी शिथिल कर दिया था। दो-तीन दिन तो उनकी दशा उससे भी ख़राब रही, जैसी प्रयाग में थी,, लेकिन दवा शुरू होने के दो-तीन दिन बाद वह कुछ संभलने लगे। रतन सुबह से आधी रात तक उनके पास ही कुर्सी डाले बैठी रहती। स्नान-भोजन की भी सुधि न रहती। वकील साहब चाहते थे कि यह यहां से हट जाय तो दिल खोलकर कराहें। उसे तस्कीन देने के लिए वह अपनी दशा को छिपाने की चेष्टा करते रहते थे। वह पूछती, आज कैसी तबीयत है? तो वह फीकी मुस्कराहट के साथ कहते, 'आज तो जी बहुत हल्का मालूम होता है।' बेचारे सारी रात करवटें बदलकर काटते थे, पर रतन पूछती, 'रात नींद आई थी?' तो कहते, 'हां, खूब सोया।'रतन पथ्य सामने ले जाती, तो अरूचि होने पर भी खा लेते। रतन समझती, अब यह अच्छे हो रहे हैं। कविराज जी से भी वह यही समाचार कहती। वह भी अपने उपचार की सफलता पर प्रसन्न थे। एक दिन वकील साहब ने रतन से कहा, 'मुझे डर है कि मुझे अच्छा होकर तुम्हारी दवा न करनी पड़े।'","बेचारे सारी रात करवटें बदलकर काटते थे, पर रतन पूछती,"
3,449,Unknown,"हां, खूब सोया।",unattributed_quote,"कलकत्ता में वकील साहब ने ठरहने का पहले ही इंतज़ाम कर लिया था। कोई कष्ट न हुआ। रतन ने महराज और टीमल कहार को साथ ले लिया था। दोनों वकील साहब के पुराने नौकर थे और घर के-से आदमी हो गए थे। शहर के बाहर एक बंगला था। उसके तीन कमरे मिल गए। इससे ज्यादा जगह की वहां जरूरत भी न थी। हाते में तरह-तरह के फल-पौधो लगे हुए थे। स्थान बहुत सुंदर मालूम होता था। पास-पड़ोस में और कितने ही बंगले थे। शहर के लोग उधर हवाखोरी के लिए जाया करते थे और हरे होकर लौटते थे, पर रतन को वह जगह फाड़े खाती थी। बीमार के साथ वाले भी बीमार होते हैं। उदासों के लिए स्वर्ग भी उदास है। सगष्र ने वकील साहब को और भी शिथिल कर दिया था। दो-तीन दिन तो उनकी दशा उससे भी ख़राब रही, जैसी प्रयाग में थी,, लेकिन दवा शुरू होने के दो-तीन दिन बाद वह कुछ संभलने लगे। रतन सुबह से आधी रात तक उनके पास ही कुर्सी डाले बैठी रहती। स्नान-भोजन की भी सुधि न रहती। वकील साहब चाहते थे कि यह यहां से हट जाय तो दिल खोलकर कराहें। उसे तस्कीन देने के लिए वह अपनी दशा को छिपाने की चेष्टा करते रहते थे। वह पूछती, आज कैसी तबीयत है? तो वह फीकी मुस्कराहट के साथ कहते, 'आज तो जी बहुत हल्का मालूम होता है।' बेचारे सारी रात करवटें बदलकर काटते थे, पर रतन पूछती, 'रात नींद आई थी?' तो कहते, 'हां, खूब सोया।'रतन पथ्य सामने ले जाती, तो अरूचि होने पर भी खा लेते। रतन समझती, अब यह अच्छे हो रहे हैं। कविराज जी से भी वह यही समाचार कहती। वह भी अपने उपचार की सफलता पर प्रसन्न थे। एक दिन वकील साहब ने रतन से कहा, 'मुझे डर है कि मुझे अच्छा होकर तुम्हारी दवा न करनी पड़े।'","तो कहते,"
3,449,इंद्रभूषण,मुझे डर है कि मुझे अच्छा होकर तुम्हारी दवा न करनी पड़े।,named_comma_quote,"कलकत्ता में वकील साहब ने ठरहने का पहले ही इंतज़ाम कर लिया था। कोई कष्ट न हुआ। रतन ने महराज और टीमल कहार को साथ ले लिया था। दोनों वकील साहब के पुराने नौकर थे और घर के-से आदमी हो गए थे। शहर के बाहर एक बंगला था। उसके तीन कमरे मिल गए। इससे ज्यादा जगह की वहां जरूरत भी न थी। हाते में तरह-तरह के फल-पौधो लगे हुए थे। स्थान बहुत सुंदर मालूम होता था। पास-पड़ोस में और कितने ही बंगले थे। शहर के लोग उधर हवाखोरी के लिए जाया करते थे और हरे होकर लौटते थे, पर रतन को वह जगह फाड़े खाती थी। बीमार के साथ वाले भी बीमार होते हैं। उदासों के लिए स्वर्ग भी उदास है। सगष्र ने वकील साहब को और भी शिथिल कर दिया था। दो-तीन दिन तो उनकी दशा उससे भी ख़राब रही, जैसी प्रयाग में थी,, लेकिन दवा शुरू होने के दो-तीन दिन बाद वह कुछ संभलने लगे। रतन सुबह से आधी रात तक उनके पास ही कुर्सी डाले बैठी रहती। स्नान-भोजन की भी सुधि न रहती। वकील साहब चाहते थे कि यह यहां से हट जाय तो दिल खोलकर कराहें। उसे तस्कीन देने के लिए वह अपनी दशा को छिपाने की चेष्टा करते रहते थे। वह पूछती, आज कैसी तबीयत है? तो वह फीकी मुस्कराहट के साथ कहते, 'आज तो जी बहुत हल्का मालूम होता है।' बेचारे सारी रात करवटें बदलकर काटते थे, पर रतन पूछती, 'रात नींद आई थी?' तो कहते, 'हां, खूब सोया।'रतन पथ्य सामने ले जाती, तो अरूचि होने पर भी खा लेते। रतन समझती, अब यह अच्छे हो रहे हैं। कविराज जी से भी वह यही समाचार कहती। वह भी अपने उपचार की सफलता पर प्रसन्न थे। एक दिन वकील साहब ने रतन से कहा, 'मुझे डर है कि मुझे अच्छा होकर तुम्हारी दवा न करनी पड़े।'","रतन पथ्य सामने ले जाती, तो अरूचि होने पर भी खा लेते। रतन समझती, अब यह अच्छे हो रहे हैं। कविराज जी से भी वह यही समाचार कहती। वह भी अपने उपचार की सफलता पर प्रसन्न थे। एक दिन वकील साहब ने रतन से कहा,"
3,450,रतन,इससे बढ़कर क्या बात होगी। मैं तो ईश्वर से मनाती हूं कि तुम्हारी बीमारी मुझे दे दें।,named_comma_quote,"रतन ने प्रसन्न होकर कहा, 'इससे बढ़कर क्या बात होगी। मैं तो ईश्वर से मनाती हूं कि तुम्हारी बीमारी मुझे दे दें। 'शाम को घूम आया करो। अगर बीमार पड़ने की इच्छा हो, तो मेरे अच्छे","रतन ने प्रसन्न होकर कहा,"
3,451,Unknown,"कहां जाऊं, मेरा तो कहीं जाने को जी ही नहीं चाहता। मुझे यहीं सबसे अच्छा लगता है।",unattributed_quote,"'कहां जाऊं, मेरा तो कहीं जाने को जी ही नहीं चाहता। मुझे यहीं सबसे अच्छा लगता है।'",
3,452,रमानाथ,"ज़रा शहर के पार्को में घूम-घाम कर देखो, शायद रमानाथ का पता चल जाय। रतन को अपना वादा याद आ गया। रमा को पा जाने की आनंदमय आशा ने एक क्षण के लिए उसे चंचल कर दिया। कहीं वह पार्क में बैठे मिल जाएं, तो पूछूं कहिए बाबूजी, अब कहां भागकर जाइएगा? इस कल्पना से उसकी मुद्रा खिल उठी। बोली,",named_comma_quote,"वकील साहब को एकाएक रमानाथ का ख़याल आ गया। बोले, 'ज़रा शहर के पार्को में घूम-घाम कर देखो, शायद रमानाथ का पता चल जाय। रतन को अपना वादा याद आ गया। रमा को पा जाने की आनंदमय आशा ने एक क्षण के लिए उसे चंचल कर दिया। कहीं वह पार्क में बैठे मिल जाएं, तो पूछूं कहिए बाबूजी, अब कहां भागकर जाइएगा? इस कल्पना से उसकी मुद्रा खिल उठी। बोली, 'जालपा से मैंने वादा तो किया था कि पता लगाऊंगी,पर यहां आकर भूल गई।'","वकील साहब को एकाएक रमानाथ का ख़याल आ गया। बोले,"
3,453,इंद्रभूषण,"आज चली जाओ। आज क्या, शाम को रोज़ घंटे-भर के लिए निकल जाया करो।",named_comma_quote,"वकील साहब ने साग्रह कहा, 'आज चली जाओ। आज क्या, शाम को रोज़ घंटे-भर के लिए निकल जाया करो।'","वकील साहब ने साग्रह कहा,"
3,454,रतन,लेकिन चिंता तो लगी रहेगी।,named_comma_quote,"रतन ने चिंतित होकर कहा, 'लेकिन चिंता तो लगी रहेगी।'","रतन ने चिंतित होकर कहा,"
3,455,इंद्रभूषण,मेरी? मैं तो अच्छा हो रहा हूं।,named_comma_quote,"वकील साहब ने मुस्कराकर कहा, 'मेरी? मैं तो अच्छा हो रहा हूं।'","वकील साहब ने मुस्कराकर कहा,"
3,456,रतन,"अच्छा, चली जाऊंगी।",named_comma_quote,"रतन ने संदिग्ध भाव से कहा, 'अच्छा, चली जाऊंगी।'","रतन ने संदिग्ध भाव से कहा,"
3,457,इंद्रभूषण,"मुझे ज़रा उठाकर बिठा दो,टीमल, पड़े-पड़े कमर सीधी हो गई। एक प्याली चाय पिला दो। कई दिन हो गए, चाय की सूरत नहीं देखी। यह पथ्य मुझे मारे डालता है। दूध देखकर ज्वर चढ़ आता है, पर उनकी ख़ातिर से पी लेता हूं! मुझे तो इन कविराज की दवा से कोई फायदा नहीं मालूम होता। तुम्हें क्या मालूम होता है?",named_dash_quote,"रतन को कल से वकील साहब के आश्वासन पर कुछ संदेह होने लगा था। उनकी चेष्टा से अच्छे होने का कोई लक्षण उसे न दिखाई देता था। इनका चेहरा क्यों दिन-दिन पीला पड़ता जाता है! इनकी आंखें क्यों हरदम बंद रहती हैं! देह क्यों दिन-दिन घुलती जाती है! महराज और कहार से वह यह शंका न कह सकती थी। कविराज से पूछते उसे संकोच होता था। अगर कहीं रमा मिल जाते, तो उनसे पूछती। वह इतने दिनों से यहां हैं, किसी दूसरे डाक्टर को दिखाती। इन कविराज जी से उसे कुछ-कुछ निराशा हो चली थी। जब रतन चली गई, तो वकील साहब ने टीमल से कहा, 'मुझे ज़रा उठाकर बिठा दो,टीमल, पड़े-पड़े कमर सीधी हो गई। एक प्याली चाय पिला दो। कई दिन हो गए, चाय की सूरत नहीं देखी। यह पथ्य मुझे मारे डालता है। दूध देखकर ज्वर चढ़ आता है, पर उनकी ख़ातिर से पी लेता हूं! मुझे तो इन कविराज की दवा से कोई फायदा नहीं मालूम होता। तुम्हें क्या मालूम होता है?'","रतन को कल से वकील साहब के आश्वासन पर कुछ संदेह होने लगा था। उनकी चेष्टा से अच्छे होने का कोई लक्षण उसे न दिखाई देता था। इनका चेहरा क्यों दिन-दिन पीला पड़ता जाता है! इनकी आंखें क्यों हरदम बंद रहती हैं! देह क्यों दिन-दिन घुलती जाती है! महराज और कहार से वह यह शंका न कह सकती थी। कविराज से पूछते उसे संकोच होता था। अगर कहीं रमा मिल जाते, तो उनसे पूछती। वह इतने दिनों से यहां हैं, किसी दूसरे डाक्टर को दिखाती। इन कविराज जी से उसे कुछ-कुछ निराशा हो चली थी। जब रतन चली गई, तो वकील साहब ने टीमल से कहा,"
3,458,टीमल,"बाबूजी सो देख लेव, यह तो मैं पहले ही कहने वाला था। सो देख लेव, बहूजी के डर के मारे नहीं कहता था।",named_comma_quote,"टीमल ने वकील साहब को तकिए के सहारे बैठाकर कहा, 'बाबूजी सो देख लेव, यह तो मैं पहले ही कहने वाला था। सो देख लेव, बहूजी के डर के मारे नहीं कहता था।'","टीमल ने वकील साहब को तकिए के सहारे बैठाकर कहा,"
3,459,इंद्रभूषण,"मैं मौत से डरता नहीं, टीमल! बिलकुल नहीं। मुझे स्वर्ग और नरक पर बिलकुल विश्वास नहीं है। अगर संस्कारों के अनुसार आदमी को जन्म लेना पड़ता है, तो मुझे विश्वास है, मेरा जन्म किसी अच्छे घर में होगा। फिर भी मरने को जी नहीं चाहता। सोचता हूं, मर गया तो क्या होगा।",named_comma_quote,"वकील साहब ने कई मिनट चुप रहने के बाद कहा, 'मैं मौत से डरता नहीं, टीमल! बिलकुल नहीं। मुझे स्वर्ग और नरक पर बिलकुल विश्वास नहीं है। अगर संस्कारों के अनुसार आदमी को जन्म लेना पड़ता है, तो मुझे विश्वास है, मेरा जन्म किसी अच्छे घर में होगा। फिर भी मरने को जी नहीं चाहता। सोचता हूं, मर गया तो क्या होगा।'","वकील साहब ने कई मिनट चुप रहने के बाद कहा,"
3,460,टीमल,"बाबूजी सो देख लेव, आप ऐसी बातें न करें। भगवान चाहेंगे, तो आप अच्छे हो जाएंगे। किसी दूसरे डाक्टर को बुलाऊं- आप लोग तो अंगरेज़ी पढ़े हैं, सो देख लेव, कुछ मानते ही नहीं, मुझे तो कुछ और ही संदेह हो रहा है। कभी-कभी गंवारों की भी सुन लिया करो। सो देख लेव,आप मानो चाहे न मानो, मैं तो एक सयाने को लाऊंगा। बंगाल के ओझे-सयाने मसहूर हैं।",named_comma_quote,"टीमल ने कहा, 'बाबूजी सो देख लेव, आप ऐसी बातें न करें। भगवान चाहेंगे, तो आप अच्छे हो जाएंगे। किसी दूसरे डाक्टर को बुलाऊं- आप लोग तो अंगरेज़ी पढ़े हैं, सो देख लेव, कुछ मानते ही नहीं, मुझे तो कुछ और ही संदेह हो रहा है। कभी-कभी गंवारों की भी सुन लिया करो। सो देख लेव,आप मानो चाहे न मानो, मैं तो एक सयाने को लाऊंगा। बंगाल के ओझे-सयाने मसहूर हैं।'","टीमल ने कहा,"
3,462,Unknown,"सरकार, चाय लाया हूं।",unattributed_quote,"महराज ने चाय लाकर कहा, 'सरकार, चाय लाया हूं।'","महराज ने चाय लाकर कहा,"
3,463,इंद्रभूषण,"ले जाओ, अब न पीऊंगा। उन्हें मालूम होगा, तो दुखी होंगी। क्यों महराज, जब से मैं आया हूं मेरा चेहरा कुछ हरा हुआ है?",named_comma_quote,"वकील साहब ने चाय के प्याले को क्षुधित नजरों से देखकर कहा, 'ले जाओ, अब न पीऊंगा। उन्हें मालूम होगा, तो दुखी होंगी। क्यों महराज, जब से मैं आया हूं मेरा चेहरा कुछ हरा हुआ है?'","वकील साहब ने चाय के प्याले को क्षुधित नजरों से देखकर कहा,"
3,464,टीमल,"हरा क्यों नहीं हुआ है, हां, जितना होना चाहिए उतना नहीं हुआ।",named_comma_quote,"महराज ने टीमल की ओर देखा। वह हमेशा दूसरों की राय देखकर राय दिया करते थे। ख़ुद सोचने की शक्ति उनमें न थी। अगर टीमल ने कहा है,आप अच्छे हो रहे हैं, तो वह भी इसका समर्थन करेंगे। टीमल ने इसके विरुद्ध कहा है, तो उन्हें भी इसके विरुद्ध ही कहना चाहिए। टीमल ने उनके असमंजस को भांपकर कहा, 'हरा क्यों नहीं हुआ है, हां, जितना होना चाहिए उतना नहीं हुआ।'","महराज ने टीमल की ओर देखा। वह हमेशा दूसरों की राय देखकर राय दिया करते थे। ख़ुद सोचने की शक्ति उनमें न थी। अगर टीमल ने कहा है,आप अच्छे हो रहे हैं, तो वह भी इसका समर्थन करेंगे। टीमल ने इसके विरुद्ध कहा है, तो उन्हें भी इसके विरुद्ध ही कहना चाहिए। टीमल ने उनके असमंजस को भांपकर कहा,"
3,465,Unknown,"हां, कुछ हरा जरूर हुआ है, मुदा बहुत कम।",unattributed_quote,"महराज बोले, 'हां, कुछ हरा जरूर हुआ है, मुदा बहुत कम।'","महराज बोले,"
3,468,Unknown,टीमल! क्या सिद्धू आए थे?,unattributed_quote,"क्षीण स्वर में बोले, 'टीमल! क्या सिद्धू आए थे?'","क्षीण स्वर में बोले,"
3,469,Unknown,"मुझे ऐसा मालूम हुआ, जैसे सिद्धू आए हों।",unattributed_quote,"फिर इस प्रश्न पर आप ही लज्जित हो मुस्कराते हुए बोले, 'मुझे ऐसा मालूम हुआ, जैसे सिद्धू आए हों।'","फिर इस प्रश्न पर आप ही लज्जित हो मुस्कराते हुए बोले,"
3,470,Unknown,"बेटा, तुम्हारा जी कैसा है?",unattributed_quote,"फिर गहरी सांस लेकर चुप हो गए, और आंखें बंद कर लीं। सिद्धू उस बेटे का नाम था, जो जवान होकर मर गया था। इस समय वकील साहब को बराबर उसी की याद आ रही थी। कभी उसका बालपन सामने आ जाता, कभी उसका मरना आगे दिखाई देने लगता,कितने स्पष्ट, कितने सजीव चित्र थे। उनकी स्मृति कभी इतनी मूर्तिमान, इतनी चित्रमय न थी। कई मिनट के बाद उन्होंने फिर आंखें खोलीं और इधर-उधर खोई हुई आंखों से देखा। उन्हें अभी ऐसा जान पड़ता था कि मेरी माता आकर पूछ रही हैं, 'बेटा, तुम्हारा जी कैसा है?'","फिर गहरी सांस लेकर चुप हो गए, और आंखें बंद कर लीं। सिद्धू उस बेटे का नाम था, जो जवान होकर मर गया था। इस समय वकील साहब को बराबर उसी की याद आ रही थी। कभी उसका बालपन सामने आ जाता, कभी उसका मरना आगे दिखाई देने लगता,कितने स्पष्ट, कितने सजीव चित्र थे। उनकी स्मृति कभी इतनी मूर्तिमान, इतनी चित्रमय न थी। कई मिनट के बाद उन्होंने फिर आंखें खोलीं और इधर-उधर खोई हुई आंखों से देखा। उन्हें अभी ऐसा जान पड़ता था कि मेरी माता आकर पूछ रही हैं,"
3,471,टीमल,"यहां आओ। किसी वकील को बुला लाओ, जल्दी जाओ, नहीं वह घूमकर आती होंगी।",named_comma_quote,"सहसा उन्होंने टीमल से कहा, 'यहां आओ। किसी वकील को बुला लाओ, जल्दी जाओ, नहीं वह घूमकर आती होंगी।'","सहसा उन्होंने टीमल से कहा,"
3,472,इंद्रभूषण,कहां?कहां गई?कुछ उसका पता मिला?,named_dash_quote,"इतने में मोटर का हार्न सुनाई दिया और एक पल में रतन आ पहुंची। वकील को बुलाने की बात उड़ गई। वकील साहब ने प्रसन्न-मुख होकर पूछा, 'कहां?कहां गई?कुछ उसका पता मिला?'","इतने में मोटर का हार्न सुनाई दिया और एक पल में रतन आ पहुंची। वकील को बुलाने की बात उड़ गई। वकील साहब ने प्रसन्न-मुख होकर पूछा,"
3,473,रतन,"कई जगह देखा। कहीं न दिखाई दिए। इतने बडे शहर में सड़कों का पता तो जल्दी चलता नहीं, वह भला क्या मिलेंगे। दवा खाने का समय तो आ गया न?",named_comma_quote,"रतन ने उनके माथे पर हाथ रखते हुए कहा, 'कई जगह देखा। कहीं न दिखाई दिए। इतने बडे शहर में सड़कों का पता तो जल्दी चलता नहीं, वह भला क्या मिलेंगे। दवा खाने का समय तो आ गया न?'","रतन ने उनके माथे पर हाथ रखते हुए कहा,"
3,474,इंद्रभूषण,"लाओ, खा लूं।",named_comma_quote,"वकील साहब ने दबी ज़बान से कहा, 'लाओ, खा लूं।'","वकील साहब ने दबी ज़बान से कहा,"
3,475,रतन,उन लोगों में से किसी को तार दे दूं?,named_dash_quote,"रतन ने दवा निकाली और उन्हें उठाकर पिलाई। इस समय वह न जानेक्यों कुछ भयभीत-सी हो रही थी। एक अस्पष्ट, अज्ञात शंका उसके ह्रदय को दबाए हुए थी। एकाएक उसने कहा, 'उन लोगों में से किसी को तार दे दूं?'","रतन ने दवा निकाली और उन्हें उठाकर पिलाई। इस समय वह न जानेक्यों कुछ भयभीत-सी हो रही थी। एक अस्पष्ट, अज्ञात शंका उसके ह्रदय को दबाए हुए थी। एकाएक उसने कहा,"
3,476,इंद्रभूषण,"नहीं-नहीं, किसी को बुलाने की जरूरत नहीं। मैं अच्छा हो रहा हूं।",named_comma_quote,"वकील साहब ने प्रश्न की आंखों से देखा। फिर आप ही आप उसका आशय समझकर बोले, 'नहीं-नहीं, किसी को बुलाने की जरूरत नहीं। मैं अच्छा हो रहा हूं।'","वकील साहब ने प्रश्न की आंखों से देखा। फिर आप ही आप उसका आशय समझकर बोले,"
3,477,Unknown,मैं चाहता हूं कि अपनी वसीयत लिखवा दूं।,unattributed_quote,"फिर एक क्षण के बाद सावधान होने की चेष्टा करके बोले, 'मैं चाहता हूं कि अपनी वसीयत लिखवा दूं।'","फिर एक क्षण के बाद सावधान होने की चेष्टा करके बोले,"
3,479,Unknown,अपनों,unattributed_quote,"'अपनों' के लिए इस समय रतन अधीर हो रही थी। कोई भी तो अपना होता, जिस पर वह विश्वास कर सकती, जिससे सलाह ले सकती। घर के लोग आ जाते, तो दौड़-धूप करके किसी दूसरे डाक्टर को बुलाते। वह अकेली क्या? क्या करे- आख़िर भाई-बंद और किस दिन काम आवेंगे। संकट में ही अपने काम आते हैं। फिर यह क्यों कहते हैं कि किसी को मत बुलाओ!",
3,480,Unknown,"सरकार, भोजन तैयार है। थाली परसूं?",unattributed_quote,"वसीयत की बात फिर उसे याद आ गई! यह विचार क्यों इनके मन में आया? वैद्य जी ने कुछ कहा तो नहीं? क्या होने वाला है, भगवान! यह शब्द अपने सारे संसर्गो के साथ उसके ह्रदय को विदीर्ण करने लगा। चिल्ला-चिल्लाकर रोने के लिए उसका मन विकल हो उठा। अपनी माता याद आई। उसके अंचल में मुंह छिपाकर रोने की आकांक्षा उसके मन में उत्पन्न हुई। उस स्नेहमय अंचल में रोकर उसकी बाल-आत्मा को कितना संतोष होता था। कितनी जल्द उसकी सारी मनोव्यथा शांत हो जाती थी। आह! यह आधार भी अब नहीं। महराज ने आकर कहा, 'सरकार, भोजन तैयार है। थाली परसूं?'","वसीयत की बात फिर उसे याद आ गई! यह विचार क्यों इनके मन में आया? वैद्य जी ने कुछ कहा तो नहीं? क्या होने वाला है, भगवान! यह शब्द अपने सारे संसर्गो के साथ उसके ह्रदय को विदीर्ण करने लगा। चिल्ला-चिल्लाकर रोने के लिए उसका मन विकल हो उठा। अपनी माता याद आई। उसके अंचल में मुंह छिपाकर रोने की आकांक्षा उसके मन में उत्पन्न हुई। उस स्नेहमय अंचल में रोकर उसकी बाल-आत्मा को कितना संतोष होता था। कितनी जल्द उसकी सारी मनोव्यथा शांत हो जाती थी। आह! यह आधार भी अब नहीं। महराज ने आकर कहा,"
3,482,Unknown,"तुम लोग खा लो, महराज! मुझे आज भूख नहीं लगी है।",unattributed_quote,"मगर एक ही क्षण में रतन को महराज पर दया आ गई। उसने कौन-सी बुराई की जो भोजन के लिए पूछने आया। भोजन भी ऐसी चीज़ है, जिसे कोई छोड़ सके! वह रसोई में जाकर महराज से बोली, 'तुम लोग खा लो, महराज! मुझे आज भूख नहीं लगी है।'","मगर एक ही क्षण में रतन को महराज पर दया आ गई। उसने कौन-सी बुराई की जो भोजन के लिए पूछने आया। भोजन भी ऐसी चीज़ है, जिसे कोई छोड़ सके! वह रसोई में जाकर महराज से बोली,"
3,483,Unknown,"दो ही फुलके खा लीजिए, सरकार!",unattributed_quote,"महराज ने आग्रह किया, 'दो ही फुलके खा लीजिए, सरकार!'","महराज ने आग्रह किया,"
3,485,Unknown,"क्यों महराज, बाबूजी को इस कविराज की दवा से कोई लाभ हो रहा है?",unattributed_quote,"रतन को उसके दुर्बल मुख पर अनुराग का तेज़ नज़र आया। उसने पूछा, 'क्यों महराज, बाबूजी को इस कविराज की दवा से कोई लाभ हो रहा है?'","रतन को उसके दुर्बल मुख पर अनुराग का तेज़ नज़र आया। उसने पूछा,"
3,486,Unknown,"डरते वही शब्द दुहरा दिए, जो आज वकील साहब से कहे थे,कुछ-कुछतो हो रहा है, लेकिन जितना होना चाहिए उतना नहीं।",unquoted_dash,"महराज ने डरते-डरते वही शब्द दुहरा दिए, जो आज वकील साहब से कहे थे,कुछ-कुछतो हो रहा है, लेकिन जितना होना चाहिए उतना नहीं।",महराज ने डरते
3,488,Unknown,"भगवान सब अच्छा ही करेंगे बहूजी, घबडाने से क्या होगा। अपना तो कोई बस नहीं है।",unattributed_quote,"महराज की आंखें डबडबा गई। बोले, 'भगवान सब अच्छा ही करेंगे बहूजी, घबडाने से क्या होगा। अपना तो कोई बस नहीं है।'","महराज की आंखें डबडबा गई। बोले,"
3,489,रतन,यहां कोई ज्योतिषी न मिलेगा? ज़रा उससे पूछते। कुछ पूजापाठ भी करा लेने से अच्छा होता है।,named_comma_quote,"रतन ने पूछा, 'यहां कोई ज्योतिषी न मिलेगा? ज़रा उससे पूछते। कुछ पूजापाठ भी करा लेने से अच्छा होता है।'","रतन ने पूछा,"
3,490,Unknown,"यह तो मैं पहले ही कहने वाला था, बहूजी! लेकिन बाबूजी का मिजाज तो जानती हो इन बातों से वह कितना बिगड़ते हैं।",unattributed_quote,"महराज ने तुष्टि के भाव से कहा, 'यह तो मैं पहले ही कहने वाला था, बहूजी! लेकिन बाबूजी का मिजाज तो जानती हो इन बातों से वह कितना बिगड़ते हैं।'","महराज ने तुष्टि के भाव से कहा,"
3,491,रतन,सबेरे किसी को जरूर बुला लाना।,named_comma_quote,"रतन ने दृढ़ता से कहा, 'सबेरे किसी को जरूर बुला लाना।'","रतन ने दृढ़ता से कहा,"
3,495,Unknown,माताजी को मेरा प्रणाम कहना।,unattributed_quote,' माताजी को मेरा प्रणाम कहना। ',
3,498,Unknown,अब विदाई का समय आ गया। मेरे अपरा के---,unattributed_quote,"एकाएक उन्होंने क्षीण स्वर में कहा,रतन-' अब विदाई का समय आ गया। मेरे अपरा के---'","एकाएक उन्होंने क्षीण स्वर में कहा,रतन-"
3,500,रतन,"टीमल, महराज, क्या दोनों मर गए?",named_comma_quote,"रतन ने चीखकर कहा, 'टीमल, महराज, क्या दोनों मर गए?'","रतन ने चीखकर कहा,"
3,501,Unknown,"मैं सोया थोड़े ही था बहूजी, क्या बाबूजी?",unattributed_quote,"महराज ने आकर कहा, 'मैं सोया थोड़े ही था बहूजी, क्या बाबूजी?'","महराज ने आकर कहा,"
3,502,रतन,"बको मत, जाकर कविराज को बुला लाओ, कहना अभी चलिए।",named_comma_quote,"रतन ने डांटकर कहा, 'बको मत, जाकर कविराज को बुला लाओ, कहना अभी चलिए।'","रतन ने डांटकर कहा,"
3,504,रतन,"तुम्हें बडी तकलीफ हो रही है मुन्नी! क्या जानता था, इतनी जल्द यह समय आ जाएगा। मैंने तुम्हारे साथ बडा अन्याय किया है, प्रिये! ओह कितना बडा अन्याय! मन की सारी लालसा मन में रह गई। मैंने तुम्हारे जीवन का सर्वनाश कर दिया,क्षमा करना।",named_comma_quote,"आवाज़ काबू में हुई। रतन के दोनों हाथ अपने गालों पर रखकर बोले, 'तुम्हें बडी तकलीफ हो रही है मुन्नी! क्या जानता था, इतनी जल्द यह समय आ जाएगा। मैंने तुम्हारे साथ बडा अन्याय किया है, प्रिये! ओह कितना बडा अन्याय! मन की सारी लालसा मन में रह गई। मैंने तुम्हारे जीवन का सर्वनाश कर दिया,क्षमा करना।'","आवाज़ काबू में हुई। रतन के दोनों हाथ अपने गालों पर रखकर बोले,"
3,507,रतन,"टीमल, ज़रा पानी गरम करोगे?",named_comma_quote,"रतन ने कहा, 'टीमल, ज़रा पानी गरम करोगे?'","रतन ने कहा,"
3,508,टीमल,"पानी गरम करके क्या करोगी बहूजी, गोदान करा दो। दो बूंद गंगाजल मुंह में डाल दो।",named_dash_quote,"टीमल ने वहीं खड़े-खड़े कहा, 'पानी गरम करके क्या करोगी बहूजी, गोदान करा दो। दो बूंद गंगाजल मुंह में डाल दो।'","टीमल ने वहीं खड़े-खड़े कहा,"
3,512,टीमल,"बहूजी, आइए खाट से उतार दें। मालिक चले गए!",named_comma_quote,"टीमल ने वकील साहब के मुख की ओर देखकर कहा, 'बहूजी, आइए खाट से उतार दें। मालिक चले गए!'","टीमल ने वकील साहब के मुख की ओर देखकर कहा,"
4,2,टीमल,"बहूजी, जाने वाला तो चला गया, अब घर-द्वार की भी कुछ ख़बर लीजिए। मैंने सुना, भैयाजी ने बैंक का सब रूपया अपने नाम करा लिया।",named_dash_quote,"शहर में जिन-जिन वकीलों और रईसों से वकील साहब का परिचय था, उन सबसे उसने ऐसा मेल-जोल बढ़ाया, ऐसी बेतकल्लुफी पैदा की कि रतन को ख़बर नहीं और उसने बैंक का लेन-देन अपने नाम से शुरू कर दिया। इलाहाबाद बैंक में वकील साहब के बीस हज़ार रूपये जमा थे। उस पर तो उसने कब्ज़ा कर ही लिया, मकानों के किराए भी वसूल करने लगा। गांवों की तहसील भी ख़ुद ही शुरू कर दी, मानो रतन से कोई मतलब नहीं है। एक दिन टीमल ने आकर रतन से कहा, 'बहूजी, जाने वाला तो चला गया, अब घर-द्वार की भी कुछ ख़बर लीजिए। मैंने सुना, भैयाजी ने बैंक का सब रूपया अपने नाम करा लिया।'","शहर में जिन-जिन वकीलों और रईसों से वकील साहब का परिचय था, उन सबसे उसने ऐसा मेल-जोल बढ़ाया, ऐसी बेतकल्लुफी पैदा की कि रतन को ख़बर नहीं और उसने बैंक का लेन-देन अपने नाम से शुरू कर दिया। इलाहाबाद बैंक में वकील साहब के बीस हज़ार रूपये जमा थे। उस पर तो उसने कब्ज़ा कर ही लिया, मकानों के किराए भी वसूल करने लगा। गांवों की तहसील भी ख़ुद ही शुरू कर दी, मानो रतन से कोई मतलब नहीं है। एक दिन टीमल ने आकर रतन से कहा,"
4,4,मणिभूषण,"काकीजी, अब तो मुझे यहां रहना व्यर्थ मालूम होता है। मैं सोचता हूं, अब आपको लेकर घर चला जाऊं। वहां आपकी बहू आपकी सेवा करेगी, बाल-बच्चों में आपका जी बहल जायगा और ख़र्च भी कम हो जाएगा। आप कहें तो यह बंगला बेच दिया जाय। अच्छे दाम मिल जायंगे।",named_comma_quote,"एक दिन मणिभूषण ने रतन से कहा, 'काकीजी, अब तो मुझे यहां रहना व्यर्थ मालूम होता है। मैं सोचता हूं, अब आपको लेकर घर चला जाऊं। वहां आपकी बहू आपकी सेवा करेगी, बाल-बच्चों में आपका जी बहल जायगा और ख़र्च भी कम हो जाएगा। आप कहें तो यह बंगला बेच दिया जाय। अच्छे दाम मिल जायंगे।'","एक दिन मणिभूषण ने रतन से कहा,"
4,5,रतन,क्या मुझसे कुछ कह रहे हो?,named_comma_quote,"रतन इस तरह चौंकी, मानो उसकी मूर्छा भंग हो गई हो, मानो किसी ने उसे झंझोड़कर जगा दिया हो सकपकाई हुई आंखों से उसकी ओर देखकर बोली, 'क्या मुझसे कुछ कह रहे हो?'","रतन इस तरह चौंकी, मानो उसकी मूर्छा भंग हो गई हो, मानो किसी ने उसे झंझोड़कर जगा दिया हो सकपकाई हुई आंखों से उसकी ओर देखकर बोली,"
4,6,मणिभूषण,"जी हां, कह रहा था कि अब हम लोगों का यहां रहना व्यर्थ है। आपको लेकर चला जाऊं, तो कैसा हो?",named_dash_quote,"मणिभूषण-'जी हां, कह रहा था कि अब हम लोगों का यहां रहना व्यर्थ है। आपको लेकर चला जाऊं, तो कैसा हो?'",मणिभूषण-
4,7,रतन,"हां, अच्छा तो होगा।",named_comma_quote,"रतन ने उदासीनता से कहा, 'हां, अच्छा तो होगा।'","रतन ने उदासीनता से कहा,"
4,8,मणिभूषण,"काकाजी ने कोई वसीयतनामा लिखा हो, तो लाइए देखूं, उनको इच्छाओं के आगे सिर झुकाना हमारा धर्म है।",named_dash_quote,"मणिभूषण-'काकाजी ने कोई वसीयतनामा लिखा हो, तो लाइए देखूं, उनको इच्छाओं के आगे सिर झुकाना हमारा धर्म है।'",मणिभूषण-
4,9,रतन,"वसीयत तो नहीं लिखी, और क्या जरूरत थी?",named_comma_quote,"रतन ने उसी भांति आकाश पर बैठे हुए, जैसे संसार की बातों से अब उसे कोई सरोकार ही न रहा हो, जवाब दिया, 'वसीयत तो नहीं लिखी, और क्या जरूरत थी?'","रतन ने उसी भांति आकाश पर बैठे हुए, जैसे संसार की बातों से अब उसे कोई सरोकार ही न रहा हो, जवाब दिया,"
4,10,मणिभूषण,शायद कहीं लिखकर रख गए हों?,named_comma_quote,"मणिभूषण ने फिर पूछा, 'शायद कहीं लिखकर रख गए हों?'","मणिभूषण ने फिर पूछा,"
4,11,रतन,मुझे तो कुछ मालूम नहीं। कभी ज़िक्र नहीं किया।,named_dash_quote,रतन-'मुझे तो कुछ मालूम नहीं। कभी ज़िक्र नहीं किया।',रतन-
4,13,रतन,"हां-हां, मैं भी चाहती हूं।",named_comma_quote,"रतन ने उत्सुकता से कहा, 'हां-हां, मैं भी चाहती हूं।'","रतन ने उत्सुकता से कहा,"
4,14,मणिभूषण,"गांव की आमदनी कोई तीन हज़ार साल की है, यह आपको मालूम है। इतना ही उनका वार्षिक दान होता था। मैंने उनके हिसाब की किताब देखी है। दो सौ-ढाई सौ से किसी महीने में कम नहीं है। मेरी सलाह है कि वह सब ज्यों-का-त्यों बना रहे।",named_dash_quote,"मणिभूषण-'गांव की आमदनी कोई तीन हज़ार साल की है, यह आपको मालूम है। इतना ही उनका वार्षिक दान होता था। मैंने उनके हिसाब की किताब देखी है। दो सौ-ढाई सौ से किसी महीने में कम नहीं है। मेरी सलाह है कि वह सब ज्यों-का-त्यों बना रहे।'",मणिभूषण-
4,16,मणिभूषण,तो गांव की आमदनी तो धार्मार्थ पर अर्पण कर दी जाए। मकानों का किराया कोई दो सौ रूपये महीना है। इससे उनके नाम पर एक छोटीसी संस्कृत पाठशाला खोल दी जाए।,unquoted_dash,मणिभूषण-'तो गांव की आमदनी तो धार्मार्थ पर अर्पण कर दी जाए। मकानों का किराया कोई दो सौ रूपये महीना है। इससे उनके नाम पर एक छोटीसी संस्कृत पाठशाला खोल दी जाए।,मणिभूषण
4,17,रतन,बहुत अच्छा होगा।,named_dash_quote,रतन-'बहुत अच्छा होगा।',रतन-
4,18,मणिभूषण,और यह बंगला बेच दिया जाए। इस रूपये को बैंक में रख दिया जाय।,named_dash_quote,मणिभूषण-'और यह बंगला बेच दिया जाए। इस रूपये को बैंक में रख दिया जाय।',मणिभूषण-
4,19,रतन,बहुत अच्छा होगा। मुझे रूपये-पैसे की अब क्या जरूरत है।,named_dash_quote,रतन-'बहुत अच्छा होगा। मुझे रूपये-पैसे की अब क्या जरूरत है।',रतन-
4,20,मणिभूषण,"आपकी सेवा के लिए तो हम सब हाज़िर हैं। मोटर भी अलग कर दी जाय। अभी से यह फिक्र की जाएगी, तब जाकर कहीं दो-तीन महीने में फुरसत मिलेगी।",named_dash_quote,"मणिभूषण-'आपकी सेवा के लिए तो हम सब हाज़िर हैं। मोटर भी अलग कर दी जाय। अभी से यह फिक्र की जाएगी, तब जाकर कहीं दो-तीन महीने में फुरसत मिलेगी।'",मणिभूषण-
4,21,रतन,अभी जल्दी क्या है। कुछ रूपये बैंक में तो हैं।,named_comma_quote,"रतन ने लापरवाही से कहा, 'अभी जल्दी क्या है। कुछ रूपये बैंक में तो हैं।'","रतन ने लापरवाही से कहा,"
4,22,मणिभूषण,"बैंक में कुछ रूपये थे, मगर महीने-भर से ख़र्च भी तो होरहे हैं। हज़ार-पांच सौ पड़े होंगे। यहां तो रूपये जैसे हवा में उड़ जाते हैं। मुझसे तो इस शहर में एक महीना भी न रहा जाय। मोटर को तो जल्द ही निकाल देना चाहिए।",named_dash_quote,"मणिभूषण-'बैंक में कुछ रूपये थे, मगर महीने-भर से ख़र्च भी तो होरहे हैं। हज़ार-पांच सौ पड़े होंगे। यहां तो रूपये जैसे हवा में उड़ जाते हैं। मुझसे तो इस शहर में एक महीना भी न रहा जाय। मोटर को तो जल्द ही निकाल देना चाहिए।'",मणिभूषण-
4,23,रतन,अच्छा तो होगा।,named_comma_quote,"रतन ने इसके जवाब में भी यही कह दिया, 'अच्छा तो होगा।'","रतन ने इसके जवाब में भी यही कह दिया,"
4,28,Unknown,"शोक के बाद पहली बार घर से निकली। कहीं रौनक न थी, कहीं जीवन न था, मानो सारा नगर शोक मना रहा है। उसे तेज़ मोटर चलाने की धुन थी, पर आज वह तांगे से भी कम जा रही थी। एक वृद्धा को सडक के किनारे बैठे देखकर उसने मोटर रोक दिया और उसे चार आने दे दिए। कुछ आगे और बढ़ी, तो दो कांस्टेबल एक कैदी को लिये जा रहे थे। उसने मोटर रोककर एक कांस्टेबल को बुलाया और उसे एक रूपया देकर कहा,इस कैदी को मिठाई खिला देना। कांस्टेबल ने सलाम करके रूपया ले लिया। दिल में ख़ुश हुआ, आज किसी भाग्यवान का मुंह देखकर उठा था।",unquoted_dash,"आज वह पति-शोक के बाद पहली बार घर से निकली। कहीं रौनक न थी, कहीं जीवन न था, मानो सारा नगर शोक मना रहा है। उसे तेज़ मोटर चलाने की धुन थी, पर आज वह तांगे से भी कम जा रही थी। एक वृद्धा को सडक के किनारे बैठे देखकर उसने मोटर रोक दिया और उसे चार आने दे दिए। कुछ आगे और बढ़ी, तो दो कांस्टेबल एक कैदी को लिये जा रहे थे। उसने मोटर रोककर एक कांस्टेबल को बुलाया और उसे एक रूपया देकर कहा,इस कैदी को मिठाई खिला देना। कांस्टेबल ने सलाम करके रूपया ले लिया। दिल में ख़ुश हुआ, आज किसी भाग्यवान का मुंह देखकर उठा था।",आज वह पति
4,29,जालपा,"क्षमा करना बहन, आज मैं न आ सकी। दादाजी को कई दिन से ज्वर आ रहा है।",named_comma_quote,"जालपा ने उसे देखते ही कहा, 'क्षमा करना बहन, आज मैं न आ सकी। दादाजी को कई दिन से ज्वर आ रहा है।'","जालपा ने उसे देखते ही कहा,"
4,30,रतन,यहीं हैं न? तुमने मुझसे न कहा।,named_comma_quote,"रतन ने तुरंत मुंशीजी के कमरे की ओर कदम उठाया और पूछा, 'यहीं हैं न? तुमने मुझसे न कहा।'","रतन ने तुरंत मुंशीजी के कमरे की ओर कदम उठाया और पूछा,"
4,31,मुंशीजी,"बडा दुःख हुआ देवीजी, मगर यह तो संसार है। आज एक की बारी है, कल दूसरे की बारी है। यही चल-चलाव लगा हुआ है। अब मैं भी चला। नहीं बच सकता बडी प्यास है, जैसे छाती में कोई भटठी जल रही हो फुंका जाता हूं। कोई अपना नहीं होता। बाईजी, संसार के नाते सब स्वार्थ के नाते हैं। आदमी अकेला हाथ पसारे एक दिन चला जाता है। हाय-हाय! लड़का था वह भी हाथ से निकल गया! न जाने कहां गया। आज होता, तो एक पानी देने वाला तो होता। यह दो लौंडे हैं, इन्हें कोई फिक्र ही नहीं, मैं मर जाऊं या जी जाऊं। इन्हें तीन वक्त खाने को चाहिए, तीन दट्ठ पानी पीने को, बस और किसी काम के नहीं। यहां बैठते दोनों का दम घुटता है। क्या करूं। अबकी न बचूंगा।",named_comma_quote,"मुंशीजी का ज्वर इस समय कुछ उतरा हुआ था। रतन को देखते ही बोले, 'बडा दुःख हुआ देवीजी, मगर यह तो संसार है। आज एक की बारी है, कल दूसरे की बारी है। यही चल-चलाव लगा हुआ है। अब मैं भी चला। नहीं बच सकता बडी प्यास है, जैसे छाती में कोई भटठी जल रही हो फुंका जाता हूं। कोई अपना नहीं होता। बाईजी, संसार के नाते सब स्वार्थ के नाते हैं। आदमी अकेला हाथ पसारे एक दिन चला जाता है। हाय-हाय! लड़का था वह भी हाथ से निकल गया! न जाने कहां गया। आज होता, तो एक पानी देने वाला तो होता। यह दो लौंडे हैं, इन्हें कोई फिक्र ही नहीं, मैं मर जाऊं या जी जाऊं। इन्हें तीन वक्त खाने को चाहिए, तीन दट्ठ पानी पीने को, बस और किसी काम के नहीं। यहां बैठते दोनों का दम घुटता है। क्या करूं। अबकी न बचूंगा।'","मुंशीजी का ज्वर इस समय कुछ उतरा हुआ था। रतन को देखते ही बोले,"
4,32,रतन,"यह मलेरिया है, दो-चार दिन में आप अच्छे हो जायंगे। घबडाने की कोई बात नहीं।",named_comma_quote,"रतन ने तस्कीन दी, 'यह मलेरिया है, दो-चार दिन में आप अच्छे हो जायंगे। घबडाने की कोई बात नहीं।'","रतन ने तस्कीन दी,"
4,33,मुंशीजी,"बैठ जाइए बहूजी, आप कहती हैं, आपका आशीर्वाद है, तो शायद बच जाऊं, लेकिन मुझे तो आशा नहीं है। मैं भी ताल ठोके यमराज से लड़ने को तैयार बैठा हूं। अब उनके घर मेहमानी खाऊंगा। अब कहां जाते हैं बचकर बचा! ऐसा-ऐसा रगेदूं, कि वह भी याद करें। लोग कहते हैं, वहां भी आत्माएं इसी तरह रहती हैं। इसी तरह वहां भी कचहरियां हैं, हाकिम हैं, राजा हैं, रंक हैं। व्याख्यान होते हैं, समाचार-पत्र छपते हैं। फिर क्या चिंता है। वहां भी अहलमद हो जाऊंगा। मज़े से अख़बार पढ़ा करूंगा।",named_comma_quote,"मुंशीजी ने दीन नजरों से देखकर कहा, 'बैठ जाइए बहूजी, आप कहती हैं, आपका आशीर्वाद है, तो शायद बच जाऊं, लेकिन मुझे तो आशा नहीं है। मैं भी ताल ठोके यमराज से लड़ने को तैयार बैठा हूं। अब उनके घर मेहमानी खाऊंगा। अब कहां जाते हैं बचकर बचा! ऐसा-ऐसा रगेदूं, कि वह भी याद करें। लोग कहते हैं, वहां भी आत्माएं इसी तरह रहती हैं। इसी तरह वहां भी कचहरियां हैं, हाकिम हैं, राजा हैं, रंक हैं। व्याख्यान होते हैं, समाचार-पत्र छपते हैं। फिर क्या चिंता है। वहां भी अहलमद हो जाऊंगा। मज़े से अख़बार पढ़ा करूंगा।'","मुंशीजी ने दीन नजरों से देखकर कहा,"
4,37,रतन,मेरे साथ न चलोगी?,named_dash_quote,रतन-'मेरे साथ न चलोगी?',रतन-
4,38,जालपा,"आज तो न चल सयंगी, बहन।",named_dash_quote,"जालपा-'आज तो न चल सयंगी, बहन।'",जालपा-
4,39,Unknown,"कह नहीं सकती। दादा का जी कुछ हल्का रहा, तो आऊंगी।",unattributed_quote,"'कह नहीं सकती। दादा का जी कुछ हल्का रहा, तो आऊंगी।'",
4,40,Unknown,"नहीं भाई, जरूर आना। तुमसे एक सलाह करनी है।",unattributed_quote,"'नहीं भाई, जरूर आना। तुमसे एक सलाह करनी है।'",
4,41,Unknown,"मन्नी कहते हैं, यहां अब रहकर क्या करना है, घर चलो। बंगले को बेच देने को कहते हैं।",unattributed_quote,"'मन्नी कहते हैं, यहां अब रहकर क्या करना है, घर चलो। बंगले को बेच देने को कहते हैं।'",
4,42,जालपा,"यह तो तुमने बुरी ख़बर सुनाई, बहन! मुझे इस दशा में तुम छोड़कर चली जाओगी?मैं न जाने दूंगी! मन्नी से कह दो, बंगला बेच दें, मगर जब तक उनका कुछ पता न चल जायगा। मैं तुम्हें न छोड़ूंगी। तुम कुल एक हफ्ते बाहर रहीं, मुझे एक-एक पल पहाड़ हो गया। मैं न जानती थी कि मुझे तुमसे इतना प्रेम हो गया है। अब तो शायद मैं मर ही जाऊं। नहीं बहन, तुम्हारे पैरों पड़ती हूं, अभी जाने का नाम न लेना।",named_comma_quote,"जालपा ने एकाएक ठिठककर उसका हाथ पकड़ लिया और बोली, 'यह तो तुमने बुरी ख़बर सुनाई, बहन! मुझे इस दशा में तुम छोड़कर चली जाओगी?मैं न जाने दूंगी! मन्नी से कह दो, बंगला बेच दें, मगर जब तक उनका कुछ पता न चल जायगा। मैं तुम्हें न छोड़ूंगी। तुम कुल एक हफ्ते बाहर रहीं, मुझे एक-एक पल पहाड़ हो गया। मैं न जानती थी कि मुझे तुमसे इतना प्रेम हो गया है। अब तो शायद मैं मर ही जाऊं। नहीं बहन, तुम्हारे पैरों पड़ती हूं, अभी जाने का नाम न लेना।'","जालपा ने एकाएक ठिठककर उसका हाथ पकड़ लिया और बोली,"
4,43,रतन,"मुझसे भी वहां न रहा जायगा, सच कहती हूं। मैं तो कह दूंगी, मुझे नहीं जाना है।",named_comma_quote,"रतन की भी आंखें भर आई। बोली, 'मुझसे भी वहां न रहा जायगा, सच कहती हूं। मैं तो कह दूंगी, मुझे नहीं जाना है।' जालपा उसका हाथ पकड़े हुए ऊपर अपने कमरे में ले गई और उसके गले में हाथ डालकर बोली, 'कसम खाओ कि मुझे छोड़कर न जाओगी।'","रतन की भी आंखें भर आई। बोली,"
4,43,जालपा,कसम खाओ कि मुझे छोड़कर न जाओगी।,named_comma_quote,"रतन की भी आंखें भर आई। बोली, 'मुझसे भी वहां न रहा जायगा, सच कहती हूं। मैं तो कह दूंगी, मुझे नहीं जाना है।' जालपा उसका हाथ पकड़े हुए ऊपर अपने कमरे में ले गई और उसके गले में हाथ डालकर बोली, 'कसम खाओ कि मुझे छोड़कर न जाओगी।'","जालपा उसका हाथ पकड़े हुए ऊपर अपने कमरे में ले गई और उसके गले में हाथ डालकर बोली,"
4,44,रतन,"लो, कसम खाती हूं, न जाऊंगी। चाहे इधर की दुनिया उधार हो जाय। मेरे लिए वहां क्या रक्खा है। बंगला भी क्यों बेचूं, दो-ढाई सौ मकानों का किराया है। हम दोनों के गुज़र के लिए काफी है। मैं आज ही मन्नी से कह दूंगी,मैं न जाऊंगी।",named_comma_quote,"रतन ने उसे अंकवार में लेकर कहा, 'लो, कसम खाती हूं, न जाऊंगी। चाहे इधर की दुनिया उधार हो जाय। मेरे लिए वहां क्या रक्खा है। बंगला भी क्यों बेचूं, दो-ढाई सौ मकानों का किराया है। हम दोनों के गुज़र के लिए काफी है। मैं आज ही मन्नी से कह दूंगी,मैं न जाऊंगी।'","रतन ने उसे अंकवार में लेकर कहा,"
4,47,जालपा,लेकिन इतने पुरस्कार के लोभ से कहीं अच्छे शतरंजबाज़ों ने मैदान में कदम रक्खा तो?,named_comma_quote,"जालपा ने शंका की, 'लेकिन इतने पुरस्कार के लोभ से कहीं अच्छे शतरंजबाज़ों ने मैदान में कदम रक्खा तो?'","जालपा ने शंका की,"
4,49,जालपा,तो तुम्हें आशा है?,named_dash_quote,जालपा-'तो तुम्हें आशा है?',जालपा-
4,50,Unknown,पूरी! मैं कल सबेरे रूपये लेकर आऊंगी।,unattributed_quote,'पूरी! मैं कल सबेरे रूपये लेकर आऊंगी।',
4,51,Unknown,तो मैं आज ख़त लिख रक्खूंगी। किसके पास भेजूं? वहां का कोई प्रसिद्ध पत्र होना चाहिए।,unattributed_quote,'तो मैं आज ख़त लिख रक्खूंगी। किसके पास भेजूं? वहां का कोई प्रसिद्ध पत्र होना चाहिए।',
4,52,Unknown,वहां तो,unattributed_quote,'वहां तो 'प्रजा-मित्र' की बडी चर्चा थी। पुस्तकालयों में अक्सर लोग उसी को पढ़ते नज़र आते थे। ',
4,52,Unknown,की बडी चर्चा थी। पुस्तकालयों में अक्सर लोग उसी को पढ़ते नज़र आते थे।,unattributed_quote,'वहां तो 'प्रजा-मित्र' की बडी चर्चा थी। पुस्तकालयों में अक्सर लोग उसी को पढ़ते नज़र आते थे। ',प्रजा-मित्र
4,53,Unknown,तो,unattributed_quote,"'तो 'प्रजा-मित्र' ही को लिखूंगी, लेकिन रूपये हड़प कर जाय और नक्शा न छापे तो क्या हो?'",
4,53,Unknown,"ही को लिखूंगी, लेकिन रूपये हड़प कर जाय और नक्शा न छापे तो क्या हो?",unattributed_quote,"'तो 'प्रजा-मित्र' ही को लिखूंगी, लेकिन रूपये हड़प कर जाय और नक्शा न छापे तो क्या हो?'",प्रजा-मित्र
4,54,Unknown,"होगा क्या, पचास रूपये ही तो ले जाएगा। दमड़ी की हंडिया खोकर कुत्तों की जात तो पहचान ली जायगी, लेकिन ऐसा हो नहीं सकता जो लोग देशहित के लिए जेल जाते हैं, तरह-तरह की धौंस सहते हैं, वे इतने नीच नहीं हो सकते। मेरे साथ आधा घंटे के लिए चलो तो तुम्हें इसी वक्त रूपये दे दूं।",unattributed_quote,"'होगा क्या, पचास रूपये ही तो ले जाएगा। दमड़ी की हंडिया खोकर कुत्तों की जात तो पहचान ली जायगी, लेकिन ऐसा हो नहीं सकता जो लोग देशहित के लिए जेल जाते हैं, तरह-तरह की धौंस सहते हैं, वे इतने नीच नहीं हो सकते। मेरे साथ आधा घंटे के लिए चलो तो तुम्हें इसी वक्त रूपये दे दूं।'",
4,55,जालपा,इस वक्त क़हां चलूं। कल ही आऊंगी।,named_comma_quote,"जालपा ने नीमराजी होकर कहा, 'इस वक्त क़हां चलूं। कल ही आऊंगी।'","जालपा ने नीमराजी होकर कहा,"
4,56,मुंशीजी,बहू! बहू!,named_comma_quote,"उसी वक्त मुंशीजी पुकार उठे, 'बहू! बहू!'","उसी वक्त मुंशीजी पुकार उठे,"
4,57,रतन,तुम्हें गर्मी लग रही है अम्मांजी? मैं तो ठंड के मारे कांप रही हूं। अरे! तुम्हारे पांवों में यह क्या उजला-उजला लगा हुआ है? क्या आटा पीस रही थीं?,named_comma_quote,"जालपा तो लपकी हुई उनके कमरे की ओर चली। रतन बाहर जा रही थी कि जागेश्वरी पंखा लिये अपने को झलती हुई दिखाई पड़ गई। रतन ने पूछा, 'तुम्हें गर्मी लग रही है अम्मांजी? मैं तो ठंड के मारे कांप रही हूं। अरे! तुम्हारे पांवों में यह क्या उजला-उजला लगा हुआ है? क्या आटा पीस रही थीं?'","जालपा तो लपकी हुई उनके कमरे की ओर चली। रतन बाहर जा रही थी कि जागेश्वरी पंखा लिये अपने को झलती हुई दिखाई पड़ गई। रतन ने पूछा,"
4,58,जागेश्वरी,"हां, वैद्य जी ने इन्हें हाथ के आटे की रोटी खाने को कहा है। बाज़ार में हाथ का आटा कहां मयस्सर- मुहल्ले में कोई पिसनहारी नहीं मिलती। मजूरिनें तक चक्की से आटा पिसवा लेती हैं। मैं तो एक आना सेर देने को राज़ी हूं, पर कोई मिलती ही नहीं।",named_comma_quote,"जागेश्वरी ने लज्जित होकर कहा, 'हां, वैद्य जी ने इन्हें हाथ के आटे की रोटी खाने को कहा है। बाज़ार में हाथ का आटा कहां मयस्सर- मुहल्ले में कोई पिसनहारी नहीं मिलती। मजूरिनें तक चक्की से आटा पिसवा लेती हैं। मैं तो एक आना सेर देने को राज़ी हूं, पर कोई मिलती ही नहीं।'","जागेश्वरी ने लज्जित होकर कहा,"
4,59,रतन,तुमसे चक्की चल जाती है?,named_comma_quote,"रतन ने अचंभे से कहा, 'तुमसे चक्की चल जाती है?'","रतन ने अचंभे से कहा,"
4,61,रतन,"तुमसे तो अब जांत न चलता होगा, मांजी! लाओ थोडासा गेहूं मुझे दो, देखूं तो।",named_comma_quote,"रतन जाकर जांत के पास एक मिनट खड़ी रही, फिर मुस्कराकर माची पर बैठ गई और बोली, 'तुमसे तो अब जांत न चलता होगा, मांजी! लाओ थोडासा गेहूं मुझे दो, देखूं तो।'","रतन जाकर जांत के पास एक मिनट खड़ी रही, फिर मुस्कराकर माची पर बैठ गई और बोली,"
4,62,जागेश्वरी,"अरे नहीं बहू, तुम क्या पीसोगी!चलो यहां से।",named_comma_quote,"जागेश्वरी ने कानों पर हाथ रखकर कहा, 'अरे नहीं बहू, तुम क्या पीसोगी!चलो यहां से।'","जागेश्वरी ने कानों पर हाथ रखकर कहा,"
4,63,रतन,"मैंने बहुत दिनों तक पीसा है, मांजीब जब मैं अपने घर थी, तो रोज़ पीसती थी। मेरी अम्मां, लाओ थोडा-सा गेहूं।",named_comma_quote,"रतन ने प्रमाण दिया, 'मैंने बहुत दिनों तक पीसा है, मांजीब जब मैं अपने घर थी, तो रोज़ पीसती थी। मेरी अम्मां, लाओ थोडा-सा गेहूं।'","रतन ने प्रमाण दिया,"
4,64,Unknown,हाथ दुखने लगेगा। छाले पड़ जाएंगे।,unattributed_quote,'हाथ दुखने लगेगा। छाले पड़ जाएंगे।',
4,65,Unknown,"कुछ नहीं होगा मांजी, आप गेहूं तो लाइए।",unattributed_quote,"'कुछ नहीं होगा मांजी, आप गेहूं तो लाइए।'",
4,66,जागेश्वरी,गेहूं घर में नहीं हैं। अब इस वक्त बाज़ार से कौन लावे।,named_comma_quote,"जागेश्वरी ने उसका हाथ पकड़कर उठाने की कोशिश करके कहा, 'गेहूं घर में नहीं हैं। अब इस वक्त बाज़ार से कौन लावे।'","जागेश्वरी ने उसका हाथ पकड़कर उठाने की कोशिश करके कहा,"
4,67,Unknown,"अच्छा चलिए, मैं भंडारे में देखूं। गेहूं होगा कैसे नहीं।",unattributed_quote,"'अच्छा चलिए, मैं भंडारे में देखूं। गेहूं होगा कैसे नहीं।'",
4,69,जालपा,"यह तुमने क्या ग़ज़ब किया, अम्मांजी! सचमुच, कोई देख ले तो नाक ही कट जाय! चलिए, ज़रा देखूं।",named_comma_quote,"जालपा ने मुंशीजी के कमरे से निकलकर सास की घबराहट का आनंद उठाने के लिए कहा, 'यह तुमने क्या ग़ज़ब किया, अम्मांजी! सचमुच, कोई देख ले तो नाक ही कट जाय! चलिए, ज़रा देखूं।'","जालपा ने मुंशीजी के कमरे से निकलकर सास की घबराहट का आनंद उठाने के लिए कहा,"
4,70,जागेश्वरी,"क्या करूं, मैं तो समझा के हार गई, मानतीं ही नहीं।",named_comma_quote,"जागेश्वरी ने विवशता से कहा, 'क्या करूं, मैं तो समझा के हार गई, मानतीं ही नहीं।'","जागेश्वरी ने विवशता से कहा,"
4,72,जालपा,"ओ री, आटा महीन हो, नहीं पैसे न मिलेंगे।",named_comma_quote,"जालपा ने हंसकर कहा, 'ओ री, आटा महीन हो, नहीं पैसे न मिलेंगे।'","जालपा ने हंसकर कहा,"
4,74,जालपा,"आटा खूब महीन पीसना, नहीं पैसे न पाएगी।",named_comma_quote,"जालपा ने और ज़ोर से कहा, 'आटा खूब महीन पीसना, नहीं पैसे न पाएगी।' रतन ने भी हंसकर कहा, जितना महीन कहिए उतना महीन पीस दूं,बहूजी। पिसाई अच्छी मिलनी चाहिए।","जालपा ने और ज़ोर से कहा,"
4,75,जालपा,मुंह धो आओ। धोले सेर मिलेंगे।,named_dash_quote,जालपा-'मुंह धो आओ। धोले सेर मिलेंगे।',जालपा-
4,76,रतन,मैं यह सब पीसकर उठूंगी। तुम यहां क्यों खड़ी हो?,named_dash_quote,रतन-'मैं यह सब पीसकर उठूंगी। तुम यहां क्यों खड़ी हो?',रतन-
4,77,जालपा,"आ जाऊं, मैं भी खिंचा दूं।",named_dash_quote,"जालपा-'आ जाऊं, मैं भी खिंचा दूं।'",जालपा-
4,78,रतन,"जी चाहता है, कोई जांत का गीत गाऊं!",named_dash_quote,"रतन-'जी चाहता है, कोई जांत का गीत गाऊं!'",रतन-
4,79,जालपा,"अकेले कैसे गाओगी! (जागेश्वरी से) अम्मां आप ज़रा दादाजी के पास बैठ जायं, मैं अभी आती हूं।",named_dash_quote,"जालपा-'अकेले कैसे गाओगी! (जागेश्वरी से) अम्मां आप ज़रा दादाजी के पास बैठ जायं, मैं अभी आती हूं।'",जालपा-
4,81,Unknown,मोहि जोगिन बनाके कहां गए रे जोगिया।,unattributed_quote,'मोहि जोगिन बनाके कहां गए रे जोगिया।',
4,85,Unknown,मनोरमा थियेटर,unattributed_quote,"एक दिन 'मनोरमा थियेटर' में राधेश्याम का कोई नया ड्रामा होने वाला था। इस ड्रामे की बडी धूम थी। एक दिन पहले से ही लोग अपनी जगहें रक्षित करा रहे थे। रमा को भी अपनी जगह रक्षित करा लेने की धुन सवार हुई। सोचा, कहीं रात को टिकट न मिला तो टापते रह जायंगे। तमाशे की बडी तारीफ है। उस वक्त एक के दो देने पर भी जगह न मिलेगी। इसी उत्सुकता ने पुलिस के भय को भी पीछे डाल दिया। ऐसी आफत नहीं आई है कि घर से निकलते ही पुलिस पकड़ लेगी। दिन को न सही, रात को तो निकलता ही हूं। पुलिस चाहती तो क्या रात को न पकड़ लेती। फिर मेरा वह हुलिया भी नहीं रहा। पगड़ी चेहरा बदल देने के लिए काफी है। यों मन को समझाकर वह दस बजे घर से निकला। देवीदीन कहीं गया हुआ था। बुढिया ने पूछा,कहां जाते हो, बेटा- रमा ने कहा, 'कहीं नहीं काकी, अभी आता हूं।'",एक दिन
4,85,रमानाथ,"कहीं नहीं काकी, अभी आता हूं।",named_dash_quote,"एक दिन 'मनोरमा थियेटर' में राधेश्याम का कोई नया ड्रामा होने वाला था। इस ड्रामे की बडी धूम थी। एक दिन पहले से ही लोग अपनी जगहें रक्षित करा रहे थे। रमा को भी अपनी जगह रक्षित करा लेने की धुन सवार हुई। सोचा, कहीं रात को टिकट न मिला तो टापते रह जायंगे। तमाशे की बडी तारीफ है। उस वक्त एक के दो देने पर भी जगह न मिलेगी। इसी उत्सुकता ने पुलिस के भय को भी पीछे डाल दिया। ऐसी आफत नहीं आई है कि घर से निकलते ही पुलिस पकड़ लेगी। दिन को न सही, रात को तो निकलता ही हूं। पुलिस चाहती तो क्या रात को न पकड़ लेती। फिर मेरा वह हुलिया भी नहीं रहा। पगड़ी चेहरा बदल देने के लिए काफी है। यों मन को समझाकर वह दस बजे घर से निकला। देवीदीन कहीं गया हुआ था। बुढिया ने पूछा,कहां जाते हो, बेटा- रमा ने कहा, 'कहीं नहीं काकी, अभी आता हूं।'","में राधेश्याम का कोई नया ड्रामा होने वाला था। इस ड्रामे की बडी धूम थी। एक दिन पहले से ही लोग अपनी जगहें रक्षित करा रहे थे। रमा को भी अपनी जगह रक्षित करा लेने की धुन सवार हुई। सोचा, कहीं रात को टिकट न मिला तो टापते रह जायंगे। तमाशे की बडी तारीफ है। उस वक्त एक के दो देने पर भी जगह न मिलेगी। इसी उत्सुकता ने पुलिस के भय को भी पीछे डाल दिया। ऐसी आफत नहीं आई है कि घर से निकलते ही पुलिस पकड़ लेगी। दिन को न सही, रात को तो निकलता ही हूं। पुलिस चाहती तो क्या रात को न पकड़ लेती। फिर मेरा वह हुलिया भी नहीं रहा। पगड़ी चेहरा बदल देने के लिए काफी है। यों मन को समझाकर वह दस बजे घर से निकला। देवीदीन कहीं गया हुआ था। बुढिया ने पूछा,कहां जाते हो, बेटा- रमा ने कहा,"
4,87,रमानाथ,"यो मनई चोर न होय, तो तुमरी टांगन ते निकर जाईब कस चोरन की नाई ताकत है।",named_dash_quote,"अब उसने सिर उठा लिया और दिल मज़बूत करके चलने लगा। इस वक्त ट्राम का भी कहीं पता न था, नहीं उसी पर बैठ लेता। थोड़ी ही दूर चला होगा कि तीन कांस्टेबल आते दिखाई दिए। रमा ने सड़क छोड़ दी और पटरी पर चलने लगा। ख्वामख्वाह सांप के बिल में उंगली डालना कौनसी बहादुरी है। दुर्भाग्य की बात, तीनों कांस्टेबलों ने भी सड़क छोड़कर वही पटरी ले ली। मोटरों के आने-जाने से बार-बार इधर-उधर दौड़ना पड़ता था। रमा का कलेजा धक-धक करने लगा। दूसरी पटरी पर जाना तो संदेह को और भी बढ़ा देगा। कोई ऐसी गली भी नहीं जिसमें घुस जाऊं। अब तो सब बहुत समीप आ गए। क्या बात है, सब मेरी ही तरफ देख रहे हैं। मैंने बडी हिमाकत की कि यह पग्गड़ बांध लिया और बंधी भी कितनी बेतुकी। एक टीले-सा ऊपर उठ गया है। यह पगड़ी आज मुझे पकडावेगी। बांधी थी कि इससे सूरत बदल जाएगी। यह उल्टे और तमाशा बन गई। हां, तीनों मेरी ही ओर ताक रहे हैं। आपस में कुछ बातें भी कर रहे हैं। रमा को ऐसा जान पडा, पैरों में शक्ति नहीं है।ब शायद सब मन में मेरा हुलिया मिला रहे हैं। अब नहीं बच सकता घर वालों को मेरे पकड़े जाने की ख़बर मिलेगी, तो कितने लज्जित होंगे। जालपा तो रो-रोकर प्राण ही दे देगी। पांच साल से कम सज़ा न होगी। आज इस जीवन का अंत हो रहा है। इस कल्पना ने उसके ऊपर कुछ ऐसा आतंक जमाया कि उसके औसान जाते रहे। जब सिपाहियों का दल समीप आ गया, तो उसका चेहरा भय से कुछ ऐसा विकृत हो गया, उसकी आंखें कुछ ऐसी सशंक हो गई और अपने को उनकी आंखों से बचाने के लिए वह कुछ इस तरह दूसरे आदमियों की आड़ खोजने लगा कि मामूली आदमी को भी उस पर संदेह होना स्वाभाविक था, फिर पुलिस वालों की मंजी हुई आंखें क्यों चूकतीं। एक ने अपने साथी से कहा, 'यो मनई चोर न होय, तो तुमरी टांगन ते निकर जाईब कस चोरन की नाई ताकत है।' दूसरा बोला, 'कुछ संदेह तो हमऊ का हुय रहा है। फुरै कह पांडे, असली चोर है।'","अब उसने सिर उठा लिया और दिल मज़बूत करके चलने लगा। इस वक्त ट्राम का भी कहीं पता न था, नहीं उसी पर बैठ लेता। थोड़ी ही दूर चला होगा कि तीन कांस्टेबल आते दिखाई दिए। रमा ने सड़क छोड़ दी और पटरी पर चलने लगा। ख्वामख्वाह सांप के बिल में उंगली डालना कौनसी बहादुरी है। दुर्भाग्य की बात, तीनों कांस्टेबलों ने भी सड़क छोड़कर वही पटरी ले ली। मोटरों के आने-जाने से बार-बार इधर-उधर दौड़ना पड़ता था। रमा का कलेजा धक-धक करने लगा। दूसरी पटरी पर जाना तो संदेह को और भी बढ़ा देगा। कोई ऐसी गली भी नहीं जिसमें घुस जाऊं। अब तो सब बहुत समीप आ गए। क्या बात है, सब मेरी ही तरफ देख रहे हैं। मैंने बडी हिमाकत की कि यह पग्गड़ बांध लिया और बंधी भी कितनी बेतुकी। एक टीले-सा ऊपर उठ गया है। यह पगड़ी आज मुझे पकडावेगी। बांधी थी कि इससे सूरत बदल जाएगी। यह उल्टे और तमाशा बन गई। हां, तीनों मेरी ही ओर ताक रहे हैं। आपस में कुछ बातें भी कर रहे हैं। रमा को ऐसा जान पडा, पैरों में शक्ति नहीं है।ब शायद सब मन में मेरा हुलिया मिला रहे हैं। अब नहीं बच सकता घर वालों को मेरे पकड़े जाने की ख़बर मिलेगी, तो कितने लज्जित होंगे। जालपा तो रो-रोकर प्राण ही दे देगी। पांच साल से कम सज़ा न होगी। आज इस जीवन का अंत हो रहा है। इस कल्पना ने उसके ऊपर कुछ ऐसा आतंक जमाया कि उसके औसान जाते रहे। जब सिपाहियों का दल समीप आ गया, तो उसका चेहरा भय से कुछ ऐसा विकृत हो गया, उसकी आंखें कुछ ऐसी सशंक हो गई और अपने को उनकी आंखों से बचाने के लिए वह कुछ इस तरह दूसरे आदमियों की आड़ खोजने लगा कि मामूली आदमी को भी उस पर संदेह होना स्वाभाविक था, फिर पुलिस वालों की मंजी हुई आंखें क्यों चूकतीं। एक ने अपने साथी से कहा,"
4,87,Unknown,"कुछ संदेह तो हमऊ का हुय रहा है। फुरै कह पांडे, असली चोर है।",unattributed_quote,"अब उसने सिर उठा लिया और दिल मज़बूत करके चलने लगा। इस वक्त ट्राम का भी कहीं पता न था, नहीं उसी पर बैठ लेता। थोड़ी ही दूर चला होगा कि तीन कांस्टेबल आते दिखाई दिए। रमा ने सड़क छोड़ दी और पटरी पर चलने लगा। ख्वामख्वाह सांप के बिल में उंगली डालना कौनसी बहादुरी है। दुर्भाग्य की बात, तीनों कांस्टेबलों ने भी सड़क छोड़कर वही पटरी ले ली। मोटरों के आने-जाने से बार-बार इधर-उधर दौड़ना पड़ता था। रमा का कलेजा धक-धक करने लगा। दूसरी पटरी पर जाना तो संदेह को और भी बढ़ा देगा। कोई ऐसी गली भी नहीं जिसमें घुस जाऊं। अब तो सब बहुत समीप आ गए। क्या बात है, सब मेरी ही तरफ देख रहे हैं। मैंने बडी हिमाकत की कि यह पग्गड़ बांध लिया और बंधी भी कितनी बेतुकी। एक टीले-सा ऊपर उठ गया है। यह पगड़ी आज मुझे पकडावेगी। बांधी थी कि इससे सूरत बदल जाएगी। यह उल्टे और तमाशा बन गई। हां, तीनों मेरी ही ओर ताक रहे हैं। आपस में कुछ बातें भी कर रहे हैं। रमा को ऐसा जान पडा, पैरों में शक्ति नहीं है।ब शायद सब मन में मेरा हुलिया मिला रहे हैं। अब नहीं बच सकता घर वालों को मेरे पकड़े जाने की ख़बर मिलेगी, तो कितने लज्जित होंगे। जालपा तो रो-रोकर प्राण ही दे देगी। पांच साल से कम सज़ा न होगी। आज इस जीवन का अंत हो रहा है। इस कल्पना ने उसके ऊपर कुछ ऐसा आतंक जमाया कि उसके औसान जाते रहे। जब सिपाहियों का दल समीप आ गया, तो उसका चेहरा भय से कुछ ऐसा विकृत हो गया, उसकी आंखें कुछ ऐसी सशंक हो गई और अपने को उनकी आंखों से बचाने के लिए वह कुछ इस तरह दूसरे आदमियों की आड़ खोजने लगा कि मामूली आदमी को भी उस पर संदेह होना स्वाभाविक था, फिर पुलिस वालों की मंजी हुई आंखें क्यों चूकतीं। एक ने अपने साथी से कहा, 'यो मनई चोर न होय, तो तुमरी टांगन ते निकर जाईब कस चोरन की नाई ताकत है।' दूसरा बोला, 'कुछ संदेह तो हमऊ का हुय रहा है। फुरै कह पांडे, असली चोर है।'","दूसरा बोला,"
4,88,Unknown,"ओ जी ओ पगड़ी, ज़रा इधर आना, तुम्हारा क्या नाम है?",unattributed_quote,"तीसरा आदमी मुसलमान था, उसने रमानाथ को ललकारा, 'ओ जी ओ पगड़ी, ज़रा इधर आना, तुम्हारा क्या नाम है?'","तीसरा आदमी मुसलमान था, उसने रमानाथ को ललकारा,"
4,89,रमानाथ,हमारा नाम पूछकर क्या करोगे? मैं क्या चोर हूं?,named_comma_quote,"रमानाथ ने सीनाजोरी के भाव से कहा,'हमारा नाम पूछकर क्या करोगे? मैं क्या चोर हूं?'","रमानाथ ने सीनाजोरी के भाव से कहा,"
4,90,Unknown,"चोर नहीं, तुम साह हो, नाम क्यों नहीं बताते?",unattributed_quote,"'चोर नहीं, तुम साह हो, नाम क्यों नहीं बताते?'",
4,91,रमानाथ,हीरालाल।,named_dash_quote,"रमा ने एक क्षण आगा-पीछा में पड़कर कहा, 'हीरालाल।'","रमा ने एक क्षण आगा-पीछा में पड़कर कहा,"
4,92,Unknown,"हां, घर ही पूछते हैं।",unattributed_quote,"'हां, घर ही पूछते हैं।'",
4,93,रमानाथ,तुम तो मेरा हुलिया लिख रहे हो!,named_comma_quote,"रमा शाहजहांपुर न गया था, न कोई कल्पित नाम ही उसे याद आया कि बता दे। दुस्साहस के साथ बोला, 'तुम तो मेरा हुलिया लिख रहे हो!'","रमा शाहजहांपुर न गया था, न कोई कल्पित नाम ही उसे याद आया कि बता दे। दुस्साहस के साथ बोला,"
4,94,Unknown,"तुम्हारा हुलिया पहले से ही लिखा हुआ है! नाम झूठ बताया, सयनत झूठ बताई, मुहल्ला पूछा तो बगलें झांकने लगे। महीनों से तुम्हारी तलाश हो रही है, आज जाकर मिले हो चलो थाने पर।",unattributed_quote,"कांस्टेबल ने भभकी दी,'तुम्हारा हुलिया पहले से ही लिखा हुआ है! नाम झूठ बताया, सयनत झूठ बताई, मुहल्ला पूछा तो बगलें झांकने लगे। महीनों से तुम्हारी तलाश हो रही है, आज जाकर मिले हो चलो थाने पर।' यह कहते हुए उसने रमानाथ का हाथ पकड़ लिया। रमा ने हाथ छुडाने की चेष्टा करके कहा, 'वारंट लाओ तब हम चलेंगे। क्या मुझे कोई देहाती समझ लिया है?'","कांस्टेबल ने भभकी दी,"
4,94,रमानाथ,वारंट लाओ तब हम चलेंगे। क्या मुझे कोई देहाती समझ लिया है?,named_comma_quote,"कांस्टेबल ने भभकी दी,'तुम्हारा हुलिया पहले से ही लिखा हुआ है! नाम झूठ बताया, सयनत झूठ बताई, मुहल्ला पूछा तो बगलें झांकने लगे। महीनों से तुम्हारी तलाश हो रही है, आज जाकर मिले हो चलो थाने पर।' यह कहते हुए उसने रमानाथ का हाथ पकड़ लिया। रमा ने हाथ छुडाने की चेष्टा करके कहा, 'वारंट लाओ तब हम चलेंगे। क्या मुझे कोई देहाती समझ लिया है?'","यह कहते हुए उसने रमानाथ का हाथ पकड़ लिया। रमा ने हाथ छुडाने की चेष्टा करके कहा,"
4,95,Unknown,"पकड़ लो जी इनका हाथ, वहीं थाने पर वारंट दिखाया जाएगा।",unattributed_quote,"कांस्टेबल ने एक सिपाही से कहा, 'पकड़ लो जी इनका हाथ, वहीं थाने पर वारंट दिखाया जाएगा।'","कांस्टेबल ने एक सिपाही से कहा,"
4,96,देवीदीन,"हैं?हैं, जमादार! यह क्या करते हो? यह पंडितजी तो हमारे मिहमान हैं, कहां पकड़े लिये जाते हो?",named_comma_quote,"शहरों में ऐसी घटनाएं मदारियों के तमाशों से भी ज्यादा मनोरंजक होती हैं। सैकड़ों आदमी जमा हो गए। देवीदीन इसी समय अफीम लेकर लौटा आ रहा था, यह जमाव देखकर वह भी आ गया। देखा कि तीन कांस्टेबल रमानाथ को घसीटे लिये जा रहे हैं। आगे बढ़कर बोला, 'हैं?हैं, जमादार! यह क्या करते हो? यह पंडितजी तो हमारे मिहमान हैं, कहां पकड़े लिये जाते हो? '","शहरों में ऐसी घटनाएं मदारियों के तमाशों से भी ज्यादा मनोरंजक होती हैं। सैकड़ों आदमी जमा हो गए। देवीदीन इसी समय अफीम लेकर लौटा आ रहा था, यह जमाव देखकर वह भी आ गया। देखा कि तीन कांस्टेबल रमानाथ को घसीटे लिये जा रहे हैं। आगे बढ़कर बोला,"
4,97,देवीदीन,"तुम्हारे मिहमान हैं यह, कब से?",named_comma_quote,"तीनों कांस्टेबल देवीदीन से परिचित थे। रूक गए। एक ने कहा, 'तुम्हारे मिहमान हैं यह, कब से? '","तीनों कांस्टेबल देवीदीन से परिचित थे। रूक गए। एक ने कहा,"
4,98,देवीदीन,चार महीने से कुछ बेशी हुए होंगे। मुझे प्रयाग में मिल गए थे। रहने वाले भी वहीं के हैं। मेरे साथ ही तो आए थे।,named_comma_quote,"देवीदीन ने मन में हिसाब लगाकर कहा, 'चार महीने से कुछ बेशी हुए होंगे। मुझे प्रयाग में मिल गए थे। रहने वाले भी वहीं के हैं। मेरे साथ ही तो आए थे।'","देवीदीन ने मन में हिसाब लगाकर कहा,"
4,99,Unknown,इनका नाम क्या है?,unattributed_quote,"मुसलमान सिपाही ने मन में प्रसन्न होकर कहा, 'इनका नाम क्या है?'","मुसलमान सिपाही ने मन में प्रसन्न होकर कहा,"
4,100,देवीदीन,नाम इन्होंने बताया न होगा?,named_comma_quote,"देवीदीन ने सिटपिटाकर कहा, 'नाम इन्होंने बताया न होगा? '","देवीदीन ने सिटपिटाकर कहा,"
4,101,Unknown,"जान परत है तुमहू मिले हौ, नांव काहे नाहीं बतावत हो इनका?",unattributed_quote,"सिपाहियों का संदेह दृढ़ हो गया। पांडे ने आंखें निकालकर कहा, 'जान परत है तुमहू मिले हौ, नांव काहे नाहीं बतावत हो इनका? '","सिपाहियों का संदेह दृढ़ हो गया। पांडे ने आंखें निकालकर कहा,"
4,102,देवीदीन,"मुझसे रोब न जमाना पांडे, समझे! यहां धमकियों में नहीं आने के।",named_comma_quote,"देवीदीन ने आधारहीन साहस के भाव से कहा, ? 'मुझसे रोब न जमाना पांडे, समझे! यहां धमकियों में नहीं आने के।'","देवीदीन ने आधारहीन साहस के भाव से कहा, ?"
4,103,Unknown,"बूढ़े बाबा, तुम तो ख्वामख्वाह बिगड़ रहे हो इनका नाम क्यों नहीं बतला देते?",unattributed_quote,"मुसलमान सिपाही ने मानो मध्यस्थ बनकर कहा, 'बूढ़े बाबा, तुम तो ख्वामख्वाह बिगड़ रहे हो इनका नाम क्यों नहीं बतला देते?'","मुसलमान सिपाही ने मानो मध्यस्थ बनकर कहा,"
4,104,देवीदीन,"हम लोग तो रमानाथ कहते हैं। असली नाम यही है या कुछ और, यह हम नहीं जानते।",named_comma_quote,"देवीदीन ने कातर नजरों से रमा की ओर देखकर कहा, 'हम लोग तो रमानाथ कहते हैं। असली नाम यही है या कुछ और, यह हम नहीं जानते। '","देवीदीन ने कातर नजरों से रमा की ओर देखकर कहा,"
4,105,Unknown,"बोलो पंडितजी, क्या नाम है तुम्हारा? रमानाथ या हीरालाल? या दोनों,एक घर का एक ससुराल का?",unattributed_quote,"पांडे ने आंखें निकालकर हथेली को सामने करके कहा, 'बोलो पंडितजी, क्या नाम है तुम्हारा? रमानाथ या हीरालाल? या दोनों,एक घर का एक ससुराल का? '","पांडे ने आंखें निकालकर हथेली को सामने करके कहा,"
4,106,Unknown,"नांव है रमानाथ, बतावत है हीरालाल? सबूत हुय गवा।",unattributed_quote,"तीसरे सिपाही ने दर्शकों को संबोधित करके कहा, 'नांव है रमानाथ, बतावत है हीरालाल? सबूत हुय गवा।' दर्शकों में कानाफसी होने लगी। शुबहे की बात तो है।","तीसरे सिपाही ने दर्शकों को संबोधित करके कहा,"
4,107,Unknown,"साफ है, नाम और पता दोनों ग़लत बता दिया।",unattributed_quote,"'साफ है, नाम और पता दोनों ग़लत बता दिया।'",
4,108,Unknown,उचक्को सो है।,unattributed_quote,"एक मारवाड़ी सज्जन बोले, 'उचक्को सो है।'","एक मारवाड़ी सज्जन बोले,"
4,109,साहब,कोई इश्तिहारी मुलज़िम है।,named_comma_quote,"एक मौलवी साहब ने कहा, 'कोई इश्तिहारी मुलज़िम है।'","एक मौलवी साहब ने कहा,"
4,112,Unknown,"सी आंखें, फले हुए गाल और ठिगना कदब डिप्टी सुपरिटेंडेंट लंबा छरहरा जवान था, बहुत ही विचारशील और अल्पभाषीब इसकी लंबी नाक और ऊंचा मस्तक उसकी कुलीनता के साक्षी थे।",unquoted_dash,"की-सी आंखें, फले हुए गाल और ठिगना कदब डिप्टी सुपरिटेंडेंट लंबा छरहरा जवान था, बहुत ही विचारशील और अल्पभाषीब इसकी लंबी नाक और ऊंचा मस्तक उसकी कुलीनता के साक्षी थे।",की
4,113,डिप्टी,बाहरी गवाहों से काम नहीं चल सकेगा। इनमें से किसी को एप्रूवर बनना होगा। और कोई अल्टरनेटिव नहीं है।,named_comma_quote,"डिप्टी ने सिगार का एक कश लेकर कहा, 'बाहरी गवाहों से काम नहीं चल सकेगा। इनमें से किसी को एप्रूवर बनना होगा। और कोई अल्टरनेटिव नहीं है।'","डिप्टी ने सिगार का एक कश लेकर कहा,"
4,114,इंस्पेक्टर,"हम लोगों ने कोई बात उठा तो नहीं रक्खी, हलफ से कहता हूं। सभी तरह के लालच देकर हार गए। सबों ने ऐसी गुट कर रक्खी है कि कोई टूटता ही नहीं। हमने बाहर के गवाहों को भी आजमाया, पर सब कानों पर हाथ रखते हैं।",named_comma_quote,"इंस्पेक्टर ने दारोग़ा की ओर देखकर कहा, 'हम लोगों ने कोई बात उठा तो नहीं रक्खी, हलफ से कहता हूं। सभी तरह के लालच देकर हार गए। सबों ने ऐसी गुट कर रक्खी है कि कोई टूटता ही नहीं। हमने बाहर के गवाहों को भी आजमाया, पर सब कानों पर हाथ रखते हैं।'","इंस्पेक्टर ने दारोग़ा की ओर देखकर कहा,"
4,115,डिप्टी,उस मारवाड़ी को फिर आजमाना होगा। उसके बाप को बुलाकर खूब धमकाइए। शायद इसका कुछ दबाव पड़े।,named_comma_quote,"डिप्टी, 'उस मारवाड़ी को फिर आजमाना होगा। उसके बाप को बुलाकर खूब धमकाइए। शायद इसका कुछ दबाव पड़े।'","डिप्टी,"
4,116,इंस्पेक्टर,"हलफ से कहता हूं, आज सुबह से हम लोग यही कर रहे हैं। बेचारा बाप लङके के पैरों पर गिरा, पर लड़का किसी तरह राज़ी नहीं होता।",named_dash_quote,"इंस्पेक्टर-'हलफ से कहता हूं, आज सुबह से हम लोग यही कर रहे हैं। बेचारा बाप लङके के पैरों पर गिरा, पर लड़का किसी तरह राज़ी नहीं होता।'",इंस्पेक्टर-
4,117,डिप्टी,"दारोग़ाजी, लाइए कुछ इनाम दिलवाइए। एक मुलजिम को शुबहे पर गिरफ्तार किया है। इलाहाबाद का रहने वाला है, नाम है रमानाथ,पहले नाम और सयनत दोनों ग़लत बतलाई थीं। देवीदीन खटिक जो नुक्कड़ पर रहता है, उसी के घर ठहरा हुआ है। ज़रा डांट बताइएगा तो सब कुछ उगल देगा।",named_comma_quote,"कुछ देर तक चारों आदमी विचारों में मग्न बैठे रहे। अंत में डिप्टी ने निराशा के भाव से कहा,मुकदमा नहीं चल सकता मुफ्त का बदनामी हुआ। इंस्पेक्टर,एक हर्तिे की मुहलत और लीजिए, शायद कोई टूट जाय। यह निश्चय करके दोनों आदमी यहां से रवाना हुए। छोटे दारोग़ा भी उसके साथ ही चले गए। दारोग़ाजी ने हुक्का मंगवाया कि सहसा एक मुसलमान सिपाही ने आकर कहा, 'दारोग़ाजी, लाइए कुछ इनाम दिलवाइए। एक मुलजिम को शुबहे पर गिरफ्तार किया है। इलाहाबाद का रहने वाला है, नाम है रमानाथ,पहले नाम और सयनत दोनों ग़लत बतलाई थीं। देवीदीन खटिक जो नुक्कड़ पर रहता है, उसी के घर ठहरा हुआ है। ज़रा डांट बताइएगा तो सब कुछ उगल देगा।'","कुछ देर तक चारों आदमी विचारों में मग्न बैठे रहे। अंत में डिप्टी ने निराशा के भाव से कहा,मुकदमा नहीं चल सकता मुफ्त का बदनामी हुआ। इंस्पेक्टर,एक हर्तिे की मुहलत और लीजिए, शायद कोई टूट जाय। यह निश्चय करके दोनों आदमी यहां से रवाना हुए। छोटे दारोग़ा भी उसके साथ ही चले गए। दारोग़ाजी ने हुक्का मंगवाया कि सहसा एक मुसलमान सिपाही ने आकर कहा,"
4,118,दारोग़ा,वही है न जिसके दोनों लङके---ब,named_dash_quote,दारोग़ा-'वही है न जिसके दोनों लङके---ब',दारोग़ा-
4,119,Unknown,"जी हां, वही है।",unattributed_quote,"सिपाही-'जी हां, वही है।'",सिपाही-
4,120,दारोग़ा,"अच्छा, यह इलाहाबाद का रमानाथ है। खूब मिले भाई। छः महीने से परेशान कर रहे हो कैसा साफ हुलिया है कि अंधा भी पहचान ले। यहां कब से आए हो?",named_comma_quote,"इतने में रमानाथ भी दारोग़ा के सामने हाज़िर किया गया। दारोग़ा ने उसे सिर से पांव तक देखा, मानो मन में उसका हुलिया मिला रहे हों। तब कठोर दृष्टि से देखकर बोले, 'अच्छा, यह इलाहाबाद का रमानाथ है। खूब मिले भाई। छः महीने से परेशान कर रहे हो कैसा साफ हुलिया है कि अंधा भी पहचान ले। यहां कब से आए हो?' कांस्टेबल ने रमा को परामर्श दिया, 'सब हाल सच-सच कह दो, तो तुम्हारे साथ कोई सख्ती न की जाएगी। '","इतने में रमानाथ भी दारोग़ा के सामने हाज़िर किया गया। दारोग़ा ने उसे सिर से पांव तक देखा, मानो मन में उसका हुलिया मिला रहे हों। तब कठोर दृष्टि से देखकर बोले,"
4,120,Unknown,"सब हाल सच-सच कह दो, तो तुम्हारे साथ कोई सख्ती न की जाएगी।",unattributed_quote,"इतने में रमानाथ भी दारोग़ा के सामने हाज़िर किया गया। दारोग़ा ने उसे सिर से पांव तक देखा, मानो मन में उसका हुलिया मिला रहे हों। तब कठोर दृष्टि से देखकर बोले, 'अच्छा, यह इलाहाबाद का रमानाथ है। खूब मिले भाई। छः महीने से परेशान कर रहे हो कैसा साफ हुलिया है कि अंधा भी पहचान ले। यहां कब से आए हो?' कांस्टेबल ने रमा को परामर्श दिया, 'सब हाल सच-सच कह दो, तो तुम्हारे साथ कोई सख्ती न की जाएगी। '","कांस्टेबल ने रमा को परामर्श दिया,"
4,121,रमानाथ,"अब तो आपके हाथ में हूं, रियायत कीजिए या सख्ती कीजिए। इलाहाबाद की म्युनिसिपैलिटी में नौकर था। हिमाकत कहिए या बदनसीबी, चुंगी के चार सौ रूपये मुझसे ख़र्च हो गए। मैं वक्त पर रूपये जमा न कर सका। शर्म के मारे घर के आदमियों से कुछ न कहा, नहीं तो इतने रूपये इंतजाम हो जाना कोई मुश्किल न था। जब कुछ बस न चला, तो वहां से भागकर यहां चला आया। इसमें एक हर्फ भी ग़लत नहीं है।",named_comma_quote,"रमा ने प्रसन्नचित्त बनने की चेष्टा करके कहा, 'अब तो आपके हाथ में हूं, रियायत कीजिए या सख्ती कीजिए। इलाहाबाद की म्युनिसिपैलिटी में नौकर था। हिमाकत कहिए या बदनसीबी, चुंगी के चार सौ रूपये मुझसे ख़र्च हो गए। मैं वक्त पर रूपये जमा न कर सका। शर्म के मारे घर के आदमियों से कुछ न कहा, नहीं तो इतने रूपये इंतजाम हो जाना कोई मुश्किल न था। जब कुछ बस न चला, तो वहां से भागकर यहां चला आया। इसमें एक हर्फ भी ग़लत नहीं है।'","रमा ने प्रसन्नचित्त बनने की चेष्टा करके कहा,"
4,122,दारोग़ा,"मामला कुछ संगीन है,क्या कुछ शराब का चस्का पड़ गया था?",named_comma_quote,"दारोग़ा ने गंभीर भाव से कहा, 'मामला कुछ संगीन है,क्या कुछ शराब का चस्का पड़ गया था? '","दारोग़ा ने गंभीर भाव से कहा,"
4,123,Unknown,"मुझसे कसम ले लीजिए, जो कभी शराब मुंह से लगाई हो।",unattributed_quote,"'मुझसे कसम ले लीजिए, जो कभी शराब मुंह से लगाई हो।'",
4,125,रमानाथ,मुझसे फाकेमस्तों का वहां कहां गुजर?,named_comma_quote,"रमा ने मुस्कराकर कहा, 'मुझसे फाकेमस्तों का वहां कहां गुजर?'","रमा ने मुस्कराकर कहा,"
4,126,दारोग़ा,"तो क्या जुआ खेल डाला? या, बीवी के लिए जेवर बनवा डाले!",named_dash_quote,"दारोग़ा -'तो क्या जुआ खेल डाला? या, बीवी के लिए जेवर बनवा डाले!'",दारोग़ा -
4,127,दारोग़ा,"अच्छी बात है, तुम्हें भी यहां खासे मोटे जेवर मिल जायंगे!",named_dash_quote,"रमा झेंपकर रह गया। अपराधी मुस्कराहट उसके मुख पर रो पड़ी। दारोग़ा-'अच्छी बात है, तुम्हें भी यहां खासे मोटे जेवर मिल जायंगे!'",रमा झेंपकर रह गया। अपराधी मुस्कराहट उसके मुख पर रो पड़ी। दारोग़ा-
4,128,दारोग़ा,क्या काम है यहां?,named_comma_quote,"एकाएक बूढ़ा देवीदीन आकर खडाहो गया। दारोग़ा ने कठोर स्वर में कहा, 'क्या काम है यहां?'","एकाएक बूढ़ा देवीदीन आकर खडाहो गया। दारोग़ा ने कठोर स्वर में कहा,"
4,129,देवीदीन,"हुजूर को सलाम करने चला आया। इन बेचारों पर दया की नज़र रहे हुजूर, बेचारे बडे सीधे आदमी हैं।",named_dash_quote,"देवीदीन-'हुजूर को सलाम करने चला आया। इन बेचारों पर दया की नज़र रहे हुजूर, बेचारे बडे सीधे आदमी हैं।'",देवीदीन-
4,130,दारोग़ा,"बचा सरकारी मुलज़िम को घर में छिपाते हो, उस पर सिफारिश करने आए हो!",named_dash_quote,"दारोग़ा -'बचा सरकारी मुलज़िम को घर में छिपाते हो, उस पर सिफारिश करने आए हो!'",दारोग़ा -
4,131,देवीदीन,"मैं क्या सिफारिस करूंगा हुजूर, दो कौड़ी का आदमी।",named_dash_quote,"देवीदीन-'मैं क्या सिफारिस करूंगा हुजूर, दो कौड़ी का आदमी।'",देवीदीन-
4,132,दारोग़ा,"जानता है, इन पर वारंट है, सरकारी रूपये ग़बन कर गए हैं।",named_dash_quote,"दारोग़ा-'जानता है, इन पर वारंट है, सरकारी रूपये ग़बन कर गए हैं।'",दारोग़ा-
4,133,देवीदीन,"हुजूर, भूल-चूक आदमी से ही तो होती है। जवानी की उम्र है ही, ख़र्च हो गए होंगे।",unquoted_dash,"देवीदीन-'हुजूर, भूल-चूक आदमी से ही तो होती है। जवानी की उम्र है ही, ख़र्च हो गए होंगे।",देवीदीन
4,135,दारोग़ा,यह क्या है?,named_comma_quote,"दारोग़ा ने तड़पकर कहा, 'यह क्या है?'","दारोग़ा ने तड़पकर कहा,"
4,136,देवीदीन,"कुछ नहीं है, हुजूर को पान खाने को।",named_dash_quote,"देवीदीन-'कुछ नहीं है, हुजूर को पान खाने को।'",देवीदीन-
4,137,दारोग़ा,"रिश्वत देना चाहता है! क्यों? कहो तो बचा, इसी इल्ज़ाम में भेज दूं।",named_dash_quote,"दारोग़ा -'रिश्वत देना चाहता है! क्यों? कहो तो बचा, इसी इल्ज़ाम में भेज दूं।'",दारोग़ा -
4,138,देवीदीन,भेज दीजिए सरकार। घरवाली लकड़ी-कफन की फिकर से छूट जाएगी। वहीं बैठा आपको दुआ दूंगा।,named_dash_quote,देवीदीन-'भेज दीजिए सरकार। घरवाली लकड़ी-कफन की फिकर से छूट जाएगी। वहीं बैठा आपको दुआ दूंगा।',देवीदीन-
4,139,दारोग़ा,अबे इन्हें छुडाना है तो पचास गिन्नियां लाकर सामने रक्खो। जानते हो इनकी गिरफ्तारी पर पांच सौ रूपये का इनाम है!,named_dash_quote,दारोग़ा -'अबे इन्हें छुडाना है तो पचास गिन्नियां लाकर सामने रक्खो। जानते हो इनकी गिरफ्तारी पर पांच सौ रूपये का इनाम है!',दारोग़ा -
4,140,देवीदीन,"आप लोगों के लिए इतना इनाम हुजूर क्या है। यह ग़रीब परदेसी आदमी हैं, जब तक जिएंगे आपको याद करेंगे।",named_dash_quote,"देवीदीन-'आप लोगों के लिए इतना इनाम हुजूर क्या है। यह ग़रीब परदेसी आदमी हैं, जब तक जिएंगे आपको याद करेंगे।'",देवीदीन-
4,141,दारोग़ा,"बक-बक मत कर, यहां धरम कमाने नहीं आया हूं।",named_dash_quote,"दारोग़ा -'बक-बक मत कर, यहां धरम कमाने नहीं आया हूं।'",दारोग़ा -
4,142,देवीदीन,बहुत तंग हूं हुजूर।दुकानदारी तो नाम की है।,named_dash_quote,देवीदीन-'बहुत तंग हूं हुजूर।दुकानदारी तो नाम की है।',देवीदीन-
4,143,Unknown,बुढिया से मांग जाके।,unattributed_quote,"कांस्टेबल-'बुढिया से मांग जाके।' देवीदीन-'कमाने वाला तो मैं ही हूं हुजूर, लड़कों का हाल जानते ही हो तन-पेट काटकर कुछ रूपये जमा कर रखे थे, सो अभी सातों-धाम किए चला आता हूं। बहुत तंग हो गया हूं।",कांस्टेबल-
4,144,दारोग़ा,तो अपनी गिन्नियां उठा ले। इसे बाहर निकाल दो जी।,named_dash_quote,दारोग़ा -'तो अपनी गिन्नियां उठा ले। इसे बाहर निकाल दो जी।',दारोग़ा -
4,145,देवीदीन,"आपका हुकुम है, तो लीजिए जाता हूं। धक्का क्यों दिलवाइएगा।",named_dash_quote,"देवीदीन-'आपका हुकुम है, तो लीजिए जाता हूं। धक्का क्यों दिलवाइएगा।'",देवीदीन-
4,146,दारोग़ा,कांस्टेबल सेध्द इन्हें हिरासत में रखो। मुंशी से कहो इनका बयान लिख लें।,named_dash_quote,दारोग़ा -'कांस्टेबल सेध्द इन्हें हिरासत में रखो। मुंशी से कहो इनका बयान लिख लें।',दारोग़ा -
4,147,रमानाथ,"हुजूर, दो घंटे की मुहलत न दीजिएगा?",named_comma_quote,"देवीदीन के होंठ आवेश से कांप रहे थे। उसके चेहरे पर इतनी व्यग्रता रमा ने कभी नहीं देखी, जैसे कोई चिडिया अपने घोंसले में कौवे को घुसते देखकर विह्नल हो गई हो वह एक मिनट तक थाने के द्वार पर खडारहा, फिर पीछे गिरा और एक सिपाही से कुछ कहा, तब लपका हुआ सड़क पर चला गया, मगर एक ही पल में फिर लौटा और दारोग़ा से बोला, 'हुजूर, दो घंटे की मुहलत न दीजिएगा?'","देवीदीन के होंठ आवेश से कांप रहे थे। उसके चेहरे पर इतनी व्यग्रता रमा ने कभी नहीं देखी, जैसे कोई चिडिया अपने घोंसले में कौवे को घुसते देखकर विह्नल हो गई हो वह एक मिनट तक थाने के द्वार पर खडारहा, फिर पीछे गिरा और एक सिपाही से कुछ कहा, तब लपका हुआ सड़क पर चला गया, मगर एक ही पल में फिर लौटा और दारोग़ा से बोला,"
4,148,रमानाथ,"दादा, अब तुम हैरान न हो, मेरे भाग्य में जो कुछ लिखा है, वह होने दो। मेरे भी यहां होते, तो इससे ज्यादा और क्या करते! मैं मरते दम तक तुम्हारा उपकार ---",named_comma_quote,"रमा अभी वहीं खडाथा। उसकी यह ममता देखकर रो पड़ा। बोला, 'दादा, अब तुम हैरान न हो, मेरे भाग्य में जो कुछ लिखा है, वह होने दो। मेरे भी यहां होते, तो इससे ज्यादा और क्या करते! मैं मरते दम तक तुम्हारा उपकार ---'","रमा अभी वहीं खडाथा। उसकी यह ममता देखकर रो पड़ा। बोला,"
4,149,देवीदीन,"कैसी बातें कर रहे हो, भैया! जब रूपये पर आई तो देवीदीन पीछे हटने वाला आदमी नहीं है। इतने रूपये तो एक-एक दिन जुए में हार-जीत गया हूं। अभी घर बेच दूं, तो दस हज़ार की मालियत है। क्या सिर पर लाद कर ले जाऊंगा। दारोग़ाजी, अभी भैया को हिरासत में न भेजो, मैं रूपये की गिकर करके थोड़ी देर में आता हूं।",named_comma_quote,"देवीदीन ने आंखें पोंछते हुए कहा, 'कैसी बातें कर रहे हो, भैया! जब रूपये पर आई तो देवीदीन पीछे हटने वाला आदमी नहीं है। इतने रूपये तो एक-एक दिन जुए में हार-जीत गया हूं। अभी घर बेच दूं, तो दस हज़ार की मालियत है। क्या सिर पर लाद कर ले जाऊंगा। दारोग़ाजी, अभी भैया को हिरासत में न भेजो, मैं रूपये की गिकर करके थोड़ी देर में आता हूं।'","देवीदीन ने आंखें पोंछते हुए कहा,"
4,150,देवीदीन,"है तो खुर्राट, मगर बडा नेक।तुमने इसे कौनसी बूटी सुंघा दी?",named_comma_quote,"देवीदीन चला गया तो दारोग़ाजी ने सह्रदयता से भरे स्वर में कहा, 'है तो खुर्राट, मगर बडा नेक।तुमने इसे कौनसी बूटी सुंघा दी?'","देवीदीन चला गया तो दारोग़ाजी ने सह्रदयता से भरे स्वर में कहा,"
4,151,रमानाथ,गरीबों पर सभी को रहम आता है।,named_comma_quote,"रमा ने कहा, 'गरीबों पर सभी को रहम आता है।'","रमा ने कहा,"
4,152,दारोग़ा,"पुलिस को छोड़कर, इतना और कहिए। मुझे तो यकीन नहीं कि पचास गिन्नियां लावे।",named_comma_quote,"दारोग़ा ने मुस्कराकर कहा, 'पुलिस को छोड़कर, इतना और कहिए। मुझे तो यकीन नहीं कि पचास गिन्नियां लावे।' रमानाथ-'अगर लाए भी तो उससे इतना बडा तावान नहीं दिलाना चाहता। आप मुझे शौक से हिरासत में ले लें।'","दारोग़ा ने मुस्कराकर कहा,"
4,152,रमानाथ,अगर लाए भी तो उससे इतना बडा तावान नहीं दिलाना चाहता। आप मुझे शौक से हिरासत में ले लें।,named_dash_quote,"दारोग़ा ने मुस्कराकर कहा, 'पुलिस को छोड़कर, इतना और कहिए। मुझे तो यकीन नहीं कि पचास गिन्नियां लावे।' रमानाथ-'अगर लाए भी तो उससे इतना बडा तावान नहीं दिलाना चाहता। आप मुझे शौक से हिरासत में ले लें।'",रमानाथ-
4,153,दारोग़ा,"मुझे पांच सौ के बदले साढ़े छः सौ मिल रहे हैं, क्यों छोड़ूं। तुम्हारी गिरफ्तारी का इनाम मेरे किसी दूसरे भाई को मिल जाय, तो क्या बुराई है। रमानाथ-",named_dash_quote,"दारोग़ा -'मुझे पांच सौ के बदले साढ़े छः सौ मिल रहे हैं, क्यों छोड़ूं। तुम्हारी गिरफ्तारी का इनाम मेरे किसी दूसरे भाई को मिल जाय, तो क्या बुराई है। रमानाथ-'जब मुझे चक्की पीसनी है, तो जितनी जल्द पीस लूं उतना ही अच्छा। मैंने समझा था, मैं पुलिस की नज़रों से बचकर रह सकता हूं। अब मालूम हुआ कि यह बेकली और आठों पहर पकड़ लिए जाने का ख़ौफ जेल से कम जानलेवा नहीं।'",दारोग़ा -
4,156,दारोग़ा,अभी साई के सौ खेल हैं। इसका इंतज़ाम मैं कर सकता हूं। आपको महज़ एक मुकदमे में शहादत देनी पड़ेगी?,named_dash_quote,दारोग़ा-'अभी साई के सौ खेल हैं। इसका इंतज़ाम मैं कर सकता हूं। आपको महज़ एक मुकदमे में शहादत देनी पड़ेगी?',दारोग़ा-
4,157,रमानाथ,झूठी शहादत होगी।,named_dash_quote,"रमानाथ-'झूठी शहादत होगी।' दारोग़ा-'नहीं, बिलकुल सच्ची। बस समझ लो कि आदमी बन जाओगे।म्युनिसिपैलिटी के पंजे से तो छूट जाओगे, शायद सरकार परवरिश भी करे। यों अगर चालान हो गया तो पांच साल से कम की सज़ा न होगी। मान लो, इस वक्त देवी तुम्हें बचा भी ले, तो बकरे की मां कब तक ख़ैर मनाएगी। जिंदगी ख़राब हो जायगी। तुम अपना नफा-नुकसान ख़ुद समझ लो। मैं ज़बरदस्ती नहीं करता।'",रमानाथ-
4,157,दारोग़ा,"नहीं, बिलकुल सच्ची। बस समझ लो कि आदमी बन जाओगे।म्युनिसिपैलिटी के पंजे से तो छूट जाओगे, शायद सरकार परवरिश भी करे। यों अगर चालान हो गया तो पांच साल से कम की सज़ा न होगी। मान लो, इस वक्त देवी तुम्हें बचा भी ले, तो बकरे की मां कब तक ख़ैर मनाएगी। जिंदगी ख़राब हो जायगी। तुम अपना नफा-नुकसान ख़ुद समझ लो। मैं ज़बरदस्ती नहीं करता।",named_dash_quote,"रमानाथ-'झूठी शहादत होगी।' दारोग़ा-'नहीं, बिलकुल सच्ची। बस समझ लो कि आदमी बन जाओगे।म्युनिसिपैलिटी के पंजे से तो छूट जाओगे, शायद सरकार परवरिश भी करे। यों अगर चालान हो गया तो पांच साल से कम की सज़ा न होगी। मान लो, इस वक्त देवी तुम्हें बचा भी ले, तो बकरे की मां कब तक ख़ैर मनाएगी। जिंदगी ख़राब हो जायगी। तुम अपना नफा-नुकसान ख़ुद समझ लो। मैं ज़बरदस्ती नहीं करता।'",दारोग़ा-
4,158,रमानाथ,तो मुझे मुख़बिर बनना पड़ेगा और यह कहना पड़ेगा कि मैं भी इन डकैतियों में शरीक था। यह तो झूठी शहादत हुई।,named_comma_quote,"दारोग़ाजी ने डकैती का वृत्तांत कह सुनाया। रमा ऐसे कई मुकदमे समाचारपत्रों में पढ़ चुका था। संशय के भाव से बोला, 'तो मुझे मुख़बिर बनना पड़ेगा और यह कहना पड़ेगा कि मैं भी इन डकैतियों में शरीक था। यह तो झूठी शहादत हुई।'","दारोग़ाजी ने डकैती का वृत्तांत कह सुनाया। रमा ऐसे कई मुकदमे समाचारपत्रों में पढ़ चुका था। संशय के भाव से बोला,"
4,159,दारोग़ा,"मुआमला बिलकुल सच्चा है। आप बेगुनाहों को न फंसाएंगे। वही लोग जेल जाएंगे जिन्हें जाना चाहिए। फिर झूठ कहां रहा- डाकुओं के डर से यहां के लोग शहादत देने पर राज़ी नहीं होते। बस और कोई बात नहीं। यह मैं मानता हूं कि आपको कुछ झूठ बोलना पड़ेगा, लेकिन आपकी जिंदगी बनी जा रही है, इसके लिहाज़ से तो इतना झूठ कोई चीज़ नहीं। ख़ूब सोच लीजिए। शाम तक जवाब दीजिएगा।",named_dash_quote,"दारोग़ा-'मुआमला बिलकुल सच्चा है। आप बेगुनाहों को न फंसाएंगे। वही लोग जेल जाएंगे जिन्हें जाना चाहिए। फिर झूठ कहां रहा- डाकुओं के डर से यहां के लोग शहादत देने पर राज़ी नहीं होते। बस और कोई बात नहीं। यह मैं मानता हूं कि आपको कुछ झूठ बोलना पड़ेगा, लेकिन आपकी जिंदगी बनी जा रही है, इसके लिहाज़ से तो इतना झूठ कोई चीज़ नहीं। ख़ूब सोच लीजिए। शाम तक जवाब दीजिएगा।'",दारोग़ा-
4,160,रमानाथ,मुझे यही डर है कि कहीं मेरी गवाही से बेगुनाह लोग न फंस जाएं।,named_dash_quote,"रमा के मन में बात बैठ गई। अगर एक बार झूठ बोलकर वह अपने पिछले कर्मों का प्रायश्चित्त कर सके और भविष्य भी सुधार ले, तो पूछना ही क्या जेल से तो बच जायगा। इसमें बहुत आगा-पीछा की जरूरत ही न थी। हां, इसका निश्चय हो जाना चाहिए कि उस पर फिर म्युनिसिपैलिटी अभियोग न चलाएगी और उसे कोई जगह अच्छी मिल जायगी। वह जानता था, पुलिस की ग़रज़ है और वह मेरी कोई वाजिब शर्त अस्वीकार न करेगी। इस तरह बोला, मानो उसकी आत्मा धर्म और अधर्म के संकट में पड़ी हुई है, 'मुझे यही डर है कि कहीं मेरी गवाही से बेगुनाह लोग न फंस जाएं।'","रमा के मन में बात बैठ गई। अगर एक बार झूठ बोलकर वह अपने पिछले कर्मों का प्रायश्चित्त कर सके और भविष्य भी सुधार ले, तो पूछना ही क्या जेल से तो बच जायगा। इसमें बहुत आगा-पीछा की जरूरत ही न थी। हां, इसका निश्चय हो जाना चाहिए कि उस पर फिर म्युनिसिपैलिटी अभियोग न चलाएगी और उसे कोई जगह अच्छी मिल जायगी। वह जानता था, पुलिस की ग़रज़ है और वह मेरी कोई वाजिब शर्त अस्वीकार न करेगी। इस तरह बोला, मानो उसकी आत्मा धर्म और अधर्म के संकट में पड़ी हुई है,"
4,161,दारोग़ा,इसका मैं आपको इत्मीनान दिलाता हूं।,named_dash_quote,दारोग़ा -'इसका मैं आपको इत्मीनान दिलाता हूं।',दारोग़ा -
4,162,रमानाथ,लेकिन कल को म्युनिसिपैलिटी मेरी गर्दन नापे तो मैं किसे पुकारूंगा?,named_dash_quote,रमानाथ-'लेकिन कल को म्युनिसिपैलिटी मेरी गर्दन नापे तो मैं किसे पुकारूंगा?',रमानाथ-
4,163,दारोग़ा,"मजाल है, म्युनिसिपैलिटी चूं कर सके। गौजदारी के मुकदमे में मुददई तो सरकार ही होगी। जब सरकार आपको मुआफ कर देगी, तो मुकदमा कैसे चलाएगी। आपको तहरीरी मुआफीनामा दे दिया जायगा, साहब।",named_dash_quote,"दारोग़ा -'मजाल है, म्युनिसिपैलिटी चूं कर सके। गौजदारी के मुकदमे में मुददई तो सरकार ही होगी। जब सरकार आपको मुआफ कर देगी, तो मुकदमा कैसे चलाएगी। आपको तहरीरी मुआफीनामा दे दिया जायगा, साहब।' रमानाथ-'और नौकरी?'",दारोग़ा -
4,163,रमानाथ,और नौकरी?,named_dash_quote,"दारोग़ा -'मजाल है, म्युनिसिपैलिटी चूं कर सके। गौजदारी के मुकदमे में मुददई तो सरकार ही होगी। जब सरकार आपको मुआफ कर देगी, तो मुकदमा कैसे चलाएगी। आपको तहरीरी मुआफीनामा दे दिया जायगा, साहब।' रमानाथ-'और नौकरी?'",रमानाथ-
4,164,दारोग़ा,"वह सरकार आप इंतज़ाम करेगी। ऐसे आदमियों को सरकार ख़ुद अपना दोस्त बनाए रखना चाहती है। अगर आपकी शहादत बढिया हुई और उस फ्री की जिरहों के जाल से आप निकल गए, तो फिर आप पारस हो जाएंगे!",named_dash_quote,"दारोग़ा -'वह सरकार आप इंतज़ाम करेगी। ऐसे आदमियों को सरकार ख़ुद अपना दोस्त बनाए रखना चाहती है। अगर आपकी शहादत बढिया हुई और उस फ्री की जिरहों के जाल से आप निकल गए, तो फिर आप पारस हो जाएंगे!' दारोग़ा ने उसी वक्त मोटर मंगवाई और रमा को साथ लेकर डिप्टी साहब से मिलने चल दिए। इतनी बडी कारगुज़ारी दिखाने में विलंब क्यों करते?डिप्टी से एकांत में ख़ूब ज़ीट उडाई। इस आदमी का यों पता लगाया। इसकी सूरत",दारोग़ा -
4,166,डिप्टी,"हां, आदमी तो होशियार मालूम होता है।",named_comma_quote,"डिप्टी ने संदिग्ध भाव से कहा, 'हां, आदमी तो होशियार मालूम होता है।'","डिप्टी ने संदिग्ध भाव से कहा,"
4,167,Unknown,"मगर मुआफीनामा लिये बग़ैर इसे हमारा एतबार न होगा। कहीं इसे यह शुबहा हुआ कि हम लोग इसके साथ कोई चाल चल रहे हैं, तो साफ निकल जाएगा।",unattributed_quote,"'मगर मुआफीनामा लिये बग़ैर इसे हमारा एतबार न होगा। कहीं इसे यह शुबहा हुआ कि हम लोग इसके साथ कोई चाल चल रहे हैं, तो साफ निकल जाएगा। '",
4,168,डिप्टी,"यह तो होगा ही। गवर्नमेंट से इसके बारे में बातचीत करना होगा। आप टेलीफोन मिलाकर इलाहाबाद पुलिस से पूछिए कि इस आदमी पर कैसा मुकदमा है। यह सब तो गवर्नमेंट को बताना होगा। दारोग़ाजी ने टेलीफोन डाइरेक्टरी देखी, नंबर मिलाया और बातचीत शुरू हुई।",unquoted_dash,"डिप्टी-'यह तो होगा ही। गवर्नमेंट से इसके बारे में बातचीत करना होगा। आप टेलीफोन मिलाकर इलाहाबाद पुलिस से पूछिए कि इस आदमी पर कैसा मुकदमा है। यह सब तो गवर्नमेंट को बताना होगा। दारोग़ाजी ने टेलीफोन डाइरेक्टरी देखी, नंबर मिलाया और बातचीत शुरू हुई।",डिप्टी
4,169,दारोग़ा,"कहता है, यहां इस नाम के किसी आदमी पर मुकदमा नहीं है।",named_dash_quote,"दारोग़ा -'कहता है, यहां इस नाम के किसी आदमी पर मुकदमा नहीं है।'",दारोग़ा -
4,170,डिप्टी,"यह कैसा है भाई, कुछ समझ में नहीं आता। इसने नाम तो नहीं बदल दिया?",named_dash_quote,"डिप्टी-'यह कैसा है भाई, कुछ समझ में नहीं आता। इसने नाम तो नहीं बदल दिया?'",डिप्टी-
4,171,दारोग़ा,"कहता है, म्युनिसिपैलिटी में किसी ने रूपये ग़बन नहीं किए। कोई मामला नहीं है।",named_dash_quote,"दारोग़ा -'कहता है, म्युनिसिपैलिटी में किसी ने रूपये ग़बन नहीं किए। कोई मामला नहीं है।'",दारोग़ा -
4,172,डिप्टी,"ये तो बडा ताज्जुब का बात है। आदमी बोलता है हम रूपया लेकर भागा, निसिपैलिटी बोलता है कोई रूपया ग़बन नहीं किया। यह आदमी पागल तो नहीं है?",named_dash_quote,"डिप्टी-'ये तो बडा ताज्जुब का बात है। आदमी बोलता है हम रूपया लेकर भागा, निसिपैलिटी बोलता है कोई रूपया ग़बन नहीं किया। यह आदमी पागल तो नहीं है?'",डिप्टी-
4,173,दारोग़ा,"मेरी समझ में कोई बात नहीं आती, अगर कह दें कि तुम्हारे ऊपर कोई इल्ज़ाम नहीं है, तो फिर उसकी गर्द भी न मिलेगी।",named_dash_quote,"दारोग़ा -'मेरी समझ में कोई बात नहीं आती, अगर कह दें कि तुम्हारे ऊपर कोई इल्ज़ाम नहीं है, तो फिर उसकी गर्द भी न मिलेगी।'",दारोग़ा -
4,174,Unknown,"अच्छा, म्युनिसिपैलिटी के दफ्तर से पूछिए।",unattributed_quote,"'अच्छा, म्युनिसिपैलिटी के दफ्तर से पूछिए।'",
4,176,दारोग़ा,आपके यहां रमानाथ कोई क्लर्क था?,unquoted_dash,दारोग़ा -'आपके यहां रमानाथ कोई क्लर्क था?,दारोग़ा
4,177,दारोग़ा,वह कुछ रूपये ग़बन करके भागा है?,unquoted_dash,दारोग़ा -'वह कुछ रूपये ग़बन करके भागा है?,दारोग़ा
4,178,जवाब,"नहीं। वह घर से भागा है, पर ग़बन नहीं किया। क्या वह आपके यहां है?",named_comma_quote,"जवाब,'नहीं। वह घर से भागा है, पर ग़बन नहीं किया। क्या वह आपके यहां है?'","जवाब,"
4,179,दारोग़ा,"जी हां, हमने उसे गिरफ्तार किया है। वह ख़ुद कहता है कि मैंने रूपये ग़बन किए। बात क्या है?",named_dash_quote,"दारोग़ा -'जी हां, हमने उसे गिरफ्तार किया है। वह ख़ुद कहता है कि मैंने रूपये ग़बन किए। बात क्या है?'",दारोग़ा -
4,180,जवाब,पुलिस तो लाल बुझक्कड़ है। ज़रा दिमाग़ लडाइए।,named_comma_quote,"जवाब, 'पुलिस तो लाल बुझक्कड़ है। ज़रा दिमाग़ लडाइए।'","जवाब,"
4,181,दारोग़ा,यहां तो अक्ल काम नहीं करती।,named_dash_quote,दारोग़ा -'यहां तो अक्ल काम नहीं करती।',दारोग़ा -
4,182,जवाब,"यहीं क्या, कहीं भी काम नहीं करती। सुनिए, रमानाथ ने मीज़ान लगाने में ग़लती की, डरकर भागा। बाद को मालूम हुआ कि तहबील में कोई कमी न थी। आई समझ में बात।",named_comma_quote,"जवाब, 'यहीं क्या, कहीं भी काम नहीं करती। सुनिए, रमानाथ ने मीज़ान लगाने में ग़लती की, डरकर भागा। बाद को मालूम हुआ कि तहबील में कोई कमी न थी। आई समझ में बात।'","जवाब,"
4,183,डिप्टी,अब क्या करना होगा खां साहबब चिडिया हाथ से निकल गया!,named_dash_quote,डिप्टी-'अब क्या करना होगा खां साहबब चिडिया हाथ से निकल गया!',डिप्टी-
4,184,दारोग़ा,"निकल कैसे जाएगी हुजूरब रमानाथ से यह बात कही ही क्यों जाए? बस उसे किसी ऐसे आदमी से मिलने न दिया जाय जो बाहर की ख़बरें पहुंचा सके। घरवालों को उसका पता अब लग जावेगा ही, कोई न कोई जरूर उसकी तलाश में आवेगा। किसी को न आने दें। तहरीर में कोई बात न लाई जाए। ज़बानी इत्मीनान दिला दिया जाय। कह दिया जाय, कमिश्नर साहब को मुआफीनामा के लिए रिपोर्ट की गई है। इंस्पेक्टर साहब से भी राय ले ली जाय। इधर तो यह लोग सुपरिंटेंडेंट से परामर्श कर रहे थे, उधर एक घंटे में देवीदीन लौटकर थाने आया तो कांस्टेबल ने कहा,",named_dash_quote,"दारोग़ा -'निकल कैसे जाएगी हुजूरब रमानाथ से यह बात कही ही क्यों जाए? बस उसे किसी ऐसे आदमी से मिलने न दिया जाय जो बाहर की ख़बरें पहुंचा सके। घरवालों को उसका पता अब लग जावेगा ही, कोई न कोई जरूर उसकी तलाश में आवेगा। किसी को न आने दें। तहरीर में कोई बात न लाई जाए। ज़बानी इत्मीनान दिला दिया जाय। कह दिया जाय, कमिश्नर साहब को मुआफीनामा के लिए रिपोर्ट की गई है। इंस्पेक्टर साहब से भी राय ले ली जाय। इधर तो यह लोग सुपरिंटेंडेंट से परामर्श कर रहे थे, उधर एक घंटे में देवीदीन लौटकर थाने आया तो कांस्टेबल ने कहा, 'दारोग़ाजी तो साहब के पास गए।'",दारोग़ा -
4,185,देवीदीन,तो बाबूजी को हिरासत में डाल दिया?,named_comma_quote,"देवीदीन ने घबडाकर कहा, 'तो बाबूजी को हिरासत में डाल दिया?'","देवीदीन ने घबडाकर कहा,"
4,186,Unknown,"नहीं, उन्हें भी साथ ले गये।",unattributed_quote,"कांस्टेबल, 'नहीं, उन्हें भी साथ ले गये।'","कांस्टेबल,"
4,188,Unknown,तो यहां कब तक बैठे रहोगे?,unattributed_quote,"कांस्टेबल ने पूछा, 'तो यहां कब तक बैठे रहोगे?'","कांस्टेबल ने पूछा,"
4,189,देवीदीन,"अब तो दारोग़ाजी से दो-दो बातें करके ही जाऊंगा। चाहे जेहल ही जाना पड़े, पर फटकारूंगा जरूर, बुरी तरह फटकारूंगा। आख़िर उनके भी तो बाल-बच्चे होंगे! क्या भगवान से ज़रा भी नहीं डरते! तुमने बाबूजी को जाती बार देखा था?बहुत रंजीदा थे?",named_comma_quote,"देवीदीन ने मानो कोड़े की काट से आहत होकर कहा,'अब तो दारोग़ाजी से दो-दो बातें करके ही जाऊंगा। चाहे जेहल ही जाना पड़े, पर फटकारूंगा जरूर, बुरी तरह फटकारूंगा। आख़िर उनके भी तो बाल-बच्चे होंगे! क्या भगवान से ज़रा भी नहीं डरते! तुमने बाबूजी को जाती बार देखा था?बहुत रंजीदा थे? ' कांस्टेबल, 'रंजीदा तो नहीं थे, ख़ासी तरह हंस रहे थे। दोनों जने मोटर में बैठकर गए हैं।'","देवीदीन ने मानो कोड़े की काट से आहत होकर कहा,"
4,189,Unknown,"रंजीदा तो नहीं थे, ख़ासी तरह हंस रहे थे। दोनों जने मोटर में बैठकर गए हैं।",unattributed_quote,"देवीदीन ने मानो कोड़े की काट से आहत होकर कहा,'अब तो दारोग़ाजी से दो-दो बातें करके ही जाऊंगा। चाहे जेहल ही जाना पड़े, पर फटकारूंगा जरूर, बुरी तरह फटकारूंगा। आख़िर उनके भी तो बाल-बच्चे होंगे! क्या भगवान से ज़रा भी नहीं डरते! तुमने बाबूजी को जाती बार देखा था?बहुत रंजीदा थे? ' कांस्टेबल, 'रंजीदा तो नहीं थे, ख़ासी तरह हंस रहे थे। दोनों जने मोटर में बैठकर गए हैं।'","कांस्टेबल,"
4,190,देवीदीन,"हंस क्या रहे होंगे बेचारे। मुंह से चाहे हंस लें, दिल तो रोता ही होगा।",named_comma_quote,"देवीदीन ने अविश्वास के भाव से कहा, 'हंस क्या रहे होंगे बेचारे। मुंह से चाहे हंस लें, दिल तो रोता ही होगा। '","देवीदीन ने अविश्वास के भाव से कहा,"
4,191,जग्गो,तुम यहां क्या करने लगे?भैया कहां हैं?,named_comma_quote,"देवीदीन को यहां बैठे एक घंटा भी न हुआ था कि सहसा जग्गो आ खड़ी हुई। देवीदीन को द्वार पर बैठे देखकर बोली, 'तुम यहां क्या करने लगे?भैया कहां हैं?'","देवीदीन को यहां बैठे एक घंटा भी न हुआ था कि सहसा जग्गो आ खड़ी हुई। देवीदीन को द्वार पर बैठे देखकर बोली,"
4,192,देवीदीन,"भैया को ले गए सुपरीडंट के पास, न जाने भेंट होती है कि ऊपर ही ऊपर परागराज भेज दिए जाते हैं।",named_comma_quote,"देवीदीन ने मर्माहत होकर कहा, 'भैया को ले गए सुपरीडंट के पास, न जाने भेंट होती है कि ऊपर ही ऊपर परागराज भेज दिए जाते हैं। '","देवीदीन ने मर्माहत होकर कहा,"
4,193,जग्गो,"दारोग़ाजी भी बडे वह हैं। कहां तो कहा था कि इतना लेंगे, कहां लेकर चल दिए!",named_dash_quote,"जग्गो-'दारोग़ाजी भी बडे वह हैं। कहां तो कहा था कि इतना लेंगे, कहां लेकर चल दिए!'",जग्गो-
4,194,देवीदीन,इसीलिए तो बैठा हूं कि आवें तो दो-दो बातें कर लूं।,named_dash_quote,देवीदीन-'इसीलिए तो बैठा हूं कि आवें तो दो-दो बातें कर लूं।',देवीदीन-
4,195,जग्गो,"हां, फटकारना जरूर,जो अपनी बात का नहीं, वह अपने बाप का क्या होगा। मैं तो खरी कहूंगी। मेरा क्या कर लेंगे!",named_dash_quote,"जग्गो-'हां, फटकारना जरूर,जो अपनी बात का नहीं, वह अपने बाप का क्या होगा। मैं तो खरी कहूंगी। मेरा क्या कर लेंगे!'",जग्गो-
4,196,देवीदीन,दूकान पर कौन है?,named_dash_quote,देवीदीन-'दूकान पर कौन है?',देवीदीन-
4,197,जग्गो,बंद कर आई हूं। अभी बेचारे ने कुछ खाया भी नहीं। सबेरे से,unquoted_dash,जग्गो-'बंद कर आई हूं। अभी बेचारे ने कुछ खाया भी नहीं। सबेरे से,जग्गो
4,200,देवीदीन,जो उधार ही से पराग भेज दिया तो?,named_dash_quote,देवीदीन-'जो उधार ही से पराग भेज दिया तो?',देवीदीन-
4,201,जग्गो,तो चिट्ठी तो आवेगी ही। चलकर वहीं देख आवेंगे?,named_dash_quote,जग्गो-'तो चिट्ठी तो आवेगी ही। चलकर वहीं देख आवेंगे?',जग्गो-
4,202,देवीदीन,(आंखों में आंसू भरकर) सज़ा हो जायगी?,unquoted_dash,देवीदीन-'(आंखों में आंसू भरकर) सज़ा हो जायगी?,देवीदीन
4,203,जग्गो,रूपया जमा कर देंगे तब काहे को होगी। सरकार अपने रूपये ही तो लेगी?,unquoted_dash,जग्गो-'रूपया जमा कर देंगे तब काहे को होगी। सरकार अपने रूपये ही तो लेगी?,जग्गो
4,204,देवीदीन,"नहीं पगली, ऐसा नहीं होता। चोर माल लौटा दे तो वह छोड़ थोड़े ही दिया जाएगा।",named_dash_quote,"देवीदीन-'नहीं पगली, ऐसा नहीं होता। चोर माल लौटा दे तो वह छोड़ थोड़े ही दिया जाएगा।'",देवीदीन-
4,205,जग्गो,"दारोग़ाजी,",named_comma_quote,"जग्गो ने परिस्थिति की कठोरता अनुभव करके कहा, 'दारोग़ाजी, '","जग्गो ने परिस्थिति की कठोरता अनुभव करके कहा,"
4,206,इंस्पेक्टर,"तुम यहां देर से बैठे हो क्या दादा? आओ, कमरे में चलो। अम्मां, तुम कब आइ?",named_comma_quote,"वह अभी बात भी पूरी न करने पाई थी कि दारोग़ाजी की मोटर सामने आ पहुंची। इंस्पेक्टर साहब भी थे। रमा इन दोनों को देखते ही मोटर से उतरकर आया और प्रसन्न मुख से बोला, 'तुम यहां देर से बैठे हो क्या दादा? आओ, कमरे में चलो। अम्मां, तुम कब आइ?'","वह अभी बात भी पूरी न करने पाई थी कि दारोग़ाजी की मोटर सामने आ पहुंची। इंस्पेक्टर साहब भी थे। रमा इन दोनों को देखते ही मोटर से उतरकर आया और प्रसन्न मुख से बोला,"
4,207,Unknown,"कहो चौधारी, लाए रूपये?",unattributed_quote,"दारोग़ाजी ने विनोद करके कहा, 'कहो चौधारी, लाए रूपये?'","दारोग़ाजी ने विनोद करके कहा,"
4,208,देवीदीन,"जब कह गया कि मैं थोड़ी देर में आता हूं, तो आपको मेरी राह देख लेनी चाहिए थी। चलिए, अपने रूपये लीजिए।",named_dash_quote,"देवीदीन-'जब कह गया कि मैं थोड़ी देर में आता हूं, तो आपको मेरी राह देख लेनी चाहिए थी। चलिए, अपने रूपये लीजिए।'",देवीदीन-
4,209,दारोग़ा,खोदकर निकाले होंगे?,named_dash_quote,दारोग़ा -'खोदकर निकाले होंगे?',दारोग़ा -
4,210,देवीदीन,"आपके अकबाल से हज़ार-पांच सौ अभी ऊपर ही निकल सकते हैं। ज़मीन खोदने की जरूरत नहीं पड़ी। चलो भैया, बुढिया कब से खड़ी है। मैं रूपये चुकाकर आता हूं। यह तो इसपिकटर साहब थे न? पहले इसी थाने में थे।",named_dash_quote,"देवीदीन-'आपके अकबाल से हज़ार-पांच सौ अभी ऊपर ही निकल सकते हैं। ज़मीन खोदने की जरूरत नहीं पड़ी। चलो भैया, बुढिया कब से खड़ी है। मैं रूपये चुकाकर आता हूं। यह तो इसपिकटर साहब थे न? पहले इसी थाने में थे।'",देवीदीन-
4,211,दारोग़ा,"तो भाई, अपने रूपये ले जाकर उसी हांड़ी में रख दो। अफसरों की सलाह हुई कि इन्हें छोड़ना न चाहिए। मेरे बस की बात नहीं है।",named_dash_quote,"दारोग़ा -'तो भाई, अपने रूपये ले जाकर उसी हांड़ी में रख दो। अफसरों की सलाह हुई कि इन्हें छोड़ना न चाहिए। मेरे बस की बात नहीं है।'",दारोग़ा -
4,213,देवीदीन,तो आपने कहा किस मुंह से था?,named_comma_quote,"इतने कठोर शब्द सुनकर दारोग़ाजी को भन्ना जाना चाहिए था, पर उन्होंने ज़रा भी बुरा न माना। हंसते हुए बोले,भई अब चाहे, नीच कहो, चाहे दग़ाबाज़ कहो, पर हम इन्हें छोड़ नहीं सकते। ऐसे शिकार रोज़ नहीं मिलते। कौल के पीछे अपनी तरक्की नहीं छोड़ सकता दारोग़ा के हंसने पर देवीदीन और भी तेज़ हुआ, 'तो आपने कहा किस मुंह से था? '","इतने कठोर शब्द सुनकर दारोग़ाजी को भन्ना जाना चाहिए था, पर उन्होंने ज़रा भी बुरा न माना। हंसते हुए बोले,भई अब चाहे, नीच कहो, चाहे दग़ाबाज़ कहो, पर हम इन्हें छोड़ नहीं सकते। ऐसे शिकार रोज़ नहीं मिलते। कौल के पीछे अपनी तरक्की नहीं छोड़ सकता दारोग़ा के हंसने पर देवीदीन और भी तेज़ हुआ,"
4,214,दारोग़ा,"कहा तो इसी मुंह से था, लेकिन मुंह हमेशा एक-सा तो नहीं रहता। इसी मुंह से जिसे गाली देता हूं, उसकी इसी मुंह से तारीफ भी करता हूं।",named_dash_quote,"दारोग़ा -'कहा तो इसी मुंह से था, लेकिन मुंह हमेशा एक-सा तो नहीं रहता। इसी मुंह से जिसे गाली देता हूं, उसकी इसी मुंह से तारीफ भी करता हूं।'",दारोग़ा -
4,215,देवीदीन,(तिनककर) यह मूंछें मुड़वा डालिए।,named_dash_quote,देवीदीन-'(तिनककर) यह मूंछें मुड़वा डालिए।',देवीदीन-
4,216,दारोग़ा,"मुझे बडी ख़ुशी से मंजूर है। नीयत तो मेरी पहले ही थी, पर शर्म के मारे न मुड़वाता था। अब तुमने दिल मज़बूत कर दिया।",named_dash_quote,"दारोग़ा -'मुझे बडी ख़ुशी से मंजूर है। नीयत तो मेरी पहले ही थी, पर शर्म के मारे न मुड़वाता था। अब तुमने दिल मज़बूत कर दिया।'",दारोग़ा -
4,217,देवीदीन,"हंसिए मत दारोग़ाजी, आप हंसते हैं और मेरा ख़ून जला जाता है। मुझे चाहे जेहल ही क्यों न हो जाए, लेकिन मैं कप्तान साहब से जरूर कह दूंगा। हूं तो टके का आदमी पर आपके अकबाल से बडे अफसरों तक पहुंच है।",named_dash_quote,"देवीदीन-'हंसिए मत दारोग़ाजी, आप हंसते हैं और मेरा ख़ून जला जाता है। मुझे चाहे जेहल ही क्यों न हो जाए, लेकिन मैं कप्तान साहब से जरूर कह दूंगा। हूं तो टके का आदमी पर आपके अकबाल से बडे अफसरों तक पहुंच है।'",देवीदीन-
4,218,दारोग़ा,"अरे, यार तो क्या सचमुच कप्तान साहब से मेरी शिकायत कर दोगे?",named_dash_quote,"दारोग़ा -'अरे, यार तो क्या सचमुच कप्तान साहब से मेरी शिकायत कर दोगे?'",दारोग़ा -
4,219,देवीदीन,"आप जब किसी की नहीं सुनते, बात कहकर मुकर जाते हैं, तो दूसरे भी अपने-सी करेंगे ही। मेम साहब तो रोज़ ही दुकान पर आती हैं।",named_comma_quote,"देवीदीन ने समझा कि धमकी कारगर हुई। अकड़कर बोला, 'आप जब किसी की नहीं सुनते, बात कहकर मुकर जाते हैं, तो दूसरे भी अपने-सी करेंगे ही। मेम साहब तो रोज़ ही दुकान पर आती हैं।'","देवीदीन ने समझा कि धमकी कारगर हुई। अकड़कर बोला,"
4,220,दारोग़ा,"कौन, देवी? अगर तुमने साहब या मेम साहब से मेरी कुछ शिकायत की, तो कसम खाकर कहता हूं, कि घर खुदवाकर फेंक दूंगा!",named_dash_quote,"दारोग़ा -'कौन, देवी? अगर तुमने साहब या मेम साहब से मेरी कुछ शिकायत की, तो कसम खाकर कहता हूं, कि घर खुदवाकर फेंक दूंगा!'",दारोग़ा -
4,221,देवीदीन,"जिस दिन मेरा घर खुदेगा, उस दिन यह पगड़ी और चपरास भी न रहेगी, हुजूर।",named_dash_quote,"देवीदीन-'जिस दिन मेरा घर खुदेगा, उस दिन यह पगड़ी और चपरास भी न रहेगी, हुजूर।'",देवीदीन-
4,222,दारोग़ा,"अच्छा तो मारो हाथ पर हाथ, हमारी तुम्हारी दो-दो चोटें हो जायं,यही सही।",named_dash_quote,"दारोग़ा -'अच्छा तो मारो हाथ पर हाथ, हमारी तुम्हारी दो-दो चोटें हो जायं,यही सही।'",दारोग़ा -
4,223,देवीदीन,"पछताओगे सरकार, कहे देता हूं पछताओगे।",named_dash_quote,"देवीदीन-'पछताओगे सरकार, कहे देता हूं पछताओगे।'",देवीदीन-
4,224,देवीदीन,"दादा,दारोग़ाजी तुम्हें चिढ़ा रहे हैं। हम लोगों में ऐसी सलाह हो गई है कि मैं बिना कुछ लिए-दिए ही छूट जाऊंगा, ऊपर से नौकरी भी मिल जायगी। साहब ने पक्का वादा किया है। मुझे अब यहीं रहना होगा।",named_comma_quote,"रमा अब जब्त न कर सका। अब तक वह देवीदीन के बिगड़ने का तमाशा देखने के लिए भीगी बिल्ली बना खडाथा। कहकहा मारकर बोला, 'दादा,दारोग़ाजी तुम्हें चिढ़ा रहे हैं। हम लोगों में ऐसी सलाह हो गई है कि मैं बिना कुछ लिए-दिए ही छूट जाऊंगा, ऊपर से नौकरी भी मिल जायगी। साहब ने पक्का वादा किया है। मुझे अब यहीं रहना होगा।'","रमा अब जब्त न कर सका। अब तक वह देवीदीन के बिगड़ने का तमाशा देखने के लिए भीगी बिल्ली बना खडाथा। कहकहा मारकर बोला,"
4,225,देवीदीन,"कैसी बात है भैया, क्या कहते हो! क्या पुलिस वालों के चकमे में आ गए? इसमें कोई न कोई चाल जरूर छिपी होगी।",named_comma_quote,"देवीदीन ने रास्ता भटके हुए आदमी की भांति कहा, 'कैसी बात है भैया, क्या कहते हो! क्या पुलिस वालों के चकमे में आ गए? इसमें कोई न कोई चाल जरूर छिपी होगी।'","देवीदीन ने रास्ता भटके हुए आदमी की भांति कहा,"
4,226,रमानाथ,"और बात नहीं, एक मुकदमे में शहादत देनी पड़ेगी।",named_comma_quote,"रमा ने इत्मीनान के साथ कहा, 'और बात नहीं, एक मुकदमे में शहादत देनी पड़ेगी।'","रमा ने इत्मीनान के साथ कहा,"
4,227,देवीदीन,झूठा मुकदमा होगा?,named_comma_quote,"देवीदीन ने संशय से सिर हिलाकर कहा, 'झूठा मुकदमा होगा?'","देवीदीन ने संशय से सिर हिलाकर कहा,"
4,228,रमानाथ,"नहीं दादा, बिलकुल सच्चा मामला है। मैंने पहले ही पूछ लिया है।",named_dash_quote,"रमानाथ-'नहीं दादा, बिलकुल सच्चा मामला है। मैंने पहले ही पूछ लिया है।'",रमानाथ-
4,229,देवीदीन,"मैं इस बारे में और कुछ नहीं कह सकता भैया, ज़रा सोच-समझकर काम करना। अगर मेरे रूपयों को डरते हो,तो यही समझ लो कि देवीदीन ने अगर रूपयों की परवा की होती, तो आज लखपति होता। इन्हीं हाथों से सौ-सौ रूपये रोज़ कमाए और सब-के-सब उडादिए हैं। किस मुकदमे में सहादत देनी है? कुछ मालूम हुआ?",named_comma_quote,"देवीदीन की शंका शांत न हुई। बोला, 'मैं इस बारे में और कुछ नहीं कह सकता भैया, ज़रा सोच-समझकर काम करना। अगर मेरे रूपयों को डरते हो,तो यही समझ लो कि देवीदीन ने अगर रूपयों की परवा की होती, तो आज लखपति होता। इन्हीं हाथों से सौ-सौ रूपये रोज़ कमाए और सब-के-सब उडादिए हैं। किस मुकदमे में सहादत देनी है? कुछ मालूम हुआ?'","देवीदीन की शंका शांत न हुई। बोला,"
4,230,जवाब,वही डकैतियों वाला मुआमला है जिसमें कई ग़रीब आदमियों की जान गई थी। इन डाकुओं ने सूबे-भर में हंगामा मचा रक्खा था। उनके डर के मारे कोई आदमी गवाही देने पर राज़ी नहीं होता।,named_comma_quote,"दारोग़ाजी ने रमा को जवाब देने का अवसर न देकर कहा, 'वही डकैतियों वाला मुआमला है जिसमें कई ग़रीब आदमियों की जान गई थी। इन डाकुओं ने सूबे-भर में हंगामा मचा रक्खा था। उनके डर के मारे कोई आदमी गवाही देने पर राज़ी नहीं होता।'","दारोग़ाजी ने रमा को जवाब देने का अवसर न देकर कहा,"
4,231,देवीदीन,"अच्छा तो यह मुख़बिर बन गए?यह बात है। इसमें तो जो पुलिस सिखाएगी वही तुम्हें कहना पड़ेगा, भैया! मैं छोटी समझ का आदमी हूं, इन बातों का मर्म क्या जानूं, पर मुझसे मुख़बिर बनने को कहा जाता, तो मैं न बनता, चाहे कोई लाख रूपया देता। बाहर के आदमी को क्या मालूम कौन अपराधी है, कौन बेकसूर है। दो-चार अपराधियों के साथ दो-चार बेकसूर भी जरूर ही होंगे।",named_comma_quote,"देवीदीन ने उपेक्षा के भाव से कहा, 'अच्छा तो यह मुख़बिर बन गए?यह बात है। इसमें तो जो पुलिस सिखाएगी वही तुम्हें कहना पड़ेगा, भैया! मैं छोटी समझ का आदमी हूं, इन बातों का मर्म क्या जानूं, पर मुझसे मुख़बिर बनने को कहा जाता, तो मैं न बनता, चाहे कोई लाख रूपया देता। बाहर के आदमी को क्या मालूम कौन अपराधी है, कौन बेकसूर है। दो-चार अपराधियों के साथ दो-चार बेकसूर भी जरूर ही होंगे।'","देवीदीन ने उपेक्षा के भाव से कहा,"
4,232,दारोग़ा,"हरगिज़ नहीं। जितने आदमी पकड़े गए हैं, सब पक्के डाकू हैं।",named_dash_quote,"दारोग़ा -'हरगिज़ नहीं। जितने आदमी पकड़े गए हैं, सब पक्के डाकू हैं। '",दारोग़ा -
4,233,देवीदीन,"यह तो आप कहते हैं न, हमें क्या मालूम।",named_dash_quote,"देवीदीन-'यह तो आप कहते हैं न, हमें क्या मालूम।'",देवीदीन-
4,234,दारोग़ा,हम लोग बेगुनाहों को फंसाएंगे ही क्यों? यह तो सोचो।,named_dash_quote,दारोग़ा -'हम लोग बेगुनाहों को फंसाएंगे ही क्यों? यह तो सोचो।',दारोग़ा -
4,235,देवीदीन,"यह सब भुगते बैठा हूं, दारोग़ाजी! इससे तो यही अच्छा है कि आप इनका चालान कर दें। साल-दो साल का जेहल ही तो होगा। एक अधरम के दंड से बचने के लिए बेगुनाहों का ख़ून तो सिर पर न चढ़ेगा!",named_dash_quote,"देवीदीन-'यह सब भुगते बैठा हूं, दारोग़ाजी! इससे तो यही अच्छा है कि आप इनका चालान कर दें। साल-दो साल का जेहल ही तो होगा। एक अधरम के दंड से बचने के लिए बेगुनाहों का ख़ून तो सिर पर न चढ़ेगा! '",देवीदीन-
4,236,रमानाथ,"मैंने ख़ूब सोच लिया है दादा, सब काग़ज़ देख लिए हैं, इसमें कोई बेगुनाह नहीं है।",named_comma_quote,"रमा ने भीरूता से कहा, 'मैंने ख़ूब सोच लिया है दादा, सब काग़ज़ देख लिए हैं, इसमें कोई बेगुनाह नहीं है।'","रमा ने भीरूता से कहा,"
4,237,देवीदीन,होगा भाई! जान भी तो प्यारी होती है!,named_comma_quote,"देवीदीन ने उदास होकर कहा,'होगा भाई! जान भी तो प्यारी होती है!'यह कहकर वह पीछे घूम पड़ा। अपने मनोभावों को इससे स्पष्ट रूप से वह प्रकट न कर सकता था। एकाएक उसे एक बात याद आ गई। मुड़कर बोला, 'तुम्हें कुछ रूपये देता जाऊं।'","देवीदीन ने उदास होकर कहा,"
4,237,Unknown,तुम्हें कुछ रूपये देता जाऊं।,unattributed_quote,"देवीदीन ने उदास होकर कहा,'होगा भाई! जान भी तो प्यारी होती है!'यह कहकर वह पीछे घूम पड़ा। अपने मनोभावों को इससे स्पष्ट रूप से वह प्रकट न कर सकता था। एकाएक उसे एक बात याद आ गई। मुड़कर बोला, 'तुम्हें कुछ रूपये देता जाऊं।'","यह कहकर वह पीछे घूम पड़ा। अपने मनोभावों को इससे स्पष्ट रूप से वह प्रकट न कर सकता था। एकाएक उसे एक बात याद आ गई। मुड़कर बोला,"
4,238,रमानाथ,क्या जरूरत है?,named_comma_quote,"रमा ने खिसियाकर कहा, 'क्या जरूरत है?'","रमा ने खिसियाकर कहा,"
4,239,दारोग़ा,आज से इन्हें यहीं रहना पड़ेगा।,named_dash_quote,दारोग़ा -'आज से इन्हें यहीं रहना पड़ेगा।',दारोग़ा -
4,240,देवीदीन,"हां हुजूर, इतना जानता हूं। इनकी दावत होगी, बंगला रहने को मिलेगा, नौकर मिलेंगे, मोटर मिलेगी। यह सब जानता हूं। कोई बाहर का आदमी इनसे मिलने न पावेगा, न यह अकेले आ-जा सकेंगे, यह सब देख चुका हूं।",named_comma_quote,"देवीदीन ने कर्कश स्वर में कहा,'हां हुजूर, इतना जानता हूं। इनकी दावत होगी, बंगला रहने को मिलेगा, नौकर मिलेंगे, मोटर मिलेगी। यह सब जानता हूं। कोई बाहर का आदमी इनसे मिलने न पावेगा, न यह अकेले आ-जा सकेंगे, यह सब देख चुका हूं।'","देवीदीन ने कर्कश स्वर में कहा,"
4,242,जग्गो,भैया नहीं आ रहे हैं?,named_comma_quote,"जग्गो ने पूछा, 'भैया नहीं आ रहे हैं?'","जग्गो ने पूछा,"
4,243,देवीदीन,भैया अब नहीं आवेंगे। जब अपने ही अपने न हुए तो बेगाने तो बेगाने हैं ही!,named_comma_quote,"देवीदीन ने सड़क की ओर ताकते हुए कहा, 'भैया अब नहीं आवेंगे। जब अपने ही अपने न हुए तो बेगाने तो बेगाने हैं ही!' वह चला गया। बुढिया भी पीछे-पीछे भुनभुनाती चली।","देवीदीन ने सड़क की ओर ताकते हुए कहा,"
4,245,जालपा,प्रजा-मित्र,named_comma_quote,"एक नवीन जीवन, एक नवीन उत्साह का अनुभव होता है। जालपा के पास 'प्रजा-मित्र' कार्यालय का पत्र पहुंचा, तो उसे पढ़कर वह रो पड़ी। पत्र एक हाथ में लिये, दूसरे हाथ से चौखट पकड़े, वह खूब रोई।क्या सोचकर रोई, वह कौन कह सकता है। कदाचित अपने उपाय की इस आशातीत सफलता ने उसकी आत्मा को विह्नल कर दिया, आनंद की उस गहराई पर पहुंचा दिया जहां पानी है, या उस ऊंचाई पर जहां उष्णता हिम बन जाती है। आज छः महीने के बाद यह सुख-संवाद मिला। इतने दिनों वह छलमयी आशा और कठोर दुराशा का खिलौना बनी रही। आह! कितनी बार उसके मन में तरंग उठी कि इस जीवन का क्यों न अंत कर दूं! कहीं मैंने सचमुच प्राण त्याग दिए होते तो उनके दर्शन भी न पाती! पर उनका हिया कितना कठोर है। छः महीने से वहां बैठे हैं, एक पत्र भी न लिखा, ख़बर तक नहीं ली। आख़िर यही न समझ लिया होगा कि बहुत होगा रो-रोकर मर जायगी। उन्होंने मेरी परवाह ही कब की! दस-बीस रूपये तो आदमी यार-दोस्तों पर भी ख़र्च कर देता है। वह प्रेम नहीं है। प्रेम ह्रदय की वस्तु है, रूपये की नहीं। जब तक रमा का कुछ पता न था, जालपा सारा इलज़ाम अपने सिर रखती थी,, पर आज उनका पता पाते ही उसका मन अकस्मात कठोर हो गया। तरह-तरह के शिकवे पैदा होने लगे। वहां क्या समझकर बैठे हैं?इसीलिए तो कि वह स्वाधीन हैं, आज़ाद हैं,किसी का दिया नहीं खाते।","एक नवीन जीवन, एक नवीन उत्साह का अनुभव होता है। जालपा के पास"
4,246,Unknown,"सुने चली जाती, तो वह मेरे साथ किस तरह पेश आते?शायद तलवार लेकर गर्दन पर सवार हो जाते या जिंदगी-भर मुंह न देखते। वहीं खड़े-खड़े जालपा ने मन-ही-मन शिकायतों का दफ्तर खोल दिया।",unquoted_dash,"इसी तरह मैं कहीं बिना कहे-सुने चली जाती, तो वह मेरे साथ किस तरह पेश आते?शायद तलवार लेकर गर्दन पर सवार हो जाते या जिंदगी-भर मुंह न देखते। वहीं खड़े-खड़े जालपा ने मन-ही-मन शिकायतों का दफ्तर खोल दिया।",इसी तरह मैं कहीं बिना कहे
4,247,रमेश,"गोपी, गोपी, ज़रा इधर आना।",named_comma_quote,"सहसा रमेश बाबू ने द्वार पर पुकारा, 'गोपी, गोपी, ज़रा इधर आना।' मुंशीजी ने अपने कमरे में पड़े-पड़े कराहकर कहा, 'कौन है भाई, कमरे में आ जाओ। अरे! आप हैं रमेश बाबू! बाबूजी, मैं तो मरकर जिया हूं। बस यही समझिए कि नई ज़िंदगी हुई। कोई आशा न थी। कोई आगे न कोई पीछे, दोनों लौंडे आवारा हैं, मैं मईं या जीऊं, उनसे मतलब नहीं। उनकी मां को मेरी सूरत देखते डर लगता है। बस बेचारी बहू ने मेरी जान बचाईब वह न होती तो अब तक चल बसा होता।'","सहसा रमेश बाबू ने द्वार पर पुकारा,"
4,247,मुंशीजी,"कौन है भाई, कमरे में आ जाओ। अरे! आप हैं रमेश बाबू! बाबूजी, मैं तो मरकर जिया हूं। बस यही समझिए कि नई ज़िंदगी हुई। कोई आशा न थी। कोई आगे न कोई पीछे, दोनों लौंडे आवारा हैं, मैं मईं या जीऊं, उनसे मतलब नहीं। उनकी मां को मेरी सूरत देखते डर लगता है। बस बेचारी बहू ने मेरी जान बचाईब वह न होती तो अब तक चल बसा होता।",named_dash_quote,"सहसा रमेश बाबू ने द्वार पर पुकारा, 'गोपी, गोपी, ज़रा इधर आना।' मुंशीजी ने अपने कमरे में पड़े-पड़े कराहकर कहा, 'कौन है भाई, कमरे में आ जाओ। अरे! आप हैं रमेश बाबू! बाबूजी, मैं तो मरकर जिया हूं। बस यही समझिए कि नई ज़िंदगी हुई। कोई आशा न थी। कोई आगे न कोई पीछे, दोनों लौंडे आवारा हैं, मैं मईं या जीऊं, उनसे मतलब नहीं। उनकी मां को मेरी सूरत देखते डर लगता है। बस बेचारी बहू ने मेरी जान बचाईब वह न होती तो अब तक चल बसा होता।'","मुंशीजी ने अपने कमरे में पड़े-पड़े कराहकर कहा,"
4,248,रमेश,आप इतने बीमार हो गए और मुझे ख़बर तक न हुई। मेरे यहां रहते आपको इतना कष्ट हुआ! बहू ने भी मुझे एक पुर्ज़ा न लिख दिया। छुट्टी लेनी पड़ी होगी?,named_comma_quote,"रमेश बाबू ने कृत्रिम संवेदना दिखाते हुए कहा, 'आप इतने बीमार हो गए और मुझे ख़बर तक न हुई। मेरे यहां रहते आपको इतना कष्ट हुआ! बहू ने भी मुझे एक पुर्ज़ा न लिख दिया। छुट्टी लेनी पड़ी होगी?'","रमेश बाबू ने कृत्रिम संवेदना दिखाते हुए कहा,"
4,249,Unknown,"छुट्टी के लिए दरख्वास्त तो भेज दी थी, मगर साहब मैंने डाक्टरी सर्टिफिकेट नहीं भेजी। सोलह रूपये किसके घर से लाता। एक दिन सिविल सर्जन के पास गया, मगर उन्होंने चिट्ठी लिखने से इनकार किया। आप तो जानते हैं वह बिना फीस लिये बात नहीं करते। मैं चला आया और दरख्वास्त भेज दी। मालूम नहीं मंजूर हुई या नहीं। यह तो डाक्टरों का हाल है। देख रहे हैं",unquoted_dash,"मुंशी-'छुट्टी के लिए दरख्वास्त तो भेज दी थी, मगर साहब मैंने डाक्टरी सर्टिफिकेट नहीं भेजी। सोलह रूपये किसके घर से लाता। एक दिन सिविल सर्जन के पास गया, मगर उन्होंने चिट्ठी लिखने से इनकार किया। आप तो जानते हैं वह बिना फीस लिये बात नहीं करते। मैं चला आया और दरख्वास्त भेज दी। मालूम नहीं मंजूर हुई या नहीं। यह तो डाक्टरों का हाल है। देख रहे हैं",मुंशी
4,251,रमेश,"यह तो आपने बुरी ख़बर सुनाई, मगर आपकी छुट्टी नामंजूर हुई तो क्या होगा?",named_comma_quote,"रमेश बाबू ने चिंतित होकर कहा, 'यह तो आपने बुरी ख़बर सुनाई, मगर आपकी छुट्टी नामंजूर हुई तो क्या होगा?'","रमेश बाबू ने चिंतित होकर कहा,"
4,252,मुंशीजी,"होगा क्या, घर बैठ रहूंगा। साहब पूछेंगे तो साफ कह दूंगा, मैं सर्जन के पास गया था, उसने छुट्टी नहीं दी। आख़िर इन्हें क्यों सरकार ने नौकर रक्खा है। महज़ कुर्सी की शोभा बढ़ाने के लिए? मुझे डिसमिस हो जाना मंज़ूर है, पर सर्टिगिष्धट न दूंगा। लौंडे ग़ायब हैं। आपके लिए पान तक लाने वाला कोई नहीं। क्या करूं?",named_comma_quote,"मुंशीजी ने माथा ठोंकर कहा,'होगा क्या, घर बैठ रहूंगा। साहब पूछेंगे तो साफ कह दूंगा, मैं सर्जन के पास गया था, उसने छुट्टी नहीं दी। आख़िर इन्हें क्यों सरकार ने नौकर रक्खा है। महज़ कुर्सी की शोभा बढ़ाने के लिए? मुझे डिसमिस हो जाना मंज़ूर है, पर सर्टिगिष्धट न दूंगा। लौंडे ग़ायब हैं। आपके लिए पान तक लाने वाला कोई नहीं। क्या करूं?'","मुंशीजी ने माथा ठोंकर कहा,"
4,253,रमेश,"मेरे लिए आप तरददुद न करें। मैं आज पान खाने नहीं, भरपेट मिठाई खाने आया हूं। (जालपा को पुकारकर) बहूजी,तुम्हारे लिए ख़ुशख़बरी लाया हूं। मिठाई मंगवा लो।",named_comma_quote,"रमेश ने मुस्कराकर कहा, 'मेरे लिए आप तरददुद न करें। मैं आज पान खाने नहीं, भरपेट मिठाई खाने आया हूं। (जालपा को पुकारकर) बहूजी,तुम्हारे लिए ख़ुशख़बरी लाया हूं। मिठाई मंगवा लो।'","रमेश ने मुस्कराकर कहा,"
4,254,जालपा,"पहले वह ख़बर सुनाइए। शायद आप जिस ख़बर को नई-नई समझ रहे हों, वह पुरानी हो गई हो",named_comma_quote,"जालपा ने पान की तश्तरी उनके सामने रखकर कहा, 'पहले वह ख़बर सुनाइए। शायद आप जिस ख़बर को नई-नई समझ रहे हों, वह पुरानी हो गई हो'","जालपा ने पान की तश्तरी उनके सामने रखकर कहा,"
4,255,रमेश,जी कहीं हो न! रमानाथ का पता चल गया। कलकत्ता में हैं।,named_dash_quote,रमेश-'जी कहीं हो न! रमानाथ का पता चल गया। कलकत्ता में हैं।',रमेश-
4,256,जालपा,मुझे पहले ही मालूम हो चुका है।,named_dash_quote,जालपा-'मुझे पहले ही मालूम हो चुका है।',जालपा-
4,257,मुंशीजी,मालूम हो गया कलकत्ता में हैं?कोई ख़त आया था?,named_comma_quote,"मुंशीजी झपटकर उठ बैठे। उनका ज्वर मानो भागकर उत्सुकता की आड़ में जा छिपा, रमेश का हाथ पकड़कर बोले, 'मालूम हो गया कलकत्ता में हैं?कोई ख़त आया था?'","मुंशीजी झपटकर उठ बैठे। उनका ज्वर मानो भागकर उत्सुकता की आड़ में जा छिपा, रमेश का हाथ पकड़कर बोले,"
4,258,रमेश,"खत नहीं था, एक पुलिस इंक्वायरी थी। मैंने कह दिया, उन पर किसी तरह का इलज़ाम नहीं है। तुम्हें कैसे मालूम हुआ, बहूजी?",named_dash_quote,"रमेश-'खत नहीं था, एक पुलिस इंक्वायरी थी। मैंने कह दिया, उन पर किसी तरह का इलज़ाम नहीं है। तुम्हें कैसे मालूम हुआ, बहूजी?'",रमेश-
4,259,जालपा,प्रजा-मित्र,attribution_quote,"जालपा ने अपनी स्कीम बयान की। 'प्रजा-मित्र' कार्यालय का पत्र भी दिखाया। पत्र के साथ रूपयों की एक रसीद थी जिस पर रमा का हस्ताक्षर था। रमेश-'दस्तख़त तो रमा बाबू का है, बिलकुल साफ धोखा हो ही नहीं सकता मान गया बहूजी तुम्हें! वाह, क्या हिकमत निकाली है! हम सबके कान काट लिए। किसी को न सूझी। अब जो सोचते हैं, तो मालूम होता है, कितनी आसान बात थी। किसी को जाना चाहिए जो बचा को पकड़कर घसीट लाए। यह बातचीत हो रही थी कि रतन आ पहुंची। जालपा उसे देखते ही वहां",जालपा ने अपनी स्कीम बयान की।
4,260,Unknown,बहन कलकत्ता से पत्र आ गया। वहीं हैं।,unattributed_quote,"से निकली और उसके गले से लिपटकर बोली, 'बहन कलकत्ता से पत्र आ गया। वहीं हैं।'रतन-'मेरे सिर की कसम?'","से निकली और उसके गले से लिपटकर बोली,"
4,260,रतन,मेरे सिर की कसम?,named_dash_quote,"से निकली और उसके गले से लिपटकर बोली, 'बहन कलकत्ता से पत्र आ गया। वहीं हैं।'रतन-'मेरे सिर की कसम?'",रतन-
4,261,जालपा,"हां, सच कहती हूं। ख़त देखो न!",named_dash_quote,"जालपा-'हां, सच कहती हूं। ख़त देखो न!'",जालपा-
4,262,रतन,तो आज ही चली जाओ।,named_dash_quote,रतन-'तो आज ही चली जाओ।',रतन-
4,263,जालपा,यही तो मैं भी सोच रही हूं। तुम चलोगी?,named_dash_quote,जालपा-'यही तो मैं भी सोच रही हूं। तुम चलोगी?',जालपा-
4,264,रतन,"चलने को तो मैं तैयार हूं, लेकिन अकेला घर किस पर छोड़ूं! बहन, मुझे मणिभूषण पर कुछ शुबहा होने लगा है। उसकी नीयत अच्छी नहीं मालूम होती। बैंक में बीस हज़ार रूपये से कम न थे। सब न जाने कहां उडादिए। कहता है, क्रिया-कर्म में ख़र्च हो गए। हिसाब मांगती हूं, तो आंखें दिखाता है। दफ्तर की कुंजी अपने पास रखे हुए है। मांगती हूं, तो टाल जाता है। मेरे साथ कोई कानूनी चाल चल रहा है। डरती हूं, मैं उधार जाऊं,इधर वह सब कुछ ले-देकर चलता बने। बंगले के गाहक आ रहे हैं। मैं भी सोचती हूं, गांव में जाकर शांति से पड़ी रहूं। बंगला बिक जायगा, तो नकद रूपये हाथ आ जाएंगे। मैं न रहूंगी,तो शायद ये रूपये मुझे देखने को भी न मिलें। गोपी को साथ लेकर आज ही चली जाओ। रूपये का इंतजाम मैं कर दूंगी।",named_dash_quote,"रतन-'चलने को तो मैं तैयार हूं, लेकिन अकेला घर किस पर छोड़ूं! बहन, मुझे मणिभूषण पर कुछ शुबहा होने लगा है। उसकी नीयत अच्छी नहीं मालूम होती। बैंक में बीस हज़ार रूपये से कम न थे। सब न जाने कहां उडादिए। कहता है, क्रिया-कर्म में ख़र्च हो गए। हिसाब मांगती हूं, तो आंखें दिखाता है। दफ्तर की कुंजी अपने पास रखे हुए है। मांगती हूं, तो टाल जाता है। मेरे साथ कोई कानूनी चाल चल रहा है। डरती हूं, मैं उधार जाऊं,इधर वह सब कुछ ले-देकर चलता बने। बंगले के गाहक आ रहे हैं। मैं भी सोचती हूं, गांव में जाकर शांति से पड़ी रहूं। बंगला बिक जायगा, तो नकद रूपये हाथ आ जाएंगे। मैं न रहूंगी,तो शायद ये रूपये मुझे देखने को भी न मिलें। गोपी को साथ लेकर आज ही चली जाओ। रूपये का इंतजाम मैं कर दूंगी।'",रतन-
4,265,जालपा,"गोपीनाथ तो शायद न जा सकें, दादा की दवा-दारू के लिए भी तो कोई चाहिए।",unquoted_dash,"जालपा-'गोपीनाथ तो शायद न जा सकें, दादा की दवा-दारू के लिए भी तो कोई चाहिए।",जालपा
4,266,रतन,वह मैं कर दूंगी। मैं रोज़ सबेरे आ जाऊंगी और दवा देकर चली जाऊंगी। शाम को भी एक बार आ जाया करूंगी।,named_dash_quote,"रतन-'वह मैं कर दूंगी। मैं रोज़ सबेरे आ जाऊंगी और दवा देकर चली जाऊंगी। शाम को भी एक बार आ जाया करूंगी। ' जालपा ने मुस्कराकर कहा, 'और दिन?भर उनके पास बैठा कौन रहेगा।'",रतन-
4,266,जालपा,और दिन?भर उनके पास बैठा कौन रहेगा।,named_comma_quote,"रतन-'वह मैं कर दूंगी। मैं रोज़ सबेरे आ जाऊंगी और दवा देकर चली जाऊंगी। शाम को भी एक बार आ जाया करूंगी। ' जालपा ने मुस्कराकर कहा, 'और दिन?भर उनके पास बैठा कौन रहेगा।'","जालपा ने मुस्कराकर कहा,"
4,267,रतन,"मैं थोड़ी देर बैठी भी रहा करूंगी, मगर तुम आज ही जाओ। बेचारे वहां न जाने किस दशा में होंगे। तो यही तय रही न?",named_dash_quote,"रतन-'मैं थोड़ी देर बैठी भी रहा करूंगी, मगर तुम आज ही जाओ। बेचारे वहां न जाने किस दशा में होंगे। तो यही तय रही न? '",रतन-
4,268,रमेश,"आइए देवीजी, रमा बाबू का पता चल गया!",named_comma_quote,"रतन मुंशीजी के कमरे में गई, तो रमेश बाबू उठकर खड़े हो गए और बोले, 'आइए देवीजी, रमा बाबू का पता चल गया! '","रतन मुंशीजी के कमरे में गई, तो रमेश बाबू उठकर खड़े हो गए और बोले,"
4,269,रतन,इसमें आधा श्रेय मेरा है।,named_dash_quote,रतन-'इसमें आधा श्रेय मेरा है।',रतन-
4,270,रमेश,आपकी सलाह से तो हुआ ही होगा। अब उन्हें यहां लाने की फिक्र करनी है।,named_dash_quote,रमेश-'आपकी सलाह से तो हुआ ही होगा। अब उन्हें यहां लाने की फिक्र करनी है।',रमेश-
4,271,रतन,"जालपा चली जाएं और पकड़ लाएं। गोपी को साथ लेती जावें, आपको इसमें कोई आपत्ति तो नहीं है, दादाजी?",named_dash_quote,"रतन-'जालपा चली जाएं और पकड़ लाएं। गोपी को साथ लेती जावें, आपको इसमें कोई आपत्ति तो नहीं है, दादाजी?'",रतन-
4,274,जालपा,"बहन, कलकत्ता तो बहुत बडा शहर होगा। वहां कैसे पता चलेगा?",named_dash_quote,"रात को नौ बजे जालपा चलने को तैयार हुई। सास-ससुर के चरणों पर सिर झुकाकर आशीर्वाद लिया, विशम्भर रो रहा था, उसे गले लगा कर प्यार किया और मोटर पर बैठी। रतन स्टेशन तक पहुंचाने के लिए आई थी। मोटर चली तो जालपा ने कहा, 'बहन, कलकत्ता तो बहुत बडा शहर होगा। वहां कैसे पता चलेगा?'","रात को नौ बजे जालपा चलने को तैयार हुई। सास-ससुर के चरणों पर सिर झुकाकर आशीर्वाद लिया, विशम्भर रो रहा था, उसे गले लगा कर प्यार किया और मोटर पर बैठी। रतन स्टेशन तक पहुंचाने के लिए आई थी। मोटर चली तो जालपा ने कहा,"
4,275,रतन,पहले,named_dash_quote,रतन-'पहले 'प्रजा-मित्र' के कार्यालय में जाना। वहां से पता चल जाएगा। गोपी बाबू तो हैं ही।',रतन-
4,275,Unknown,के कार्यालय में जाना। वहां से पता चल जाएगा। गोपी बाबू तो हैं ही।,unattributed_quote,रतन-'पहले 'प्रजा-मित्र' के कार्यालय में जाना। वहां से पता चल जाएगा। गोपी बाबू तो हैं ही।',प्रजा-मित्र
4,276,जालपा,ठहरूंगी कहां?,named_dash_quote,जालपा-'ठहरूंगी कहां? ',जालपा-
4,277,रतन,"कई धर्मशाले हैं। नहीं होटल में ठहर जाना। देखो रूपये की जरूरत पड़े, तो मुझे तार देना। कोई-न कोई इंतज़ाम करके भेजूंगी। बाबूजी आ जाएं,तो मेरा बडा उपकार हो यह मणिभूषण मुझे तबाह कर देगा।",named_dash_quote,"रतन-'कई धर्मशाले हैं। नहीं होटल में ठहर जाना। देखो रूपये की जरूरत पड़े, तो मुझे तार देना। कोई-न कोई इंतज़ाम करके भेजूंगी। बाबूजी आ जाएं,तो मेरा बडा उपकार हो यह मणिभूषण मुझे तबाह कर देगा।'",रतन-
4,278,जालपा,होटल वाले बदमाश तो न होंगे?,named_dash_quote,जालपा-'होटल वाले बदमाश तो न होंगे? ',जालपा-
4,279,रतन,"कोई ज़रा भी शरारत करे, तो ठोकर मारना। बस, कुछ पूछना मत, ठोकर जमाकर तब बात करना। (कमर से एक छुरी निकालकर) इसे अपने पास रख लो। कमर में छिपाए रखना। मैं जब कभी बाहर निकलती हूं, तो इसे अपने पास रख लेती हूं। इससे दिल बडा मज़बूत रहता है। जो मर्द किसी स्त्री को छेड़ता है, उसे समझ लो कि पल्ले सिरे का कायर, नीच और लंपट है। तुम्हारी छुरी की चमक और तुम्हारे तेवर देखकर ही उसकी ईह गष्ना हो जायगी। सीधा दुम दबाकर भागेगा, लेकिन अगर ऐसा मौका आ ही पड़े जब तुम्हें छुरी से काम लेने के लिए मजबूर हो जाना पड़े, तो ज़रा भी मत झिझकना। छुरी लेकर पिल पड़ना। इसकी बिलकुल फिक्र मत करना कि क्या होगा, क्या न होगा। जो कुछ होना होगा, हो जायगा।",named_dash_quote,"रतन-'कोई ज़रा भी शरारत करे, तो ठोकर मारना। बस, कुछ पूछना मत, ठोकर जमाकर तब बात करना। (कमर से एक छुरी निकालकर) इसे अपने पास रख लो। कमर में छिपाए रखना। मैं जब कभी बाहर निकलती हूं, तो इसे अपने पास रख लेती हूं। इससे दिल बडा मज़बूत रहता है। जो मर्द किसी स्त्री को छेड़ता है, उसे समझ लो कि पल्ले सिरे का कायर, नीच और लंपट है। तुम्हारी छुरी की चमक और तुम्हारे तेवर देखकर ही उसकी ईह गष्ना हो जायगी। सीधा दुम दबाकर भागेगा, लेकिन अगर ऐसा मौका आ ही पड़े जब तुम्हें छुरी से काम लेने के लिए मजबूर हो जाना पड़े, तो ज़रा भी मत झिझकना। छुरी लेकर पिल पड़ना। इसकी बिलकुल फिक्र मत करना कि क्या होगा, क्या न होगा। जो कुछ होना होगा, हो जायगा। '",रतन-
4,281,रतन,होशियार रहना।,named_comma_quote,"स्टेशन आ गया। द्दलियों ने असबाब उतारा, गोपी टिकट लाया। जालपा पत्थर की मूर्ति की भांति प्लेटफार्म पर खड़ी रही, मानो चेतना शून्य हो गई हो किसी बडी परीक्षा के पहले हम मौन हो जाते हैं। हमारी सारी शक्तियां उस संग्राम की तैयारी में लग जाती हैं। रतन ने गोपी से कहा, 'होशियार रहना।'","स्टेशन आ गया। द्दलियों ने असबाब उतारा, गोपी टिकट लाया। जालपा पत्थर की मूर्ति की भांति प्लेटफार्म पर खड़ी रही, मानो चेतना शून्य हो गई हो किसी बडी परीक्षा के पहले हम मौन हो जाते हैं। हमारी सारी शक्तियां उस संग्राम की तैयारी में लग जाती हैं। रतन ने गोपी से कहा,"
4,282,Unknown,किसी ने ज़रा चीं-चपड़ की तो तोड़ दूंगा।,unattributed_quote,"गोपी इधर कई महीनों से कसरत करता था। चलता तो मुडढे और छाती को देखा करता। देखने वालों को तो वह ज्यों का त्यों मालूम होता है, पर अपनी नज़र में वह कुछ और हो गया था। शायद उसे आश्चर्य होता था कि उसे आते देखकर क्यों लोग रास्ते से नहीं हट जाते, क्यों उसके डील-डौल से भयभीत नहीं हो जाते। अकड़कर बोला, 'किसी ने ज़रा चीं-चपड़ की तो तोड़ दूंगा।'","गोपी इधर कई महीनों से कसरत करता था। चलता तो मुडढे और छाती को देखा करता। देखने वालों को तो वह ज्यों का त्यों मालूम होता है, पर अपनी नज़र में वह कुछ और हो गया था। शायद उसे आश्चर्य होता था कि उसे आते देखकर क्यों लोग रास्ते से नहीं हट जाते, क्यों उसके डील-डौल से भयभीत नहीं हो जाते। अकड़कर बोला,"
4,283,रतन,यह तो मुझे मालूम है। सो मत जाना।,named_comma_quote,"रतन मुस्कराई, 'यह तो मुझे मालूम है। सो मत जाना।'","रतन मुस्कराई,"
4,284,Unknown,पलक तक तो झपकेगी नहीं। मजाल है नींद आ जाय।,unattributed_quote,"गोपी, 'पलक तक तो झपकेगी नहीं। मजाल है नींद आ जाय।'","गोपी,"
4,285,जालपा,आशीर्वाद दो कि उन्हें लेकर कुशल से लौट आऊं।,named_comma_quote,"गाड़ी आ गई। गोपी ने एक डिब्बे में घुसकर कब्जा जमाया। जालपा की आंखों में आंसू भरे हुए थे। बोली, बहन, 'आशीर्वाद दो कि उन्हें लेकर कुशल से लौट आऊं।'","गाड़ी आ गई। गोपी ने एक डिब्बे में घुसकर कब्जा जमाया। जालपा की आंखों में आंसू भरे हुए थे। बोली, बहन,"
4,287,रतन,जाते ही जाते ख़त भेजना।,named_comma_quote,"रतन ने कहा, 'जाते ही जाते ख़त भेजना।' जालपा ने सिर हिलाया।","रतन ने कहा,"
4,288,Unknown,"अगर मेरी जरूरत मालूम हो, तो तुरंत लिखना। मैं सब कुछ छोड़कर चली आऊंगी।",unattributed_quote,"'अगर मेरी जरूरत मालूम हो, तो तुरंत लिखना। मैं सब कुछ छोड़कर चली आऊंगी।'",
4,290,Unknown,रास्ते में रोना मत।,unattributed_quote,'रास्ते में रोना मत।' जालपा हंस पड़ी। गाड़ी चल दी।,
4,292,Unknown,तो मुंह-हाथ तो धो लो। गर्द पड़ी हुई है।,unattributed_quote,'तो मुंह-हाथ तो धो लो। गर्द पड़ी हुई है।',
4,293,Unknown,"धो लूंगा, जल्दी क्या है।",unattributed_quote,"'धो लूंगा, जल्दी क्या है।'",
4,296,Unknown,"लाओ, पंखी मुझे दे दो।",unquoted_dash,"मिठाई लाऊं- लाओ, पंखी मुझे दे दो।'",मिठाई लाऊं
4,298,Unknown,तो कल से वह घर आ जाएंगे?,unattributed_quote,"बुढिया का हाथ रूक गया। बोली, 'तो कल से वह घर आ जाएंगे?'","बुढिया का हाथ रूक गया। बोली,"
4,299,देवीदीन,"अभी नहीं छुट्टी मिली जाती, यही बयान दीवानी में देना पड़ेगा। और अब वह यहां आने ही क्यों लगे! कोई अच्छी जगह मिल जायगी,घोड़े पर चढ़े-चढ़े घूमेंगे, मगर है ।डा पक्का मतलबीब पंद्रह बेगुनाहों को फंसा दिया। पांच-छः को तो फांसी हो जाएगी। औरों को दस-दस बारह-बारह साल की सज़ा मिली रक्खी है। इसी के बयान से मुकदमा सबूत हो गया। कोई कितनी ही जिरह करे, क्या मजाल ज़रा भी हिचकिचाए। अब एक भी न बचेगा। किसने कर्म किया, किसने नहीं किया इसका हाल दैव जाने, पर मारे सब जाएंगे। घर से भी तो सरकारी रूपया खाकर भागा था। हमें बडा धोखा हुआ। जग्गो ने मीठे तिरस्कार से देखकर कहा,",named_dash_quote,"देवीदीन-'अभी नहीं छुट्टी मिली जाती, यही बयान दीवानी में देना पड़ेगा। और अब वह यहां आने ही क्यों लगे! कोई अच्छी जगह मिल जायगी,घोड़े पर चढ़े-चढ़े घूमेंगे, मगर है ।डा पक्का मतलबीब पंद्रह बेगुनाहों को फंसा दिया। पांच-छः को तो फांसी हो जाएगी। औरों को दस-दस बारह-बारह साल की सज़ा मिली रक्खी है। इसी के बयान से मुकदमा सबूत हो गया। कोई कितनी ही जिरह करे, क्या मजाल ज़रा भी हिचकिचाए। अब एक भी न बचेगा। किसने कर्म किया, किसने नहीं किया इसका हाल दैव जाने, पर मारे सब जाएंगे। घर से भी तो सरकारी रूपया खाकर भागा था। हमें बडा धोखा हुआ। जग्गो ने मीठे तिरस्कार से देखकर कहा, 'अपनी नेकी-बदी अपने साथ है। मतलबी तो संसार है, कौन किसके लिए मरता है।'",देवीदीन-
4,300,देवीदीन,अपने मतलब के लिए जो दूसरों का गला काटे उसको ज़हर दे देना भी पाप नहीं है।,named_comma_quote,"देवीदीन ने तीव्र स्वर में कहा,'अपने मतलब के लिए जो दूसरों का गला काटे उसको ज़हर दे देना भी पाप नहीं है।'","देवीदीन ने तीव्र स्वर में कहा,"
4,301,देवीदीन,किसे खोजते हो?,named_dash_quote,"सहसा दो प्राणी आकर खड़े हो गए। एक गोरा, खूबसूरत लड़का था, जिसकी उम्र पंद्रह-सोलह साल से ज्यादा न थी। दूसरा अधेड़ था और सूरत से चपरासी मालूम होता था। देवीदीन ने पूछा, 'किसे खोजते हो?'","सहसा दो प्राणी आकर खड़े हो गए। एक गोरा, खूबसूरत लड़का था, जिसकी उम्र पंद्रह-सोलह साल से ज्यादा न थी। दूसरा अधेड़ था और सूरत से चपरासी मालूम होता था। देवीदीन ने पूछा,"
4,302,चपरासी,तुम्हारा ही नाम देवीदीन है न? मैं,named_comma_quote,"चपरासी ने कहा,'तुम्हारा ही नाम देवीदीन है न? मैं 'प्रजा-मित्र' के दफ्तर से आया हूं। यह बाबू उन्हीं रमानाथ के भाई हैं जिन्हें सतरंज का इनाम मिला था। यह उन्हीं की खोज में दफ्तर गए थे। संपादकजी ने तुम्हारे पास भेज दिया। तो मैं जाऊं न?' यह कहता हुआ वह चला गया। देवीदीन ने गोपी को सिर से पांव तक देखा। आकृति रमा से मिलती थी। बोला, 'आओ बेटा, बैठो। कब आए घर से?'गोपी ने एक खटिक की दूकान पर बैठना शान के ख़िलाफ समझा, खडा-खडा बोला, 'आज ही तो आया हूं। भाभी भी साथ हैं। धर्मशाले में ठहरा हुआ हूं।'","चपरासी ने कहा,"
4,302,Unknown,के दफ्तर से आया हूं। यह बाबू उन्हीं रमानाथ के भाई हैं जिन्हें सतरंज का इनाम मिला था। यह उन्हीं की खोज में दफ्तर गए थे। संपादकजी ने तुम्हारे पास भेज दिया। तो मैं जाऊं न?,unattributed_quote,"चपरासी ने कहा,'तुम्हारा ही नाम देवीदीन है न? मैं 'प्रजा-मित्र' के दफ्तर से आया हूं। यह बाबू उन्हीं रमानाथ के भाई हैं जिन्हें सतरंज का इनाम मिला था। यह उन्हीं की खोज में दफ्तर गए थे। संपादकजी ने तुम्हारे पास भेज दिया। तो मैं जाऊं न?' यह कहता हुआ वह चला गया। देवीदीन ने गोपी को सिर से पांव तक देखा। आकृति रमा से मिलती थी। बोला, 'आओ बेटा, बैठो। कब आए घर से?'गोपी ने एक खटिक की दूकान पर बैठना शान के ख़िलाफ समझा, खडा-खडा बोला, 'आज ही तो आया हूं। भाभी भी साथ हैं। धर्मशाले में ठहरा हुआ हूं।'",प्रजा-मित्र
4,302,देवीदीन,"आओ बेटा, बैठो। कब आए घर से?",named_comma_quote,"चपरासी ने कहा,'तुम्हारा ही नाम देवीदीन है न? मैं 'प्रजा-मित्र' के दफ्तर से आया हूं। यह बाबू उन्हीं रमानाथ के भाई हैं जिन्हें सतरंज का इनाम मिला था। यह उन्हीं की खोज में दफ्तर गए थे। संपादकजी ने तुम्हारे पास भेज दिया। तो मैं जाऊं न?' यह कहता हुआ वह चला गया। देवीदीन ने गोपी को सिर से पांव तक देखा। आकृति रमा से मिलती थी। बोला, 'आओ बेटा, बैठो। कब आए घर से?'गोपी ने एक खटिक की दूकान पर बैठना शान के ख़िलाफ समझा, खडा-खडा बोला, 'आज ही तो आया हूं। भाभी भी साथ हैं। धर्मशाले में ठहरा हुआ हूं।'","यह कहता हुआ वह चला गया। देवीदीन ने गोपी को सिर से पांव तक देखा। आकृति रमा से मिलती थी। बोला,"
4,302,Unknown,आज ही तो आया हूं। भाभी भी साथ हैं। धर्मशाले में ठहरा हुआ हूं।,unattributed_quote,"चपरासी ने कहा,'तुम्हारा ही नाम देवीदीन है न? मैं 'प्रजा-मित्र' के दफ्तर से आया हूं। यह बाबू उन्हीं रमानाथ के भाई हैं जिन्हें सतरंज का इनाम मिला था। यह उन्हीं की खोज में दफ्तर गए थे। संपादकजी ने तुम्हारे पास भेज दिया। तो मैं जाऊं न?' यह कहता हुआ वह चला गया। देवीदीन ने गोपी को सिर से पांव तक देखा। आकृति रमा से मिलती थी। बोला, 'आओ बेटा, बैठो। कब आए घर से?'गोपी ने एक खटिक की दूकान पर बैठना शान के ख़िलाफ समझा, खडा-खडा बोला, 'आज ही तो आया हूं। भाभी भी साथ हैं। धर्मशाले में ठहरा हुआ हूं।'","गोपी ने एक खटिक की दूकान पर बैठना शान के ख़िलाफ समझा, खडा-खडा बोला,"
4,303,देवीदीन,"तो जाकर बहू को यहां लाओ नब ऊपर तो रमा बाबू का कमरा है ही, आराम से रहो धरमसाले में क्यों पड़े रहोगे। नहीं चलो, मैं भी चलता हूं। यहां सब तरह का आराम है।",named_comma_quote,"देवीदीन ने खड़े होकर कहा, 'तो जाकर बहू को यहां लाओ नब ऊपर तो रमा बाबू का कमरा है ही, आराम से रहो धरमसाले में क्यों पड़े रहोगे। नहीं चलो, मैं भी चलता हूं। यहां सब तरह का आराम है।'","देवीदीन ने खड़े होकर कहा,"
4,306,जग्गो,"इसी घर में भैया रहते थे, बेटी! आज पंद्रह रोज़ से घर सूना पडाहुआ है। हाथ-मुंह धोकर दही-चीनी खा लो न,बेटी! भैया का हाल तो अभी तुम्हें न मालूम हुआ होगा।",named_comma_quote,"जग्गो ने लोटे में पानी रखकर कहा, 'इसी घर में भैया रहते थे, बेटी! आज पंद्रह रोज़ से घर सूना पडाहुआ है। हाथ-मुंह धोकर दही-चीनी खा लो न,बेटी! भैया का हाल तो अभी तुम्हें न मालूम हुआ होगा। '","जग्गो ने लोटे में पानी रखकर कहा,"
4,307,जालपा,"कुछ ठीक-ठीक नहीं मालूम हुआ। वह जो पत्र छपता है, वहां मालूम हुआ था कि पुलिस ने गिरफ्तार कर लिया है।",named_comma_quote,"जालपा ने सिर हिलाकर कहा, 'कुछ ठीक-ठीक नहीं मालूम हुआ। वह जो पत्र छपता है, वहां मालूम हुआ था कि पुलिस ने गिरफ्तार कर लिया है।'","जालपा ने सिर हिलाकर कहा,"
4,308,देवीदीन,"गिरफ्तार तो किया था, पर अब तो वह एक मुकदमे में सरकारी गवाह हो गए हैं। परागराज में अब उन पर कोई मुकदमा न चलेगा और साइत नौकरी-चाकरी भी मिल जाए। जालपा ने गर्व से कहा,",named_comma_quote,"देवीदीन भी ऊपर आ गया था। बोला, 'गिरफ्तार तो किया था, पर अब तो वह एक मुकदमे में सरकारी गवाह हो गए हैं। परागराज में अब उन पर कोई मुकदमा न चलेगा और साइत नौकरी-चाकरी भी मिल जाए। जालपा ने गर्व से कहा, 'क्या इसी डर से वह सरकारी गवाह हो गए हैं?","देवीदीन भी ऊपर आ गया था। बोला,"
4,310,देवीदीन,कुछ रूपये-पैसे का मुआमला था न?,named_dash_quote,"देवीदीन ने डरते-डरते कहा, 'कुछ रूपये-पैसे का मुआमला था न?'","देवीदीन ने डरते-डरते कहा,"
4,311,जालपा,"वह कोई बात न थी। ज्योंही हम लोगों को मालूम हुआ कि कुछ सरकारी रकम इनसे खर्च हो गई है, उसी वक्त पहुंचा दी। यह व्यर्थ घबडाकर चले आए और फिर ऐसी चुप्पी साधी कि अपनी ख़बर तक न दी।",named_comma_quote,"जालपा ने मानो आहत होकर कहा, 'वह कोई बात न थी। ज्योंही हम लोगों को मालूम हुआ कि कुछ सरकारी रकम इनसे खर्च हो गई है, उसी वक्त पहुंचा दी। यह व्यर्थ घबडाकर चले आए और फिर ऐसी चुप्पी साधी कि अपनी ख़बर तक न दी।'","जालपा ने मानो आहत होकर कहा,"
4,312,देवीदीन,"तो यह हम लोगों को क्या मालूम! बार-बार समझाया कि घर पर खत-पत्तर भेज दो, लोग घबडाते होंगे, पर मारे शर्म के लिखते ही न थे। इसी धोखे में पड़े रहे कि परागराज में मुकदमा चल गया होगा। जानते तो सरकारी गवाह क्यों बनते?",named_comma_quote,"देवीदीन का चेहरा जगमगा उठा, मानो किसी व्यथा से आराम मिल गया हो बोला, 'तो यह हम लोगों को क्या मालूम! बार-बार समझाया कि घर पर खत-पत्तर भेज दो, लोग घबडाते होंगे, पर मारे शर्म के लिखते ही न थे। इसी धोखे में पड़े रहे कि परागराज में मुकदमा चल गया होगा। जानते तो सरकारी गवाह क्यों बनते?'","देवीदीन का चेहरा जगमगा उठा, मानो किसी व्यथा से आराम मिल गया हो बोला,"
4,313,Unknown,सरकारी गवाह,unattributed_quote,"'सरकारी गवाह' का आशय जालपा से छिपा न था। समाज में उनकी जो निंदा और अपकीर्ति होती है, यह भी उससे छिपी न थी। सरकारी गवाह क्यों बनाए जाते हैं, किस तरह प्रलोभन दिया जाता है, किस भांति वह पुलिस के पुतले बनकर अपने ही मित्रों का गला घोंटते हैं, यह उसे मालूम था। मगर कोई आदमी अपने बुरे आचरण पर लज्जित होकर भी सत्य का उदघाटन करे, छल और कपट का आवरण हटा दे, तो वह सज्जन है, उसके साहस की जितनी प्रशंसा की जाए, कम है। मगर शर्त यही है कि वह अपनी गोष्ठी के साथ किए का फल भोगने को तैयार रहे। हंसता-खेलता फांसी पर चढ़जाए तो वह सच्चा वीर है, लेकिन अपने प्राणों की रक्षा के लिए स्वार्थ के नीच विचार से, दंड की कठोरता से भयभीत होकर अपने साथियों से दगा करे, आस्तीन का सांप बन जाए तो वह कायर है, पतित है, बेहया है। विश्वासघात डाकुओं और समाज के शत्रुओं में भी उतना ही हेय है जितना किसी अन्य क्षो मेंब ऐसे प्राणी को समाज कभी क्षमा नहीं करता, कभी नहीं,जालपा इसे ख़ूब समझती थी। यहां तो समस्या और भी जटिल हो गई थी। रमा ने दंड के भय से अपने किए हुए पापों का परदा नहीं खोला था। उसमें कम-से-कम सच्चाई तो होती। निंदा होने पर भी आंशिक सच्चाई का एक गुण तो होता। यहां तो उन पापों का परदा खोला गया था, जिनकी हवा तक उसे न लगी थी। जालपा को सहसा इसका विश्वास न आया। अवश्य कोई-न?कोई बात हुई होगी, जिसने रमा को सरकारी गवाह बनने पर मज़बूर कर दिया होगा। सद्दचाती हुई बोली,'क्या यहां भी कोई---कोई बात हो गई थी?'",
4,313,रमानाथ,क्या यहां भी कोई---कोई बात हो गई थी?,named_dash_quote,"'सरकारी गवाह' का आशय जालपा से छिपा न था। समाज में उनकी जो निंदा और अपकीर्ति होती है, यह भी उससे छिपी न थी। सरकारी गवाह क्यों बनाए जाते हैं, किस तरह प्रलोभन दिया जाता है, किस भांति वह पुलिस के पुतले बनकर अपने ही मित्रों का गला घोंटते हैं, यह उसे मालूम था। मगर कोई आदमी अपने बुरे आचरण पर लज्जित होकर भी सत्य का उदघाटन करे, छल और कपट का आवरण हटा दे, तो वह सज्जन है, उसके साहस की जितनी प्रशंसा की जाए, कम है। मगर शर्त यही है कि वह अपनी गोष्ठी के साथ किए का फल भोगने को तैयार रहे। हंसता-खेलता फांसी पर चढ़जाए तो वह सच्चा वीर है, लेकिन अपने प्राणों की रक्षा के लिए स्वार्थ के नीच विचार से, दंड की कठोरता से भयभीत होकर अपने साथियों से दगा करे, आस्तीन का सांप बन जाए तो वह कायर है, पतित है, बेहया है। विश्वासघात डाकुओं और समाज के शत्रुओं में भी उतना ही हेय है जितना किसी अन्य क्षो मेंब ऐसे प्राणी को समाज कभी क्षमा नहीं करता, कभी नहीं,जालपा इसे ख़ूब समझती थी। यहां तो समस्या और भी जटिल हो गई थी। रमा ने दंड के भय से अपने किए हुए पापों का परदा नहीं खोला था। उसमें कम-से-कम सच्चाई तो होती। निंदा होने पर भी आंशिक सच्चाई का एक गुण तो होता। यहां तो उन पापों का परदा खोला गया था, जिनकी हवा तक उसे न लगी थी। जालपा को सहसा इसका विश्वास न आया। अवश्य कोई-न?कोई बात हुई होगी, जिसने रमा को सरकारी गवाह बनने पर मज़बूर कर दिया होगा। सद्दचाती हुई बोली,'क्या यहां भी कोई---कोई बात हो गई थी?'","का आशय जालपा से छिपा न था। समाज में उनकी जो निंदा और अपकीर्ति होती है, यह भी उससे छिपी न थी। सरकारी गवाह क्यों बनाए जाते हैं, किस तरह प्रलोभन दिया जाता है, किस भांति वह पुलिस के पुतले बनकर अपने ही मित्रों का गला घोंटते हैं, यह उसे मालूम था। मगर कोई आदमी अपने बुरे आचरण पर लज्जित होकर भी सत्य का उदघाटन करे, छल और कपट का आवरण हटा दे, तो वह सज्जन है, उसके साहस की जितनी प्रशंसा की जाए, कम है। मगर शर्त यही है कि वह अपनी गोष्ठी के साथ किए का फल भोगने को तैयार रहे। हंसता-खेलता फांसी पर चढ़जाए तो वह सच्चा वीर है, लेकिन अपने प्राणों की रक्षा के लिए स्वार्थ के नीच विचार से, दंड की कठोरता से भयभीत होकर अपने साथियों से दगा करे, आस्तीन का सांप बन जाए तो वह कायर है, पतित है, बेहया है। विश्वासघात डाकुओं और समाज के शत्रुओं में भी उतना ही हेय है जितना किसी अन्य क्षो मेंब ऐसे प्राणी को समाज कभी क्षमा नहीं करता, कभी नहीं,जालपा इसे ख़ूब समझती थी। यहां तो समस्या और भी जटिल हो गई थी। रमा ने दंड के भय से अपने किए हुए पापों का परदा नहीं खोला था। उसमें कम-से-कम सच्चाई तो होती। निंदा होने पर भी आंशिक सच्चाई का एक गुण तो होता। यहां तो उन पापों का परदा खोला गया था, जिनकी हवा तक उसे न लगी थी। जालपा को सहसा इसका विश्वास न आया। अवश्य कोई-न?कोई बात हुई होगी, जिसने रमा को सरकारी गवाह बनने पर मज़बूर कर दिया होगा। सद्दचाती हुई बोली,"
4,314,देवीदीन,"कोई बात नहीं। यहां वह मेरे साथ ही परागराज से आए। जब से आए यहां से कहीं गए नहीं। बाहर निकलते ही न थे। बस एक दिन निकले और उसी दिन पुलिस ने पकड़ लिया। एक सिपाही को आते देखकर डरे कि मुझी को पकड़ने आ रहा है, भाग खड़े हुए। उस सिपाही को खटका हुआ। उसने शुबहे में गिरफ्तार कर लिया। मैं भी इनके पीछे थाने में पहुंचा। दारोग़ा पहले तो रिसवत मांगते थे, मगर जब मैं घर से रूपये लेकर गया, तो वहां और ही गुल खिल चुका था। अफसरों में न जाने क्या बातचीत हुई। उन्हें सरकारी गवाह बना लिया। मुझसे तो भैया ने कहा कि इस मुआमले में बिलकुल झूठ न बोलना पड़ेगा। पुलिस का मुकदमा सच्चा है। सच्ची बात कह देने में क्या हरज है। मैं चुप हो रहा। क्या करता।",named_comma_quote,"देवीदीन उसकी मनोव्यथा का अनुभव करता हुआ बोला, 'कोई बात नहीं। यहां वह मेरे साथ ही परागराज से आए। जब से आए यहां से कहीं गए नहीं। बाहर निकलते ही न थे। बस एक दिन निकले और उसी दिन पुलिस ने पकड़ लिया। एक सिपाही को आते देखकर डरे कि मुझी को पकड़ने आ रहा है, भाग खड़े हुए। उस सिपाही को खटका हुआ। उसने शुबहे में गिरफ्तार कर लिया। मैं भी इनके पीछे थाने में पहुंचा। दारोग़ा पहले तो रिसवत मांगते थे, मगर जब मैं घर से रूपये लेकर गया, तो वहां और ही गुल खिल चुका था। अफसरों में न जाने क्या बातचीत हुई। उन्हें सरकारी गवाह बना लिया। मुझसे तो भैया ने कहा कि इस मुआमले में बिलकुल झूठ न बोलना पड़ेगा। पुलिस का मुकदमा सच्चा है। सच्ची बात कह देने में क्या हरज है। मैं चुप हो रहा। क्या करता।' जग्गो-'न जाने सबों ने कौनसी बूटी सुंघा दी। भैया तो ऐसे न थे। दिन भर अम्मां-अम्मां करते रहते थे। दूकान पर सभी तरह के लोग आते हैं,मर्द भी औरत भी, क्या मजाल कि किसी की ओर आंख उठाकर देखा हो ।' देवीदीन-'कोई बुराई न थी। मैंने तो ऐसा लड़का ही नहीं देखा। उसी धोखे में आ गए।' जालपा ने एक मिनट सोचने के बाद कहा, 'क्या उनका बयान हो गया?'","देवीदीन उसकी मनोव्यथा का अनुभव करता हुआ बोला,"
4,314,जग्गो,"न जाने सबों ने कौनसी बूटी सुंघा दी। भैया तो ऐसे न थे। दिन भर अम्मां-अम्मां करते रहते थे। दूकान पर सभी तरह के लोग आते हैं,मर्द भी औरत भी, क्या मजाल कि किसी की ओर आंख उठाकर देखा हो ।",named_dash_quote,"देवीदीन उसकी मनोव्यथा का अनुभव करता हुआ बोला, 'कोई बात नहीं। यहां वह मेरे साथ ही परागराज से आए। जब से आए यहां से कहीं गए नहीं। बाहर निकलते ही न थे। बस एक दिन निकले और उसी दिन पुलिस ने पकड़ लिया। एक सिपाही को आते देखकर डरे कि मुझी को पकड़ने आ रहा है, भाग खड़े हुए। उस सिपाही को खटका हुआ। उसने शुबहे में गिरफ्तार कर लिया। मैं भी इनके पीछे थाने में पहुंचा। दारोग़ा पहले तो रिसवत मांगते थे, मगर जब मैं घर से रूपये लेकर गया, तो वहां और ही गुल खिल चुका था। अफसरों में न जाने क्या बातचीत हुई। उन्हें सरकारी गवाह बना लिया। मुझसे तो भैया ने कहा कि इस मुआमले में बिलकुल झूठ न बोलना पड़ेगा। पुलिस का मुकदमा सच्चा है। सच्ची बात कह देने में क्या हरज है। मैं चुप हो रहा। क्या करता।' जग्गो-'न जाने सबों ने कौनसी बूटी सुंघा दी। भैया तो ऐसे न थे। दिन भर अम्मां-अम्मां करते रहते थे। दूकान पर सभी तरह के लोग आते हैं,मर्द भी औरत भी, क्या मजाल कि किसी की ओर आंख उठाकर देखा हो ।' देवीदीन-'कोई बुराई न थी। मैंने तो ऐसा लड़का ही नहीं देखा। उसी धोखे में आ गए।' जालपा ने एक मिनट सोचने के बाद कहा, 'क्या उनका बयान हो गया?'",जग्गो-
4,314,देवीदीन,कोई बुराई न थी। मैंने तो ऐसा लड़का ही नहीं देखा। उसी धोखे में आ गए।,named_dash_quote,"देवीदीन उसकी मनोव्यथा का अनुभव करता हुआ बोला, 'कोई बात नहीं। यहां वह मेरे साथ ही परागराज से आए। जब से आए यहां से कहीं गए नहीं। बाहर निकलते ही न थे। बस एक दिन निकले और उसी दिन पुलिस ने पकड़ लिया। एक सिपाही को आते देखकर डरे कि मुझी को पकड़ने आ रहा है, भाग खड़े हुए। उस सिपाही को खटका हुआ। उसने शुबहे में गिरफ्तार कर लिया। मैं भी इनके पीछे थाने में पहुंचा। दारोग़ा पहले तो रिसवत मांगते थे, मगर जब मैं घर से रूपये लेकर गया, तो वहां और ही गुल खिल चुका था। अफसरों में न जाने क्या बातचीत हुई। उन्हें सरकारी गवाह बना लिया। मुझसे तो भैया ने कहा कि इस मुआमले में बिलकुल झूठ न बोलना पड़ेगा। पुलिस का मुकदमा सच्चा है। सच्ची बात कह देने में क्या हरज है। मैं चुप हो रहा। क्या करता।' जग्गो-'न जाने सबों ने कौनसी बूटी सुंघा दी। भैया तो ऐसे न थे। दिन भर अम्मां-अम्मां करते रहते थे। दूकान पर सभी तरह के लोग आते हैं,मर्द भी औरत भी, क्या मजाल कि किसी की ओर आंख उठाकर देखा हो ।' देवीदीन-'कोई बुराई न थी। मैंने तो ऐसा लड़का ही नहीं देखा। उसी धोखे में आ गए।' जालपा ने एक मिनट सोचने के बाद कहा, 'क्या उनका बयान हो गया?'",देवीदीन-
4,314,जालपा,क्या उनका बयान हो गया?,named_comma_quote,"देवीदीन उसकी मनोव्यथा का अनुभव करता हुआ बोला, 'कोई बात नहीं। यहां वह मेरे साथ ही परागराज से आए। जब से आए यहां से कहीं गए नहीं। बाहर निकलते ही न थे। बस एक दिन निकले और उसी दिन पुलिस ने पकड़ लिया। एक सिपाही को आते देखकर डरे कि मुझी को पकड़ने आ रहा है, भाग खड़े हुए। उस सिपाही को खटका हुआ। उसने शुबहे में गिरफ्तार कर लिया। मैं भी इनके पीछे थाने में पहुंचा। दारोग़ा पहले तो रिसवत मांगते थे, मगर जब मैं घर से रूपये लेकर गया, तो वहां और ही गुल खिल चुका था। अफसरों में न जाने क्या बातचीत हुई। उन्हें सरकारी गवाह बना लिया। मुझसे तो भैया ने कहा कि इस मुआमले में बिलकुल झूठ न बोलना पड़ेगा। पुलिस का मुकदमा सच्चा है। सच्ची बात कह देने में क्या हरज है। मैं चुप हो रहा। क्या करता।' जग्गो-'न जाने सबों ने कौनसी बूटी सुंघा दी। भैया तो ऐसे न थे। दिन भर अम्मां-अम्मां करते रहते थे। दूकान पर सभी तरह के लोग आते हैं,मर्द भी औरत भी, क्या मजाल कि किसी की ओर आंख उठाकर देखा हो ।' देवीदीन-'कोई बुराई न थी। मैंने तो ऐसा लड़का ही नहीं देखा। उसी धोखे में आ गए।' जालपा ने एक मिनट सोचने के बाद कहा, 'क्या उनका बयान हो गया?'","जालपा ने एक मिनट सोचने के बाद कहा,"
4,315,Unknown,"हां, तीन दिन बराबर होता रहा। आज खतम हो गया।",unattributed_quote,"'हां, तीन दिन बराबर होता रहा। आज खतम हो गया।'",
4,316,जालपा,तो अब कुछ नहीं हो सकता? मैं उनसे मिल सकती हूं?,named_comma_quote,"जालपा ने उद्विग्न होकर कहा, 'तो अब कुछ नहीं हो सकता? मैं उनसे मिल सकती हूं?'","जालपा ने उद्विग्न होकर कहा,"
4,317,देवीदीन,"हां, और क्या, जिसमें जाकर भंडागोड़ कर दो, सारा खेल बिगाड़ दो! पुलिस ऐसी गधी नहीं है। आजकल कोई भी उनसे नहीं मिलने पाता। कडा पहरा रहता है।",named_comma_quote,"देवीदीन जालपा के इस प्रश्न पर मुस्करा पड़ा। बोला, 'हां, और क्या, जिसमें जाकर भंडागोड़ कर दो, सारा खेल बिगाड़ दो! पुलिस ऐसी गधी नहीं है। आजकल कोई भी उनसे नहीं मिलने पाता। कडा पहरा रहता है।'","देवीदीन जालपा के इस प्रश्न पर मुस्करा पड़ा। बोला,"
4,318,जालपा,मुंह-हाथ धोकर कुछ खा तो लो। दही तो तुम्हें बहुत अच्छा लगता है।,named_dash_quote,"इस प्रश्न पर इस समय और कोई बातचीत न हो सकती थी। इस गुत्थी को सुलझाना आसान न था। जालपा ने गोपी को बुलाया। वह छज्जे पर खडा सड़क का तमाशा देख रहा था। ऐसा शरमा रहा था, मानो ससुराल आया हो धीरे-धीरे आकर खडा हो गया। जालपा ने कहा, 'मुंह-हाथ धोकर कुछ खा तो लो। दही तो तुम्हें बहुत अच्छा लगता है।'गोपी लजा कर फिर बाहर चला गया।","इस प्रश्न पर इस समय और कोई बातचीत न हो सकती थी। इस गुत्थी को सुलझाना आसान न था। जालपा ने गोपी को बुलाया। वह छज्जे पर खडा सड़क का तमाशा देख रहा था। ऐसा शरमा रहा था, मानो ससुराल आया हो धीरे-धीरे आकर खडा हो गया। जालपा ने कहा,"
4,319,देवीदीन,"हमारे सामने न खाएंगे। हम दोनों चले जाते हैं। तुम्हें जिस चीज़ की जरूरत हो, हमसे कह देना, बहूजी! तुम्हारा ही घर है।",named_comma_quote,"देवीदीन ने मुस्कराकर कहा, 'हमारे सामने न खाएंगे। हम दोनों चले जाते हैं। तुम्हें जिस चीज़ की जरूरत हो, हमसे कह देना, बहूजी! तुम्हारा ही घर है।'","देवीदीन ने मुस्कराकर कहा,"
4,320,Unknown,भैया को तो हम अपना ही समझते थे। और हमारे कौन बैठा हुआ है।,unattributed_quote,"'भैया को तो हम अपना ही समझते थे। और हमारे कौन बैठा हुआ है।'जग्गो ने गर्व से कहा, 'वह तो मेरे हाथ का बनाया खा लेते थे।'",
4,320,जग्गो,वह तो मेरे हाथ का बनाया खा लेते थे।,named_comma_quote,"'भैया को तो हम अपना ही समझते थे। और हमारे कौन बैठा हुआ है।'जग्गो ने गर्व से कहा, 'वह तो मेरे हाथ का बनाया खा लेते थे।'","जग्गो ने गर्व से कहा,"
4,321,जालपा,"अब तुम्हें भोजन न बनाना पड़ेगा, मांजी, मैं बना दिया करूंगी।",named_comma_quote,"जालपा ने मुस्कराकर कहा, 'अब तुम्हें भोजन न बनाना पड़ेगा, मांजी, मैं बना दिया करूंगी।'","जालपा ने मुस्कराकर कहा,"
4,322,जग्गो,"हमारी बिरादरी में दूसरों के हाथ का खाना मना है, बहू, अब चार दिन के लिए बिरादरी में नक्य क्या बनूं!",named_comma_quote,"जग्गो ने आपत्ति की, 'हमारी बिरादरी में दूसरों के हाथ का खाना मना है, बहू, अब चार दिन के लिए बिरादरी में नक्य क्या बनूं!'","जग्गो ने आपत्ति की,"
4,323,जालपा,हमारी बिरादरी में भी तो दूसरों का खाना मना है।,named_dash_quote,जालपा-'हमारी बिरादरी में भी तो दूसरों का खाना मना है।',जालपा-
4,324,जग्गो,यहां तुम्हें कौन देखने आता है। फिर पढ़े-लिखे आदमी इन बातों का विचार भी तो नहीं करते। हमारी बिरादरी तो मूरख लोगों की है।,named_dash_quote,"जग्गो-'यहां तुम्हें कौन देखने आता है। फिर पढ़े-लिखे आदमी इन बातों का विचार भी तो नहीं करते। हमारी बिरादरी तो मूरख लोगों की है। ' जालपा-'यह तो अच्छा नहीं लगता कि तुम बनाओ और मैं खाऊं। जिसे बहू बनाया, उसके हाथ का खाना पड़ेगा। नहीं खाना था, तो बहू क्यों बनाया।'",जग्गो-
4,324,जालपा,"यह तो अच्छा नहीं लगता कि तुम बनाओ और मैं खाऊं। जिसे बहू बनाया, उसके हाथ का खाना पड़ेगा। नहीं खाना था, तो बहू क्यों बनाया।",named_dash_quote,"जग्गो-'यहां तुम्हें कौन देखने आता है। फिर पढ़े-लिखे आदमी इन बातों का विचार भी तो नहीं करते। हमारी बिरादरी तो मूरख लोगों की है। ' जालपा-'यह तो अच्छा नहीं लगता कि तुम बनाओ और मैं खाऊं। जिसे बहू बनाया, उसके हाथ का खाना पड़ेगा। नहीं खाना था, तो बहू क्यों बनाया।'",जालपा-
4,325,देवीदीन,बहू ने बात पते की कह दी। इसका जवाब सोचकर देना। अभी चलो। इन लोगों को ज़रा आराम करने दो।,named_dash_quote,"देवीदीन ने जग्गो की ओर प्रशंसा-सूचक नजरों से देखकर कहा, 'बहू ने बात पते की कह दी। इसका जवाब सोचकर देना। अभी चलो। इन लोगों को ज़रा आराम करने दो।'","देवीदीन ने जग्गो की ओर प्रशंसा-सूचक नजरों से देखकर कहा,"
4,326,Unknown,भैया इसी खटिक के यहां रहते थे क्या? खटिक ही तो मालूम होते हैं।,unattributed_quote,"दोनों नीचे चले गए, तो गोपी ने आकर कहा, 'भैया इसी खटिक के यहां रहते थे क्या? खटिक ही तो मालूम होते हैं।'","दोनों नीचे चले गए, तो गोपी ने आकर कहा,"
4,327,जालपा,"खटिक हों या चमार हों, लेकिन हमसे और तुमसे सौगुने अच्छे हैं। एक परदेशी आदमी को छः महीने तक अपने घर में ठहराया, खिलाया, पिलाया। हममें है इतनी हिम्मत! यहां तो कोई मेहमान आ जाता है, तो वह भी भारी हो जाता है। अगर यह नीचे हैं, तो हम इनसे कहीं नीचे हैं।",named_comma_quote,"जालपा ने फटकारकर कहा, 'खटिक हों या चमार हों, लेकिन हमसे और तुमसे सौगुने अच्छे हैं। एक परदेशी आदमी को छः महीने तक अपने घर में ठहराया, खिलाया, पिलाया। हममें है इतनी हिम्मत! यहां तो कोई मेहमान आ जाता है, तो वह भी भारी हो जाता है। अगर यह नीचे हैं, तो हम इनसे कहीं नीचे हैं।'","जालपा ने फटकारकर कहा,"
4,328,Unknown,"हाथ धो चुका था। मिठाई खाता हुआ बोला, किसी को ठहरा लेने से कोई ऊंचा नहीं हो जाता। चमार कितना ही दानपुण्य करे, पर रहेगा तो चमार ही।",unquoted_dash,"गोपी मुंह-हाथ धो चुका था। मिठाई खाता हुआ बोला, किसी को ठहरा लेने से कोई ऊंचा नहीं हो जाता। चमार कितना ही दानपुण्य करे, पर रहेगा तो चमार ही।'",गोपी मुंह
4,329,जालपा,"मैं उस चमार को उस पंडित से अच्छा समझूंगी, जो हमेशा दूसरों का धन खाया करता है।",named_dash_quote,"जालपा-'मैं उस चमार को उस पंडित से अच्छा समझूंगी, जो हमेशा दूसरों का धन खाया करता है।'",जालपा-
4,331,Unknown,"क्यों दादा, उनके पास कोई खत भी नहीं पहुंच सकता? पहरे वालों को दस-पांच रूपये देने से तो शायद ख़त पहुंच जाय।",unattributed_quote,"क्यों न यह अपना बयान बदल दें। उन्हें मालूम हो जाए कि म्युनिसिपैलिटी उनका कुछ नहीं कर सकती, तो शायद वह ख़ुद ही अपना बयान बदल दें। यह बात उन्हें कैसे बताई जाए? किसी तरह संभव है। वह अधीर होकर नीचे उतर आई और देवीदीन को इशारे से बुलाकर बोली,'क्यों दादा, उनके पास कोई खत भी नहीं पहुंच सकता? पहरे वालों को दस-पांच रूपये देने से तो शायद ख़त पहुंच जाय।' देवीदीन ने गर्दन हिलाकर कहा,'मुसकिल है। पहरे पर बडे जंचे हुए आदमी रखे गए हैं। मैं दो बार गया था। सबों ने फाटक के सामने खडाभी न होने दिया।'","क्यों न यह अपना बयान बदल दें। उन्हें मालूम हो जाए कि म्युनिसिपैलिटी उनका कुछ नहीं कर सकती, तो शायद वह ख़ुद ही अपना बयान बदल दें। यह बात उन्हें कैसे बताई जाए? किसी तरह संभव है। वह अधीर होकर नीचे उतर आई और देवीदीन को इशारे से बुलाकर बोली,"
4,331,देवीदीन,मुसकिल है। पहरे पर बडे जंचे हुए आदमी रखे गए हैं। मैं दो बार गया था। सबों ने फाटक के सामने खडाभी न होने दिया।,named_comma_quote,"क्यों न यह अपना बयान बदल दें। उन्हें मालूम हो जाए कि म्युनिसिपैलिटी उनका कुछ नहीं कर सकती, तो शायद वह ख़ुद ही अपना बयान बदल दें। यह बात उन्हें कैसे बताई जाए? किसी तरह संभव है। वह अधीर होकर नीचे उतर आई और देवीदीन को इशारे से बुलाकर बोली,'क्यों दादा, उनके पास कोई खत भी नहीं पहुंच सकता? पहरे वालों को दस-पांच रूपये देने से तो शायद ख़त पहुंच जाय।' देवीदीन ने गर्दन हिलाकर कहा,'मुसकिल है। पहरे पर बडे जंचे हुए आदमी रखे गए हैं। मैं दो बार गया था। सबों ने फाटक के सामने खडाभी न होने दिया।'","देवीदीन ने गर्दन हिलाकर कहा,"
4,332,Unknown,उस बंगले के आसपास क्या है?,unattributed_quote,'उस बंगले के आसपास क्या है?',
4,333,Unknown,एक ओर तो दूसरा बंगला है। एक ओर एक कलमी आम का बाग़ है और सामने सड़क है।,unattributed_quote,'एक ओर तो दूसरा बंगला है। एक ओर एक कलमी आम का बाग़ है और सामने सड़क है।',
4,334,Unknown,"हां, शाम को घूमने-घामने तो निकलते ही होंगे?",unattributed_quote,"'हां, शाम को घूमने-घामने तो निकलते ही होंगे?'",
4,335,Unknown,"हां, बाहर द्दरसी डालकर बैठते हैं। पुलिस के दो-एक अफसर भी साथ रहते हैं।",unattributed_quote,"'हां, बाहर द्दरसी डालकर बैठते हैं। पुलिस के दो-एक अफसर भी साथ रहते हैं।'",
4,336,Unknown,"अगर कोई उस बाग़ में छिपकर बैठे, तो कैसा हो! जब उन्हें अकेले देखे, ख़त फेंक दे। वह जरूर उठा लेंगे।",unattributed_quote,"'अगर कोई उस बाग़ में छिपकर बैठे, तो कैसा हो! जब उन्हें अकेले देखे, ख़त फेंक दे। वह जरूर उठा लेंगे।'",
4,337,देवीदीन,"हां, हो तो सकता है, लेकिन अकेले मिलें तब तो!",named_comma_quote,"देवीदीन ने चकित होकर कहा, 'हां, हो तो सकता है, लेकिन अकेले मिलें तब तो!'","देवीदीन ने चकित होकर कहा,"
4,338,जालपा,"क्यों दादा, वह कभी घर की चर्चा करते थे?",named_dash_quote,"ज़रा और अंधेरा हुआ, तो जालपा ने देवीदीन को साथ लिया और रमानाथ का बंगला देखने चली। एक पत्र लिखकर जेब में रख लिया था। बार-बार देवीदीन से पूछती, अब कितनी दूर है? अच्छा! अभी इतनी ही दूर और! वहां हाते में रोशनी तो होगी ही। उसके दिल में लहरें-सी उठने लगीं। रमा अकेले टहलते हुए मिल जाएं, तो क्या पूछना। ईमाल में बांधकर ख़त को उनके सामने फेंक दूं। उनकी सूरत बदल गई होगी। सहसा उसे शंका हो गई,कहीं वह पत्र पढ़कर भी अपना बयान न बदलें, तब क्या होगा? कौन जाने अब मेरी याद भी उन्हें है या नहीं। कहीं मुझे देखकर वह मुंह उधर लें तो- इस शंका से वह सहम उठी। देवीदीन से बोली, 'क्यों दादा, वह कभी घर की चर्चा करते थे?'","ज़रा और अंधेरा हुआ, तो जालपा ने देवीदीन को साथ लिया और रमानाथ का बंगला देखने चली। एक पत्र लिखकर जेब में रख लिया था। बार-बार देवीदीन से पूछती, अब कितनी दूर है? अच्छा! अभी इतनी ही दूर और! वहां हाते में रोशनी तो होगी ही। उसके दिल में लहरें-सी उठने लगीं। रमा अकेले टहलते हुए मिल जाएं, तो क्या पूछना। ईमाल में बांधकर ख़त को उनके सामने फेंक दूं। उनकी सूरत बदल गई होगी। सहसा उसे शंका हो गई,कहीं वह पत्र पढ़कर भी अपना बयान न बदलें, तब क्या होगा? कौन जाने अब मेरी याद भी उन्हें है या नहीं। कहीं मुझे देखकर वह मुंह उधर लें तो- इस शंका से वह सहम उठी। देवीदीन से बोली,"
4,339,देवीदीन,कभी नहीं। मुझसे तो कभी नहीं की। उदास बहुत रहते थे।,named_comma_quote,"देवीदीन ने सिर हिलाकर कहा,'कभी नहीं। मुझसे तो कभी नहीं की। उदास बहुत रहते थे। '","देवीदीन ने सिर हिलाकर कहा,"
4,341,देवीदीन,यही उनका बंगला है।,named_comma_quote,"एकाएक सड़क के दाहनी तरफ बिजली का प्रकाश दिखाई दिया। देवीदीन ने एक बंगले की ओर उंगली उठाकर कहा, 'यही उनका बंगला है।'","एकाएक सड़क के दाहनी तरफ बिजली का प्रकाश दिखाई दिया। देवीदीन ने एक बंगले की ओर उंगली उठाकर कहा,"
4,342,जालपा,"डरते उधर देखा, मगर बिलकुल सन्नाटा छाया हुआ था। कोई आदमी न था। फाटक पर ताला पडाहुआ था।",unquoted_dash,"जालपा ने डरते-डरते उधर देखा, मगर बिलकुल सन्नाटा छाया हुआ था। कोई आदमी न था। फाटक पर ताला पडाहुआ था।",जालपा ने डरते
4,343,जालपा,यहां तो कोई नहीं है।,named_comma_quote,"जालपा बोली,'यहां तो कोई नहीं है।'","जालपा बोली,"
4,344,देवीदीन,"हां, शायद यह बंगला छोड़ दिया।",named_comma_quote,"देवीदीन ने फाटक के अंदर झांककर कहा, 'हां, शायद यह बंगला छोड़ दिया।'","देवीदीन ने फाटक के अंदर झांककर कहा,"
4,345,Unknown,कहीं घूमने गए होंगे?,unattributed_quote,'कहीं घूमने गए होंगे?',
4,346,Unknown,घूमने जाते तो द्वार पर पहरा होता। यह बंगला छोड़ दिया।,unattributed_quote,'घूमने जाते तो द्वार पर पहरा होता। यह बंगला छोड़ दिया।',
4,347,Unknown,"नहीं, ज़रा पता लगाना चाहिए, गए कहां?",unattributed_quote,"'नहीं, ज़रा पता लगाना चाहिए, गए कहां?'",
4,348,देवीदीन,कौन है यहां? किसने यह बाग़ लिया है?,named_comma_quote,"बंगले की दाहनी तरफ आमों के बाग़ में प्रकाश दिखाई दिया। शायद खटिक बाग़ की रखवाली कर रहा था। देवीदीन ने बाग में आकर पुकारा, 'कौन है यहां? किसने यह बाग़ लिया है?'","बंगले की दाहनी तरफ आमों के बाग़ में प्रकाश दिखाई दिया। शायद खटिक बाग़ की रखवाली कर रहा था। देवीदीन ने बाग में आकर पुकारा,"
4,350,Unknown,अरे! तुम हो जंगली? तुमने यह बाग़ लिया है?,unattributed_quote,'अरे! तुम हो जंगली? तुमने यह बाग़ लिया है?',
4,351,Unknown,"हां दादा, ले लिया, पर कुछ है नहीं। डंड ही भरना पड़ेगा। तुम यहां कैसे आ गए?",unattributed_quote,"जगंली ठिगना-सा गठीला आदमी था, बोला,'हां दादा, ले लिया, पर कुछ है नहीं। डंड ही भरना पड़ेगा। तुम यहां कैसे आ गए?'","जगंली ठिगना-सा गठीला आदमी था, बोला,"
4,352,Unknown,"कुछ नहीं, यों ही चला आया था। इस बंगले वाले आदमी क्या हुए?",unattributed_quote,"'कुछ नहीं, यों ही चला आया था। इस बंगले वाले आदमी क्या हुए?'",
4,353,Unknown,"इसमें वही मुखबर टिका हुआ था। आज सब चले गए। सुनते हैं, पंद्रह-बीस दिन में आएंगे, जब फिर हाईकोर्ट में मुकदमा पेस होगा। पढ़े-लिखे आदमी भी ऐसे दगाबाज होते हैं, दादा! सरासर झूठी गवाही दी। न जाने इसके बाल-बच्चे हैं या नहीं,भगवान को भी नहीं डरा!",unattributed_quote,"जंगली ने इधर-उधर देखकर कनबतियों में कहा, 'इसमें वही मुखबर टिका हुआ था। आज सब चले गए। सुनते हैं, पंद्रह-बीस दिन में आएंगे, जब फिर हाईकोर्ट में मुकदमा पेस होगा। पढ़े-लिखे आदमी भी ऐसे दगाबाज होते हैं, दादा! सरासर झूठी गवाही दी। न जाने इसके बाल-बच्चे हैं या नहीं,भगवान को भी नहीं डरा!'","जंगली ने इधर-उधर देखकर कनबतियों में कहा,"
4,355,Unknown,"हां, वही पहरे वाले कह रहे थे।",unattributed_quote,"जंगली-'हां, वही पहरे वाले कह रहे थे।'",जंगली-
4,356,Unknown,"कुछ मालूम हुआ, कहां गए हैं?",unattributed_quote,"'कुछ मालूम हुआ, कहां गए हैं?'",
4,357,Unknown,वही मौका देखने गए हैं जहां वारदात हुई थी।,unattributed_quote,'वही मौका देखने गए हैं जहां वारदात हुई थी।',
4,359,जालपा,इस आदमी से कह दिया न कि जब वह आ जायं तो हमें ख़बर दे दे?,named_comma_quote,"देगी। जब दोनों यहां से चले तो जालपा ने पूछा, 'इस आदमी से कह दिया न कि जब वह आ जायं तो हमें ख़बर दे दे?'","देगी। जब दोनों यहां से चले तो जालपा ने पूछा,"
4,362,जालपा,दादा!,named_comma_quote,"जालपा ने जीने पर आकर कहा, 'दादा!'","जालपा ने जीने पर आकर कहा,"
4,363,देवीदीन,भैया आ गए! वह क्या मोटर जा रही है!,named_comma_quote,"देवीदीन ने सामने आकर कहा, 'भैया आ गए! वह क्या मोटर जा रही है!'","देवीदीन ने सामने आकर कहा,"
4,364,जालपा,तुमसे कुछ कहा?,named_comma_quote,"यह कहता हुआ वह ऊपर आ गया। जालपा ने उत्सुकता को संकोच से दबाते हुए कहा, 'तुमसे कुछ कहा?'","यह कहता हुआ वह ऊपर आ गया। जालपा ने उत्सुकता को संकोच से दबाते हुए कहा,"
4,365,देवीदीन,"और क्या कहते, खाली राम-राम की। मैंने कुसल पूछी। हाथ से दिलासा देते चले गए। तुमने देखा कि नहीं?",named_dash_quote,"देवीदीन-'और क्या कहते, खाली राम-राम की। मैंने कुसल पूछी। हाथ से दिलासा देते चले गए। तुमने देखा कि नहीं?'",देवीदीन-
4,367,Unknown,उन्होंने भी तुम्हें देखा होगा?,unattributed_quote,'उन्होंने भी तुम्हें देखा होगा?',
4,368,Unknown,खिड़की की ओर ताकते तो थे।,unattributed_quote,'खिड़की की ओर ताकते तो थे। ',
4,369,Unknown,बहुत चकराए होंगे कि यह कौन है!,unattributed_quote,'बहुत चकराए होंगे कि यह कौन है!',
4,370,Unknown,कुछ मालूम हुआ मुकदमा कब पेश होगा?,unattributed_quote,'कुछ मालूम हुआ मुकदमा कब पेश होगा?',
4,371,Unknown,"कल ही! इतनी जल्द, तब तो जो कुछ करना है आज ही करना होगा। किसी तरह मेरा ख़त उन्हें मिल जाता, तो काम बन जाता।",unattributed_quote,"'कल ही! इतनी जल्द, तब तो जो कुछ करना है आज ही करना होगा। किसी तरह मेरा ख़त उन्हें मिल जाता, तो काम बन जाता।'",
4,372,देवीदीन,क्या तुम्हें संदेह है कि वह अपना बयान बदलने पर राज़ी होंगे?,named_comma_quote,"देवीदीन ने इस तरह ताका मानो कह रहा है, तुम इस काम को जितना आसान समझती हो उतना आसान नहीं है। जालपा ने उसके मन का भाव ताड़कर कहा, 'क्या तुम्हें संदेह है कि वह अपना बयान बदलने पर राज़ी होंगे?'","देवीदीन ने इस तरह ताका मानो कह रहा है, तुम इस काम को जितना आसान समझती हो उतना आसान नहीं है। जालपा ने उसके मन का भाव ताड़कर कहा,"
4,374,जालपा,"दादा, मैं उन्हें पुलिस के पंजे से बचाने का ठेका नहीं लेती। मैं केवल यह चाहती हूं कि हो सके तो अपयश से उन्हें बचा लूं। उनके हाथों इतने घरों की बरबादी होते नहीं देख सकती। अगर वह सचमुच डकैतियों में शरीक होते, तब भी मैं यही चाहती कि वह अंत तक अपने साथियों के साथ रहें और जो सिर पर पड़े उसे ख़ुशी से झेलें। मैं यह कभी न पसंद करती कि वह दूसरों को दग़ा देकर मुख़बिर बन जायं, लेकिन यह मामला तो बिलकुल झूठ है। मैं यह किसी तरह नहीं बरदाश्त कर सकती कि वह अपने स्वार्थ के लिए झूठी गवाही दें। अगर उन्होंने ख़ुद अपना बयान न बदला, तो मैं अदालत में जाकर सारा कच्चा चित्ता खोल दूंगी, चाहे नतीजा कुछ भी हो वह हमेशा के लिए मुझे त्याग दें, मेरी सूरत न देखें, यह मंजूर है, पर यह नहीं हो सकता कि वह इतना बडा कलंक माथे पर लगावें। मैंने अपने पत्र में सब लिख दिया है। देवीदीन ने उसे आदर की दृष्टि से देखकर कहा,",named_comma_quote,"जालपा ने ऐसी नज़रों से देखा, मानो वह इस बात से ज़रा भी नहीं डरती। फिर बोली, 'दादा, मैं उन्हें पुलिस के पंजे से बचाने का ठेका नहीं लेती। मैं केवल यह चाहती हूं कि हो सके तो अपयश से उन्हें बचा लूं। उनके हाथों इतने घरों की बरबादी होते नहीं देख सकती। अगर वह सचमुच डकैतियों में शरीक होते, तब भी मैं यही चाहती कि वह अंत तक अपने साथियों के साथ रहें और जो सिर पर पड़े उसे ख़ुशी से झेलें। मैं यह कभी न पसंद करती कि वह दूसरों को दग़ा देकर मुख़बिर बन जायं, लेकिन यह मामला तो बिलकुल झूठ है। मैं यह किसी तरह नहीं बरदाश्त कर सकती कि वह अपने स्वार्थ के लिए झूठी गवाही दें। अगर उन्होंने ख़ुद अपना बयान न बदला, तो मैं अदालत में जाकर सारा कच्चा चित्ता खोल दूंगी, चाहे नतीजा कुछ भी हो वह हमेशा के लिए मुझे त्याग दें, मेरी सूरत न देखें, यह मंजूर है, पर यह नहीं हो सकता कि वह इतना बडा कलंक माथे पर लगावें। मैंने अपने पत्र में सब लिख दिया है। देवीदीन ने उसे आदर की दृष्टि से देखकर कहा, 'तुम सब कर लोगी बहू, अब मुझे विश्वास हो गया। जब तुमने कलेजा इतना मजबूत कर लिया है, तो तुम सब कुछ कर सकती हो।'","जालपा ने ऐसी नज़रों से देखा, मानो वह इस बात से ज़रा भी नहीं डरती। फिर बोली,"
4,375,Unknown,तो यहां से नौ बजे चलें?,unattributed_quote,'तो यहां से नौ बजे चलें?',
4,376,Unknown,"हां, मैं तैयार हूं।",unattributed_quote,"'हां, मैं तैयार हूं।'",
4,377,रमानाथ,",जो पुलिस के भय से बाहर न निकलता था, जो देवीदीन के घर में चोरों की तरह पडा जिंदगी के दिन पूरे कर रहा था, आज दो महीनों से राजसी भोग-विलास में डूबा हुआ है। रहने को सुंदर सजा हुआ बंगला है, सेवा-टहल के लिए चौकीदारों का एक दल, सवारी के लिए मोटरब भोजन पकाने के लिए एक काश्मीरी बावरची है। बड़े-बडे अफसर उसका मुंह ताकष करते हैं। उसके मुंह से बात निकली नहीं कि पूरी हुई! इतने ही दिनों में उसके मिज़ाज में इतनी नफासत आ गई है, मानो वह ख़ानदानी रईस हो विलास ने उसकी विवेक- बुद्धिको सम्मोहित-सा कर दिया है। उसे कभी इसका ख़याल भी नहीं आता कि मैं क्या कर रहा हूं और मेरे हाथों कितने बेगुनाहों का ख़ून हो रहा है। उसे एकांत-विचार का अवसर ही नहीं दिया जाता। रात को वह अधिकारियों के साथ सिनेमा या थिएटर देखने जाता है, शाम को मोटरों की सैर होती है। मनोरंजन के नित्य नए सामान होते रहते हैं। जिस दिन अभियुक्तों को मैजिस्ट्रेट ने सेशन सुपुर्द किया, सबसे ज्यादा ख़ुशी उसी को हुई। उसे अपना सौभाग्य-सूर्य उदय होता हुआ मालूम होता था।",unquoted_dash,"वह रमानाथ-,जो पुलिस के भय से बाहर न निकलता था, जो देवीदीन के घर में चोरों की तरह पडा जिंदगी के दिन पूरे कर रहा था, आज दो महीनों से राजसी भोग-विलास में डूबा हुआ है। रहने को सुंदर सजा हुआ बंगला है, सेवा-टहल के लिए चौकीदारों का एक दल, सवारी के लिए मोटरब भोजन पकाने के लिए एक काश्मीरी बावरची है। बड़े-बडे अफसर उसका मुंह ताकष करते हैं। उसके मुंह से बात निकली नहीं कि पूरी हुई! इतने ही दिनों में उसके मिज़ाज में इतनी नफासत आ गई है, मानो वह ख़ानदानी रईस हो विलास ने उसकी विवेक- बुद्धिको सम्मोहित-सा कर दिया है। उसे कभी इसका ख़याल भी नहीं आता कि मैं क्या कर रहा हूं और मेरे हाथों कितने बेगुनाहों का ख़ून हो रहा है। उसे एकांत-विचार का अवसर ही नहीं दिया जाता। रात को वह अधिकारियों के साथ सिनेमा या थिएटर देखने जाता है, शाम को मोटरों की सैर होती है। मनोरंजन के नित्य नए सामान होते रहते हैं। जिस दिन अभियुक्तों को मैजिस्ट्रेट ने सेशन सुपुर्द किया, सबसे ज्यादा ख़ुशी उसी को हुई। उसे अपना सौभाग्य-सूर्य उदय होता हुआ मालूम होता था।",वह रमानाथ
4,382,रमानाथ,आप तो मुझे कैदी बनाए हुए हैं।,named_comma_quote,"रमा ने तेज़ होकर कहा, 'आप तो मुझे कैदी बनाए हुए हैं।'","रमा ने तेज़ होकर कहा,"
4,383,Unknown,"आप तो जानते हैं, डिप्टी साहब कितनी जल्द जामे से बाहर हो जाते हैं।",unattributed_quote,"नायब ने खिसियाकर कहा, 'आप तो जानते हैं, डिप्टी साहब कितनी जल्द जामे से बाहर हो जाते हैं।'","नायब ने खिसियाकर कहा,"
4,386,रमानाथ,मुझे इस वक्त फुरसत नहीं है।,named_comma_quote,"रमा ने झल्लाकर कहा, 'मुझे इस वक्त फुरसत नहीं है।'","रमा ने झल्लाकर कहा,"
4,388,रमानाथ,क्या खाऊं तुम्हारा सिर- थाली उठा ले जाओ।,named_dash_quote,"रसोइया थाली लाया। मांस एक ही तरह का था। रमा थाली देखते ही झल्ला गया। इन दिनों रूचिकर भोजन देखकर ही उसे भूख लगती थी। जब तक चार-पांच प्रकार का मांस न हो, चटनी-अचार न हो, उसकी तृप्ति न होती थी। बिगड़कर बोला, 'क्या खाऊं तुम्हारा सिर- थाली उठा ले जाओ।'","रसोइया थाली लाया। मांस एक ही तरह का था। रमा थाली देखते ही झल्ला गया। इन दिनों रूचिकर भोजन देखकर ही उसे भूख लगती थी। जब तक चार-पांच प्रकार का मांस न हो, चटनी-अचार न हो, उसकी तृप्ति न होती थी। बिगड़कर बोला,"
4,389,Unknown,"हुजूर, इतनी जल्द और चीजें कैसे बनाता! अभी कुल दो घंटे तो आए हुए हैं।",unattributed_quote,"रसोइए ने डरते-डरते कहा,'हुजूर, इतनी जल्द और चीजें कैसे बनाता! अभी कुल दो घंटे तो आए हुए हैं।'","रसोइए ने डरते-डरते कहा,"
4,390,Unknown,दो घंटे तुम्हारे लिए थोड़े होते हैं!,unattributed_quote,'दो घंटे तुम्हारे लिए थोड़े होते हैं!',
4,391,Unknown,अब हुजूर से क्या कहूं!,unattributed_quote,'अब हुजूर से क्या कहूं!',
4,392,Unknown,"चाहूं तो अभी तुम्हारा कान पकड़कर निकाल दूं। अभी, इसी दम! तुमने समझा क्या है!",unattributed_quote,"रसोइए ने फिर कुछ न कहा। बोतल लाया, बर्फ तोड़कर ग्लास में डाली और पीछे हटकर खडाहो गया। रमा को इतना क्रोध आ रहा था कि रसोइए को नोच खाए। उसका मिज़ाज इन दिनों बहुत तेज़ हो गया था। शराब का दौर शुरू हुआ, तो रमा का गुस्सा और भी तेज़ हो गया। लाल - लाल आंखों से देखकर बोला, 'चाहूं तो अभी तुम्हारा कान पकड़कर निकाल दूं। अभी, इसी दम! तुमने समझा क्या है!'","रसोइए ने फिर कुछ न कहा। बोतल लाया, बर्फ तोड़कर ग्लास में डाली और पीछे हटकर खडाहो गया। रमा को इतना क्रोध आ रहा था कि रसोइए को नोच खाए। उसका मिज़ाज इन दिनों बहुत तेज़ हो गया था। शराब का दौर शुरू हुआ, तो रमा का गुस्सा और भी तेज़ हो गया। लाल - लाल आंखों से देखकर बोला,"
4,397,देवीदीन,कौन है?,named_dash_quote,"आधी रात हो गई थी। देवीदीन भी आधा घंटा पहले लौटा था और खाना खाने जा रहा था कि एक नंगे-धड़ंगे आदमी को देखकर चौंक पड़ा। रमा ने चादर सिर पर बांधा ली थी और देवीदीन को डराना चाहता था। देवीदीन ने सशंक होकर कहा, 'कौन है? '","आधी रात हो गई थी। देवीदीन भी आधा घंटा पहले लौटा था और खाना खाने जा रहा था कि एक नंगे-धड़ंगे आदमी को देखकर चौंक पड़ा। रमा ने चादर सिर पर बांधा ली थी और देवीदीन को डराना चाहता था। देवीदीन ने सशंक होकर कहा,"
4,398,Unknown,तुमने तो भैया खूब भेस बनाया है? कपड़े क्या हुए?,unattributed_quote,"सहसा पहचान गया और झपटकर उसका हाथ पकड़ता हुआ बोला, 'तुमने तो भैया खूब भेस बनाया है? कपड़े क्या हुए? '","सहसा पहचान गया और झपटकर उसका हाथ पकड़ता हुआ बोला,"
4,399,रमानाथ,तार से निकल रहा था। सब उसके कांटों में उलझकर फट गए।,named_dash_quote,रमानाथ-'तार से निकल रहा था। सब उसके कांटों में उलझकर फट गए।',रमानाथ-
4,400,देवीदीन,राम राम! देह में तो कांटे नहीं चुभे?,named_dash_quote,देवीदीन-'राम राम! देह में तो कांटे नहीं चुभे? ',देवीदीन-
4,401,रमानाथ,"कुछ नहीं, दो-एक खरोंचे लग गए। मैं बहुत बचाकर निकला।",named_dash_quote,"रमानाथ-'कुछ नहीं, दो-एक खरोंचे लग गए। मैं बहुत बचाकर निकला।'",रमानाथ-
4,402,देवीदीन,बहू की चिट्ठी मिल गई न?,named_dash_quote,देवीदीन-'बहू की चिट्ठी मिल गई न? ',देवीदीन-
4,403,रमानाथ,"हां, उसी वक्त मिल गई थी। क्या वह भी तुम्हारे साथ थी?",named_dash_quote,"रमानाथ-'हां, उसी वक्त मिल गई थी। क्या वह भी तुम्हारे साथ थी? '",रमानाथ-
4,404,देवीदीन,"वह मेरे साथ नहीं थीं, मैं उनके साथ था। जब से तुम्हें मोटर पर आते देखा, तभी से जाने-जाने लगाए हुए थीं।",named_dash_quote,"देवीदीन-'वह मेरे साथ नहीं थीं, मैं उनके साथ था। जब से तुम्हें मोटर पर आते देखा, तभी से जाने-जाने लगाए हुए थीं।'",देवीदीन-
4,405,रमानाथ,तुमने कोई ख़त लिखा था?,named_dash_quote,रमानाथ-'तुमने कोई ख़त लिखा था? ',रमानाथ-
4,406,देवीदीन,मैंने कोई ख़त-पत्तर नहीं लिखा भैया। जब वह आई तो मुझे आप ही अचंभा हुआ कि बिना जाने-बूझे कैसे आ गई। पीछे से उन्होंने बताया। वह सतरंज वाला नकसा उन्हीं ने पराग से भेजा था और इनाम भी वहीं से आया था।,named_dash_quote,देवीदीन-'मैंने कोई ख़त-पत्तर नहीं लिखा भैया। जब वह आई तो मुझे आप ही अचंभा हुआ कि बिना जाने-बूझे कैसे आ गई। पीछे से उन्होंने बताया। वह सतरंज वाला नकसा उन्हीं ने पराग से भेजा था और इनाम भी वहीं से आया था।',देवीदीन-
4,408,देवीदीन,अरे क्या करती है? बहू से कह दे। एक आदमी उनसे मिलने आया है।,named_comma_quote,"बुढिया ऊपर गई हुई थी। देवीदीन ने जीने के पास जाकर कहा, 'अरे क्या करती है? बहू से कह दे। एक आदमी उनसे मिलने आया है।'","बुढिया ऊपर गई हुई थी। देवीदीन ने जीने के पास जाकर कहा,"
4,409,देवीदीन,"चलो,अब सरकार में तुम्हारी पेसी होगी। बहुत भागे थे। बिना वारंट के पकड़े गए। इतनी आसानी से पुलिस भी न पकड़ सकती!",named_comma_quote,"यह कहकर देवीदीन ने फिर रमा का हाथ पकड़ लिया और बोला, 'चलो,अब सरकार में तुम्हारी पेसी होगी। बहुत भागे थे। बिना वारंट के पकड़े गए। इतनी आसानी से पुलिस भी न पकड़ सकती! '","यह कहकर देवीदीन ने फिर रमा का हाथ पकड़ लिया और बोला,"
4,410,देवीदीन,क्यों रूक गए?,named_comma_quote,"रमा का मनोल्लास क्रवित हो गया था। लज्जा से गडा जाता था। जालपा के प्रश्नों का उसके पास क्या जवाब था। जिस भय से वह भागा था, उसने अंत में उसका पीछा करके उसे परास्त ही कर दिया। वह जालपा के सामने सीधी आंखें भी तो न कर सकता था। उसने हाथ छुडा लिया और जीने के पास ठिठक गया। देवीदीन ने पूछा, 'क्यों रूक गए? '","रमा का मनोल्लास क्रवित हो गया था। लज्जा से गडा जाता था। जालपा के प्रश्नों का उसके पास क्या जवाब था। जिस भय से वह भागा था, उसने अंत में उसका पीछा करके उसे परास्त ही कर दिया। वह जालपा के सामने सीधी आंखें भी तो न कर सकता था। उसने हाथ छुडा लिया और जीने के पास ठिठक गया। देवीदीन ने पूछा,"
4,411,रमानाथ,"चलो, मैं आता हूं।",named_comma_quote,"रमा ने सिर खुजलाते हुए कहा, 'चलो, मैं आता हूं।'","रमा ने सिर खुजलाते हुए कहा,"
4,412,Unknown,"पूछो, कौन आदमी है, कहां से आया है?",unattributed_quote,"बुढिया ने ऊपर ही से कहा, 'पूछो, कौन आदमी है, कहां से आया है? '","बुढिया ने ऊपर ही से कहा,"
4,413,देवीदीन,"कहता है, मैं जो कुछ कहूंगा, बहू से ही कहूंगा।",named_comma_quote,"देवीदीन ने विनोद किया, 'कहता है, मैं जो कुछ कहूंगा, बहू से ही कहूंगा।'","देवीदीन ने विनोद किया,"
4,414,Unknown,कोई चिट्ठी लाया है?,unattributed_quote,'कोई चिट्ठी लाया है?',
4,415,देवीदीन,"कह दूं, लौट जाय?",named_comma_quote,"सन्नाटा हो गया। देवीदीन ने एक क्षण के बाद पूछा, 'कह दूं, लौट जाय? '","सन्नाटा हो गया। देवीदीन ने एक क्षण के बाद पूछा,"
4,416,जालपा,"कौन आदमी है, पूछती तो हूं!",named_comma_quote,"जालपा जीने पर आकर बोली, 'कौन आदमी है, पूछती तो हूं!'","जालपा जीने पर आकर बोली,"
4,417,Unknown,"कहता है, बडी दूर से आया हूं!",unattributed_quote,"'कहता है, बडी दूर से आया हूं!'",
4,421,जालपा,"तुमने यह सारी आफतें झेंली, पर हमें एक पत्र तक न लिखा। क्यों लिखते, हमसे नाता ही क्या था! मुंह देखे की प्रीति थी! आंख ओट पहाड़ ओट।",named_comma_quote,"जालपा ने सिसककर कहा, 'तुमने यह सारी आफतें झेंली, पर हमें एक पत्र तक न लिखा। क्यों लिखते, हमसे नाता ही क्या था! मुंह देखे की प्रीति थी! आंख ओट पहाड़ ओट।'","जालपा ने सिसककर कहा,"
4,422,रमानाथ,"यह बात नहीं थी जालपा, दिल पर जो कुछ गुज़रती थी दिल ही जानता है, लेकिन लिखने का मुंह भी तो हो जब मुंह छिपाकर घर से भागा, तो अपनी विपत्ति-कथा क्या लिखने बैठता! मैंने तो सोच लिया था, जब तक ख़ूब रूपये न कमा लूंगा, एक शब्द भी न लिखूंगा।",named_comma_quote,"रमा ने हसरत से कहा, 'यह बात नहीं थी जालपा, दिल पर जो कुछ गुज़रती थी दिल ही जानता है, लेकिन लिखने का मुंह भी तो हो जब मुंह छिपाकर घर से भागा, तो अपनी विपत्ति-कथा क्या लिखने बैठता! मैंने तो सोच लिया था, जब तक ख़ूब रूपये न कमा लूंगा, एक शब्द भी न लिखूंगा। '","रमा ने हसरत से कहा,"
4,423,जालपा,"ठीक ही था, रूपये आदमी से ज्यादा प्यारे होते ही हैं! हम तो रूपये के यार हैं, तुम चाहे चोरी करो, डाका मारो, जाली नोट बनाओ, झूठी गवाही दो या भीख मांगो, किसी उपाय से रूपये लाओ। तुमने हमारे स्वभाव को कितना ठीक समझा है, कि वाह! गोसाई जी भी तो कह गए हैं,स्वारथ लाइ करहिं सब प्रीति।",named_dash_quote,"जालपा ने आंसू-भरी आंखों में व्यंग्य भरकर कहा, 'ठीक ही था, रूपये आदमी से ज्यादा प्यारे होते ही हैं! हम तो रूपये के यार हैं, तुम चाहे चोरी करो, डाका मारो, जाली नोट बनाओ, झूठी गवाही दो या भीख मांगो, किसी उपाय से रूपये लाओ। तुमने हमारे स्वभाव को कितना ठीक समझा है, कि वाह! गोसाई जी भी तो कह गए हैं,स्वारथ लाइ करहिं सब प्रीति।'","जालपा ने आंसू-भरी आंखों में व्यंग्य भरकर कहा,"
4,424,रमानाथ,"नहीं-नहीं प्रिये, यह बात न थी। मैं यही सोचता था कि इन फटे-हालों जाऊंगा कैसे। सच कहता हूं, मुझे सबसे ज्यादा डर तुम्हीं से लगता था। सोचता था, तुम मुझे कितना कपटी, झूठा, कायर समझ रही होगी। शायद मेरे मन में यह भाव था कि रूपये की थैली देखकर तुम्हारा ह्रदय कुछ तो नर्म होगा।",named_comma_quote,"रमा ने झेंपते हुए कहा, 'नहीं-नहीं प्रिये, यह बात न थी। मैं यही सोचता था कि इन फटे-हालों जाऊंगा कैसे। सच कहता हूं, मुझे सबसे ज्यादा डर तुम्हीं से लगता था। सोचता था, तुम मुझे कितना कपटी, झूठा, कायर समझ रही होगी। शायद मेरे मन में यह भाव था कि रूपये की थैली देखकर तुम्हारा ह्रदय कुछ तो नर्म होगा।'","रमा ने झेंपते हुए कहा,"
4,425,जालपा,"मैं शायद उस थैली को हाथ से छूती भी नहीं। आज मालूम हो गया, तुम मुझे कितनी नीच, कितनी स्वार्थिनी,कितनी लोभिन समझते हो! इसमें तुम्हारा कोई दोष नहीं, सरासर मेरा दोष है। अगर मैं भली होती, तो आज यह दिन ही क्यों आता। जो पुरूष तीस-चालीस रूपये का नौकर हो, उसकी स्त्री अगर दो-चार रूपये रोज़ ख़र्च करे, हज़ार-दो हज़ार के गहने पहनने की नीयत रक्खे, तो वह अपनी और उसकी तबाही का सामान कर रही है। अगर तुमने मुझे इतना धनलोलुप समझा, तो कोई अन्याय नहीं किया। मगर एक बार जिस आग में जल चुकी, उसमें फिर न यदूंगी। इन महीनों में मैंने उन पापों का कुछ प्रायश्चित्त किया है और शेष जीवन के अंत समय तक करूंगी। यह मैं नहीं कहती कि भोग-विलास से मेरा जी भर गया, या गहने-कपड़े से मैं ऊब गई, या सैर-तमाशे से मुझे घृणा हो गई। यह सब अभिलाषाएं ज्यों की त्यों हैं। अगर तुम अपने पुरूषार्थ से, अपने परिश्रम से, अपने सदुद्योग से उन्हें पूरा कर सको तो क्या कहनाऋ लेकिन नीयत खोटी करके, आत्मा को कलुषित करके एक लाख भी लाओ, तो मैं उसे ठुकरा दूंगी। जिस वक्त मुझे मालूम हुआ कि तुम पुलिस के गवाह बन गए हो, मुझे इतना दुःख हुआ कि मैं उसी वक्त दादा को साथ लेकर तुम्हारे बंगले तक गई, मगर उसी दिन तुम बाहर चले गए थे और आज लौटे हो मैं इतने आदमियों का ख़ून अपनी गर्दन पर नहीं लेना चाहती। तुम अदालत में साफ-साफ कह दो कि मैंने पुलिस के चकमे में आकर गवाही दी थी, मेरा इस मुआमले से कोई संबंध नहीं है। रमा ने चिंतित होकर कहा,",named_comma_quote,"जालपा ने व्यथित कंठ से कहा, 'मैं शायद उस थैली को हाथ से छूती भी नहीं। आज मालूम हो गया, तुम मुझे कितनी नीच, कितनी स्वार्थिनी,कितनी लोभिन समझते हो! इसमें तुम्हारा कोई दोष नहीं, सरासर मेरा दोष है। अगर मैं भली होती, तो आज यह दिन ही क्यों आता। जो पुरूष तीस-चालीस रूपये का नौकर हो, उसकी स्त्री अगर दो-चार रूपये रोज़ ख़र्च करे, हज़ार-दो हज़ार के गहने पहनने की नीयत रक्खे, तो वह अपनी और उसकी तबाही का सामान कर रही है। अगर तुमने मुझे इतना धनलोलुप समझा, तो कोई अन्याय नहीं किया। मगर एक बार जिस आग में जल चुकी, उसमें फिर न यदूंगी। इन महीनों में मैंने उन पापों का कुछ प्रायश्चित्त किया है और शेष जीवन के अंत समय तक करूंगी। यह मैं नहीं कहती कि भोग-विलास से मेरा जी भर गया, या गहने-कपड़े से मैं ऊब गई, या सैर-तमाशे से मुझे घृणा हो गई। यह सब अभिलाषाएं ज्यों की त्यों हैं। अगर तुम अपने पुरूषार्थ से, अपने परिश्रम से, अपने सदुद्योग से उन्हें पूरा कर सको तो क्या कहनाऋ लेकिन नीयत खोटी करके, आत्मा को कलुषित करके एक लाख भी लाओ, तो मैं उसे ठुकरा दूंगी। जिस वक्त मुझे मालूम हुआ कि तुम पुलिस के गवाह बन गए हो, मुझे इतना दुःख हुआ कि मैं उसी वक्त दादा को साथ लेकर तुम्हारे बंगले तक गई, मगर उसी दिन तुम बाहर चले गए थे और आज लौटे हो मैं इतने आदमियों का ख़ून अपनी गर्दन पर नहीं लेना चाहती। तुम अदालत में साफ-साफ कह दो कि मैंने पुलिस के चकमे में आकर गवाही दी थी, मेरा इस मुआमले से कोई संबंध नहीं है। रमा ने चिंतित होकर कहा, 'जब से तुम्हारा ख़त मिला, तभी से मैं इस प्रश्न पर विचार कर रहा हूं, लेकिन समझ में नहीं आता क्या करूं। एक बात कहकर मुकर जाने का साहस मुझमें नहीं है।'","जालपा ने व्यथित कंठ से कहा,"
4,426,Unknown,बयान तो बदलना ही पड़ेगा।,unattributed_quote,'बयान तो बदलना ही पड़ेगा।',
4,427,Unknown,"मुश्किल क्या है। जब तुम्हें मालूम हो गया कि म्युनिसिपैलिटी तुम्हारे ऊपर कोई मुकदमा नहीं चला सकती, तो फिर किस बात का डर?",unattributed_quote,"'मुश्किल क्या है। जब तुम्हें मालूम हो गया कि म्युनिसिपैलिटी तुम्हारे ऊपर कोई मुकदमा नहीं चला सकती, तो फिर किस बात का डर?'",
4,428,Unknown,"डर न हो, झेंप भी तो कोई चीज़ है। जिस मुंह से एक बात कही, उसी मुंह से मुकर जाऊं, यह तो मुझसे न होगा। फिर मुझे कोई अच्छी जगह मिल जाएगी। आराम से जिंदगी बसर होगी। मुझमें गली-गली ठोकर खाने का बूता नहीं है।",unattributed_quote,"'डर न हो, झेंप भी तो कोई चीज़ है। जिस मुंह से एक बात कही, उसी मुंह से मुकर जाऊं, यह तो मुझसे न होगा। फिर मुझे कोई अच्छी जगह मिल जाएगी। आराम से जिंदगी बसर होगी। मुझमें गली-गली ठोकर खाने का बूता नहीं है।'",
4,429,जालपा,"और कुछ मेरी ही गवाही पर तो सारा फैसला नहीं हुआ जाता। मैं बदल भी जाऊं, तो पुलिस कोई दूसरा आदमी खडाकर देगी। अपराधियों की जान तो किसी तरह नहीं बच सकती। हां, मैं मुफ्त में मारा जाऊंगा।",named_comma_quote,"जालपा ने कोई जवाब न दिया। वह सोच रही थी, आदमी में स्वार्थ की मात्रा कितनी अधिक होती है। रमा ने फिर धृष्टता से कहा, ' और कुछ मेरी ही गवाही पर तो सारा फैसला नहीं हुआ जाता। मैं बदल भी जाऊं, तो पुलिस कोई दूसरा आदमी खडाकर देगी। अपराधियों की जान तो किसी तरह नहीं बच सकती। हां, मैं मुफ्त में मारा जाऊंगा।'","जालपा ने कोई जवाब न दिया। वह सोच रही थी, आदमी में स्वार्थ की मात्रा कितनी अधिक होती है। रमा ने फिर धृष्टता से कहा,"
4,430,जालपा,"कैसी बेशर्मी की बातें करते हो जी! क्या तुम इतने गए-बीते हो कि अपनी रोटियों के लिए दूसरों का गला काटो। मैं इसे नहीं सह सकती। मुझे मजदूरी करना, भूखों मर जाना मंजूर है, बडी-से-बडी विपत्ति जो संसार में है, वह सिर पर ले सकती हूं, लेकिन किसी का बुरा करके स्वर्ग का राज भी नहीं ले सकती।",named_comma_quote,"जालपा ने त्योरी चढ़ाकर कहा, ' कैसी बेशर्मी की बातें करते हो जी! क्या तुम इतने गए-बीते हो कि अपनी रोटियों के लिए दूसरों का गला काटो। मैं इसे नहीं सह सकती। मुझे मजदूरी करना, भूखों मर जाना मंजूर है, बडी-से-बडी विपत्ति जो संसार में है, वह सिर पर ले सकती हूं, लेकिन किसी का बुरा करके स्वर्ग का राज भी नहीं ले सकती।'","जालपा ने त्योरी चढ़ाकर कहा,"
4,431,रमानाथ,तो क्या तुम चाहती कि मैं यहां कुलीगीरी करूं?,named_comma_quote,"रमा इस आदर्शवाद से चिढ़कर बोला, ' तो क्या तुम चाहती कि मैं यहां कुलीगीरी करूं? '","रमा इस आदर्शवाद से चिढ़कर बोला,"
4,432,जालपा,"नहीं, मैं यह नहीं चाहतीऋ लेकिन अगर कुलीगीरी भी करनी पड़े तो वह ख़ून से तर रोटियां खाने से कहीं बढ़कर है।",named_dash_quote,"जालपा-'नहीं, मैं यह नहीं चाहतीऋ लेकिन अगर कुलीगीरी भी करनी पड़े तो वह ख़ून से तर रोटियां खाने से कहीं बढ़कर है।'",जालपा-
4,433,रमानाथ,"जालपा, तुम मुझे जितना नीच समझ रही हो, मैं उतना नीच नहीं हूं। बुरी बात सभी को बुरी लगती है। इसका दुःख मुझे भी है कि मेरे हाथों इतने आदमियों का ख़ून हो रहा है, लेकिन परिस्थिति ने मुझे लाचार कर दिया है। मुझमें अब ठोकरें खाने की शक्ति नहीं है। न मैं पुलिस से रार मोल ले सकता हूं। दुनिया में सभी थोड़े ही आदर्श पर चलते हैं। मुझे क्यों उस ऊंचाई पर चढ़ाना चाहती हो, जहां पहुंचने की शक्ति मुझमें नहीं है।",named_comma_quote,"रमा ने शांत भाव से कहा, ' जालपा, तुम मुझे जितना नीच समझ रही हो, मैं उतना नीच नहीं हूं। बुरी बात सभी को बुरी लगती है। इसका दुःख मुझे भी है कि मेरे हाथों इतने आदमियों का ख़ून हो रहा है, लेकिन परिस्थिति ने मुझे लाचार कर दिया है। मुझमें अब ठोकरें खाने की शक्ति नहीं है। न मैं पुलिस से रार मोल ले सकता हूं। दुनिया में सभी थोड़े ही आदर्श पर चलते हैं। मुझे क्यों उस ऊंचाई पर चढ़ाना चाहती हो, जहां पहुंचने की शक्ति मुझमें नहीं है।' जालपा ने तीक्ष्ण स्वर में कहा, ' जिस आदमी में हत्या करने की शक्ति हो, उसमें हत्या न करने की शक्ति का न होना अचंभे की बात है। जिसमें दौड़ने की शक्ति हो, उसमें खड़े रहने की शक्ति न हो इसे कौन मानेगा। जब हम कोई काम करने की इच्छा करते हैं, तो शक्ति आप ही आप आ जाती है। तुम यह निश्चय कर लो कि तुम्हें बयान बदलना है, बस और बातें आप आ जायंगी।'","रमा ने शांत भाव से कहा,"
4,433,जालपा,"जिस आदमी में हत्या करने की शक्ति हो, उसमें हत्या न करने की शक्ति का न होना अचंभे की बात है। जिसमें दौड़ने की शक्ति हो, उसमें खड़े रहने की शक्ति न हो इसे कौन मानेगा। जब हम कोई काम करने की इच्छा करते हैं, तो शक्ति आप ही आप आ जाती है। तुम यह निश्चय कर लो कि तुम्हें बयान बदलना है, बस और बातें आप आ जायंगी।",named_comma_quote,"रमा ने शांत भाव से कहा, ' जालपा, तुम मुझे जितना नीच समझ रही हो, मैं उतना नीच नहीं हूं। बुरी बात सभी को बुरी लगती है। इसका दुःख मुझे भी है कि मेरे हाथों इतने आदमियों का ख़ून हो रहा है, लेकिन परिस्थिति ने मुझे लाचार कर दिया है। मुझमें अब ठोकरें खाने की शक्ति नहीं है। न मैं पुलिस से रार मोल ले सकता हूं। दुनिया में सभी थोड़े ही आदर्श पर चलते हैं। मुझे क्यों उस ऊंचाई पर चढ़ाना चाहती हो, जहां पहुंचने की शक्ति मुझमें नहीं है।' जालपा ने तीक्ष्ण स्वर में कहा, ' जिस आदमी में हत्या करने की शक्ति हो, उसमें हत्या न करने की शक्ति का न होना अचंभे की बात है। जिसमें दौड़ने की शक्ति हो, उसमें खड़े रहने की शक्ति न हो इसे कौन मानेगा। जब हम कोई काम करने की इच्छा करते हैं, तो शक्ति आप ही आप आ जाती है। तुम यह निश्चय कर लो कि तुम्हें बयान बदलना है, बस और बातें आप आ जायंगी।'","जालपा ने तीक्ष्ण स्वर में कहा,"
4,435,जालपा,"अगर तुम्हें यह पाप की खेती करनी है, तो मुझे आज ही यहां से विदा कर दो। मैं मुंह में कालिख लगाकर यहां से चली जाऊंगी और फिर तुम्हें दिक करने न आऊंगी। तुम आनंद से रहना। मैं अपना पेट मेहनत-मजूरी करके भर लूंगी। अभी प्रायश्चित्त पूरा नहीं हुआ है, इसीलिए यह दुर्बलता हमारे पीछे पड़ी हुई है। मैं देख रही हूं, यह हमारा सर्वनाश करके छोड़ेगी।",named_comma_quote,"जालपा ने और आवेश में आकर कहा, ' अगर तुम्हें यह पाप की खेती करनी है, तो मुझे आज ही यहां से विदा कर दो। मैं मुंह में कालिख लगाकर यहां से चली जाऊंगी और फिर तुम्हें दिक करने न आऊंगी। तुम आनंद से रहना। मैं अपना पेट मेहनत-मजूरी करके भर लूंगी। अभी प्रायश्चित्त पूरा नहीं हुआ है, इसीलिए यह दुर्बलता हमारे पीछे पड़ी हुई है। मैं देख रही हूं, यह हमारा सर्वनाश करके छोड़ेगी।'","जालपा ने और आवेश में आकर कहा,"
4,436,रमानाथ,चाहता तो मैं भी हूं कि किसी तरह इस मुसीबत से जान बचे।,named_comma_quote,"रमा के दिल पर कुछ चोट लगी। सिर खुजलाकर बोला, ' चाहता तो मैं भी हूं कि किसी तरह इस मुसीबत से जान बचे।'","रमा के दिल पर कुछ चोट लगी। सिर खुजलाकर बोला,"
4,437,Unknown,"तो बचाते क्यों नहीं। अगर तुम्हें कहते शर्म आती हो, तो मैं चलूं। यही अच्छा होगा। मैं भी चली चलूंगी और तुम्हारे सुपरंडंट साहब से सारा वृत्तांत साफ- साफ कह दूंगी।",unattributed_quote,"'तो बचाते क्यों नहीं। अगर तुम्हें कहते शर्म आती हो, तो मैं चलूं। यही अच्छा होगा। मैं भी चली चलूंगी और तुम्हारे सुपरंडंट साहब से सारा वृत्तांत साफ- साफ कह दूंगी।'",
4,438,रमानाथ,"तुम्हारे चलने की जरूरत नहीं है जालपा, मैं उन लोगों को समझा दूंगा।",named_comma_quote,"रमा का सारा पसोपेश गायब हो गया। अपनी इतनी दुर्गति वह न कराना चाहता था कि उसकी स्त्री जाकर उसकी वकालत करे। बोला, ' तुम्हारे चलने की जरूरत नहीं है जालपा, मैं उन लोगों को समझा दूंगा। '","रमा का सारा पसोपेश गायब हो गया। अपनी इतनी दुर्गति वह न कराना चाहता था कि उसकी स्त्री जाकर उसकी वकालत करे। बोला,"
4,439,जालपा,"साफ बताओ, अपना बयान बदलोगे या नहीं?",named_comma_quote,"जालपा ने ज़ोर देकर कहा, ' साफ बताओ, अपना बयान बदलोगे या नहीं? '","जालपा ने ज़ोर देकर कहा,"
4,441,Unknown,मेरे कहने से या अपने दिल से?,unattributed_quote,'मेरे कहने से या अपने दिल से?',
4,442,Unknown,"तुम्हारे कहने से नहीं, अपने दिल सेब मुझे ख़ुद ही ऐसी बातों से घृणा है। सिर्फ ज़रा हिचक थी, वह तुमने निकाल दी।",unattributed_quote,"'तुम्हारे कहने से नहीं, अपने दिल सेब मुझे ख़ुद ही ऐसी बातों से घृणा है। सिर्फ ज़रा हिचक थी, वह तुमने निकाल दी।'",
4,443,जालपा,घर चलकर रतन से थोड़ी-सी ज़मीन ले लें और आनंद से खेती-बारी करें।,named_dash_quote,"फिर और बातें होने लगीं। कैसे पता चला कि रमा ने रूपये उडा दिए हैं? रूपये अदा कैसे हो गए? और लोगों को ग़बन की ख़बर हुई या घर ही में दबकर रह गई?रतन पर क्या गुज़री- गोपी क्यों इतनी जल्द चला गया? दोनों कुछ पढ़ रहे हैं या उसी तरह आवारा फिरा करते हैं?आख़िर में अम्मां और दादा का ज़िक्र आया। फिर जीवन के मनसूबे बांधो जाने लगे। जालपा ने कहा, 'घर चलकर रतन से थोड़ी-सी ज़मीन ले लें और आनंद से खेती-बारी करें।' रमा ने कहा, 'कहीं उससे अच्छा है कि यहां चाय की दुकान खोलें।' इस पर दोनों में मुबाहसा हुआ। आख़िर रमा को हार माननी पड़ी। यहां रहकर वह घर की देखभाल न कर सकता था, भाइयों को शिक्षा न दे सकता था और न मातापिता की सेवा-सत्कार कर सकता था। आख़िर घरवालों के प्रति भी तो उसका कुछ कर्तव्य है। रमा निरूत्तर हो गया।","फिर और बातें होने लगीं। कैसे पता चला कि रमा ने रूपये उडा दिए हैं? रूपये अदा कैसे हो गए? और लोगों को ग़बन की ख़बर हुई या घर ही में दबकर रह गई?रतन पर क्या गुज़री- गोपी क्यों इतनी जल्द चला गया? दोनों कुछ पढ़ रहे हैं या उसी तरह आवारा फिरा करते हैं?आख़िर में अम्मां और दादा का ज़िक्र आया। फिर जीवन के मनसूबे बांधो जाने लगे। जालपा ने कहा,"
4,443,रमानाथ,कहीं उससे अच्छा है कि यहां चाय की दुकान खोलें।,named_comma_quote,"फिर और बातें होने लगीं। कैसे पता चला कि रमा ने रूपये उडा दिए हैं? रूपये अदा कैसे हो गए? और लोगों को ग़बन की ख़बर हुई या घर ही में दबकर रह गई?रतन पर क्या गुज़री- गोपी क्यों इतनी जल्द चला गया? दोनों कुछ पढ़ रहे हैं या उसी तरह आवारा फिरा करते हैं?आख़िर में अम्मां और दादा का ज़िक्र आया। फिर जीवन के मनसूबे बांधो जाने लगे। जालपा ने कहा, 'घर चलकर रतन से थोड़ी-सी ज़मीन ले लें और आनंद से खेती-बारी करें।' रमा ने कहा, 'कहीं उससे अच्छा है कि यहां चाय की दुकान खोलें।' इस पर दोनों में मुबाहसा हुआ। आख़िर रमा को हार माननी पड़ी। यहां रहकर वह घर की देखभाल न कर सकता था, भाइयों को शिक्षा न दे सकता था और न मातापिता की सेवा-सत्कार कर सकता था। आख़िर घरवालों के प्रति भी तो उसका कुछ कर्तव्य है। रमा निरूत्तर हो गया।","रमा ने कहा,"
4,444,दारोग़ा,"ख़ैरियत तो है, नौकरों ने कोई शरारत तो नहीं की।",named_dash_quote,"रमा मुंह-अंधेरे अपने बंगले जा पहुंचा। किसी को कानों-कान ख़बर न हुई। नाश्ता करके रमा ने ख़त साफ किया, कपड़े पहने और दारोग़ा के पास जा पहुंचा। त्योरियां चढ़ी हुई थीं। दारोग़ा ने पूछा, 'ख़ैरियत तो है, नौकरों ने कोई शरारत तो नहीं की।'","रमा मुंह-अंधेरे अपने बंगले जा पहुंचा। किसी को कानों-कान ख़बर न हुई। नाश्ता करके रमा ने ख़त साफ किया, कपड़े पहने और दारोग़ा के पास जा पहुंचा। त्योरियां चढ़ी हुई थीं। दारोग़ा ने पूछा,"
4,445,रमानाथ,"नौकरों ने नहीं, आपने शरारत की है, आपके मातहतों, अफसरों और सब ने मिलकर मुझे उल्लू बनाया है।",named_dash_quote,"रमा ने खड़े-खड़े कहा, 'नौकरों ने नहीं, आपने शरारत की है, आपके मातहतों, अफसरों और सब ने मिलकर मुझे उल्लू बनाया है।'","रमा ने खड़े-खड़े कहा,"
4,447,रमानाथ,"बात यही है कि इस मुआमले में अब कोई शहादत न दूंगा। उससे मेरा ताल्लुक नहीं। आप ने मेरे साथ चाल चली और वारंट की धमकी देकर मुझे शहादत देने पर मजबूर किया। अब मुझे मालूम हो गया कि मेरे ऊपर कोई इलज़ाम नहीं। आप लोगों का चकमा था। पुलिस की तरफ से शहादत नहीं देना चाहता, मैं आज जज साहब से साफ कह दूंगा। बेगुनाहों का ख़ून अपनी गर्दन पर न लूंगा।",named_dash_quote,"रमानाथ-'बात यही है कि इस मुआमले में अब कोई शहादत न दूंगा। उससे मेरा ताल्लुक नहीं। आप ने मेरे साथ चाल चली और वारंट की धमकी देकर मुझे शहादत देने पर मजबूर किया। अब मुझे मालूम हो गया कि मेरे ऊपर कोई इलज़ाम नहीं। आप लोगों का चकमा था। पुलिस की तरफ से शहादत नहीं देना चाहता, मैं आज जज साहब से साफ कह दूंगा। बेगुनाहों का ख़ून अपनी गर्दन पर न लूंगा। '",रमानाथ-
4,448,दारोग़ा,आपने खुद गबन तस्लीम किया था।,named_comma_quote,"दारोग़ा ने तेज़ होकर कहा, 'आपने खुद गबन तस्लीम किया था।'","दारोग़ा ने तेज़ होकर कहा,"
4,449,रमानाथ,मीजान की ग़लती थी। ग़बन न था। म्युनिसिपैलिटी ने मुझ पर कोई मुकदमा नहीं चलाया।,named_dash_quote,रमानाथ-'मीजान की ग़लती थी। ग़बन न था। म्युनिसिपैलिटी ने मुझ पर कोई मुकदमा नहीं चलाया।',रमानाथ-
4,450,Unknown,यह आपको मालूम कैसे हुआ?,unattributed_quote,'यह आपको मालूम कैसे हुआ? ',
4,451,Unknown,"इससे आपको कोई बहस नहीं। मै ं शहादत न दूंगा। साफ-साफ कह दूंगा, पुलिस ने मुझे धोखा देकर शहादत दिलवाई है। जिन तारीख़ों का वह वाकया है, उन तारीख़ों में मैं इलाहाबाद में था। म्युनिसिपल आफिस में मेरी हाजिरी मौजूद है।",unattributed_quote,"'इससे आपको कोई बहस नहीं। मै ं शहादत न दूंगा। साफ-साफ कह दूंगा, पुलिस ने मुझे धोखा देकर शहादत दिलवाई है। जिन तारीख़ों का वह वाकया है, उन तारीख़ों में मैं इलाहाबाद में था। म्युनिसिपल आफिस में मेरी हाजिरी मौजूद है।'",
4,452,दारोग़ा,"अच्छा साहब, पुलिस ने धोखा ही दिया, लेकिन उसका ख़ातिरख्वाह इनाम देने को भी तो हाज़िर है। कोई अच्छी जगह मिल जाएगी, मोटर पर बैठे हुए सैर करोगे। खुगिया पुलिस में कोई जगह मिल गई, तो चैन ही चैन है। सरकार की नज़रों में इज्जत और रूसूख कितना बढ़गया, यों मारे-मारे फिरते। शायद किसी दफ्तर में क्लर्की मिल जाती, वह भी बडी मुश्किल सेब यहां तो बैठे-बिठाए तरक्की का दरवाज़ा खुल गया। अच्छी तरह कारगुज़ारी होगी, तो एक दिन रायबहादुर मुंशी रमानाथ डिप्टी सुपरिंटेंडेंट हो जाओगे। तुम्हें हमारा एहसान मानना चाहिए और आप उल्टे ख़फा होते हैं।",named_comma_quote,"दारोग़ा ने इस आपत्ति को हंसी में उडाने की चेष्टा करके कहा, 'अच्छा साहब, पुलिस ने धोखा ही दिया, लेकिन उसका ख़ातिरख्वाह इनाम देने को भी तो हाज़िर है। कोई अच्छी जगह मिल जाएगी, मोटर पर बैठे हुए सैर करोगे। खुगिया पुलिस में कोई जगह मिल गई, तो चैन ही चैन है। सरकार की नज़रों में इज्जत और रूसूख कितना बढ़गया, यों मारे-मारे फिरते। शायद किसी दफ्तर में क्लर्की मिल जाती, वह भी बडी मुश्किल सेब यहां तो बैठे-बिठाए तरक्की का दरवाज़ा खुल गया। अच्छी तरह कारगुज़ारी होगी, तो एक दिन रायबहादुर मुंशी रमानाथ डिप्टी सुपरिंटेंडेंट हो जाओगे। तुम्हें हमारा एहसान मानना चाहिए और आप उल्टे ख़फा होते हैं। '","दारोग़ा ने इस आपत्ति को हंसी में उडाने की चेष्टा करके कहा,"
4,453,रमानाथ,"मुझे क्लर्क बनना मंजूर है, इस तरह की तरक्की नहीं चाहता। यह आप ही को मुबारक रहे। इतने में डिप्टी साहब और इंस्पेक्टर भी आ पहुंचे। रमा को देखकर इंस्पेक्टर साहब ने गरमाया,",named_comma_quote,"रमा पर इस प्रलोभन का कुछ असर न हुआ। बोला, 'मुझे क्लर्क बनना मंजूर है, इस तरह की तरक्की नहीं चाहता। यह आप ही को मुबारक रहे। इतने में डिप्टी साहब और इंस्पेक्टर भी आ पहुंचे। रमा को देखकर इंस्पेक्टर साहब ने गरमाया, 'हमारे बाबू साहब तो पहले ही से तैयार बैठे हैं। बस इसी की कारगुज़ारी पर वारा-न्यारा है। '","रमा पर इस प्रलोभन का कुछ असर न हुआ। बोला,"
4,454,रमानाथ,"मानो मैं भी अपना नफा-नुकसान समझता हूं,जी। हां, आज वारा-न्यारा कर दूंगा। इतने दिनों तक आप लोगों के इशारे पर चला, अब अपनी आंखों से देखकर चलूंगा।",named_comma_quote,"रमा ने इस भाव से कहा, 'मानो मैं भी अपना नफा-नुकसान समझता हूं,जी। हां, आज वारा-न्यारा कर दूंगा। इतने दिनों तक आप लोगों के इशारे पर चला, अब अपनी आंखों से देखकर चलूंगा। '","रमा ने इस भाव से कहा,"
4,455,इंस्पेक्टर,"क्या बात है? हलफ से कहता हूं, आप कुछ नाराज मालूम होते हैं!",named_comma_quote,"इंस्पेक्टर ने दारोग़ा का मुंह देखा, दारोग़ा ने डिप्टी का मुंह देखा, डिप्टी ने इंस्पेक्टर का मुंह देखा। यह कहता क्या है? इंस्पेक्टर साहब विस्मित होकर बोले, 'क्या बात है? हलफ से कहता हूं, आप कुछ नाराज मालूम होते हैं! '","इंस्पेक्टर ने दारोग़ा का मुंह देखा, दारोग़ा ने डिप्टी का मुंह देखा, डिप्टी ने इंस्पेक्टर का मुंह देखा। यह कहता क्या है? इंस्पेक्टर साहब विस्मित होकर बोले,"
4,456,रमानाथ,मैंने फैसला किया है कि आज अपना बयान बदल दूंगा। बेगुनाहों का ख़ून नहीं कर सकता ।,named_dash_quote,रमानाथ-'मैंने फैसला किया है कि आज अपना बयान बदल दूंगा। बेगुनाहों का ख़ून नहीं कर सकता ।',रमानाथ-
4,457,इंस्पेक्टर,"भाव से उसकी तरफ देखकर कहा, 'आप बेगुनाहों का ख़ून नहीं कर रहे हैं, अपनी तकष्दीर की इमारत खड़ी कर रहे हैं। हलफ से कहता हूं, ऐसे मौके बहुत कम आदमियों को मिलते हैं। आज क्या बात हुई कि आप इतने खफा हो गए? आपको कुछ मालूम है, दारोग़ा साहब, आदमियों ने तो कोई शोखी नहीं की- अगर किसी ने आपके मिज़ाज़ के ख़िलाफ कोई काम किया हो, तो उसे गोली मार दीजिए, हलफ से कहता हूं!",unquoted_dash,"इंस्पेक्टर ने दया-भाव से उसकी तरफ देखकर कहा, 'आप बेगुनाहों का ख़ून नहीं कर रहे हैं, अपनी तकष्दीर की इमारत खड़ी कर रहे हैं। हलफ से कहता हूं, ऐसे मौके बहुत कम आदमियों को मिलते हैं। आज क्या बात हुई कि आप इतने खफा हो गए? आपको कुछ मालूम है, दारोग़ा साहब, आदमियों ने तो कोई शोखी नहीं की- अगर किसी ने आपके मिज़ाज़ के ख़िलाफ कोई काम किया हो, तो उसे गोली मार दीजिए, हलफ से कहता हूं!",इंस्पेक्टर ने दया
4,458,दारोग़ा,मैं अभी जाकर पता लगाता हूं।,named_dash_quote,दारोग़ा -'मैं अभी जाकर पता लगाता हूं। ',दारोग़ा -
4,459,रमानाथ,आप तकलीफ न करें। मुझे किसी से शिकायत नहीं है। मैं थोड़े से फायदे के लिए अपने ईमान का ख़ून नहीं कर सकता।,named_dash_quote,रमानाथ-'आप तकलीफ न करें। मुझे किसी से शिकायत नहीं है। मैं थोड़े से फायदे के लिए अपने ईमान का ख़ून नहीं कर सकता। ',रमानाथ-
4,460,इंस्पेक्टर,"रमा बाबू, यह अच्छा बात न होगा।",named_comma_quote,"एक मिनट सन्नाटा रहा। किसी को कोई बात न सूझी। दारोग़ा कोई दूसरा चकमा सोच रहे थे, इंस्पेक्टर कोई दूसरा प्रलोभन। डिप्टी एक दूसरी ही फिक्र में था। रूखेपन से बोला, 'रमा बाबू, यह अच्छा बात न होगा। '","एक मिनट सन्नाटा रहा। किसी को कोई बात न सूझी। दारोग़ा कोई दूसरा चकमा सोच रहे थे, इंस्पेक्टर कोई दूसरा प्रलोभन। डिप्टी एक दूसरी ही फिक्र में था। रूखेपन से बोला,"
4,461,रमानाथ,आपके लिए न होगी। मेरे लिए तो सबसे अच्छी यही बात है।,named_comma_quote,"रमा ने भी गर्म होकर कहा, 'आपके लिए न होगी। मेरे लिए तो सबसे अच्छी यही बात है। '","रमा ने भी गर्म होकर कहा,"
4,462,डिप्टी,"नहीं, आपका वास्ते इससे बुरा दोसरा बात नहीं है। हम तुमको छोड़ेगा नहीं, हमारा मुकदमा चाहे बिगड़ जाय, लेकिन हम तुमको ऐसा लेसन दे देगा कि तुम उमिर भर न भूलेगा। आपको वही गवाही देना होगा जो आप दिया। अगर तुम कुछ गड़बड़ करेगा, कुछ भी गोलमाल किया तो हम तोमारे साथ दोसरा बर्ताव करेगा। एक रिपोर्ट में तुम यों (कलाइयों को ऊपर-नीचे रखकर) चला जायगा।",named_comma_quote,"डिप्टी, 'नहीं, आपका वास्ते इससे बुरा दोसरा बात नहीं है। हम तुमको छोड़ेगा नहीं, हमारा मुकदमा चाहे बिगड़ जाय, लेकिन हम तुमको ऐसा लेसन दे देगा कि तुम उमिर भर न भूलेगा। आपको वही गवाही देना होगा जो आप दिया। अगर तुम कुछ गड़बड़ करेगा, कुछ भी गोलमाल किया तो हम तोमारे साथ दोसरा बर्ताव करेगा। एक रिपोर्ट में तुम यों (कलाइयों को ऊपर-नीचे रखकर) चला जायगा। '","डिप्टी,"
4,463,डिप्टी,आप मुझसे ज़बरदस्ती शहादत दिलाएंगे ?,named_comma_quote,"यह कहते हुए उसने आंखें निकालकर रमा को देखा, मानो कच्चा ही खा जाएगा। रमा सहम उठा। इन आतंक से भरे शब्दों ने उसे विचलित कर दिया। यह सब कोई झूठा मुकदमा चलाकर उसे फंसा दें, तो उसकी कौन रक्षा करेगा। उसे यह आशा न थी कि डिप्टी साहब जो शील और विनय के पुतले बने हुए थे, एकबारगी यह रूद्र रूप धारणा कर लेंगे, मगर वह इतनी आसानी से दबने वाला न था। तेज़ होकर बोला, 'आप मुझसे ज़बरदस्ती शहादत दिलाएंगे ?'","यह कहते हुए उसने आंखें निकालकर रमा को देखा, मानो कच्चा ही खा जाएगा। रमा सहम उठा। इन आतंक से भरे शब्दों ने उसे विचलित कर दिया। यह सब कोई झूठा मुकदमा चलाकर उसे फंसा दें, तो उसकी कौन रक्षा करेगा। उसे यह आशा न थी कि डिप्टी साहब जो शील और विनय के पुतले बने हुए थे, एकबारगी यह रूद्र रूप धारणा कर लेंगे, मगर वह इतनी आसानी से दबने वाला न था। तेज़ होकर बोला,"
4,464,डिप्टी,"हां, ज़बरदस्ती दिलाएगा!",named_comma_quote,"डिप्टी ने पैर पटकते हुए कहा, 'हां, ज़बरदस्ती दिलाएगा!'","डिप्टी ने पैर पटकते हुए कहा,"
4,465,रमानाथ,यह अच्छी दिल्लगी है!,named_dash_quote,रमानाथ-'यह अच्छी दिल्लगी है!',रमानाथ-
4,466,डिप्टी,तोम पुलिस को धोखा देना दिल्लगी समझता है। अभी दो गवाह देकर साबित कर सकता है कि तुम राजक्रोह की बात कर रहा था। बस चला जायगा सात साल के लिए। चक्की पीसते-पीसते हाथ में घड्डा पड़ जायगा। यह चिकना-चिकना गाल नहीं रहेगा।,named_dash_quote,डिप्टी-'तोम पुलिस को धोखा देना दिल्लगी समझता है। अभी दो गवाह देकर साबित कर सकता है कि तुम राजक्रोह की बात कर रहा था। बस चला जायगा सात साल के लिए। चक्की पीसते-पीसते हाथ में घड्डा पड़ जायगा। यह चिकना-चिकना गाल नहीं रहेगा। ',डिप्टी-
4,467,डिप्टी,"वहां हलवा पूरी नहीं पायगा। धूल मिला हुआ आटा का रोटी, गोभी के सड़े हुए पत्तों का रसा, और अरहर के दाल का पानी खाने को पावेगा। काल-कोठरी का चार महीना भी हो गया, तो तुम बच नहीं सकता वहीं मर जायगा। बात-बात पर वार्डर गाली देगा, जूतों से पीटेगा,तुम समझता क्या है!",named_dash_quote,"रमा जेल से डरता था। जेल-जीवन की कल्पना ही से उसके रोएं खड़े होते थे। जेल ही के भय से उसने यह गवाही देनी स्वीकार की थी। वही भय इस वक्त भी उसे कातर करने लगा। डिप्टी भाव-विज्ञान का ज्ञाता था। आसन का पता पा गया। बोला, 'वहां हलवा पूरी नहीं पायगा। धूल मिला हुआ आटा का रोटी, गोभी के सड़े हुए पत्तों का रसा, और अरहर के दाल का पानी खाने को पावेगा। काल-कोठरी का चार महीना भी हो गया, तो तुम बच नहीं सकता वहीं मर जायगा। बात-बात पर वार्डर गाली देगा, जूतों से पीटेगा,तुम समझता क्या है! '","रमा जेल से डरता था। जेल-जीवन की कल्पना ही से उसके रोएं खड़े होते थे। जेल ही के भय से उसने यह गवाही देनी स्वीकार की थी। वही भय इस वक्त भी उसे कातर करने लगा। डिप्टी भाव-विज्ञान का ज्ञाता था। आसन का पता पा गया। बोला,"
4,468,रमानाथ,"आप लोगों की यह इच्छा है, तो यही सही! भेज दीजिए जेल। मर ही जाऊंगा न, फिर तो आप लोगों से मेरा गला छूट जायगा। जब आप यहां तक मुझे तबाह करने पर आमादा हैं, तो मैं भी मरने को तैयार हूं। जो कुछ होना होगा, होगा।",named_comma_quote,"रमा का चेहरा फीका पड़ने लगा। मालूम होता था, प्रतिक्षण उसका ख़ून सूखता चला जाता है। अपनी दुर्बलता पर उसे इतनी ग्लानि हुई कि वह रो पड़ा। कांपती हुई आवाज़ से बोला, 'आप लोगों की यह इच्छा है, तो यही सही! भेज दीजिए जेल। मर ही जाऊंगा न, फिर तो आप लोगों से मेरा गला छूट जायगा। जब आप यहां तक मुझे तबाह करने पर आमादा हैं, तो मैं भी मरने को तैयार हूं। जो कुछ होना होगा, होगा। '","रमा का चेहरा फीका पड़ने लगा। मालूम होता था, प्रतिक्षण उसका ख़ून सूखता चला जाता है। अपनी दुर्बलता पर उसे इतनी ग्लानि हुई कि वह रो पड़ा। कांपती हुई आवाज़ से बोला,"
4,469,इंस्पेक्टर,"आप लोग आदमी को पहचानते तो हैं नहीं, लगते हैं रोब जमाने। इस तरह गवाही देना हर एक समझदार आदमी को बुरा मालूम होगा। यह द्ददरती बात है। जिसे ज़रा भी इज्जत का खयाल है, वह पुलिस के हाथों की कठपुतली बनना पसंद न करेगा। बाबू साहब की जगह मैं होता तो मैं भी ऐसा ही करता, लेकिन इसका मतलब यह नहीं है कि यह हमारे खिलाफ शहादत देंगे। आप लोग अपना काम कीजिए, बाबू साहब की तरफ से बेफिक्र रहिए, हलफ से कहता हूं।",named_dash_quote,"उसका मन दुर्बलता की उस दशा को पहुंच गया था, जब ज़रा-सी सहानुभूति, ज़रा-सी सह्रदयता सैकड़ों धामकियों से कहीं कारगर हो जाती है। इंस्पेक्टर साहब ने मौका ताड़ लिया। उसका पक्ष लेकर डिप्टी से बोले,हलफ से कहता हूं, 'आप लोग आदमी को पहचानते तो हैं नहीं, लगते हैं रोब जमाने। इस तरह गवाही देना हर एक समझदार आदमी को बुरा मालूम होगा। यह द्ददरती बात है। जिसे ज़रा भी इज्जत का खयाल है, वह पुलिस के हाथों की कठपुतली बनना पसंद न करेगा। बाबू साहब की जगह मैं होता तो मैं भी ऐसा ही करता, लेकिन इसका मतलब यह नहीं है कि यह हमारे खिलाफ शहादत देंगे। आप लोग अपना काम कीजिए, बाबू साहब की तरफ से बेफिक्र रहिए, हलफ से कहता हूं। '","उसका मन दुर्बलता की उस दशा को पहुंच गया था, जब ज़रा-सी सहानुभूति, ज़रा-सी सह्रदयता सैकड़ों धामकियों से कहीं कारगर हो जाती है। इंस्पेक्टर साहब ने मौका ताड़ लिया। उसका पक्ष लेकर डिप्टी से बोले,हलफ से कहता हूं,"
4,470,रमानाथ,"आप मेरे साथ चलिए, बाबूजी! आपको अच्छे-अच्छे रिकार्ड सुनाऊं।",named_comma_quote,"उसने रमा का हाथ पकड़ लिया और बोला, 'आप मेरे साथ चलिए, बाबूजी! आपको अच्छे-अच्छे रिकार्ड सुनाऊं। '","उसने रमा का हाथ पकड़ लिया और बोला,"
4,471,रमानाथ,मुझे दिक न कीजिए। इंस्पेक्टर साहबब अब तो मुझे जेलखाने में मरना है।,named_comma_quote,"रमा ने रूठे हुए बालक की तरह हाथ छुडाकर कहा, 'मुझे दिक न कीजिए। इंस्पेक्टर साहबब अब तो मुझे जेलखाने में मरना है। '","रमा ने रूठे हुए बालक की तरह हाथ छुडाकर कहा,"
4,472,इंस्पेक्टर,आप क्यों ऐसी बातें मुंह से निकालते हैं साहबब जेलखाने में मरें आपके दुश्मन।,named_comma_quote,"इंस्पेक्टर ने उसके कंधो पर हाथ रखकर कहा, 'आप क्यों ऐसी बातें मुंह से निकालते हैं साहबब जेलखाने में मरें आपके दुश्मन। '","इंस्पेक्टर ने उसके कंधो पर हाथ रखकर कहा,"
4,473,डिप्टी,"साहब, यों हम बाबू साहब के साथ सब तरह का सलूक करने को तैयार हैं, लेकिन जब वह हमारा ख़िलाफ गवाही देगा, हमारा जड़ खोदेगा, तो हम भी कार्रवाई करेगा। जरूर से करेगा। कभी छोड़ नहीं सकता।",named_comma_quote,"डिप्टी ने तसमा भी बाकी न छोड़ना चाहाब बडे कठोर स्वर में बोला, मानो रमा से कभी का परिचय नहीं है, 'साहब, यों हम बाबू साहब के साथ सब तरह का सलूक करने को तैयार हैं, लेकिन जब वह हमारा ख़िलाफ गवाही देगा, हमारा जड़ खोदेगा, तो हम भी कार्रवाई करेगा। जरूर से करेगा। कभी छोड़ नहीं सकता। '","डिप्टी ने तसमा भी बाकी न छोड़ना चाहाब बडे कठोर स्वर में बोला, मानो रमा से कभी का परिचय नहीं है,"
5,2,मणिभूषण,आज बंगला खाली करना होगा। मैंने इसे बेच दिया है।,named_dash_quote,"पंडितजी उन प्राणियों में थे, जिन्हें मौत की फिक्र नहीं होती। उन्हें किसी तरह यह भ्रम हो गया था कि दुर्बल स्वास्थ्य के मनुष्य अगर पथ्य और विचार से रहें, तो बहुत दिनों तक जी सकते हैं। वह पथ्य और विचार की सीमा के बाहर कभी न जाते। फिर मौत को उनसे क्या दुश्मनी थी, जो ख्वामख्वाह उनके पीछे पड़ती। अपनी वसीयत लिख डालने का ख़याल उन्हें उस वक्त आया, जब वह मरणासन्न हुए, लेकिन रतन वसीयत का नाम सुनते ही इतनी शोकातुर, इतनी भयभीत हुई कि पंडितजी ने उस वक्त टाल जाना ही उचित समझाब तब से फिर उन्हें इतना होश न आया कि वसीयत लिखवाते। पंडितजी के देहावसान के बाद रतन का मन इतना विरक्त हो गया कि उसे किसी बात की भी सुध-बुध न रही। यह वह अवसर था, जब उसे विशेष रूप से सावधन रहना चाहिए था। इस भांति सतर्क रहना चाहिए था, मानो दुश्मनों ने उसे घेर रक्खा हो, पर उसने सब कुछ मणिभूषण पर छोड़ दिया और उसी मणिभूषण ने धीरे-धीरे उसकी सारी संपत्ति अपहरण कर ली। ऐसे-ऐसे षडयंत्र रचे कि सरला रतन को उसके कपट-व्यवहार का आभास तक न हुआ। फंदा जब ख़ूब कस गया, तो उसने एक दिन आकर कहा, 'आज बंगला खाली करना होगा। मैंने इसे बेच दिया है। '","पंडितजी उन प्राणियों में थे, जिन्हें मौत की फिक्र नहीं होती। उन्हें किसी तरह यह भ्रम हो गया था कि दुर्बल स्वास्थ्य के मनुष्य अगर पथ्य और विचार से रहें, तो बहुत दिनों तक जी सकते हैं। वह पथ्य और विचार की सीमा के बाहर कभी न जाते। फिर मौत को उनसे क्या दुश्मनी थी, जो ख्वामख्वाह उनके पीछे पड़ती। अपनी वसीयत लिख डालने का ख़याल उन्हें उस वक्त आया, जब वह मरणासन्न हुए, लेकिन रतन वसीयत का नाम सुनते ही इतनी शोकातुर, इतनी भयभीत हुई कि पंडितजी ने उस वक्त टाल जाना ही उचित समझाब तब से फिर उन्हें इतना होश न आया कि वसीयत लिखवाते। पंडितजी के देहावसान के बाद रतन का मन इतना विरक्त हो गया कि उसे किसी बात की भी सुध-बुध न रही। यह वह अवसर था, जब उसे विशेष रूप से सावधन रहना चाहिए था। इस भांति सतर्क रहना चाहिए था, मानो दुश्मनों ने उसे घेर रक्खा हो, पर उसने सब कुछ मणिभूषण पर छोड़ दिया और उसी मणिभूषण ने धीरे-धीरे उसकी सारी संपत्ति अपहरण कर ली। ऐसे-ऐसे षडयंत्र रचे कि सरला रतन को उसके कपट-व्यवहार का आभास तक न हुआ। फंदा जब ख़ूब कस गया, तो उसने एक दिन आकर कहा,"
5,3,रतन,मैंने तो तुमसे कहा था कि मैं अभी बंगला न बेचूंगी।,named_comma_quote,"रतन ने ज़रा तेज़ होकर कहा, 'मैंने तो तुमसे कहा था कि मैं अभी बंगला न बेचूंगी। '","रतन ने ज़रा तेज़ होकर कहा,"
5,4,मणिभूषण,"आपमें बातें भूल जाने की बुरी आदत है। इसी कमरे में मैंने आपसे यह ज़िक्र किया था और आपने हामी भरी थी। जब मैंने बेच दिया, तो आप यह स्वांग खडा करती हैं! बंगला आज खाली करना होगा और आपको मेरे साथ चलना होगा।",named_comma_quote,"मणिभूषण ने विनय का आवरण उतार फेंका और त्योरी चढ़ाकर बोला, 'आपमें बातें भूल जाने की बुरी आदत है। इसी कमरे में मैंने आपसे यह ज़िक्र किया था और आपने हामी भरी थी। जब मैंने बेच दिया, तो आप यह स्वांग खडा करती हैं! बंगला आज खाली करना होगा और आपको मेरे साथ चलना होगा। '","मणिभूषण ने विनय का आवरण उतार फेंका और त्योरी चढ़ाकर बोला,"
5,5,Unknown,मैं अभी यहीं रहना चाहती हूं।,unattributed_quote,'मैं अभी यहीं रहना चाहती हूं।',
5,6,Unknown,मैं आपको यहां न रहने दूंगा।,unattributed_quote,'मैं आपको यहां न रहने दूंगा। ',
5,7,Unknown,मैं तुम्हारी लौंडी नहीं हूं।,unattributed_quote,'मैं तुम्हारी लौंडी नहीं हूं।',
5,8,Unknown,आपकी रक्षा का भार मेरे ऊपर है। अपने कुल की मर्यादा-रक्षा के लिए मैं आपको अपने साथ ले जाऊंगा।,unattributed_quote,'आपकी रक्षा का भार मेरे ऊपर है। अपने कुल की मर्यादा-रक्षा के लिए मैं आपको अपने साथ ले जाऊंगा। ',
5,9,रतन,मैं अपनी मर्यादा की रक्षा आप कर सकती हूं। तुम्हारी मदद की जरूरत नहीं। मेरी मर्ज़ी के बगैर तुम यहां कोई चीज़ नहीं बेच सकते।,named_comma_quote,"रतन ने होंठ चबाकर कहा, 'मैं अपनी मर्यादा की रक्षा आप कर सकती हूं। तुम्हारी मदद की जरूरत नहीं। मेरी मर्ज़ी के बगैर तुम यहां कोई चीज़ नहीं बेच सकते। '","रतन ने होंठ चबाकर कहा,"
5,10,मणिभूषण,आपका इस घर पर और चाचाजी की संपत्ति पर कोई अधिकार नहीं। वह मेरी संपत्ति है। आप मुझसे केवल गुज़ारे का सवाल कर सकती हैं।,named_dash_quote,"मणिभूषण ने वज्र-सा मारा, 'आपका इस घर पर और चाचाजी की संपत्ति पर कोई अधिकार नहीं। वह मेरी संपत्ति है। आप मुझसे केवल गुज़ारे का सवाल कर सकती हैं। '","मणिभूषण ने वज्र-सा मारा,"
5,11,रतन,तुम कुछ भंग तो नहीं खा गए हो?,named_comma_quote,"रतन ने विस्मित होकर कहा, 'तुम कुछ भंग तो नहीं खा गए हो? '","रतन ने विस्मित होकर कहा,"
5,12,मणिभूषण,"मैं इतनी भंग नहीं खाता कि बेसिरपैर की बातें करने लगूंब आप तो पढ़ी-लिखी हैं, एक बडे वकील की धर्मपत्नी थीं। कानून की बहुत-सी बातें जानती होंगी। सम्मिलित परिवार में विधवा का अपने पुरूष की संपत्ति पर कोई अधिकार नहीं होता। चाचाजी और मेरे पिताजी में कभी अलगौझा नहीं हुआ। चाचाजी यहां थे, हम लोग इंदौर में थे, पर इससे यह नहीं सिद्ध होता कि हममें अलगौझा था। अगर चाचा अपनी संपत्ति आपको देना चाहते, तो कोई वसीयत अवश्य लिख जाते और यद्यपिवह वसीयत कानून के अनुसार कोई चीज़ न होती, पर हम उसका सम्मान करते। उनका कोई वसीयत न करना साबित कर रहा है कि वह कानून के साधरण व्यवहार में कोई बाधा न डालना चाहते थे। आज आपको बंगला खाली करना होगा। मोटर और अन्य वस्तुएं भी नीलाम कर दी जाएंगी। आपकी इच्छा हो, मेरे साथ चलें या रहें। यहां रहने के लिए आपको दस-ग्यारह रूपये का मकान काफी होगा। गुज़ारे के लिए पचास रूपये महीने का प्रबंध मैंने कर दिया है। लेना-देना चुका लेने के बाद इससे ज्यादा की गुंजाइश ही नहीं।",named_comma_quote,"मणिभूषण ने कठोर स्वर में कहा, 'मैं इतनी भंग नहीं खाता कि बेसिरपैर की बातें करने लगूंब आप तो पढ़ी-लिखी हैं, एक बडे वकील की धर्मपत्नी थीं। कानून की बहुत-सी बातें जानती होंगी। सम्मिलित परिवार में विधवा का अपने पुरूष की संपत्ति पर कोई अधिकार नहीं होता। चाचाजी और मेरे पिताजी में कभी अलगौझा नहीं हुआ। चाचाजी यहां थे, हम लोग इंदौर में थे, पर इससे यह नहीं सिद्ध होता कि हममें अलगौझा था। अगर चाचा अपनी संपत्ति आपको देना चाहते, तो कोई वसीयत अवश्य लिख जाते और यद्यपिवह वसीयत कानून के अनुसार कोई चीज़ न होती, पर हम उसका सम्मान करते। उनका कोई वसीयत न करना साबित कर रहा है कि वह कानून के साधरण व्यवहार में कोई बाधा न डालना चाहते थे। आज आपको बंगला खाली करना होगा। मोटर और अन्य वस्तुएं भी नीलाम कर दी जाएंगी। आपकी इच्छा हो, मेरे साथ चलें या रहें। यहां रहने के लिए आपको दस-ग्यारह रूपये का मकान काफी होगा। गुज़ारे के लिए पचास रूपये महीने का प्रबंध मैंने कर दिया है। लेना-देना चुका लेने के बाद इससे ज्यादा की गुंजाइश ही नहीं। '","मणिभूषण ने कठोर स्वर में कहा,"
5,14,Unknown,"भर रतन चिंता में डूबी, मौन बैठी रही। इतने दिनों वह अपने को इस घर की स्वामिनी समझती रही। कितनी बडी भूल थी। पति के जीवन में जो लोग उसका मुंह ताकते थे, वे आज उसके भाग्य के विधाता हो गए! यह घोर अपमान रतन-जैसी मानिनी स्त्री के लिए असह्य था। माना, कमाई पंडितजी की थी, पर यह गांव तो उसी ने ख़रीदा था, इनमें से कई मकान तो उसके सामने ही बने, उसने यह एक क्षण के लिए भी न ख़याल किया था कि एक दिन यह",unquoted_dash,"दिन-भर रतन चिंता में डूबी, मौन बैठी रही। इतने दिनों वह अपने को इस घर की स्वामिनी समझती रही। कितनी बडी भूल थी। पति के जीवन में जो लोग उसका मुंह ताकते थे, वे आज उसके भाग्य के विधाता हो गए! यह घोर अपमान रतन-जैसी मानिनी स्त्री के लिए असह्य था। माना, कमाई पंडितजी की थी, पर यह गांव तो उसी ने ख़रीदा था, इनमें से कई मकान तो उसके सामने ही बने, उसने यह एक क्षण के लिए भी न ख़याल किया था कि एक दिन यह",दिन
5,17,मणिभूषण,"चाचीजी, आप जो-जो चीज़ें कहें लदवाकर भिजवा दूं। मैंने एक मकान ठीक कर लिया है।",named_comma_quote,"शाम को द्वार पर कई ठेले वाले आ गए। मणिभूषण ने आकर कहा, 'चाचीजी, आप जो-जो चीज़ें कहें लदवाकर भिजवा दूं। मैंने एक मकान ठीक कर लिया है।'","शाम को द्वार पर कई ठेले वाले आ गए। मणिभूषण ने आकर कहा,"
5,18,रतन,"मुझे किसी चीज़ की जरूरत नहीं। न तुम मेरे लिए मकान लो। जिस चीज़ पर मेरा कोई अधिकार नहीं, वह मैं हाथ से भी नहीं छू सकती। मैं अपने घर से कुछ लेकर नहीं आई थी। उसी तरह लौट जाऊंगी।",named_comma_quote,"रतन ने कहा, 'मुझे किसी चीज़ की जरूरत नहीं। न तुम मेरे लिए मकान लो। जिस चीज़ पर मेरा कोई अधिकार नहीं, वह मैं हाथ से भी नहीं छू सकती। मैं अपने घर से कुछ लेकर नहीं आई थी। उसी तरह लौट जाऊंगी।'","रतन ने कहा,"
5,19,मणिभूषण,"आपका सब कुछ है, यह आप कैसे कहती हैं कि आपका कोई अधिकार नहीं। आप वह मकान देख लें। पंद्रह रूपया किराया है। मैं तो समझता हूं आपको कोई कष्ट न होगा। जो-जो चीजें आप कहें, मैं वहां पहुंचा दूं।",named_comma_quote,"मणिभूषण ने लज्जित होकर कहा,'आपका सब कुछ है, यह आप कैसे कहती हैं कि आपका कोई अधिकार नहीं। आप वह मकान देख लें। पंद्रह रूपया किराया है। मैं तो समझता हूं आपको कोई कष्ट न होगा। जो-जो चीजें आप कहें, मैं वहां पहुंचा दूं।'","मणिभूषण ने लज्जित होकर कहा,"
5,21,मणिभूषण,आख़िर आप चाहती क्या हैं?उसे कहिए तो!,named_comma_quote,"मणिभूषण ने बडे विनम्र भाव से कहा, 'आख़िर आप चाहती क्या हैं?उसे कहिए तो!'","मणिभूषण ने बडे विनम्र भाव से कहा,"
5,22,रतन,"मैं कुछ नहीं चाहती। मैं इस घर का एक तिनका भी अपने साथ न ले जाऊंगी। जिस चीज़ पर मेरा कोई अधिकार नहीं,वह मेरे लिए वैसी ही है जैसी किसी गैर आदमी की चीज़ब मैं दया की भिखारिणी न बनूंगी। तुम इन चीज़ों के अधिकारी हो, ले जाओ। मैं ज़रा भी बुरा नहीं मानती! दया की चीज़ न जबरदस्ती ली जा सकती है, न जबरदस्ती दी जा सकती है। संसार में हज़ारों विधवाएं हैं, जो मेहनत-मजूरी करके अपना निर्वाह कर रही हैं। मैं भी वैसे ही हूं। मैं भी उसी तरह मजूरी करूंगी और अगर न कर सकूंगी, तो किसी गडढे में डूब मईंगी। जो अपना पेट भी न पाल सके, उसे जीते रहने का, दूसरों का बोझ बनने का कोई हक नहीं है।",named_comma_quote,"रतन उत्तेजित होकर बोली, 'मैं कुछ नहीं चाहती। मैं इस घर का एक तिनका भी अपने साथ न ले जाऊंगी। जिस चीज़ पर मेरा कोई अधिकार नहीं,वह मेरे लिए वैसी ही है जैसी किसी गैर आदमी की चीज़ब मैं दया की भिखारिणी न बनूंगी। तुम इन चीज़ों के अधिकारी हो, ले जाओ। मैं ज़रा भी बुरा नहीं मानती! दया की चीज़ न जबरदस्ती ली जा सकती है, न जबरदस्ती दी जा सकती है। संसार में हज़ारों विधवाएं हैं, जो मेहनत-मजूरी करके अपना निर्वाह कर रही हैं। मैं भी वैसे ही हूं। मैं भी उसी तरह मजूरी करूंगी और अगर न कर सकूंगी, तो किसी गडढे में डूब मईंगी। जो अपना पेट भी न पाल सके, उसे जीते रहने का, दूसरों का बोझ बनने का कोई हक नहीं है।' यह कहती हुई रतन घर से निकली और द्वार की ओर चली। मणिभूषण ने उसका रास्ता रोककर कहा, 'अगर आपकी इच्छा न हो, तो मैं बंगला अभी न बेचूं।'","रतन उत्तेजित होकर बोली,"
5,22,मणिभूषण,"अगर आपकी इच्छा न हो, तो मैं बंगला अभी न बेचूं।",named_comma_quote,"रतन उत्तेजित होकर बोली, 'मैं कुछ नहीं चाहती। मैं इस घर का एक तिनका भी अपने साथ न ले जाऊंगी। जिस चीज़ पर मेरा कोई अधिकार नहीं,वह मेरे लिए वैसी ही है जैसी किसी गैर आदमी की चीज़ब मैं दया की भिखारिणी न बनूंगी। तुम इन चीज़ों के अधिकारी हो, ले जाओ। मैं ज़रा भी बुरा नहीं मानती! दया की चीज़ न जबरदस्ती ली जा सकती है, न जबरदस्ती दी जा सकती है। संसार में हज़ारों विधवाएं हैं, जो मेहनत-मजूरी करके अपना निर्वाह कर रही हैं। मैं भी वैसे ही हूं। मैं भी उसी तरह मजूरी करूंगी और अगर न कर सकूंगी, तो किसी गडढे में डूब मईंगी। जो अपना पेट भी न पाल सके, उसे जीते रहने का, दूसरों का बोझ बनने का कोई हक नहीं है।' यह कहती हुई रतन घर से निकली और द्वार की ओर चली। मणिभूषण ने उसका रास्ता रोककर कहा, 'अगर आपकी इच्छा न हो, तो मैं बंगला अभी न बेचूं।'","यह कहती हुई रतन घर से निकली और द्वार की ओर चली। मणिभूषण ने उसका रास्ता रोककर कहा,"
5,23,रतन,"मैंने कह दिया, इस घर की किसी चीज़ से मेरा नाता नहीं है। मैं किराए की लौंडी थी। लौडी का घर से क्या संबंध है! न जाने किस पापी ने यह कानून बनाया था। अगर ईश्वर कहीं है और उसके यहां कोई न्याय होता है, तो एक दिन उसी के सामने उस पापी से पूछूंगी, क्या तेरे घर में मां-बहनें न थीं? तुझे उनका अपमान करते लज्जा न आई? अगर मेरी ज़बान में इतनी ताकत होती कि सारे देश में उसकी आवाज़ पहुंचती, तो मैं सब स्त्रियों से कहती,बहनो, किसी सम्मिलित परिवार में विवाह मत करना और अगर करना तो जब तक अपना घर अलग न बना लो, चैन की नींद मत सोना। यह मत समझो कि तुम्हारे पति के पीछे उस घर में तुम्हारा मान के साथ पालन होगा। अगर तुम्हारे पुरूष ने कोई लङका नहीं छोडा, तो तुम अकेली रहो चाहे परिवार में, एक ही बात है। तुम अपमान और मजूरी से नहीं बच सकतीं। अगर तुम्हारे पुरूष ने कुछ छोडा है तो अकेली रहकर तुम उसे भोग सकती हो, परिवार में रहकर तुम्हें उससे हाथ धोना पड़ेगा। परिवार तुम्हारे लिए फूलों की सेज नहीं, कांटों की शय्या है, तुम्हारा पार लगाने वाली नौका नहीं,तुम्हें निगल जाने वाला जंतु।",named_comma_quote,"रतन ने जलती हुई आंखों से उसकी ओर देखा। उसका चेहरा तमतमाया हुआ था। आंसुओं के उमड़ते हुए वेग को रोककर बोली, ' मैंने कह दिया, इस घर की किसी चीज़ से मेरा नाता नहीं है। मैं किराए की लौंडी थी। लौडी का घर से क्या संबंध है! न जाने किस पापी ने यह कानून बनाया था। अगर ईश्वर कहीं है और उसके यहां कोई न्याय होता है, तो एक दिन उसी के सामने उस पापी से पूछूंगी, क्या तेरे घर में मां-बहनें न थीं? तुझे उनका अपमान करते लज्जा न आई? अगर मेरी ज़बान में इतनी ताकत होती कि सारे देश में उसकी आवाज़ पहुंचती, तो मैं सब स्त्रियों से कहती,बहनो, किसी सम्मिलित परिवार में विवाह मत करना और अगर करना तो जब तक अपना घर अलग न बना लो, चैन की नींद मत सोना। यह मत समझो कि तुम्हारे पति के पीछे उस घर में तुम्हारा मान के साथ पालन होगा। अगर तुम्हारे पुरूष ने कोई लङका नहीं छोडा, तो तुम अकेली रहो चाहे परिवार में, एक ही बात है। तुम अपमान और मजूरी से नहीं बच सकतीं। अगर तुम्हारे पुरूष ने कुछ छोडा है तो अकेली रहकर तुम उसे भोग सकती हो, परिवार में रहकर तुम्हें उससे हाथ धोना पड़ेगा। परिवार तुम्हारे लिए फूलों की सेज नहीं, कांटों की शय्या है, तुम्हारा पार लगाने वाली नौका नहीं,तुम्हें निगल जाने वाला जंतु।'","रतन ने जलती हुई आंखों से उसकी ओर देखा। उसका चेहरा तमतमाया हुआ था। आंसुओं के उमड़ते हुए वेग को रोककर बोली,"
5,28,Unknown,"बजते अभियोग की पेशी हुई। पहले जाब्ते की कुछ बातें हुई, फिर दो-एक पुलिस की शहादतें हुई। अंत में कोई तीन बजे रमानाथ गवाहों के कठघरे में लाया गया। दर्शकों में सनसनी-सी फैल गई। कोई तंबोली की दूकान से पान खाता हुआ भागा, किसी ने समाचार-पत्र को मरोड़कर जेब में रक्खा और सब इजलास के कमरे में जमा हो गए। जालपा भी संभलकर बारजे में खड़ी हो गई। वह चाहती थी कि एक बार रमा की आंखें उठ जातीं और वह उसे देख लेती, लेकिन रमा सिर झुकाए खडाथा, मानो वह इधर-उधर देखते डर रहा हो उसके चेहरे का रंग उडाहुआ था। कुछ सहमा हुआ, कुछ घबराया हुआ इस तरह खडाथा, मानो उसे किसी ने बांधा रक्खा है और भागने की कोई राह नहीं है। जालपा का कलेजा धक-धक कर रहा था, मानो उसके भाग्य का निर्णय हो रहा हो।",unquoted_dash,"ग्यारह बजते-बजते अभियोग की पेशी हुई। पहले जाब्ते की कुछ बातें हुई, फिर दो-एक पुलिस की शहादतें हुई। अंत में कोई तीन बजे रमानाथ गवाहों के कठघरे में लाया गया। दर्शकों में सनसनी-सी फैल गई। कोई तंबोली की दूकान से पान खाता हुआ भागा, किसी ने समाचार-पत्र को मरोड़कर जेब में रक्खा और सब इजलास के कमरे में जमा हो गए। जालपा भी संभलकर बारजे में खड़ी हो गई। वह चाहती थी कि एक बार रमा की आंखें उठ जातीं और वह उसे देख लेती, लेकिन रमा सिर झुकाए खडाथा, मानो वह इधर-उधर देखते डर रहा हो उसके चेहरे का रंग उडाहुआ था। कुछ सहमा हुआ, कुछ घबराया हुआ इस तरह खडाथा, मानो उसे किसी ने बांधा रक्खा है और भागने की कोई राह नहीं है। जालपा का कलेजा धक-धक कर रहा था, मानो उसके भाग्य का निर्णय हो रहा हो।",ग्यारह बजते
5,30,जालपा,"जी चाहता है, इस दुष्ट को गोली मार दें। ऐसे-ऐसे स्वार्थी भी इस देश में पड़े हैं जो नौकरी या थोड़े-से धन के लोभ में निरपराधों के गले पर छुरी उधरने से भी नहीं हिचकते!",named_comma_quote,"एक महिला ने जो जालपा के साथ ही बैठी थी, नाक सिकोड़कर कहा, ' जी चाहता है, इस दुष्ट को गोली मार दें। ऐसे-ऐसे स्वार्थी भी इस देश में पड़े हैं जो नौकरी या थोड़े-से धन के लोभ में निरपराधों के गले पर छुरी उधरने से भी नहीं हिचकते! ' जालपा ने कोई जवाब न दिया।","एक महिला ने जो जालपा के साथ ही बैठी थी, नाक सिकोड़कर कहा,"
5,31,Unknown,"निराशा के भाव से कहा,",unattributed_quote,"एक दूसरी महिला ने जो आंखों पर ऐनक लगाए हुए थी, 'निराशा के भाव से कहा, ' इस अभागे देश का ईश्वर ही मालिक है। गवर्नरी तो लाला को कहीं नहीं मिल जाती! अधिक-से-अधिक कहीं क्लर्क हो जाएंगे। उसी के लिए अपनी आत्मा की हत्या कर रहे हैं। मालूम होता है, कोई मरभुखा, नीच आदमी है,पल्ले सिरे का कमीना और छिछोरा।'","एक दूसरी महिला ने जो आंखों पर ऐनक लगाए हुए थी,"
5,32,Unknown,"आदमी फैशनेबुल है और पढ़ा-लिखा भी मालूम होता है। भला, तुम इसे पा जाओ तो क्या करो?",unattributed_quote,"तीसरी महिला ने ऐनक वाली देवी से मुस्कराकर पूछा, ' आदमी फैशनेबुल है और पढ़ा-लिखा भी मालूम होता है। भला, तुम इसे पा जाओ तो क्या करो?'","तीसरी महिला ने ऐनक वाली देवी से मुस्कराकर पूछा,"
5,33,Unknown,नाक काट लूं! बस नकटा बनाकर छोड़ दूं।,unattributed_quote,"ऐनकबाज़ देवी ने उद्दंडता से कहा, 'नाक काट लूं! बस नकटा बनाकर छोड़ दूं।'","ऐनकबाज़ देवी ने उद्दंडता से कहा,"
5,34,Unknown,"और जानती हो, मैं क्या करूं?",unattributed_quote,"'और जानती हो, मैं क्या करूं?'",
5,35,Unknown,नहीं! शायद गोली मार दोगी!,unattributed_quote,'नहीं! शायद गोली मार दोगी!',
5,36,Unknown,ना! गोली न मारूं। सरे बाज़ार खडा करके पांच सौ जूते लगवाऊं। चांद गंजी होजाय!,unattributed_quote,'ना! गोली न मारूं। सरे बाज़ार खडा करके पांच सौ जूते लगवाऊं। चांद गंजी होजाय!',
5,37,Unknown,उस पर तुम्हें ज़रा भी दया नहीं आयगी?,unattributed_quote,'उस पर तुम्हें ज़रा भी दया नहीं आयगी?',
5,39,Unknown,"क्यों व्यर्थ में मुंह ख़राब करती हो? वह घृणा के योग्य नहीं, दया के योग्य है। देखती नहीं हो,उसका चेहरा कैसा पीला हो गया है, जैसे कोई उसका गला दबाए हुए हो अपनी मां या बहन को देख ले, तो जरूर रो पड़े। आदमी दिल का बुरा नहीं है। पुलिस ने धमकाकर उसे सीधा किया है। मालूम होता है, एक-एक शब्द उसके ह्रदय को चीर-चीरकर निकल रहा हो।",unattributed_quote,"एक वृद्धा ने इन युवतियों का तिरस्कार करके कहा, ' क्यों व्यर्थ में मुंह ख़राब करती हो? वह घृणा के योग्य नहीं, दया के योग्य है। देखती नहीं हो,उसका चेहरा कैसा पीला हो गया है, जैसे कोई उसका गला दबाए हुए हो अपनी मां या बहन को देख ले, तो जरूर रो पड़े। आदमी दिल का बुरा नहीं है। पुलिस ने धमकाकर उसे सीधा किया है। मालूम होता है, एक-एक शब्द उसके ह्रदय को चीर-चीरकर निकल रहा हो।'","एक वृद्धा ने इन युवतियों का तिरस्कार करके कहा,"
5,40,Unknown,"जब अपने पांव कांटा चुभता है, तब आह निकलती है?",unattributed_quote,"ऐनक वाली महिला ने व्यंग किया, ' जब अपने पांव कांटा चुभता है, तब आह निकलती है? '","ऐनक वाली महिला ने व्यंग किया,"
5,41,जालपा,"एक बात चिंगारी की तरह उसके दिल पर गगोले डाले देती थी। ऐसा जी चाहता था कि इसी वक्त उठकर कह दे,' यह महाशय बिलकुल झूठ बोल रहे हैं, सरासर झूठ, और इसी वक्त इसका सबूत दे दे। वह इस आवेश को पूरे बल से दबाए हुए थी। उसका मन अपनी कायरता पर उसे धिक्कार रहा था। क्यों वह इसी वक्त सारा वृत्तांत नहीं कह सुनाती। पुलिस उसकी दुश्मन हो जायगी, हो जाय। कुछ तो अदालत को खयाल होगा। कौन जाने, इन ग़रीबों की जान बच जाय! जनता को तो मालूम हो जायगा कि यह झूठी शहादत है। उसके मुंह से एक बार आवाज़ निकलते-निकलते रह गई। परिणाम के भय ने उसकी ज़बान पकड़ ली। आख़िर उसने वहां से उठकर चले आने ही में कुशल समझी।",unquoted_dash,"जालपा अब वहां न ठहर सकी। एक-एक बात चिंगारी की तरह उसके दिल पर गगोले डाले देती थी। ऐसा जी चाहता था कि इसी वक्त उठकर कह दे,' यह महाशय बिलकुल झूठ बोल रहे हैं, सरासर झूठ, और इसी वक्त इसका सबूत दे दे। वह इस आवेश को पूरे बल से दबाए हुए थी। उसका मन अपनी कायरता पर उसे धिक्कार रहा था। क्यों वह इसी वक्त सारा वृत्तांत नहीं कह सुनाती। पुलिस उसकी दुश्मन हो जायगी, हो जाय। कुछ तो अदालत को खयाल होगा। कौन जाने, इन ग़रीबों की जान बच जाय! जनता को तो मालूम हो जायगा कि यह झूठी शहादत है। उसके मुंह से एक बार आवाज़ निकलते-निकलते रह गई। परिणाम के भय ने उसकी ज़बान पकड़ ली। आख़िर उसने वहां से उठकर चले आने ही में कुशल समझी।",जालपा अब वहां न ठहर सकी। एक
5,42,देवीदीन,"क्या घर चलती हो, बहूजी?",named_comma_quote,"देवीदीन उसे उतरते देखकर बरामदे में चला आया और दया से सने हुए स्वर में बोला, ' क्या घर चलती हो, बहूजी?'","देवीदीन उसे उतरते देखकर बरामदे में चला आया और दया से सने हुए स्वर में बोला,"
5,43,जालपा,"हां, यहां अब नहीं बैठा जाता।",named_comma_quote,"जालपा ने आंसुओं के वेग को रोककर कहा, 'हां, यहां अब नहीं बैठा जाता।'","जालपा ने आंसुओं के वेग को रोककर कहा,"
5,44,देवीदीन,"पुलिस ने जिसे एक बार बूटी सुंघा दी, उस पर किसी दूसरी चीज़ का असर नहीं हो सकता।",named_comma_quote,"हाते के बाहर निकलकर देवीदीन ने जालपा को सांत्वना देने के इरादे से कहा, ' पुलिस ने जिसे एक बार बूटी सुंघा दी, उस पर किसी दूसरी चीज़ का असर नहीं हो सकता।'","हाते के बाहर निकलकर देवीदीन ने जालपा को सांत्वना देने के इरादे से कहा,"
5,45,जालपा,यह सब कायरों के लिए है।,named_dash_quote,"जालपा ने घृणा-भाव से कहा, 'यह सब कायरों के लिए है।'","जालपा ने घृणा-भाव से कहा,"
5,46,जालपा,"क्यों दादा, अब और तो कहीं अपील न होगी? कैदियों का यहीं फैसला हो जायगा।।",named_comma_quote,"कुछ दूर दोनों चुपचाप चलते रहे। सहसा जालपा ने कहा, 'क्यों दादा, अब और तो कहीं अपील न होगी? कैदियों का यहीं फैसला हो जायगा।।' देवीदीन इस प्रश्न का आशय समझ गया। बोला, 'नहीं, हाईकोर्ट में अपील हो सकती है।'","कुछ दूर दोनों चुपचाप चलते रहे। सहसा जालपा ने कहा,"
5,46,देवीदीन,"नहीं, हाईकोर्ट में अपील हो सकती है।",named_comma_quote,"कुछ दूर दोनों चुपचाप चलते रहे। सहसा जालपा ने कहा, 'क्यों दादा, अब और तो कहीं अपील न होगी? कैदियों का यहीं फैसला हो जायगा।।' देवीदीन इस प्रश्न का आशय समझ गया। बोला, 'नहीं, हाईकोर्ट में अपील हो सकती है।'","देवीदीन इस प्रश्न का आशय समझ गया। बोला,"
5,47,जालपा,"दादा, मेरा जी चाहता है, आज जज साहब से मिलकर सारा हाल कह दूं। शुरू से जो कुछ हुआ, सब कह सुनाऊं। मैं सबूत दे दूंगी, तब तो मानेंगे?",named_comma_quote,"फिर कुछ दूर तक दोनों चुपचाप चलते रहे। जालपा एक वृक्ष की छांह में खड़ी हो गई और बोली, 'दादा, मेरा जी चाहता है, आज जज साहब से मिलकर सारा हाल कह दूं। शुरू से जो कुछ हुआ, सब कह सुनाऊं। मैं सबूत दे दूंगी, तब तो मानेंगे?'","फिर कुछ दूर तक दोनों चुपचाप चलते रहे। जालपा एक वृक्ष की छांह में खड़ी हो गई और बोली,"
5,48,देवीदीन,जज साहब से!,named_comma_quote,"देवीदीन ने आंखें गाड़कर कहा,'जज साहब से!'","देवीदीन ने आंखें गाड़कर कहा,"
5,49,जालपा,हां!,named_comma_quote,"जालपा ने उसकी आंखों से आंखें मिलाकर कहा,'हां!'","जालपा ने उसकी आंखों से आंखें मिलाकर कहा,"
5,50,देवीदीन,"मैं इस बारे में कुछ नहीं कह सकता, बहूजी! हाकिम का वास्ताब न जाने चित पड़े या पट।",named_comma_quote,"देवीदीन ने दुविधा में पड़कर कहा, 'मैं इस बारे में कुछ नहीं कह सकता, बहूजी! हाकिम का वास्ताब न जाने चित पड़े या पट।'","देवीदीन ने दुविधा में पड़कर कहा,"
5,51,जालपा,क्या पुलिस वालों से यह नहीं कह सकता कि तुम्हारा गवाह बनाया हुआ है?,named_comma_quote,"जालपा बोली, 'क्या पुलिस वालों से यह नहीं कह सकता कि तुम्हारा गवाह बनाया हुआ है?'","जालपा बोली,"
5,52,Unknown,तो आज मैं उससे मिलूं। मिल तो लेता है?,unattributed_quote,'तो आज मैं उससे मिलूं। मिल तो लेता है?',
5,53,Unknown,"चलो, दरियार्ति करेंगे, लेकिन मामला जोखिम है।",unattributed_quote,"'चलो, दरियार्ति करेंगे, लेकिन मामला जोखिम है।'",
5,54,Unknown,"क्या जोखिम है, बताओ।",unattributed_quote,"'क्या जोखिम है, बताओ।'",
5,55,Unknown,भैया पर कहीं झूठी गवाही का इलजाम लगाकर सज़ा कर दे तो?,unattributed_quote,'भैया पर कहीं झूठी गवाही का इलजाम लगाकर सज़ा कर दे तो?',
5,56,Unknown,"तो कुछ नहीं। जो जैसा करे, वैसा भोगे।",unattributed_quote,"'तो कुछ नहीं। जो जैसा करे, वैसा भोगे।'",
5,57,देवीदीन,एक दूसरा खटका है। सबसे बडा डर उसी का है।,named_comma_quote,"देवीदीन ने जालपा की इस निर्ममता पर चकित होकर कहा, 'एक दूसरा खटका है। सबसे बडा डर उसी का है।'","देवीदीन ने जालपा की इस निर्ममता पर चकित होकर कहा,"
5,58,जालपा,वह क्या?,named_comma_quote,"जालपा ने उद्यत भाव से पूछा,'वह क्या?'","जालपा ने उद्यत भाव से पूछा,"
5,59,देवीदीन,"पुलिस वाले बडे कायर होते हैं। किसी का अपमान कर डालना तो इनकी दिल्लगी है। जज साहब पुलिस कमिसनर को बुलाकर यह सब हाल कहेंगे जरूर। कमिसनर सोचेंगे कि यह औरत सारा खेल बिगाड़ रही है। इसी को गिरफ्तार कर लो। जज अंगरेज़ होता तो निडर होकर पुलिस की तंबीह करता। हमारे भाई तो ऐसे मुकदमों में चूं करते डरते हैं कि कहीं हमारे ही ऊपर न बगावत का इलज़ाम लग जाय। यही बात है। जज साहब पुलिस कमिसनर से जरूर कह सुनावेंगे। फिर यह तो न होगा कि मुकदमा उठा लिया जाय। यही होगा कि कलई न खुलने पावे। कौन जाने तुम्हीं को गिरफ्तार कर लें। कभी-कभी जब गवाह बदलने लगता है, या कलई खोलने पर उताई हो जाता है, तो पुलिस वाले उसके घर वालों को दबाते हैं। इनकी माया अपरंपार है।",unquoted_dash,"देवीदीन-'पुलिस वाले बडे कायर होते हैं। किसी का अपमान कर डालना तो इनकी दिल्लगी है। जज साहब पुलिस कमिसनर को बुलाकर यह सब हाल कहेंगे जरूर। कमिसनर सोचेंगे कि यह औरत सारा खेल बिगाड़ रही है। इसी को गिरफ्तार कर लो। जज अंगरेज़ होता तो निडर होकर पुलिस की तंबीह करता। हमारे भाई तो ऐसे मुकदमों में चूं करते डरते हैं कि कहीं हमारे ही ऊपर न बगावत का इलज़ाम लग जाय। यही बात है। जज साहब पुलिस कमिसनर से जरूर कह सुनावेंगे। फिर यह तो न होगा कि मुकदमा उठा लिया जाय। यही होगा कि कलई न खुलने पावे। कौन जाने तुम्हीं को गिरफ्तार कर लें। कभी-कभी जब गवाह बदलने लगता है, या कलई खोलने पर उताई हो जाता है, तो पुलिस वाले उसके घर वालों को दबाते हैं। इनकी माया अपरंपार है।",देवीदीन
5,61,देवीदीन,अब तो उनसे मुलाकात न हो सकेगी?,named_comma_quote,"कुछ दूर आगे चलने के बाद उसने देवीदीन से पूछा, 'अब तो उनसे मुलाकात न हो सकेगी?'","कुछ दूर आगे चलने के बाद उसने देवीदीन से पूछा,"
5,62,देवीदीन,भैया से?,named_comma_quote,"देवीदीन ने पूछा, 'भैया से?'","देवीदीन ने पूछा,"
5,63,Unknown,किसी तरह नहीं। पहरा और कडाकर दिया गया होगा। चाहे उस बंगले को ही छोड़ दिया हो और अब उनसे मुलाकात हो भी गई तो क्या फायदा! अब किसी तरह अपना बयान नहीं बदल सकते। दरोगहलगी में फंस जाएंगे।,unattributed_quote,'किसी तरह नहीं। पहरा और कडाकर दिया गया होगा। चाहे उस बंगले को ही छोड़ दिया हो और अब उनसे मुलाकात हो भी गई तो क्या फायदा! अब किसी तरह अपना बयान नहीं बदल सकते। दरोगहलगी में फंस जाएंगे।',
5,64,जालपा,"मैं सोचती हूं, घर चली जाऊं। यहां रहकर अब क्या करूंगी।",named_comma_quote,"कुछ दूर और चलकर जालपा ने कहा, 'मैं सोचती हूं, घर चली जाऊं। यहां रहकर अब क्या करूंगी।'","कुछ दूर और चलकर जालपा ने कहा,"
5,65,देवीदीन,"नहीं बहू, अभी मैं न जाने दूंगा। तुम्हारे बिना अब हमारा यहां पल-भर भी जी न लगेगा। बुढिया तो रो-रोकर परान ही दे देगी। अभी यहां रहो, देखो क्या फैसला होता है। भैया को मैं इतना कच्चे दिल का आदमी नहीं समझता था। तुम लोगों की बिरादरी में सभी सरकारी नौकरी पर जान देते हैं। मुझे तो कोई सौ रूपया भी तलब दे, तो नौकरी न करूं। अपने रोजगार की बात ही दूसरी है। इसमें आदमी कभी थकता ही नहीं। नौकरी में जहां पांच से छः घंटे हुए कि देह टूटने लगी, जम्हाइयां आने लगीं।",named_comma_quote,"देवीदीन ने करूणा भरी हुई आंखों से उसे देखकर कहा, 'नहीं बहू, अभी मैं न जाने दूंगा। तुम्हारे बिना अब हमारा यहां पल-भर भी जी न लगेगा। बुढिया तो रो-रोकर परान ही दे देगी। अभी यहां रहो, देखो क्या फैसला होता है। भैया को मैं इतना कच्चे दिल का आदमी नहीं समझता था। तुम लोगों की बिरादरी में सभी सरकारी नौकरी पर जान देते हैं। मुझे तो कोई सौ रूपया भी तलब दे, तो नौकरी न करूं। अपने रोजगार की बात ही दूसरी है। इसमें आदमी कभी थकता ही नहीं। नौकरी में जहां पांच से छः घंटे हुए कि देह टूटने लगी, जम्हाइयां आने लगीं।'","देवीदीन ने करूणा भरी हुई आंखों से उसे देखकर कहा,"
5,66,जालपा,"तुम्हारा धन और वैभव तुम्हें मुबारक हो, जालपा उसे पैरों से ठुकराती है। तुम्हारे ख़ून से रंगे हुए हाथों के स्पर्श से मेरी देह में छाले पड़ जाएंगे। जिसने धन और पद के लिए अपनी आत्मा बेच दी, उसे मैं मनुष्य नहीं समझती। तुम मनुष्य नहीं हो, तुम पशु भी नहीं, तुम कायर हो! कायर!",named_dash_quote,"रास्ते में और कोई बातचीत न हुई। जालपा का मन अपनी हार मानने के लिए किसी तरह राज़ी न होता था। वह परास्त होकर भी दर्शक की भांति यह अभिनय देखने से संतुष्ट न हो सकती थी। वह उस अभिनय में सम्मिलित होने और अपना पार्ट खेलने के लिए विवश हो रही थी। क्या एक बार फिर रमा से मुलाकात न होगी? उसके ह्रदय में उन जलते हुए शब्दों का एक सागर उमड़ रहा था, जो वह उससे कहना चाहती थी। उसे रमा पर ज़रा भी दया न आती थी, उससे रत्ती-भर सहानुभूति न होती थी। वह उससे कहना चाहती थी, ' तुम्हारा धन और वैभव तुम्हें मुबारक हो, जालपा उसे पैरों से ठुकराती है। तुम्हारे ख़ून से रंगे हुए हाथों के स्पर्श से मेरी देह में छाले पड़ जाएंगे। जिसने धन और पद के लिए अपनी आत्मा बेच दी, उसे मैं मनुष्य नहीं समझती। तुम मनुष्य नहीं हो, तुम पशु भी नहीं, तुम कायर हो! कायर!'जालपा का मुखमंडल तेजमय हो गया। गर्व से उसकी गर्दन तन गई। यह शायद समझते होंगे, जालपा जिस वक्त मुझे झब्बेदार पगड़ी बांध घोड़े पर सवार देखेगी, फली न समाएगी। जालपा इतनी नीच नहीं है। तुम घोड़े पर नहीं, आसमान में उड़ो, मेरी आंखों में हत्यारे हो, पूरे हत्यारे, जिसने अपनी जान बचाने के लिए इतने आदमियों की गर्दन पर छुरी चलाई! मैंने चलते-चलते समझाया था, उसका कुछ असर न हुआ! ओह, तुम इतने धन-लोलुप हो, इतने लोभी! कोई हरज नहीं। जालपा अपने पालन और रक्षा के लिए तुम्हारी मुहताज नहीं।'इन्हीं संतप्त भावनाओं में डूबी हुई जालपा घर पहुंची।","रास्ते में और कोई बातचीत न हुई। जालपा का मन अपनी हार मानने के लिए किसी तरह राज़ी न होता था। वह परास्त होकर भी दर्शक की भांति यह अभिनय देखने से संतुष्ट न हो सकती थी। वह उस अभिनय में सम्मिलित होने और अपना पार्ट खेलने के लिए विवश हो रही थी। क्या एक बार फिर रमा से मुलाकात न होगी? उसके ह्रदय में उन जलते हुए शब्दों का एक सागर उमड़ रहा था, जो वह उससे कहना चाहती थी। उसे रमा पर ज़रा भी दया न आती थी, उससे रत्ती-भर सहानुभूति न होती थी। वह उससे कहना चाहती थी,"
5,70,देवीदीन,फैसला छपा है?,named_dash_quote,"पर टूट पड़ी और फैसला पढ़ने लगी। फैसला क्या था, एक ख़याली कहानी थी, जिसका प्रधान नायक रमा था। जज ने बार-बार उसकी प्रशंसा की थी। सारा अभियोग उसी के बयान पर अवलंबित था। देवीदीन ने पूछा, 'फैसला छपा है?'","पर टूट पड़ी और फैसला पढ़ने लगी। फैसला क्या था, एक ख़याली कहानी थी, जिसका प्रधान नायक रमा था। जज ने बार-बार उसकी प्रशंसा की थी। सारा अभियोग उसी के बयान पर अवलंबित था। देवीदीन ने पूछा,"
5,71,जालपा,"हां, है तो!",named_comma_quote,"जालपा ने पत्र पढ़ते हुए कहा, 'हां, है तो!'","जालपा ने पत्र पढ़ते हुए कहा,"
5,72,Unknown,"कोई नहीं छूटा, एक को फांसी की सज़ा मिली। पांच को दस-दस साल और आठ को पांच-पांच साल। उसी दिनेश को फांसी हुई।",unattributed_quote,"'कोई नहीं छूटा, एक को फांसी की सज़ा मिली। पांच को दस-दस साल और आठ को पांच-पांच साल। उसी दिनेश को फांसी हुई।'",
5,73,Unknown,इन बेचारों के बाल-बच्चों का न जाने क्या हाल होगा!,unattributed_quote,"यह कहकर उसने समाचार-पत्र रख दिया और एक लंबी सांस लेकर बोली, 'इन बेचारों के बाल-बच्चों का न जाने क्या हाल होगा!'","यह कहकर उसने समाचार-पत्र रख दिया और एक लंबी सांस लेकर बोली,"
5,74,देवीदीन,"तुमने जिस दिन मुझसे कहा था, उसी दिन से मैं इन बातों का पता लगा रहा हूं। आठ आदमियों का तो अभी तक ब्याह ही नहीं हुआ और उनके घर वाले मज़े में हैं। किसी बात की तकलीफ नहीं है। पांच आदमियों का विवाह तो हो गया है, पर घर के ख़ुश हैं। किसी के घर रोजगार होता है, कोई जमींदार है, किसी के बाप-चचा नौकर हैं। मैंने कई आदमियों से पूछा, यहां कुछ चंदा भी किया गया है। अगर उनके घर वाले लेना चाहें तो तो दिया जायगा। खाली दिनेस तबाह है। दो छोटे-छोटे बच्चे हैं, बुढिया, मां और औरत, यहां किसी स्यल में मास्टर था। एक मकान किराए पर लेकर रहता था। उसकी खराबी है।",named_comma_quote,"देवीदीन ने तत्परता से कहा, 'तुमने जिस दिन मुझसे कहा था, उसी दिन से मैं इन बातों का पता लगा रहा हूं। आठ आदमियों का तो अभी तक ब्याह ही नहीं हुआ और उनके घर वाले मज़े में हैं। किसी बात की तकलीफ नहीं है। पांच आदमियों का विवाह तो हो गया है, पर घर के ख़ुश हैं। किसी के घर रोजगार होता है, कोई जमींदार है, किसी के बाप-चचा नौकर हैं। मैंने कई आदमियों से पूछा, यहां कुछ चंदा भी किया गया है। अगर उनके घर वाले लेना चाहें तो तो दिया जायगा। खाली दिनेस तबाह है। दो छोटे-छोटे बच्चे हैं, बुढिया, मां और औरत, यहां किसी स्यल में मास्टर था। एक मकान किराए पर लेकर रहता था। उसकी खराबी है।'","देवीदीन ने तत्परता से कहा,"
5,75,जालपा,उसके घर का पता लगा सकते हो?,named_comma_quote,"जालपा ने पूछा, 'उसके घर का पता लगा सकते हो?'","जालपा ने पूछा,"
5,76,Unknown,"हां, उसका पता कौन मुसकिल है?",unattributed_quote,"'हां, उसका पता कौन मुसकिल है?'",
5,77,जालपा,"तो कब चलोगे? मैं भी तुम्हारे साथ चलूंगी। अभी तो वक्त है। चलो, ज़रा देखें।",named_dash_quote,"जालपा ने याचना-भाव से कहा, 'तो कब चलोगे? मैं भी तुम्हारे साथ चलूंगी। अभी तो वक्त है। चलो, ज़रा देखें।'","जालपा ने याचना-भाव से कहा,"
5,78,देवीदीन,पहले मैं देख तो आऊं। इस तरह मेरे साथ कहां-कहां दौड़ती फिरोगी?,named_comma_quote,"देवीदीन ने आपत्ति करके कहा, 'पहले मैं देख तो आऊं। इस तरह मेरे साथ कहां-कहां दौड़ती फिरोगी? '","देवीदीन ने आपत्ति करके कहा,"
5,80,रमानाथ,सब कुशल-मंगल है न दादी! दादा कहां गए हैं?,named_dash_quote,"शाम हो गई, पर देवीदीन न आया। जालपा बार-बार खिड़की पर खड़ी हो-होकर इधर-उधर देखती थी, पर देवीदीन का पता न था। धीरे-धीरे आठ बज गए और देवी न लौटा। सहसा एक मोटर द्वार पर आकर रूकी और रमा ने उतरकर जग्गो से पूछा, 'सब कुशल-मंगल है न दादी! दादा कहां गए हैं?'","शाम हो गई, पर देवीदीन न आया। जालपा बार-बार खिड़की पर खड़ी हो-होकर इधर-उधर देखती थी, पर देवीदीन का पता न था। धीरे-धीरे आठ बज गए और देवी न लौटा। सहसा एक मोटर द्वार पर आकर रूकी और रमा ने उतरकर जग्गो से पूछा,"
5,81,जग्गो,"कहीं गए होंगे, मैं नहीं जानती।",named_comma_quote,"जग्गो ने एक बार उसकी ओर देखा और मुंह उधर लिया। केवल इतना बोली, 'कहीं गए होंगे, मैं नहीं जानती।'","जग्गो ने एक बार उसकी ओर देखा और मुंह उधर लिया। केवल इतना बोली,"
5,82,रमानाथ,"यह तुम्हारे लिए लाया हूं दादी, पहनो, ढीली तो नहीं हैं?",named_comma_quote,"रमा ने सोने की चार चूडियां जेब से निकालकर जग्गो के पैरों पर रख दीं और बोला, 'यह तुम्हारे लिए लाया हूं दादी, पहनो, ढीली तो नहीं हैं?'","रमा ने सोने की चार चूडियां जेब से निकालकर जग्गो के पैरों पर रख दीं और बोला,"
5,84,रमानाथ,"दादी, मैंने बुराई की है और इसके लिए मरते दम तक लज्जित रहूंगा, लेकिन तुम मुझे जितना नीच समझ रही हो, उतना नीच नहीं हूं। अगर तुम्हें मालूम होता कि पुलिस ने मेरे साथ कैसी-कैसी सख्तियां कीं, मुझे कैसी-कैसी धमकियां दीं, तो तुम मुझे राक्षस न कहतीं।",named_comma_quote,"रमा सिर झुकाए चुपचाप सुनता रहा। तब आहत स्वर में बोला, 'दादी, मैंने बुराई की है और इसके लिए मरते दम तक लज्जित रहूंगा, लेकिन तुम मुझे जितना नीच समझ रही हो, उतना नीच नहीं हूं। अगर तुम्हें मालूम होता कि पुलिस ने मेरे साथ कैसी-कैसी सख्तियां कीं, मुझे कैसी-कैसी धमकियां दीं, तो तुम मुझे राक्षस न कहतीं।'","रमा सिर झुकाए चुपचाप सुनता रहा। तब आहत स्वर में बोला,"
5,86,रमानाथ,अभी तो कुछ नहीं ।,named_comma_quote,"रमा ने दबी हुई आवाज़ से कहा, 'अभी तो कुछ नहीं ।'","रमा ने दबी हुई आवाज़ से कहा,"
5,89,रमानाथ,तुम मेरा कोई उज्र न सुनोगी?,named_comma_quote,"रमा ने भिक्षुकों की भांति गिड़गिडाकर कहा, 'तुम मेरा कोई उज्र न सुनोगी?'","रमा ने भिक्षुकों की भांति गिड़गिडाकर कहा,"
5,90,जालपा,नहीं!,named_comma_quote,"जालपा ने अभिमान से कहा,'नहीं!'","जालपा ने अभिमान से कहा,"
5,91,Unknown,तो मैं मुंह में कालिख लगाकर कहीं निकल जाऊं?,unattributed_quote,'तो मैं मुंह में कालिख लगाकर कहीं निकल जाऊं?'',
5,92,Unknown,तुम मुझे क्षमा न करोगी?,unattributed_quote,'तुम मुझे क्षमा न करोगी?',
5,93,Unknown,"कभी नहीं, किसी तरह नहीं!",unattributed_quote,"'कभी नहीं, किसी तरह नहीं!'",
5,96,जग्गो,कल यहीं चले आना।,named_comma_quote,"जग्गो ने कुछ पिघलकर कहा, 'कल यहीं चले आना।'","जग्गो ने कुछ पिघलकर कहा,"
5,97,रमानाथ,"यहां अब न आऊंगा, दादी!",named_comma_quote,"रमा ने मोटर पर बैठते हुए कहा, 'यहां अब न आऊंगा, दादी!'","रमा ने मोटर पर बैठते हुए कहा,"
5,100,जग्गो,"तुम्हें इतना बेलगाम न होना चाहिए था, बहू! दिल पर चोट लगती है, तो आदमी को कुछ नहीं सूझता।",named_comma_quote,"जग्गो ने भर्त्सना की, 'तुम्हें इतना बेलगाम न होना चाहिए था, बहू! दिल पर चोट लगती है, तो आदमी को कुछ नहीं सूझता।'","जग्गो ने भर्त्सना की,"
5,101,जालपा,"ऐसे हयादार नहीं हैं, दादी! इसी सुख के लिए तो आत्मा बेचीब उनसे यह सुख भला क्या छोडा जायगा। पूछा नहीं, दादा से मिलकर क्या करोगे? वह होते तो ऐसी फटकार सुनाते कि छठी का दूध याद आ जाता।",named_comma_quote,"जालपा ने निष्ठुरता से कहा, 'ऐसे हयादार नहीं हैं, दादी! इसी सुख के लिए तो आत्मा बेचीब उनसे यह सुख भला क्या छोडा जायगा। पूछा नहीं, दादा से मिलकर क्या करोगे? वह होते तो ऐसी फटकार सुनाते कि छठी का दूध याद आ जाता।'","जालपा ने निष्ठुरता से कहा,"
5,102,जग्गो,"तुम्हारी जगह मैं होती तो मेरे मुंह से ऐसी बातें न निकलतीं। तुम्हारा हिया बडा कठोर है। दूसरा मर्द होता तो इस तरह चुपका-चुपका सुनता- मैं तो थर-थर कांप रही थी कि कहीं तुम्हारे ऊपर हाथ न चला दे, मगर है बडा गमखोर।",named_comma_quote,"जग्गो ने तिरस्कार के भाव से कहा, 'तुम्हारी जगह मैं होती तो मेरे मुंह से ऐसी बातें न निकलतीं। तुम्हारा हिया बडा कठोर है। दूसरा मर्द होता तो इस तरह चुपका-चुपका सुनता- मैं तो थर-थर कांप रही थी कि कहीं तुम्हारे ऊपर हाथ न चला दे, मगर है बडा गमखोर।'","जग्गो ने तिरस्कार के भाव से कहा,"
5,103,जालपा,"इसे गमखोरी नहीं कहते दादी, यह बेहयाई है।",named_comma_quote,"जालपा ने उसी निष्ठुरता से कहा, 'इसे गमखोरी नहीं कहते दादी, यह बेहयाई है।'","जालपा ने उसी निष्ठुरता से कहा,"
5,104,देवीदीन,क्या यहां भैया आए थे? मुझे मोटर पर रास्ते में दिखाई दिए थे।,named_comma_quote,"देवीदीन ने आकर कहा, 'क्या यहां भैया आए थे? मुझे मोटर पर रास्ते में दिखाई दिए थे।'","देवीदीन ने आकर कहा,"
5,105,जग्गो,"हां, आए थे। कह गए हैं, दादा मुझसे ज़रा मिल लें।",named_comma_quote,"जग्गो ने कहा, 'हां, आए थे। कह गए हैं, दादा मुझसे ज़रा मिल लें।'","जग्गो ने कहा,"
5,106,देवीदीन,मिल लूंगा। यहां कोई बातचीत हुई?,named_comma_quote,"देवीदीन ने उदासीन होकर कहा, 'मिल लूंगा। यहां कोई बातचीत हुई?'","देवीदीन ने उदासीन होकर कहा,"
5,107,जग्गो,"बातचीत क्या हुई, पहले मैंने पूजा की, मैं चुप हुई तो बहू ने अच्छी तरह फल-माला चढ़ाई।",named_comma_quote,"जग्गो ने पछताते हुए कहा, 'बातचीत क्या हुई, पहले मैंने पूजा की, मैं चुप हुई तो बहू ने अच्छी तरह फल-माला चढ़ाई।'","जग्गो ने पछताते हुए कहा,"
5,108,जालपा,"आदमी जैसा करेगा, वैसा भोगेगा।",named_comma_quote,"जालपा ने सिर नीचा करके कहा, 'आदमी जैसा करेगा, वैसा भोगेगा।'","जालपा ने सिर नीचा करके कहा,"
5,109,जग्गो,अपना ही समझकर तो मिलने आए थे।,named_dash_quote,जग्गो-'अपना ही समझकर तो मिलने आए थे।',जग्गो-
5,110,जालपा,"कोई बुलाने तो न गया था। कुछ दिनेश का पता चला, दादा!",named_dash_quote,"जालपा-'कोई बुलाने तो न गया था। कुछ दिनेश का पता चला, दादा!'",जालपा-
5,111,देवीदीन,"हां, सब पूछ आया। हाबडे में घर है। पता-ठिकाना सब मालूम हो गया।",named_dash_quote,"देवीदीन-'हां, सब पूछ आया। हाबडे में घर है। पता-ठिकाना सब मालूम हो गया।'",देवीदीन-
5,112,जालपा,इस वक्त चलोगे या कल किसी वक्त?,named_dash_quote,"जालपा ने डरते-डरते कहा, 'इस वक्त चलोगे या कल किसी वक्त?'","जालपा ने डरते-डरते कहा,"
5,113,देवीदीन,"तुम्हारी जैसी मरजीब जी जाहे इसी बखत चलो, मैं तैयार हूं।",unquoted_dash,"देवीदीन-'तुम्हारी जैसी मरजीब जी जाहे इसी बखत चलो, मैं तैयार हूं।",देवीदीन
5,114,देवीदीन,इन कामों में थकान नहीं होती बेटी।,named_dash_quote,देवीदीन-'इन कामों में थकान नहीं होती बेटी।',देवीदीन-
5,118,जज,"हुजूर तो बहुत दूर निकल आए। यहां से तो छः-सात मील से कम न होगा, वह उधर चौरंगी की ओर रहते हैं।",named_dash_quote,"उसने मोटर रोकी और इधर-उधर देखने लगा। कुछ समझ में न आया, कहां आ गया। सहसा एक चौकीदार नज़र आया। उसने उससे जज साहब के बंगले का पता पूछाब चौकीदार हंसकर बोला, 'हुजूर तो बहुत दूर निकल आए। यहां से तो छः-सात मील से कम न होगा, वह उधर चौरंगी की ओर रहते हैं।'","उसने मोटर रोकी और इधर-उधर देखने लगा। कुछ समझ में न आया, कहां आ गया। सहसा एक चौकीदार नज़र आया। उसने उससे जज साहब के बंगले का पता पूछाब चौकीदार हंसकर बोला,"
5,121,दारोग़ा,"क्या अभी तक बंगले पर नहीं गए? इतनी तेज़ मोटर न चलाया कीजिए। कोई वारदात हो जायगी। कहिए, बेगम साहब से मुलाकात हुई? मैंने तो समझा था, वह भी आपके साथ होंगी। ख़ुश तो ख़ूब हुई होंगी!",named_comma_quote,"दारोग़ा ने पूछा, 'क्या अभी तक बंगले पर नहीं गए? इतनी तेज़ मोटर न चलाया कीजिए। कोई वारदात हो जायगी। कहिए, बेगम साहब से मुलाकात हुई? मैंने तो समझा था, वह भी आपके साथ होंगी। ख़ुश तो ख़ूब हुई होंगी!'","दारोग़ा ने पूछा,"
5,122,Unknown,"जी हां, बहुत ख़ुश हुई।",unattributed_quote,"रमा को ऐसा क्रोध आया कि मूंछें उखाड़ लूं, पर बात बनाकर बोला, 'जी हां, बहुत ख़ुश हुई।'","रमा को ऐसा क्रोध आया कि मूंछें उखाड़ लूं, पर बात बनाकर बोला,"
5,123,Unknown,"मैंने कहा था न, औरतों की नाराज़ी की वही दवा है। आप कांपे जाते थे।",unattributed_quote,"'मैंने कहा था न, औरतों की नाराज़ी की वही दवा है। आप कांपे जाते थे। '",
5,124,Unknown,"चलिए, मैं भी आपके साथ चलता हूं। एक बाज़ी ताश उड़े और ज़रा सरूर जमेब डिप्टी साहब और इंस्पेक्टर साहब आएंगे। ज़ोहरा को बुलवा लेंगे। दो घड़ी की बहार रहेगी। अब आप मिसेज़ रमानाथ को बंगले ही पर क्यों नहीं बुला लेते। वहां उस खटिक के घर पड़ी हुई हैं।",unattributed_quote,"'चलिए, मैं भी आपके साथ चलता हूं। एक बाज़ी ताश उड़े और ज़रा सरूर जमेब डिप्टी साहब और इंस्पेक्टर साहब आएंगे। ज़ोहरा को बुलवा लेंगे। दो घड़ी की बहार रहेगी। अब आप मिसेज़ रमानाथ को बंगले ही पर क्यों नहीं बुला लेते। वहां उस खटिक के घर पड़ी हुई हैं।'",
5,125,रमानाथ,अभी तो मुझे एक जरूरत से दूसरी तरफ जाना है। आप मोटर ले जाएं ।मैं पांव-पांव चला आऊंगा।,named_comma_quote,"रमा ने कहा, 'अभी तो मुझे एक जरूरत से दूसरी तरफ जाना है। आप मोटर ले जाएं ।मैं पांव-पांव चला आऊंगा।'","रमा ने कहा,"
5,126,दारोग़ा,"नहीं साहब, मुझे कोई जल्दी नहीं है। आप जहां चलना चाहें, चलिए। मैं ज़रा भी मुख़िल न हूंगा। रमा ने कुछ चिढ़कर कहा,लेकिन मैं अभी बंगले पर नहीं जा रहा हूं।",named_comma_quote,"दारोग़ा ने मोटर के अंदर जाकर कहा, 'नहीं साहब, मुझे कोई जल्दी नहीं है। आप जहां चलना चाहें, चलिए। मैं ज़रा भी मुख़िल न हूंगा। रमा ने कुछ चिढ़कर कहा,लेकिन मैं अभी बंगले पर नहीं जा रहा हूं।'","दारोग़ा ने मोटर के अंदर जाकर कहा,"
5,127,दारोग़ा,"मैं समझ रहा हूं, लेकिन मैं ज़रा भी मुख़िल न हूंगा। वही बेगम साहब---",named_comma_quote,"दारोग़ा ने मुस्कराकर कहा, 'मैं समझ रहा हूं, लेकिन मैं ज़रा भी मुख़िल न हूंगा। वही बेगम साहब---'","दारोग़ा ने मुस्कराकर कहा,"
5,128,रमानाथ,"जी नहीं, वहां मुझे नहीं जाना है।",named_comma_quote,"रमा ने बात काटकर कहा, 'जी नहीं, वहां मुझे नहीं जाना है।'","रमा ने बात काटकर कहा,"
5,129,दारोग़ा,तो क्या कोई दूसरा शिकार है? बंगले पर भी आज कुछ कम बहार न रहेगी। वहीं आपके दिल-बहलाव का कुछ सामान हाज़िर हो जायगा।,named_dash_quote,दारोग़ा -'तो क्या कोई दूसरा शिकार है? बंगले पर भी आज कुछ कम बहार न रहेगी। वहीं आपके दिल-बहलाव का कुछ सामान हाज़िर हो जायगा।',दारोग़ा -
5,130,रमानाथ,क्या आप मुझे शोहदा समझते हैं?मैं इतना जलील नहीं हूं।,named_comma_quote,"रमा ने एकबारगी आंखें लाल करके कहा, 'क्या आप मुझे शोहदा समझते हैं?मैं इतना जलील नहीं हूं।'","रमा ने एकबारगी आंखें लाल करके कहा,"
5,131,दारोग़ा,"अच्छा साहब, गुनाह हुआ, माफ कीजिए। अब कभी ऐसी गुस्ताखी न होगी लेकिन अभी आप अपने को खतरे से बाहर न समझेंब मैं आपको किसी ऐसी जगह न जाने दूंगा, जहां मुझे पूरा इत्मीनान न होगा। आपको ख़बर नहीं, आपके कितने दुश्मन हैं। मैं आप ही के फायदे के ख़याल से कह रहा हूं।",named_comma_quote,"दारोग़ा ने कुछ लज्जित होकर कहा, 'अच्छा साहब, गुनाह हुआ, माफ कीजिए। अब कभी ऐसी गुस्ताखी न होगी लेकिन अभी आप अपने को खतरे से बाहर न समझेंब मैं आपको किसी ऐसी जगह न जाने दूंगा, जहां मुझे पूरा इत्मीनान न होगा। आपको ख़बर नहीं, आपके कितने दुश्मन हैं। मैं आप ही के फायदे के ख़याल से कह रहा हूं।'","दारोग़ा ने कुछ लज्जित होकर कहा,"
5,132,रमानाथ,"बेहतर हो कि आप मेरे फायदे का इतना ख़याल न करें। आप लोगों ने मुझे मलियामेट कर दिया और अब भी मेरा गला नहीं छोड़ते। मुझे अब अपने हाल पर मरने दीजिए।मैं इस गुलामी से तंग आ गया हूं। मैं मां के पीछे-पीछे चलने वाला बच्चा नहीं बनना चाहता। आप अपनी मोटर चाहते हैं, शौक से ले जाइए। मोटर की सवारी और बंगले में रहने के लिए पंद्रह आदमियों को कुर्बान करना पडाहै। कोई जगह पा जाऊं, तो शायद पंद्रह सौ आदमियों को कुर्बान करना पड़े। मेरी छाती इतनी मजबूत नहीं है। आप अपनी मोटर ले जाइए।",named_comma_quote,"रमा ने होंठ चबाकर कहा, 'बेहतर हो कि आप मेरे फायदे का इतना ख़याल न करें। आप लोगों ने मुझे मलियामेट कर दिया और अब भी मेरा गला नहीं छोड़ते। मुझे अब अपने हाल पर मरने दीजिए।मैं इस गुलामी से तंग आ गया हूं। मैं मां के पीछे-पीछे चलने वाला बच्चा नहीं बनना चाहता। आप अपनी मोटर चाहते हैं, शौक से ले जाइए। मोटर की सवारी और बंगले में रहने के लिए पंद्रह आदमियों को कुर्बान करना पडाहै। कोई जगह पा जाऊं, तो शायद पंद्रह सौ आदमियों को कुर्बान करना पड़े। मेरी छाती इतनी मजबूत नहीं है। आप अपनी मोटर ले जाइए।'","रमा ने होंठ चबाकर कहा,"
5,134,दारोग़ा,"ज़रा सुनिए, बात तो सुनिए,",named_comma_quote,"दारोग़ा ने कई बार पुकारा, 'ज़रा सुनिए, बात तो सुनिए, ' लेकिन उसने पीछे फिरकर देखा तक नहीं। ज़रा और आगे चलकर वह एक मोड़ से घूम गया। इसी सडक। पर जज का बंगला था। सड़क पर कोई आदमी न मिला। रमा कभी इस पटरी पर और कभी उस पटरी पर जा-जाकर बंगलों के नंबर पढ़ता चला जाता था। सहसा एक नंबर देखकर वह रूक गया। एक मिनट तक खडा देखता रहा कि कोई निकले तो उससे पूछूं साहब हैं या नहीं। अंदर जाने की उसकी हिम्मत","दारोग़ा ने कई बार पुकारा,"
5,139,दारोग़ा,आज तो आप ख़ूब सोए बाबू साहब! कल कब लौटे थे ?,named_comma_quote,"दारोग़ा ने कहा, 'आज तो आप ख़ूब सोए बाबू साहब! कल कब लौटे थे ?'","दारोग़ा ने कहा,"
5,140,रमानाथ,ज़रा देर बाद लौट आया था। इस मुकदमे की अपील तो हाईकोर्ट में होगी न?,named_comma_quote,"रमा ने एक कुर्सी पर बैठकर कहा, 'ज़रा देर बाद लौट आया था। इस मुकदमे की अपील तो हाईकोर्ट में होगी न?'","रमा ने एक कुर्सी पर बैठकर कहा,"
5,141,इंस्पेक्टर,"अपील क्या होगी, ज़ाब्ते की पाबंदी होगी। आपने मुकदमे को इतना मज़बूत कर दिया है कि वह अब किसी के हिलाए हिल नहीं सकता हलफ से कहता हूं, आपने कमाल कर दिया। अब आप उधर से बेफिक्र हो जाइए। हां, अभी जब तक फैसला न हो जाय, यह मुनासिब होगा कि आपकी हिफाजत का ख़याल रक्खा जाय। इसलिए फिर पहरे का इंतज़ाम कर दिया गया है। इधर हाईकोर्ट से फैसला हुआ, उधार आपको जगह मिली।",named_comma_quote,"इंस्पेक्टर, 'अपील क्या होगी, ज़ाब्ते की पाबंदी होगी। आपने मुकदमे को इतना मज़बूत कर दिया है कि वह अब किसी के हिलाए हिल नहीं सकता हलफ से कहता हूं, आपने कमाल कर दिया। अब आप उधर से बेफिक्र हो जाइए। हां, अभी जब तक फैसला न हो जाय, यह मुनासिब होगा कि आपकी हिफाजत का ख़याल रक्खा जाय। इसलिए फिर पहरे का इंतज़ाम कर दिया गया है। इधर हाईकोर्ट से फैसला हुआ, उधार आपको जगह मिली।'","इंस्पेक्टर,"
5,144,दारोग़ा,रात बहुत पी गए थे क्या? आपके हक में अच्छा न होगा!,named_comma_quote,"दारोग़ा ने कहा, 'रात बहुत पी गए थे क्या? आपके हक में अच्छा न होगा!'","दारोग़ा ने कहा,"
5,145,इंस्पेक्टर,"हलफ से कहता हूं, कमिश्नर साहब को मालूम हो जायगा, तो बहुत नाराज होंगे।",named_comma_quote,"इंस्पेक्टर, 'हलफ से कहता हूं, कमिश्नर साहब को मालूम हो जायगा, तो बहुत नाराज होंगे।'","इंस्पेक्टर,"
5,146,डिप्टी,इसका कुछ मतलब हमारे समझ में नहीं आया ।इसका क्या मतलब है?,named_comma_quote,"डिप्टी, 'इसका कुछ मतलब हमारे समझ में नहीं आया ।इसका क्या मतलब है?'","डिप्टी,"
5,147,रमानाथ,इसका यह मतलब है कि मुझे इस डी. ओ. की जरूरत नहीं है और न मैं नौकरी चाहता हूं। मैं आज ही यहां से चला जाऊंगा।,named_dash_quote,"रमानाथ-'इसका यह मतलब है कि मुझे इस डी. ओ. की जरूरत नहीं है और न मैं नौकरी चाहता हूं। मैं आज ही यहां से चला जाऊंगा।' डिप्टी-'जब तक हाईकोर्ट का फैसला न हो जाय, तब तक आप कहीं नहीं जा सकता।'",रमानाथ-
5,147,डिप्टी,"जब तक हाईकोर्ट का फैसला न हो जाय, तब तक आप कहीं नहीं जा सकता।",named_dash_quote,"रमानाथ-'इसका यह मतलब है कि मुझे इस डी. ओ. की जरूरत नहीं है और न मैं नौकरी चाहता हूं। मैं आज ही यहां से चला जाऊंगा।' डिप्टी-'जब तक हाईकोर्ट का फैसला न हो जाय, तब तक आप कहीं नहीं जा सकता।'",डिप्टी-
5,148,डिप्टी,कमिश्नर साहब का यह हुक्म है।,named_dash_quote,डिप्टी-'कमिश्नर साहब का यह हुक्म है।',डिप्टी-
5,149,रमानाथ,मैं किसी का गुश्लाम नहीं हूं।,unquoted_dash,रमानाथ-'मैं किसी का गुश्लाम नहीं हूं।,रमानाथ
5,150,इंस्पेक्टर,"बाबू रमानाथ, आप क्यों बना-बनाया खेल बिगाड़ रहे हैं?जो कुछ होना था, वह हो गया। दस-पांच दिन में हाईकोर्ट से फैसले की तसदीक हो जायगी आपकी बेहतरी इसी में है कि जो सिला मिल रहा है, उसे ख़ुशी से लीजिए और आराम से जिंदगी के दिन बसर कीजिए। ख़ुदा ने चाहा, तो एक दिन आप भी किसी ऊंचे ओहदे पर पहुंच जाएंगे। इससे क्या फायदा कि अफसरों को नाराज़ कीजिए और कैद की मुसीबतें झेलिए। हलफ से कहता हूं, अफसरों की ज़रा-सी निगाह बदल जाय, तो आपका कहीं पता न लगे। हलफ से कहता हूं, एक इशारे में आपको दस साल की सज़ा हो जाय। आप हैं किस ख़याल में? हम आपके साथ शरारत नहीं करना चाहते। हां, अगर आप हमें सख्ती करने पर मजबूर करेंगे, तो हमें सख्ती करनी पड़ेगी। जेल को आसान न समझिएगा। ख़ुदा दोज़ख में ले जाए, पर जेल की सज़ा न दे। मार-धाड़, गाली-गुतरि वह तो वहां की मामूली सज़ा है। चक्की में जोत दिया तो मौत ही आ गई। हलफ से कहता हूं, दोज़ख से बदतर है जेल!",named_dash_quote,"इंस्पेक्टर-'बाबू रमानाथ, आप क्यों बना-बनाया खेल बिगाड़ रहे हैं?जो कुछ होना था, वह हो गया। दस-पांच दिन में हाईकोर्ट से फैसले की तसदीक हो जायगी आपकी बेहतरी इसी में है कि जो सिला मिल रहा है, उसे ख़ुशी से लीजिए और आराम से जिंदगी के दिन बसर कीजिए। ख़ुदा ने चाहा, तो एक दिन आप भी किसी ऊंचे ओहदे पर पहुंच जाएंगे। इससे क्या फायदा कि अफसरों को नाराज़ कीजिए और कैद की मुसीबतें झेलिए। हलफ से कहता हूं, अफसरों की ज़रा-सी निगाह बदल जाय, तो आपका कहीं पता न लगे। हलफ से कहता हूं, एक इशारे में आपको दस साल की सज़ा हो जाय। आप हैं किस ख़याल में? हम आपके साथ शरारत नहीं करना चाहते। हां, अगर आप हमें सख्ती करने पर मजबूर करेंगे, तो हमें सख्ती करनी पड़ेगी। जेल को आसान न समझिएगा। ख़ुदा दोज़ख में ले जाए, पर जेल की सज़ा न दे। मार-धाड़, गाली-गुतरि वह तो वहां की मामूली सज़ा है। चक्की में जोत दिया तो मौत ही आ गई। हलफ से कहता हूं, दोज़ख से बदतर है जेल! '",इंस्पेक्टर-
5,151,दारोग़ा,यह बेचारे अपनी बेगम साहब से माज़ूर हैं ब वह शायद इनके जान की गाहक हो रही हैं। उनसे इनकी कोर दबती है ।,named_dash_quote,दारोग़ा -'यह बेचारे अपनी बेगम साहब से माज़ूर हैं ब वह शायद इनके जान की गाहक हो रही हैं। उनसे इनकी कोर दबती है ।',दारोग़ा -
5,152,इंस्पेक्टर,"क्या हुआ, कल तो वह हार दिया था न? फिर भी राज़ी नहीं हुई ?",named_comma_quote,"इंस्पेक्टर, 'क्या हुआ, कल तो वह हार दिया था न? फिर भी राज़ी नहीं हुई ?'","इंस्पेक्टर,"
5,154,इंस्पेक्टर,"अच्छा, इसे उन्होंने नहीं कबूल किया।",named_dash_quote,"इंस्पेक्टर-- 'अच्छा, इसे उन्होंने नहीं कबूल किया।'",इंस्पेक्टर--
5,155,डिप्टी,कोई प्राउड लेडी है ।,named_dash_quote,डिप्टी-'कोई प्राउड लेडी है ।',डिप्टी-
5,156,इंस्पेक्टर,कुछ उनकी भी मिज़ाज़-पुरसी करने की जरूरत होगी ।,named_dash_quote,इंस्पेक्टर-'कुछ उनकी भी मिज़ाज़-पुरसी करने की जरूरत होगी ।',इंस्पेक्टर-
5,157,दारोग़ा,"यह तो बाबू साहब के रंग-ढंग और सलीके पर मुनहसर है। अगर आप ख्वामख्वाह हमें मज़बूर न करेंगे, तो हम आपके पीछे न पडेंगे ।",named_dash_quote,"दारोग़ा -'यह तो बाबू साहब के रंग-ढंग और सलीके पर मुनहसर है। अगर आप ख्वामख्वाह हमें मज़बूर न करेंगे, तो हम आपके पीछे न पडेंगे ।'",दारोग़ा -
5,158,डिप्टी,उस खटिक से भी मुचलका ले लेना चाहिए ।,named_dash_quote,डिप्टी-'उस खटिक से भी मुचलका ले लेना चाहिए ।',डिप्टी-
5,159,रमानाथ,आख़िर आप लोग मुझसे क्या चाहते हैं?,named_dash_quote,"रमानाथ के सामने एक नई समस्या आ खड़ी हुई, पहली से कहीं जटिल, कहीं भीषण। संभव था, वह अपने को कर्तव्य की वेदी पर बलिदान कर देता, दो-चार साल की सज़ा के लिए अपने को तैयार कर लेता। शायद इस समय उसने अपने आत्म-समर्पण का निश्चय कर लिया था, पर अपने साथ जालपा को भी संकट में डालने का साहस वह किसी तरह न कर सकता था। वह पुलिस के शिकंजे में कुछ इस तरह दब गया था कि अब उसे बेदाग निकल जाने का कोई मार्ग दिखाई न देता था ।उसने देखा कि इस लडाई में मैं पेश नहीं पा सकता पुलिस सर्वशक्तिमान है, वह मुझे जिस तरह चाहे दबा सकती है । उसके मिज़ाज़ की तेज़ी गायब हो गई। विवश होकर बोला, 'आख़िर आप लोग मुझसे क्या चाहते हैं? '","रमानाथ के सामने एक नई समस्या आ खड़ी हुई, पहली से कहीं जटिल, कहीं भीषण। संभव था, वह अपने को कर्तव्य की वेदी पर बलिदान कर देता, दो-चार साल की सज़ा के लिए अपने को तैयार कर लेता। शायद इस समय उसने अपने आत्म-समर्पण का निश्चय कर लिया था, पर अपने साथ जालपा को भी संकट में डालने का साहस वह किसी तरह न कर सकता था। वह पुलिस के शिकंजे में कुछ इस तरह दब गया था कि अब उसे बेदाग निकल जाने का कोई मार्ग दिखाई न देता था ।उसने देखा कि इस लडाई में मैं पेश नहीं पा सकता पुलिस सर्वशक्तिमान है, वह मुझे जिस तरह चाहे दबा सकती है । उसके मिज़ाज़ की तेज़ी गायब हो गई। विवश होकर बोला,"
5,160,इंस्पेक्टर,आ गया पंजे में,named_comma_quote,"इंस्पेक्टर ने दारोग़ा की ओर देखकर आंखें मारीं, मानो कह रहे हों, 'आ गया पंजे में', और बोले, 'बस इतना ही कि आप हमारे मेहमान बने रहें, और मुकदमे के हाईकोर्ट में तय हो जाने के बाद यहां से रूख़सत हो जाएं । क्योंकि उसके बाद हम आपकी हिफाज़त के ज़िम्मेदार न होंगे। अगर आप कोई सर्टिफिकेट लेना चाहेंगे, तो वह दे दी जाएगी, लेकिन उसे लेने या न लेने का आपको पूरा अख्तियार है। अगर आप होशियार हैं, तो उसे लेकर फायदा उठाएंगे, नहीं इधरउधर के धक्के खाएंगे। आपके ऊपर गुनाह बेलज्ज़त की मसल सादिक आयगी। इसके सिवा हम आपसे और कुछ नहीं चाहते ब हलफ से कहता हूं, हर एक चीज़ जिसकी आपको ख्वाहिश हो, यहां हाज़िर कर दी जाएगी, लेकिन जब तक मुकदमा खत्म हो जाए, आप आज़ाद नहीं हो सकते ।","इंस्पेक्टर ने दारोग़ा की ओर देखकर आंखें मारीं, मानो कह रहे हों,"
5,161,रमानाथ,"सैर करने तो जा सकूंगा, या वह भी नहीं?",named_comma_quote,"रमानाथ ने दीनता के साथ पूछा, 'सैर करने तो जा सकूंगा, या वह भी नहीं?'","रमानाथ ने दीनता के साथ पूछा,"
5,162,इंस्पेक्टर,जी नहीं!,named_comma_quote,"इंस्पेक्टर ने सूत्र रूप से कहा, 'जी नहीं! '","इंस्पेक्टर ने सूत्र रूप से कहा,"
5,163,दारोग़ा,"आपको वह आज़ादी दी गई थी, पर आपने उसका बेजा इस्तेमाल किया ब जब तक इसका इत्मीनान न हो जाय कि आप उसका जायज इस्तेमाल कर सकते हैं या नहीं, आप उस हक से महरूम रहेंगे।",named_comma_quote,"दारोग़ा ने उस सूत्र की व्याख्या की, 'आपको वह आज़ादी दी गई थी, पर आपने उसका बेजा इस्तेमाल किया ब जब तक इसका इत्मीनान न हो जाय कि आप उसका जायज इस्तेमाल कर सकते हैं या नहीं, आप उस हक से महरूम रहेंगे।'","दारोग़ा ने उस सूत्र की व्याख्या की,"
5,166,ज़ोहरा,"मैं डरता हूं, कहीं तुमसे प्रेम न बढ़जाय। उसका नतीजा इसके सिवा और क्या होगा कि रो-रोकर ज़िंदगी काटूं, तुमसे वफा की उम्मीद और क्या हो सकती है!",named_comma_quote,"एक दिन उसने बडी हसरत के साथ ज़ोहरा से कहा, 'मैं डरता हूं, कहीं तुमसे प्रेम न बढ़जाय। उसका नतीजा इसके सिवा और क्या होगा कि रो-रोकर ज़िंदगी काटूं, तुमसे वफा की उम्मीद और क्या हो सकती है!'","एक दिन उसने बडी हसरत के साथ ज़ोहरा से कहा,"
5,168,रमानाथ,क्या इसमें कोई शक है?,named_comma_quote,"रमा ने आपत्ति करके पूछा, 'क्या इसमें कोई शक है? '","रमा ने आपत्ति करके पूछा,"
5,169,ज़ोहरा,,named_dash_quote,"ज़ोहरा -' 'नहीं, ज़रा भी नहीं ब आप लोग हमारे पास मुहब्बत से लबालब भरे दिल लेकर आते हैं, पर हम उसकी ज़रा भी कद्र नहीं करतीं ब यही बात है न? '",ज़ोहरा -
5,170,ज़ोहरा,"मुआफ कीजिएगा, आप मरदों की तरफदारी कर रहे हैं। हक यह है कि वहां आप लोग दिल-बहलाव के लिए जाते हैं, महज़ ग़म ग़लत करने के लिए, महज़ आनंद उठाने के लिए। जब आपको वफा की तलाश ही नहीं होती, तो वह मिले क्यों कर- लेकिन इतना मैं जानती हूं कि हममें जितनी बेचारियां मरदों की बेवफाई से निराश होकर अपना आराम-चैन खो बैठती हैं, उनका पता अगर दुनिया को चले, तो आंखें खुल जायं। यह हमारी भूल है कि तमाशबीनों से वफा चाहते हैं, चील के घोंसले में मांस ढूंढ़ते हैं, पर प्यासा आदमी अंधे कुएं की तरफ दौडे।, तो मेरे ख़याल में उसका कोई कसूर नहीं।",named_dash_quote,"ज़ोहरा--'मुआफ कीजिएगा, आप मरदों की तरफदारी कर रहे हैं। हक यह है कि वहां आप लोग दिल-बहलाव के लिए जाते हैं, महज़ ग़म ग़लत करने के लिए, महज़ आनंद उठाने के लिए। जब आपको वफा की तलाश ही नहीं होती, तो वह मिले क्यों कर- लेकिन इतना मैं जानती हूं कि हममें जितनी बेचारियां मरदों की बेवफाई से निराश होकर अपना आराम-चैन खो बैठती हैं, उनका पता अगर दुनिया को चले, तो आंखें खुल जायं। यह हमारी भूल है कि तमाशबीनों से वफा चाहते हैं, चील के घोंसले में मांस ढूंढ़ते हैं, पर प्यासा आदमी अंधे कुएं की तरफ दौडे।, तो मेरे ख़याल में उसका कोई कसूर नहीं।'",ज़ोहरा--
5,171,ज़ोहरा,"आज तो हज़रत ख़ूब मजे में आए ब ख़ुदा ने चाहा, तो दो-चार दिन के बाद बीवी का नाम भी न लें।",named_comma_quote,"उस दिन रात को चलते वक्त ज़ोहरा ने दारोग़ा को ख़ुशख़बरी दी, 'आज तो हज़रत ख़ूब मजे में आए ब ख़ुदा ने चाहा, तो दो-चार दिन के बाद बीवी का नाम भी न लें।'","उस दिन रात को चलते वक्त ज़ोहरा ने दारोग़ा को ख़ुशख़बरी दी,"
5,172,दारोग़ा,इसीलिए तो तुम्हें बुलाया था। मज़ा तो जब है कि बीवी यहां से चली जाए। फिर हमें कोई ग़म न रहेगा। मालूम होता है स्वराज्यवालों ने उस औरत को मिला लिया है। यह सब एक ही शैतान हैं।,named_comma_quote,"दारोग़ा ने ख़ुश होकर कहा, 'इसीलिए तो तुम्हें बुलाया था। मज़ा तो जब है कि बीवी यहां से चली जाए। फिर हमें कोई ग़म न रहेगा। मालूम होता है स्वराज्यवालों ने उस औरत को मिला लिया है। यह सब एक ही शैतान हैं।'","दारोग़ा ने ख़ुश होकर कहा,"
5,173,ज़ोहरा,ज़ोहरा -,named_dash_quote,"ज़ोहरा की आमोदरफ्त बढ़ने लगी, यहां तक कि रमा ख़ुद अपने चकमे में आ गया। उसने ज़ोहरा से प्रेम जताकर अफसरों की नजर में अपनी साख जमानी चाही थी, पर जैसे बच्चे खेल में रो पड़ते हैं, वैसे ही उसका प्रेमाभिनय भी प्रेमोन्माद बन बैठा ज़ोहरा उसे अब वफा और मुहब्बत की देवी मालूम होती थी। वह जालपा की-सी सुंदरी न सही, बातों में उससे कहीं चतुर, हाव-भाव में कहीं कुशल, सम्मोहन-कला में कहीं पटु थी। रमा के ह्रदय में नए-नए मनसूबे पैदा होने लगे। एक दिन उसने ज़ोहरा से कहा, 'ज़ोहरा -' जुदाई का समय आ रहा है । दो-चार दिन में मुझे यहां से चला जाना पडेगा । फिर तुम्हें क्यों मेरी याद आने लगी?'","ज़ोहरा की आमोदरफ्त बढ़ने लगी, यहां तक कि रमा ख़ुद अपने चकमे में आ गया। उसने ज़ोहरा से प्रेम जताकर अफसरों की नजर में अपनी साख जमानी चाही थी, पर जैसे बच्चे खेल में रो पड़ते हैं, वैसे ही उसका प्रेमाभिनय भी प्रेमोन्माद बन बैठा ज़ोहरा उसे अब वफा और मुहब्बत की देवी मालूम होती थी। वह जालपा की-सी सुंदरी न सही, बातों में उससे कहीं चतुर, हाव-भाव में कहीं कुशल, सम्मोहन-कला में कहीं पटु थी। रमा के ह्रदय में नए-नए मनसूबे पैदा होने लगे। एक दिन उसने ज़ोहरा से कहा,"
5,174,ज़ोहरा,मैं तुम्हें न जाने दूंगी। यहीं कोई अच्छी-सी नौकरी कर लेना। फिर हम-तुम आराम से रहेंगे ।,named_comma_quote,"ज़ोहरा ने कहा, 'मैं तुम्हें न जाने दूंगी। यहीं कोई अच्छी-सी नौकरी कर लेना। फिर हम-तुम आराम से रहेंगे ।'","ज़ोहरा ने कहा,"
5,175,रमानाथ,"दिल से कहती हो ज़ोहरा? देखो, तुम्हें मेरे सिर की कसम, दग़ा मत देना।",named_comma_quote,"रमा ने अनुरक्त होकर कहा, 'दिल से कहती हो ज़ोहरा? देखो, तुम्हें मेरे सिर की कसम, दग़ा मत देना।'","रमा ने अनुरक्त होकर कहा,"
5,176,ज़ोहरा,"अगर यह ख़ौफ हो तो निकाह पढ़ा लो। निकाह के नाम से चिढ़ हो, तो ब्याह कर लो। पंडितों को बुलाओ। अब इसके सिवा मैं अपनी मुहब्बत का और क्या सबूत दूं।",named_dash_quote,"ज़ोहरा-'अगर यह ख़ौफ हो तो निकाह पढ़ा लो। निकाह के नाम से चिढ़ हो, तो ब्याह कर लो। पंडितों को बुलाओ। अब इसके सिवा मैं अपनी मुहब्बत का और क्या सबूत दूं।'",ज़ोहरा-
5,179,रमानाथ,"ज्यों ज़ोहरा के प्रेम-पाश में फंसता जाता था, पुलिस के अधिकारी वर्ग उसकी ओर से निश्शंक होते जाते थे। उसके ऊपर जो कैद लगाई गई थी, धीरे-धीरे ढीली होने लगी। यहां तक कि एक दिन डिप्टी साहब शाम को सैर करने चले तो रमा को भी मोटर पर बिठा लिया। जब मोटर देवीदीन की दूकान के सामने से होकर निकली, तो रमा ने अपना सिर इस तरह भीतर खींच लिया कि किसी की नज़र न पड़ जाय। उसके मन में बडी उत्सुकता हुई कि जालपा है या चली गई, लेकिन वह अपना सिर बाहर न निकाल सका। मन में वह अब भी यही समझता था कि मैंने जो रास्ता पकडाहै, वह कोई बहुत अच्छा रास्ता नहीं है, लेकिन यह जानते हुए भी वह उसे छोड़ना न चाहता था। देवीदीन को देखकर उसका मस्तक आप-ही-आप लज्जा से झुक जाता,वह किसी दलील से अपना पक्ष सिद्ध न कर सकता उसने सोचा, मेरे लिए सबसे उत्तम मार्ग यही है कि इनसे मिलना-जुलना छोड़ दूं। उस शहर में तीन प्राणियों को छोड़कर किसी चौथे आदमी से उसका परिचय न था, जिसकी आलोचना या तिरस्कार का उसे भय होता। मोटर इधर-उधर घूमती हुई हाबडा-ब्रिज की तरफ चली जा रही थी, कि सहसा रमा ने एक स्त्री को सिर पर गंगा-जल का कलसा रक्खे घाटों के ऊपर आते देखा। उसके कपड़े बहुत मैले हो रहे थे और कृशांगी ऐसी थी कि कलसे के बोझ से उसकी गरदन दबी जाती थी। उसकी चाल कुछ-कुछ जालपा से मिलती हुई जान पड़ी। सोचा, जालपा यहां क्या करने आवेगी, मगर एक ही पल में कार और आगे बढ़गई और रमा को उस स्त्री का मुंह दिखाई दिया। उसकी छाती धक-से हो गई। यह जालपा ही थी। उसने खिड़की के बगल में सिर छिपाकर गौर से देखा। बेशक जालपा थी, पर कितनी दुर्बल! मानो कोई वृद्धा, अनाथ हो न वह कांति थी, न वह लावण्य, न वह चंचलता, न वह गर्व, रमा ह्रदयहीन न था। उसकी आंखें सजल हो गई। जालपा इस दशा में और मेरे जीते जी! अवश्य देवीदीन ने उसे निकाल दिया होगा और वह टहलनी बनकर अपना निर्वाह कर रही होगी। नहीं,देवीदीन इतना बेमुरौवत नहीं है। जालपा ने ख़ुद उसके आश्रय में रहना स्वीकार न किया होगा। मानिनी तो है ही। कैसे मालूम हो, क्या बात है?मोटर दूर निकल आई थी। रमा की सारी चंचलता, सारी भोगलिप्सा गायब हो गई थी। मलिन वसना, दुखिनी जालपा की वह मूर्ति आंखों के सामने खड़ी थी।किससे कहे? क्या कहे?यहां कौन अपना है? जालपा का नाम ज़बान पर आ जाय, तो सब-के-सब चौंक पड़ें और फिर घर से निकलना बंद कर दें। ओह! जालपा के मुख पर शोक की कितनी गहरी छाया थी, आंखों में कितनी निराशा! आह, उन सिमटी हुई आंखों में जले हुए ह्रदय से निकलने वाली कितनी आहें सिर पीटती हुई मालूम होती थीं, मानो उन पर हंसी कभी आई ही नहीं, मानो वह कली बिना खिले ही मुरझा गई। कुछ देर के बाद ज़ोहरा आई, इठलाती, मुस्कराती, लचकती, पर रमा आज उससे भी कटा-कटा रहा।",unquoted_dash,"रमा ज्यों-ज्यों ज़ोहरा के प्रेम-पाश में फंसता जाता था, पुलिस के अधिकारी वर्ग उसकी ओर से निश्शंक होते जाते थे। उसके ऊपर जो कैद लगाई गई थी, धीरे-धीरे ढीली होने लगी। यहां तक कि एक दिन डिप्टी साहब शाम को सैर करने चले तो रमा को भी मोटर पर बिठा लिया। जब मोटर देवीदीन की दूकान के सामने से होकर निकली, तो रमा ने अपना सिर इस तरह भीतर खींच लिया कि किसी की नज़र न पड़ जाय। उसके मन में बडी उत्सुकता हुई कि जालपा है या चली गई, लेकिन वह अपना सिर बाहर न निकाल सका। मन में वह अब भी यही समझता था कि मैंने जो रास्ता पकडाहै, वह कोई बहुत अच्छा रास्ता नहीं है, लेकिन यह जानते हुए भी वह उसे छोड़ना न चाहता था। देवीदीन को देखकर उसका मस्तक आप-ही-आप लज्जा से झुक जाता,वह किसी दलील से अपना पक्ष सिद्ध न कर सकता उसने सोचा, मेरे लिए सबसे उत्तम मार्ग यही है कि इनसे मिलना-जुलना छोड़ दूं। उस शहर में तीन प्राणियों को छोड़कर किसी चौथे आदमी से उसका परिचय न था, जिसकी आलोचना या तिरस्कार का उसे भय होता। मोटर इधर-उधर घूमती हुई हाबडा-ब्रिज की तरफ चली जा रही थी, कि सहसा रमा ने एक स्त्री को सिर पर गंगा-जल का कलसा रक्खे घाटों के ऊपर आते देखा। उसके कपड़े बहुत मैले हो रहे थे और कृशांगी ऐसी थी कि कलसे के बोझ से उसकी गरदन दबी जाती थी। उसकी चाल कुछ-कुछ जालपा से मिलती हुई जान पड़ी। सोचा, जालपा यहां क्या करने आवेगी, मगर एक ही पल में कार और आगे बढ़गई और रमा को उस स्त्री का मुंह दिखाई दिया। उसकी छाती धक-से हो गई। यह जालपा ही थी। उसने खिड़की के बगल में सिर छिपाकर गौर से देखा। बेशक जालपा थी, पर कितनी दुर्बल! मानो कोई वृद्धा, अनाथ हो न वह कांति थी, न वह लावण्य, न वह चंचलता, न वह गर्व, रमा ह्रदयहीन न था। उसकी आंखें सजल हो गई। जालपा इस दशा में और मेरे जीते जी! अवश्य देवीदीन ने उसे निकाल दिया होगा और वह टहलनी बनकर अपना निर्वाह कर रही होगी। नहीं,देवीदीन इतना बेमुरौवत नहीं है। जालपा ने ख़ुद उसके आश्रय में रहना स्वीकार न किया होगा। मानिनी तो है ही। कैसे मालूम हो, क्या बात है?मोटर दूर निकल आई थी। रमा की सारी चंचलता, सारी भोगलिप्सा गायब हो गई थी। मलिन वसना, दुखिनी जालपा की वह मूर्ति आंखों के सामने खड़ी थी।किससे कहे? क्या कहे?यहां कौन अपना है? जालपा का नाम ज़बान पर आ जाय, तो सब-के-सब चौंक पड़ें और फिर घर से निकलना बंद कर दें। ओह! जालपा के मुख पर शोक की कितनी गहरी छाया थी, आंखों में कितनी निराशा! आह, उन सिमटी हुई आंखों में जले हुए ह्रदय से निकलने वाली कितनी आहें सिर पीटती हुई मालूम होती थीं, मानो उन पर हंसी कभी आई ही नहीं, मानो वह कली बिना खिले ही मुरझा गई। कुछ देर के बाद ज़ोहरा आई, इठलाती, मुस्कराती, लचकती, पर रमा आज उससे भी कटा-कटा रहा।",रमा ज्यों
5,180,ज़ोहरा,आज किसी की याद आ रही है क्या?,named_comma_quote,"ज़ोहरा ने पूछा, 'आज किसी की याद आ रही है क्या?'यह कहते हुए उसने अपनी गोल नर्म मक्खन-सी बांह उसकी गरदन में डालकर उसे अपनी ओर खींचा। रमा ने अपनी तरफ ज़रा भी ज़ोर न किया। उसके ह्रदय पर अपना मस्तक रख दिया, मानो अब यही उसका आश्रय है। ज़ोहरा ने कोमलता में डूबे हुए स्वर में पूछा, 'सच बताओ, आज इतने उदास क्यों हो? क्या मुझसे किसी बात पर नाराज़ हो?'","ज़ोहरा ने पूछा,"
5,180,ज़ोहरा,"सच बताओ, आज इतने उदास क्यों हो? क्या मुझसे किसी बात पर नाराज़ हो?",named_dash_quote,"ज़ोहरा ने पूछा, 'आज किसी की याद आ रही है क्या?'यह कहते हुए उसने अपनी गोल नर्म मक्खन-सी बांह उसकी गरदन में डालकर उसे अपनी ओर खींचा। रमा ने अपनी तरफ ज़रा भी ज़ोर न किया। उसके ह्रदय पर अपना मस्तक रख दिया, मानो अब यही उसका आश्रय है। ज़ोहरा ने कोमलता में डूबे हुए स्वर में पूछा, 'सच बताओ, आज इतने उदास क्यों हो? क्या मुझसे किसी बात पर नाराज़ हो?'","यह कहते हुए उसने अपनी गोल नर्म मक्खन-सी बांह उसकी गरदन में डालकर उसे अपनी ओर खींचा। रमा ने अपनी तरफ ज़रा भी ज़ोर न किया। उसके ह्रदय पर अपना मस्तक रख दिया, मानो अब यही उसका आश्रय है। ज़ोहरा ने कोमलता में डूबे हुए स्वर में पूछा,"
5,181,रमानाथ,नहीं ज़ोहरा -,named_comma_quote,"रमा ने आवेश से कांपते हुए स्वर में कहा, 'नहीं ज़ोहरा -' तुमने मुझ अभागे पर जितनी दया की है, उसके लिए मैं हमेशा तुम्हारा एहसानमंद रहूंगा। तुमने उस वक्त मुझे संभाला, जब मेरे जीवन की टूटी हुई किश्ती गोते खा रही थी, वे दिन मेरी जिंदगी के सबसे मुबारक दिन हैं और उनकी स्मृति को मैं अपने दिल में बराबर पूजता रहूंगा। मगर अभागों को मुसीबत बार-बार अपनी तरफ खींचती है! प्रेम का बंधन भी उन्हें उस तरफ खिंच जाने से नहीं रोक सकता | मैंने जालपा को जिस सूरत में देखा है, वह मेरे दिल को भालों की तरह छेद रहा है। वह आज फटे-मैले कपड़े पहने, सिर पर गंगा-जल का कलसा लिये जा रही थी। उसे इस हालत में देखकर मेरा दिल टुकडे।-टुकडे। हो गया। मुझे अपनी जिंदगी में कभी इतना रंज न हुआ था। ज़ोहरा -' कुछ नहीं कह सकता, उस पर क्या बीत रही है।'","रमा ने आवेश से कांपते हुए स्वर में कहा,"
5,181,ज़ोहरा,"कुछ नहीं कह सकता, उस पर क्या बीत रही है।",named_dash_quote,"रमा ने आवेश से कांपते हुए स्वर में कहा, 'नहीं ज़ोहरा -' तुमने मुझ अभागे पर जितनी दया की है, उसके लिए मैं हमेशा तुम्हारा एहसानमंद रहूंगा। तुमने उस वक्त मुझे संभाला, जब मेरे जीवन की टूटी हुई किश्ती गोते खा रही थी, वे दिन मेरी जिंदगी के सबसे मुबारक दिन हैं और उनकी स्मृति को मैं अपने दिल में बराबर पूजता रहूंगा। मगर अभागों को मुसीबत बार-बार अपनी तरफ खींचती है! प्रेम का बंधन भी उन्हें उस तरफ खिंच जाने से नहीं रोक सकता | मैंने जालपा को जिस सूरत में देखा है, वह मेरे दिल को भालों की तरह छेद रहा है। वह आज फटे-मैले कपड़े पहने, सिर पर गंगा-जल का कलसा लिये जा रही थी। उसे इस हालत में देखकर मेरा दिल टुकडे।-टुकडे। हो गया। मुझे अपनी जिंदगी में कभी इतना रंज न हुआ था। ज़ोहरा -' कुछ नहीं कह सकता, उस पर क्या बीत रही है।'","तुमने मुझ अभागे पर जितनी दया की है, उसके लिए मैं हमेशा तुम्हारा एहसानमंद रहूंगा। तुमने उस वक्त मुझे संभाला, जब मेरे जीवन की टूटी हुई किश्ती गोते खा रही थी, वे दिन मेरी जिंदगी के सबसे मुबारक दिन हैं और उनकी स्मृति को मैं अपने दिल में बराबर पूजता रहूंगा। मगर अभागों को मुसीबत बार-बार अपनी तरफ खींचती है! प्रेम का बंधन भी उन्हें उस तरफ खिंच जाने से नहीं रोक सकता | मैंने जालपा को जिस सूरत में देखा है, वह मेरे दिल को भालों की तरह छेद रहा है। वह आज फटे-मैले कपड़े पहने, सिर पर गंगा-जल का कलसा लिये जा रही थी। उसे इस हालत में देखकर मेरा दिल टुकडे।-टुकडे। हो गया। मुझे अपनी जिंदगी में कभी इतना रंज न हुआ था। ज़ोहरा -"
5,182,ज़ोहरा,वह तो उस बुडढे मालदार खटिक के घर पर थी?,named_comma_quote,"ज़ोहरा ने पूछा, 'वह तो उस बुडढे मालदार खटिक के घर पर थी?'","ज़ोहरा ने पूछा,"
5,183,रमानाथ,"हां थी तो, पर नहीं कह सकता, क्यों वहां से चली गई। इंस्पेक्टर साहब मेरे साथ थे। उनके सामने मैं उससे कुछ पूछ तक न सका। मैं जानता हूं, वह मुझे देखकर मुंह उधर लेती और शायद मुझे जलील समझती, मगर कमसे- कम मुझे इतना तो मालूम हो जाता कि वह इस वक्त इस दशा में क्यों है। हरा, तुम मुझे चाहे दिल में जो कुछ समझ रही हो, लेकिन मैं इस ख़याल में मगन हूं कि तुम्हें मुझसे प्रेम है। और प्रेम करने वालों से हम कम-से-कम हमदर्दी की आशा करते हैं ब यहां एक भी ऐसा आदमी नहीं, जिससे मैं अपने दिल का कुछ हाल कह सयं ब तुम भी मुझे रास्ते पर लाने ही के लिए भेजी गई थीं, मगर तुम्हें मुझ पर दया आई। शायद तुमने गिरे हुए आदमी पर ठोकर मारना मुनासिब न समझा, अगर आज हम और तुम किसी वजह से रूठ जायं, तो क्या कल तुम मुझे मुसीबत में देखकर मेरे साथ ज़रा भी हमदर्दी न करोगी? क्या मुझे भूखों मरते देखकर मेरे साथ उससे कुछ भी ज्यादा सलूक न करोगी, जो आदमी कुत्तों के साथ करता है? मुझे तो ऐसी आशा नहीं। जहां एक बार प्रेम ने वास किया हो,वहां उदासीनता और विराग चाहे पैदा हो जाय, हिंसा का भाव नहीं पैदा हो सकता क्या तुम मेरे साथ ज़रा भी हमदर्दी न करोगी ज़ोहरा? तुम अगर चाहो, तो जालपा का पूरा पता लगा सकती हो,वह कहां है, क्या करती है, मेरी तरफ से उसके दिल में क्या ख़याल है, घर क्यों नहीं जाती, यहां कब तक रहना चाहती है? अगर तुम किसी तरह जालपा को प्रयाग जाने पर राज़ी कर सको ज़ोहरा -",named_dash_quote,"रमानाथ-'हां थी तो, पर नहीं कह सकता, क्यों वहां से चली गई। इंस्पेक्टर साहब मेरे साथ थे। उनके सामने मैं उससे कुछ पूछ तक न सका। मैं जानता हूं, वह मुझे देखकर मुंह उधर लेती और शायद मुझे जलील समझती, मगर कमसे- कम मुझे इतना तो मालूम हो जाता कि वह इस वक्त इस दशा में क्यों है। हरा, तुम मुझे चाहे दिल में जो कुछ समझ रही हो, लेकिन मैं इस ख़याल में मगन हूं कि तुम्हें मुझसे प्रेम है। और प्रेम करने वालों से हम कम-से-कम हमदर्दी की आशा करते हैं ब यहां एक भी ऐसा आदमी नहीं, जिससे मैं अपने दिल का कुछ हाल कह सयं ब तुम भी मुझे रास्ते पर लाने ही के लिए भेजी गई थीं, मगर तुम्हें मुझ पर दया आई। शायद तुमने गिरे हुए आदमी पर ठोकर मारना मुनासिब न समझा, अगर आज हम और तुम किसी वजह से रूठ जायं, तो क्या कल तुम मुझे मुसीबत में देखकर मेरे साथ ज़रा भी हमदर्दी न करोगी? क्या मुझे भूखों मरते देखकर मेरे साथ उससे कुछ भी ज्यादा सलूक न करोगी, जो आदमी कुत्तों के साथ करता है? मुझे तो ऐसी आशा नहीं। जहां एक बार प्रेम ने वास किया हो,वहां उदासीनता और विराग चाहे पैदा हो जाय, हिंसा का भाव नहीं पैदा हो सकता क्या तुम मेरे साथ ज़रा भी हमदर्दी न करोगी ज़ोहरा? तुम अगर चाहो, तो जालपा का पूरा पता लगा सकती हो,वह कहां है, क्या करती है, मेरी तरफ से उसके दिल में क्या ख़याल है, घर क्यों नहीं जाती, यहां कब तक रहना चाहती है? अगर तुम किसी तरह जालपा को प्रयाग जाने पर राज़ी कर सको ज़ोहरा -' तो मैं उम्र-भर तुम्हारी गुलामी करूंगा। इस हालत में मैं उसे नहीं देख सकता शायद आज ही रात को मैं यहां से भाग जाऊं। मुझ पर क्या गुज़रेगी, इसका मुझे ज़रा भी भय नहीं हैं। मैं बहादुर नहीं हूं,बहुत ही कमज़ोर आदमी हूं। हमेशा ख़तरे के सामने मेरा हौसला पस्त हो जाता है, लेकिन मेरी बेगैरती भी यह चोट नहीं सह सकती।' ज़ोहरा वेश्या थी, उसको अच्छे-बुरे सभी तरह के आदमियों से साबिका पड़ चुका था। उसकी आंखों में आदमियों की परख थी। उसको इस परदेशी युवक में और अन्य व्यक्तियों में एक बडा फर्क दिखाई देता था ।पहले वह यहां भी पैसे की गुलाम बनकर आई थी, लेकिन दो-चार दिन के बाद ही उसका मन रमा की ओर आकर्षित होने लगा। प्रौढ़ा स्त्रियां अनुराग की अवहेलना नहीं कर सकतीं। रमा में और सब दोष हों, पर अनुराग था। इस जीवन में ज़ोहरा को यह पहला आदमी ऐसा मिला था जिसने उसके सामने अपना ह्रदय खोलकर रख दिया, जिसने उससे कोई परदा न रक्खा। ऐसे अनुराग रत्न को वह खोना नहीं चाहती थी। उसकी बात सुनकर उसे ज़रा भी ईर्ष्या न हुई,बल्कि उसके मन में एक स्वार्थमय सहानुभूति उत्पन्न हुई। इस युवक को, जो प्रेम के विषय में इतना सरल था, वह प्रसन्न करके हमेशा के लिए अपना गुलाम बना सकती थी। उसे जालपा से कोई शंका न थी। जालपा कितनी ही रूपवती क्यों न हो, ज़ोहरा अपने कला-कौशल से, अपने हाव-भाव से उसका रंग फीका कर सकती थी। इसके पहले उसने कई महान सुंदरी खत्रानियों को रूलाकर छोड़ दिया था , फिर जालपा किस गिनती में थी। ज़ोहरा ने उसका हौसला बढ़ाते हुए कहा, 'तो इसके लिए तुम क्यों इतनारंज करते हो, प्यारे! ज़ोहरा तुम्हारे लिए सब कुछ करने को तैयार है। मैं कल ही जालपा का पता लगाऊंगी और वह यहां रहना चाहेगी, तो उसके आराम के सब सामान कर दूंगी । जाना चाहेगी, तो रेल पर भेज दूंगी।'",रमानाथ-
5,183,Unknown,"ज़ोहरा वेश्या थी, उसको अच्छे-बुरे सभी तरह के आदमियों से साबिका पड़ चुका था। उसकी आंखों में आदमियों की परख थी। उसको इस परदेशी युवक में और अन्य व्यक्तियों में एक बडा फर्क दिखाई देता था ।पहले वह यहां भी पैसे की गुलाम बनकर आई थी, लेकिन दो-चार दिन के बाद ही उसका मन रमा की ओर आकर्षित होने लगा। प्रौढ़ा स्त्रियां अनुराग की अवहेलना नहीं कर सकतीं। रमा में और सब दोष हों, पर अनुराग था। इस जीवन में ज़ोहरा को यह पहला आदमी ऐसा मिला था जिसने उसके सामने अपना ह्रदय खोलकर रख दिया, जिसने उससे कोई परदा न रक्खा। ऐसे अनुराग रत्न को वह खोना नहीं चाहती थी। उसकी बात सुनकर उसे ज़रा भी ईर्ष्या न हुई,बल्कि उसके मन में एक स्वार्थमय सहानुभूति उत्पन्न हुई। इस युवक को, जो प्रेम के विषय में इतना सरल था, वह प्रसन्न करके हमेशा के लिए अपना गुलाम बना सकती थी। उसे जालपा से कोई शंका न थी। जालपा कितनी ही रूपवती क्यों न हो, ज़ोहरा अपने कला-कौशल से, अपने हाव-भाव से उसका रंग फीका कर सकती थी। इसके पहले उसने कई महान सुंदरी खत्रानियों को रूलाकर छोड़ दिया था , फिर जालपा किस गिनती में थी। ज़ोहरा ने उसका हौसला बढ़ाते हुए कहा,",unattributed_quote,"रमानाथ-'हां थी तो, पर नहीं कह सकता, क्यों वहां से चली गई। इंस्पेक्टर साहब मेरे साथ थे। उनके सामने मैं उससे कुछ पूछ तक न सका। मैं जानता हूं, वह मुझे देखकर मुंह उधर लेती और शायद मुझे जलील समझती, मगर कमसे- कम मुझे इतना तो मालूम हो जाता कि वह इस वक्त इस दशा में क्यों है। हरा, तुम मुझे चाहे दिल में जो कुछ समझ रही हो, लेकिन मैं इस ख़याल में मगन हूं कि तुम्हें मुझसे प्रेम है। और प्रेम करने वालों से हम कम-से-कम हमदर्दी की आशा करते हैं ब यहां एक भी ऐसा आदमी नहीं, जिससे मैं अपने दिल का कुछ हाल कह सयं ब तुम भी मुझे रास्ते पर लाने ही के लिए भेजी गई थीं, मगर तुम्हें मुझ पर दया आई। शायद तुमने गिरे हुए आदमी पर ठोकर मारना मुनासिब न समझा, अगर आज हम और तुम किसी वजह से रूठ जायं, तो क्या कल तुम मुझे मुसीबत में देखकर मेरे साथ ज़रा भी हमदर्दी न करोगी? क्या मुझे भूखों मरते देखकर मेरे साथ उससे कुछ भी ज्यादा सलूक न करोगी, जो आदमी कुत्तों के साथ करता है? मुझे तो ऐसी आशा नहीं। जहां एक बार प्रेम ने वास किया हो,वहां उदासीनता और विराग चाहे पैदा हो जाय, हिंसा का भाव नहीं पैदा हो सकता क्या तुम मेरे साथ ज़रा भी हमदर्दी न करोगी ज़ोहरा? तुम अगर चाहो, तो जालपा का पूरा पता लगा सकती हो,वह कहां है, क्या करती है, मेरी तरफ से उसके दिल में क्या ख़याल है, घर क्यों नहीं जाती, यहां कब तक रहना चाहती है? अगर तुम किसी तरह जालपा को प्रयाग जाने पर राज़ी कर सको ज़ोहरा -' तो मैं उम्र-भर तुम्हारी गुलामी करूंगा। इस हालत में मैं उसे नहीं देख सकता शायद आज ही रात को मैं यहां से भाग जाऊं। मुझ पर क्या गुज़रेगी, इसका मुझे ज़रा भी भय नहीं हैं। मैं बहादुर नहीं हूं,बहुत ही कमज़ोर आदमी हूं। हमेशा ख़तरे के सामने मेरा हौसला पस्त हो जाता है, लेकिन मेरी बेगैरती भी यह चोट नहीं सह सकती।' ज़ोहरा वेश्या थी, उसको अच्छे-बुरे सभी तरह के आदमियों से साबिका पड़ चुका था। उसकी आंखों में आदमियों की परख थी। उसको इस परदेशी युवक में और अन्य व्यक्तियों में एक बडा फर्क दिखाई देता था ।पहले वह यहां भी पैसे की गुलाम बनकर आई थी, लेकिन दो-चार दिन के बाद ही उसका मन रमा की ओर आकर्षित होने लगा। प्रौढ़ा स्त्रियां अनुराग की अवहेलना नहीं कर सकतीं। रमा में और सब दोष हों, पर अनुराग था। इस जीवन में ज़ोहरा को यह पहला आदमी ऐसा मिला था जिसने उसके सामने अपना ह्रदय खोलकर रख दिया, जिसने उससे कोई परदा न रक्खा। ऐसे अनुराग रत्न को वह खोना नहीं चाहती थी। उसकी बात सुनकर उसे ज़रा भी ईर्ष्या न हुई,बल्कि उसके मन में एक स्वार्थमय सहानुभूति उत्पन्न हुई। इस युवक को, जो प्रेम के विषय में इतना सरल था, वह प्रसन्न करके हमेशा के लिए अपना गुलाम बना सकती थी। उसे जालपा से कोई शंका न थी। जालपा कितनी ही रूपवती क्यों न हो, ज़ोहरा अपने कला-कौशल से, अपने हाव-भाव से उसका रंग फीका कर सकती थी। इसके पहले उसने कई महान सुंदरी खत्रानियों को रूलाकर छोड़ दिया था , फिर जालपा किस गिनती में थी। ज़ोहरा ने उसका हौसला बढ़ाते हुए कहा, 'तो इसके लिए तुम क्यों इतनारंज करते हो, प्यारे! ज़ोहरा तुम्हारे लिए सब कुछ करने को तैयार है। मैं कल ही जालपा का पता लगाऊंगी और वह यहां रहना चाहेगी, तो उसके आराम के सब सामान कर दूंगी । जाना चाहेगी, तो रेल पर भेज दूंगी।'","तो मैं उम्र-भर तुम्हारी गुलामी करूंगा। इस हालत में मैं उसे नहीं देख सकता शायद आज ही रात को मैं यहां से भाग जाऊं। मुझ पर क्या गुज़रेगी, इसका मुझे ज़रा भी भय नहीं हैं। मैं बहादुर नहीं हूं,बहुत ही कमज़ोर आदमी हूं। हमेशा ख़तरे के सामने मेरा हौसला पस्त हो जाता है, लेकिन मेरी बेगैरती भी यह चोट नहीं सह सकती।"
5,184,रमानाथ,"एक बार मैं उससे मिल लेता, तो मेरे दिल का बोझ उतर जाता।",named_comma_quote,"रमा ने बडी दीनता से कहा, 'एक बार मैं उससे मिल लेता, तो मेरे दिल का बोझ उतर जाता।'","रमा ने बडी दीनता से कहा,"
5,185,ज़ोहरा,यह तो मुश्किल है प्यारे! तुम्हें यहां से कौन जाने देगा?,named_comma_quote,"ज़ोहरा चिंतित होकर बोली, 'यह तो मुश्किल है प्यारे! तुम्हें यहां से कौन जाने देगा?'","ज़ोहरा चिंतित होकर बोली,"
5,186,रमानाथ,कोई तदबीर बताओ।,named_dash_quote,रमानाथ-'कोई तदबीर बताओ।',रमानाथ-
5,187,ज़ोहरा,मैं उसे पार्क में खड़ी कर आऊंगी। तुम डिप्टी साहब के साथ वहां जाना और किसी बहाने से उससे मिल लेना। इसके सिवा तो मुझे और कुछ नहीं सूझता।,unquoted_dash,ज़ोहरा -'मैं उसे पार्क में खड़ी कर आऊंगी। तुम डिप्टी साहब के साथ वहां जाना और किसी बहाने से उससे मिल लेना। इसके सिवा तो मुझे और कुछ नहीं सूझता।,ज़ोहरा
5,188,रमानाथ,मुझे भी खिलवत में आने की इजाज़त है?,named_comma_quote,"रमा अभी कुछ कहना ही चाहता था कि दारोग़ाजी ने पुकारा, 'मुझे भी खिलवत में आने की इजाज़त है? '","रमा अभी कुछ कहना ही चाहता था कि दारोग़ाजी ने पुकारा,"
5,189,ज़ोहरा,यहां आज सन्नाटा कैसा! क्या आज खजाना खाली है? ज़ोहरा -,named_comma_quote,"दोनों संभल बैठे और द्वार खोल दिया। दारोग़ाजी मुस्कराते हुए आए और ज़ोहरा की बग़ल में बैठकर बोले, 'यहां आज सन्नाटा कैसा! क्या आज खजाना खाली है? ज़ोहरा -' आज अपने दस्ते-हिनाई से एक जाम भर कर दो।' रमानाथ-' भाईजान नाराज़ न होना।' रमा ने कुछ तुर्श होकर कहा, 'इस वक्त तो रहने दीजिए, दारोग़ाजी, आप तो पिए हुए नजर आते हैं।'","दोनों संभल बैठे और द्वार खोल दिया। दारोग़ाजी मुस्कराते हुए आए और ज़ोहरा की बग़ल में बैठकर बोले,"
5,189,Unknown,रमानाथ-,unattributed_quote,"दोनों संभल बैठे और द्वार खोल दिया। दारोग़ाजी मुस्कराते हुए आए और ज़ोहरा की बग़ल में बैठकर बोले, 'यहां आज सन्नाटा कैसा! क्या आज खजाना खाली है? ज़ोहरा -' आज अपने दस्ते-हिनाई से एक जाम भर कर दो।' रमानाथ-' भाईजान नाराज़ न होना।' रमा ने कुछ तुर्श होकर कहा, 'इस वक्त तो रहने दीजिए, दारोग़ाजी, आप तो पिए हुए नजर आते हैं।'",आज अपने दस्ते-हिनाई से एक जाम भर कर दो।
5,189,Unknown,"रमा ने कुछ तुर्श होकर कहा,",unattributed_quote,"दोनों संभल बैठे और द्वार खोल दिया। दारोग़ाजी मुस्कराते हुए आए और ज़ोहरा की बग़ल में बैठकर बोले, 'यहां आज सन्नाटा कैसा! क्या आज खजाना खाली है? ज़ोहरा -' आज अपने दस्ते-हिनाई से एक जाम भर कर दो।' रमानाथ-' भाईजान नाराज़ न होना।' रमा ने कुछ तुर्श होकर कहा, 'इस वक्त तो रहने दीजिए, दारोग़ाजी, आप तो पिए हुए नजर आते हैं।'",भाईजान नाराज़ न होना।
5,190,दारोग़ा,"बस, एक जाम ज़ोहरा -",named_comma_quote,"दारोग़ा ने ज़ोहरा का हाथ पकड़कर कहा, 'बस, एक जाम ज़ोहरा -' और एक बात और, आज मेरी मेहमानी कबूल करो! ' रमा ने तेवर बदलकर कहा, 'दारोग़ाजी, आप इस वक्त यहां से जायं। मैं यह गवारा नहीं कर सकता दारोग़ा ने नशीली आंखों से देखकर कहा, 'क्या आपने पट्टा लिखा लिया है? '","दारोग़ा ने ज़ोहरा का हाथ पकड़कर कहा,"
5,190,Unknown,"रमा ने तेवर बदलकर कहा,",unattributed_quote,"दारोग़ा ने ज़ोहरा का हाथ पकड़कर कहा, 'बस, एक जाम ज़ोहरा -' और एक बात और, आज मेरी मेहमानी कबूल करो! ' रमा ने तेवर बदलकर कहा, 'दारोग़ाजी, आप इस वक्त यहां से जायं। मैं यह गवारा नहीं कर सकता दारोग़ा ने नशीली आंखों से देखकर कहा, 'क्या आपने पट्टा लिखा लिया है? '","और एक बात और, आज मेरी मेहमानी कबूल करो!"
5,190,दारोग़ा,क्या आपने पट्टा लिखा लिया है?,named_comma_quote,"दारोग़ा ने ज़ोहरा का हाथ पकड़कर कहा, 'बस, एक जाम ज़ोहरा -' और एक बात और, आज मेरी मेहमानी कबूल करो! ' रमा ने तेवर बदलकर कहा, 'दारोग़ाजी, आप इस वक्त यहां से जायं। मैं यह गवारा नहीं कर सकता दारोग़ा ने नशीली आंखों से देखकर कहा, 'क्या आपने पट्टा लिखा लिया है? '","दारोग़ाजी, आप इस वक्त यहां से जायं। मैं यह गवारा नहीं कर सकता दारोग़ा ने नशीली आंखों से देखकर कहा,"
5,191,रमानाथ,"जी हां, मैंने पट्टा लिखा लिया है!",named_comma_quote,"रमा ने कड़ककर कहा, 'जी हां, मैंने पट्टा लिखा लिया है!'","रमा ने कड़ककर कहा,"
5,192,दारोग़ा,तो आपका पट्टा खारिज़!,named_dash_quote,दारोग़ा -'तो आपका पट्टा खारिज़! ',दारोग़ा -
5,193,रमानाथ,"मैं कहता हूं, यहां से चले जाइए।",named_dash_quote,"रमानाथ-'मैं कहता हूं, यहां से चले जाइए।'",रमानाथ-
5,194,दारोग़ा,"अच्छा! अब तो मेंढकी को भी जुकाम पैदा हुआ! क्यों न हो, चलो ज़ोहरा -",named_dash_quote,"दारोग़ा -'अच्छा! अब तो मेंढकी को भी जुकाम पैदा हुआ! क्यों न हो, चलो ज़ोहरा -' इन्हें यहां बकने दो।'",दारोग़ा -
5,195,रमानाथ,"मैं कह चुका, आप यहां से चले जाएं ।ज़ोहरा इस वक्त नहीं जा सकती। अगर वह गई, तो मैं उसका और आपका-दोनों का ख़ून पी जाऊंगा। ज़ोहरा मेरी है, और जब तक मैं हूं, कोई उसकी तरफ आंख नहीं उठा सकता।",named_comma_quote,"यह कहते हुए उन्होंने जोहरा का हाथ पकड़कर उठाया। रमा ने उनके हाथ को झटका देकर कहा, 'मैं कह चुका, आप यहां से चले जाएं ।ज़ोहरा इस वक्त नहीं जा सकती। अगर वह गई, तो मैं उसका और आपका-दोनों का ख़ून पी जाऊंगा। ज़ोहरा मेरी है, और जब तक मैं हूं, कोई उसकी तरफ आंख नहीं उठा सकता।'","यह कहते हुए उन्होंने जोहरा का हाथ पकड़कर उठाया। रमा ने उनके हाथ को झटका देकर कहा,"
5,197,रमानाथ,कहो तो जाकर बचा को बरामदे के नीचे ढकेल दूं। शैतान का बच्चा!,named_comma_quote,"रमा ने कहा, 'कहो तो जाकर बचा को बरामदे के नीचे ढकेल दूं। शैतान का बच्चा! '","रमा ने कहा,"
5,198,ज़ोहरा,,named_dash_quote,"ज़ोहरा -' 'बकने दो, आप ही चला जायगा। '",ज़ोहरा -
5,199,ज़ोहरा,"तुमने बहुत अच्छा किया, सुअर को निकाल बाहर किया। मुझे ले जाकर दिक करता। क्या तुम सचमुच उसे मारते?",named_comma_quote,"ज़ोहरा ने मगन होकर कहा, 'तुमने बहुत अच्छा किया, सुअर को निकाल बाहर किया। मुझे ले जाकर दिक करता। क्या तुम सचमुच उसे मारते? ' रमानाथ-'मैं उसकी जान लेकर छोड़ता। मैं उस वक्त अपने आपे में न था। न जाने मुझमें उस वक्त क़हां से इतनी ताकत आ गई थी।' ज़ोहरा -' और जो वह कल से मुझे न आने दे तो?'","ज़ोहरा ने मगन होकर कहा,"
5,199,रमानाथ,मैं उसकी जान लेकर छोड़ता। मैं उस वक्त अपने आपे में न था। न जाने मुझमें उस वक्त क़हां से इतनी ताकत आ गई थी।,named_dash_quote,"ज़ोहरा ने मगन होकर कहा, 'तुमने बहुत अच्छा किया, सुअर को निकाल बाहर किया। मुझे ले जाकर दिक करता। क्या तुम सचमुच उसे मारते? ' रमानाथ-'मैं उसकी जान लेकर छोड़ता। मैं उस वक्त अपने आपे में न था। न जाने मुझमें उस वक्त क़हां से इतनी ताकत आ गई थी।' ज़ोहरा -' और जो वह कल से मुझे न आने दे तो?'",रमानाथ-
5,199,ज़ोहरा,और जो वह कल से मुझे न आने दे तो?,named_dash_quote,"ज़ोहरा ने मगन होकर कहा, 'तुमने बहुत अच्छा किया, सुअर को निकाल बाहर किया। मुझे ले जाकर दिक करता। क्या तुम सचमुच उसे मारते? ' रमानाथ-'मैं उसकी जान लेकर छोड़ता। मैं उस वक्त अपने आपे में न था। न जाने मुझमें उस वक्त क़हां से इतनी ताकत आ गई थी।' ज़ोहरा -' और जो वह कल से मुझे न आने दे तो?'",ज़ोहरा -
5,200,रमानाथ,"कौन, अगर इस बीच में उसने ज़रा भी भांजी मारी, तो गोली मार दूंगा। वह देखो, ताक पर पिस्तौल रक्खा हुआ है। तुम अब मेरी हो,ज़ोहरा! मैंने अपना सब कुछ तुम्हारे कदमों पर निसार कर दिया और तुम्हारा सब कुछ पाकर ही मैं संतुष्ट हो सकता हूं। तुम मेरी हो, मैं तुम्हारा हूं। किसी तीसरी औरत या मर्द को हमारे बीच में आने का मजाज़ नहीं है,जब तक मैं मर न जाऊं।",named_dash_quote,"रमानाथ-'कौन, अगर इस बीच में उसने ज़रा भी भांजी मारी, तो गोली मार दूंगा। वह देखो, ताक पर पिस्तौल रक्खा हुआ है। तुम अब मेरी हो,ज़ोहरा! मैंने अपना सब कुछ तुम्हारे कदमों पर निसार कर दिया और तुम्हारा सब कुछ पाकर ही मैं संतुष्ट हो सकता हूं। तुम मेरी हो, मैं तुम्हारा हूं। किसी तीसरी औरत या मर्द को हमारे बीच में आने का मजाज़ नहीं है,जब तक मैं मर न जाऊं।'",रमानाथ-
5,201,ज़ोहरा,"ऐसी बात मुंह से न निकालो, प्यारे!",named_comma_quote,"ज़ोहरा की आंखें चमक रही थीं , उसने रमा की गरदन में हाथ डालकर कहा, 'ऐसी बात मुंह से न निकालो, प्यारे! '","ज़ोहरा की आंखें चमक रही थीं , उसने रमा की गरदन में हाथ डालकर कहा,"
5,206,दारोग़ा,रात तो आप आपे में न थे।,named_comma_quote,"दारोग़ा के पास जाकर बोला, 'रात तो आप आपे में न थे।'","दारोग़ा के पास जाकर बोला,"
5,207,दारोग़ा,यह बात न थी। मैं महज़ आपको छेड़ रहा था।,named_comma_quote,"दारोग़ा ने ईर्ष्याको छिपाते हुए कहा, 'यह बात न थी। मैं महज़ आपको छेड़ रहा था।'","दारोग़ा ने ईर्ष्याको छिपाते हुए कहा,"
5,208,रमानाथ,"ज़ोहरा रात आई नहीं , ज़रा किसी को भेजकर पता तो लगवाइए, बात क्या है। कहीं नाराज़ तो नहीं हो गई?",named_dash_quote,"रमानाथ-'ज़ोहरा रात आई नहीं , ज़रा किसी को भेजकर पता तो लगवाइए, बात क्या है। कहीं नाराज़ तो नहीं हो गई?'",रमानाथ-
5,209,दारोग़ा,उसे गरज़ होगा खुद आएगी। किसी को भेजने की जरूरत नहीं है।,named_comma_quote,"दारोग़ा ने बेदिली से कहा, 'उसे गरज़ होगा खुद आएगी। किसी को भेजने की जरूरत नहीं है।'","दारोग़ा ने बेदिली से कहा,"
5,214,ज़ोहरा,क्या यह खफगी इसलिए है कि मैं इतने दिनों आई क्यों नहीं!,named_comma_quote,"रमा ने फिर भी कुछ जवाब न दिया। जूते पहनने लगा। ज़ोहरा ने उसका हाथ पकड़कर कहा, 'क्या यह खफगी इसलिए है कि मैं इतने दिनों आई क्यों नहीं!'","रमा ने फिर भी कुछ जवाब न दिया। जूते पहनने लगा। ज़ोहरा ने उसका हाथ पकड़कर कहा,"
5,215,रमानाथ,"अगर तुम अब भी न आतीं, तो मेरा क्या अख्तियार था। तुम्हारी दया थी कि चली आई!",named_comma_quote,"रमा ने रूखाई से जवाब दिया, 'अगर तुम अब भी न आतीं, तो मेरा क्या अख्तियार था। तुम्हारी दया थी कि चली आई!' यह कहने के साथ उसे ख़याल आया कि मैं इसके साथ अन्याय कर रहा हूं। लज्जित नजरों से उसकी ओर ताकने लगा। ज़ोहरा ने मुस्कराकर कहा, 'यह अच्छी दिल्लगी है। आपने ही तो एक काम सौंपा और जब वह काम करके लौटी तो आप बिगड़ रहे हैं। क्या तुमने वह काम इतना आसान समझा था कि चुटकी बजाने में पूरा हो जाएगा। तुमने मुझे उस देवी से वरदान लेने भेजा था, जो ऊपर से फल है, पर भीतर से पत्थर, जो इतनी नाजुक होकर भी इतनी मज़बूत है।'","रमा ने रूखाई से जवाब दिया,"
5,215,ज़ोहरा,"यह अच्छी दिल्लगी है। आपने ही तो एक काम सौंपा और जब वह काम करके लौटी तो आप बिगड़ रहे हैं। क्या तुमने वह काम इतना आसान समझा था कि चुटकी बजाने में पूरा हो जाएगा। तुमने मुझे उस देवी से वरदान लेने भेजा था, जो ऊपर से फल है, पर भीतर से पत्थर, जो इतनी नाजुक होकर भी इतनी मज़बूत है।",named_comma_quote,"रमा ने रूखाई से जवाब दिया, 'अगर तुम अब भी न आतीं, तो मेरा क्या अख्तियार था। तुम्हारी दया थी कि चली आई!' यह कहने के साथ उसे ख़याल आया कि मैं इसके साथ अन्याय कर रहा हूं। लज्जित नजरों से उसकी ओर ताकने लगा। ज़ोहरा ने मुस्कराकर कहा, 'यह अच्छी दिल्लगी है। आपने ही तो एक काम सौंपा और जब वह काम करके लौटी तो आप बिगड़ रहे हैं। क्या तुमने वह काम इतना आसान समझा था कि चुटकी बजाने में पूरा हो जाएगा। तुमने मुझे उस देवी से वरदान लेने भेजा था, जो ऊपर से फल है, पर भीतर से पत्थर, जो इतनी नाजुक होकर भी इतनी मज़बूत है।'","यह कहने के साथ उसे ख़याल आया कि मैं इसके साथ अन्याय कर रहा हूं। लज्जित नजरों से उसकी ओर ताकने लगा। ज़ोहरा ने मुस्कराकर कहा,"
5,216,रमानाथ,है कहां? क्या करती है?,named_comma_quote,"रमा ने बेदिली से पूछा, 'है कहां? क्या करती है? '","रमा ने बेदिली से पूछा,"
5,217,ज़ोहरा,"उसी दिनेश के घर हैं, जिसको फांसी की सज़ा हो गई है। उसके दो बच्चे हैं, औरत है और मां है। दिनभर उन्हीं बच्चों को खिलाती है, बुढिया के लिए नदी से पानी लाती है। घर का सारा काम-काज करती है और उनके लिए बडे।-बडे आदमियों से चंदा मांग लाती है। दिनेश के घर में न कोई जायदाद थी, न रूपये थे। लोग बडी तकलीफ में थे। कोई मददगार तक न था, जो जाकर उन्हें ढाढ़स तो देता। जितने साथी-सोहबती थे, सब-के-सब मुंह छिपा बैठे।दो-तीन फाके तक हो चुके थे। जालपा ने जाकर उनको जिला लिया।",named_dash_quote,"ज़ोहरा-'उसी दिनेश के घर हैं, जिसको फांसी की सज़ा हो गई है। उसके दो बच्चे हैं, औरत है और मां है। दिनभर उन्हीं बच्चों को खिलाती है, बुढिया के लिए नदी से पानी लाती है। घर का सारा काम-काज करती है और उनके लिए बडे।-बडे आदमियों से चंदा मांग लाती है। दिनेश के घर में न कोई जायदाद थी, न रूपये थे। लोग बडी तकलीफ में थे। कोई मददगार तक न था, जो जाकर उन्हें ढाढ़स तो देता। जितने साथी-सोहबती थे, सब-के-सब मुंह छिपा बैठे।दो-तीन फाके तक हो चुके थे। जालपा ने जाकर उनको जिला लिया।'",ज़ोहरा-
5,218,रमानाथ,"तुम खड़ी क्यों हो, शुरू से बताओ, तुमने तो बीच में से कहना शुरू किया। एक बात भी मत छोड़ना। तुम पहले उसके पास कैसे पहुंची- पता कैसे लगा?",named_comma_quote,"रमा की सारी बेदिली काफूरहो गई। जूता छोड़ दिया और कुर्सी पर बैठकर बोले, 'तुम खड़ी क्यों हो, शुरू से बताओ, तुमने तो बीच में से कहना शुरू किया। एक बात भी मत छोड़ना। तुम पहले उसके पास कैसे पहुंची- पता कैसे लगा?'","रमा की सारी बेदिली काफूरहो गई। जूता छोड़ दिया और कुर्सी पर बैठकर बोले,"
5,219,ज़ोहरा,"कुछ नहीं, पहले उसी देवीदीन खटिक के पास गई। उसने दिनेश के घर का पता बता दिया। चटपट जा पहुंची।",named_dash_quote,"ज़ोहरा-'कुछ नहीं, पहले उसी देवीदीन खटिक के पास गई। उसने दिनेश के घर का पता बता दिया। चटपट जा पहुंची।'",ज़ोहरा-
5,220,रमानाथ,तुमने जाकर उसे पुकारा- तुम्हें देखकर कुछ चौंकी नहीं? कुछ झिझकी तो जरूर होगी!,unquoted_dash,रमानाथ-'तुमने जाकर उसे पुकारा- तुम्हें देखकर कुछ चौंकी नहीं? कुछ झिझकी तो जरूर होगी!,रमानाथ
5,221,देवीदीन,"मैं यहां यूनिवर्सिटी में पढ़ती हूं। अपना घर मुंगेर बतलाया। बच्चों के लिए मिठाई ले गई थी। हमदर्द का पार्ट खेलने गई थी, और मेरा ख़याल है कि मैंने ख़ूब खेला, दोनों औरतें बेचारी रोने लगीं। मैं भी जब्त न कर सकी। उनसे कभी-कभी मिलते रहने का वादा किया। जालपा इसी बीच में गंगाजल लिये पहुंची। मैंने दिनेश की मां से बंगला में पूछा,",named_dash_quote,"ज़ोहरा मुस्कराकर बोली,मैं इस रूप में न थी। देवीदीन के घर से मैं अपने घर गई और ब्रह्मा-समाजी लेडी का स्वांग भरा। न जाने मुझमें ऐसी कौनसी बात है, जिससे दूसरों को फौरन पता चल जाता है कि मैं कौन हूं, या क्या हूं। और ब्रह्माणों- लेडियों को देखती हूं, कोई उनकी तरफ आंखें तक नहीं उठाता। मेरा पहनावा-ओढ़ावा वही है, मैं भड़कीले कपड़े या फजूल के गहने बिलकुल नहीं पहनती। फिर भी सब मेरी तरफ आंखें फाड़- फाड़कर देखते हैं। मेरी असलियत नहीं छिपती। यही खौफ मुझे था कि कहीं जालपा भांप न जाय, लेकिन मैंने दांत ख़ूब साफ कर लिए थे। पान का निशान तक न था। मालूम होता था किसी कालेज की लेडी टीचर होगी। इस शक्ल में मैं वहां पहुंची। ऐसी सूरत बना ली कि वह क्या, कोई भी न भांप सकता था। परदा ढंका रह गया। मैंने दिनेश की मां से कहा, 'मैं यहां यूनिवर्सिटी में पढ़ती हूं। अपना घर मुंगेर बतलाया। बच्चों के लिए मिठाई ले गई थी। हमदर्द का पार्ट खेलने गई थी, और मेरा ख़याल है कि मैंने ख़ूब खेला, दोनों औरतें बेचारी रोने लगीं। मैं भी जब्त न कर सकी। उनसे कभी-कभी मिलते रहने का वादा किया। जालपा इसी बीच में गंगाजल लिये पहुंची। मैंने दिनेश की मां से बंगला में पूछा, 'क्या यह कहारिन है? उसने कहा, नहीं, यह भी तुम्हारी ही तरह हम लोगों के दुःख में शरीक होने आ गई है। यहां इनका शौहर किसी दफ्तर में नौकर है। और तो कुछ नहीं मालूम, रोज़ सबेरे आ जाती हैं और बच्चों को खेलाने ले जाती हैं। मैं अपने हाथ से गंगाजल लाया करती थी। मुझे रोक दिया और ख़ुद लाती हैं। हमें तो इन्होंने जीवन-दान दिया। कोई आगे-पीछे न था। बच्चे दाने-दाने को तरसते थे। जब से यह आ गई हैं, हमें कोई कष्ट नहीं है। न जाने किस शुभ कर्म का यह वरदान हमें मिला है।","ज़ोहरा मुस्कराकर बोली,मैं इस रूप में न थी। देवीदीन के घर से मैं अपने घर गई और ब्रह्मा-समाजी लेडी का स्वांग भरा। न जाने मुझमें ऐसी कौनसी बात है, जिससे दूसरों को फौरन पता चल जाता है कि मैं कौन हूं, या क्या हूं। और ब्रह्माणों- लेडियों को देखती हूं, कोई उनकी तरफ आंखें तक नहीं उठाता। मेरा पहनावा-ओढ़ावा वही है, मैं भड़कीले कपड़े या फजूल के गहने बिलकुल नहीं पहनती। फिर भी सब मेरी तरफ आंखें फाड़- फाड़कर देखते हैं। मेरी असलियत नहीं छिपती। यही खौफ मुझे था कि कहीं जालपा भांप न जाय, लेकिन मैंने दांत ख़ूब साफ कर लिए थे। पान का निशान तक न था। मालूम होता था किसी कालेज की लेडी टीचर होगी। इस शक्ल में मैं वहां पहुंची। ऐसी सूरत बना ली कि वह क्या, कोई भी न भांप सकता था। परदा ढंका रह गया। मैंने दिनेश की मां से कहा,"
5,222,Unknown,"सा पार्क है। महल्ले-भर के बच्चे वहीं खेला करते हैं। शाम हो गई थी, जालपा देवी ने दोनों बच्चों को साथ लिया और पार्क की तरफ चलीं। मैं जो मिठाई ले गई थी, उसमें से बूढ़ी ने एक- एक मिठाई दोनों बच्चों को दी थी। दोनों कूद-कूदकर नाचने लगे। बच्चों की इस ख़ुशी पर मुझे रोना आ गया। दोनों मिठाइयां खाते हुए जालपा के साथ हो लिए। जब पार्क में दोनों बच्चे खेलने लगे, तब जालपा से मेरी बातें होने लगीं! रमा ने कुर्सी और करीब खींच ली, और आगे को झुक गया। बोला,तुमने किस तरह बातचीत शुरू की।",unquoted_dash,"उस घर के सामने ही एक छोटा-सा पार्क है। महल्ले-भर के बच्चे वहीं खेला करते हैं। शाम हो गई थी, जालपा देवी ने दोनों बच्चों को साथ लिया और पार्क की तरफ चलीं। मैं जो मिठाई ले गई थी, उसमें से बूढ़ी ने एक- एक मिठाई दोनों बच्चों को दी थी। दोनों कूद-कूदकर नाचने लगे। बच्चों की इस ख़ुशी पर मुझे रोना आ गया। दोनों मिठाइयां खाते हुए जालपा के साथ हो लिए। जब पार्क में दोनों बच्चे खेलने लगे, तब जालपा से मेरी बातें होने लगीं! रमा ने कुर्सी और करीब खींच ली, और आगे को झुक गया। बोला,तुमने किस तरह बातचीत शुरू की।",उस घर के सामने ही एक छोटा
5,223,ज़ोहरा,,named_dash_quote,"ज़ोहरा -' 'कह तो रही हूं। मैंने पूछा, 'जालपा देवी, तुम कहां रहती हो? घर की दोनों औरतों से तुम्हारी बडाई सुनकर तुम्हारे ऊपर आशिक हो गई हूं।'",ज़ोहरा -
5,223,Unknown,"जालपा देवी, तुम कहां रहती हो? घर की दोनों औरतों से तुम्हारी बडाई सुनकर तुम्हारे ऊपर आशिक हो गई हूं।",unattributed_quote,"ज़ोहरा -' 'कह तो रही हूं। मैंने पूछा, 'जालपा देवी, तुम कहां रहती हो? घर की दोनों औरतों से तुम्हारी बडाई सुनकर तुम्हारे ऊपर आशिक हो गई हूं।'","कह तो रही हूं। मैंने पूछा,"
5,224,रमानाथ,यही लफ्ज कहा था तुमने?,named_dash_quote,रमानाथ-'यही लफ्ज कहा था तुमने?',रमानाथ-
5,225,ज़ोहरा,"हां, जरा मज़ाक करने की सूझी। मेरी तरफ ताज्जुब से देखकर बोली,तुम तो बंगालिन नहीं मालूम होतीं। इतनी साफ हिंदी कोई बंगालिन नहीं बोलती। मैंने कहा,",named_dash_quote,"ज़ोहरा-'हां, जरा मज़ाक करने की सूझी। मेरी तरफ ताज्जुब से देखकर बोली,तुम तो बंगालिन नहीं मालूम होतीं। इतनी साफ हिंदी कोई बंगालिन नहीं बोलती। मैंने कहा, 'मैं मुंगेर की रहने वाली हूं और वहां मुसलमानी औरतों के साथ बहुत मिलती-जुलती रही हूं। आपसे कभी-कभी मिलने का जी चाहता है। आप कहां रहती हैं। कभी-कभी दो घड़ी के लिए चली आऊंगी। आपके साथ घड़ी भर बैठकर मैं भी आदमीयत सीख जाऊंगी। जालपा ने शरमाकर कहा, 'तुम तो मुझे बनाने लगीं, कहां तुम कालेजकी पढ़ने वाली, कहां मैं अपढ़गंवार औरत। तुमसे मिलकर मैं अलबत्ता आदमी बन जाऊंगी। जब जी चाहे, यहीं चले आना। यही मेरा घर समझो।",ज़ोहरा-
5,226,Unknown,तुम्हारे स्वामीजी ने तुम्हें इतनी आजादी दे रक्खी है। बडे। अच्छे ख़यालों के आदमी होंगे। किस दफ्तर में नौकर हैं?,unattributed_quote,"मैंने कहा, 'तुम्हारे स्वामीजी ने तुम्हें इतनी आजादी दे रक्खी है। बडे। अच्छे ख़यालों के आदमी होंगे। किस दफ्तर में नौकर हैं?'","मैंने कहा,"
5,227,जालपा,पुलिस में उम्मेदवार हैं।,named_comma_quote,"जालपा ने अपने नाखूनों को देखते हुए कहा, 'पुलिस में उम्मेदवार हैं।'","जालपा ने अपने नाखूनों को देखते हुए कहा,"
5,228,Unknown,पुलिस के आदमी होकर वह तुम्हें यहां आने की आज़ादी देते हैं?,unattributed_quote,"मैंने ताज्जुब से पूछा, 'पुलिस के आदमी होकर वह तुम्हें यहां आने की आज़ादी देते हैं?'","मैंने ताज्जुब से पूछा,"
5,229,जालपा,वह मुझसे कुछ नहीं कहते---मैंने उनसे यहां आने की बात नहीं कही--वह घर बहुत कम आते हैं। वहीं पुलिस वालों के साथ रहते हैं।,named_comma_quote,"जालपा इस प्रश्न के लिए तैयार न मालूम होती थी। कुछ चौंककर बोली, 'वह मुझसे कुछ नहीं कहते---मैंने उनसे यहां आने की बात नहीं कही--वह घर बहुत कम आते हैं। वहीं पुलिस वालों के साथ रहते हैं।'","जालपा इस प्रश्न के लिए तैयार न मालूम होती थी। कुछ चौंककर बोली,"
5,230,जवाब,"तुम अपने स्वामी से कहकर किसी तरह मेरी मुलाकात उस मुख़बिर से करा सकती हो, जिसने इन कैदियों के ख़िलाफ गवाही दी है? रमानाथ की आंखें फैल गई और छाती धक-धक करने लगी। जोहरा बोली,",named_dash_quote,"उन्होंने एक साथ तीन जवाब दिए। फिर भी उन्हें शक हो रहा था कि इनमें से कोई जवाब इत्मीनान के लायक नहीं है। वह कुछ खिसियानी-सी होकर दूसरी तरफ ताकने लगी। मैंने पूछा, 'तुम अपने स्वामी से कहकर किसी तरह मेरी मुलाकात उस मुख़बिर से करा सकती हो, जिसने इन कैदियों के ख़िलाफ गवाही दी है? रमानाथ की आंखें फैल गई और छाती धक-धक करने लगी। जोहरा बोली, 'यह सुनकर जालपा ने मुझे चुभती हुई आंखों से देखकर पूछा,तुम उनसे मिलकर क्या करोगी?'","उन्होंने एक साथ तीन जवाब दिए। फिर भी उन्हें शक हो रहा था कि इनमें से कोई जवाब इत्मीनान के लायक नहीं है। वह कुछ खिसियानी-सी होकर दूसरी तरफ ताकने लगी। मैंने पूछा,"
5,231,Unknown,"तुम मुलाकात करा सकती हो या नहीं, मैं उनसे यही पूछना चाहती हूं कि तुमने इतने आदमियों को फंसाकर क्या पाया? देखूंगी वह क्या जवाब देते हैं?",unattributed_quote,"मैंने कहा, 'तुम मुलाकात करा सकती हो या नहीं, मैं उनसे यही पूछना चाहती हूं कि तुमने इतने आदमियों को फंसाकर क्या पाया? देखूंगी वह क्या जवाब देते हैं?'","मैंने कहा,"
5,232,जालपा,"वह यह कह सकता है, मैंने अपने फायदे के लिए किया! सभी आदमी अपना फायदा सोचते हैं। मैंने भी सोचा।",named_comma_quote,"जालपा का चेहरा सख्त पड़ गया। बोली, 'वह यह कह सकता है, मैंने अपने फायदे के लिए किया! सभी आदमी अपना फायदा सोचते हैं। मैंने भी सोचा।' जब पुलिस के सैकड़ों आदमियों से कोई यह प्रश्न नहीं करता, तो उससे यह प्रश्न क्यों किया जाय? इससे कोई फायदा नहीं।","जालपा का चेहरा सख्त पड़ गया। बोली,"
5,234,जालपा,"तुम मुझसे यह सवाल क्यों करती हो, तुम खुद अपने दिल में इसका जवाब क्यों नहीं ढूंढ़तीं?",named_comma_quote,"जालपा ने मेरी तरफ सहमी हुई आंखों से देखकर कहा, 'तुम मुझसे यह सवाल क्यों करती हो, तुम खुद अपने दिल में इसका जवाब क्यों नहीं ढूंढ़तीं?'","जालपा ने मेरी तरफ सहमी हुई आंखों से देखकर कहा,"
5,235,Unknown,"मैं तो उनसे कभी न बोलती, न कभी उनकी सूरत देखती।",unattributed_quote,"मैंने कहा,'मैं तो उनसे कभी न बोलती, न कभी उनकी सूरत देखती।'","मैंने कहा,"
5,236,जालपा,"शायद मैं भी ऐसा ही समझती,या न समझती,कुछ कह नहीं सकती। आख़िर पुलिस के अफसरों के घर में भी तो औरतें हैं, वे क्यों नहीं अपने आदमियों को कुछ कहतीं, जिस तरह उनके ह्रदय अपने मरदों के-से हो गए हैं, संभव है, मेरा ह्रदय भी वैसा ही हो जाता।",named_comma_quote,"जालपा ने गंभीर चिंता के भाव से कहा, 'शायद मैं भी ऐसा ही समझती,या न समझती,कुछ कह नहीं सकती। आख़िर पुलिस के अफसरों के घर में भी तो औरतें हैं, वे क्यों नहीं अपने आदमियों को कुछ कहतीं, जिस तरह उनके ह्रदय अपने मरदों के-से हो गए हैं, संभव है, मेरा ह्रदय भी वैसा ही हो जाता।'","जालपा ने गंभीर चिंता के भाव से कहा,"
5,237,Unknown,मुझे देर हो रही है। बच्चे साथ हैं। कल हो सके तो फिर मिलिएगा। आपकी बातों में बडा आनंद आता है।,unattributed_quote,"इतने में अंधेरा हो गया। जालपादेवी ने कहा, 'मुझे देर हो रही है। बच्चे साथ हैं। कल हो सके तो फिर मिलिएगा। आपकी बातों में बडा आनंद आता है।'","इतने में अंधेरा हो गया। जालपादेवी ने कहा,"
5,238,Unknown,जरूर आइएगा। वहीं मैं मिलूंगी। आपका इंतज़ार करती रहूंगी।,unattributed_quote,"मैं चलने लगी, तो उन्होंने चलते-चलते मुझसे कहा,'जरूर आइएगा। वहीं मैं मिलूंगी। आपका इंतज़ार करती रहूंगी।'लेकिन दस ही कदम के बाद फिर रूककर बोलीं, 'मैंने आपका नाम तो","मैं चलने लगी, तो उन्होंने चलते-चलते मुझसे कहा,"
5,240,रमानाथ,सच!,named_comma_quote,"मैं तो यह चाहती ही थी। अपना नाम ज़ोहरा बतला दिया। रमा ने पूछा, 'सच!'","मैं तो यह चाहती ही थी। अपना नाम ज़ोहरा बतला दिया। रमा ने पूछा,"
5,241,ज़ोहरा,"हां, हरज क्या था। पहले तो जालपा भी ज़रा चौंकी, पर कोई बात न थी। समझ गई, बंगाली मुसलमान होगी। हम दोनों उसके घर गई। उस ज़रासे कठघरे में न जाने वह कैसे बैठती हैं। एक तिल भी जगह नहीं। कहीं मटके हैं, कहीं पानी, कहीं खाट, कहीं बिछावनब सील और बदबू से नाक फटी जाती थी। खाना तैयार हो गया था। दिनेश की बहू बरतन धो रही थी। जालपा ने उसे उठा दिया,जाकर बच्चों को खिलाकर सुला दो, मैं बरतन धोए देती हूं। और ख़ुद बरतन मांजने लगीं। उनकी यह खिदमत देखकर मेरे दिल पर इतना असर हुआ कि मैं भी वहीं बैठ गई और मांजे हुए बरतनों को धोने लगी। जालपा ने मुझे वहां से हट जाने के लिए कहा, पर मैं न हटीब, बराबर बरतन धोती रही। जालपा ने तब पानी का मटका अलग हटाकर कहा,",named_dash_quote,"ज़ोहरा- 'हां, हरज क्या था। पहले तो जालपा भी ज़रा चौंकी, पर कोई बात न थी। समझ गई, बंगाली मुसलमान होगी। हम दोनों उसके घर गई। उस ज़रासे कठघरे में न जाने वह कैसे बैठती हैं। एक तिल भी जगह नहीं। कहीं मटके हैं, कहीं पानी, कहीं खाट, कहीं बिछावनब सील और बदबू से नाक फटी जाती थी। खाना तैयार हो गया था। दिनेश की बहू बरतन धो रही थी। जालपा ने उसे उठा दिया,जाकर बच्चों को खिलाकर सुला दो, मैं बरतन धोए देती हूं। और ख़ुद बरतन मांजने लगीं। उनकी यह खिदमत देखकर मेरे दिल पर इतना असर हुआ कि मैं भी वहीं बैठ गई और मांजे हुए बरतनों को धोने लगी। जालपा ने मुझे वहां से हट जाने के लिए कहा, पर मैं न हटीब, बराबर बरतन धोती रही। जालपा ने तब पानी का मटका अलग हटाकर कहा, 'मैं पानी न दूंगी, तुम उठ जाओ, मुझे बडी शर्म आती है, तुम्हें मेरी कसम, हट जाओ, यहां आना तो तुम्हारी सजा हो गई, तुमने ऐसा काम अपनी जिंदगी में क्यों किया होगा! मैंने कहा, 'तुमने भी तो कभी नहीं किया होगा, जब तुम करती हो, तो मेरे लिए क्या हरज है।'",ज़ोहरा-
5,241,Unknown,"तुमने भी तो कभी नहीं किया होगा, जब तुम करती हो, तो मेरे लिए क्या हरज है।",unattributed_quote,"ज़ोहरा- 'हां, हरज क्या था। पहले तो जालपा भी ज़रा चौंकी, पर कोई बात न थी। समझ गई, बंगाली मुसलमान होगी। हम दोनों उसके घर गई। उस ज़रासे कठघरे में न जाने वह कैसे बैठती हैं। एक तिल भी जगह नहीं। कहीं मटके हैं, कहीं पानी, कहीं खाट, कहीं बिछावनब सील और बदबू से नाक फटी जाती थी। खाना तैयार हो गया था। दिनेश की बहू बरतन धो रही थी। जालपा ने उसे उठा दिया,जाकर बच्चों को खिलाकर सुला दो, मैं बरतन धोए देती हूं। और ख़ुद बरतन मांजने लगीं। उनकी यह खिदमत देखकर मेरे दिल पर इतना असर हुआ कि मैं भी वहीं बैठ गई और मांजे हुए बरतनों को धोने लगी। जालपा ने मुझे वहां से हट जाने के लिए कहा, पर मैं न हटीब, बराबर बरतन धोती रही। जालपा ने तब पानी का मटका अलग हटाकर कहा, 'मैं पानी न दूंगी, तुम उठ जाओ, मुझे बडी शर्म आती है, तुम्हें मेरी कसम, हट जाओ, यहां आना तो तुम्हारी सजा हो गई, तुमने ऐसा काम अपनी जिंदगी में क्यों किया होगा! मैंने कहा, 'तुमने भी तो कभी नहीं किया होगा, जब तुम करती हो, तो मेरे लिए क्या हरज है।'","मैं पानी न दूंगी, तुम उठ जाओ, मुझे बडी शर्म आती है, तुम्हें मेरी कसम, हट जाओ, यहां आना तो तुम्हारी सजा हो गई, तुमने ऐसा काम अपनी जिंदगी में क्यों किया होगा! मैंने कहा,"
5,242,जालपा,मेरी और बात है।,named_comma_quote,"जालपा ने कहा, 'मेरी और बात है।'","जालपा ने कहा,"
5,243,Unknown,"क्यों? जो बात तुम्हारे लिए है, वही मेरे लिए भी है। कोई महरी क्यों नहीं रख लेती हो?",unattributed_quote,"मैंने पूछा, 'क्यों? जो बात तुम्हारे लिए है, वही मेरे लिए भी है। कोई महरी क्यों नहीं रख लेती हो?'","मैंने पूछा,"
5,244,जालपा,महरियां आठ-आठ रूपये मांगती हैं।,named_comma_quote,"जालपा ने कहा, 'महरियां आठ-आठ रूपये मांगती हैं।'","जालपा ने कहा,"
5,245,Unknown,मैं आठ रूपये महीना दे दिया करूंगी।,unattributed_quote,"मैं बोली, 'मैं आठ रूपये महीना दे दिया करूंगी।'","मैं बोली,"
5,247,Unknown,"तुम्हें देर हो रही हो तो जाओ, कल फिर आना। मैंने कहा,",unattributed_quote,"बरतन धोकर उठीं, तो बुढिया के पांव दबाने बैठ गई। मैं चुपचाप खड़ी थी। मुझसे बोलीं, 'तुम्हें देर हो रही हो तो जाओ, कल फिर आना। मैंने कहा, 'नहीं, मैं तुम्हें तुम्हारे घर पहुंचाकर उधर ही से निकल जाऊंगी। गरज नौ बजे के बाद वह वहां से चलीं। रास्ते में मैंने कहा, 'जालपा-' तुम सचमुच देवी हो।'","बरतन धोकर उठीं, तो बुढिया के पांव दबाने बैठ गई। मैं चुपचाप खड़ी थी। मुझसे बोलीं,"
5,247,Unknown,जालपा-,unattributed_quote,"बरतन धोकर उठीं, तो बुढिया के पांव दबाने बैठ गई। मैं चुपचाप खड़ी थी। मुझसे बोलीं, 'तुम्हें देर हो रही हो तो जाओ, कल फिर आना। मैंने कहा, 'नहीं, मैं तुम्हें तुम्हारे घर पहुंचाकर उधर ही से निकल जाऊंगी। गरज नौ बजे के बाद वह वहां से चलीं। रास्ते में मैंने कहा, 'जालपा-' तुम सचमुच देवी हो।'","नहीं, मैं तुम्हें तुम्हारे घर पहुंचाकर उधर ही से निकल जाऊंगी। गरज नौ बजे के बाद वह वहां से चलीं। रास्ते में मैंने कहा,"
5,248,जालपा,ज़ोहरा -,named_comma_quote,"जालपा ने छूटते ही कहा, 'ज़ोहरा -' ऐसा मत कहो मैं ख़िदमत नहीं कर रही हूं, अपने पापों का प्रायश्चित्ता कर रही हूं। मैं बहुत दुद्यखी हूं। मुझसे बडी अभागिनी संसार में न होगी।'","जालपा ने छूटते ही कहा,"
5,249,Unknown,इसका मतलब मैं नहीं समझी।,unattributed_quote,"मैंने अनजान बनकर कहा, 'इसका मतलब मैं नहीं समझी।'","मैंने अनजान बनकर कहा,"
5,250,जालपा,कभी समझ जाओगी। मेरा प्रायश्चित्त इस जन्म में न पूरा होगा। इसके लिए मुझे कई जन्म लेने पड़ेंगे।,named_comma_quote,"जालपा ने सामने ताकते हुए कहा, 'कभी समझ जाओगी। मेरा प्रायश्चित्त इस जन्म में न पूरा होगा। इसके लिए मुझे कई जन्म लेने पड़ेंगे।' 'मैंने कहा,तुम तो मुझे चक्कर में डाले देती हो, बहन! मेरी समझ में कुछ नहीं आ रहा है। जब तक तुम इसे समझा न दोगी, मैं तुम्हारा गला न छोडूंगी।' जालपा ने एक लंबी सांस लेकर कहा, 'ज़ोहरा -' किसी बात को ख़ुद छिपाए रहना इससे ज्यादा आसान है कि दूसरों पर वह बोझ रक्खूं।'मैंने आर्त कंठ से कहा, 'हां, पहली मुलाकात में अगर आपको मुझ पर इतना एतबार न हो, तो मैं आपको इलज़ाम न दूंगी, मगर कभी न कभी आपको मुझ पर एतबार करना पड़ेगा। मैं आपको छोडूंगी नहीं।'","जालपा ने सामने ताकते हुए कहा,"
5,250,Unknown,"मैंने कहा,तुम तो मुझे चक्कर में डाले देती हो, बहन! मेरी समझ में कुछ नहीं आ रहा है। जब तक तुम इसे समझा न दोगी, मैं तुम्हारा गला न छोडूंगी।",unattributed_quote,"जालपा ने सामने ताकते हुए कहा, 'कभी समझ जाओगी। मेरा प्रायश्चित्त इस जन्म में न पूरा होगा। इसके लिए मुझे कई जन्म लेने पड़ेंगे।' 'मैंने कहा,तुम तो मुझे चक्कर में डाले देती हो, बहन! मेरी समझ में कुछ नहीं आ रहा है। जब तक तुम इसे समझा न दोगी, मैं तुम्हारा गला न छोडूंगी।' जालपा ने एक लंबी सांस लेकर कहा, 'ज़ोहरा -' किसी बात को ख़ुद छिपाए रहना इससे ज्यादा आसान है कि दूसरों पर वह बोझ रक्खूं।'मैंने आर्त कंठ से कहा, 'हां, पहली मुलाकात में अगर आपको मुझ पर इतना एतबार न हो, तो मैं आपको इलज़ाम न दूंगी, मगर कभी न कभी आपको मुझ पर एतबार करना पड़ेगा। मैं आपको छोडूंगी नहीं।'",
5,250,जालपा,ज़ोहरा -,named_comma_quote,"जालपा ने सामने ताकते हुए कहा, 'कभी समझ जाओगी। मेरा प्रायश्चित्त इस जन्म में न पूरा होगा। इसके लिए मुझे कई जन्म लेने पड़ेंगे।' 'मैंने कहा,तुम तो मुझे चक्कर में डाले देती हो, बहन! मेरी समझ में कुछ नहीं आ रहा है। जब तक तुम इसे समझा न दोगी, मैं तुम्हारा गला न छोडूंगी।' जालपा ने एक लंबी सांस लेकर कहा, 'ज़ोहरा -' किसी बात को ख़ुद छिपाए रहना इससे ज्यादा आसान है कि दूसरों पर वह बोझ रक्खूं।'मैंने आर्त कंठ से कहा, 'हां, पहली मुलाकात में अगर आपको मुझ पर इतना एतबार न हो, तो मैं आपको इलज़ाम न दूंगी, मगर कभी न कभी आपको मुझ पर एतबार करना पड़ेगा। मैं आपको छोडूंगी नहीं।'","जालपा ने एक लंबी सांस लेकर कहा,"
5,250,Unknown,"मैंने आर्त कंठ से कहा,",unattributed_quote,"जालपा ने सामने ताकते हुए कहा, 'कभी समझ जाओगी। मेरा प्रायश्चित्त इस जन्म में न पूरा होगा। इसके लिए मुझे कई जन्म लेने पड़ेंगे।' 'मैंने कहा,तुम तो मुझे चक्कर में डाले देती हो, बहन! मेरी समझ में कुछ नहीं आ रहा है। जब तक तुम इसे समझा न दोगी, मैं तुम्हारा गला न छोडूंगी।' जालपा ने एक लंबी सांस लेकर कहा, 'ज़ोहरा -' किसी बात को ख़ुद छिपाए रहना इससे ज्यादा आसान है कि दूसरों पर वह बोझ रक्खूं।'मैंने आर्त कंठ से कहा, 'हां, पहली मुलाकात में अगर आपको मुझ पर इतना एतबार न हो, तो मैं आपको इलज़ाम न दूंगी, मगर कभी न कभी आपको मुझ पर एतबार करना पड़ेगा। मैं आपको छोडूंगी नहीं।'",किसी बात को ख़ुद छिपाए रहना इससे ज्यादा आसान है कि दूसरों पर वह बोझ रक्खूं।
5,251,जालपा,ज़ोहरा -,named_comma_quote,"कुछ दूर तक हम दोनों चुपचाप चलती रहीं, एकाएक जालपा ने कांपती हुई आवाज़ में कहा, 'ज़ोहरा -' अगर इस वक्त तुम्हें मालूम हो जाय कि मैं कौन हूं, तो शायद तुम नफरत से मुंह उधर लोगी और मेरे साए से भी दूर भागोगी।'","कुछ दूर तक हम दोनों चुपचाप चलती रहीं, एकाएक जालपा ने कांपती हुई आवाज़ में कहा,"
5,252,Unknown,यह तुम्हारा ख़याल फलत है देवी!,unattributed_quote,"इन लर्जिेंशों में न मालूम क्या जादू था कि मेरे सारे रोएं खड़े हो गए। यह एक रंज और शर्म से भरे हुए दिल की आवाज़ थी और इसने मेरी स्याह जिंदगी की सूरत मेरे सामने खड़ी कर दी। मेरी आंखों में आंसू भर आए। ऐसा जी में आया कि अपना सारा स्वांग खोल दूं। न जाने उनके सामने मेरा दिल क्यों ऐसा हो गया था। मैंने बड़े-बडे काइएं और छंटे हुए शोहदों और पुलिस-अफसरों को चपर-गट्टू बनाया है, पर उनके सामने मैं जैसे भीगी बिल्ली बनी हुई थी। फिर मैंने जाने कैसे अपने को संभाल लिया। मैं बोली तो मेरा गला भी भरा हुआ था, 'यह तुम्हारा ख़याल फलत है देवी!'","इन लर्जिेंशों में न मालूम क्या जादू था कि मेरे सारे रोएं खड़े हो गए। यह एक रंज और शर्म से भरे हुए दिल की आवाज़ थी और इसने मेरी स्याह जिंदगी की सूरत मेरे सामने खड़ी कर दी। मेरी आंखों में आंसू भर आए। ऐसा जी में आया कि अपना सारा स्वांग खोल दूं। न जाने उनके सामने मेरा दिल क्यों ऐसा हो गया था। मैंने बड़े-बडे काइएं और छंटे हुए शोहदों और पुलिस-अफसरों को चपर-गट्टू बनाया है, पर उनके सामने मैं जैसे भीगी बिल्ली बनी हुई थी। फिर मैंने जाने कैसे अपने को संभाल लिया। मैं बोली तो मेरा गला भी भरा हुआ था,"
5,253,Unknown,शायद तब मैं तुम्हारे पैरों पर फिर पड़ूंगी। अपनी या अपनों की बुराइयों पर शर्मिन्दा होना सच्चे दिलों का काम है।,unattributed_quote,'शायद तब मैं तुम्हारे पैरों पर फिर पड़ूंगी। अपनी या अपनों की बुराइयों पर शर्मिन्दा होना सच्चे दिलों का काम है।',
5,254,जालपा,"लेकिन तुम मेरा हाल जानकर करोगी क्या बस, इतना ही समझ लो कि एक ग़रीब अभागिन औरत हूं, जिसे अपने ही जैसे अभागे और ग़रीब आदमियों के साथ मिलने-जुलने में आनंद आता है।",named_comma_quote,"जालपा ने कहा, 'लेकिन तुम मेरा हाल जानकर करोगी क्या बस, इतना ही समझ लो कि एक ग़रीब अभागिन औरत हूं, जिसे अपने ही जैसे अभागे और ग़रीब आदमियों के साथ मिलने-जुलने में आनंद आता है।'","जालपा ने कहा,"
5,255,Unknown,"इसी तरह वह बार-बार टालती रही, लेकिन मैंने पीछा न छोडा, आख़िर उसके मुंह से बात निकाल ही ली।",unattributed_quote,"'इसी तरह वह बार-बार टालती रही, लेकिन मैंने पीछा न छोडा, आख़िर उसके मुंह से बात निकाल ही ली।'",
5,256,रमानाथ,"यह नहीं, सब कुछ कहना पड़ेगा।",named_comma_quote,"रमा ने कहा, 'यह नहीं, सब कुछ कहना पड़ेगा।'","रमा ने कहा,"
5,257,ज़ोहरा,"अब आधी रात तक की कथा कहां तक सुनाऊं। घंटों लग जाएंगे। जब मैं बहुत पीछे पड़ी, तो उन्होंने आख़िर में कहा,मैं उसी मुखबिर की बदनसीब औरत हूं, जिसने इन कैदियों पर यह आगत ढाई है। यह कहते-कहते वह रो पड़ीं। फिर ज़रा आवाज़ को संभालकर बोलीं,हम लोग इलाहाबाद के रहने वाले हैं। एक ऐसी बात हुई कि इन्हें वहां से भागना पड़ा। किसी से कुछ कहा न सुना, भाग आए। कई महीनों में पता चला कि वह यहां हैं।",named_dash_quote,"ज़ोहरा-'अब आधी रात तक की कथा कहां तक सुनाऊं। घंटों लग जाएंगे। जब मैं बहुत पीछे पड़ी, तो उन्होंने आख़िर में कहा,मैं उसी मुखबिर की बदनसीब औरत हूं, जिसने इन कैदियों पर यह आगत ढाई है। यह कहते-कहते वह रो पड़ीं। फिर ज़रा आवाज़ को संभालकर बोलीं,हम लोग इलाहाबाद के रहने वाले हैं। एक ऐसी बात हुई कि इन्हें वहां से भागना पड़ा। किसी से कुछ कहा न सुना, भाग आए। कई महीनों में पता चला कि वह यहां हैं।'",ज़ोहरा-
5,259,ज़ोहरा,"यह सब मैंने दूसरे दिन जान लिया। अब मैं तुम्हारे रगरग से वाकिफ हो गई। जालपा मेरी सहेली है। शायद ही अपनी कोई बात उन्होंने मुझसे छिपाई हो कहने लगीं,ज़ोहरा -",named_comma_quote,"ज़ोहरा बोली,'यह सब मैंने दूसरे दिन जान लिया। अब मैं तुम्हारे रगरग से वाकिफ हो गई। जालपा मेरी सहेली है। शायद ही अपनी कोई बात उन्होंने मुझसे छिपाई हो कहने लगीं,ज़ोहरा -' मैं बडी मुसीबत में फंसी हुई हूं। एक तरफ तो एक आदमी की जान और कई खानदानों की तबाही है, दूसरी तरफ अपनी तबाही है। मैं चाहूं, तो आज इन सबों की जान बचा सकती हूं। मैं अदालत को ऐसा सबूत दे सकती हूं कि फिर मुखबिर की शहादत की कोई हैसियत ही न रह जायगी, पर मुखबिर को सजा से नहीं बचा सकती। बहन, इस दुविधा में मैं पड़ी नरक का कष्ट झेल रही हूं। न यही होता है कि इन लोगों को मरने दूं, और न यही हो सकता है कि रमा को आग में झोंक दूं। यह कहकर वह रो पड़ीं और बोलीं, बहन, मैं खुद मर जाऊंगी, पर उनका अनिष्ट मुझसे न होगा। न्याय पर उन्हें भेंट नहीं कर सकती। अभी देखती हूं, क्या फैसला होता है। नहीं कह सकती, उस वक्त मैं क्या कर बैठूं। शायद वहीं हाईकोर्ट में सारा किस्सा कह सुनाऊं, शायद उसी दिन जहर खाकर सो रहूं।'","ज़ोहरा बोली,"
5,260,जालपा,कहो तो कहूं?,named_dash_quote,"इतने में देवीदीन का घर आ गया। हम दोनों विदा हुई। जालपा ने मुझसे बहुत इसरार किया कि कल इसी वक्त ग़िर आना। दिन?भर तो उन्हें बात करने की फुरसत नहीं रहती। बस वही शाम को मौका मिलता था। वह इतने रूपये जमा कर देना चाहती हैं कि कम-से-कम दिनेश के घर वालों को कोई तकलीफ न हो दो सौ रूपये से ज्यादा जमा कर चुकी हैं। मैंने भी पांच रूपये दिए। मैंने दो-एक बार जिक्र किया कि आप इन झगड़ों में न पडिए, अपने घर चली जाइए, लेकिन मैं साफ-साफ कहती हूं, मैंने कभी जोर देकर यह बात न कही। जबजब मैंने इसका इशारा किया, उन्होंने ऐसा मुंह बनाया, गोया वह यह बात सुनना भी नहीं चाहतीं। मेरे मुंह से पूरी बात कभी न निकलने पाई। एक बात है, 'कहो तो कहूं?'","इतने में देवीदीन का घर आ गया। हम दोनों विदा हुई। जालपा ने मुझसे बहुत इसरार किया कि कल इसी वक्त ग़िर आना। दिन?भर तो उन्हें बात करने की फुरसत नहीं रहती। बस वही शाम को मौका मिलता था। वह इतने रूपये जमा कर देना चाहती हैं कि कम-से-कम दिनेश के घर वालों को कोई तकलीफ न हो दो सौ रूपये से ज्यादा जमा कर चुकी हैं। मैंने भी पांच रूपये दिए। मैंने दो-एक बार जिक्र किया कि आप इन झगड़ों में न पडिए, अपने घर चली जाइए, लेकिन मैं साफ-साफ कहती हूं, मैंने कभी जोर देकर यह बात न कही। जबजब मैंने इसका इशारा किया, उन्होंने ऐसा मुंह बनाया, गोया वह यह बात सुनना भी नहीं चाहतीं। मेरे मुंह से पूरी बात कभी न निकलने पाई। एक बात है,"
5,261,रमानाथ,क्या बात है?,named_comma_quote,"रमा ने मानो ऊपरी मन से कहा, 'क्या बात है?'","रमा ने मानो ऊपरी मन से कहा,"
5,262,ज़ोहरा,"डिप्टी साहब से कह दूं, वह जालपा को इलाहाबाद पहुंचा दें। उन्हें कोई तकलीफ न होगी। बस दो औरतें उन्हें स्टेशन तक बातों में लगा ले जाएंगी। वहां गाड़ी तैयार मिलेगी, वह उसमें बैठा दी जाएंगी, या कोई और तदबीर सोचो।",named_dash_quote,"ज़ोहरा-'डिप्टी साहब से कह दूं, वह जालपा को इलाहाबाद पहुंचा दें। उन्हें कोई तकलीफ न होगी। बस दो औरतें उन्हें स्टेशन तक बातों में लगा ले जाएंगी। वहां गाड़ी तैयार मिलेगी, वह उसमें बैठा दी जाएंगी, या कोई और तदबीर सोचो।'",ज़ोहरा-
5,263,रमानाथ,क्या यह मुनासिब होगा?,named_comma_quote,"रमा ने ज़ोहरा की आंखों से आंख मिलाकर कहा, 'क्या यह मुनासिब होगा?'","रमा ने ज़ोहरा की आंखों से आंख मिलाकर कहा,"
5,264,ज़ोहरा,मुनासिब तो न होगा।,named_comma_quote,"ज़ोहरा ने शरमाकर कहा, 'मुनासिब तो न होगा।'","ज़ोहरा ने शरमाकर कहा,"
5,265,रमानाथ,देवीदीन के ही घर पर रहती है न?,named_comma_quote,"रमा ने चटपट जूते पहन लिए और ज़ोहरा से पूछा, 'देवीदीन के ही घर पर रहती है न?'","रमा ने चटपट जूते पहन लिए और ज़ोहरा से पूछा,"
5,266,ज़ोहरा,तो क्या इस वक्त जाओगे?,named_comma_quote,"ज़ोहरा उठ खड़ी हुई और उसके सामने आकर बोली, 'तो क्या इस वक्त जाओगे?'","ज़ोहरा उठ खड़ी हुई और उसके सामने आकर बोली,"
5,267,रमानाथ,हां ज़ोहरा -,named_dash_quote,"रमानाथ-'हां ज़ोहरा -' इसी वक्त चला जाऊंगा। बस, उनसे दो बातें करके उस तरफ चला जाऊंगा जहां मुझे अब से बहुत पहले चला जाना चाहिए था।' ज़ोहरा-'मगर कुछ सोच तो लो, नतीजा क्या होगा।'",रमानाथ-
5,267,Unknown,ज़ोहरा-,unattributed_quote,"रमानाथ-'हां ज़ोहरा -' इसी वक्त चला जाऊंगा। बस, उनसे दो बातें करके उस तरफ चला जाऊंगा जहां मुझे अब से बहुत पहले चला जाना चाहिए था।' ज़ोहरा-'मगर कुछ सोच तो लो, नतीजा क्या होगा।'","इसी वक्त चला जाऊंगा। बस, उनसे दो बातें करके उस तरफ चला जाऊंगा जहां मुझे अब से बहुत पहले चला जाना चाहिए था।"
5,268,रमानाथ,"सब सोच चुका, ज्यादा-से ज्यादा तीन?चार साल की कैद दरोगबयानी के जुर्म में, बस अब रूख़सत, भूल मत जाना ज़ोहरा -",named_dash_quote,"रमानाथ-'सब सोच चुका, ज्यादा-से ज्यादा तीन?चार साल की कैद दरोगबयानी के जुर्म में, बस अब रूख़सत, भूल मत जाना ज़ोहरा -' शायद फिर कभी मुलाकात हो!'",रमानाथ-
5,269,रमानाथ,हुजूर ने दारोग़ाजी को इत्तला कर दी है?,named_comma_quote,"रमा बरामदे से उतरकर सहन में आया और एक क्षण में फाटक के बाहर था। दरबान ने कहा, 'हुजूर ने दारोग़ाजी को इत्तला कर दी है?'","रमा बरामदे से उतरकर सहन में आया और एक क्षण में फाटक के बाहर था। दरबान ने कहा,"
5,270,Unknown,इसकी कोई जरूरत नहीं।,unattributed_quote,रमनाथ-'इसकी कोई जरूरत नहीं।',रमनाथ-
5,271,Unknown,"मैं ज़रा उनसे पूछ लूं। मेरी रोज़ी क्यों ले रहे हैं, हुजूर?",unattributed_quote,"चौकीदार-'मैं ज़रा उनसे पूछ लूं। मेरी रोज़ी क्यों ले रहे हैं, हुजूर?'",चौकीदार-
5,272,रमानाथ,"बाबू साहब, ज़रा सुनिए तो, एक मिनट रूक जाइए, इससे क्या फायदा,कुछ मालूम तो हो, आप कहां जा रहे हैं?आख़िर बेचारे एक बार ठोकर खाकर गिर पड़े। रमा ने लौटकर उन्हें उठाया और पूछा,",named_dash_quote,"रमा ने कोई जवाब न दिया। तेज़ी से सड़क पर चल खडा हुआ। ज़ोहरा निस्पंद खड़ी उसे हसरत-भरी आंखों से देख रही थी। रमा के प्रति ऐसा प्यार,ऐसा विकल करने वाला प्यार उसे कभी न हुआ था। जैसे कोई वीरबाला अपने प्रियतम को समरभूमि की ओर जाते देखकर गर्व से फली न समाती हो चौकीदार ने लपककर दारोग़ा से कहा। वह बेचारे खाना खाकर लेटे ही थे। घबराकर निकले, रमा के पीछे दौड़े और पुकारा, 'बाबू साहब, ज़रा सुनिए तो, एक मिनट रूक जाइए, इससे क्या फायदा,कुछ मालूम तो हो, आप कहां जा रहे हैं?आख़िर बेचारे एक बार ठोकर खाकर गिर पड़े। रमा ने लौटकर उन्हें उठाया और पूछा, 'कहीं चोट तो नहीं आई?'","रमा ने कोई जवाब न दिया। तेज़ी से सड़क पर चल खडा हुआ। ज़ोहरा निस्पंद खड़ी उसे हसरत-भरी आंखों से देख रही थी। रमा के प्रति ऐसा प्यार,ऐसा विकल करने वाला प्यार उसे कभी न हुआ था। जैसे कोई वीरबाला अपने प्रियतम को समरभूमि की ओर जाते देखकर गर्व से फली न समाती हो चौकीदार ने लपककर दारोग़ा से कहा। वह बेचारे खाना खाकर लेटे ही थे। घबराकर निकले, रमा के पीछे दौड़े और पुकारा,"
5,273,दारोग़ा,"कोई बात न थी, ज़रा ठोकर खा गया था। आख़िर आप इस वक्त कहां जा रहे हैं?सोचिए तो इसका नतीज़ा क्या होगा?",named_dash_quote,"दारोग़ा -'कोई बात न थी, ज़रा ठोकर खा गया था। आख़िर आप इस वक्त कहां जा रहे हैं?सोचिए तो इसका नतीज़ा क्या होगा?'",दारोग़ा -
5,274,रमानाथ,मैं एक घंटे में लौट आऊंगा। जालपा को शायद मुख़ालिफों ने बहकाया है कि हाईकोर्ट में एक अर्जी दे दे। ज़रा उसे जाकर समझाऊंगा।,named_dash_quote,रमानाथ-'मैं एक घंटे में लौट आऊंगा। जालपा को शायद मुख़ालिफों ने बहकाया है कि हाईकोर्ट में एक अर्जी दे दे। ज़रा उसे जाकर समझाऊंगा।',रमानाथ-
5,275,दारोग़ा,यह आपको कैसे मालूम हुआ?,named_dash_quote,दारोग़ा -'यह आपको कैसे मालूम हुआ?',दारोग़ा -
5,276,रमानाथ,ज़ोहरा कहीं सुन आई है।,named_dash_quote,रमानाथ-'ज़ोहरा कहीं सुन आई है।',रमानाथ-
5,277,दारोग़ा,बडी बेवफा औरत है। ऐसी औरत का तो सिर काट लेना चाहिए।,named_dash_quote,दारोग़ा -'बडी बेवफा औरत है। ऐसी औरत का तो सिर काट लेना चाहिए।',दारोग़ा -
5,278,रमानाथ,"इसीलिए तो जा रहा हूं। या तो इसी वक्त उसे स्टेशन पर भेजकर आऊंगा, या इस बुरी तरह पेश आऊंगा कि वह भी याद करेगी। ज्यादा बातचीत का मौका नहीं है। रात-भर के लिए मुझे इस कैद से आज़ाद कर दीजिए।",named_dash_quote,"रमानाथ-'इसीलिए तो जा रहा हूं। या तो इसी वक्त उसे स्टेशन पर भेजकर आऊंगा, या इस बुरी तरह पेश आऊंगा कि वह भी याद करेगी। ज्यादा बातचीत का मौका नहीं है। रात-भर के लिए मुझे इस कैद से आज़ाद कर दीजिए। '",रमानाथ-
5,279,दारोग़ा,"मैं भी चलता हूं, ज़रा ठहर जाइए।",named_dash_quote,"दारोग़ा -'मैं भी चलता हूं, ज़रा ठहर जाइए।'",दारोग़ा -
5,280,रमानाथ,"जी नहीं, बिलकुल मामला बिगड़ जाएगा। मैं अभी आता हूं।",named_dash_quote,"रमानाथ-'जी नहीं, बिलकुल मामला बिगड़ जाएगा। मैं अभी आता हूं।'",रमानाथ-
5,281,रमानाथ,भैया हैं सायत।,named_comma_quote,"दारोग़ा लाजवाब हो गए। एक मिनट तक खड़े सोचते रहे, फिर लौट पड़े और ज़ोहरा से बातें करते हुए पुलिस स्टेशन की तरफ चले गए। उधर रमा ने आगे बढ़कर एक तांगा किया और देवीदीन के घर जा पहुंचा। जालपा दिनेश के घर से लौटी थी और बैठी जग्गो और देवीदीन से बातें कर रही थी। वह इन दिनों एक ही वक्त ख़ाना खाया करती थी। इतने में रमा ने नीचे से आवाज़ दी। देवीदीन उसकी आवाज़ पहचान गया। बोला, 'भैया हैं सायत।'","दारोग़ा लाजवाब हो गए। एक मिनट तक खड़े सोचते रहे, फिर लौट पड़े और ज़ोहरा से बातें करते हुए पुलिस स्टेशन की तरफ चले गए। उधर रमा ने आगे बढ़कर एक तांगा किया और देवीदीन के घर जा पहुंचा। जालपा दिनेश के घर से लौटी थी और बैठी जग्गो और देवीदीन से बातें कर रही थी। वह इन दिनों एक ही वक्त ख़ाना खाया करती थी। इतने में रमा ने नीचे से आवाज़ दी। देवीदीन उसकी आवाज़ पहचान गया। बोला,"
5,282,जालपा,"कह दो, यहां क्या करने आए हैं। वहीं जायं।",named_dash_quote,"जालपा-'कह दो, यहां क्या करने आए हैं। वहीं जायं।'",जालपा-
5,283,देवीदीन,"नहीं बेटी, ज़रा पूछ तो लूं, क्या कहते हैं। इस बख़त कैसे उन्हें छुटटी मिली?",named_dash_quote,"देवीदीन-'नहीं बेटी, ज़रा पूछ तो लूं, क्या कहते हैं। इस बख़त कैसे उन्हें छुटटी मिली?'",देवीदीन-
5,284,जालपा,मुझे समझाने आए होंगे और क्या! मगर मुंह धो रक्खें।,named_dash_quote,जालपा-'मुझे समझाने आए होंगे और क्या! मगर मुंह धो रक्खें।',जालपा-
5,285,देवीदीन,"दादा, तुम मुझे यहां देखकर इस वक्त ताज्जुब कर रहे होगे। एक घंटे की छुटटी लेकर आया हूं। तुम लोगों से अपने बहुत से अपराधों को क्षमा कराना था। जालपा ऊपर हैं?",named_comma_quote,"देवीदीन ने द्वार खोल दिया। रमा ने अंदर आकर कहा, 'दादा, तुम मुझे यहां देखकर इस वक्त ताज्जुब कर रहे होगे। एक घंटे की छुटटी लेकर आया हूं। तुम लोगों से अपने बहुत से अपराधों को क्षमा कराना था। जालपा ऊपर हैं?' देवीदीन बोला, 'हां, हैं तो। अभी आई हैं, बैठो, कुछ खाने को लाऊं!'","देवीदीन ने द्वार खोल दिया। रमा ने अंदर आकर कहा,"
5,285,देवीदीन,"हां, हैं तो। अभी आई हैं, बैठो, कुछ खाने को लाऊं!",named_comma_quote,"देवीदीन ने द्वार खोल दिया। रमा ने अंदर आकर कहा, 'दादा, तुम मुझे यहां देखकर इस वक्त ताज्जुब कर रहे होगे। एक घंटे की छुटटी लेकर आया हूं। तुम लोगों से अपने बहुत से अपराधों को क्षमा कराना था। जालपा ऊपर हैं?' देवीदीन बोला, 'हां, हैं तो। अभी आई हैं, बैठो, कुछ खाने को लाऊं!'","देवीदीन बोला,"
5,286,रमानाथ,"नहीं, मैं खाना खा चुका हूं। बस, जालपा से दो बातें करना चाहता हूं।",named_dash_quote,"रमानाथ-'नहीं, मैं खाना खा चुका हूं। बस, जालपा से दो बातें करना चाहता हूं।'",रमानाथ-
5,287,देवीदीन,"वह मानेंगी नहीं, नाहक शमिऊदा होना पड़ेगा। मानने वाली औरत नहीं है।",named_dash_quote,"देवीदीन-'वह मानेंगी नहीं, नाहक शमिऊदा होना पड़ेगा। मानने वाली औरत नहीं है।' रमानाथ-'मुझसे दो-दो बातें करेंगी या मेरी सूरत ही नहीं देखना चाहतीं?ज़रा जाकर पूछ लो।'",देवीदीन-
5,287,रमानाथ,मुझसे दो-दो बातें करेंगी या मेरी सूरत ही नहीं देखना चाहतीं?ज़रा जाकर पूछ लो।,named_dash_quote,"देवीदीन-'वह मानेंगी नहीं, नाहक शमिऊदा होना पड़ेगा। मानने वाली औरत नहीं है।' रमानाथ-'मुझसे दो-दो बातें करेंगी या मेरी सूरत ही नहीं देखना चाहतीं?ज़रा जाकर पूछ लो।'",रमानाथ-
5,288,देवीदीन,"इसमें पूछना क्या है, दोनों बैठी तो हैं, जाओ। तुम्हारा घर जैसे तब था वैसे अब भी है।",named_dash_quote,"देवीदीन-'इसमें पूछना क्या है, दोनों बैठी तो हैं, जाओ। तुम्हारा घर जैसे तब था वैसे अब भी है।'",देवीदीन-
5,289,रमानाथ,"नहीं दादा, उनसे पूछ लो। मैं यों न जाऊंगा।",named_dash_quote,"रमानाथ-'नहीं दादा, उनसे पूछ लो। मैं यों न जाऊंगा।'",रमानाथ-
5,290,देवीदीन,"तुमसे कुछ कहना चाहते हैं, बहू!",named_comma_quote,"देवीदीन ने ऊपर जाकर कहा,'तुमसे कुछ कहना चाहते हैं, बहू!'","देवीदीन ने ऊपर जाकर कहा,"
5,291,जालपा,"तो कहते क्यों नहीं, मैंने कुछ ज़बान बंद कर दी है? जालपा ने यह बात इतने ज़ोर से कही थी कि नीचे रमा ने भी सुन ली। कितनी निर्ममता थी! उसकी सारी मिलन-लालसा मानो उड़ गई। नीचे ही से खड़े-खड़े बोला,",named_comma_quote,"जालपा मुंह लटकाकर बोली,'तो कहते क्यों नहीं, मैंने कुछ ज़बान बंद कर दी है? जालपा ने यह बात इतने ज़ोर से कही थी कि नीचे रमा ने भी सुन ली। कितनी निर्ममता थी! उसकी सारी मिलन-लालसा मानो उड़ गई। नीचे ही से खड़े-खड़े बोला, 'वह अगर मुझसे नहीं बोलना चाहतीं, तो कोई जबरदस्ती नहीं। मैंने जज साहब से सारा कच्चा चिटठा कह सुनाने का निश्चय कर लिया है। इसी इरादे से इस वक्त चला हूं। मेरी वजह से इनको इतने कष्ट हुए, इसका मुझे खेद है। मेरी अक्ल पर परदा पडाहुआ था। स्वार्थ ने मुझे अंधा कर रक्खा था। प्राणों के मोह ने, कष्टों के भय ने बुद्धि हर ली थी। कोई ग्रह सिर पर सवार था। इनके अनुष्ठानों ने उस ग्रह को शांत कर दिया। शायद दो-चार साल के लिए सरकार की मेहमानी खानी पड़े। इसका भय नहीं। जीता रहा तो फिर भेंट होगी। नहीं मेरी बुराइयों को माफ करना और मुझे भूल जाना। तुम भी देवी दादा और दादी, मेरे अपराध क्षमा करना। तुम लोगों ने मेरे ऊपर जो दया की है, वह मरते दम तक न भूलूंगा। अगर जीता लौटा, तो शायद तुम लोगों की कुछ सेवा कर सकूं। मेरी तो ज़िंदगी सत्यानाश हो गई। न दीन का हुआ न दुनिया का। यह भी कह देना कि उनके गहने मैंने ही चुराए थे। सर्राफ को देने के लिए रूपये न थे। गहने लौटाना ज़रूरी था, इसीलिए वह कुकर्म करना पड़ा। उसी का फल आज तक भोग रहा हूं और शायद जब तक प्राण न निकल जाएंगे,भोगता रहूंगा। अगर उसी वक्त सगाई से सारी कथा कह दी होती, तो चाहे उस वक्त इन्हें बुरा लगता, लेकिन यह विपत्ति सिर पर न आती। तुम्हें भी मैंने धोखा दिया था। दादा, मैं ब्राह्मण नहीं हूं, कायस्थ हूं, तुम जैसे देवता से मैंने कपट किया। न जाने इसका क्या दंड मिलेगा। सब कुछ क्षमा करना। बस, यही कहने आया था।'","जालपा मुंह लटकाकर बोली,"
5,292,देवीदीन,किधर गए हैं दादा?,named_comma_quote,"रमा बरामदे के नीचे उतर पडाऔर तेज़ी से कदम उठाता हुआ चल दिया। जालपा भी कोठे से उतरी, लेकिन नीचे आई तो रमा का पता न था। बरामदे के नीचे उतरकर देवीदीन से बोली, 'किधर गए हैं दादा?' देवीदीन ने कहा, 'मैंने कुछ नहीं देखा, बहू! मेरी आंखें आंसू से भरी हुई थीं। वह अब न मिलेंगे। दौड़ते हुए गए थे। '","रमा बरामदे के नीचे उतर पडाऔर तेज़ी से कदम उठाता हुआ चल दिया। जालपा भी कोठे से उतरी, लेकिन नीचे आई तो रमा का पता न था। बरामदे के नीचे उतरकर देवीदीन से बोली,"
5,292,देवीदीन,"मैंने कुछ नहीं देखा, बहू! मेरी आंखें आंसू से भरी हुई थीं। वह अब न मिलेंगे। दौड़ते हुए गए थे।",named_comma_quote,"रमा बरामदे के नीचे उतर पडाऔर तेज़ी से कदम उठाता हुआ चल दिया। जालपा भी कोठे से उतरी, लेकिन नीचे आई तो रमा का पता न था। बरामदे के नीचे उतरकर देवीदीन से बोली, 'किधर गए हैं दादा?' देवीदीन ने कहा, 'मैंने कुछ नहीं देखा, बहू! मेरी आंखें आंसू से भरी हुई थीं। वह अब न मिलेंगे। दौड़ते हुए गए थे। '","देवीदीन ने कहा,"
5,294,ज़ोहरा,"वहां कैसे खड़ी हो, बहन, आज तो मैं न आ सकी। चलो, आज मुझे तुमसे बहुत - सी बातें करनी हैं।",named_comma_quote,"इतने में ज़ोहरा आ गई। जालपा को पटरी पर खड़े देखकर बोली,'वहां कैसे खड़ी हो, बहन, आज तो मैं न आ सकी। चलो, आज मुझे तुमसे बहुत - सी बातें करनी हैं।'","इतने में ज़ोहरा आ गई। जालपा को पटरी पर खड़े देखकर बोली,"
5,297,दारोग़ा,वह कहांगए?,named_comma_quote,"दारोग़ा ने साइकिल से उतरकर कहा, तुम बतलाते क्यों नहीं, 'वह कहांगए?'","दारोग़ा ने साइकिल से उतरकर कहा, तुम बतलाते क्यों नहीं,"
5,298,देवीदीन,"मुझे कुछ मालूम हो तब तो बताऊं साहब! यहां आए, अपनी घरवाली से तकरार की और चले गए।",named_dash_quote,"देवीदीन-'मुझे कुछ मालूम हो तब तो बताऊं साहब! यहां आए, अपनी घरवाली से तकरार की और चले गए।'",देवीदीन-
5,299,दारोग़ा,वह कब इलाहाबाद जा रही हैं?,named_dash_quote,दारोग़ा -'वह कब इलाहाबाद जा रही हैं?',दारोग़ा -
5,300,देवीदीन,"इलाहाबाद जाने की तो बाबूजी ने कोई बातचीत नहीं की। जब तक हाईकोर्ट का फैसला न हो जायगा, वह यहां से न जाएंगी।",named_dash_quote,"देवीदीन-'इलाहाबाद जाने की तो बाबूजी ने कोई बातचीत नहीं की। जब तक हाईकोर्ट का फैसला न हो जायगा, वह यहां से न जाएंगी।'",देवीदीन-
5,301,दारोग़ा,मुझे तुम्हारी बातों का यकीन नहीं आता।,named_dash_quote,"दारोग़ा -'मुझे तुम्हारी बातों का यकीन नहीं आता।'यह कहते हुए दारोग़ा नीचे की कोठरी में घुस गए और हर एक चीज़ को ग़ौर से देखा। फिर ऊपर चढ़गए। वहां तीन औरतों को देखकर चौंके, ज़ोहरा को शरारत सूझी, तो उसने लंबा-सा घूंघट निकाल लिया और अपने हाथ साड़ी",दारोग़ा -
5,303,देवीदीन,यह तीसरी औरत कौन है?,named_comma_quote,"देवीदीन से पूछा, 'यह तीसरी औरत कौन है? '","देवीदीन से पूछा,"
5,304,देवीदीन,मैं नहीं जानता। कभी-कभी बहू से मिलने आ जाती है।,named_comma_quote,"देवीदीन ने कहा, 'मैं नहीं जानता। कभी-कभी बहू से मिलने आ जाती है।'","देवीदीन ने कहा,"
5,305,दारोग़ा,"मुझी से उड़ते हो बचा! साड़ी पहनाकर मुलज़िम को छिपाना चाहते हो! इनमें कौन जालपा देवी हैं। उनसे कह दो, नीचे चली जायं। दूसरी औरत को यहीं रहने दो।",named_dash_quote,"दारोग़ा -'मुझी से उड़ते हो बचा! साड़ी पहनाकर मुलज़िम को छिपाना चाहते हो! इनमें कौन जालपा देवी हैं। उनसे कह दो, नीचे चली जायं। दूसरी औरत को यहीं रहने दो।'",दारोग़ा -
5,306,ज़ोहरा,"क्यों हजरत, मुझसे यह चालें! क्या कहकर वहां से आए थे और यहां आकर मजे में आ गए । सारा गुस्सा हवा हो गया। अब यह भेस उतारिए और मेरे साथ चलिए, देर हो रही है।",named_comma_quote,"जालपा हट गई, तो दारोग़ाजी ने ज़ोहरा के पास जाकर कहा, 'क्यों हजरत, मुझसे यह चालें! क्या कहकर वहां से आए थे और यहां आकर मजे में आ गए । सारा गुस्सा हवा हो गया। अब यह भेस उतारिए और मेरे साथ चलिए, देर हो रही है।'","जालपा हट गई, तो दारोग़ाजी ने ज़ोहरा के पास जाकर कहा,"
5,308,ज़ोहरा,अपनी डयूटी बजा रही हूं।,named_dash_quote,ज़ोहरा -'अपनी डयूटी बजा रही हूं।',ज़ोहरा -
5,309,Unknown,और रमानाथ कहां गए ? तुम्हें तो मालूम ही होगा?,unattributed_quote,'और रमानाथ कहां गए ? तुम्हें तो मालूम ही होगा?',
5,310,Unknown,वह तो मेरे यहां आने के पहले ही चले गए थे। फिर मैं यहीं बैठ गई और जालपा देवी से बात करने लगी।,unattributed_quote,'वह तो मेरे यहां आने के पहले ही चले गए थे। फिर मैं यहीं बैठ गई और जालपा देवी से बात करने लगी।',
5,311,Unknown,"अच्छा, ज़रा मेरे साथ आओ। उनका पता लगाना है।",unattributed_quote,"'अच्छा, ज़रा मेरे साथ आओ। उनका पता लगाना है।'",
5,312,ज़ोहरा,क्या अभी तक बंगले पर नहीं पहुंचे ?,named_comma_quote,"ज़ोहरा ने बनावटी कौतूहल से कहा, 'क्या अभी तक बंगले पर नहीं पहुंचे ?'","ज़ोहरा ने बनावटी कौतूहल से कहा,"
5,313,Unknown,ना! न जाने कहां रह गए।,unattributed_quote,'ना! न जाने कहां रह गए। ',
5,314,दारोग़ा,जालपा कब तक यहां से जाएगी ?,named_comma_quote,"रास्ते में दारोग़ा ने पूछा, 'जालपा कब तक यहां से जाएगी ?'","रास्ते में दारोग़ा ने पूछा,"
5,315,ज़ोहरा,मैंने खूब पट्टी पढ़ाई है। उसके जाने की अब जरूरत नहीं है। शायद रास्ते पर आ जाय। रमानाथ ने बुरी तरह डांटा है। उनकी धमकियों से डर गई है।,named_dash_quote,ज़ोहरा-'मैंने खूब पट्टी पढ़ाई है। उसके जाने की अब जरूरत नहीं है। शायद रास्ते पर आ जाय। रमानाथ ने बुरी तरह डांटा है। उनकी धमकियों से डर गई है। ' दारोग़ा -'तुम्हें यकीन है कि अब यह कोई शरारत न करेगी? ',ज़ोहरा-
5,315,दारोग़ा,तुम्हें यकीन है कि अब यह कोई शरारत न करेगी?,named_dash_quote,ज़ोहरा-'मैंने खूब पट्टी पढ़ाई है। उसके जाने की अब जरूरत नहीं है। शायद रास्ते पर आ जाय। रमानाथ ने बुरी तरह डांटा है। उनकी धमकियों से डर गई है। ' दारोग़ा -'तुम्हें यकीन है कि अब यह कोई शरारत न करेगी? ',दारोग़ा -
5,316,ज़ोहरा,"हां, मेरा तो यही ख़याल है।",named_dash_quote,"ज़ोहरा -'हां, मेरा तो यही ख़याल है। '",ज़ोहरा -
5,317,दारोग़ा,तो फिर यह कहां गया?,named_dash_quote,दारोग़ा -'तो फिर यह कहां गया? ',दारोग़ा -
5,318,ज़ोहरा,कह नहीं सकती।,named_dash_quote,ज़ोहरा -'कह नहीं सकती।',ज़ोहरा -
5,319,दारोग़ा,मुझे इसकी रिपोर्ट करनी होगी। इंस्पेक्टर साहब और डिप्टी साहब को इत्तला देना जरूरी है। ज्यादा पी तो नहीं गया था?,named_dash_quote,दारोग़ा -'मुझे इसकी रिपोर्ट करनी होगी। इंस्पेक्टर साहब और डिप्टी साहब को इत्तला देना जरूरी है। ज्यादा पी तो नहीं गया था? ',दारोग़ा -
5,320,ज़ोहरा,पिए हुए तो थे।,named_dash_quote,ज़ोहरा -'पिए हुए तो थे। ',ज़ोहरा -
5,321,दारोग़ा,"तो कहीं फिर-गिरा पडाहोगा। इसने बहुत दिक किया! तो मैं ज़रा उधर जाता हूं। तुम्हें पहुंचा दूं, तुम्हारे घर तक।",named_dash_quote,"दारोग़ा -'तो कहीं फिर-गिरा पडाहोगा। इसने बहुत दिक किया! तो मैं ज़रा उधर जाता हूं। तुम्हें पहुंचा दूं, तुम्हारे घर तक।'",दारोग़ा -
5,322,ज़ोहरा,बडी इनायत होगी।,named_dash_quote,ज़ोहरा -'बडी इनायत होगी।',ज़ोहरा -
5,323,दारोग़ा,"अब तो जाने का जी नहीं चाहता, ज़ोहरा! चलो, आज कुछ गप-शप हो । बहुत दिन हुए, तुम्हारी करम की निगाह नहीं हुई।",named_comma_quote,"दारोग़ा ने ज़ोहरा को मोटर साइकिल पर बिठा लिया और उसको ज़रा देर में घर के दरवाजे पर उतार दिया, मगर इतनी देर में मन चंचल हो गया। बोले, 'अब तो जाने का जी नहीं चाहता, ज़ोहरा! चलो, आज कुछ गप-शप हो । बहुत दिन हुए, तुम्हारी करम की निगाह नहीं हुई।'","दारोग़ा ने ज़ोहरा को मोटर साइकिल पर बिठा लिया और उसको ज़रा देर में घर के दरवाजे पर उतार दिया, मगर इतनी देर में मन चंचल हो गया। बोले,"
5,324,ज़ोहरा,जाकर पहले इंस्पेक्टर साहब से इत्तला तो कीजिए। यह गप-शप का मौका नहीं है।,named_comma_quote,"ज़ोहरा ने जीने के ऊपर एक कदम रखकर कहा, 'जाकर पहले इंस्पेक्टर साहब से इत्तला तो कीजिए। यह गप-शप का मौका नहीं है।'","ज़ोहरा ने जीने के ऊपर एक कदम रखकर कहा,"
5,325,दारोग़ा,"नहीं, अब न जाऊंगा, ज़ोहरा!सुबह देखी जायगी। मैं भी आता हूं।",named_comma_quote,"दारोग़ा ने मोटर साइकिल से उतरकर कहा, 'नहीं, अब न जाऊंगा, ज़ोहरा!सुबह देखी जायगी। मैं भी आता हूं।'","दारोग़ा ने मोटर साइकिल से उतरकर कहा,"
5,326,ज़ोहरा,आप मानते नहीं हैं। शायद डिप्टी साहिब आते हों। आज उन्होंने कहला भेजा था।,named_dash_quote,ज़ोहरा -'आप मानते नहीं हैं। शायद डिप्टी साहिब आते हों। आज उन्होंने कहला भेजा था।',ज़ोहरा -
5,327,दारोग़ा,"मुझे चकमा दे रही हो ज़ोहरा, देखो, इतनी बेवफाई अच्छी नहीं।",named_dash_quote,"दारोग़ा-'मुझे चकमा दे रही हो ज़ोहरा, देखो, इतनी बेवफाई अच्छी नहीं।'",दारोग़ा-
5,328,ज़ोहरा,आदाब अर्ज।,named_comma_quote,"ज़ोहरा ने ऊपर चढ़कर द्वार बंद कर लिया और ऊपर जाकर खिड़की से सिर निकालकर बोली, 'आदाब अर्ज।'","ज़ोहरा ने ऊपर चढ़कर द्वार बंद कर लिया और ऊपर जाकर खिड़की से सिर निकालकर बोली,"
5,329,रमानाथ,रात को वह बंगले पर था या नहीं ?,named_comma_quote,"दारोग़ा घर जाकर लेट रहे। ग्यारह बज रहे थे। नींद खुली, तो आठ बज गए थे। उठकर बैठे ही थे कि टेलीगषेन पर पुकार हुई। जाकर सुनने लगे। डिप्टी साहब बोल रहे थे,इस रमानाथ ने बडा गोलमाल कर दिया है। उसे किसी दूसरी जगह ठहराया जायगा। उसका सब सामान कमिश्नर साहब के पास भेज देना होगा। 'रात को वह बंगले पर था या नहीं ?'","दारोग़ा घर जाकर लेट रहे। ग्यारह बज रहे थे। नींद खुली, तो आठ बज गए थे। उठकर बैठे ही थे कि टेलीगषेन पर पुकार हुई। जाकर सुनने लगे। डिप्टी साहब बोल रहे थे,इस रमानाथ ने बडा गोलमाल कर दिया है। उसे किसी दूसरी जगह ठहराया जायगा। उसका सब सामान कमिश्नर साहब के पास भेज देना होगा।"
5,330,दारोग़ा,"जी नहीं, रात मुझसे बहाना करके अपनी बीवी के पास चला गया था।",named_comma_quote,"दारोग़ा ने कहा, 'जी नहीं, रात मुझसे बहाना करके अपनी बीवी के पास चला गया था।'","दारोग़ा ने कहा,"
5,331,Unknown,"तुमने उसको क्यों जाने दिया? हमको ऐसा डर लगता है, कि उसने जज से सब हाल कह दिया है। मुकदमा का जांच फिर से होगा। आपसे बडा भारी ब्लंडर हुआ है। सारा मेहनत पानी में फिर गया। उसको जबरदस्ती रोक लेना चाहिए था।",unattributed_quote,"टेलीफोन-- 'तुमने उसको क्यों जाने दिया? हमको ऐसा डर लगता है, कि उसने जज से सब हाल कह दिया है। मुकदमा का जांच फिर से होगा। आपसे बडा भारी ब्लंडर हुआ है। सारा मेहनत पानी में फिर गया। उसको जबरदस्ती रोक लेना चाहिए था।'",टेलीफोन--
5,332,दारोग़ा,तो क्या वह जज साहब के पास गया था?,named_dash_quote,दारोग़ा -'तो क्या वह जज साहब के पास गया था? ',दारोग़ा -
5,333,डिप्टी,"हां साहब, वहीं गया था, और जज भी कायदा को तोड़ दिया। वह फिर से मुकदमा का पेशी करेगा। रमा अपना बयान बदलेगा। अब इसमें कोई डाउट नहीं है और यह सब आपका बंगलिंग है। हम सब उस बाढ़ में बह जायगा। ज़ोहरा भी दगा दिया।",named_comma_quote,"डिप्टी, 'हां साहब, वहीं गया था, और जज भी कायदा को तोड़ दिया। वह फिर से मुकदमा का पेशी करेगा। रमा अपना बयान बदलेगा। अब इसमें कोई डाउट नहीं है और यह सब आपका बंगलिंग है। हम सब उस बाढ़ में बह जायगा। ज़ोहरा भी दगा दिया।'","डिप्टी,"
5,336,Unknown,"दिन रमा की तलाश में दौड़-धूप करते रहते थे, लेकिन रमा न जाने कहां जा छिपा था कि उसका कुछ पता ही न चलता था। हफ्तों सरकारी कर्मचारियों में लिखा-पढ़ी होती रही। मनों काग़ज़ स्याह कर दिए गए। उधार समाचार-पत्रों में इस मामले पर नित्य आलोचना होती रहती थी। एक पत्रकार ने जालपा से मुलाकात की और उसका बयान छाप दिया। दूसरे ने ज़ोहरा का बयान छाप दिया। इन दोनों बयानों ने पुलिस की बखिया उधेङ दी। ज़ोहरा ने तो लिखा था कि मुझे पचास रूपये रोज़ इसलिए दिए जाते थे कि रमानाथ को बहलाती रहूं और उसे कुछ सोचने या विचार करने का अवसर न मिले। पुलिस ने इन बयानों को पढ़ा, तो दांत पीस लिए। ज़ोहरा और जालपा दोनों कहीं और जा छिपीं, नहीं तो पुलिस ने जरूर उनकी शरारत का मज़ा चखाया होता।",unquoted_dash,"इधर पुलिस वाले रात-दिन रमा की तलाश में दौड़-धूप करते रहते थे, लेकिन रमा न जाने कहां जा छिपा था कि उसका कुछ पता ही न चलता था। हफ्तों सरकारी कर्मचारियों में लिखा-पढ़ी होती रही। मनों काग़ज़ स्याह कर दिए गए। उधार समाचार-पत्रों में इस मामले पर नित्य आलोचना होती रहती थी। एक पत्रकार ने जालपा से मुलाकात की और उसका बयान छाप दिया। दूसरे ने ज़ोहरा का बयान छाप दिया। इन दोनों बयानों ने पुलिस की बखिया उधेङ दी। ज़ोहरा ने तो लिखा था कि मुझे पचास रूपये रोज़ इसलिए दिए जाते थे कि रमानाथ को बहलाती रहूं और उसे कुछ सोचने या विचार करने का अवसर न मिले। पुलिस ने इन बयानों को पढ़ा, तो दांत पीस लिए। ज़ोहरा और जालपा दोनों कहीं और जा छिपीं, नहीं तो पुलिस ने जरूर उनकी शरारत का मज़ा चखाया होता।",इधर पुलिस वाले रात
5,338,देवीदीन,जालपादेवी की जय!,named_dash_quote,"जिस दिन मुलज़िमों को छोडागया, आधा शहर उनका स्वागत करने को जमा था। पुलिस ने दस बजे रात को उन्हें छोडा, पर दर्शक जमा हो ही गए। लोग जालपा को भी खींच ले गए। पीछे-पीछे देवीदीन भी पहुंचा। जालपा पर फलों की वर्षा हो रही थी और 'जालपादेवी की जय!' से आकाश गूंज रहा था। मगर रमानाथ की परीक्षा अभी समाप्त न हुई थी। उस पर दरोग़-बयानी का अभियोग चलाने का निश्चय हो गया।","जिस दिन मुलज़िमों को छोडागया, आधा शहर उनका स्वागत करने को जमा था। पुलिस ने दस बजे रात को उन्हें छोडा, पर दर्शक जमा हो ही गए। लोग जालपा को भी खींच ले गए। पीछे-पीछे देवीदीन भी पहुंचा। जालपा पर फलों की वर्षा हो रही थी और"
5,340,देवीदीन,"जालपा और ज़ोहरा के बयान हुए। वकीलों ने इनसे भी सवाल किया, पर सच्चे गवाह क्या उखड़ते। ज़ोहरा का बयान बहुत ही प्रभावोत्पादक था। उसने देखा, जिस प्राणी को जष्जीरों से जकड़ने के लिए वह भेजी गई है, वह खुद दर्द से तड़प रहा है, उसे मरहम की जईरत है, जंज़ीरों की नहीं। वह सहारे का हाथ चाहता है, धक्के का झोंका नहीं। जालपा देवी के प्रति उसकी श्रद्धा, उसका अटल विश्वास देखकर मैं अपने को भूल गई। मुझे अपनी नीचता, अपनी स्वाथाऊधाता पर लज्जा आई। मेरा जीवन कितना अधाम, कितना पतित है, यह मुझ पर उस वक्त ख़ुला, और जब मैं जालपा से मिली, तो उसकी निष्काम सेवा, उसका उज्ज्वल तप देखकर मेरे मन के रहेसहे संस्कार भी मिट गए। विलास-युक्त जीवन से मुझे घृणा हो गई। मैंने निश्चय कर लिया, इसी अंचल में मैं भी आश्रय लूंगी। मगर उससे भी ज्यादा मार्के का बयान जालपा का था। उसे सुनकर दर्शकों की आंखों में आंसू आ गए। उसके अंतिम शब्द ये थे,",named_dash_quote,"इसके बाद सफाई की तरफ से देवीदीन-' जालपा और ज़ोहरा के बयान हुए। वकीलों ने इनसे भी सवाल किया, पर सच्चे गवाह क्या उखड़ते। ज़ोहरा का बयान बहुत ही प्रभावोत्पादक था। उसने देखा, जिस प्राणी को जष्जीरों से जकड़ने के लिए वह भेजी गई है, वह खुद दर्द से तड़प रहा है, उसे मरहम की जईरत है, जंज़ीरों की नहीं। वह सहारे का हाथ चाहता है, धक्के का झोंका नहीं। जालपा देवी के प्रति उसकी श्रद्धा, उसका अटल विश्वास देखकर मैं अपने को भूल गई। मुझे अपनी नीचता, अपनी स्वाथाऊधाता पर लज्जा आई। मेरा जीवन कितना अधाम, कितना पतित है, यह मुझ पर उस वक्त ख़ुला, और जब मैं जालपा से मिली, तो उसकी निष्काम सेवा, उसका उज्ज्वल तप देखकर मेरे मन के रहेसहे संस्कार भी मिट गए। विलास-युक्त जीवन से मुझे घृणा हो गई। मैंने निश्चय कर लिया, इसी अंचल में मैं भी आश्रय लूंगी। मगर उससे भी ज्यादा मार्के का बयान जालपा का था। उसे सुनकर दर्शकों की आंखों में आंसू आ गए। उसके अंतिम शब्द ये थे, 'मेरे पति निर्दोष हैं! ईश्वर की दृष्टि में ही नहीं, नीति की दृष्टि में भी वह निर्दोष हैं। उनके भाग्य में मेरी विलासासक्ति का प्रायश्चित्त करना लिखा था, वह उन्होंने किया। वह बाज़ार से मुंह छुपाकर भागे। उन्होंने मुझ पर अगर कोई अत्याचार किया,तो वह यही कि मेरी इच्छाओं को पूरा करने में उन्होंने सदैव कल्पना से काम लिया। मुझे प्रसन्न करने के लिए, मुझे सुखी रखने के लिए उन्हाेंने अपने ऊपर बडे से बडाभार लेने में कभी संकोच नहीं किया। वह यह भूल गए कि विलास-वृत्ति संतोष करना नहीं जानती। जहां मुझे रोकना उचित था, वहां उन्होंने मुझे प्रोत्साहित किया, और इस अवसर पर भी मुझे पूरा विश्वास है, मुझ पर अत्याचार करने की धमकी देकर ही उनकी ज़बान बंद की गई थी। अगर अपराधिनी हूं, तो मैं हूं, जिसके कारण उन्हें इतने कष्ट झेलने पडे। मैं मानती हूं कि मैंने उन्हें अपना बयान बदलने के लिए मज़बूर किया। अगर मुझे विश्वास होता कि वह डाकों में शरीक हुए, तो सबसे पहले मैं उनका तिरस्कार करती। मैं यह नहीं सह सकती थी कि वह निरपराधियों की लाश पर अपना भवन खडाकरें। जिन दिनों यहां डाके पड़े,",इसके बाद सफाई की तरफ से देवीदीन-
5,364,दयानाथ,अभी भैया नहीं लौटे?,named_comma_quote,"देवी ने बैलों को गाड़ी से खोलकर खूंटे से बांधा दिया और दयानाथ से बोला,'अभी भैया नहीं लौटे?'","देवी ने बैलों को गाड़ी से खोलकर खूंटे से बांधा दिया और दयानाथ से बोला,"
5,365,दयानाथ,"अभी तो नहीं लौटे। मुझे तो अब इनके अच्छे होने की आशा नहीं है। ज़माने का उधार है। कितने सुख से रहती थीं, गाड़ी थी, बंगला था, दरजनों नौकर थे। अब यह हाल है। सामान सब मौजूद है, वकील साहब ने अच्छी संपत्ति छोड़ी था, मगर भाई-भतीजों ने हड़प ली। देवीदीन-",named_comma_quote,"दयानाथ ने डांठों को समेटते हुए कहा, 'अभी तो नहीं लौटे। मुझे तो अब इनके अच्छे होने की आशा नहीं है। ज़माने का उधार है। कितने सुख से रहती थीं, गाड़ी थी, बंगला था, दरजनों नौकर थे। अब यह हाल है। सामान सब मौजूद है, वकील साहब ने अच्छी संपत्ति छोड़ी था, मगर भाई-भतीजों ने हड़प ली। देवीदीन-' 'भैया कहते थे, अदालत करतीं तो सब मिल जाता, पर कहती हैं, मैं अदालत में झूठ न बोलूंगी। औरत बडे ऊंचे विचार की है।'","दयानाथ ने डांठों को समेटते हुए कहा,"
5,365,Unknown,"भैया कहते थे, अदालत करतीं तो सब मिल जाता, पर कहती हैं, मैं अदालत में झूठ न बोलूंगी। औरत बडे ऊंचे विचार की है।",unattributed_quote,"दयानाथ ने डांठों को समेटते हुए कहा, 'अभी तो नहीं लौटे। मुझे तो अब इनके अच्छे होने की आशा नहीं है। ज़माने का उधार है। कितने सुख से रहती थीं, गाड़ी थी, बंगला था, दरजनों नौकर थे। अब यह हाल है। सामान सब मौजूद है, वकील साहब ने अच्छी संपत्ति छोड़ी था, मगर भाई-भतीजों ने हड़प ली। देवीदीन-' 'भैया कहते थे, अदालत करतीं तो सब मिल जाता, पर कहती हैं, मैं अदालत में झूठ न बोलूंगी। औरत बडे ऊंचे विचार की है।'",
5,366,जागेश्वरी,"से शिशु को गोद में लिये हुए एक झोंपड़े से निकली और बच्चे को दयानाथ की गोद में देती हुई देवीदीन से बोली, 'भैया,ज़रा चलकर रतन को देखो, जाने कैसी हुई जाती है। ज़ोहरा और बहू, दोनों रो रही हैं! बच्चा न जाने कहां रह गए!",unquoted_dash,"सहसा जागेश्वरी एक छोटे-से शिशु को गोद में लिये हुए एक झोंपड़े से निकली और बच्चे को दयानाथ की गोद में देती हुई देवीदीन से बोली, 'भैया,ज़रा चलकर रतन को देखो, जाने कैसी हुई जाती है। ज़ोहरा और बहू, दोनों रो रही हैं! बच्चा न जाने कहां रह गए!",सहसा जागेश्वरी एक छोटे
5,367,देवीदीन,"चलो लाला, देखें।",named_comma_quote,"देवीदीन ने दयानाथ से कहा, 'चलो लाला, देखें।'","देवीदीन ने दयानाथ से कहा,"
5,368,जागेश्वरी,"यह जाकर क्या करेंगे, बीमार को देखकर तो इनकी नानी पहले ही मर जाती है।",named_comma_quote,"जागेश्वरी बोली, 'यह जाकर क्या करेंगे, बीमार को देखकर तो इनकी नानी पहले ही मर जाती है।'","जागेश्वरी बोली,"
5,372,Unknown,कितनी देर से नहीं बोलीं ?,unattributed_quote,"हाथ में लेकर पूछा,'कितनी देर से नहीं बोलीं ?'","हाथ में लेकर पूछा,"
5,373,जालपा,अभी तो बोलती थीं। एकाएक आंखें ऊपर चढ़गई और बेहोश हो गई। वैद्य जी को लेकर अभी तक नहीं आए?,named_comma_quote,"जालपा ने आंखें पोंछकर कहा, 'अभी तो बोलती थीं। एकाएक आंखें ऊपर चढ़गई और बेहोश हो गई। वैद्य जी को लेकर अभी तक नहीं आए?'","जालपा ने आंखें पोंछकर कहा,"
5,374,देवीदीन,इनकी दवा वैद्य के पास नहीं है।,named_comma_quote,"देवीदीन ने कहा, 'इनकी दवा वैद्य के पास नहीं है। 'यह कहकर उसने थोड़ी-सी राख ली, रतन के सिर पर हाथ फेरा, कुछ मुंह में बुदबुदाया और एक चुटकी राख उसके माथे पर लगा दी। तब पुकारा, 'रतन बेटी, आंखें खोलो।'","देवीदीन ने कहा,"
5,374,रतन,"रतन बेटी, आंखें खोलो।",named_dash_quote,"देवीदीन ने कहा, 'इनकी दवा वैद्य के पास नहीं है। 'यह कहकर उसने थोड़ी-सी राख ली, रतन के सिर पर हाथ फेरा, कुछ मुंह में बुदबुदाया और एक चुटकी राख उसके माथे पर लगा दी। तब पुकारा, 'रतन बेटी, आंखें खोलो।'","यह कहकर उसने थोड़ी-सी राख ली, रतन के सिर पर हाथ फेरा, कुछ मुंह में बुदबुदाया और एक चुटकी राख उसके माथे पर लगा दी। तब पुकारा,"
5,375,रतन,"मेरी मोटर आई थी न? कहां गया वह आदमी? उससे कह दो, थोड़ी देर के बाद लाए। ज़ोहरा -",named_dash_quote,"रतन ने आंखें खोल दीं और इधर-उधर सकपकाई हुई आंखों से देखकर बोली,'मेरी मोटर आई थी न? कहां गया वह आदमी? उससे कह दो, थोड़ी देर के बाद लाए। ज़ोहरा -' आज मैं तुम्हें अपने बग़ीचे की सैर कराऊंगी। हम दोनों झूले पर बैठेंगी।'","रतन ने आंखें खोल दीं और इधर-उधर सकपकाई हुई आंखों से देखकर बोली,"
5,376,ज़ोहरा,"मैं सपना देख रही थी, दादा!",named_comma_quote,"ज़ोहरा फिर रोने लगी। जालपा भी आंसुओं के वेग को न रोक सकी। रतन एक क्षण तक छत की ओर देखती रही। फिर एकाएक जैसे उसकी स्मृति जाग उठी हो, वह लज्जित होकर एक उदास मुस्कराहट के साथ बोली, 'मैं सपना देख रही थी, दादा!'","ज़ोहरा फिर रोने लगी। जालपा भी आंसुओं के वेग को न रोक सकी। रतन एक क्षण तक छत की ओर देखती रही। फिर एकाएक जैसे उसकी स्मृति जाग उठी हो, वह लज्जित होकर एक उदास मुस्कराहट के साथ बोली,"
5,381,ज़ोहरा,गंगा माता की जय,named_dash_quote,"भादों का महीना था। पृथ्वी और जल में रण छिडाहुआ था। जल की सेनाएं वायुयान पर चढ़कर आकाश से जल-शरों की वर्षा कर रही थीं। उसकी थल-सेनाओं ने पृथ्वी पर उत्पात मचा रक्खा था। गंगा गांवों और कस्बों को निफल रही थी। गांव के गांव बहते चले जाते थे। ज़ोहरा नदी के तट पर बाढ़ का तमाशा देखने लगी। वह कृशांगी गंगा इतनी विशाल हो सकती है, इसका वह अनुमान भी न कर सकती थी। लहरें उन्मभा होकर गरजतीं, मुंह से फन निकालतीं, हाथों उछल रही थीं। चतुर डकैतों की तरह पैंतरे बदल रही थीं। कभी एक कदम आतीं, फिर पीछे लौट पड़तीं और चक्कर खाकर फिर आगे को लपकतीं। कहीं कोई झोंपडा डगमगाता तेज़ी से बहा जा रहा था, मानो कोई शराबी दौडा जाता हो कहीं कोई वृक्ष डाल-पत्तों समेत डूबता-उतराता किसी पाषाणयुग के जंतु की भांति तैरता चला जाता था। गाएं और भैंसें, खाट और तख्ते मानो तिलस्मी चित्रों की भांति आंखों के सामने से निकले जाते थे। सहसा एक किश्ती नज़र आई। उस पर कई स्त्री-पुरूष बैठे थे। बैठे क्या थे, चिमटे हुए थे। किश्ती कभी ऊपर जाती, कभी नीचे आती। बस यही मालूम होता था कि अब उलटी, अब उलटी। पर वाह रे साहस सब अब भी 'गंगा माता की जय' पुकारते जाते थे। स्त्रियां अब भी गंगा के यश के गीत गाती थीं","भादों का महीना था। पृथ्वी और जल में रण छिडाहुआ था। जल की सेनाएं वायुयान पर चढ़कर आकाश से जल-शरों की वर्षा कर रही थीं। उसकी थल-सेनाओं ने पृथ्वी पर उत्पात मचा रक्खा था। गंगा गांवों और कस्बों को निफल रही थी। गांव के गांव बहते चले जाते थे। ज़ोहरा नदी के तट पर बाढ़ का तमाशा देखने लगी। वह कृशांगी गंगा इतनी विशाल हो सकती है, इसका वह अनुमान भी न कर सकती थी। लहरें उन्मभा होकर गरजतीं, मुंह से फन निकालतीं, हाथों उछल रही थीं। चतुर डकैतों की तरह पैंतरे बदल रही थीं। कभी एक कदम आतीं, फिर पीछे लौट पड़तीं और चक्कर खाकर फिर आगे को लपकतीं। कहीं कोई झोंपडा डगमगाता तेज़ी से बहा जा रहा था, मानो कोई शराबी दौडा जाता हो कहीं कोई वृक्ष डाल-पत्तों समेत डूबता-उतराता किसी पाषाणयुग के जंतु की भांति तैरता चला जाता था। गाएं और भैंसें, खाट और तख्ते मानो तिलस्मी चित्रों की भांति आंखों के सामने से निकले जाते थे। सहसा एक किश्ती नज़र आई। उस पर कई स्त्री-पुरूष बैठे थे। बैठे क्या थे, चिमटे हुए थे। किश्ती कभी ऊपर जाती, कभी नीचे आती। बस यही मालूम होता था कि अब उलटी, अब उलटी। पर वाह रे साहस सब अब भी"
5,383,ज़ोहरा,मैं जाती हूं!,named_comma_quote,"ज़ोहरा ने कहा, 'मैं जाती हूं!'","ज़ोहरा ने कहा,"
5,384,रमानाथ,"जाने को तो मैं तैयार हूं, लेकिन वहां तक पहुंच भी सकूंगा, इसमें संदेह है। कितना तोड़ है!",named_comma_quote,"रमा ने लजाते हुए कहा,'जाने को तो मैं तैयार हूं, लेकिन वहां तक पहुंच भी सकूंगा, इसमें संदेह है। कितना तोड़ है!'","रमा ने लजाते हुए कहा,"
5,385,ज़ोहरा,"नहीं, मैं अभी निकाल लाती हूं।",named_comma_quote,"ज़ोहरा ने एक कदम पानी में रखकर कहा,'नहीं, मैं अभी निकाल लाती हूं।'","ज़ोहरा ने एक कदम पानी में रखकर कहा,"
5,386,रमानाथ,क्यों नाहक जान देने जाती हो वहां शायद एक गड्ढा है। मैं तो जा ही रहा था।,named_comma_quote,"वह कमर तक पानी में चली गई। रमा ने सशंक होकर कहा,'क्यों नाहक जान देने जाती हो वहां शायद एक गड्ढा है। मैं तो जा ही रहा था।'","वह कमर तक पानी में चली गई। रमा ने सशंक होकर कहा,"
5,387,ज़ोहरा,"नहीं-नहीं, तुम्हें मेरी कसम, तुम न आना। मैं अभी लिये आती हूं। मुझे तैरना आता है।",named_comma_quote,"ज़ोहरा ने हाथों से मना करते हुए कहा, 'नहीं-नहीं, तुम्हें मेरी कसम, तुम न आना। मैं अभी लिये आती हूं। मुझे तैरना आता है।'","ज़ोहरा ने हाथों से मना करते हुए कहा,"
5,388,जालपा,लाश होगी और क्या!,named_comma_quote,"जालपा ने कहा, 'लाश होगी और क्या! '","जालपा ने कहा,"
5,389,रमानाथ,शायद अभी जान हो,named_dash_quote,रमानाथ-- 'शायद अभी जान हो',रमानाथ--
5,390,जालपा,"अच्छा, तो ज़ोहरा तो तैर भी लेती है। जभी हिम्मत हुई।",named_dash_quote,"जालपा--'अच्छा, तो ज़ोहरा तो तैर भी लेती है। जभी हिम्मत हुई। '",जालपा--
5,392,जालपा,"इसमें लज्जा की कौन?सी बात है। मरी लाश के लिए जान को जोखिम में डालने से फायदा, जीती होती, तो मैं ख़ुद तुमसे कहती, जाकर निकाल लाओ।",named_comma_quote,"जालपा ने बेहयाई से कहा,'इसमें लज्जा की कौन?सी बात है। मरी लाश के लिए जान को जोखिम में डालने से फायदा, जीती होती, तो मैं ख़ुद तुमसे कहती, जाकर निकाल लाओ।'","जालपा ने बेहयाई से कहा,"
5,393,रमानाथ,"यहां से कौन जान सकता है, जान है या नहीं। सचमुच बाल-बच्चों वाला आदमी नामर्द हो जाता है। मैं खडा रहा और ज़ोहरा चली गई।",named_dash_quote,"रमा ने आत्म-धिक्कार के भाव से कहा, 'यहां से कौन जान सकता है, जान है या नहीं। सचमुच बाल-बच्चों वाला आदमी नामर्द हो जाता है। मैं खडा रहा और ज़ोहरा चली गई।'","रमा ने आत्म-धिक्कार के भाव से कहा,"
5,394,ज़ोहरा,ज़ोहरा ज़ोहरा! मैं आता हूं।,named_dash_quote,"सहसा एक ज़ोर की लहर आई और लाश को फिर धारा में बहा ले गई। ज़ोहरा लाश के पास पहुंच चुकी थी। उसे पकड़कर खींचना ही चाहती थी कि इस लहर ने उसे दूर कर दिया। ज़ोहरा ख़ुद उसके ज़ोर में आ गई और प्रवाह की ओर कई हाथ बह गई। वह फिर संभली पर एक दूसरी लहर ने उसे फिर ढकेल दिया। रमा व्यग्र होकर पानी में यद पडा और ज़ोर-ज़ोर से पुकारने लगा, 'ज़ोहरा ज़ोहरा! मैं आता हूं।'","सहसा एक ज़ोर की लहर आई और लाश को फिर धारा में बहा ले गई। ज़ोहरा लाश के पास पहुंच चुकी थी। उसे पकड़कर खींचना ही चाहती थी कि इस लहर ने उसे दूर कर दिया। ज़ोहरा ख़ुद उसके ज़ोर में आ गई और प्रवाह की ओर कई हाथ बह गई। वह फिर संभली पर एक दूसरी लहर ने उसे फिर ढकेल दिया। रमा व्यग्र होकर पानी में यद पडा और ज़ोर-ज़ोर से पुकारने लगा,"
