candidate_id,section,source_file,source_paragraph,source_paragraph_index,detection_method,dialogue_text,attribution_text,attribution_name_candidate,source_start,source_end,confidence,review_reason
TITLI-CAND-000001,1.1,titli_01.html,उसने फिर पूछा—कैसा समय बापू?,11,attribution_dash,कैसा समय बापू?,पूछा,,14,28,high,
TITLI-CAND-000002,1.1,titli_01.html,"चिथड़ों से लिपटा हुआ लंबा-चौड़ा, अस्थि-पंजर झनझना उठा खांसकर उसने कहा —जिस भयानक अकाल का स्मरण करके आज भी रोंगटे खड़े हो जाते हैं, जिस पिशाच की अग्नि-क्रीड़ा में खेलती हुई तुझको मैंने पाया था, वही संवत 55 का अकाल आज के सुकाल से भी सदय था—कोमल था। तब भी आठ सेर का अन्न बिकता था। आज पांच सेर की बिक्री में भी कहीं जूं नहीं रेंगती, जैसे—सब धीरे-धीरे दम तोड़ रहे हैं। कोई अकाल कहकर चिल्लाता नहीं। ओह! मैं भल रहा हं। कितने ही मनष्य तभी से एक बार भोजन करने के अभ्यासी हो गए हैं। जाने दे, होगा कुछ बंजो! जो सामने आवे, उसे झेलना चाहिए।",12,multi_turn_paragraph,"जिस भयानक अकाल का स्मरण करके आज भी रोंगटे खड़े हो जाते हैं, जिस पिशाच की अग्नि-क्रीड़ा में खेलती हुई तुझको मैंने पाया था, वही संवत 55 का अकाल आज के सुकाल से भी सदय था—कोमल था। तब भी आठ सेर का अन्न बिकता था। आज पांच सेर की बिक्री में भी कहीं जूं नहीं रेंगती, जैसे—सब धीरे-धीरे दम तोड़ रहे हैं। कोई अकाल",कहा,,71,372,high,
TITLI-CAND-000003,1.1,titli_01.html,"बंजो, मटकी में डेढ़ पाव दूध, चार कंडों पर गरम कर रही थी। उफनाते हुए दूध को उतारकर उसने कुतूहल से पूछा—बापू! उस अकाल में तुमने मुझे पाया था! लो, दूध पीकर मुझे वह पूरी कथा सुनाओ।",13,attribution_dash,"बापू! उस अकाल में तुमने मुझे पाया था! लो, दूध पीकर मुझे वह पूरी कथा सुनाओ।",पूछा,,102,176,high,
TITLI-CAND-000004,1.1,titli_01.html,थोड़ा-सा पीकर उसने पूछा-अरे तूने दूध अपने लिए रख लिया है?,15,attribution_dash,अरे तूने दूध अपने लिए रख लिया है?,पूछा,,24,57,high,
TITLI-CAND-000005,1.1,titli_01.html,"सिर झुकाए हुए, बंजो ने कहा—नमक और तेल से मुझे रोटी अच्छी लगती है बापू!",17,attribution_dash,नमक और तेल से मुझे रोटी अच्छी लगती है बापू!,बंजो ने कहा,बंजो,27,70,high,
TITLI-CAND-000006,1.1,titli_01.html,"मधुवा दबे पांव आकर उसी झोपड़ी के एक कोने में खड़ा हो गया। बुड्ढे ने उसकी ओर देखकर पूछा–मधुवा, आज तू क्या-क्या ले गया था?",19,attribution_dash,"मधुवा, आज तू क्या-क्या ले गया था?",बुड्ढे ने उसकी ओर देखकर पूछा,,87,120,high,
TITLI-CAND-000007,1.1,titli_01.html,"डेढ़ सेर घुमची, एक बोझा महुआ का पत्ता और एक खांचा कंडा बाबाजी!–मधुवा ने हाथ जोड़कर कहा।",20,attribution_dash,"डेढ़ सेर घुमची, एक बोझा महुआ का पत्ता और एक खांचा कंडा बाबाजी!",मधुवा ने हाथ जोड़कर कहा,मधुवा,0,62,high,
TITLI-CAND-000008,1.1,titli_01.html,"कहां चरावें, कुछ ऊसर-परती कहीं चरने के लिए बची भी है?—मधुवा ने कहा।",24,attribution_dash,"कहां चरावें, कुछ ऊसर-परती कहीं चरने के लिए बची भी है?",मधुवा ने कहा,मधुवा,0,53,high,
TITLI-CAND-000009,1.1,titli_01.html,"बंजो अपनी भूरी लटों को हटाते हुए बोली—मधुवा गंगा में घंटों नहाता है बापू! गाएं अपने मन से चरा करती हैं! यह जब बुलाता है,तभी सब चली आती हैं।",25,attribution_dash,"मधुवा गंगा में घंटों नहाता है बापू! गाएं अपने मन से चरा करती हैं! यह जब बुलाता है,तभी सब चली आती हैं।",बोली,,38,139,high,
TITLI-CAND-000010,1.1,titli_01.html,"बंजो की बात न सुनते हुए बाबाजी ने कहा-तू ठीक कहता है मधुवा! पशुओं को खाते-खाते मनुष्य, पशुओं के भोजन की जगह भी खाने लगे। ओह! कितना इनका पेट बढ़ गया है! वाह रे समय!!",26,multi_turn_paragraph,तू ठीक,बाबाजी ने कहा,,38,44,high,
TITLI-CAND-000011,1.1,titli_01.html,"मधुवा बीच ही में बोल उठा—बंजो, बनिया ने कहा है कि सरफोंका की पत्ती दे जाना,अब मैं जाता हूं।",27,multi_turn_paragraph,बंजो,बोल उठा,,25,29,high,very short candidate (<5 characters); verify spoken context
TITLI-CAND-000012,1.1,titli_01.html,बंजो दीप जलाने लगी। उस दरिद्र कुटीर के निर्मम अंधकार में दीपक की ज्योति तारा-सी चमकने लगी। बुड्ढे ने पुकारा-बंजो,30,attribution_dash,बंजो,बुड्ढे ने पुकारा,,108,112,high,very short candidate (<5 characters); verify spoken context
TITLI-CAND-000013,1.1,titli_01.html,आयी—कहती हुई वह बुड्ढे की खाट के पास आ बैठी और उसका सिर सहलाने लगी। कुछ ठहरकर बोली—बापू! उस अकाल का हाल न सुनाओगे?,31,attribution_dash,बापू! उस अकाल का हाल न सुनाओगे?,बोली,,83,114,high,
TITLI-CAND-000014,1.1,titli_01.html,नहीं बापू! सुना दो मुझे वह अकाल की कहानी—बंजो ने मचलते हुए कहा।,33,attribution_dash,नहीं बापू! सुना दो मुझे वह अकाल की कहानी,बंजो ने मचलते हुए कहा,बंजो,0,40,high,
TITLI-CAND-000015,1.1,titli_01.html,"फिर किसी ने कहा-नीचे करार की ओर उतरने में तो गिर जाने का डर है, इधर ये कांटेदार झाड़ियां! अब किधर जाऊं?",42,attribution_dash,"नीचे करार की ओर उतरने में तो गिर जाने का डर है, इधर ये कांटेदार झाड़ियां! अब किधर जाऊं?",किसी ने कहा,,16,103,high,
TITLI-CAND-000016,1.1,titli_01.html,"अब बंजो को बाध्य होकर उधर जाना पड़ा। पहले कांटों में फंसने वाले व्यक्ति ने चिल्लाकर कहा—खड़ी रहिए; इधर नहीं ऊहूं- ऊं! उसी नीम के नीचे ठहरिए, मैं आता हूं! इधर बड़ा ऊंचा-नीचा है।",45,attribution_dash,"खड़ी रहिए; इधर नहीं ऊहूं- ऊं! उसी नीम के नीचे ठहरिए, मैं आता हूं! इधर बड़ा ऊंचा-नीचा है।",व्यक्ति ने चिल्लाकर कहा,,88,176,high,
TITLI-CAND-000017,1.1,titli_01.html,चौबेजी ने डग बढ़ाकर कहा—मेरे पीछे-पीछे चली आइए।,51,attribution_dash,मेरे पीछे-पीछे चली आइए।,चौबेजी ने डग बढ़ाकर कहा,चौबेजी,24,47,high,
TITLI-CAND-000018,1.1,titli_01.html,"बंजो के सहारे चौबेजी को छोड़कर शैला फिरहरी की तरह घूम पड़ी। वह नीम के नीचे खड़ी होकर कहने लगी—इसी सीढ़ी से इन्द्रदेव—बहुत ठीक सीढ़ी है। हां, संभालकर चले आओ। चौबेजी का तो घुटना ही टूट गया है! हां, ठीक है, चले आओ! कहीं-कहीं जड़ें बुरी तरह से निकल आई हैं उन्हें बचाकर आना।",59,attribution_dash,"इसी सीढ़ी से इन्द्रदेव—बहुत ठीक सीढ़ी है। हां, संभालकर चले आओ। चौबेजी का तो घुटना ही टूट गया है! हां, ठीक है, चले आओ! कहीं-कहीं जड़ें बुरी तरह से निकल आई हैं उन्हें बचाकर आना।",कहने लगी,,94,269,high,
TITLI-CAND-000019,1.1,titli_01.html,"नीचे से इन्द्रदेव ने कहा—सच कहना शैला क्या चौबे का घुटना टूट गया? ओहो, तो कैसे वह इतनी दूर चलेगा! नहीं-नहीं, तुम हंसी करती हो।",60,attribution_dash,"सच कहना शैला क्या चौबे का घुटना टूट गया? ओहो, तो कैसे वह इतनी दूर चलेगा! नहीं-नहीं, तुम हंसी करती हो।",इन्द्रदेव ने कहा,इन्द्रदेव,25,126,high,
TITLI-CAND-000020,1.1,titli_01.html,"नीम के नीचे खड़े होकर, इन्द्रदेव ने शैला के कोमल हाथों को दबाकर कहा—करारे की मिट्टी काटकर देहातियों ने कामचलाऊ सीढ़ियां अच्छी बना ली हैं। शैला कितना सुंदर दश्य है! नीचे धीरे-धीरे गंगा बह रही है. अंधकार से मिली हई उस पार के वक्षों की श्रेणी शितिज की कोर में गाढ़ी कालिमा की बेल बना रही है, और ऊपर...",63,attribution_dash,"करारे की मिट्टी काटकर देहातियों ने कामचलाऊ सीढ़ियां अच्छी बना ली हैं। शैला कितना सुंदर दश्य है! नीचे धीरे-धीरे गंगा बह रही है. अंधकार से मिली हई उस पार के वक्षों की श्रेणी शितिज की कोर में गाढ़ी कालिमा की बेल बना रही है, और ऊपर...",कहा,,68,298,high,
TITLI-CAND-000021,1.1,titli_01.html,बंजो ने स्वयं ही कहा—पास ही झोपड़ी है। आप लोग वहीं तक चलिए; फिर जैसी इच्छा।,69,attribution_dash,पास ही झोपड़ी है। आप लोग वहीं तक चलिए; फिर जैसी इच्छा।,बंजो ने स्वयं ही कहा,बंजो,21,75,high,
TITLI-CAND-000022,1.1,titli_01.html,"सब बंजो के साथ मैदान के उस छोर पर जलने वाले दीपक के सम्मुख चले, जहां से ""बंजो! बंजो!” कहकर कोई पुकार रहा था। बंजो ने कहा—आती हूं!",70,attribution_dash,आती हूं!,बंजो ने कहा,बंजो,121,129,high,
TITLI-CAND-000023,1.1,titli_01.html,झोपड़ी के दूसरे भाग के पास पहुंचकर बंजो क्षण-भर के लिए रुकी। चौबेजी को छप्पर के नीचे पड़ी हुई एक खाट पर बैठने का संकेत करके वह घूमी ही थी कि बुड्ढे ने कहा—बंजो! कहां है रे? अकाल की कहानी और अपनी कथा न सुनेगी? मुझे नींद आ रही हैं।,71,multi_turn_paragraph,बंजो! कहां है रे? अकाल की,बुड्ढे ने कहा,,155,180,high,
TITLI-CAND-000024,1.1,titli_01.html,"सब चुपचाप थे। बुड्ढे ने कहा—कहां रही तू बंजो! एक आदमी को चोट लगी थी, उसी...। तो-तू क्या कर रही थी? वह चल नहीं सकता था, उसी को सहारा देकर",73,attribution_dash,"कहां रही तू बंजो! एक आदमी को चोट लगी थी, उसी...। तो-तू क्या कर रही थी?",बुड्ढे ने कहा,,28,98,high,stopped before a recognizable narrative continuation; review boundary
TITLI-CAND-000025,1.1,titli_01.html,"ओहो तू बड़ी पुण्यात्मा है...तो फिर लिवा ही आई है, तो उन्हें बिठा दे छप्पर में और दसरी जगह ही कौन है? और बंजो! अतिथि को बिठा देने से ही नहीं काम चल जाता। दो-चार टिक्कर सेंकने की भी...समझी? नहीं-नहीं, इसकी आवश्यकता नहीं कहते हुए इन्द्रदेव बुड्ढे के सामने आ गए। बुड्ढे ने धुंधले प्रकाश में देखा-पूरा साहबी ठाट! उसने कहा—आप साहब यहां...",76,attribution_dash,आप साहब यहां...,कहा,,317,332,high,
TITLI-CAND-000026,1.1,titli_01.html,"तुम घबराओ मत, हम लोगों को छावनी तक पहुंच जाने पर किसी बात की असुविधा न रहेगी। चौबेजी को चोट आ गई है वह सवारी न मिलने पर रात-भर यहां पड़े रहेंगे। सवेरे देखा जाएगा। छावनी की पगडंडी पा जाने पर हम लोग स्वयं चले जाएंगे। कोई... इन्द्रदेव को रोककर बूड्ढे ने कहा--आप धामपुर की छावनी पर जाना चाहते हैं? जमींदार के मेहमान हैं न? बंजो! मधुवा को बुला दे, नहीं तू ही इन लोगों को बनजरिया के बाहर उत्तर वाली पगडंडी पर पहुंचा दे। मधुवा!! ओ रे मधुवा!–चौबेजी को रहने दीजिए, कोई चिंता नहीं।",77,attribution_dash,"-आप धामपुर की छावनी पर जाना चाहते हैं? जमींदार के मेहमान हैं न? बंजो! मधुवा को बुला दे, नहीं तू ही इन लोगों को बनजरिया के बाहर उत्तर वाली पगडंडी पर पहुंचा दे। मधुवा!! ओ रे मधुवा!–चौबेजी को रहने दीजिए, कोई चिंता नहीं।",बूड्ढे ने कहा,बूड्ढे,255,471,high,
TITLI-CAND-000027,1.1,titli_01.html,बंजो ने कहा-रहने दो बापू। मैं ही जाती हूं।,78,attribution_dash,रहने दो बापू। मैं ही जाती हूं।,बंजो ने कहा,बंजो,12,42,high,
TITLI-CAND-000028,1.1,titli_01.html,"शैला ने चौबेजी से कहा-तो आप यहीं रहिए, मैं जाकर सवारी भेजती हूं।",79,attribution_dash,"तो आप यहीं रहिए, मैं जाकर सवारी भेजती हूं।",शैला ने चौबेजी से कहा,शैला,22,64,high,
TITLI-CAND-000029,1.1,titli_01.html,"इन्द्रदेव ने पुकारा-शैला! आओ, हम लोग चलें।",81,attribution_dash,"शैला! आओ, हम लोग चलें।",इन्द्रदेव ने पुकारा,इन्द्रदेव,20,42,high,
TITLI-CAND-000030,1.1,titli_01.html,"एक सांस में बंजो कहने को तो कह गई, पर बुड्ढे की समझ में कुछ न आया। उसने कहा—मधुवा! उस शीशी में जो जड़ी का तेल है, उसे लगाकर ब्राह्मण का घुटना सेंक दे, उसे चोट आ गई है।",87,attribution_dash,"मधुवा! उस शीशी में जो जड़ी का तेल है, उसे लगाकर ब्राह्मण का घुटना सेंक दे, उसे चोट आ गई है।",कहा,,76,167,high,
TITLI-CAND-000031,1.1,titli_01.html,"बंजो पुआल में कंबल लेकर घुसी। कुछ पुआल और कुछ कंबल से गले तक शरीर ढक कर वह सोने का अभिनय करने लगी। पलकों पर ठंड लगने से बीच-बीच में वह आंख खोलने-मुंदने का खिलवाड़ कर रही थी। जब आंखें बंद रहतीं, तब एक गोरा-गोरा मुंहकरुणा की मिठास से भरा हुआ गोल-मटोल नन्हा-सा मुंह-उसके सामने हंसने लगता। उसमें ममता का आकर्षण था। आख खुलने पर वही पुरानी झोपड़ी की छाजन! अत्यंत विरोधी दृश्य!! दोनों ने उसके कुतूहल-पूर्ण हृदय के साथ छेड़छाड़ की, किंतु विजय हुई आंख बंद करने की। शैला के संगीत के समान सुंदर शब्द उसकी हत्तंत्री में झनझना उठे! शैला के समीप होने की—उसके हृदय में स्थान पाने की—बलवती वासना बंजो के मन में जगी। वह सोते-सोते स्वप्न देखने लगी। स्वप्न देखते-देखते शैला के साथ खेलने लगी। मधुवा से तेल मलवाते हुए चौबेजी ने पूछा-क्यों जी! तुम यहां कहां रहते हो? क्या काम करते हो? क्या तुम इस बुड्ढे के यहां नौकर हो? उसके लड़के तो नहीं मालूम पड़ते?",89,attribution_dash,क्यों जी! तुम यहां कहां रहते हो? क्या काम करते हो? क्या तुम इस बुड्ढे के यहां नौकर हो? उसके लड़के तो नहीं मालूम पड़ते?,चौबेजी ने पूछा,चौबेजी,712,830,high,
TITLI-CAND-000032,1.1,titli_01.html,"चौबेजी ने घबराकर कहा—बस करो, अब दर्द नहीं रहा। वाह-वाह!",91,attribution_dash,"बस करो, अब दर्द नहीं रहा। वाह-वाह!",चौबेजी ने घबराकर कहा,चौबेजी,21,55,high,
TITLI-CAND-000033,1.2,titli_02.html,"सहसा एक लंबी-सी पतली-दुबली लड़की ने पास आकर कुछ याचना की। इन्द्रदेव ने गहरी दृष्टि से उस विवर्ण मुख को देखकर पूछा--क्यों, तुम्हारे पिता-माता नहीं हैं?",103,attribution_dash,"-क्यों, तुम्हारे पिता-माता नहीं हैं?",पूछा,,114,150,high,
TITLI-CAND-000034,1.2,titli_02.html,"इन्द्रदेव होंठ काटते हुए क्षण-भर विचार करने लगे। एक छोकरे ने आकर लड़की को धक्का देकर कहा—जो पाती, सब शराब पी जाती है। इसको देना--न देना सब बराबर है।",112,attribution_dash,"जो पाती, सब शराब पी जाती है। इसको देना--न देना सब बराबर है।",कहा,,89,148,high,
TITLI-CAND-000035,1.2,titli_02.html,लड़की ने क्रोध से कहा—जैक! अपनी करनी मुझ पर क्यों लादता है? तू ही मांग ले; मैं जाती हूं।,113,attribution_dash,जैक! अपनी करनी मुझ पर क्यों लादता है? तू ही मांग ले; मैं जाती हूं।,लड़की ने क्रोध से कहा,,22,88,high,
TITLI-CAND-000036,1.2,titli_02.html,"वह घूमकर जाने के लिए तैयार थी कि इन्द्रदेव ने कहा—अच्छा सुनो तो, तुम पास के भोजनालय तक चलो, तुमको खाने के लिए, और मिल सका तो कोई भी दिलवादूंगा।",114,attribution_dash,"अच्छा सुनो तो, तुम पास के भोजनालय तक चलो, तुमको खाने के लिए, और मिल सका तो कोई भी दिलवादूंगा।",इन्द्रदेव ने कहा,इन्द्रदेव,50,143,high,
TITLI-CAND-000037,1.2,titli_02.html,छोकरा 'हो-हो-हो!' करके हंस पड़ा। बोला—जा न शैला। आज की रात तो गर्मी से बिता ले. फिर कल देखा जाएगा।,115,attribution_quote,हो-हो-हो!,बोला,,7,16,high,
TITLI-CAND-000038,1.2,titli_02.html,छोकरा 'हो-हो-हो!' करके हंस पड़ा। बोला—जा न शैला। आज की रात तो गर्मी से बिता ले. फिर कल देखा जाएगा।,115,attribution_dash,जा न शैला। आज की रात तो गर्मी से बिता ले. फिर कल देखा जाएगा।,बोला,,38,98,high,
TITLI-CAND-000039,1.2,titli_02.html,उसका अश्लील व्यंग्य इन्द्रदेव को व्यथित कर रहा था; किंतु शैला ने कहा—चलिए।,116,attribution_dash,चलिए।,शैला ने कहा,शैला,69,74,high,
TITLI-CAND-000040,1.2,titli_02.html,"दोनों चल पड़े। इन्द्रदेव आगे थे, पीछे शैला। लंदन का विद्युत-प्रकाश निस्तब्ध होकर उन दोनों का निर्विकार पद-विशेप देख रहा था। सहसा घूमकर इन्द्रदेव ने पूछा-तुम्हारा नाम 'शैला' है न?",117,attribution_dash,तुम्हारा नाम 'शैला' है न?,इन्द्रदेव ने पूछा,इन्द्रदेव,153,178,high,
TITLI-CAND-000041,1.2,titli_02.html,"दोनों चल पड़े। इन्द्रदेव आगे थे, पीछे शैला। लंदन का विद्युत-प्रकाश निस्तब्ध होकर उन दोनों का निर्विकार पद-विशेप देख रहा था। सहसा घूमकर इन्द्रदेव ने पूछा-तुम्हारा नाम 'शैला' है न?",117,attribution_quote,शैला,इन्द्रदेव ने पूछा,इन्द्रदेव,167,171,high,very short candidate (<5 characters); verify spoken context
TITLI-CAND-000042,1.2,titli_02.html,'हां' कहकर फिर वह चुपचाप सिर नीचा किए अनुसरण करने लगी।,118,attribution_quote,हां,कहकर,,1,4,high,
TITLI-CAND-000043,1.2,titli_02.html,इन्द्रदेव ने फिर ठहरकर पूछा—कहां चलोगी? भोजनालय में या हम लोगों के मेस में?,119,attribution_dash,कहां चलोगी? भोजनालय में या हम लोगों के मेस में?,इन्द्रदेव ने फिर ठहरकर पूछा,इन्द्रदेव,28,75,high,
TITLI-CAND-000044,1.2,titli_02.html,'जहां कहिए' कहकर वह चुपचाप चल रही थी। उसकी अविचल धीरता से मन-ही-मन कुढ़ते हुए इन्द्रदेव मेस की ओर ही चले।,120,attribution_quote,जहां कहिए,कहकर,,1,10,high,
TITLI-CAND-000045,1.2,titli_02.html,"को परिचारिका-रूप में स्वीकार किया। और, जब शैला से पूछा गया, तोउसने अपनी स्वाभाविक उदार दृष्टि इन्द्रदेव के मुंह पर जमाकर कहा यदि आप कहते हैं तो मुझे स्वीकार करने में कोई आपत्ति नहीं है। भिखमंगिन होने से यह बुरा तो न होगा। इन्द्रदेव अपने मित्रों के मुस्कुराने पर भी मन-ही-मन सिहर उठे। बालिका के विश्वास पर उन्हें भय मालूम होने लगा। तब भी उन्होंने समस्त साहस बटोरकर कहा-शैला, कोई भय नहीं, तुम यहां स्वयं सुखी रहोगी और हम लोगों की भी सहायता करोगी। मकान वाली बुढिया ने जब यह सुना, तो एक बार झल्लाई। उसने शैला के पास जाकर, उसकी ठोढ़ी पकड़कर, आंखें गड़ाकर, उसके मुंह को और फिर सारे अंग को इस तीखी चितवन से देखा, जैसे कोई सौदागर किसी जानवर को खरीदने से पहले उसे देखता हो। किंतु शैला के मुंह पर तो एक उदासीन धैर्य आसन जमाए था, जिसको कितनी ही कुटिल दृष्टि क्यों न हो, विचलित नहीं कर सकती। बुढिया ने कहा—रह जा बेटी, ये लोग भी अच्छे आदमी हैं। शैला उसी दिन से मेस में रहने लगी। भारतीयों के साथ बैठकर वह प्राय: भारत के देहातों, पहाड़ी तथा प्राकृतिक दृश्यों के संबंध में इन्द्रदेव से कतहलपर्ण प्रश्र किया करती। बैरिस्टरी का डिप्लोमा मिलने के साथ ही इन्द्रदेव को पिता के मरने का शोकसमाचार मिला। उस समय शैला की सांत्वना और स्नेहपूर्ण व्यवहार ने इन्द्रदेव के मन को बहुत-कुछ बहलाया। मकान वाली बुढिया उसे बहुत प्यार करती, इन्द्रदेव के सद्व्यवहार और चारित्र्य पर वह बहुत प्रसन्न थी। इन्द्रदेव ने जब शैला को भारत चलने के लिए व शैला भी भारत चली आई। इन्द्रदेव ने शहर के महल में न रहकर धामपुर के बंगले में ही अभी रहने का प्रबंध किया। अभी धामपुर आए इन्द्रदेव और शैला को दो सप्ताह से अधिक न हुए थे। इंग्लैंड से ही इन्द्रदेव ने शैला को हिंदी से खूब परिचित कराया। वह अच्छी हिंदी बोलने लगी थी। देहाती किसानों के घर जाकर उनके साथ घरेल बातें करने का चसका लग गया था खाट पर बैठकर वह बड़े मजे से उनसे बातें करती, साड़ी पहनने का उसने अभ्यास कर लिया था और उसे फबती भी अच्छी। शैला और इन्द्रदेव दोनों इस मनोविनोद से प्रसन्न थे। वे गंगा के किनारे-किनारे धीरेधीरे बात करते चले जा रहे थे। कृषक-बालिकाएं बरतन मांज रही थीं। मल्लाहों के लड़के अपने डोंगी पर बैठे हुए मछली फंसाने की कटिया तोल रहे थे। दो-एकबड़ी-बड़ी नावें, माल से लदी हुईं, गंगा के प्रशांत जल पर धीरे-धीरे संतरण कर रही थीं। वह प्रभात था! शैला बड़े कुतूहल से भारतीय वातावरण में नीले आकाश, उजली धूप और सहज ग्रामीण शांति का निरीक्षण कर रही थी। वह बातें भी करती जाती थी। गंगा की लहर से सुंदर कटे हुए बालू के नीचे करारों में पक्षियों के एक सुंदर छोटे-से झुंड को विचरते देखकर उसने उनका नाम पूछा! इन्द्रदेव ने कहा ये सुर्खाब हैं, इनके परों का तो तुम लोगों के यहां भी उपयोग होता समर्थन किया। इन्द ________________",122,multi_turn_paragraph,"शैला, कोई भय नहीं, तुम यहां स्वयं सुखी रहोगी और हम लोगों की भी सहायता करोगी। मकान वाली बुढिया ने जब यह सुना, तो एक बार झल्लाई। उसने शैला के पास जाकर, उसकी ठोढ़ी पकड़कर, आंखें गड़ाकर, उसके मुंह को और फिर सारे अंग को इस तीखी चितवन से देखा, जैसे कोई सौदागर किसी जानवर को खरीदने से पहले उसे देखता हो। किंतु शैला के मुंह पर तो एक उदासीन धैर्य आसन जमाए था, जिसको कितनी ही कुटिल दृष्टि क्यों न हो, विचलित नहीं कर सकती।",कहा,,368,779,high,
TITLI-CAND-000046,1.2,titli_02.html,"को परिचारिका-रूप में स्वीकार किया। और, जब शैला से पूछा गया, तोउसने अपनी स्वाभाविक उदार दृष्टि इन्द्रदेव के मुंह पर जमाकर कहा यदि आप कहते हैं तो मुझे स्वीकार करने में कोई आपत्ति नहीं है। भिखमंगिन होने से यह बुरा तो न होगा। इन्द्रदेव अपने मित्रों के मुस्कुराने पर भी मन-ही-मन सिहर उठे। बालिका के विश्वास पर उन्हें भय मालूम होने लगा। तब भी उन्होंने समस्त साहस बटोरकर कहा-शैला, कोई भय नहीं, तुम यहां स्वयं सुखी रहोगी और हम लोगों की भी सहायता करोगी। मकान वाली बुढिया ने जब यह सुना, तो एक बार झल्लाई। उसने शैला के पास जाकर, उसकी ठोढ़ी पकड़कर, आंखें गड़ाकर, उसके मुंह को और फिर सारे अंग को इस तीखी चितवन से देखा, जैसे कोई सौदागर किसी जानवर को खरीदने से पहले उसे देखता हो। किंतु शैला के मुंह पर तो एक उदासीन धैर्य आसन जमाए था, जिसको कितनी ही कुटिल दृष्टि क्यों न हो, विचलित नहीं कर सकती। बुढिया ने कहा—रह जा बेटी, ये लोग भी अच्छे आदमी हैं। शैला उसी दिन से मेस में रहने लगी। भारतीयों के साथ बैठकर वह प्राय: भारत के देहातों, पहाड़ी तथा प्राकृतिक दृश्यों के संबंध में इन्द्रदेव से कतहलपर्ण प्रश्र किया करती। बैरिस्टरी का डिप्लोमा मिलने के साथ ही इन्द्रदेव को पिता के मरने का शोकसमाचार मिला। उस समय शैला की सांत्वना और स्नेहपूर्ण व्यवहार ने इन्द्रदेव के मन को बहुत-कुछ बहलाया। मकान वाली बुढिया उसे बहुत प्यार करती, इन्द्रदेव के सद्व्यवहार और चारित्र्य पर वह बहुत प्रसन्न थी। इन्द्रदेव ने जब शैला को भारत चलने के लिए व शैला भी भारत चली आई। इन्द्रदेव ने शहर के महल में न रहकर धामपुर के बंगले में ही अभी रहने का प्रबंध किया। अभी धामपुर आए इन्द्रदेव और शैला को दो सप्ताह से अधिक न हुए थे। इंग्लैंड से ही इन्द्रदेव ने शैला को हिंदी से खूब परिचित कराया। वह अच्छी हिंदी बोलने लगी थी। देहाती किसानों के घर जाकर उनके साथ घरेल बातें करने का चसका लग गया था खाट पर बैठकर वह बड़े मजे से उनसे बातें करती, साड़ी पहनने का उसने अभ्यास कर लिया था और उसे फबती भी अच्छी। शैला और इन्द्रदेव दोनों इस मनोविनोद से प्रसन्न थे। वे गंगा के किनारे-किनारे धीरेधीरे बात करते चले जा रहे थे। कृषक-बालिकाएं बरतन मांज रही थीं। मल्लाहों के लड़के अपने डोंगी पर बैठे हुए मछली फंसाने की कटिया तोल रहे थे। दो-एकबड़ी-बड़ी नावें, माल से लदी हुईं, गंगा के प्रशांत जल पर धीरे-धीरे संतरण कर रही थीं। वह प्रभात था! शैला बड़े कुतूहल से भारतीय वातावरण में नीले आकाश, उजली धूप और सहज ग्रामीण शांति का निरीक्षण कर रही थी। वह बातें भी करती जाती थी। गंगा की लहर से सुंदर कटे हुए बालू के नीचे करारों में पक्षियों के एक सुंदर छोटे-से झुंड को विचरते देखकर उसने उनका नाम पूछा! इन्द्रदेव ने कहा ये सुर्खाब हैं, इनके परों का तो तुम लोगों के यहां भी उपयोग होता समर्थन किया। इन्द ________________",122,multi_turn_paragraph,"रह जा बेटी, ये लोग भी अच्छे आदमी हैं।",बुढिया ने कहा,बुढिया,794,831,high,stopped before a recognizable narrative continuation; review boundary
TITLI-CAND-000047,1.2,titli_02.html,"है। देखो, ये कितने कोमल हैं। यह कहकर इन्द्रदेव ने दो-तीन गिरे हुए परों को उठाकर शैला के हाथ में दे दिया। ‘फाइन'!-नहीं-नहीं, माफ करो इन्द्रदेव! अच्छा, इन्हें कहूं कोमल। सुंदर!—कहती हुई, शैला ने हंस दिया। शैला! इनके लिए मेरे देश में एक कहावत है। यहां के कवियों ने अपनी कविता में इनका बड़ा करुण वर्णन किया है। गंभीरता से इन्द्रदेव ने कहा। क्या . इन्हें चक्रवाक कहते हैं। इनके जोड़े दिन-भर तो साथ-साथ घूमते रहते हैं, किंतु संध्या जब होती है, तभी ये अलग हो जाते हैं। फिर ये रात-भर नहीं मिलने पाते। कोई रोक देता है क्या? प्रकृति; कहा जाता है कि इनके लिए यही विधाता का विधान है। ओह। बड़ी कठोरता है।—कहती हुई शैला एक क्षण के लिए अन्यमनस्क हो गई। कुछ दूर चुपचाप चलने पर इन्द्रदेव ने कहा-शैला। हम लोग नीम के पास आ गए। देखो, यही सीढ़ी है; चलो देखें, चौबे क्या कर रहा है। पालना नहीं-नहीं-पालकी तो पहुंच गई होगी इन्द्रदेव। यह भी कोई सवारी है? तुम्हारे यहां रईस लोग इसी पर चढ़ते हैं— आदमियों पर। क्यों? बिना किसी बीमारी के! यह तो अच्छा तमाशा है! —कहकर शैला ने हंस दिया। अब तो बीमारों के बदले डॉक्टर ही यहां पालकी पर चढ़ते हैं शैला! लो, पहले तुम्हीं सीढ़ी पर चढ़ो। ___दोनों सीढ़ी पर चढ़कर बातें करते हुए बनजरिया में पहुंचे। देखते हैं, तो चौबेजी अपने सामान से लैस खड़े हैं। शैला ने हंसकर पूछा-चौबेजी! आप तो पालकी पर जाएंगे? मुझे हुआ क्या है। रामदीन को आज बिना मारे मैं न छोडूंगा। सरकार! उसने बड़ा तंग किया। मुझे गोद में उठाकर पालकी पर बिठाता था। छावनी पर चलकर उस बदमाश छोकरे की खबर लूंगा। बरा क्या करता था? मेरे कहने से वह बेचारा तो तम्हारी सेवा करना चाहता था और तुम चिढ़ते थे। अच्छा, चलो तुम पालकी में बैठो।— इन्द्रदेव ने कहा। फिर वही—पालकी में बैठो! क्या मेरा ब्याह होगा? ठहरो भी, तुम्हारा घुटना तो टूट गया है न। तुम चलोगे कैसे? तेल क्या था, बिल्कुल जादू! मेम साहब ने जो दवा का बॉक्स मेरे बटुए में रख दिया था-वही, जिसमें सागूदाना की-सी गोलियां रहती हैं—मैं खोल डाला। एक शीशी गोली खा डाली। न गुड तीता न मीठा–सच मानिए मेम साहब। आपकी दवा मेरे-जैसे उजड्डों के लिए नहीं। मेरा तो विश्वास है कि उस तेल ने मुझे रातभर में चंगा कर दिया। मैं अब पालकी पर न चढूंगा। गांव-भर में मेरी दिल्लगी राम-राम!! शैला हँस रही थी। इन्द्रदेव ने कहा-चौबे! होमियोपैथी में बीमारी की दवा नहीं होती, दवा की बीमारी होती है। क्यों शैला! इन्द्रदेव! तुमने कभी इसका अनुभव नहीं किया है। नहीं तो इसकी हंसी न उड़ाते। अच्छा, चलो उस लड़की को तो बुलावें। वह कहां है? उसे कल कुछ इनाम नहीं दिया। बड़ी अच्छी लड़की है। झोपड़ी में से लठिया टेकते हुए बुड्ढा निकल आया। उसके पीछे बंजो थी। शैला ने दौड़कर उसका हाथ पकड़ लिया, और कहने लगी-ओह! तुम रात को चली आईं, मैं तो खोज रही थी। तुम बड़ी नेक,...!",123,multi_turn_paragraph,"शैला। हम लोग नीम के पास आ गए। देखो, यही सीढ़ी है; चलो देखें, चौबे क्या कर रहा है। पालना नहीं-नहीं-पालकी तो पहुंच गई होगी इन्द्रदेव। यह भी कोई सवारी है? तुम्हारे यहां रईस लोग इसी पर चढ़ते हैं— आदमियों पर। क्यों? बिना किसी बीमारी के! यह तो अच्छा तमाशा है!",इन्द्रदेव ने कहा,इन्द्रदेव,678,931,high,
TITLI-CAND-000048,1.2,titli_02.html,"है। देखो, ये कितने कोमल हैं। यह कहकर इन्द्रदेव ने दो-तीन गिरे हुए परों को उठाकर शैला के हाथ में दे दिया। ‘फाइन'!-नहीं-नहीं, माफ करो इन्द्रदेव! अच्छा, इन्हें कहूं कोमल। सुंदर!—कहती हुई, शैला ने हंस दिया। शैला! इनके लिए मेरे देश में एक कहावत है। यहां के कवियों ने अपनी कविता में इनका बड़ा करुण वर्णन किया है। गंभीरता से इन्द्रदेव ने कहा। क्या . इन्हें चक्रवाक कहते हैं। इनके जोड़े दिन-भर तो साथ-साथ घूमते रहते हैं, किंतु संध्या जब होती है, तभी ये अलग हो जाते हैं। फिर ये रात-भर नहीं मिलने पाते। कोई रोक देता है क्या? प्रकृति; कहा जाता है कि इनके लिए यही विधाता का विधान है। ओह। बड़ी कठोरता है।—कहती हुई शैला एक क्षण के लिए अन्यमनस्क हो गई। कुछ दूर चुपचाप चलने पर इन्द्रदेव ने कहा-शैला। हम लोग नीम के पास आ गए। देखो, यही सीढ़ी है; चलो देखें, चौबे क्या कर रहा है। पालना नहीं-नहीं-पालकी तो पहुंच गई होगी इन्द्रदेव। यह भी कोई सवारी है? तुम्हारे यहां रईस लोग इसी पर चढ़ते हैं— आदमियों पर। क्यों? बिना किसी बीमारी के! यह तो अच्छा तमाशा है! —कहकर शैला ने हंस दिया। अब तो बीमारों के बदले डॉक्टर ही यहां पालकी पर चढ़ते हैं शैला! लो, पहले तुम्हीं सीढ़ी पर चढ़ो। ___दोनों सीढ़ी पर चढ़कर बातें करते हुए बनजरिया में पहुंचे। देखते हैं, तो चौबेजी अपने सामान से लैस खड़े हैं। शैला ने हंसकर पूछा-चौबेजी! आप तो पालकी पर जाएंगे? मुझे हुआ क्या है। रामदीन को आज बिना मारे मैं न छोडूंगा। सरकार! उसने बड़ा तंग किया। मुझे गोद में उठाकर पालकी पर बिठाता था। छावनी पर चलकर उस बदमाश छोकरे की खबर लूंगा। बरा क्या करता था? मेरे कहने से वह बेचारा तो तम्हारी सेवा करना चाहता था और तुम चिढ़ते थे। अच्छा, चलो तुम पालकी में बैठो।— इन्द्रदेव ने कहा। फिर वही—पालकी में बैठो! क्या मेरा ब्याह होगा? ठहरो भी, तुम्हारा घुटना तो टूट गया है न। तुम चलोगे कैसे? तेल क्या था, बिल्कुल जादू! मेम साहब ने जो दवा का बॉक्स मेरे बटुए में रख दिया था-वही, जिसमें सागूदाना की-सी गोलियां रहती हैं—मैं खोल डाला। एक शीशी गोली खा डाली। न गुड तीता न मीठा–सच मानिए मेम साहब। आपकी दवा मेरे-जैसे उजड्डों के लिए नहीं। मेरा तो विश्वास है कि उस तेल ने मुझे रातभर में चंगा कर दिया। मैं अब पालकी पर न चढूंगा। गांव-भर में मेरी दिल्लगी राम-राम!! शैला हँस रही थी। इन्द्रदेव ने कहा-चौबे! होमियोपैथी में बीमारी की दवा नहीं होती, दवा की बीमारी होती है। क्यों शैला! इन्द्रदेव! तुमने कभी इसका अनुभव नहीं किया है। नहीं तो इसकी हंसी न उड़ाते। अच्छा, चलो उस लड़की को तो बुलावें। वह कहां है? उसे कल कुछ इनाम नहीं दिया। बड़ी अच्छी लड़की है। झोपड़ी में से लठिया टेकते हुए बुड्ढा निकल आया। उसके पीछे बंजो थी। शैला ने दौड़कर उसका हाथ पकड़ लिया, और कहने लगी-ओह! तुम रात को चली आईं, मैं तो खोज रही थी। तुम बड़ी नेक,...!",123,attribution_dash,"चौबेजी! आप तो पालकी पर जाएंगे? मुझे हुआ क्या है। रामदीन को आज बिना मारे मैं न छोडूंगा। सरकार! उसने बड़ा तंग किया। मुझे गोद में उठाकर पालकी पर बिठाता था। छावनी पर चलकर उस बदमाश छोकरे की खबर लूंगा। बरा क्या करता था? मेरे कहने से वह बेचारा तो तम्हारी सेवा करना चाहता था और तुम चिढ़ते थे। अच्छा, चलो तुम पालकी में बैठो।",इन्द्रदेव ने कहा,इन्द्रदेव,1177,1492,high,
TITLI-CAND-000049,1.2,titli_02.html,"है। देखो, ये कितने कोमल हैं। यह कहकर इन्द्रदेव ने दो-तीन गिरे हुए परों को उठाकर शैला के हाथ में दे दिया। ‘फाइन'!-नहीं-नहीं, माफ करो इन्द्रदेव! अच्छा, इन्हें कहूं कोमल। सुंदर!—कहती हुई, शैला ने हंस दिया। शैला! इनके लिए मेरे देश में एक कहावत है। यहां के कवियों ने अपनी कविता में इनका बड़ा करुण वर्णन किया है। गंभीरता से इन्द्रदेव ने कहा। क्या . इन्हें चक्रवाक कहते हैं। इनके जोड़े दिन-भर तो साथ-साथ घूमते रहते हैं, किंतु संध्या जब होती है, तभी ये अलग हो जाते हैं। फिर ये रात-भर नहीं मिलने पाते। कोई रोक देता है क्या? प्रकृति; कहा जाता है कि इनके लिए यही विधाता का विधान है। ओह। बड़ी कठोरता है।—कहती हुई शैला एक क्षण के लिए अन्यमनस्क हो गई। कुछ दूर चुपचाप चलने पर इन्द्रदेव ने कहा-शैला। हम लोग नीम के पास आ गए। देखो, यही सीढ़ी है; चलो देखें, चौबे क्या कर रहा है। पालना नहीं-नहीं-पालकी तो पहुंच गई होगी इन्द्रदेव। यह भी कोई सवारी है? तुम्हारे यहां रईस लोग इसी पर चढ़ते हैं— आदमियों पर। क्यों? बिना किसी बीमारी के! यह तो अच्छा तमाशा है! —कहकर शैला ने हंस दिया। अब तो बीमारों के बदले डॉक्टर ही यहां पालकी पर चढ़ते हैं शैला! लो, पहले तुम्हीं सीढ़ी पर चढ़ो। ___दोनों सीढ़ी पर चढ़कर बातें करते हुए बनजरिया में पहुंचे। देखते हैं, तो चौबेजी अपने सामान से लैस खड़े हैं। शैला ने हंसकर पूछा-चौबेजी! आप तो पालकी पर जाएंगे? मुझे हुआ क्या है। रामदीन को आज बिना मारे मैं न छोडूंगा। सरकार! उसने बड़ा तंग किया। मुझे गोद में उठाकर पालकी पर बिठाता था। छावनी पर चलकर उस बदमाश छोकरे की खबर लूंगा। बरा क्या करता था? मेरे कहने से वह बेचारा तो तम्हारी सेवा करना चाहता था और तुम चिढ़ते थे। अच्छा, चलो तुम पालकी में बैठो।— इन्द्रदेव ने कहा। फिर वही—पालकी में बैठो! क्या मेरा ब्याह होगा? ठहरो भी, तुम्हारा घुटना तो टूट गया है न। तुम चलोगे कैसे? तेल क्या था, बिल्कुल जादू! मेम साहब ने जो दवा का बॉक्स मेरे बटुए में रख दिया था-वही, जिसमें सागूदाना की-सी गोलियां रहती हैं—मैं खोल डाला। एक शीशी गोली खा डाली। न गुड तीता न मीठा–सच मानिए मेम साहब। आपकी दवा मेरे-जैसे उजड्डों के लिए नहीं। मेरा तो विश्वास है कि उस तेल ने मुझे रातभर में चंगा कर दिया। मैं अब पालकी पर न चढूंगा। गांव-भर में मेरी दिल्लगी राम-राम!! शैला हँस रही थी। इन्द्रदेव ने कहा-चौबे! होमियोपैथी में बीमारी की दवा नहीं होती, दवा की बीमारी होती है। क्यों शैला! इन्द्रदेव! तुमने कभी इसका अनुभव नहीं किया है। नहीं तो इसकी हंसी न उड़ाते। अच्छा, चलो उस लड़की को तो बुलावें। वह कहां है? उसे कल कुछ इनाम नहीं दिया। बड़ी अच्छी लड़की है। झोपड़ी में से लठिया टेकते हुए बुड्ढा निकल आया। उसके पीछे बंजो थी। शैला ने दौड़कर उसका हाथ पकड़ लिया, और कहने लगी-ओह! तुम रात को चली आईं, मैं तो खोज रही थी। तुम बड़ी नेक,...!",123,multi_turn_paragraph,"चौबे! होमियोपैथी में बीमारी की दवा नहीं होती, दवा की बीमारी होती है। क्यों शैला! इन्द्रदेव! तुमने कभी इसका अनुभव नहीं किया है। नहीं तो इसकी हंसी न उड़ाते। अच्छा, चलो उस लड़की को तो बुलावें। वह कहां है? उसे कल कुछ इनाम नहीं दिया। बड़ी अच्छी लड़की है। झोपड़ी में से लठिया टेकते हुए बुड्ढा निकल आया। उसके पीछे बंजो थी। शैला ने दौड़कर उसका हाथ पकड़ लिया, और",इन्द्रदेव ने कहा,इन्द्रदेव,2008,2361,high,
TITLI-CAND-000050,1.2,titli_02.html,"है। देखो, ये कितने कोमल हैं। यह कहकर इन्द्रदेव ने दो-तीन गिरे हुए परों को उठाकर शैला के हाथ में दे दिया। ‘फाइन'!-नहीं-नहीं, माफ करो इन्द्रदेव! अच्छा, इन्हें कहूं कोमल। सुंदर!—कहती हुई, शैला ने हंस दिया। शैला! इनके लिए मेरे देश में एक कहावत है। यहां के कवियों ने अपनी कविता में इनका बड़ा करुण वर्णन किया है। गंभीरता से इन्द्रदेव ने कहा। क्या . इन्हें चक्रवाक कहते हैं। इनके जोड़े दिन-भर तो साथ-साथ घूमते रहते हैं, किंतु संध्या जब होती है, तभी ये अलग हो जाते हैं। फिर ये रात-भर नहीं मिलने पाते। कोई रोक देता है क्या? प्रकृति; कहा जाता है कि इनके लिए यही विधाता का विधान है। ओह। बड़ी कठोरता है।—कहती हुई शैला एक क्षण के लिए अन्यमनस्क हो गई। कुछ दूर चुपचाप चलने पर इन्द्रदेव ने कहा-शैला। हम लोग नीम के पास आ गए। देखो, यही सीढ़ी है; चलो देखें, चौबे क्या कर रहा है। पालना नहीं-नहीं-पालकी तो पहुंच गई होगी इन्द्रदेव। यह भी कोई सवारी है? तुम्हारे यहां रईस लोग इसी पर चढ़ते हैं— आदमियों पर। क्यों? बिना किसी बीमारी के! यह तो अच्छा तमाशा है! —कहकर शैला ने हंस दिया। अब तो बीमारों के बदले डॉक्टर ही यहां पालकी पर चढ़ते हैं शैला! लो, पहले तुम्हीं सीढ़ी पर चढ़ो। ___दोनों सीढ़ी पर चढ़कर बातें करते हुए बनजरिया में पहुंचे। देखते हैं, तो चौबेजी अपने सामान से लैस खड़े हैं। शैला ने हंसकर पूछा-चौबेजी! आप तो पालकी पर जाएंगे? मुझे हुआ क्या है। रामदीन को आज बिना मारे मैं न छोडूंगा। सरकार! उसने बड़ा तंग किया। मुझे गोद में उठाकर पालकी पर बिठाता था। छावनी पर चलकर उस बदमाश छोकरे की खबर लूंगा। बरा क्या करता था? मेरे कहने से वह बेचारा तो तम्हारी सेवा करना चाहता था और तुम चिढ़ते थे। अच्छा, चलो तुम पालकी में बैठो।— इन्द्रदेव ने कहा। फिर वही—पालकी में बैठो! क्या मेरा ब्याह होगा? ठहरो भी, तुम्हारा घुटना तो टूट गया है न। तुम चलोगे कैसे? तेल क्या था, बिल्कुल जादू! मेम साहब ने जो दवा का बॉक्स मेरे बटुए में रख दिया था-वही, जिसमें सागूदाना की-सी गोलियां रहती हैं—मैं खोल डाला। एक शीशी गोली खा डाली। न गुड तीता न मीठा–सच मानिए मेम साहब। आपकी दवा मेरे-जैसे उजड्डों के लिए नहीं। मेरा तो विश्वास है कि उस तेल ने मुझे रातभर में चंगा कर दिया। मैं अब पालकी पर न चढूंगा। गांव-भर में मेरी दिल्लगी राम-राम!! शैला हँस रही थी। इन्द्रदेव ने कहा-चौबे! होमियोपैथी में बीमारी की दवा नहीं होती, दवा की बीमारी होती है। क्यों शैला! इन्द्रदेव! तुमने कभी इसका अनुभव नहीं किया है। नहीं तो इसकी हंसी न उड़ाते। अच्छा, चलो उस लड़की को तो बुलावें। वह कहां है? उसे कल कुछ इनाम नहीं दिया। बड़ी अच्छी लड़की है। झोपड़ी में से लठिया टेकते हुए बुड्ढा निकल आया। उसके पीछे बंजो थी। शैला ने दौड़कर उसका हाथ पकड़ लिया, और कहने लगी-ओह! तुम रात को चली आईं, मैं तो खोज रही थी। तुम बड़ी नेक,...!",123,attribution_dash,"ओह! तुम रात को चली आईं, मैं तो खोज रही थी। तुम बड़ी नेक,...!",कहने लगी,,2371,2431,high,
TITLI-CAND-000051,1.2,titli_02.html,"बंजो आश्चर्य से उसका मुंह देख रही थी। इन्द्रदेव ने कहा-बुड्ढे। तुम बहुत बीमार हो न? हां सरकार! मुझे नहीं मालूम था, रात को आप...",124,attribution_dash,"बुड्ढे। तुम बहुत बीमार हो न? हां सरकार! मुझे नहीं मालूम था, रात को आप...",इन्द्रदेव ने कहा,इन्द्रदेव,55,127,high,
TITLI-CAND-000052,1.2,titli_02.html,इन्द्रदेव ने कहा—अच्छा तो होगा।,128,attribution_dash,अच्छा तो होगा।,इन्द्रदेव ने कहा,इन्द्रदेव,17,31,high,
TITLI-CAND-000053,1.2,titli_02.html,"चौबेजी ने कहा—अच्छा तो होगा सरकार! मैं भी मधुवा को साथ लिवा चलूंगा। शायद फिर घुटना टूटे, तेल मलवाना पड़े और इन गायों को भी हांक ले चलूं, दूध भी—",129,attribution_dash,"अच्छा तो होगा सरकार! मैं भी मधुवा को साथ लिवा चलूंगा। शायद फिर घुटना टूटे, तेल मलवाना पड़े और इन गायों को भी हांक ले चलूं, दूध भी",चौबेजी ने कहा,चौबेजी,14,143,high,
TITLI-CAND-000054,1.2,titli_02.html,"बुड्ढा डरा नहीं, वह समीप होने की मानसिक चेष्टा करने लगा। साहस बटोरकर उसने कहा—सरकार! जहां कहिए, वहीं चलूं।",131,attribution_dash,"सरकार! जहां कहिए, वहीं चलूं।",कहा,,78,106,high,
TITLI-CAND-000055,1.3,titli_03.html,"मात्र रह गया था, सो भी दूर की ऊंची हरियाली के नीचे जाना ही चाहता था। इन्द्रदेव अभी तक नहीं आए थे। चाय ले जाने में चौबेजी और सुस्ती कर रहे थे। उनकी चाय शैला को बड़ी अच्छी लगी। वह चौबेजी के मसाले पर लटू थी। रामदीन ने चाय की टेबिल लाकर रख दी। शैला की तन्मयता भंग हुई। उसने मुस्कुराते हुए, इन्द्रदेव से कुछ मधुर सम्भाषण करने के लिए, मुंह फिराया; किंतु इन्द्रदेव को न देखकर वह रामदीन से बोली—क्या अभी इन्द्रदेव नहीं आए हैं? नटखट रामदीन हँसी छिपाते हुए एक आंख का कोना दबाकर होंठ के कोने को ऊपर चढ़ा देता था। शैला उसे देखकर खूब हँसती, क्योंकि रामदीन का कोई उत्तर बिना इस कुटिल हंसी के मिलना असंभव था! उसने अभ्यास के अनुसार आधा हंसकर कहा—जी, आ रहे हैं सरकार! बड़ी सरकार के आने की... बड़ी सरकार? हां, बड़ी सरकार! वह भी आ रही हैं। कौन है वह? बड़ी सरकारदेखो रामदीन, समझाकर कहो। हंसना पीछे। बड़ी सरकार का अनुवाद करने में उसके सामने बड़ी बाधाएं उपस्थित हुईं; किंतु उन सबको हटाकर उसने कह दिया—सरकार की मां आई हैं। उनके लिए गंगा-किनारे वाली छोटी कोठी साफ़ कराने का प्रबंध देखने गए हैं। वहां से आते ही होंगे। आते ही होंगे? क्या अभी देर है? रामदीन कुछ उत्तर देना चाहता था कि बनारसी साड़ी का आंचल कंधे पर से पीठ की ओर लटकाए: हाथ में छोटा-सा बेग लिये एक संदरी वहां आकर खड़ी हो गई। शैला ने उसकी ओर गंभीरता से देखा। उसने भी अधिक खोजने वाली आंखों से शैला को देखा। दृष्टि-विनियम में एक-दूसरे को पहचानने की चेष्टा होने लगी; किंतु कोई बोलता न था। शैला बड़ी असुविधा में पड़ी। वह अपरिचित से क्या बातचीत करे? उसने पूछाआप क्या चाहती हैं? आने वाली ने नम्र मुस्कान से कहा—मेरा नाम मिस अनवरी है। क्या किया जाए, जब कोई परिचय कराने वाला नहीं तो ऐसा करना ही पड़ता है। मैं कुंवर साहब की मां को देखने के लिए आया करती हूं। आपको मिस शैला समझ लूं? ___जी—कहकर शैला ने कुर्सी बढ़ा दी और शीतल दृष्टि से उसे बैठने का संकेत किया। उधर चौबेजी चाय ले आ रहे थे। शैला ने भी एक कुर्सी पर बैठते हुए कहा-आपके लिए भी... अनवरी और शैला आमने-सामने बैठी हुई एक-दूसरे को परखने लगी। अनवरी की सारी प्रगल्भता धीरे-धीरे लुप्त हो चली। जिस गर्मी से उसने अपना परिचय अपने-आप दे दिया था, वह चाय के गर्म प्याले के सामने ठंडी हो चली थी। शैला ने चाय के छोटे-से पात्र से उठते हुए धुएं को देखते हुए कहा—कुंवर साहब की मां भी सुना, आ गई हैं? ________________",133,multi_turn_paragraph,"क्या अभी इन्द्रदेव नहीं आए हैं? नटखट रामदीन हँसी छिपाते हुए एक आंख का कोना दबाकर होंठ के कोने को ऊपर चढ़ा देता था। शैला उसे देखकर खूब हँसती, क्योंकि रामदीन का कोई उत्तर बिना इस कुटिल हंसी के मिलना असंभव था! उसने अभ्यास के अनुसार आधा हंसकर",बोली,,387,625,high,
TITLI-CAND-000056,1.3,titli_03.html,"मात्र रह गया था, सो भी दूर की ऊंची हरियाली के नीचे जाना ही चाहता था। इन्द्रदेव अभी तक नहीं आए थे। चाय ले जाने में चौबेजी और सुस्ती कर रहे थे। उनकी चाय शैला को बड़ी अच्छी लगी। वह चौबेजी के मसाले पर लटू थी। रामदीन ने चाय की टेबिल लाकर रख दी। शैला की तन्मयता भंग हुई। उसने मुस्कुराते हुए, इन्द्रदेव से कुछ मधुर सम्भाषण करने के लिए, मुंह फिराया; किंतु इन्द्रदेव को न देखकर वह रामदीन से बोली—क्या अभी इन्द्रदेव नहीं आए हैं? नटखट रामदीन हँसी छिपाते हुए एक आंख का कोना दबाकर होंठ के कोने को ऊपर चढ़ा देता था। शैला उसे देखकर खूब हँसती, क्योंकि रामदीन का कोई उत्तर बिना इस कुटिल हंसी के मिलना असंभव था! उसने अभ्यास के अनुसार आधा हंसकर कहा—जी, आ रहे हैं सरकार! बड़ी सरकार के आने की... बड़ी सरकार? हां, बड़ी सरकार! वह भी आ रही हैं। कौन है वह? बड़ी सरकारदेखो रामदीन, समझाकर कहो। हंसना पीछे। बड़ी सरकार का अनुवाद करने में उसके सामने बड़ी बाधाएं उपस्थित हुईं; किंतु उन सबको हटाकर उसने कह दिया—सरकार की मां आई हैं। उनके लिए गंगा-किनारे वाली छोटी कोठी साफ़ कराने का प्रबंध देखने गए हैं। वहां से आते ही होंगे। आते ही होंगे? क्या अभी देर है? रामदीन कुछ उत्तर देना चाहता था कि बनारसी साड़ी का आंचल कंधे पर से पीठ की ओर लटकाए: हाथ में छोटा-सा बेग लिये एक संदरी वहां आकर खड़ी हो गई। शैला ने उसकी ओर गंभीरता से देखा। उसने भी अधिक खोजने वाली आंखों से शैला को देखा। दृष्टि-विनियम में एक-दूसरे को पहचानने की चेष्टा होने लगी; किंतु कोई बोलता न था। शैला बड़ी असुविधा में पड़ी। वह अपरिचित से क्या बातचीत करे? उसने पूछाआप क्या चाहती हैं? आने वाली ने नम्र मुस्कान से कहा—मेरा नाम मिस अनवरी है। क्या किया जाए, जब कोई परिचय कराने वाला नहीं तो ऐसा करना ही पड़ता है। मैं कुंवर साहब की मां को देखने के लिए आया करती हूं। आपको मिस शैला समझ लूं? ___जी—कहकर शैला ने कुर्सी बढ़ा दी और शीतल दृष्टि से उसे बैठने का संकेत किया। उधर चौबेजी चाय ले आ रहे थे। शैला ने भी एक कुर्सी पर बैठते हुए कहा-आपके लिए भी... अनवरी और शैला आमने-सामने बैठी हुई एक-दूसरे को परखने लगी। अनवरी की सारी प्रगल्भता धीरे-धीरे लुप्त हो चली। जिस गर्मी से उसने अपना परिचय अपने-आप दे दिया था, वह चाय के गर्म प्याले के सामने ठंडी हो चली थी। शैला ने चाय के छोटे-से पात्र से उठते हुए धुएं को देखते हुए कहा—कुंवर साहब की मां भी सुना, आ गई हैं? ________________",133,multi_turn_paragraph,"जी, आ रहे हैं सरकार! बड़ी सरकार के आने की... बड़ी सरकार? हां, बड़ी सरकार! वह भी आ रही हैं। कौन है वह? बड़ी सरकारदेखो रामदीन, समझाकर कहो। हंसना पीछे। बड़ी सरकार का अनुवाद करने में उसके सामने बड़ी बाधाएं उपस्थित हुईं; किंतु उन सबको हटाकर उसने कह दिया—सरकार की मां आई हैं। उनके लिए गंगा-किनारे वाली छोटी कोठी साफ़ कराने का प्रबंध देखने गए हैं। वहां से आते ही होंगे। आते ही होंगे? क्या अभी देर है? रामदीन कुछ उत्तर देना चाहता था कि बनारसी साड़ी का आंचल कंधे पर से पीठ की ओर लटकाए: हाथ में छोटा-सा बेग लिये एक संदरी वहां आकर खड़ी हो गई। शैला ने उसकी ओर गंभीरता से देखा। उसने भी अधिक खोजने वाली आंखों से शैला को देखा। दृष्टि-विनियम में एक-दूसरे को पहचानने की चेष्टा होने लगी; किंतु कोई",कहा,,630,1309,high,unusually long candidate (>500 characters); review boundaries
TITLI-CAND-000057,1.3,titli_03.html,"मात्र रह गया था, सो भी दूर की ऊंची हरियाली के नीचे जाना ही चाहता था। इन्द्रदेव अभी तक नहीं आए थे। चाय ले जाने में चौबेजी और सुस्ती कर रहे थे। उनकी चाय शैला को बड़ी अच्छी लगी। वह चौबेजी के मसाले पर लटू थी। रामदीन ने चाय की टेबिल लाकर रख दी। शैला की तन्मयता भंग हुई। उसने मुस्कुराते हुए, इन्द्रदेव से कुछ मधुर सम्भाषण करने के लिए, मुंह फिराया; किंतु इन्द्रदेव को न देखकर वह रामदीन से बोली—क्या अभी इन्द्रदेव नहीं आए हैं? नटखट रामदीन हँसी छिपाते हुए एक आंख का कोना दबाकर होंठ के कोने को ऊपर चढ़ा देता था। शैला उसे देखकर खूब हँसती, क्योंकि रामदीन का कोई उत्तर बिना इस कुटिल हंसी के मिलना असंभव था! उसने अभ्यास के अनुसार आधा हंसकर कहा—जी, आ रहे हैं सरकार! बड़ी सरकार के आने की... बड़ी सरकार? हां, बड़ी सरकार! वह भी आ रही हैं। कौन है वह? बड़ी सरकारदेखो रामदीन, समझाकर कहो। हंसना पीछे। बड़ी सरकार का अनुवाद करने में उसके सामने बड़ी बाधाएं उपस्थित हुईं; किंतु उन सबको हटाकर उसने कह दिया—सरकार की मां आई हैं। उनके लिए गंगा-किनारे वाली छोटी कोठी साफ़ कराने का प्रबंध देखने गए हैं। वहां से आते ही होंगे। आते ही होंगे? क्या अभी देर है? रामदीन कुछ उत्तर देना चाहता था कि बनारसी साड़ी का आंचल कंधे पर से पीठ की ओर लटकाए: हाथ में छोटा-सा बेग लिये एक संदरी वहां आकर खड़ी हो गई। शैला ने उसकी ओर गंभीरता से देखा। उसने भी अधिक खोजने वाली आंखों से शैला को देखा। दृष्टि-विनियम में एक-दूसरे को पहचानने की चेष्टा होने लगी; किंतु कोई बोलता न था। शैला बड़ी असुविधा में पड़ी। वह अपरिचित से क्या बातचीत करे? उसने पूछाआप क्या चाहती हैं? आने वाली ने नम्र मुस्कान से कहा—मेरा नाम मिस अनवरी है। क्या किया जाए, जब कोई परिचय कराने वाला नहीं तो ऐसा करना ही पड़ता है। मैं कुंवर साहब की मां को देखने के लिए आया करती हूं। आपको मिस शैला समझ लूं? ___जी—कहकर शैला ने कुर्सी बढ़ा दी और शीतल दृष्टि से उसे बैठने का संकेत किया। उधर चौबेजी चाय ले आ रहे थे। शैला ने भी एक कुर्सी पर बैठते हुए कहा-आपके लिए भी... अनवरी और शैला आमने-सामने बैठी हुई एक-दूसरे को परखने लगी। अनवरी की सारी प्रगल्भता धीरे-धीरे लुप्त हो चली। जिस गर्मी से उसने अपना परिचय अपने-आप दे दिया था, वह चाय के गर्म प्याले के सामने ठंडी हो चली थी। शैला ने चाय के छोटे-से पात्र से उठते हुए धुएं को देखते हुए कहा—कुंवर साहब की मां भी सुना, आ गई हैं? ________________",133,multi_turn_paragraph,"मेरा नाम मिस अनवरी है। क्या किया जाए, जब कोई परिचय कराने वाला नहीं तो ऐसा करना ही पड़ता है। मैं कुंवर साहब की मां को देखने के लिए आया करती हूं। आपको मिस शैला समझ लूं? ___जी",वाली ने नम्र मुस्कान से कहा,वाली,1441,1613,high,
TITLI-CAND-000058,1.3,titli_03.html,"मात्र रह गया था, सो भी दूर की ऊंची हरियाली के नीचे जाना ही चाहता था। इन्द्रदेव अभी तक नहीं आए थे। चाय ले जाने में चौबेजी और सुस्ती कर रहे थे। उनकी चाय शैला को बड़ी अच्छी लगी। वह चौबेजी के मसाले पर लटू थी। रामदीन ने चाय की टेबिल लाकर रख दी। शैला की तन्मयता भंग हुई। उसने मुस्कुराते हुए, इन्द्रदेव से कुछ मधुर सम्भाषण करने के लिए, मुंह फिराया; किंतु इन्द्रदेव को न देखकर वह रामदीन से बोली—क्या अभी इन्द्रदेव नहीं आए हैं? नटखट रामदीन हँसी छिपाते हुए एक आंख का कोना दबाकर होंठ के कोने को ऊपर चढ़ा देता था। शैला उसे देखकर खूब हँसती, क्योंकि रामदीन का कोई उत्तर बिना इस कुटिल हंसी के मिलना असंभव था! उसने अभ्यास के अनुसार आधा हंसकर कहा—जी, आ रहे हैं सरकार! बड़ी सरकार के आने की... बड़ी सरकार? हां, बड़ी सरकार! वह भी आ रही हैं। कौन है वह? बड़ी सरकारदेखो रामदीन, समझाकर कहो। हंसना पीछे। बड़ी सरकार का अनुवाद करने में उसके सामने बड़ी बाधाएं उपस्थित हुईं; किंतु उन सबको हटाकर उसने कह दिया—सरकार की मां आई हैं। उनके लिए गंगा-किनारे वाली छोटी कोठी साफ़ कराने का प्रबंध देखने गए हैं। वहां से आते ही होंगे। आते ही होंगे? क्या अभी देर है? रामदीन कुछ उत्तर देना चाहता था कि बनारसी साड़ी का आंचल कंधे पर से पीठ की ओर लटकाए: हाथ में छोटा-सा बेग लिये एक संदरी वहां आकर खड़ी हो गई। शैला ने उसकी ओर गंभीरता से देखा। उसने भी अधिक खोजने वाली आंखों से शैला को देखा। दृष्टि-विनियम में एक-दूसरे को पहचानने की चेष्टा होने लगी; किंतु कोई बोलता न था। शैला बड़ी असुविधा में पड़ी। वह अपरिचित से क्या बातचीत करे? उसने पूछाआप क्या चाहती हैं? आने वाली ने नम्र मुस्कान से कहा—मेरा नाम मिस अनवरी है। क्या किया जाए, जब कोई परिचय कराने वाला नहीं तो ऐसा करना ही पड़ता है। मैं कुंवर साहब की मां को देखने के लिए आया करती हूं। आपको मिस शैला समझ लूं? ___जी—कहकर शैला ने कुर्सी बढ़ा दी और शीतल दृष्टि से उसे बैठने का संकेत किया। उधर चौबेजी चाय ले आ रहे थे। शैला ने भी एक कुर्सी पर बैठते हुए कहा-आपके लिए भी... अनवरी और शैला आमने-सामने बैठी हुई एक-दूसरे को परखने लगी। अनवरी की सारी प्रगल्भता धीरे-धीरे लुप्त हो चली। जिस गर्मी से उसने अपना परिचय अपने-आप दे दिया था, वह चाय के गर्म प्याले के सामने ठंडी हो चली थी। शैला ने चाय के छोटे-से पात्र से उठते हुए धुएं को देखते हुए कहा—कुंवर साहब की मां भी सुना, आ गई हैं? ________________",133,multi_turn_paragraph,"आपके लिए भी... अनवरी और शैला आमने-सामने बैठी हुई एक-दूसरे को परखने लगी। अनवरी की सारी प्रगल्भता धीरे-धीरे लुप्त हो चली। जिस गर्मी से उसने अपना परिचय अपने-आप दे दिया था, वह चाय के गर्म प्याले के सामने ठंडी हो चली थी। शैला ने चाय के छोटे-से पात्र से उठते हुए धुएं को देखते हुए",कहा,,1751,2025,high,
TITLI-CAND-000059,1.3,titli_03.html,"मात्र रह गया था, सो भी दूर की ऊंची हरियाली के नीचे जाना ही चाहता था। इन्द्रदेव अभी तक नहीं आए थे। चाय ले जाने में चौबेजी और सुस्ती कर रहे थे। उनकी चाय शैला को बड़ी अच्छी लगी। वह चौबेजी के मसाले पर लटू थी। रामदीन ने चाय की टेबिल लाकर रख दी। शैला की तन्मयता भंग हुई। उसने मुस्कुराते हुए, इन्द्रदेव से कुछ मधुर सम्भाषण करने के लिए, मुंह फिराया; किंतु इन्द्रदेव को न देखकर वह रामदीन से बोली—क्या अभी इन्द्रदेव नहीं आए हैं? नटखट रामदीन हँसी छिपाते हुए एक आंख का कोना दबाकर होंठ के कोने को ऊपर चढ़ा देता था। शैला उसे देखकर खूब हँसती, क्योंकि रामदीन का कोई उत्तर बिना इस कुटिल हंसी के मिलना असंभव था! उसने अभ्यास के अनुसार आधा हंसकर कहा—जी, आ रहे हैं सरकार! बड़ी सरकार के आने की... बड़ी सरकार? हां, बड़ी सरकार! वह भी आ रही हैं। कौन है वह? बड़ी सरकारदेखो रामदीन, समझाकर कहो। हंसना पीछे। बड़ी सरकार का अनुवाद करने में उसके सामने बड़ी बाधाएं उपस्थित हुईं; किंतु उन सबको हटाकर उसने कह दिया—सरकार की मां आई हैं। उनके लिए गंगा-किनारे वाली छोटी कोठी साफ़ कराने का प्रबंध देखने गए हैं। वहां से आते ही होंगे। आते ही होंगे? क्या अभी देर है? रामदीन कुछ उत्तर देना चाहता था कि बनारसी साड़ी का आंचल कंधे पर से पीठ की ओर लटकाए: हाथ में छोटा-सा बेग लिये एक संदरी वहां आकर खड़ी हो गई। शैला ने उसकी ओर गंभीरता से देखा। उसने भी अधिक खोजने वाली आंखों से शैला को देखा। दृष्टि-विनियम में एक-दूसरे को पहचानने की चेष्टा होने लगी; किंतु कोई बोलता न था। शैला बड़ी असुविधा में पड़ी। वह अपरिचित से क्या बातचीत करे? उसने पूछाआप क्या चाहती हैं? आने वाली ने नम्र मुस्कान से कहा—मेरा नाम मिस अनवरी है। क्या किया जाए, जब कोई परिचय कराने वाला नहीं तो ऐसा करना ही पड़ता है। मैं कुंवर साहब की मां को देखने के लिए आया करती हूं। आपको मिस शैला समझ लूं? ___जी—कहकर शैला ने कुर्सी बढ़ा दी और शीतल दृष्टि से उसे बैठने का संकेत किया। उधर चौबेजी चाय ले आ रहे थे। शैला ने भी एक कुर्सी पर बैठते हुए कहा-आपके लिए भी... अनवरी और शैला आमने-सामने बैठी हुई एक-दूसरे को परखने लगी। अनवरी की सारी प्रगल्भता धीरे-धीरे लुप्त हो चली। जिस गर्मी से उसने अपना परिचय अपने-आप दे दिया था, वह चाय के गर्म प्याले के सामने ठंडी हो चली थी। शैला ने चाय के छोटे-से पात्र से उठते हुए धुएं को देखते हुए कहा—कुंवर साहब की मां भी सुना, आ गई हैं? ________________",133,attribution_dash,"कुंवर साहब की मां भी सुना, आ गई हैं? ________________",कहा,,2030,2083,high,
TITLI-CAND-000060,1.3,titli_03.html,"मुझे तो नहीं मालूम, मैं अपनी मोटर से यहीं उतर पड़ी थी। उनके साथ ही आती; पर क्या करूं, देर हो गई। किसी को पूछ आने के लिए भेजिएगा? मुझे तो आपसे सहायता मिलनी चाहिए मिस अनवरी शैला ने हंसकर कहाआपके कुंवर साहब आ जाएं, तो प्रबंध... अरे शैला! यह कौन... ___ इन्द्रदेव! तुम अब तक क्या कर रहे थे-कहकर शैला ने मिस अनवरी की ओर संकेत करते हुए कहा—आप मिस अनवरी... फिर अपने होठ को गर्म चाय में डुबो दिया, जैसे उन्हें हंसने का दंड मिला हो। इन्द्रदेव ने अभिनंदन करते हुए कहा-मां जब से आईं, तभी से पूछ रही हैं, उनकी रीढ़ में दर्द हो रहा है। आपकी उनसे भेंट नहीं हुई क्या? जी नहीं; मैंने समझा, यहीं होगी। फिर जब यहां चाय मिलने का भरोसा था, तो थोड़ा यहीं ठहरना अच्छा हुआ—कहकर अनवरी मुस्कराने लगी। इन्द्रदेव ने साधारण हंसी हंसते हुए कहा—अच्छी बात है, चाय पी लीजिए। चौबेजी आपको वहां पहुंचा देंगे। ____तीनों चुपचाप चाय पीने लगे। इन्द्रदेव ने कहा—चौबे! आज तुम्हारी गुजराती चाय बड़ी अच्छी रही। एक प्याला ले आओ, और उसके साथ और भी कछ... चौबे सोहन-पापड़ी के टुकड़े और चायदानी लेकर जब आए, तो मिस अनवरी उठकर खड़ी हो गई। इन्द्रदेव ने कहा—वाह, आप तो चली जा रही हैं। इसे भी तो चखिए। शैला ने मुस्कुराते हुए कहा—बैठिए भी, आप तो यहां पर मेरी ही मेहमान होकर रह सकेंगी। हां, इसको तो मैं भूल गई थी—कहकर अनवरी बैठ गई। चौबेजी ने सबको चाय दे दी, और अब वह प्रतीक्षा कर रहे थे कि कब अनवरी चलेगी। पर अनवरी तो वहां से उठने का नाम ही न लेती थी। वह कभी इन्द्रदेव और कभी शैला को देखती, फिर संध्या की आने वाली कालिमा की प्रतीक्षा करती हुई नीले आकाश में आंख लड़ाने लगती। उधर इन्द्रदेव इस बनावटी सन्नाटे से ऊब चले थे। सहसा चौबेजी ने कहा—सरकार! वह बुड्ढा आया है, उसकी कहानी कब सुनिएगा? मैं लालटेन लेता आऊं? . फिर अनवरी की ओर देखते हुए कहने लगे अभी आपको भी छोटी कोठी में पहुंचाना होगा। अनवरी को जैसे धक्का लगा। वह झटपट उठकर खड़ी हो गई। चौबेजी उसे साथ लेकर चले। इन्द्रदेव ने गहरी सांस लेकर कहा—शैला! क्या इन्द्रदेव? मां से भेंट करोगी? चलूं? अच्छा, कल सवेरे!",134,multi_turn_paragraph,"आप मिस अनवरी... फिर अपने होठ को गर्म चाय में डुबो दिया, जैसे उन्हें हंसने का दंड मिला हो।",कहा,,333,422,high,
TITLI-CAND-000061,1.3,titli_03.html,"मुझे तो नहीं मालूम, मैं अपनी मोटर से यहीं उतर पड़ी थी। उनके साथ ही आती; पर क्या करूं, देर हो गई। किसी को पूछ आने के लिए भेजिएगा? मुझे तो आपसे सहायता मिलनी चाहिए मिस अनवरी शैला ने हंसकर कहाआपके कुंवर साहब आ जाएं, तो प्रबंध... अरे शैला! यह कौन... ___ इन्द्रदेव! तुम अब तक क्या कर रहे थे-कहकर शैला ने मिस अनवरी की ओर संकेत करते हुए कहा—आप मिस अनवरी... फिर अपने होठ को गर्म चाय में डुबो दिया, जैसे उन्हें हंसने का दंड मिला हो। इन्द्रदेव ने अभिनंदन करते हुए कहा-मां जब से आईं, तभी से पूछ रही हैं, उनकी रीढ़ में दर्द हो रहा है। आपकी उनसे भेंट नहीं हुई क्या? जी नहीं; मैंने समझा, यहीं होगी। फिर जब यहां चाय मिलने का भरोसा था, तो थोड़ा यहीं ठहरना अच्छा हुआ—कहकर अनवरी मुस्कराने लगी। इन्द्रदेव ने साधारण हंसी हंसते हुए कहा—अच्छी बात है, चाय पी लीजिए। चौबेजी आपको वहां पहुंचा देंगे। ____तीनों चुपचाप चाय पीने लगे। इन्द्रदेव ने कहा—चौबे! आज तुम्हारी गुजराती चाय बड़ी अच्छी रही। एक प्याला ले आओ, और उसके साथ और भी कछ... चौबे सोहन-पापड़ी के टुकड़े और चायदानी लेकर जब आए, तो मिस अनवरी उठकर खड़ी हो गई। इन्द्रदेव ने कहा—वाह, आप तो चली जा रही हैं। इसे भी तो चखिए। शैला ने मुस्कुराते हुए कहा—बैठिए भी, आप तो यहां पर मेरी ही मेहमान होकर रह सकेंगी। हां, इसको तो मैं भूल गई थी—कहकर अनवरी बैठ गई। चौबेजी ने सबको चाय दे दी, और अब वह प्रतीक्षा कर रहे थे कि कब अनवरी चलेगी। पर अनवरी तो वहां से उठने का नाम ही न लेती थी। वह कभी इन्द्रदेव और कभी शैला को देखती, फिर संध्या की आने वाली कालिमा की प्रतीक्षा करती हुई नीले आकाश में आंख लड़ाने लगती। उधर इन्द्रदेव इस बनावटी सन्नाटे से ऊब चले थे। सहसा चौबेजी ने कहा—सरकार! वह बुड्ढा आया है, उसकी कहानी कब सुनिएगा? मैं लालटेन लेता आऊं? . फिर अनवरी की ओर देखते हुए कहने लगे अभी आपको भी छोटी कोठी में पहुंचाना होगा। अनवरी को जैसे धक्का लगा। वह झटपट उठकर खड़ी हो गई। चौबेजी उसे साथ लेकर चले। इन्द्रदेव ने गहरी सांस लेकर कहा—शैला! क्या इन्द्रदेव? मां से भेंट करोगी? चलूं? अच्छा, कल सवेरे!",134,multi_turn_paragraph,"मां जब से आईं, तभी से पूछ रही हैं, उनकी रीढ़ में दर्द हो रहा है। आपकी उनसे भेंट नहीं हुई क्या? जी नहीं; मैंने समझा, यहीं होगी। फिर जब यहां चाय मिलने का भरोसा था, तो थोड़ा यहीं ठहरना अच्छा हुआ",इन्द्रदेव ने अभिनंदन करते हुए कहा,इन्द्रदेव,457,648,high,
TITLI-CAND-000062,1.3,titli_03.html,"मुझे तो नहीं मालूम, मैं अपनी मोटर से यहीं उतर पड़ी थी। उनके साथ ही आती; पर क्या करूं, देर हो गई। किसी को पूछ आने के लिए भेजिएगा? मुझे तो आपसे सहायता मिलनी चाहिए मिस अनवरी शैला ने हंसकर कहाआपके कुंवर साहब आ जाएं, तो प्रबंध... अरे शैला! यह कौन... ___ इन्द्रदेव! तुम अब तक क्या कर रहे थे-कहकर शैला ने मिस अनवरी की ओर संकेत करते हुए कहा—आप मिस अनवरी... फिर अपने होठ को गर्म चाय में डुबो दिया, जैसे उन्हें हंसने का दंड मिला हो। इन्द्रदेव ने अभिनंदन करते हुए कहा-मां जब से आईं, तभी से पूछ रही हैं, उनकी रीढ़ में दर्द हो रहा है। आपकी उनसे भेंट नहीं हुई क्या? जी नहीं; मैंने समझा, यहीं होगी। फिर जब यहां चाय मिलने का भरोसा था, तो थोड़ा यहीं ठहरना अच्छा हुआ—कहकर अनवरी मुस्कराने लगी। इन्द्रदेव ने साधारण हंसी हंसते हुए कहा—अच्छी बात है, चाय पी लीजिए। चौबेजी आपको वहां पहुंचा देंगे। ____तीनों चुपचाप चाय पीने लगे। इन्द्रदेव ने कहा—चौबे! आज तुम्हारी गुजराती चाय बड़ी अच्छी रही। एक प्याला ले आओ, और उसके साथ और भी कछ... चौबे सोहन-पापड़ी के टुकड़े और चायदानी लेकर जब आए, तो मिस अनवरी उठकर खड़ी हो गई। इन्द्रदेव ने कहा—वाह, आप तो चली जा रही हैं। इसे भी तो चखिए। शैला ने मुस्कुराते हुए कहा—बैठिए भी, आप तो यहां पर मेरी ही मेहमान होकर रह सकेंगी। हां, इसको तो मैं भूल गई थी—कहकर अनवरी बैठ गई। चौबेजी ने सबको चाय दे दी, और अब वह प्रतीक्षा कर रहे थे कि कब अनवरी चलेगी। पर अनवरी तो वहां से उठने का नाम ही न लेती थी। वह कभी इन्द्रदेव और कभी शैला को देखती, फिर संध्या की आने वाली कालिमा की प्रतीक्षा करती हुई नीले आकाश में आंख लड़ाने लगती। उधर इन्द्रदेव इस बनावटी सन्नाटे से ऊब चले थे। सहसा चौबेजी ने कहा—सरकार! वह बुड्ढा आया है, उसकी कहानी कब सुनिएगा? मैं लालटेन लेता आऊं? . फिर अनवरी की ओर देखते हुए कहने लगे अभी आपको भी छोटी कोठी में पहुंचाना होगा। अनवरी को जैसे धक्का लगा। वह झटपट उठकर खड़ी हो गई। चौबेजी उसे साथ लेकर चले। इन्द्रदेव ने गहरी सांस लेकर कहा—शैला! क्या इन्द्रदेव? मां से भेंट करोगी? चलूं? अच्छा, कल सवेरे!",134,multi_turn_paragraph,"अच्छी बात है, चाय पी लीजिए। चौबेजी आपको वहां पहुंचा देंगे। ____तीनों चुपचाप चाय पीने लगे।",इन्द्रदेव ने साधारण हंसी हंसते हुए कहा,इन्द्रदेव,714,803,high,
TITLI-CAND-000063,1.3,titli_03.html,"मुझे तो नहीं मालूम, मैं अपनी मोटर से यहीं उतर पड़ी थी। उनके साथ ही आती; पर क्या करूं, देर हो गई। किसी को पूछ आने के लिए भेजिएगा? मुझे तो आपसे सहायता मिलनी चाहिए मिस अनवरी शैला ने हंसकर कहाआपके कुंवर साहब आ जाएं, तो प्रबंध... अरे शैला! यह कौन... ___ इन्द्रदेव! तुम अब तक क्या कर रहे थे-कहकर शैला ने मिस अनवरी की ओर संकेत करते हुए कहा—आप मिस अनवरी... फिर अपने होठ को गर्म चाय में डुबो दिया, जैसे उन्हें हंसने का दंड मिला हो। इन्द्रदेव ने अभिनंदन करते हुए कहा-मां जब से आईं, तभी से पूछ रही हैं, उनकी रीढ़ में दर्द हो रहा है। आपकी उनसे भेंट नहीं हुई क्या? जी नहीं; मैंने समझा, यहीं होगी। फिर जब यहां चाय मिलने का भरोसा था, तो थोड़ा यहीं ठहरना अच्छा हुआ—कहकर अनवरी मुस्कराने लगी। इन्द्रदेव ने साधारण हंसी हंसते हुए कहा—अच्छी बात है, चाय पी लीजिए। चौबेजी आपको वहां पहुंचा देंगे। ____तीनों चुपचाप चाय पीने लगे। इन्द्रदेव ने कहा—चौबे! आज तुम्हारी गुजराती चाय बड़ी अच्छी रही। एक प्याला ले आओ, और उसके साथ और भी कछ... चौबे सोहन-पापड़ी के टुकड़े और चायदानी लेकर जब आए, तो मिस अनवरी उठकर खड़ी हो गई। इन्द्रदेव ने कहा—वाह, आप तो चली जा रही हैं। इसे भी तो चखिए। शैला ने मुस्कुराते हुए कहा—बैठिए भी, आप तो यहां पर मेरी ही मेहमान होकर रह सकेंगी। हां, इसको तो मैं भूल गई थी—कहकर अनवरी बैठ गई। चौबेजी ने सबको चाय दे दी, और अब वह प्रतीक्षा कर रहे थे कि कब अनवरी चलेगी। पर अनवरी तो वहां से उठने का नाम ही न लेती थी। वह कभी इन्द्रदेव और कभी शैला को देखती, फिर संध्या की आने वाली कालिमा की प्रतीक्षा करती हुई नीले आकाश में आंख लड़ाने लगती। उधर इन्द्रदेव इस बनावटी सन्नाटे से ऊब चले थे। सहसा चौबेजी ने कहा—सरकार! वह बुड्ढा आया है, उसकी कहानी कब सुनिएगा? मैं लालटेन लेता आऊं? . फिर अनवरी की ओर देखते हुए कहने लगे अभी आपको भी छोटी कोठी में पहुंचाना होगा। अनवरी को जैसे धक्का लगा। वह झटपट उठकर खड़ी हो गई। चौबेजी उसे साथ लेकर चले। इन्द्रदेव ने गहरी सांस लेकर कहा—शैला! क्या इन्द्रदेव? मां से भेंट करोगी? चलूं? अच्छा, कल सवेरे!",134,multi_turn_paragraph,"चौबे! आज तुम्हारी गुजराती चाय बड़ी अच्छी रही। एक प्याला ले आओ, और उसके साथ और भी कछ... चौबे सोहन-पापड़ी के टुकड़े और चायदानी लेकर जब आए, तो मिस अनवरी उठकर खड़ी हो गई।",इन्द्रदेव ने कहा,इन्द्रदेव,821,987,high,
TITLI-CAND-000064,1.3,titli_03.html,"मुझे तो नहीं मालूम, मैं अपनी मोटर से यहीं उतर पड़ी थी। उनके साथ ही आती; पर क्या करूं, देर हो गई। किसी को पूछ आने के लिए भेजिएगा? मुझे तो आपसे सहायता मिलनी चाहिए मिस अनवरी शैला ने हंसकर कहाआपके कुंवर साहब आ जाएं, तो प्रबंध... अरे शैला! यह कौन... ___ इन्द्रदेव! तुम अब तक क्या कर रहे थे-कहकर शैला ने मिस अनवरी की ओर संकेत करते हुए कहा—आप मिस अनवरी... फिर अपने होठ को गर्म चाय में डुबो दिया, जैसे उन्हें हंसने का दंड मिला हो। इन्द्रदेव ने अभिनंदन करते हुए कहा-मां जब से आईं, तभी से पूछ रही हैं, उनकी रीढ़ में दर्द हो रहा है। आपकी उनसे भेंट नहीं हुई क्या? जी नहीं; मैंने समझा, यहीं होगी। फिर जब यहां चाय मिलने का भरोसा था, तो थोड़ा यहीं ठहरना अच्छा हुआ—कहकर अनवरी मुस्कराने लगी। इन्द्रदेव ने साधारण हंसी हंसते हुए कहा—अच्छी बात है, चाय पी लीजिए। चौबेजी आपको वहां पहुंचा देंगे। ____तीनों चुपचाप चाय पीने लगे। इन्द्रदेव ने कहा—चौबे! आज तुम्हारी गुजराती चाय बड़ी अच्छी रही। एक प्याला ले आओ, और उसके साथ और भी कछ... चौबे सोहन-पापड़ी के टुकड़े और चायदानी लेकर जब आए, तो मिस अनवरी उठकर खड़ी हो गई। इन्द्रदेव ने कहा—वाह, आप तो चली जा रही हैं। इसे भी तो चखिए। शैला ने मुस्कुराते हुए कहा—बैठिए भी, आप तो यहां पर मेरी ही मेहमान होकर रह सकेंगी। हां, इसको तो मैं भूल गई थी—कहकर अनवरी बैठ गई। चौबेजी ने सबको चाय दे दी, और अब वह प्रतीक्षा कर रहे थे कि कब अनवरी चलेगी। पर अनवरी तो वहां से उठने का नाम ही न लेती थी। वह कभी इन्द्रदेव और कभी शैला को देखती, फिर संध्या की आने वाली कालिमा की प्रतीक्षा करती हुई नीले आकाश में आंख लड़ाने लगती। उधर इन्द्रदेव इस बनावटी सन्नाटे से ऊब चले थे। सहसा चौबेजी ने कहा—सरकार! वह बुड्ढा आया है, उसकी कहानी कब सुनिएगा? मैं लालटेन लेता आऊं? . फिर अनवरी की ओर देखते हुए कहने लगे अभी आपको भी छोटी कोठी में पहुंचाना होगा। अनवरी को जैसे धक्का लगा। वह झटपट उठकर खड़ी हो गई। चौबेजी उसे साथ लेकर चले। इन्द्रदेव ने गहरी सांस लेकर कहा—शैला! क्या इन्द्रदेव? मां से भेंट करोगी? चलूं? अच्छा, कल सवेरे!",134,multi_turn_paragraph,"वाह, आप तो चली जा रही हैं। इसे भी तो चखिए।",इन्द्रदेव ने कहा,इन्द्रदेव,1005,1047,high,
TITLI-CAND-000065,1.3,titli_03.html,"मुझे तो नहीं मालूम, मैं अपनी मोटर से यहीं उतर पड़ी थी। उनके साथ ही आती; पर क्या करूं, देर हो गई। किसी को पूछ आने के लिए भेजिएगा? मुझे तो आपसे सहायता मिलनी चाहिए मिस अनवरी शैला ने हंसकर कहाआपके कुंवर साहब आ जाएं, तो प्रबंध... अरे शैला! यह कौन... ___ इन्द्रदेव! तुम अब तक क्या कर रहे थे-कहकर शैला ने मिस अनवरी की ओर संकेत करते हुए कहा—आप मिस अनवरी... फिर अपने होठ को गर्म चाय में डुबो दिया, जैसे उन्हें हंसने का दंड मिला हो। इन्द्रदेव ने अभिनंदन करते हुए कहा-मां जब से आईं, तभी से पूछ रही हैं, उनकी रीढ़ में दर्द हो रहा है। आपकी उनसे भेंट नहीं हुई क्या? जी नहीं; मैंने समझा, यहीं होगी। फिर जब यहां चाय मिलने का भरोसा था, तो थोड़ा यहीं ठहरना अच्छा हुआ—कहकर अनवरी मुस्कराने लगी। इन्द्रदेव ने साधारण हंसी हंसते हुए कहा—अच्छी बात है, चाय पी लीजिए। चौबेजी आपको वहां पहुंचा देंगे। ____तीनों चुपचाप चाय पीने लगे। इन्द्रदेव ने कहा—चौबे! आज तुम्हारी गुजराती चाय बड़ी अच्छी रही। एक प्याला ले आओ, और उसके साथ और भी कछ... चौबे सोहन-पापड़ी के टुकड़े और चायदानी लेकर जब आए, तो मिस अनवरी उठकर खड़ी हो गई। इन्द्रदेव ने कहा—वाह, आप तो चली जा रही हैं। इसे भी तो चखिए। शैला ने मुस्कुराते हुए कहा—बैठिए भी, आप तो यहां पर मेरी ही मेहमान होकर रह सकेंगी। हां, इसको तो मैं भूल गई थी—कहकर अनवरी बैठ गई। चौबेजी ने सबको चाय दे दी, और अब वह प्रतीक्षा कर रहे थे कि कब अनवरी चलेगी। पर अनवरी तो वहां से उठने का नाम ही न लेती थी। वह कभी इन्द्रदेव और कभी शैला को देखती, फिर संध्या की आने वाली कालिमा की प्रतीक्षा करती हुई नीले आकाश में आंख लड़ाने लगती। उधर इन्द्रदेव इस बनावटी सन्नाटे से ऊब चले थे। सहसा चौबेजी ने कहा—सरकार! वह बुड्ढा आया है, उसकी कहानी कब सुनिएगा? मैं लालटेन लेता आऊं? . फिर अनवरी की ओर देखते हुए कहने लगे अभी आपको भी छोटी कोठी में पहुंचाना होगा। अनवरी को जैसे धक्का लगा। वह झटपट उठकर खड़ी हो गई। चौबेजी उसे साथ लेकर चले। इन्द्रदेव ने गहरी सांस लेकर कहा—शैला! क्या इन्द्रदेव? मां से भेंट करोगी? चलूं? अच्छा, कल सवेरे!",134,multi_turn_paragraph,"बैठिए भी, आप तो यहां पर मेरी ही मेहमान होकर रह सकेंगी। हां, इसको तो मैं भूल गई थी",शैला ने मुस्कुराते हुए कहा,शैला,1075,1156,high,
TITLI-CAND-000066,1.3,titli_03.html,"मुझे तो नहीं मालूम, मैं अपनी मोटर से यहीं उतर पड़ी थी। उनके साथ ही आती; पर क्या करूं, देर हो गई। किसी को पूछ आने के लिए भेजिएगा? मुझे तो आपसे सहायता मिलनी चाहिए मिस अनवरी शैला ने हंसकर कहाआपके कुंवर साहब आ जाएं, तो प्रबंध... अरे शैला! यह कौन... ___ इन्द्रदेव! तुम अब तक क्या कर रहे थे-कहकर शैला ने मिस अनवरी की ओर संकेत करते हुए कहा—आप मिस अनवरी... फिर अपने होठ को गर्म चाय में डुबो दिया, जैसे उन्हें हंसने का दंड मिला हो। इन्द्रदेव ने अभिनंदन करते हुए कहा-मां जब से आईं, तभी से पूछ रही हैं, उनकी रीढ़ में दर्द हो रहा है। आपकी उनसे भेंट नहीं हुई क्या? जी नहीं; मैंने समझा, यहीं होगी। फिर जब यहां चाय मिलने का भरोसा था, तो थोड़ा यहीं ठहरना अच्छा हुआ—कहकर अनवरी मुस्कराने लगी। इन्द्रदेव ने साधारण हंसी हंसते हुए कहा—अच्छी बात है, चाय पी लीजिए। चौबेजी आपको वहां पहुंचा देंगे। ____तीनों चुपचाप चाय पीने लगे। इन्द्रदेव ने कहा—चौबे! आज तुम्हारी गुजराती चाय बड़ी अच्छी रही। एक प्याला ले आओ, और उसके साथ और भी कछ... चौबे सोहन-पापड़ी के टुकड़े और चायदानी लेकर जब आए, तो मिस अनवरी उठकर खड़ी हो गई। इन्द्रदेव ने कहा—वाह, आप तो चली जा रही हैं। इसे भी तो चखिए। शैला ने मुस्कुराते हुए कहा—बैठिए भी, आप तो यहां पर मेरी ही मेहमान होकर रह सकेंगी। हां, इसको तो मैं भूल गई थी—कहकर अनवरी बैठ गई। चौबेजी ने सबको चाय दे दी, और अब वह प्रतीक्षा कर रहे थे कि कब अनवरी चलेगी। पर अनवरी तो वहां से उठने का नाम ही न लेती थी। वह कभी इन्द्रदेव और कभी शैला को देखती, फिर संध्या की आने वाली कालिमा की प्रतीक्षा करती हुई नीले आकाश में आंख लड़ाने लगती। उधर इन्द्रदेव इस बनावटी सन्नाटे से ऊब चले थे। सहसा चौबेजी ने कहा—सरकार! वह बुड्ढा आया है, उसकी कहानी कब सुनिएगा? मैं लालटेन लेता आऊं? . फिर अनवरी की ओर देखते हुए कहने लगे अभी आपको भी छोटी कोठी में पहुंचाना होगा। अनवरी को जैसे धक्का लगा। वह झटपट उठकर खड़ी हो गई। चौबेजी उसे साथ लेकर चले। इन्द्रदेव ने गहरी सांस लेकर कहा—शैला! क्या इन्द्रदेव? मां से भेंट करोगी? चलूं? अच्छा, कल सवेरे!",134,multi_turn_paragraph,"सरकार! वह बुड्ढा आया है, उसकी",चौबेजी ने कहा,चौबेजी,1483,1512,high,
TITLI-CAND-000067,1.3,titli_03.html,"मुझे तो नहीं मालूम, मैं अपनी मोटर से यहीं उतर पड़ी थी। उनके साथ ही आती; पर क्या करूं, देर हो गई। किसी को पूछ आने के लिए भेजिएगा? मुझे तो आपसे सहायता मिलनी चाहिए मिस अनवरी शैला ने हंसकर कहाआपके कुंवर साहब आ जाएं, तो प्रबंध... अरे शैला! यह कौन... ___ इन्द्रदेव! तुम अब तक क्या कर रहे थे-कहकर शैला ने मिस अनवरी की ओर संकेत करते हुए कहा—आप मिस अनवरी... फिर अपने होठ को गर्म चाय में डुबो दिया, जैसे उन्हें हंसने का दंड मिला हो। इन्द्रदेव ने अभिनंदन करते हुए कहा-मां जब से आईं, तभी से पूछ रही हैं, उनकी रीढ़ में दर्द हो रहा है। आपकी उनसे भेंट नहीं हुई क्या? जी नहीं; मैंने समझा, यहीं होगी। फिर जब यहां चाय मिलने का भरोसा था, तो थोड़ा यहीं ठहरना अच्छा हुआ—कहकर अनवरी मुस्कराने लगी। इन्द्रदेव ने साधारण हंसी हंसते हुए कहा—अच्छी बात है, चाय पी लीजिए। चौबेजी आपको वहां पहुंचा देंगे। ____तीनों चुपचाप चाय पीने लगे। इन्द्रदेव ने कहा—चौबे! आज तुम्हारी गुजराती चाय बड़ी अच्छी रही। एक प्याला ले आओ, और उसके साथ और भी कछ... चौबे सोहन-पापड़ी के टुकड़े और चायदानी लेकर जब आए, तो मिस अनवरी उठकर खड़ी हो गई। इन्द्रदेव ने कहा—वाह, आप तो चली जा रही हैं। इसे भी तो चखिए। शैला ने मुस्कुराते हुए कहा—बैठिए भी, आप तो यहां पर मेरी ही मेहमान होकर रह सकेंगी। हां, इसको तो मैं भूल गई थी—कहकर अनवरी बैठ गई। चौबेजी ने सबको चाय दे दी, और अब वह प्रतीक्षा कर रहे थे कि कब अनवरी चलेगी। पर अनवरी तो वहां से उठने का नाम ही न लेती थी। वह कभी इन्द्रदेव और कभी शैला को देखती, फिर संध्या की आने वाली कालिमा की प्रतीक्षा करती हुई नीले आकाश में आंख लड़ाने लगती। उधर इन्द्रदेव इस बनावटी सन्नाटे से ऊब चले थे। सहसा चौबेजी ने कहा—सरकार! वह बुड्ढा आया है, उसकी कहानी कब सुनिएगा? मैं लालटेन लेता आऊं? . फिर अनवरी की ओर देखते हुए कहने लगे अभी आपको भी छोटी कोठी में पहुंचाना होगा। अनवरी को जैसे धक्का लगा। वह झटपट उठकर खड़ी हो गई। चौबेजी उसे साथ लेकर चले। इन्द्रदेव ने गहरी सांस लेकर कहा—शैला! क्या इन्द्रदेव? मां से भेंट करोगी? चलूं? अच्छा, कल सवेरे!",134,attribution_dash,"शैला! क्या इन्द्रदेव? मां से भेंट करोगी? चलूं? अच्छा, कल सवेरे!",इन्द्रदेव ने गहरी सांस लेकर कहा,इन्द्रदेव,1737,1800,high,
TITLI-CAND-000068,1.4,titli_04.html,"इन्द्रदेव की माता श्यामदुलारी पुराने अभिजात - कुल की विधवा हैं । प्राय : बीमार रहा  करती हैं । किंतु मुख -मंडल पर गर्व की दीप्ति , आज्ञा देने की तत्परता और छिपी हुई सरल  दया भी अंकित है ? वह सरकार हैं । उनके आस -पास अनावश्यक गृहस्थी के नाम पर जुटाई  गई अगणित सामग्री का बिखरा रहना आवश्यक है। आठ से कम दासियों से उनका काम  चल ही नहीं सकता । दो पुजारी और ठाकुरजी का संभार अलग । इन सबके आज्ञा- पालन के  लिए कहारों का पूरा दल । बहंगी पर गंगाजल और भोजन का सामान ढोते हुए कहारों का  आना -जाना श्यामदुलारी की आंखें सदैव देखना चाहती थीं ।  बेटा विलायत से लौट आया है । एक दिन उनसे मिलकर उनकी चरण - रज लेकर वह  छावनी में चला आया और यहीं रहने लगा ।  लोग कहते हैं कि इन्द्रदेव के कानों में जब यह समाचार किसी मतलब से पहुंचा दिया  गया कि चरण छूकर आपके चले आने पर माताजी ने फिर से स्नान किया , तो फिर वह  मकान पर न ठहर सके ।  किंतु श्यामदुलारी की प्रकृति ही ऐसी है। उसने ऐसा किया हो , तो कोई आश्चर्य नहीं ।  तब भी श्यामदुलारी को तो यही विश्वास दिलाया गया कि — साथ में मेम नहीं आई है!  श्यामदुलारी अपने बेटे को संभालना चाहती थीं । बेटी माधुरी से पूछकर यही निश्चित  हुआ कि सब लोग छावनी पर ही कुछ दिन चलकर रहें । वहीं इन्द्रदेव को सुधार लिया  जाएगा ।  माधुरी घर की प्रबंधकी है। वह दक्ष, चिड़चिड़े स्वभाव की सुंदरी युवती है। माता  श्यामदुलारी भी उसके अनुशासन को मानती हैं और भीतर - ही - भीतर दबती भी हैं ।  माधुरी का पति उसकी खोज - खबर नहीं लेता । उसे लेने की आवश्यकता ही क्या ?  माधुरी धनी घर की लाड़ली बेटी है। इसलिए बाबू श्यामलाल को इस अवसर से लाभ  उठाने की पूरी सुविधा है।  श्यामदुलारी, बेटी और दामाद दोनों को प्रसन्न रखने की चेष्टा में लगी रहती हैं । बहत  बुलाने पर कभी साल- भर में बाबू श्यामलाल कलकत्ता से दो -तीन दिन के लिए चले आते  हैं । उनका व्यवसाय न नष्ट हो जाए, इसलिए जल्द चले जाते हैं — अर्थात् रेस की टीप ,  बगीचों के जुए, स्टीमरों की पार्टियां और भी कितने ही ऐसे काम हैं , जिनमें चूक जाने से  बड़ी हानि उठाने की संभावना है ।  माधुरी शासन करने की क्षमता रखती है । भाई इन्द्रदेव पढ़ते थे; इसलिए माता की  रुग्णावस्था में घर - गृहस्थी का बोझ दूसरा कौन संभालता ?  ___ माधुरी की अभिभावकता में माता श्यामदुलारी सोती हैं सपना देखती हैं । इसलिए  माधुरी भी साथ ही आई हैं । चौकी पर मोटे - से गद्दे पर तकिया सहारे बैठी वह कुछ हिसाब  देख रही थी । पेट्रोल -लैंप के तीव्र प्रकाश में उसकी उठी हुई नाक की छाया दीवार पर बहुत  लंबी- सी दिखाई पड़ती है।  मलिया बड़ी नटखट छोकरी है। वह पान का डिब्बा लिये हुए, उस छाया को देखकर,  जोर से हंसना चाहती है; पर माधुरी के डर से अपने होठों को दांत से दबाए चुपचाप खड़ी  है । मिस अनवरी की छाया से वह चौंक उठी । उसने चुलबुलेपन से कहा — मेम साहब ,  सलाम ! माधुरी ने सिर उठाकर देखा और कहा—आइए, हम लोग बड़ी देर से आपकी प्रतीक्षा कर रहे हैं। मां का दर्द तो बहुत बढ़ गया है। ___ माधुरी के पास ही बैठते हुए अनवरी ने—बीबी, तुमको देखने के लिए जी ललचाया रहता है, मां को तो देगी ही कहकर उसके हाथों को दबा दिया। माधुरी ने झेंपकर कहा-आहा तुम तो मेम और साहब दोनों ही हो न? अच्छा, यह तो बताओ, तुम्हारे ठहरने का क्या प्रबंध करूं? आज रात को तो मोटर से शहर लौट जाने न दूंगी। अभी मां पूजा कर रही हैं, एक घंटे में खाली होगी, फिर घंटों उनको देखने में लग जाएगा। बजेगा दो और जाना है तीस मील! आज रात को तुमको रहना ही होगा। . अनवरी ने मुस्कुराते हुए कहा—सो तो बीबी, तुम्हारी भाभी ने मुझे न्योता ही दिया माधुरी क्षण-भर के लिए चुप हो गई। फिर बोली—अनवरी, ऐसी दिल्लगी न करो, यह बात मुझे ही नहीं, घर भर को खटक रही है। लेकिन भाई साहब तो कहते हैं कि वह हमारी दोस्त है! हां—बीबी, दोस्ती नहीं तो क्या दुश्मनी से कोई इतना बड़ा... माधुरी ने भीतर के कमरे की ओर देखते हुए उसके मुंह पर हाथ रख दिया, और धीरेधीरे कहने लगी—प्यारी अनवरी! क्या इस चुडैल से छुटकारा पाने का कोई उपाय नहीं? हम लोग क्या करें? कोई बस नहीं चलता। धीरे-धीरे सब हो जाएगा। लेकिन तुम्हें बुरा न लगे, तो मैं एक बात पूछ लूं। क्या? कुंवर साहब इससे ब्याह कर लें, तो तुम्हारा क्या? ऐसा न कहो अनवरी! तुम्हारी मां तो फिर तुमको ही... उंह तुम क्या बक रही हो! अच्छा तो मैं कुछ दिन यहां रहूं तो... तो रहो न मेरी रानी।",135,multi_turn_paragraph,"मेम साहब ,  सलाम !",कहा,,2448,2466,high,
TITLI-CAND-000069,1.4,titli_04.html,"इन्द्रदेव की माता श्यामदुलारी पुराने अभिजात - कुल की विधवा हैं । प्राय : बीमार रहा  करती हैं । किंतु मुख -मंडल पर गर्व की दीप्ति , आज्ञा देने की तत्परता और छिपी हुई सरल  दया भी अंकित है ? वह सरकार हैं । उनके आस -पास अनावश्यक गृहस्थी के नाम पर जुटाई  गई अगणित सामग्री का बिखरा रहना आवश्यक है। आठ से कम दासियों से उनका काम  चल ही नहीं सकता । दो पुजारी और ठाकुरजी का संभार अलग । इन सबके आज्ञा- पालन के  लिए कहारों का पूरा दल । बहंगी पर गंगाजल और भोजन का सामान ढोते हुए कहारों का  आना -जाना श्यामदुलारी की आंखें सदैव देखना चाहती थीं ।  बेटा विलायत से लौट आया है । एक दिन उनसे मिलकर उनकी चरण - रज लेकर वह  छावनी में चला आया और यहीं रहने लगा ।  लोग कहते हैं कि इन्द्रदेव के कानों में जब यह समाचार किसी मतलब से पहुंचा दिया  गया कि चरण छूकर आपके चले आने पर माताजी ने फिर से स्नान किया , तो फिर वह  मकान पर न ठहर सके ।  किंतु श्यामदुलारी की प्रकृति ही ऐसी है। उसने ऐसा किया हो , तो कोई आश्चर्य नहीं ।  तब भी श्यामदुलारी को तो यही विश्वास दिलाया गया कि — साथ में मेम नहीं आई है!  श्यामदुलारी अपने बेटे को संभालना चाहती थीं । बेटी माधुरी से पूछकर यही निश्चित  हुआ कि सब लोग छावनी पर ही कुछ दिन चलकर रहें । वहीं इन्द्रदेव को सुधार लिया  जाएगा ।  माधुरी घर की प्रबंधकी है। वह दक्ष, चिड़चिड़े स्वभाव की सुंदरी युवती है। माता  श्यामदुलारी भी उसके अनुशासन को मानती हैं और भीतर - ही - भीतर दबती भी हैं ।  माधुरी का पति उसकी खोज - खबर नहीं लेता । उसे लेने की आवश्यकता ही क्या ?  माधुरी धनी घर की लाड़ली बेटी है। इसलिए बाबू श्यामलाल को इस अवसर से लाभ  उठाने की पूरी सुविधा है।  श्यामदुलारी, बेटी और दामाद दोनों को प्रसन्न रखने की चेष्टा में लगी रहती हैं । बहत  बुलाने पर कभी साल- भर में बाबू श्यामलाल कलकत्ता से दो -तीन दिन के लिए चले आते  हैं । उनका व्यवसाय न नष्ट हो जाए, इसलिए जल्द चले जाते हैं — अर्थात् रेस की टीप ,  बगीचों के जुए, स्टीमरों की पार्टियां और भी कितने ही ऐसे काम हैं , जिनमें चूक जाने से  बड़ी हानि उठाने की संभावना है ।  माधुरी शासन करने की क्षमता रखती है । भाई इन्द्रदेव पढ़ते थे; इसलिए माता की  रुग्णावस्था में घर - गृहस्थी का बोझ दूसरा कौन संभालता ?  ___ माधुरी की अभिभावकता में माता श्यामदुलारी सोती हैं सपना देखती हैं । इसलिए  माधुरी भी साथ ही आई हैं । चौकी पर मोटे - से गद्दे पर तकिया सहारे बैठी वह कुछ हिसाब  देख रही थी । पेट्रोल -लैंप के तीव्र प्रकाश में उसकी उठी हुई नाक की छाया दीवार पर बहुत  लंबी- सी दिखाई पड़ती है।  मलिया बड़ी नटखट छोकरी है। वह पान का डिब्बा लिये हुए, उस छाया को देखकर,  जोर से हंसना चाहती है; पर माधुरी के डर से अपने होठों को दांत से दबाए चुपचाप खड़ी  है । मिस अनवरी की छाया से वह चौंक उठी । उसने चुलबुलेपन से कहा — मेम साहब ,  सलाम ! माधुरी ने सिर उठाकर देखा और कहा—आइए, हम लोग बड़ी देर से आपकी प्रतीक्षा कर रहे हैं। मां का दर्द तो बहुत बढ़ गया है। ___ माधुरी के पास ही बैठते हुए अनवरी ने—बीबी, तुमको देखने के लिए जी ललचाया रहता है, मां को तो देगी ही कहकर उसके हाथों को दबा दिया। माधुरी ने झेंपकर कहा-आहा तुम तो मेम और साहब दोनों ही हो न? अच्छा, यह तो बताओ, तुम्हारे ठहरने का क्या प्रबंध करूं? आज रात को तो मोटर से शहर लौट जाने न दूंगी। अभी मां पूजा कर रही हैं, एक घंटे में खाली होगी, फिर घंटों उनको देखने में लग जाएगा। बजेगा दो और जाना है तीस मील! आज रात को तुमको रहना ही होगा। . अनवरी ने मुस्कुराते हुए कहा—सो तो बीबी, तुम्हारी भाभी ने मुझे न्योता ही दिया माधुरी क्षण-भर के लिए चुप हो गई। फिर बोली—अनवरी, ऐसी दिल्लगी न करो, यह बात मुझे ही नहीं, घर भर को खटक रही है। लेकिन भाई साहब तो कहते हैं कि वह हमारी दोस्त है! हां—बीबी, दोस्ती नहीं तो क्या दुश्मनी से कोई इतना बड़ा... माधुरी ने भीतर के कमरे की ओर देखते हुए उसके मुंह पर हाथ रख दिया, और धीरेधीरे कहने लगी—प्यारी अनवरी! क्या इस चुडैल से छुटकारा पाने का कोई उपाय नहीं? हम लोग क्या करें? कोई बस नहीं चलता। धीरे-धीरे सब हो जाएगा। लेकिन तुम्हें बुरा न लगे, तो मैं एक बात पूछ लूं। क्या? कुंवर साहब इससे ब्याह कर लें, तो तुम्हारा क्या? ऐसा न कहो अनवरी! तुम्हारी मां तो फिर तुमको ही... उंह तुम क्या बक रही हो! अच्छा तो मैं कुछ दिन यहां रहूं तो... तो रहो न मेरी रानी।",135,multi_turn_paragraph,"आइए, हम लोग बड़ी देर से आपकी प्रतीक्षा कर रहे हैं। मां का दर्द तो बहुत बढ़ गया है। ___ माधुरी के पास ही बैठते हुए अनवरी ने—बीबी, तुमको देखने के लिए जी ललचाया रहता है, मां को तो देगी ही",माधुरी ने सिर उठाकर देखा और कहा,माधुरी,2499,2683,high,
TITLI-CAND-000070,1.4,titli_04.html,"इन्द्रदेव की माता श्यामदुलारी पुराने अभिजात - कुल की विधवा हैं । प्राय : बीमार रहा  करती हैं । किंतु मुख -मंडल पर गर्व की दीप्ति , आज्ञा देने की तत्परता और छिपी हुई सरल  दया भी अंकित है ? वह सरकार हैं । उनके आस -पास अनावश्यक गृहस्थी के नाम पर जुटाई  गई अगणित सामग्री का बिखरा रहना आवश्यक है। आठ से कम दासियों से उनका काम  चल ही नहीं सकता । दो पुजारी और ठाकुरजी का संभार अलग । इन सबके आज्ञा- पालन के  लिए कहारों का पूरा दल । बहंगी पर गंगाजल और भोजन का सामान ढोते हुए कहारों का  आना -जाना श्यामदुलारी की आंखें सदैव देखना चाहती थीं ।  बेटा विलायत से लौट आया है । एक दिन उनसे मिलकर उनकी चरण - रज लेकर वह  छावनी में चला आया और यहीं रहने लगा ।  लोग कहते हैं कि इन्द्रदेव के कानों में जब यह समाचार किसी मतलब से पहुंचा दिया  गया कि चरण छूकर आपके चले आने पर माताजी ने फिर से स्नान किया , तो फिर वह  मकान पर न ठहर सके ।  किंतु श्यामदुलारी की प्रकृति ही ऐसी है। उसने ऐसा किया हो , तो कोई आश्चर्य नहीं ।  तब भी श्यामदुलारी को तो यही विश्वास दिलाया गया कि — साथ में मेम नहीं आई है!  श्यामदुलारी अपने बेटे को संभालना चाहती थीं । बेटी माधुरी से पूछकर यही निश्चित  हुआ कि सब लोग छावनी पर ही कुछ दिन चलकर रहें । वहीं इन्द्रदेव को सुधार लिया  जाएगा ।  माधुरी घर की प्रबंधकी है। वह दक्ष, चिड़चिड़े स्वभाव की सुंदरी युवती है। माता  श्यामदुलारी भी उसके अनुशासन को मानती हैं और भीतर - ही - भीतर दबती भी हैं ।  माधुरी का पति उसकी खोज - खबर नहीं लेता । उसे लेने की आवश्यकता ही क्या ?  माधुरी धनी घर की लाड़ली बेटी है। इसलिए बाबू श्यामलाल को इस अवसर से लाभ  उठाने की पूरी सुविधा है।  श्यामदुलारी, बेटी और दामाद दोनों को प्रसन्न रखने की चेष्टा में लगी रहती हैं । बहत  बुलाने पर कभी साल- भर में बाबू श्यामलाल कलकत्ता से दो -तीन दिन के लिए चले आते  हैं । उनका व्यवसाय न नष्ट हो जाए, इसलिए जल्द चले जाते हैं — अर्थात् रेस की टीप ,  बगीचों के जुए, स्टीमरों की पार्टियां और भी कितने ही ऐसे काम हैं , जिनमें चूक जाने से  बड़ी हानि उठाने की संभावना है ।  माधुरी शासन करने की क्षमता रखती है । भाई इन्द्रदेव पढ़ते थे; इसलिए माता की  रुग्णावस्था में घर - गृहस्थी का बोझ दूसरा कौन संभालता ?  ___ माधुरी की अभिभावकता में माता श्यामदुलारी सोती हैं सपना देखती हैं । इसलिए  माधुरी भी साथ ही आई हैं । चौकी पर मोटे - से गद्दे पर तकिया सहारे बैठी वह कुछ हिसाब  देख रही थी । पेट्रोल -लैंप के तीव्र प्रकाश में उसकी उठी हुई नाक की छाया दीवार पर बहुत  लंबी- सी दिखाई पड़ती है।  मलिया बड़ी नटखट छोकरी है। वह पान का डिब्बा लिये हुए, उस छाया को देखकर,  जोर से हंसना चाहती है; पर माधुरी के डर से अपने होठों को दांत से दबाए चुपचाप खड़ी  है । मिस अनवरी की छाया से वह चौंक उठी । उसने चुलबुलेपन से कहा — मेम साहब ,  सलाम ! माधुरी ने सिर उठाकर देखा और कहा—आइए, हम लोग बड़ी देर से आपकी प्रतीक्षा कर रहे हैं। मां का दर्द तो बहुत बढ़ गया है। ___ माधुरी के पास ही बैठते हुए अनवरी ने—बीबी, तुमको देखने के लिए जी ललचाया रहता है, मां को तो देगी ही कहकर उसके हाथों को दबा दिया। माधुरी ने झेंपकर कहा-आहा तुम तो मेम और साहब दोनों ही हो न? अच्छा, यह तो बताओ, तुम्हारे ठहरने का क्या प्रबंध करूं? आज रात को तो मोटर से शहर लौट जाने न दूंगी। अभी मां पूजा कर रही हैं, एक घंटे में खाली होगी, फिर घंटों उनको देखने में लग जाएगा। बजेगा दो और जाना है तीस मील! आज रात को तुमको रहना ही होगा। . अनवरी ने मुस्कुराते हुए कहा—सो तो बीबी, तुम्हारी भाभी ने मुझे न्योता ही दिया माधुरी क्षण-भर के लिए चुप हो गई। फिर बोली—अनवरी, ऐसी दिल्लगी न करो, यह बात मुझे ही नहीं, घर भर को खटक रही है। लेकिन भाई साहब तो कहते हैं कि वह हमारी दोस्त है! हां—बीबी, दोस्ती नहीं तो क्या दुश्मनी से कोई इतना बड़ा... माधुरी ने भीतर के कमरे की ओर देखते हुए उसके मुंह पर हाथ रख दिया, और धीरेधीरे कहने लगी—प्यारी अनवरी! क्या इस चुडैल से छुटकारा पाने का कोई उपाय नहीं? हम लोग क्या करें? कोई बस नहीं चलता। धीरे-धीरे सब हो जाएगा। लेकिन तुम्हें बुरा न लगे, तो मैं एक बात पूछ लूं। क्या? कुंवर साहब इससे ब्याह कर लें, तो तुम्हारा क्या? ऐसा न कहो अनवरी! तुम्हारी मां तो फिर तुमको ही... उंह तुम क्या बक रही हो! अच्छा तो मैं कुछ दिन यहां रहूं तो... तो रहो न मेरी रानी।",135,multi_turn_paragraph,"आहा तुम तो मेम और साहब दोनों ही हो न? अच्छा, यह तो बताओ, तुम्हारे ठहरने का क्या प्रबंध करूं? आज रात को तो मोटर से शहर लौट जाने न दूंगी। अभी मां पूजा कर रही हैं, एक घंटे में खाली होगी, फिर घंटों उनको देखने में लग जाएगा। बजेगा दो और जाना है तीस मील! आज रात को तुमको रहना ही होगा। .",माधुरी ने झेंपकर कहा,माधुरी,2734,3013,high,
TITLI-CAND-000071,1.4,titli_04.html,"इन्द्रदेव की माता श्यामदुलारी पुराने अभिजात - कुल की विधवा हैं । प्राय : बीमार रहा  करती हैं । किंतु मुख -मंडल पर गर्व की दीप्ति , आज्ञा देने की तत्परता और छिपी हुई सरल  दया भी अंकित है ? वह सरकार हैं । उनके आस -पास अनावश्यक गृहस्थी के नाम पर जुटाई  गई अगणित सामग्री का बिखरा रहना आवश्यक है। आठ से कम दासियों से उनका काम  चल ही नहीं सकता । दो पुजारी और ठाकुरजी का संभार अलग । इन सबके आज्ञा- पालन के  लिए कहारों का पूरा दल । बहंगी पर गंगाजल और भोजन का सामान ढोते हुए कहारों का  आना -जाना श्यामदुलारी की आंखें सदैव देखना चाहती थीं ।  बेटा विलायत से लौट आया है । एक दिन उनसे मिलकर उनकी चरण - रज लेकर वह  छावनी में चला आया और यहीं रहने लगा ।  लोग कहते हैं कि इन्द्रदेव के कानों में जब यह समाचार किसी मतलब से पहुंचा दिया  गया कि चरण छूकर आपके चले आने पर माताजी ने फिर से स्नान किया , तो फिर वह  मकान पर न ठहर सके ।  किंतु श्यामदुलारी की प्रकृति ही ऐसी है। उसने ऐसा किया हो , तो कोई आश्चर्य नहीं ।  तब भी श्यामदुलारी को तो यही विश्वास दिलाया गया कि — साथ में मेम नहीं आई है!  श्यामदुलारी अपने बेटे को संभालना चाहती थीं । बेटी माधुरी से पूछकर यही निश्चित  हुआ कि सब लोग छावनी पर ही कुछ दिन चलकर रहें । वहीं इन्द्रदेव को सुधार लिया  जाएगा ।  माधुरी घर की प्रबंधकी है। वह दक्ष, चिड़चिड़े स्वभाव की सुंदरी युवती है। माता  श्यामदुलारी भी उसके अनुशासन को मानती हैं और भीतर - ही - भीतर दबती भी हैं ।  माधुरी का पति उसकी खोज - खबर नहीं लेता । उसे लेने की आवश्यकता ही क्या ?  माधुरी धनी घर की लाड़ली बेटी है। इसलिए बाबू श्यामलाल को इस अवसर से लाभ  उठाने की पूरी सुविधा है।  श्यामदुलारी, बेटी और दामाद दोनों को प्रसन्न रखने की चेष्टा में लगी रहती हैं । बहत  बुलाने पर कभी साल- भर में बाबू श्यामलाल कलकत्ता से दो -तीन दिन के लिए चले आते  हैं । उनका व्यवसाय न नष्ट हो जाए, इसलिए जल्द चले जाते हैं — अर्थात् रेस की टीप ,  बगीचों के जुए, स्टीमरों की पार्टियां और भी कितने ही ऐसे काम हैं , जिनमें चूक जाने से  बड़ी हानि उठाने की संभावना है ।  माधुरी शासन करने की क्षमता रखती है । भाई इन्द्रदेव पढ़ते थे; इसलिए माता की  रुग्णावस्था में घर - गृहस्थी का बोझ दूसरा कौन संभालता ?  ___ माधुरी की अभिभावकता में माता श्यामदुलारी सोती हैं सपना देखती हैं । इसलिए  माधुरी भी साथ ही आई हैं । चौकी पर मोटे - से गद्दे पर तकिया सहारे बैठी वह कुछ हिसाब  देख रही थी । पेट्रोल -लैंप के तीव्र प्रकाश में उसकी उठी हुई नाक की छाया दीवार पर बहुत  लंबी- सी दिखाई पड़ती है।  मलिया बड़ी नटखट छोकरी है। वह पान का डिब्बा लिये हुए, उस छाया को देखकर,  जोर से हंसना चाहती है; पर माधुरी के डर से अपने होठों को दांत से दबाए चुपचाप खड़ी  है । मिस अनवरी की छाया से वह चौंक उठी । उसने चुलबुलेपन से कहा — मेम साहब ,  सलाम ! माधुरी ने सिर उठाकर देखा और कहा—आइए, हम लोग बड़ी देर से आपकी प्रतीक्षा कर रहे हैं। मां का दर्द तो बहुत बढ़ गया है। ___ माधुरी के पास ही बैठते हुए अनवरी ने—बीबी, तुमको देखने के लिए जी ललचाया रहता है, मां को तो देगी ही कहकर उसके हाथों को दबा दिया। माधुरी ने झेंपकर कहा-आहा तुम तो मेम और साहब दोनों ही हो न? अच्छा, यह तो बताओ, तुम्हारे ठहरने का क्या प्रबंध करूं? आज रात को तो मोटर से शहर लौट जाने न दूंगी। अभी मां पूजा कर रही हैं, एक घंटे में खाली होगी, फिर घंटों उनको देखने में लग जाएगा। बजेगा दो और जाना है तीस मील! आज रात को तुमको रहना ही होगा। . अनवरी ने मुस्कुराते हुए कहा—सो तो बीबी, तुम्हारी भाभी ने मुझे न्योता ही दिया माधुरी क्षण-भर के लिए चुप हो गई। फिर बोली—अनवरी, ऐसी दिल्लगी न करो, यह बात मुझे ही नहीं, घर भर को खटक रही है। लेकिन भाई साहब तो कहते हैं कि वह हमारी दोस्त है! हां—बीबी, दोस्ती नहीं तो क्या दुश्मनी से कोई इतना बड़ा... माधुरी ने भीतर के कमरे की ओर देखते हुए उसके मुंह पर हाथ रख दिया, और धीरेधीरे कहने लगी—प्यारी अनवरी! क्या इस चुडैल से छुटकारा पाने का कोई उपाय नहीं? हम लोग क्या करें? कोई बस नहीं चलता। धीरे-धीरे सब हो जाएगा। लेकिन तुम्हें बुरा न लगे, तो मैं एक बात पूछ लूं। क्या? कुंवर साहब इससे ब्याह कर लें, तो तुम्हारा क्या? ऐसा न कहो अनवरी! तुम्हारी मां तो फिर तुमको ही... उंह तुम क्या बक रही हो! अच्छा तो मैं कुछ दिन यहां रहूं तो... तो रहो न मेरी रानी।",135,multi_turn_paragraph,"सो तो बीबी, तुम्हारी भाभी ने मुझे न्योता ही दिया माधुरी क्षण-भर के लिए चुप हो गई। फिर",अनवरी ने मुस्कुराते हुए कहा,अनवरी,3042,3127,high,
TITLI-CAND-000072,1.4,titli_04.html,"इन्द्रदेव की माता श्यामदुलारी पुराने अभिजात - कुल की विधवा हैं । प्राय : बीमार रहा  करती हैं । किंतु मुख -मंडल पर गर्व की दीप्ति , आज्ञा देने की तत्परता और छिपी हुई सरल  दया भी अंकित है ? वह सरकार हैं । उनके आस -पास अनावश्यक गृहस्थी के नाम पर जुटाई  गई अगणित सामग्री का बिखरा रहना आवश्यक है। आठ से कम दासियों से उनका काम  चल ही नहीं सकता । दो पुजारी और ठाकुरजी का संभार अलग । इन सबके आज्ञा- पालन के  लिए कहारों का पूरा दल । बहंगी पर गंगाजल और भोजन का सामान ढोते हुए कहारों का  आना -जाना श्यामदुलारी की आंखें सदैव देखना चाहती थीं ।  बेटा विलायत से लौट आया है । एक दिन उनसे मिलकर उनकी चरण - रज लेकर वह  छावनी में चला आया और यहीं रहने लगा ।  लोग कहते हैं कि इन्द्रदेव के कानों में जब यह समाचार किसी मतलब से पहुंचा दिया  गया कि चरण छूकर आपके चले आने पर माताजी ने फिर से स्नान किया , तो फिर वह  मकान पर न ठहर सके ।  किंतु श्यामदुलारी की प्रकृति ही ऐसी है। उसने ऐसा किया हो , तो कोई आश्चर्य नहीं ।  तब भी श्यामदुलारी को तो यही विश्वास दिलाया गया कि — साथ में मेम नहीं आई है!  श्यामदुलारी अपने बेटे को संभालना चाहती थीं । बेटी माधुरी से पूछकर यही निश्चित  हुआ कि सब लोग छावनी पर ही कुछ दिन चलकर रहें । वहीं इन्द्रदेव को सुधार लिया  जाएगा ।  माधुरी घर की प्रबंधकी है। वह दक्ष, चिड़चिड़े स्वभाव की सुंदरी युवती है। माता  श्यामदुलारी भी उसके अनुशासन को मानती हैं और भीतर - ही - भीतर दबती भी हैं ।  माधुरी का पति उसकी खोज - खबर नहीं लेता । उसे लेने की आवश्यकता ही क्या ?  माधुरी धनी घर की लाड़ली बेटी है। इसलिए बाबू श्यामलाल को इस अवसर से लाभ  उठाने की पूरी सुविधा है।  श्यामदुलारी, बेटी और दामाद दोनों को प्रसन्न रखने की चेष्टा में लगी रहती हैं । बहत  बुलाने पर कभी साल- भर में बाबू श्यामलाल कलकत्ता से दो -तीन दिन के लिए चले आते  हैं । उनका व्यवसाय न नष्ट हो जाए, इसलिए जल्द चले जाते हैं — अर्थात् रेस की टीप ,  बगीचों के जुए, स्टीमरों की पार्टियां और भी कितने ही ऐसे काम हैं , जिनमें चूक जाने से  बड़ी हानि उठाने की संभावना है ।  माधुरी शासन करने की क्षमता रखती है । भाई इन्द्रदेव पढ़ते थे; इसलिए माता की  रुग्णावस्था में घर - गृहस्थी का बोझ दूसरा कौन संभालता ?  ___ माधुरी की अभिभावकता में माता श्यामदुलारी सोती हैं सपना देखती हैं । इसलिए  माधुरी भी साथ ही आई हैं । चौकी पर मोटे - से गद्दे पर तकिया सहारे बैठी वह कुछ हिसाब  देख रही थी । पेट्रोल -लैंप के तीव्र प्रकाश में उसकी उठी हुई नाक की छाया दीवार पर बहुत  लंबी- सी दिखाई पड़ती है।  मलिया बड़ी नटखट छोकरी है। वह पान का डिब्बा लिये हुए, उस छाया को देखकर,  जोर से हंसना चाहती है; पर माधुरी के डर से अपने होठों को दांत से दबाए चुपचाप खड़ी  है । मिस अनवरी की छाया से वह चौंक उठी । उसने चुलबुलेपन से कहा — मेम साहब ,  सलाम ! माधुरी ने सिर उठाकर देखा और कहा—आइए, हम लोग बड़ी देर से आपकी प्रतीक्षा कर रहे हैं। मां का दर्द तो बहुत बढ़ गया है। ___ माधुरी के पास ही बैठते हुए अनवरी ने—बीबी, तुमको देखने के लिए जी ललचाया रहता है, मां को तो देगी ही कहकर उसके हाथों को दबा दिया। माधुरी ने झेंपकर कहा-आहा तुम तो मेम और साहब दोनों ही हो न? अच्छा, यह तो बताओ, तुम्हारे ठहरने का क्या प्रबंध करूं? आज रात को तो मोटर से शहर लौट जाने न दूंगी। अभी मां पूजा कर रही हैं, एक घंटे में खाली होगी, फिर घंटों उनको देखने में लग जाएगा। बजेगा दो और जाना है तीस मील! आज रात को तुमको रहना ही होगा। . अनवरी ने मुस्कुराते हुए कहा—सो तो बीबी, तुम्हारी भाभी ने मुझे न्योता ही दिया माधुरी क्षण-भर के लिए चुप हो गई। फिर बोली—अनवरी, ऐसी दिल्लगी न करो, यह बात मुझे ही नहीं, घर भर को खटक रही है। लेकिन भाई साहब तो कहते हैं कि वह हमारी दोस्त है! हां—बीबी, दोस्ती नहीं तो क्या दुश्मनी से कोई इतना बड़ा... माधुरी ने भीतर के कमरे की ओर देखते हुए उसके मुंह पर हाथ रख दिया, और धीरेधीरे कहने लगी—प्यारी अनवरी! क्या इस चुडैल से छुटकारा पाने का कोई उपाय नहीं? हम लोग क्या करें? कोई बस नहीं चलता। धीरे-धीरे सब हो जाएगा। लेकिन तुम्हें बुरा न लगे, तो मैं एक बात पूछ लूं। क्या? कुंवर साहब इससे ब्याह कर लें, तो तुम्हारा क्या? ऐसा न कहो अनवरी! तुम्हारी मां तो फिर तुमको ही... उंह तुम क्या बक रही हो! अच्छा तो मैं कुछ दिन यहां रहूं तो... तो रहो न मेरी रानी।",135,multi_turn_paragraph,"अनवरी, ऐसी दिल्लगी न करो, यह बात मुझे ही नहीं, घर भर को खटक रही है। लेकिन भाई साहब तो",बोली,,3133,3218,high,
TITLI-CAND-000073,1.4,titli_04.html,"इन्द्रदेव की माता श्यामदुलारी पुराने अभिजात - कुल की विधवा हैं । प्राय : बीमार रहा  करती हैं । किंतु मुख -मंडल पर गर्व की दीप्ति , आज्ञा देने की तत्परता और छिपी हुई सरल  दया भी अंकित है ? वह सरकार हैं । उनके आस -पास अनावश्यक गृहस्थी के नाम पर जुटाई  गई अगणित सामग्री का बिखरा रहना आवश्यक है। आठ से कम दासियों से उनका काम  चल ही नहीं सकता । दो पुजारी और ठाकुरजी का संभार अलग । इन सबके आज्ञा- पालन के  लिए कहारों का पूरा दल । बहंगी पर गंगाजल और भोजन का सामान ढोते हुए कहारों का  आना -जाना श्यामदुलारी की आंखें सदैव देखना चाहती थीं ।  बेटा विलायत से लौट आया है । एक दिन उनसे मिलकर उनकी चरण - रज लेकर वह  छावनी में चला आया और यहीं रहने लगा ।  लोग कहते हैं कि इन्द्रदेव के कानों में जब यह समाचार किसी मतलब से पहुंचा दिया  गया कि चरण छूकर आपके चले आने पर माताजी ने फिर से स्नान किया , तो फिर वह  मकान पर न ठहर सके ।  किंतु श्यामदुलारी की प्रकृति ही ऐसी है। उसने ऐसा किया हो , तो कोई आश्चर्य नहीं ।  तब भी श्यामदुलारी को तो यही विश्वास दिलाया गया कि — साथ में मेम नहीं आई है!  श्यामदुलारी अपने बेटे को संभालना चाहती थीं । बेटी माधुरी से पूछकर यही निश्चित  हुआ कि सब लोग छावनी पर ही कुछ दिन चलकर रहें । वहीं इन्द्रदेव को सुधार लिया  जाएगा ।  माधुरी घर की प्रबंधकी है। वह दक्ष, चिड़चिड़े स्वभाव की सुंदरी युवती है। माता  श्यामदुलारी भी उसके अनुशासन को मानती हैं और भीतर - ही - भीतर दबती भी हैं ।  माधुरी का पति उसकी खोज - खबर नहीं लेता । उसे लेने की आवश्यकता ही क्या ?  माधुरी धनी घर की लाड़ली बेटी है। इसलिए बाबू श्यामलाल को इस अवसर से लाभ  उठाने की पूरी सुविधा है।  श्यामदुलारी, बेटी और दामाद दोनों को प्रसन्न रखने की चेष्टा में लगी रहती हैं । बहत  बुलाने पर कभी साल- भर में बाबू श्यामलाल कलकत्ता से दो -तीन दिन के लिए चले आते  हैं । उनका व्यवसाय न नष्ट हो जाए, इसलिए जल्द चले जाते हैं — अर्थात् रेस की टीप ,  बगीचों के जुए, स्टीमरों की पार्टियां और भी कितने ही ऐसे काम हैं , जिनमें चूक जाने से  बड़ी हानि उठाने की संभावना है ।  माधुरी शासन करने की क्षमता रखती है । भाई इन्द्रदेव पढ़ते थे; इसलिए माता की  रुग्णावस्था में घर - गृहस्थी का बोझ दूसरा कौन संभालता ?  ___ माधुरी की अभिभावकता में माता श्यामदुलारी सोती हैं सपना देखती हैं । इसलिए  माधुरी भी साथ ही आई हैं । चौकी पर मोटे - से गद्दे पर तकिया सहारे बैठी वह कुछ हिसाब  देख रही थी । पेट्रोल -लैंप के तीव्र प्रकाश में उसकी उठी हुई नाक की छाया दीवार पर बहुत  लंबी- सी दिखाई पड़ती है।  मलिया बड़ी नटखट छोकरी है। वह पान का डिब्बा लिये हुए, उस छाया को देखकर,  जोर से हंसना चाहती है; पर माधुरी के डर से अपने होठों को दांत से दबाए चुपचाप खड़ी  है । मिस अनवरी की छाया से वह चौंक उठी । उसने चुलबुलेपन से कहा — मेम साहब ,  सलाम ! माधुरी ने सिर उठाकर देखा और कहा—आइए, हम लोग बड़ी देर से आपकी प्रतीक्षा कर रहे हैं। मां का दर्द तो बहुत बढ़ गया है। ___ माधुरी के पास ही बैठते हुए अनवरी ने—बीबी, तुमको देखने के लिए जी ललचाया रहता है, मां को तो देगी ही कहकर उसके हाथों को दबा दिया। माधुरी ने झेंपकर कहा-आहा तुम तो मेम और साहब दोनों ही हो न? अच्छा, यह तो बताओ, तुम्हारे ठहरने का क्या प्रबंध करूं? आज रात को तो मोटर से शहर लौट जाने न दूंगी। अभी मां पूजा कर रही हैं, एक घंटे में खाली होगी, फिर घंटों उनको देखने में लग जाएगा। बजेगा दो और जाना है तीस मील! आज रात को तुमको रहना ही होगा। . अनवरी ने मुस्कुराते हुए कहा—सो तो बीबी, तुम्हारी भाभी ने मुझे न्योता ही दिया माधुरी क्षण-भर के लिए चुप हो गई। फिर बोली—अनवरी, ऐसी दिल्लगी न करो, यह बात मुझे ही नहीं, घर भर को खटक रही है। लेकिन भाई साहब तो कहते हैं कि वह हमारी दोस्त है! हां—बीबी, दोस्ती नहीं तो क्या दुश्मनी से कोई इतना बड़ा... माधुरी ने भीतर के कमरे की ओर देखते हुए उसके मुंह पर हाथ रख दिया, और धीरेधीरे कहने लगी—प्यारी अनवरी! क्या इस चुडैल से छुटकारा पाने का कोई उपाय नहीं? हम लोग क्या करें? कोई बस नहीं चलता। धीरे-धीरे सब हो जाएगा। लेकिन तुम्हें बुरा न लगे, तो मैं एक बात पूछ लूं। क्या? कुंवर साहब इससे ब्याह कर लें, तो तुम्हारा क्या? ऐसा न कहो अनवरी! तुम्हारी मां तो फिर तुमको ही... उंह तुम क्या बक रही हो! अच्छा तो मैं कुछ दिन यहां रहूं तो... तो रहो न मेरी रानी।",135,attribution_dash,"प्यारी अनवरी! क्या इस चुडैल से छुटकारा पाने का कोई उपाय नहीं? हम लोग क्या करें? कोई बस नहीं चलता। धीरे-धीरे सब हो जाएगा। लेकिन तुम्हें बुरा न लगे, तो मैं एक बात पूछ लूं। क्या? कुंवर साहब इससे ब्याह कर लें, तो तुम्हारा क्या? ऐसा न कहो अनवरी! तुम्हारी मां तो फिर तुमको ही... उंह तुम क्या बक रही हो! अच्छा तो मैं कुछ दिन यहां रहूं तो... तो रहो न मेरी रानी।",कहने लगी,,3394,3747,high,
TITLI-CAND-000074,1.5,titli_05.html,"हाथ-मुंह धोकर मुलायम तौलिए से हाथ पोंछती हुई अनवरी बड़े-से दर्पण के सामने खड़ी थी। शैला अपने सोफा पर बैठी हुई रेशमी रूमाल पर कोई नाम कसीदे से काढ़ रही थी। अनवरी सहसा चंचलता से पास जाकर उन अक्षरों को पढ़ने लगी। शैला ने अपनी भोली आंखों को एक बार ऊपर उठाया, सामने से सूर्योदय की पीली किरणों ने उन्हें धक्का दिया, वे फिर नीचे झुक गईं। अनवरी ने कहा—मिस शैला! क्या कुंवर साहब का नाम है? जी—नीचा सिर किए हुए शैला ने कहा। क्या आप रोज सवेरे एक रूमाल उनको देती हैं? यह तो अच्छी बोहनी है!—कहकर ________________",136,multi_turn_paragraph,मिस शैला! क्या कुंवर साहब का नाम है? जी—नीचा सिर किए हुए,अनवरी ने कहा,अनवरी,344,400,high,
TITLI-CAND-000075,1.5,titli_05.html,"अनवरी खिलखिला उठी। शैला को उसकी यह हंसी अच्छी न लगी। रात-भर उसे अच्छी नींद भी न आई थी। इन्द्रदेव ने अपनी माता से उसे मिलाने की जो उत्सुकता नहीं दिखलाई, उल्टे एक ढिलाई का आभास दिया, वही उसे खटक रहा था। अनवरी ने हंसी करके उसको चौंकाना चाहा; किंतु उसके हृदय में जैसे हंसने की सामग्री न थी? इन्द्रदेव ने कमरे के भीतर प्रवेश करते हुए कहा—शैला! आज तुम टहलने नहीं जा सकी? मुझे तो आज किसानों की बातों से छुट्टी न मिलेगी। दिन भी चढ़ रहा है। क्यों न मिस अनवरी को साथ लेकर घूम आओ! अनवरी ने ठाट से उठकर कहा—आदाबअर्ज है कुंवर साहब! बड़ी खुशी से! चलिए न! आज कुंवर साहब का काम मैं ही करूंगी शैला इस प्रगल्भता से ऊपर न उठ सकी। इन्द्रदेव और अनवरी को आत्म-समर्पण करते हुए उसने कहा—अच्छी बात है, चलिए। इन्द्रदेव बाहर चले गए। खेतों में अंकुरों की हरियाली फैली पड़ी थी। चौखूटे, तिकोने, और भी कितने आकारों के टुकड़े, मिट्टी की पेड़ों से अलगाए हुए, चारों ओर समतल में फैले थे। बीच-बीच में आम, नीम और महुए के दो-एक पेड़ जैसे उनकी रखवाली के लिए खड़े थे। मिट्टी की संकरी पगडंडी पर आगे शैला और पीछे-पीछे अनवरी चल रही थीं। दोनों चुपचाप पैर रखती हुई चली जा रही थीं। पगडंडी से थोड़ी दूर पर एक झोपड़ी थी, जिस पर लौकी और कुंभडे की लतर चढ़ी थी। उसमें से कुछ बात करने का शब्द सुनाई पड़ रहा था। शैला उसी ओर मुड़ी। वह झोंपड़ी के पास जाकर खड़ी हो गई। उसने देखा, देखा, मधुवा अपनी टूटी खाट पर बैठा हुआ बंजो से कुछ कह रहा है। बंजो ने उत्तर में कहा—तब क्या करोगे मधुबन! अभी एक पानी चाहिए। तुम्हारा आलू सोराकर ऐसा ही रह जाएगा? ढाई रुपए के बिना! महंगू महतो उधार हल नहीं देंगे? मटर भी सूख जाएगी। ___अरे आज मैं मधुबन कहां से बन गया रे बंजो पीट दूंगा जो मुझे मधुवा न कहेगी। मैं तुझे तितली कहकर न पुकारूंगा। सुना न? हल उधार नहीं मिलेगा, महतो ने साफ-साफ कह दिया है। दस विस्से मटर और दस बिस्से आलू के लिए खेत मैंने अपनी जोत में रखकर बाकी दो बीघे जौ-गेहं बोने के लिए उसे साझे में दे दिया है। यह भी खेत नहीं मिला, इसी की उसे चिढ़ है। कहता है कि अभी मेरा हल खाली नहीं है। __ तब तुमने इस एक बीघे को भी क्यों नहीं दे दिया! __मैंने सोचा कि शहर तो मैं जाया की करता हूं। नया आलू और मटर वहां अच्छे दामों पर बेचकर कुछ पैसे भी लूंगा; और बंजो जाड़े में इस झोपड़ी में बैठे-बैठे रात को उन्हें भूनकर खाने में कम सुख तो नहीं! अभी एक कंबल लेना जरूरी है। तो बापू से कहते क्यों नहीं? वह तुम्हें ढाई रुपया दे देंगे। उनसे कुछ मांगा, तो यही समझेंगे कि मधुवा मेरा कुछ काम कर देता है, उसी की मजूरी चाहता है। मुझे जो पढ़ाते हैं, उसकी गुरु-दक्षिणा मैं उन्हें क्या देता हूं? तितली! जो भगवान करेंगे, वही अच्छा होगा। अच्छा तो मधुबन! जाती हूं। अभी बापू छावनी से लौटकर नहीं आए। जी घबराता ________________",137,multi_turn_paragraph,शैला! आज तुम टहलने नहीं जा सकी? मुझे तो आज किसानों की बातों से छुट्टी न मिलेगी। दिन भी चढ़ रहा है। क्यों न मिस अनवरी को साथ लेकर घूम आओ!,कहा,,333,469,high,
TITLI-CAND-000076,1.5,titli_05.html,"अनवरी खिलखिला उठी। शैला को उसकी यह हंसी अच्छी न लगी। रात-भर उसे अच्छी नींद भी न आई थी। इन्द्रदेव ने अपनी माता से उसे मिलाने की जो उत्सुकता नहीं दिखलाई, उल्टे एक ढिलाई का आभास दिया, वही उसे खटक रहा था। अनवरी ने हंसी करके उसको चौंकाना चाहा; किंतु उसके हृदय में जैसे हंसने की सामग्री न थी? इन्द्रदेव ने कमरे के भीतर प्रवेश करते हुए कहा—शैला! आज तुम टहलने नहीं जा सकी? मुझे तो आज किसानों की बातों से छुट्टी न मिलेगी। दिन भी चढ़ रहा है। क्यों न मिस अनवरी को साथ लेकर घूम आओ! अनवरी ने ठाट से उठकर कहा—आदाबअर्ज है कुंवर साहब! बड़ी खुशी से! चलिए न! आज कुंवर साहब का काम मैं ही करूंगी शैला इस प्रगल्भता से ऊपर न उठ सकी। इन्द्रदेव और अनवरी को आत्म-समर्पण करते हुए उसने कहा—अच्छी बात है, चलिए। इन्द्रदेव बाहर चले गए। खेतों में अंकुरों की हरियाली फैली पड़ी थी। चौखूटे, तिकोने, और भी कितने आकारों के टुकड़े, मिट्टी की पेड़ों से अलगाए हुए, चारों ओर समतल में फैले थे। बीच-बीच में आम, नीम और महुए के दो-एक पेड़ जैसे उनकी रखवाली के लिए खड़े थे। मिट्टी की संकरी पगडंडी पर आगे शैला और पीछे-पीछे अनवरी चल रही थीं। दोनों चुपचाप पैर रखती हुई चली जा रही थीं। पगडंडी से थोड़ी दूर पर एक झोपड़ी थी, जिस पर लौकी और कुंभडे की लतर चढ़ी थी। उसमें से कुछ बात करने का शब्द सुनाई पड़ रहा था। शैला उसी ओर मुड़ी। वह झोंपड़ी के पास जाकर खड़ी हो गई। उसने देखा, देखा, मधुवा अपनी टूटी खाट पर बैठा हुआ बंजो से कुछ कह रहा है। बंजो ने उत्तर में कहा—तब क्या करोगे मधुबन! अभी एक पानी चाहिए। तुम्हारा आलू सोराकर ऐसा ही रह जाएगा? ढाई रुपए के बिना! महंगू महतो उधार हल नहीं देंगे? मटर भी सूख जाएगी। ___अरे आज मैं मधुबन कहां से बन गया रे बंजो पीट दूंगा जो मुझे मधुवा न कहेगी। मैं तुझे तितली कहकर न पुकारूंगा। सुना न? हल उधार नहीं मिलेगा, महतो ने साफ-साफ कह दिया है। दस विस्से मटर और दस बिस्से आलू के लिए खेत मैंने अपनी जोत में रखकर बाकी दो बीघे जौ-गेहं बोने के लिए उसे साझे में दे दिया है। यह भी खेत नहीं मिला, इसी की उसे चिढ़ है। कहता है कि अभी मेरा हल खाली नहीं है। __ तब तुमने इस एक बीघे को भी क्यों नहीं दे दिया! __मैंने सोचा कि शहर तो मैं जाया की करता हूं। नया आलू और मटर वहां अच्छे दामों पर बेचकर कुछ पैसे भी लूंगा; और बंजो जाड़े में इस झोपड़ी में बैठे-बैठे रात को उन्हें भूनकर खाने में कम सुख तो नहीं! अभी एक कंबल लेना जरूरी है। तो बापू से कहते क्यों नहीं? वह तुम्हें ढाई रुपया दे देंगे। उनसे कुछ मांगा, तो यही समझेंगे कि मधुवा मेरा कुछ काम कर देता है, उसी की मजूरी चाहता है। मुझे जो पढ़ाते हैं, उसकी गुरु-दक्षिणा मैं उन्हें क्या देता हूं? तितली! जो भगवान करेंगे, वही अच्छा होगा। अच्छा तो मधुबन! जाती हूं। अभी बापू छावनी से लौटकर नहीं आए। जी घबराता ________________",137,multi_turn_paragraph,आदाबअर्ज है कुंवर साहब! बड़ी खुशी से! चलिए न! आज कुंवर साहब का काम मैं ही करूंगी शैला इस प्रगल्भता से ऊपर न उठ सकी। इन्द्रदेव और अनवरी को आत्म-समर्पण करते हुए उसने,अनवरी ने ठाट से उठकर कहा,अनवरी,495,658,high,
TITLI-CAND-000077,1.5,titli_05.html,"अनवरी खिलखिला उठी। शैला को उसकी यह हंसी अच्छी न लगी। रात-भर उसे अच्छी नींद भी न आई थी। इन्द्रदेव ने अपनी माता से उसे मिलाने की जो उत्सुकता नहीं दिखलाई, उल्टे एक ढिलाई का आभास दिया, वही उसे खटक रहा था। अनवरी ने हंसी करके उसको चौंकाना चाहा; किंतु उसके हृदय में जैसे हंसने की सामग्री न थी? इन्द्रदेव ने कमरे के भीतर प्रवेश करते हुए कहा—शैला! आज तुम टहलने नहीं जा सकी? मुझे तो आज किसानों की बातों से छुट्टी न मिलेगी। दिन भी चढ़ रहा है। क्यों न मिस अनवरी को साथ लेकर घूम आओ! अनवरी ने ठाट से उठकर कहा—आदाबअर्ज है कुंवर साहब! बड़ी खुशी से! चलिए न! आज कुंवर साहब का काम मैं ही करूंगी शैला इस प्रगल्भता से ऊपर न उठ सकी। इन्द्रदेव और अनवरी को आत्म-समर्पण करते हुए उसने कहा—अच्छी बात है, चलिए। इन्द्रदेव बाहर चले गए। खेतों में अंकुरों की हरियाली फैली पड़ी थी। चौखूटे, तिकोने, और भी कितने आकारों के टुकड़े, मिट्टी की पेड़ों से अलगाए हुए, चारों ओर समतल में फैले थे। बीच-बीच में आम, नीम और महुए के दो-एक पेड़ जैसे उनकी रखवाली के लिए खड़े थे। मिट्टी की संकरी पगडंडी पर आगे शैला और पीछे-पीछे अनवरी चल रही थीं। दोनों चुपचाप पैर रखती हुई चली जा रही थीं। पगडंडी से थोड़ी दूर पर एक झोपड़ी थी, जिस पर लौकी और कुंभडे की लतर चढ़ी थी। उसमें से कुछ बात करने का शब्द सुनाई पड़ रहा था। शैला उसी ओर मुड़ी। वह झोंपड़ी के पास जाकर खड़ी हो गई। उसने देखा, देखा, मधुवा अपनी टूटी खाट पर बैठा हुआ बंजो से कुछ कह रहा है। बंजो ने उत्तर में कहा—तब क्या करोगे मधुबन! अभी एक पानी चाहिए। तुम्हारा आलू सोराकर ऐसा ही रह जाएगा? ढाई रुपए के बिना! महंगू महतो उधार हल नहीं देंगे? मटर भी सूख जाएगी। ___अरे आज मैं मधुबन कहां से बन गया रे बंजो पीट दूंगा जो मुझे मधुवा न कहेगी। मैं तुझे तितली कहकर न पुकारूंगा। सुना न? हल उधार नहीं मिलेगा, महतो ने साफ-साफ कह दिया है। दस विस्से मटर और दस बिस्से आलू के लिए खेत मैंने अपनी जोत में रखकर बाकी दो बीघे जौ-गेहं बोने के लिए उसे साझे में दे दिया है। यह भी खेत नहीं मिला, इसी की उसे चिढ़ है। कहता है कि अभी मेरा हल खाली नहीं है। __ तब तुमने इस एक बीघे को भी क्यों नहीं दे दिया! __मैंने सोचा कि शहर तो मैं जाया की करता हूं। नया आलू और मटर वहां अच्छे दामों पर बेचकर कुछ पैसे भी लूंगा; और बंजो जाड़े में इस झोपड़ी में बैठे-बैठे रात को उन्हें भूनकर खाने में कम सुख तो नहीं! अभी एक कंबल लेना जरूरी है। तो बापू से कहते क्यों नहीं? वह तुम्हें ढाई रुपया दे देंगे। उनसे कुछ मांगा, तो यही समझेंगे कि मधुवा मेरा कुछ काम कर देता है, उसी की मजूरी चाहता है। मुझे जो पढ़ाते हैं, उसकी गुरु-दक्षिणा मैं उन्हें क्या देता हूं? तितली! जो भगवान करेंगे, वही अच्छा होगा। अच्छा तो मधुबन! जाती हूं। अभी बापू छावनी से लौटकर नहीं आए। जी घबराता ________________",137,multi_turn_paragraph,"अच्छी बात है, चलिए।",कहा,,663,682,high,stopped before a recognizable narrative continuation; review boundary
TITLI-CAND-000078,1.5,titli_05.html,"अनवरी खिलखिला उठी। शैला को उसकी यह हंसी अच्छी न लगी। रात-भर उसे अच्छी नींद भी न आई थी। इन्द्रदेव ने अपनी माता से उसे मिलाने की जो उत्सुकता नहीं दिखलाई, उल्टे एक ढिलाई का आभास दिया, वही उसे खटक रहा था। अनवरी ने हंसी करके उसको चौंकाना चाहा; किंतु उसके हृदय में जैसे हंसने की सामग्री न थी? इन्द्रदेव ने कमरे के भीतर प्रवेश करते हुए कहा—शैला! आज तुम टहलने नहीं जा सकी? मुझे तो आज किसानों की बातों से छुट्टी न मिलेगी। दिन भी चढ़ रहा है। क्यों न मिस अनवरी को साथ लेकर घूम आओ! अनवरी ने ठाट से उठकर कहा—आदाबअर्ज है कुंवर साहब! बड़ी खुशी से! चलिए न! आज कुंवर साहब का काम मैं ही करूंगी शैला इस प्रगल्भता से ऊपर न उठ सकी। इन्द्रदेव और अनवरी को आत्म-समर्पण करते हुए उसने कहा—अच्छी बात है, चलिए। इन्द्रदेव बाहर चले गए। खेतों में अंकुरों की हरियाली फैली पड़ी थी। चौखूटे, तिकोने, और भी कितने आकारों के टुकड़े, मिट्टी की पेड़ों से अलगाए हुए, चारों ओर समतल में फैले थे। बीच-बीच में आम, नीम और महुए के दो-एक पेड़ जैसे उनकी रखवाली के लिए खड़े थे। मिट्टी की संकरी पगडंडी पर आगे शैला और पीछे-पीछे अनवरी चल रही थीं। दोनों चुपचाप पैर रखती हुई चली जा रही थीं। पगडंडी से थोड़ी दूर पर एक झोपड़ी थी, जिस पर लौकी और कुंभडे की लतर चढ़ी थी। उसमें से कुछ बात करने का शब्द सुनाई पड़ रहा था। शैला उसी ओर मुड़ी। वह झोंपड़ी के पास जाकर खड़ी हो गई। उसने देखा, देखा, मधुवा अपनी टूटी खाट पर बैठा हुआ बंजो से कुछ कह रहा है। बंजो ने उत्तर में कहा—तब क्या करोगे मधुबन! अभी एक पानी चाहिए। तुम्हारा आलू सोराकर ऐसा ही रह जाएगा? ढाई रुपए के बिना! महंगू महतो उधार हल नहीं देंगे? मटर भी सूख जाएगी। ___अरे आज मैं मधुबन कहां से बन गया रे बंजो पीट दूंगा जो मुझे मधुवा न कहेगी। मैं तुझे तितली कहकर न पुकारूंगा। सुना न? हल उधार नहीं मिलेगा, महतो ने साफ-साफ कह दिया है। दस विस्से मटर और दस बिस्से आलू के लिए खेत मैंने अपनी जोत में रखकर बाकी दो बीघे जौ-गेहं बोने के लिए उसे साझे में दे दिया है। यह भी खेत नहीं मिला, इसी की उसे चिढ़ है। कहता है कि अभी मेरा हल खाली नहीं है। __ तब तुमने इस एक बीघे को भी क्यों नहीं दे दिया! __मैंने सोचा कि शहर तो मैं जाया की करता हूं। नया आलू और मटर वहां अच्छे दामों पर बेचकर कुछ पैसे भी लूंगा; और बंजो जाड़े में इस झोपड़ी में बैठे-बैठे रात को उन्हें भूनकर खाने में कम सुख तो नहीं! अभी एक कंबल लेना जरूरी है। तो बापू से कहते क्यों नहीं? वह तुम्हें ढाई रुपया दे देंगे। उनसे कुछ मांगा, तो यही समझेंगे कि मधुवा मेरा कुछ काम कर देता है, उसी की मजूरी चाहता है। मुझे जो पढ़ाते हैं, उसकी गुरु-दक्षिणा मैं उन्हें क्या देता हूं? तितली! जो भगवान करेंगे, वही अच्छा होगा। अच्छा तो मधुबन! जाती हूं। अभी बापू छावनी से लौटकर नहीं आए। जी घबराता ________________",137,multi_turn_paragraph,तब क्या करोगे मधुबन! अभी एक पानी चाहिए। तुम्हारा आलू सोराकर ऐसा ही रह जाएगा? ढाई रुपए के बिना! महंगू महतो उधार हल नहीं देंगे? मटर भी सूख जाएगी। ___अरे आज मैं मधुबन कहां से बन गया रे बंजो पीट दूंगा जो मुझे मधुवा न,बंजो ने उत्तर में कहा,बंजो,1307,1519,high,
TITLI-CAND-000079,1.5,titli_05.html,"यह कहकर जब वह लौटने लगी, तो मधुबन ने कहा-अच्छा, फिर आज से मैं रहा मधुबन और तुम तितली। यही न? दोनों की आंखें आंखें एक क्षण के लिए मिली—स्नेहपूर्ण आदान-प्रदान करने के लिए। मधुबन उठ खड़ा हुआ, तितली बाहर चली आई। उसने देखा, शैला और अनवरी चुपचाप खड़ी हैं! वह सकुचा गई। शैला ने सहज मुस्कुराहट से कहा—तब तुम्हारा नाम तितली हे क्यों? हां-कहकर तितली ने सिर झुका लिया। आज जैसे उसे अकेले में मधुबन से बातें करते हुए समग्र संसार ने देखकर व्यंग्य से हंस दिया हो। वह संकोच में गड़ी जा रही थी। शैला ने उसकी ठोढ़ी उठाकर कहा—लो, यह पांच रुपए तुम्हारे उस दिन की मजूरी के हैं। मैं, में न लगी। बाप बिगड़ेंगे। वह चंचल हो उठी। किंतु शैला कब मानने वाली थी। उसने कहा—देखो, इसमें ढाई रुपए तो मधुबन को दे दो, वह अपना खेत सींच ले और बाकी अपने पास रख लो। फिर कभी काम देगा। अब मधुबन भी निकल आया था। वह विचार-विमूढ था, क्या कहे! तब तक तितली को रुपया न लेते देखकर शैला ने मधुबन के हाथ में रुपया रख दिया, और कहा—बाकी रुपया जब तितली मांगे तो दे देना। समझा न? मैं तुम लोगों को छावनी पर बुलाऊं, तो चले आना। ___ दोनों चुप थे। अनवरी अब तक चुप थी; किंतु उसके हृदय ने इस सौहार्द को अधिक सहने से अस्वीकार कर दिया। उसने कहा—हो चुका, चलिए भी। धूप निकल आई है। शैला अनवरी के साथ घूम पड़ी। उसके हृदय में एक उल्लास था। जैसे कोई धार्मिक मनुष्य अपना प्रातः-कृत्य समाप्त कर चुका हो। दोनों धीरे-धीरे ग्राम-पथ पर चलने लगीं। अनवरी ने धीरे-से प्रसगं छेड़ दिया मिस शैला! आपको इन देहाती लोगों से बातचीत करने में बड़ा सुख मिलता है। मिस अनवरी! सुख! अरे मुझे तो इनके पास जीवन का सच्चा स्वरूप मिलता है, जिसमें ठोस मेहनत, अटूट विश्वास और संतोष से भरी शांति हंसती-खेलती है। लंदन की भीड़ से दबी हुई मनुष्यता में मैं ऊब उठी थी, और सबसे बड़ी बात तो यह है कि मैं दुख भी उठा चुकी हूं। दुखी के साथ दुखी की सहानुभूति होना स्वाभाविक है। आपको यदि इस जीवन में सुख-ही-सुख मिला है तो... नहीं-नहीं, हम लोगों को सुख-दुख जीवन से अलग होकर कभी दिखाई नहीं पड़ा। रुपयों की कमी ने मुझे पढ़ाया और मैं नर्स का काम करने लगी। जब अस्पताल का काम छोड़कर अपनी डॉक्टरी का धंधा मैंने फैलाया, तो मुझे रुपयों की कमी न रही। पर मुझे तो यही समझ पड़ता है कि मेहनत-मजूरी करते हुए अपने दिन बिता लेना, किसी के गले पड़ने से अच्छा है। ___ अनवरी यह कहते हुए शैला की ओर गहरी दृष्टि से देखने लगी। वह उसकी बगल में आ गई थी। सीधा व्यंग्य न खल जाए इसलिए उसने और भी कहा हम मसलमानों को तो मालिक की मर्जी पर अपने को छोड़ देना पड़ता है, फिर सुख-दुख की अलग-अलग परख ________________",138,multi_turn_paragraph,"अच्छा, फिर आज से मैं रहा मधुबन और तुम तितली। यही न?",मधुबन ने कहा,मधुबन,41,92,high,stopped before a recognizable narrative continuation; review boundary
TITLI-CAND-000080,1.5,titli_05.html,"यह कहकर जब वह लौटने लगी, तो मधुबन ने कहा-अच्छा, फिर आज से मैं रहा मधुबन और तुम तितली। यही न? दोनों की आंखें आंखें एक क्षण के लिए मिली—स्नेहपूर्ण आदान-प्रदान करने के लिए। मधुबन उठ खड़ा हुआ, तितली बाहर चली आई। उसने देखा, शैला और अनवरी चुपचाप खड़ी हैं! वह सकुचा गई। शैला ने सहज मुस्कुराहट से कहा—तब तुम्हारा नाम तितली हे क्यों? हां-कहकर तितली ने सिर झुका लिया। आज जैसे उसे अकेले में मधुबन से बातें करते हुए समग्र संसार ने देखकर व्यंग्य से हंस दिया हो। वह संकोच में गड़ी जा रही थी। शैला ने उसकी ठोढ़ी उठाकर कहा—लो, यह पांच रुपए तुम्हारे उस दिन की मजूरी के हैं। मैं, में न लगी। बाप बिगड़ेंगे। वह चंचल हो उठी। किंतु शैला कब मानने वाली थी। उसने कहा—देखो, इसमें ढाई रुपए तो मधुबन को दे दो, वह अपना खेत सींच ले और बाकी अपने पास रख लो। फिर कभी काम देगा। अब मधुबन भी निकल आया था। वह विचार-विमूढ था, क्या कहे! तब तक तितली को रुपया न लेते देखकर शैला ने मधुबन के हाथ में रुपया रख दिया, और कहा—बाकी रुपया जब तितली मांगे तो दे देना। समझा न? मैं तुम लोगों को छावनी पर बुलाऊं, तो चले आना। ___ दोनों चुप थे। अनवरी अब तक चुप थी; किंतु उसके हृदय ने इस सौहार्द को अधिक सहने से अस्वीकार कर दिया। उसने कहा—हो चुका, चलिए भी। धूप निकल आई है। शैला अनवरी के साथ घूम पड़ी। उसके हृदय में एक उल्लास था। जैसे कोई धार्मिक मनुष्य अपना प्रातः-कृत्य समाप्त कर चुका हो। दोनों धीरे-धीरे ग्राम-पथ पर चलने लगीं। अनवरी ने धीरे-से प्रसगं छेड़ दिया मिस शैला! आपको इन देहाती लोगों से बातचीत करने में बड़ा सुख मिलता है। मिस अनवरी! सुख! अरे मुझे तो इनके पास जीवन का सच्चा स्वरूप मिलता है, जिसमें ठोस मेहनत, अटूट विश्वास और संतोष से भरी शांति हंसती-खेलती है। लंदन की भीड़ से दबी हुई मनुष्यता में मैं ऊब उठी थी, और सबसे बड़ी बात तो यह है कि मैं दुख भी उठा चुकी हूं। दुखी के साथ दुखी की सहानुभूति होना स्वाभाविक है। आपको यदि इस जीवन में सुख-ही-सुख मिला है तो... नहीं-नहीं, हम लोगों को सुख-दुख जीवन से अलग होकर कभी दिखाई नहीं पड़ा। रुपयों की कमी ने मुझे पढ़ाया और मैं नर्स का काम करने लगी। जब अस्पताल का काम छोड़कर अपनी डॉक्टरी का धंधा मैंने फैलाया, तो मुझे रुपयों की कमी न रही। पर मुझे तो यही समझ पड़ता है कि मेहनत-मजूरी करते हुए अपने दिन बिता लेना, किसी के गले पड़ने से अच्छा है। ___ अनवरी यह कहते हुए शैला की ओर गहरी दृष्टि से देखने लगी। वह उसकी बगल में आ गई थी। सीधा व्यंग्य न खल जाए इसलिए उसने और भी कहा हम मसलमानों को तो मालिक की मर्जी पर अपने को छोड़ देना पड़ता है, फिर सुख-दुख की अलग-अलग परख ________________",138,multi_turn_paragraph,तब तुम्हारा नाम तितली हे क्यों? हां,शैला ने सहज मुस्कुराहट से कहा,शैला,293,328,high,
TITLI-CAND-000081,1.5,titli_05.html,"यह कहकर जब वह लौटने लगी, तो मधुबन ने कहा-अच्छा, फिर आज से मैं रहा मधुबन और तुम तितली। यही न? दोनों की आंखें आंखें एक क्षण के लिए मिली—स्नेहपूर्ण आदान-प्रदान करने के लिए। मधुबन उठ खड़ा हुआ, तितली बाहर चली आई। उसने देखा, शैला और अनवरी चुपचाप खड़ी हैं! वह सकुचा गई। शैला ने सहज मुस्कुराहट से कहा—तब तुम्हारा नाम तितली हे क्यों? हां-कहकर तितली ने सिर झुका लिया। आज जैसे उसे अकेले में मधुबन से बातें करते हुए समग्र संसार ने देखकर व्यंग्य से हंस दिया हो। वह संकोच में गड़ी जा रही थी। शैला ने उसकी ठोढ़ी उठाकर कहा—लो, यह पांच रुपए तुम्हारे उस दिन की मजूरी के हैं। मैं, में न लगी। बाप बिगड़ेंगे। वह चंचल हो उठी। किंतु शैला कब मानने वाली थी। उसने कहा—देखो, इसमें ढाई रुपए तो मधुबन को दे दो, वह अपना खेत सींच ले और बाकी अपने पास रख लो। फिर कभी काम देगा। अब मधुबन भी निकल आया था। वह विचार-विमूढ था, क्या कहे! तब तक तितली को रुपया न लेते देखकर शैला ने मधुबन के हाथ में रुपया रख दिया, और कहा—बाकी रुपया जब तितली मांगे तो दे देना। समझा न? मैं तुम लोगों को छावनी पर बुलाऊं, तो चले आना। ___ दोनों चुप थे। अनवरी अब तक चुप थी; किंतु उसके हृदय ने इस सौहार्द को अधिक सहने से अस्वीकार कर दिया। उसने कहा—हो चुका, चलिए भी। धूप निकल आई है। शैला अनवरी के साथ घूम पड़ी। उसके हृदय में एक उल्लास था। जैसे कोई धार्मिक मनुष्य अपना प्रातः-कृत्य समाप्त कर चुका हो। दोनों धीरे-धीरे ग्राम-पथ पर चलने लगीं। अनवरी ने धीरे-से प्रसगं छेड़ दिया मिस शैला! आपको इन देहाती लोगों से बातचीत करने में बड़ा सुख मिलता है। मिस अनवरी! सुख! अरे मुझे तो इनके पास जीवन का सच्चा स्वरूप मिलता है, जिसमें ठोस मेहनत, अटूट विश्वास और संतोष से भरी शांति हंसती-खेलती है। लंदन की भीड़ से दबी हुई मनुष्यता में मैं ऊब उठी थी, और सबसे बड़ी बात तो यह है कि मैं दुख भी उठा चुकी हूं। दुखी के साथ दुखी की सहानुभूति होना स्वाभाविक है। आपको यदि इस जीवन में सुख-ही-सुख मिला है तो... नहीं-नहीं, हम लोगों को सुख-दुख जीवन से अलग होकर कभी दिखाई नहीं पड़ा। रुपयों की कमी ने मुझे पढ़ाया और मैं नर्स का काम करने लगी। जब अस्पताल का काम छोड़कर अपनी डॉक्टरी का धंधा मैंने फैलाया, तो मुझे रुपयों की कमी न रही। पर मुझे तो यही समझ पड़ता है कि मेहनत-मजूरी करते हुए अपने दिन बिता लेना, किसी के गले पड़ने से अच्छा है। ___ अनवरी यह कहते हुए शैला की ओर गहरी दृष्टि से देखने लगी। वह उसकी बगल में आ गई थी। सीधा व्यंग्य न खल जाए इसलिए उसने और भी कहा हम मसलमानों को तो मालिक की मर्जी पर अपने को छोड़ देना पड़ता है, फिर सुख-दुख की अलग-अलग परख ________________",138,multi_turn_paragraph,"लो, यह पांच रुपए तुम्हारे उस दिन की मजूरी के हैं। मैं, में न लगी। बाप बिगड़ेंगे। वह चंचल हो उठी। किंतु शैला कब मानने वाली थी। उसने",शैला ने उसकी ठोढ़ी उठाकर कहा,शैला,507,637,high,
TITLI-CAND-000082,1.5,titli_05.html,"यह कहकर जब वह लौटने लगी, तो मधुबन ने कहा-अच्छा, फिर आज से मैं रहा मधुबन और तुम तितली। यही न? दोनों की आंखें आंखें एक क्षण के लिए मिली—स्नेहपूर्ण आदान-प्रदान करने के लिए। मधुबन उठ खड़ा हुआ, तितली बाहर चली आई। उसने देखा, शैला और अनवरी चुपचाप खड़ी हैं! वह सकुचा गई। शैला ने सहज मुस्कुराहट से कहा—तब तुम्हारा नाम तितली हे क्यों? हां-कहकर तितली ने सिर झुका लिया। आज जैसे उसे अकेले में मधुबन से बातें करते हुए समग्र संसार ने देखकर व्यंग्य से हंस दिया हो। वह संकोच में गड़ी जा रही थी। शैला ने उसकी ठोढ़ी उठाकर कहा—लो, यह पांच रुपए तुम्हारे उस दिन की मजूरी के हैं। मैं, में न लगी। बाप बिगड़ेंगे। वह चंचल हो उठी। किंतु शैला कब मानने वाली थी। उसने कहा—देखो, इसमें ढाई रुपए तो मधुबन को दे दो, वह अपना खेत सींच ले और बाकी अपने पास रख लो। फिर कभी काम देगा। अब मधुबन भी निकल आया था। वह विचार-विमूढ था, क्या कहे! तब तक तितली को रुपया न लेते देखकर शैला ने मधुबन के हाथ में रुपया रख दिया, और कहा—बाकी रुपया जब तितली मांगे तो दे देना। समझा न? मैं तुम लोगों को छावनी पर बुलाऊं, तो चले आना। ___ दोनों चुप थे। अनवरी अब तक चुप थी; किंतु उसके हृदय ने इस सौहार्द को अधिक सहने से अस्वीकार कर दिया। उसने कहा—हो चुका, चलिए भी। धूप निकल आई है। शैला अनवरी के साथ घूम पड़ी। उसके हृदय में एक उल्लास था। जैसे कोई धार्मिक मनुष्य अपना प्रातः-कृत्य समाप्त कर चुका हो। दोनों धीरे-धीरे ग्राम-पथ पर चलने लगीं। अनवरी ने धीरे-से प्रसगं छेड़ दिया मिस शैला! आपको इन देहाती लोगों से बातचीत करने में बड़ा सुख मिलता है। मिस अनवरी! सुख! अरे मुझे तो इनके पास जीवन का सच्चा स्वरूप मिलता है, जिसमें ठोस मेहनत, अटूट विश्वास और संतोष से भरी शांति हंसती-खेलती है। लंदन की भीड़ से दबी हुई मनुष्यता में मैं ऊब उठी थी, और सबसे बड़ी बात तो यह है कि मैं दुख भी उठा चुकी हूं। दुखी के साथ दुखी की सहानुभूति होना स्वाभाविक है। आपको यदि इस जीवन में सुख-ही-सुख मिला है तो... नहीं-नहीं, हम लोगों को सुख-दुख जीवन से अलग होकर कभी दिखाई नहीं पड़ा। रुपयों की कमी ने मुझे पढ़ाया और मैं नर्स का काम करने लगी। जब अस्पताल का काम छोड़कर अपनी डॉक्टरी का धंधा मैंने फैलाया, तो मुझे रुपयों की कमी न रही। पर मुझे तो यही समझ पड़ता है कि मेहनत-मजूरी करते हुए अपने दिन बिता लेना, किसी के गले पड़ने से अच्छा है। ___ अनवरी यह कहते हुए शैला की ओर गहरी दृष्टि से देखने लगी। वह उसकी बगल में आ गई थी। सीधा व्यंग्य न खल जाए इसलिए उसने और भी कहा हम मसलमानों को तो मालिक की मर्जी पर अपने को छोड़ देना पड़ता है, फिर सुख-दुख की अलग-अलग परख ________________",138,multi_turn_paragraph,"देखो, इसमें ढाई रुपए तो मधुबन को दे दो, वह अपना खेत सींच ले और बाकी अपने पास रख लो। फिर कभी काम देगा। अब मधुबन भी निकल आया था। वह विचार-विमूढ था, क्या",कहा,,642,792,high,
TITLI-CAND-000083,1.5,titli_05.html,"यह कहकर जब वह लौटने लगी, तो मधुबन ने कहा-अच्छा, फिर आज से मैं रहा मधुबन और तुम तितली। यही न? दोनों की आंखें आंखें एक क्षण के लिए मिली—स्नेहपूर्ण आदान-प्रदान करने के लिए। मधुबन उठ खड़ा हुआ, तितली बाहर चली आई। उसने देखा, शैला और अनवरी चुपचाप खड़ी हैं! वह सकुचा गई। शैला ने सहज मुस्कुराहट से कहा—तब तुम्हारा नाम तितली हे क्यों? हां-कहकर तितली ने सिर झुका लिया। आज जैसे उसे अकेले में मधुबन से बातें करते हुए समग्र संसार ने देखकर व्यंग्य से हंस दिया हो। वह संकोच में गड़ी जा रही थी। शैला ने उसकी ठोढ़ी उठाकर कहा—लो, यह पांच रुपए तुम्हारे उस दिन की मजूरी के हैं। मैं, में न लगी। बाप बिगड़ेंगे। वह चंचल हो उठी। किंतु शैला कब मानने वाली थी। उसने कहा—देखो, इसमें ढाई रुपए तो मधुबन को दे दो, वह अपना खेत सींच ले और बाकी अपने पास रख लो। फिर कभी काम देगा। अब मधुबन भी निकल आया था। वह विचार-विमूढ था, क्या कहे! तब तक तितली को रुपया न लेते देखकर शैला ने मधुबन के हाथ में रुपया रख दिया, और कहा—बाकी रुपया जब तितली मांगे तो दे देना। समझा न? मैं तुम लोगों को छावनी पर बुलाऊं, तो चले आना। ___ दोनों चुप थे। अनवरी अब तक चुप थी; किंतु उसके हृदय ने इस सौहार्द को अधिक सहने से अस्वीकार कर दिया। उसने कहा—हो चुका, चलिए भी। धूप निकल आई है। शैला अनवरी के साथ घूम पड़ी। उसके हृदय में एक उल्लास था। जैसे कोई धार्मिक मनुष्य अपना प्रातः-कृत्य समाप्त कर चुका हो। दोनों धीरे-धीरे ग्राम-पथ पर चलने लगीं। अनवरी ने धीरे-से प्रसगं छेड़ दिया मिस शैला! आपको इन देहाती लोगों से बातचीत करने में बड़ा सुख मिलता है। मिस अनवरी! सुख! अरे मुझे तो इनके पास जीवन का सच्चा स्वरूप मिलता है, जिसमें ठोस मेहनत, अटूट विश्वास और संतोष से भरी शांति हंसती-खेलती है। लंदन की भीड़ से दबी हुई मनुष्यता में मैं ऊब उठी थी, और सबसे बड़ी बात तो यह है कि मैं दुख भी उठा चुकी हूं। दुखी के साथ दुखी की सहानुभूति होना स्वाभाविक है। आपको यदि इस जीवन में सुख-ही-सुख मिला है तो... नहीं-नहीं, हम लोगों को सुख-दुख जीवन से अलग होकर कभी दिखाई नहीं पड़ा। रुपयों की कमी ने मुझे पढ़ाया और मैं नर्स का काम करने लगी। जब अस्पताल का काम छोड़कर अपनी डॉक्टरी का धंधा मैंने फैलाया, तो मुझे रुपयों की कमी न रही। पर मुझे तो यही समझ पड़ता है कि मेहनत-मजूरी करते हुए अपने दिन बिता लेना, किसी के गले पड़ने से अच्छा है। ___ अनवरी यह कहते हुए शैला की ओर गहरी दृष्टि से देखने लगी। वह उसकी बगल में आ गई थी। सीधा व्यंग्य न खल जाए इसलिए उसने और भी कहा हम मसलमानों को तो मालिक की मर्जी पर अपने को छोड़ देना पड़ता है, फिर सुख-दुख की अलग-अलग परख ________________",138,multi_turn_paragraph,"बाकी रुपया जब तितली मांगे तो दे देना। समझा न? मैं तुम लोगों को छावनी पर बुलाऊं, तो चले आना। ___ दोनों चुप थे। अनवरी अब तक चुप थी; किंतु उसके हृदय ने इस सौहार्द को अधिक सहने से अस्वीकार कर दिया। उसने",कहा,,879,1077,high,
TITLI-CAND-000084,1.5,titli_05.html,"यह कहकर जब वह लौटने लगी, तो मधुबन ने कहा-अच्छा, फिर आज से मैं रहा मधुबन और तुम तितली। यही न? दोनों की आंखें आंखें एक क्षण के लिए मिली—स्नेहपूर्ण आदान-प्रदान करने के लिए। मधुबन उठ खड़ा हुआ, तितली बाहर चली आई। उसने देखा, शैला और अनवरी चुपचाप खड़ी हैं! वह सकुचा गई। शैला ने सहज मुस्कुराहट से कहा—तब तुम्हारा नाम तितली हे क्यों? हां-कहकर तितली ने सिर झुका लिया। आज जैसे उसे अकेले में मधुबन से बातें करते हुए समग्र संसार ने देखकर व्यंग्य से हंस दिया हो। वह संकोच में गड़ी जा रही थी। शैला ने उसकी ठोढ़ी उठाकर कहा—लो, यह पांच रुपए तुम्हारे उस दिन की मजूरी के हैं। मैं, में न लगी। बाप बिगड़ेंगे। वह चंचल हो उठी। किंतु शैला कब मानने वाली थी। उसने कहा—देखो, इसमें ढाई रुपए तो मधुबन को दे दो, वह अपना खेत सींच ले और बाकी अपने पास रख लो। फिर कभी काम देगा। अब मधुबन भी निकल आया था। वह विचार-विमूढ था, क्या कहे! तब तक तितली को रुपया न लेते देखकर शैला ने मधुबन के हाथ में रुपया रख दिया, और कहा—बाकी रुपया जब तितली मांगे तो दे देना। समझा न? मैं तुम लोगों को छावनी पर बुलाऊं, तो चले आना। ___ दोनों चुप थे। अनवरी अब तक चुप थी; किंतु उसके हृदय ने इस सौहार्द को अधिक सहने से अस्वीकार कर दिया। उसने कहा—हो चुका, चलिए भी। धूप निकल आई है। शैला अनवरी के साथ घूम पड़ी। उसके हृदय में एक उल्लास था। जैसे कोई धार्मिक मनुष्य अपना प्रातः-कृत्य समाप्त कर चुका हो। दोनों धीरे-धीरे ग्राम-पथ पर चलने लगीं। अनवरी ने धीरे-से प्रसगं छेड़ दिया मिस शैला! आपको इन देहाती लोगों से बातचीत करने में बड़ा सुख मिलता है। मिस अनवरी! सुख! अरे मुझे तो इनके पास जीवन का सच्चा स्वरूप मिलता है, जिसमें ठोस मेहनत, अटूट विश्वास और संतोष से भरी शांति हंसती-खेलती है। लंदन की भीड़ से दबी हुई मनुष्यता में मैं ऊब उठी थी, और सबसे बड़ी बात तो यह है कि मैं दुख भी उठा चुकी हूं। दुखी के साथ दुखी की सहानुभूति होना स्वाभाविक है। आपको यदि इस जीवन में सुख-ही-सुख मिला है तो... नहीं-नहीं, हम लोगों को सुख-दुख जीवन से अलग होकर कभी दिखाई नहीं पड़ा। रुपयों की कमी ने मुझे पढ़ाया और मैं नर्स का काम करने लगी। जब अस्पताल का काम छोड़कर अपनी डॉक्टरी का धंधा मैंने फैलाया, तो मुझे रुपयों की कमी न रही। पर मुझे तो यही समझ पड़ता है कि मेहनत-मजूरी करते हुए अपने दिन बिता लेना, किसी के गले पड़ने से अच्छा है। ___ अनवरी यह कहते हुए शैला की ओर गहरी दृष्टि से देखने लगी। वह उसकी बगल में आ गई थी। सीधा व्यंग्य न खल जाए इसलिए उसने और भी कहा हम मसलमानों को तो मालिक की मर्जी पर अपने को छोड़ देना पड़ता है, फिर सुख-दुख की अलग-अलग परख ________________",138,multi_turn_paragraph,"हो चुका, चलिए भी। धूप निकल आई है।",कहा,,1082,1115,high,stopped before a recognizable narrative continuation; review boundary
TITLI-CAND-000085,1.5,titli_05.html,"करने की किसको पड़ी है। शैला ने जैसे चौंककर कहा तो क्या स्त्रियां अपने लिए कुछ भी नहीं कर सकतीं? उन्हें अपने लिए सोचने का अधिकार भी नहीं है? बहुत करोगी मिस शैला, तो यही कि किसी को अपने काम का बना लोगी। जैसा सब जगह हम लोगों की जाति किया करती है। पर उसमें दुख होगा कि सुख, इसका निपटारा तो वही मालिक कर सकता है। शैला न जाने कितनी बातें सोचती हुई चुप हो गई। वह केवल इस व्यंग्य पर विचार करती हुई चलने लगी। उत्तर देने के लिए उसका मन बेचैन था; पर अनवरी को उत्तर देने में उसे बहुत-सी बातें कहनी पड़ेंगी। वह क्या सब कहने लायक हैं? और यह प्रश्न भी उसके मन में आने लगा कि अनवरी कुछ अभिप्राय रखकर तो बात नहीं कर रही है। उसको भारतीय वायुमंडल का पूरा ज्ञान नहीं था। उसने देखा था केवल इन्द्रदेव को, जिसमें श्रद्धा और स्नेह का ही आभास मिला था। संदेह का विकृत चित्र उसके सामने उपस्थित करके अपने मन में अनवरी क्या सोच रही है, यही धीरे-धीरे विचारती हुई वह छावनी की ओर लौटने लगी। ___ अनवरी ने सौहार्द बढ़ाने के लिए कुछ दूसरा प्रसंग छेड़ना चाहा; किंतु वह सौजन्य के अनुरोध से संक्षिप्त उत्तर मात्र देती हुई छावनी पर पहुंची। अभी इन्द्रदेव का दरबार लगा हआ था। आरामकी पर लेटे हए वह कोई कागज देख रहे थे। एक बड़ी-सी दरी बिछी थी। उस पर कुछ किसान बैठे थे। इन लोगों के जाते ही दो कुर्सियां और आ गईं। पर इन्द्रदेव ने अपने तहसीलदार से कहा—इस पोखरी का झगड़ा बिना पहले का कागज देखे समझ में नहीं आएगा। इसे दूसरे दिन के लिए रखिए। तहसीलदार इन्द्रदेव के बाप के साथ काम कर चुका था। वह इन्द्रदेव से काम लेना चाहता था। उसने कहा—लेकिन दो-एक कागज तो आज ही देख लीजिए, उनकी बेदखली जल्दी होनी चाहिए। __अच्छा, मैं चाय पीकर अभी आता हूं।—कहकर इन्द्रदेव शैला और अनवरी के साथ कमरे में चले गए। बुड्ढे से अब न रहा गया। उसने कहा, तहसीलदार साहब, मैं कल से यहां बैठा हूं। मुझे क्यों तंग किया जा रहा है! तहसीलदार ने चश्मे के भीतर से आंखें तरेरते हुए कहा—रामनाथ हो न? तंग किया जा रहा है! हूं! बैठो अभी। दस बीघे की जोत बिना लगान दिए हड़प किए बैठे हो और कहते हो, मुझे तंग किया जा रहा है। क्या कहा? दस बीघे! अरे तहसीलदार साहब, क्या अब जंगल-परती में भी बैठने न दोगे? और वह तो न जाने कब से कृष्णार्पण लगी हुई बनजरिया है! वही तो बची है, और तो सब आप लोगों के पेट में चला गया। क्या उसे भी छीनना चाहते हो? तहसीलदार चुपचाप उसे घूरने लगा। ___ इन्द्रदेव शैला के साथ बाहर चले आए। अनवरी के लिए देर से माधुरी की भेजी हुई लौंडी खड़ी थी। वह उसके साथ छोटी कोठी में चली गई। इन्द्रदेव ने बुड्ढे को देखकर तहसीलदार को संकेत किया। तहसीलदार अभी बुड्ढे रामनाथ की बात नहीं छेड़ना चाहता था। किंतु इन्द्रदेव के संकेत से उसे कहना ही पड़ा—इसका नाम रामनाथ है। यह ________________",139,multi_turn_paragraph,इस पोखरी का झगड़ा बिना पहले का कागज देखे समझ में नहीं आएगा। इसे दूसरे दिन के लिए रखिए। तहसीलदार इन्द्रदेव के बाप के साथ काम कर चुका था। वह इन्द्रदेव से काम लेना चाहता था। उसने,इन्द्रदेव ने अपने तहसीलदार से कहा,इन्द्रदेव,1206,1381,high,
TITLI-CAND-000086,1.5,titli_05.html,"करने की किसको पड़ी है। शैला ने जैसे चौंककर कहा तो क्या स्त्रियां अपने लिए कुछ भी नहीं कर सकतीं? उन्हें अपने लिए सोचने का अधिकार भी नहीं है? बहुत करोगी मिस शैला, तो यही कि किसी को अपने काम का बना लोगी। जैसा सब जगह हम लोगों की जाति किया करती है। पर उसमें दुख होगा कि सुख, इसका निपटारा तो वही मालिक कर सकता है। शैला न जाने कितनी बातें सोचती हुई चुप हो गई। वह केवल इस व्यंग्य पर विचार करती हुई चलने लगी। उत्तर देने के लिए उसका मन बेचैन था; पर अनवरी को उत्तर देने में उसे बहुत-सी बातें कहनी पड़ेंगी। वह क्या सब कहने लायक हैं? और यह प्रश्न भी उसके मन में आने लगा कि अनवरी कुछ अभिप्राय रखकर तो बात नहीं कर रही है। उसको भारतीय वायुमंडल का पूरा ज्ञान नहीं था। उसने देखा था केवल इन्द्रदेव को, जिसमें श्रद्धा और स्नेह का ही आभास मिला था। संदेह का विकृत चित्र उसके सामने उपस्थित करके अपने मन में अनवरी क्या सोच रही है, यही धीरे-धीरे विचारती हुई वह छावनी की ओर लौटने लगी। ___ अनवरी ने सौहार्द बढ़ाने के लिए कुछ दूसरा प्रसंग छेड़ना चाहा; किंतु वह सौजन्य के अनुरोध से संक्षिप्त उत्तर मात्र देती हुई छावनी पर पहुंची। अभी इन्द्रदेव का दरबार लगा हआ था। आरामकी पर लेटे हए वह कोई कागज देख रहे थे। एक बड़ी-सी दरी बिछी थी। उस पर कुछ किसान बैठे थे। इन लोगों के जाते ही दो कुर्सियां और आ गईं। पर इन्द्रदेव ने अपने तहसीलदार से कहा—इस पोखरी का झगड़ा बिना पहले का कागज देखे समझ में नहीं आएगा। इसे दूसरे दिन के लिए रखिए। तहसीलदार इन्द्रदेव के बाप के साथ काम कर चुका था। वह इन्द्रदेव से काम लेना चाहता था। उसने कहा—लेकिन दो-एक कागज तो आज ही देख लीजिए, उनकी बेदखली जल्दी होनी चाहिए। __अच्छा, मैं चाय पीकर अभी आता हूं।—कहकर इन्द्रदेव शैला और अनवरी के साथ कमरे में चले गए। बुड्ढे से अब न रहा गया। उसने कहा, तहसीलदार साहब, मैं कल से यहां बैठा हूं। मुझे क्यों तंग किया जा रहा है! तहसीलदार ने चश्मे के भीतर से आंखें तरेरते हुए कहा—रामनाथ हो न? तंग किया जा रहा है! हूं! बैठो अभी। दस बीघे की जोत बिना लगान दिए हड़प किए बैठे हो और कहते हो, मुझे तंग किया जा रहा है। क्या कहा? दस बीघे! अरे तहसीलदार साहब, क्या अब जंगल-परती में भी बैठने न दोगे? और वह तो न जाने कब से कृष्णार्पण लगी हुई बनजरिया है! वही तो बची है, और तो सब आप लोगों के पेट में चला गया। क्या उसे भी छीनना चाहते हो? तहसीलदार चुपचाप उसे घूरने लगा। ___ इन्द्रदेव शैला के साथ बाहर चले आए। अनवरी के लिए देर से माधुरी की भेजी हुई लौंडी खड़ी थी। वह उसके साथ छोटी कोठी में चली गई। इन्द्रदेव ने बुड्ढे को देखकर तहसीलदार को संकेत किया। तहसीलदार अभी बुड्ढे रामनाथ की बात नहीं छेड़ना चाहता था। किंतु इन्द्रदेव के संकेत से उसे कहना ही पड़ा—इसका नाम रामनाथ है। यह ________________",139,multi_turn_paragraph,"लेकिन दो-एक कागज तो आज ही देख लीजिए, उनकी बेदखली जल्दी होनी चाहिए। __अच्छा, मैं चाय पीकर अभी आता हूं।",कहा,,1386,1487,high,
TITLI-CAND-000087,1.5,titli_05.html,"करने की किसको पड़ी है। शैला ने जैसे चौंककर कहा तो क्या स्त्रियां अपने लिए कुछ भी नहीं कर सकतीं? उन्हें अपने लिए सोचने का अधिकार भी नहीं है? बहुत करोगी मिस शैला, तो यही कि किसी को अपने काम का बना लोगी। जैसा सब जगह हम लोगों की जाति किया करती है। पर उसमें दुख होगा कि सुख, इसका निपटारा तो वही मालिक कर सकता है। शैला न जाने कितनी बातें सोचती हुई चुप हो गई। वह केवल इस व्यंग्य पर विचार करती हुई चलने लगी। उत्तर देने के लिए उसका मन बेचैन था; पर अनवरी को उत्तर देने में उसे बहुत-सी बातें कहनी पड़ेंगी। वह क्या सब कहने लायक हैं? और यह प्रश्न भी उसके मन में आने लगा कि अनवरी कुछ अभिप्राय रखकर तो बात नहीं कर रही है। उसको भारतीय वायुमंडल का पूरा ज्ञान नहीं था। उसने देखा था केवल इन्द्रदेव को, जिसमें श्रद्धा और स्नेह का ही आभास मिला था। संदेह का विकृत चित्र उसके सामने उपस्थित करके अपने मन में अनवरी क्या सोच रही है, यही धीरे-धीरे विचारती हुई वह छावनी की ओर लौटने लगी। ___ अनवरी ने सौहार्द बढ़ाने के लिए कुछ दूसरा प्रसंग छेड़ना चाहा; किंतु वह सौजन्य के अनुरोध से संक्षिप्त उत्तर मात्र देती हुई छावनी पर पहुंची। अभी इन्द्रदेव का दरबार लगा हआ था। आरामकी पर लेटे हए वह कोई कागज देख रहे थे। एक बड़ी-सी दरी बिछी थी। उस पर कुछ किसान बैठे थे। इन लोगों के जाते ही दो कुर्सियां और आ गईं। पर इन्द्रदेव ने अपने तहसीलदार से कहा—इस पोखरी का झगड़ा बिना पहले का कागज देखे समझ में नहीं आएगा। इसे दूसरे दिन के लिए रखिए। तहसीलदार इन्द्रदेव के बाप के साथ काम कर चुका था। वह इन्द्रदेव से काम लेना चाहता था। उसने कहा—लेकिन दो-एक कागज तो आज ही देख लीजिए, उनकी बेदखली जल्दी होनी चाहिए। __अच्छा, मैं चाय पीकर अभी आता हूं।—कहकर इन्द्रदेव शैला और अनवरी के साथ कमरे में चले गए। बुड्ढे से अब न रहा गया। उसने कहा, तहसीलदार साहब, मैं कल से यहां बैठा हूं। मुझे क्यों तंग किया जा रहा है! तहसीलदार ने चश्मे के भीतर से आंखें तरेरते हुए कहा—रामनाथ हो न? तंग किया जा रहा है! हूं! बैठो अभी। दस बीघे की जोत बिना लगान दिए हड़प किए बैठे हो और कहते हो, मुझे तंग किया जा रहा है। क्या कहा? दस बीघे! अरे तहसीलदार साहब, क्या अब जंगल-परती में भी बैठने न दोगे? और वह तो न जाने कब से कृष्णार्पण लगी हुई बनजरिया है! वही तो बची है, और तो सब आप लोगों के पेट में चला गया। क्या उसे भी छीनना चाहते हो? तहसीलदार चुपचाप उसे घूरने लगा। ___ इन्द्रदेव शैला के साथ बाहर चले आए। अनवरी के लिए देर से माधुरी की भेजी हुई लौंडी खड़ी थी। वह उसके साथ छोटी कोठी में चली गई। इन्द्रदेव ने बुड्ढे को देखकर तहसीलदार को संकेत किया। तहसीलदार अभी बुड्ढे रामनाथ की बात नहीं छेड़ना चाहता था। किंतु इन्द्रदेव के संकेत से उसे कहना ही पड़ा—इसका नाम रामनाथ है। यह ________________",139,multi_turn_paragraph,रामनाथ हो न? तंग किया जा रहा है! हूं! बैठो अभी। दस बीघे की जोत बिना लगान दिए हड़प किए बैठे हो और,कहा,,1696,1792,high,
TITLI-CAND-000088,1.5,titli_05.html,"बनजरिया पर कुछ लगान नहीं देता। एकरेज जो लगा है, वह भी नहीं देना चाहता। कहता है—कृष्णार्पण माफी पर लगान कैसा? इन्द्रदेव ने रामनाथ को देखकर पूछा—क्यों, उस दिन हम लोग तुम्हारी ही झोंपड़ी पर गए थे? हां सरकार! तो एकरेज तो तुमको देना ही चाहिए। सरकारी मालगुजारी तो तुम्हारे लिए हम अपने आप से नहीं दे सकते। तहसीलदार से न रहा गया, बीच ही में बोल उठा—अभी तो यह भी नहीं मालूम कि यह बनजरिया का होता कौन है। पुराने कागजों में वह थी देवनन्दन के नाम। उसके मर जाने पर बनजरिया पड़ी रही। फिर इसने आकर उसमें आसन जमा लिया। बुड्ढा झनझना उठा। उसने कहा हम कौन हैं, इसको बताने के लिए थोड़ा समय चाहिए सरकार! क्या आप सुनेंगे? शैला ने अपने संकेत से उत्सुकता प्रकट की। किंतु इन्द्रदेव ने कहा—चलो, अभी माताजी के पास चलना है। फिर किसी दिन सुनूंगा। रामनाथ आज तुम जाओ; फिर मैं बुलाऊंगा, तब आना। रामनाथ ने उठकर कहा—अच्छा सरकार! चौबेजी बटुआ लिये पान मुंह में दाबे आकर खड़े हो गए। उनके मुख पर एक विचित्र कुतूहल था। वह मन-ही-मन सोच रहे थे—आज शैला बड़ी सरकार के सामने जाएगी। अनवरी भी वहीं है, और वहीं है बीबीरानी माधुरी! हे भगवान्! शैला, इन्द्रदेव और चौबेजी छोटी कोठी की ओर चले। मधबन के हाथ में था रुपया और पैरों में फरती, वह महंग महतो के खेत पर जा रहा था। बीच में छावनी पर से लौटते हुए रामनाथ से भेंट हो गई। मधुबन के प्रणाम करने पर रामनाथ ने अश्विर्वाद देकर पूछा कहां जा रहे हो मधुबन? आज पहला दिन है, बाबाजी ने उसे मधुवा न कहकर मधुबन नाम से पुकारा। वह भीतर-ही-भीतर जैसे प्रसन्न हो उठा। अभी-अभी तितली से उसके हृदय की बातें हो चुकी थीं। उसकी तरी छाती में भरी थी। उसने कहा बाबाजी. रुपया देने जा रहा है। महंग से पुरवट के लिए कहा था—आलू और मटर सींचने के लिए। वह बहाना करता था, और हल भी उधार देने से मुकर गया। मेरा खेत भी जोतता है और मुझी से बढ़-बढ़कर बातें करता रामनाथ ने कहा—भला रे, तू पुरवट के लिए तो रुपया देने जाता है—सिंचाई होगी; पर हल क्या करेगा? आज-कल कौन-सा नया खेत जोतेगा? मधुबन ने क्षण-भर सोचकर कहा-बाबाजी, तितली ने मुझसे चार पहर के लिए कहीं से हल उधार मांगा था। सिरिस के पेड़ के पास बनजरिया में बहुत दिनों से थोड़ा खेत बनाने का वह विचार कर रही है, जहां बरसात में बहुत-सी खाद भी हम लोगों ने डाल रखी थी। पिछाड़ होगी तो क्या, गोभी बोने का... ___ दुत पागल! तो इसके लिए इतने दिनों तक कानाफूसी करने की कौन-सी बात थी? मुझसे कहती! अच्छा, तो रुपया तुझे मिला? हां बाबाजी, मेम साहब ने तितली को पांच रुपया दिया था, वही तो मेरे पास है। मेम साहब ने रुपया दिया था! बंजो को? तू कहता क्या है?",140,multi_turn_paragraph,"क्यों, उस दिन हम लोग तुम्हारी ही झोंपड़ी पर गए थे? हां सरकार! तो एकरेज तो तुमको देना ही चाहिए। सरकारी मालगुजारी तो तुम्हारे लिए हम अपने आप से नहीं दे सकते। तहसीलदार से न रहा गया, बीच ही में",इन्द्रदेव ने रामनाथ को देखकर पूछा,इन्द्रदेव,143,332,high,
TITLI-CAND-000089,1.5,titli_05.html,"बनजरिया पर कुछ लगान नहीं देता। एकरेज जो लगा है, वह भी नहीं देना चाहता। कहता है—कृष्णार्पण माफी पर लगान कैसा? इन्द्रदेव ने रामनाथ को देखकर पूछा—क्यों, उस दिन हम लोग तुम्हारी ही झोंपड़ी पर गए थे? हां सरकार! तो एकरेज तो तुमको देना ही चाहिए। सरकारी मालगुजारी तो तुम्हारे लिए हम अपने आप से नहीं दे सकते। तहसीलदार से न रहा गया, बीच ही में बोल उठा—अभी तो यह भी नहीं मालूम कि यह बनजरिया का होता कौन है। पुराने कागजों में वह थी देवनन्दन के नाम। उसके मर जाने पर बनजरिया पड़ी रही। फिर इसने आकर उसमें आसन जमा लिया। बुड्ढा झनझना उठा। उसने कहा हम कौन हैं, इसको बताने के लिए थोड़ा समय चाहिए सरकार! क्या आप सुनेंगे? शैला ने अपने संकेत से उत्सुकता प्रकट की। किंतु इन्द्रदेव ने कहा—चलो, अभी माताजी के पास चलना है। फिर किसी दिन सुनूंगा। रामनाथ आज तुम जाओ; फिर मैं बुलाऊंगा, तब आना। रामनाथ ने उठकर कहा—अच्छा सरकार! चौबेजी बटुआ लिये पान मुंह में दाबे आकर खड़े हो गए। उनके मुख पर एक विचित्र कुतूहल था। वह मन-ही-मन सोच रहे थे—आज शैला बड़ी सरकार के सामने जाएगी। अनवरी भी वहीं है, और वहीं है बीबीरानी माधुरी! हे भगवान्! शैला, इन्द्रदेव और चौबेजी छोटी कोठी की ओर चले। मधबन के हाथ में था रुपया और पैरों में फरती, वह महंग महतो के खेत पर जा रहा था। बीच में छावनी पर से लौटते हुए रामनाथ से भेंट हो गई। मधुबन के प्रणाम करने पर रामनाथ ने अश्विर्वाद देकर पूछा कहां जा रहे हो मधुबन? आज पहला दिन है, बाबाजी ने उसे मधुवा न कहकर मधुबन नाम से पुकारा। वह भीतर-ही-भीतर जैसे प्रसन्न हो उठा। अभी-अभी तितली से उसके हृदय की बातें हो चुकी थीं। उसकी तरी छाती में भरी थी। उसने कहा बाबाजी. रुपया देने जा रहा है। महंग से पुरवट के लिए कहा था—आलू और मटर सींचने के लिए। वह बहाना करता था, और हल भी उधार देने से मुकर गया। मेरा खेत भी जोतता है और मुझी से बढ़-बढ़कर बातें करता रामनाथ ने कहा—भला रे, तू पुरवट के लिए तो रुपया देने जाता है—सिंचाई होगी; पर हल क्या करेगा? आज-कल कौन-सा नया खेत जोतेगा? मधुबन ने क्षण-भर सोचकर कहा-बाबाजी, तितली ने मुझसे चार पहर के लिए कहीं से हल उधार मांगा था। सिरिस के पेड़ के पास बनजरिया में बहुत दिनों से थोड़ा खेत बनाने का वह विचार कर रही है, जहां बरसात में बहुत-सी खाद भी हम लोगों ने डाल रखी थी। पिछाड़ होगी तो क्या, गोभी बोने का... ___ दुत पागल! तो इसके लिए इतने दिनों तक कानाफूसी करने की कौन-सी बात थी? मुझसे कहती! अच्छा, तो रुपया तुझे मिला? हां बाबाजी, मेम साहब ने तितली को पांच रुपया दिया था, वही तो मेरे पास है। मेम साहब ने रुपया दिया था! बंजो को? तू कहता क्या है?",140,multi_turn_paragraph,अभी तो यह भी नहीं मालूम कि यह बनजरिया का होता कौन है। पुराने कागजों में वह थी देवनन्दन के नाम। उसके मर जाने पर बनजरिया पड़ी रही। फिर इसने आकर उसमें आसन जमा लिया। बुड्ढा झनझना उठा। उसने,बोल उठा,,341,525,high,
TITLI-CAND-000090,1.5,titli_05.html,"बनजरिया पर कुछ लगान नहीं देता। एकरेज जो लगा है, वह भी नहीं देना चाहता। कहता है—कृष्णार्पण माफी पर लगान कैसा? इन्द्रदेव ने रामनाथ को देखकर पूछा—क्यों, उस दिन हम लोग तुम्हारी ही झोंपड़ी पर गए थे? हां सरकार! तो एकरेज तो तुमको देना ही चाहिए। सरकारी मालगुजारी तो तुम्हारे लिए हम अपने आप से नहीं दे सकते। तहसीलदार से न रहा गया, बीच ही में बोल उठा—अभी तो यह भी नहीं मालूम कि यह बनजरिया का होता कौन है। पुराने कागजों में वह थी देवनन्दन के नाम। उसके मर जाने पर बनजरिया पड़ी रही। फिर इसने आकर उसमें आसन जमा लिया। बुड्ढा झनझना उठा। उसने कहा हम कौन हैं, इसको बताने के लिए थोड़ा समय चाहिए सरकार! क्या आप सुनेंगे? शैला ने अपने संकेत से उत्सुकता प्रकट की। किंतु इन्द्रदेव ने कहा—चलो, अभी माताजी के पास चलना है। फिर किसी दिन सुनूंगा। रामनाथ आज तुम जाओ; फिर मैं बुलाऊंगा, तब आना। रामनाथ ने उठकर कहा—अच्छा सरकार! चौबेजी बटुआ लिये पान मुंह में दाबे आकर खड़े हो गए। उनके मुख पर एक विचित्र कुतूहल था। वह मन-ही-मन सोच रहे थे—आज शैला बड़ी सरकार के सामने जाएगी। अनवरी भी वहीं है, और वहीं है बीबीरानी माधुरी! हे भगवान्! शैला, इन्द्रदेव और चौबेजी छोटी कोठी की ओर चले। मधबन के हाथ में था रुपया और पैरों में फरती, वह महंग महतो के खेत पर जा रहा था। बीच में छावनी पर से लौटते हुए रामनाथ से भेंट हो गई। मधुबन के प्रणाम करने पर रामनाथ ने अश्विर्वाद देकर पूछा कहां जा रहे हो मधुबन? आज पहला दिन है, बाबाजी ने उसे मधुवा न कहकर मधुबन नाम से पुकारा। वह भीतर-ही-भीतर जैसे प्रसन्न हो उठा। अभी-अभी तितली से उसके हृदय की बातें हो चुकी थीं। उसकी तरी छाती में भरी थी। उसने कहा बाबाजी. रुपया देने जा रहा है। महंग से पुरवट के लिए कहा था—आलू और मटर सींचने के लिए। वह बहाना करता था, और हल भी उधार देने से मुकर गया। मेरा खेत भी जोतता है और मुझी से बढ़-बढ़कर बातें करता रामनाथ ने कहा—भला रे, तू पुरवट के लिए तो रुपया देने जाता है—सिंचाई होगी; पर हल क्या करेगा? आज-कल कौन-सा नया खेत जोतेगा? मधुबन ने क्षण-भर सोचकर कहा-बाबाजी, तितली ने मुझसे चार पहर के लिए कहीं से हल उधार मांगा था। सिरिस के पेड़ के पास बनजरिया में बहुत दिनों से थोड़ा खेत बनाने का वह विचार कर रही है, जहां बरसात में बहुत-सी खाद भी हम लोगों ने डाल रखी थी। पिछाड़ होगी तो क्या, गोभी बोने का... ___ दुत पागल! तो इसके लिए इतने दिनों तक कानाफूसी करने की कौन-सी बात थी? मुझसे कहती! अच्छा, तो रुपया तुझे मिला? हां बाबाजी, मेम साहब ने तितली को पांच रुपया दिया था, वही तो मेरे पास है। मेम साहब ने रुपया दिया था! बंजो को? तू कहता क्या है?",140,multi_turn_paragraph,"चलो, अभी माताजी के पास चलना है। फिर किसी दिन सुनूंगा। रामनाथ आज तुम जाओ; फिर मैं बुलाऊंगा, तब आना।",इन्द्रदेव ने कहा,इन्द्रदेव,664,762,high,
TITLI-CAND-000091,1.5,titli_05.html,"बनजरिया पर कुछ लगान नहीं देता। एकरेज जो लगा है, वह भी नहीं देना चाहता। कहता है—कृष्णार्पण माफी पर लगान कैसा? इन्द्रदेव ने रामनाथ को देखकर पूछा—क्यों, उस दिन हम लोग तुम्हारी ही झोंपड़ी पर गए थे? हां सरकार! तो एकरेज तो तुमको देना ही चाहिए। सरकारी मालगुजारी तो तुम्हारे लिए हम अपने आप से नहीं दे सकते। तहसीलदार से न रहा गया, बीच ही में बोल उठा—अभी तो यह भी नहीं मालूम कि यह बनजरिया का होता कौन है। पुराने कागजों में वह थी देवनन्दन के नाम। उसके मर जाने पर बनजरिया पड़ी रही। फिर इसने आकर उसमें आसन जमा लिया। बुड्ढा झनझना उठा। उसने कहा हम कौन हैं, इसको बताने के लिए थोड़ा समय चाहिए सरकार! क्या आप सुनेंगे? शैला ने अपने संकेत से उत्सुकता प्रकट की। किंतु इन्द्रदेव ने कहा—चलो, अभी माताजी के पास चलना है। फिर किसी दिन सुनूंगा। रामनाथ आज तुम जाओ; फिर मैं बुलाऊंगा, तब आना। रामनाथ ने उठकर कहा—अच्छा सरकार! चौबेजी बटुआ लिये पान मुंह में दाबे आकर खड़े हो गए। उनके मुख पर एक विचित्र कुतूहल था। वह मन-ही-मन सोच रहे थे—आज शैला बड़ी सरकार के सामने जाएगी। अनवरी भी वहीं है, और वहीं है बीबीरानी माधुरी! हे भगवान्! शैला, इन्द्रदेव और चौबेजी छोटी कोठी की ओर चले। मधबन के हाथ में था रुपया और पैरों में फरती, वह महंग महतो के खेत पर जा रहा था। बीच में छावनी पर से लौटते हुए रामनाथ से भेंट हो गई। मधुबन के प्रणाम करने पर रामनाथ ने अश्विर्वाद देकर पूछा कहां जा रहे हो मधुबन? आज पहला दिन है, बाबाजी ने उसे मधुवा न कहकर मधुबन नाम से पुकारा। वह भीतर-ही-भीतर जैसे प्रसन्न हो उठा। अभी-अभी तितली से उसके हृदय की बातें हो चुकी थीं। उसकी तरी छाती में भरी थी। उसने कहा बाबाजी. रुपया देने जा रहा है। महंग से पुरवट के लिए कहा था—आलू और मटर सींचने के लिए। वह बहाना करता था, और हल भी उधार देने से मुकर गया। मेरा खेत भी जोतता है और मुझी से बढ़-बढ़कर बातें करता रामनाथ ने कहा—भला रे, तू पुरवट के लिए तो रुपया देने जाता है—सिंचाई होगी; पर हल क्या करेगा? आज-कल कौन-सा नया खेत जोतेगा? मधुबन ने क्षण-भर सोचकर कहा-बाबाजी, तितली ने मुझसे चार पहर के लिए कहीं से हल उधार मांगा था। सिरिस के पेड़ के पास बनजरिया में बहुत दिनों से थोड़ा खेत बनाने का वह विचार कर रही है, जहां बरसात में बहुत-सी खाद भी हम लोगों ने डाल रखी थी। पिछाड़ होगी तो क्या, गोभी बोने का... ___ दुत पागल! तो इसके लिए इतने दिनों तक कानाफूसी करने की कौन-सी बात थी? मुझसे कहती! अच्छा, तो रुपया तुझे मिला? हां बाबाजी, मेम साहब ने तितली को पांच रुपया दिया था, वही तो मेरे पास है। मेम साहब ने रुपया दिया था! बंजो को? तू कहता क्या है?",140,multi_turn_paragraph,अच्छा सरकार!,रामनाथ ने उठकर कहा,रामनाथ,782,794,high,stopped before a recognizable narrative continuation; review boundary
TITLI-CAND-000092,1.5,titli_05.html,"बनजरिया पर कुछ लगान नहीं देता। एकरेज जो लगा है, वह भी नहीं देना चाहता। कहता है—कृष्णार्पण माफी पर लगान कैसा? इन्द्रदेव ने रामनाथ को देखकर पूछा—क्यों, उस दिन हम लोग तुम्हारी ही झोंपड़ी पर गए थे? हां सरकार! तो एकरेज तो तुमको देना ही चाहिए। सरकारी मालगुजारी तो तुम्हारे लिए हम अपने आप से नहीं दे सकते। तहसीलदार से न रहा गया, बीच ही में बोल उठा—अभी तो यह भी नहीं मालूम कि यह बनजरिया का होता कौन है। पुराने कागजों में वह थी देवनन्दन के नाम। उसके मर जाने पर बनजरिया पड़ी रही। फिर इसने आकर उसमें आसन जमा लिया। बुड्ढा झनझना उठा। उसने कहा हम कौन हैं, इसको बताने के लिए थोड़ा समय चाहिए सरकार! क्या आप सुनेंगे? शैला ने अपने संकेत से उत्सुकता प्रकट की। किंतु इन्द्रदेव ने कहा—चलो, अभी माताजी के पास चलना है। फिर किसी दिन सुनूंगा। रामनाथ आज तुम जाओ; फिर मैं बुलाऊंगा, तब आना। रामनाथ ने उठकर कहा—अच्छा सरकार! चौबेजी बटुआ लिये पान मुंह में दाबे आकर खड़े हो गए। उनके मुख पर एक विचित्र कुतूहल था। वह मन-ही-मन सोच रहे थे—आज शैला बड़ी सरकार के सामने जाएगी। अनवरी भी वहीं है, और वहीं है बीबीरानी माधुरी! हे भगवान्! शैला, इन्द्रदेव और चौबेजी छोटी कोठी की ओर चले। मधबन के हाथ में था रुपया और पैरों में फरती, वह महंग महतो के खेत पर जा रहा था। बीच में छावनी पर से लौटते हुए रामनाथ से भेंट हो गई। मधुबन के प्रणाम करने पर रामनाथ ने अश्विर्वाद देकर पूछा कहां जा रहे हो मधुबन? आज पहला दिन है, बाबाजी ने उसे मधुवा न कहकर मधुबन नाम से पुकारा। वह भीतर-ही-भीतर जैसे प्रसन्न हो उठा। अभी-अभी तितली से उसके हृदय की बातें हो चुकी थीं। उसकी तरी छाती में भरी थी। उसने कहा बाबाजी. रुपया देने जा रहा है। महंग से पुरवट के लिए कहा था—आलू और मटर सींचने के लिए। वह बहाना करता था, और हल भी उधार देने से मुकर गया। मेरा खेत भी जोतता है और मुझी से बढ़-बढ़कर बातें करता रामनाथ ने कहा—भला रे, तू पुरवट के लिए तो रुपया देने जाता है—सिंचाई होगी; पर हल क्या करेगा? आज-कल कौन-सा नया खेत जोतेगा? मधुबन ने क्षण-भर सोचकर कहा-बाबाजी, तितली ने मुझसे चार पहर के लिए कहीं से हल उधार मांगा था। सिरिस के पेड़ के पास बनजरिया में बहुत दिनों से थोड़ा खेत बनाने का वह विचार कर रही है, जहां बरसात में बहुत-सी खाद भी हम लोगों ने डाल रखी थी। पिछाड़ होगी तो क्या, गोभी बोने का... ___ दुत पागल! तो इसके लिए इतने दिनों तक कानाफूसी करने की कौन-सी बात थी? मुझसे कहती! अच्छा, तो रुपया तुझे मिला? हां बाबाजी, मेम साहब ने तितली को पांच रुपया दिया था, वही तो मेरे पास है। मेम साहब ने रुपया दिया था! बंजो को? तू कहता क्या है?",140,multi_turn_paragraph,"भला रे, तू पुरवट के लिए तो रुपया देने जाता है—सिंचाई होगी; पर हल क्या करेगा? आज-कल कौन-सा नया खेत जोतेगा? मधुबन ने क्षण-भर सोचकर",रामनाथ ने कहा,रामनाथ,1635,1763,high,
TITLI-CAND-000093,1.5,titli_05.html,"बनजरिया पर कुछ लगान नहीं देता। एकरेज जो लगा है, वह भी नहीं देना चाहता। कहता है—कृष्णार्पण माफी पर लगान कैसा? इन्द्रदेव ने रामनाथ को देखकर पूछा—क्यों, उस दिन हम लोग तुम्हारी ही झोंपड़ी पर गए थे? हां सरकार! तो एकरेज तो तुमको देना ही चाहिए। सरकारी मालगुजारी तो तुम्हारे लिए हम अपने आप से नहीं दे सकते। तहसीलदार से न रहा गया, बीच ही में बोल उठा—अभी तो यह भी नहीं मालूम कि यह बनजरिया का होता कौन है। पुराने कागजों में वह थी देवनन्दन के नाम। उसके मर जाने पर बनजरिया पड़ी रही। फिर इसने आकर उसमें आसन जमा लिया। बुड्ढा झनझना उठा। उसने कहा हम कौन हैं, इसको बताने के लिए थोड़ा समय चाहिए सरकार! क्या आप सुनेंगे? शैला ने अपने संकेत से उत्सुकता प्रकट की। किंतु इन्द्रदेव ने कहा—चलो, अभी माताजी के पास चलना है। फिर किसी दिन सुनूंगा। रामनाथ आज तुम जाओ; फिर मैं बुलाऊंगा, तब आना। रामनाथ ने उठकर कहा—अच्छा सरकार! चौबेजी बटुआ लिये पान मुंह में दाबे आकर खड़े हो गए। उनके मुख पर एक विचित्र कुतूहल था। वह मन-ही-मन सोच रहे थे—आज शैला बड़ी सरकार के सामने जाएगी। अनवरी भी वहीं है, और वहीं है बीबीरानी माधुरी! हे भगवान्! शैला, इन्द्रदेव और चौबेजी छोटी कोठी की ओर चले। मधबन के हाथ में था रुपया और पैरों में फरती, वह महंग महतो के खेत पर जा रहा था। बीच में छावनी पर से लौटते हुए रामनाथ से भेंट हो गई। मधुबन के प्रणाम करने पर रामनाथ ने अश्विर्वाद देकर पूछा कहां जा रहे हो मधुबन? आज पहला दिन है, बाबाजी ने उसे मधुवा न कहकर मधुबन नाम से पुकारा। वह भीतर-ही-भीतर जैसे प्रसन्न हो उठा। अभी-अभी तितली से उसके हृदय की बातें हो चुकी थीं। उसकी तरी छाती में भरी थी। उसने कहा बाबाजी. रुपया देने जा रहा है। महंग से पुरवट के लिए कहा था—आलू और मटर सींचने के लिए। वह बहाना करता था, और हल भी उधार देने से मुकर गया। मेरा खेत भी जोतता है और मुझी से बढ़-बढ़कर बातें करता रामनाथ ने कहा—भला रे, तू पुरवट के लिए तो रुपया देने जाता है—सिंचाई होगी; पर हल क्या करेगा? आज-कल कौन-सा नया खेत जोतेगा? मधुबन ने क्षण-भर सोचकर कहा-बाबाजी, तितली ने मुझसे चार पहर के लिए कहीं से हल उधार मांगा था। सिरिस के पेड़ के पास बनजरिया में बहुत दिनों से थोड़ा खेत बनाने का वह विचार कर रही है, जहां बरसात में बहुत-सी खाद भी हम लोगों ने डाल रखी थी। पिछाड़ होगी तो क्या, गोभी बोने का... ___ दुत पागल! तो इसके लिए इतने दिनों तक कानाफूसी करने की कौन-सी बात थी? मुझसे कहती! अच्छा, तो रुपया तुझे मिला? हां बाबाजी, मेम साहब ने तितली को पांच रुपया दिया था, वही तो मेरे पास है। मेम साहब ने रुपया दिया था! बंजो को? तू कहता क्या है?",140,multi_turn_paragraph,"बाबाजी, तितली ने मुझसे चार पहर के लिए कहीं से हल उधार मांगा था। सिरिस के पेड़ के पास बनजरिया में बहुत दिनों से थोड़ा खेत बनाने का वह विचार कर रही है, जहां बरसात में बहुत-सी खाद भी हम लोगों ने डाल रखी थी। पिछाड़ होगी तो क्या, गोभी बोने का... ___ दुत पागल! तो इसके लिए इतने दिनों तक कानाफूसी करने की कौन-सी बात थी? मुझसे",कहा,,1768,2086,high,
TITLI-CAND-000094,1.5,titli_05.html,"रामनाथ सोच रहा था छावनी की बात! अभी-अभी तहसीलदार ने जो रूप दिखलाया था. वही उसके सामने नाचने लगा था। उसे जैसे बनजरिया की काया-पलट होने के साथ ही अपना भविष्य उत्पातपूर्ण दिखाई देने लगा। तितली उसमें नया खेत बनाने जा रही है। तब भी न जाने क्या सोचकर उसने कहा-जाओ मधुबन, हल ले जाओ।",143,attribution_dash,"जाओ मधुबन, हल ले जाओ।",कहा,,254,275,high,
TITLI-CAND-000095,1.5,titli_05.html,उसने लौटकर प्रफुल्ल बदन से उत्तर दिया- 'बापू!',147,attribution_quote,बापू!,उत्तर दिया,,40,45,high,
TITLI-CAND-000096,1.6,titli_06.html,"श्यामदुलारी आज न जाने कितनी बातें सोचकर बैठी थीं-लड़का ही तो है, उसे दो बात खरी-खोटी सुनाकर डांट-डपटकर न रखने से काम नहीं चलेगा-पर विलायत हो आया है। बैरिस्टरी पास कर चुका है। कहीं जवाब दे बैठा तो! अच्छा...आज वह मेम की छोकरी भी साथ आएगी। इस निर्लज्जता का कोई ठिकाना है! कहीं ऐसा न हो कि साहब की वह कोई निकल आवे! तब उसे कुछ कहना तो ठीक न होगा। अभी दो महीने पहले कलेक्टर साहब जब मिलने आए थे, तो उन्होंने कहा था- ‘रानी साहब, आपके ताल्लुके में नमूने के गांव बसाने का बंदोबस्त किया जाएगा। इसमें बड़ी-बड़ी खेतियां, किसानों के बैंक और सहकार की संस्थाएं खुलेंगी। सरकार भी मदद देगी।' तब उसको कुछ कहना ठीक न होगा। माधुरी की क्या राय है? वह तो कहती है- 'मां, जाने दो, भाई साहब को कुछ मत कहो?' तो क्या वह अपने मन से बिगड़ता चला जाएगा। सो नहीं हो सकता। अच्छा, जाने दो। माधुरी के मन में अनवरी की बात रह-रहकर मरोर उठती थी। इन्द्रदेव क्या यह घर ________________",148,unattributed_quote,तब उसको कुछ कहना ठीक न होगा। माधुरी की क्या राय है? वह तो कहती है-,,,574,640,medium,speaker attribution unresolved
TITLI-CAND-000097,1.6,titli_06.html,"संभाल सकेंगे? यदि नहीं, तो मैं क्यों बनाने की चेष्टा करूं। उसके मन में तेरह बरस के कृष्णमोहन का ध्यान आ गया। थियासोफिकल स्कूल में वह पढ़ता है। पिता बाबू श्यामलाल उसकी ओर से निश्चित थे। हां, उसके भविष्य की चिंता तो उसकी माता माधुरी को ही थी। तब भी वह जैसे अपने को धोखे में डालने के लिए कह बैठती-जैसा जिसके भाग्य में होगा, वही होकर रहेगा। अनवरी इस कुटुंब की मानसिक हलचल में दत्तचित्त होकर उसका अध्ययन कर रही थी। न जाने क्यों, तीनों चुप होकर मन-ही-मन सोच रही थीं। पलंग पर श्यामदुलारी मोटी-सी तकिया के सहारे बैठी थीं। चौकी पर चांदनी बिछी थी। माधुरी और अनवरी वहीं बैठी हुई एक-दूसरे का मुंह देख रही थीं। तीन-चार कुर्सियां पड़ी थीं। छोटी कोठी का यह बाहरी कमरा था। श्यामदुलारी यहीं पर सबसे बात करती, मिलती-जुलती थीं; क्योंकि उनका निज का प्रकोष्ठ तो देव-मंदिर के समान पवित्र, अस्पृश्य और दुर्गम्य था? बिना स्नान किए-कपड़ा बदले, वहां कौन जा सकता था! बाहर पैरों का शब्द सुनाई पड़ा। तीनों स्त्रियां सजग हो गईं, माधुरी अपनी साड़ी का किनारा संवारने लगी। अनवरी एक उंगली से कान के पास के बालों को ऊपर उठाने लगी और, श्यामदुलारी थोड़ा खांसने लगी। इन्द्रदेव शैला और चौबेजी के साथ, भीतर आए। माता को प्रणाम किया। श्यामदुलराि ने 'सुखी रहो' कहते हुए देखा कि वह गोरी मेम भी दोनों हाथों की पतली उंगलियों में बनारसी साड़ी का सुनहला अंचल दबाए नमस्कार कर रही है। अनवरी उठकर खड़ी हो गई। माधुरी चौकी पर ही थोड़ा खिसक गई। माता ने बैठने का संकेत किया। पर वह भीतर से शैला से बोलने के लिए उत्सुक थी। इन्द्रदेव ने कहा-मिस अनवरी! मां का दर्द अभी अच्छा नहीं हुआ। इसके लिए आप क्या कर रही हैं। क्यों मां, अभी दर्द में कमी तो नहीं है? है क्यों नहीं बेटा! तुमको देखकर दर्द दूर भाग जाता है। श्यामदुलारी ने मधुरता से कहा। - तब तो भाई साहब, आप यहीं मां के पास रहिए। दर्द पास न आवेगा। -माधुरी ने कहा। लेकिन बबिरिनिा! और लोग क्या करेंगे? कुंवर साहब यहीं घर में बैठे रहेंगे, तो जो लोग मिलने-जुलने वाले हैं, वे कहां जाएंगे! ____ -अनवरी ने व्यंग्य से कहा। यह बात श्यामदलारी को अच्छी न लगी। उन्होंने कहा-मैं तो चाहती हैं कि इन्द्र मेरी आखों से ओझल न हो। वह करता ही क्या है मिस अनवरी! शिकार खेलने में ज्यादा मन लगाता है। क्यों, विलायत में इसकी बड़ी चाल है न! अच्छा बेटा! यह मेम साहब कौन है? इनका तो तुमने परिचय ही नहीं दिया। मां, इंग्लैंड में यही मेरा सब प्रबंध करती थी। मेरे खाने-पीने का, पढ़ने-लिखने का, कभी जब अस्वस्थ हो जाता तो डॉक्टरों का, और रात-रात-भर जागकर नियमपूर्वक दवा देने का काम यही करती थी। इनका मैं चिर-ऋणी हूं। इनकी इच्छा हुई कि मैं भारतवर्ष ________________",149,attribution_quote,सुखी रहो,कहते हुए,,1108,1116,high,
TITLI-CAND-000098,1.6,titli_06.html,"संभाल सकेंगे? यदि नहीं, तो मैं क्यों बनाने की चेष्टा करूं। उसके मन में तेरह बरस के कृष्णमोहन का ध्यान आ गया। थियासोफिकल स्कूल में वह पढ़ता है। पिता बाबू श्यामलाल उसकी ओर से निश्चित थे। हां, उसके भविष्य की चिंता तो उसकी माता माधुरी को ही थी। तब भी वह जैसे अपने को धोखे में डालने के लिए कह बैठती-जैसा जिसके भाग्य में होगा, वही होकर रहेगा। अनवरी इस कुटुंब की मानसिक हलचल में दत्तचित्त होकर उसका अध्ययन कर रही थी। न जाने क्यों, तीनों चुप होकर मन-ही-मन सोच रही थीं। पलंग पर श्यामदुलारी मोटी-सी तकिया के सहारे बैठी थीं। चौकी पर चांदनी बिछी थी। माधुरी और अनवरी वहीं बैठी हुई एक-दूसरे का मुंह देख रही थीं। तीन-चार कुर्सियां पड़ी थीं। छोटी कोठी का यह बाहरी कमरा था। श्यामदुलारी यहीं पर सबसे बात करती, मिलती-जुलती थीं; क्योंकि उनका निज का प्रकोष्ठ तो देव-मंदिर के समान पवित्र, अस्पृश्य और दुर्गम्य था? बिना स्नान किए-कपड़ा बदले, वहां कौन जा सकता था! बाहर पैरों का शब्द सुनाई पड़ा। तीनों स्त्रियां सजग हो गईं, माधुरी अपनी साड़ी का किनारा संवारने लगी। अनवरी एक उंगली से कान के पास के बालों को ऊपर उठाने लगी और, श्यामदुलारी थोड़ा खांसने लगी। इन्द्रदेव शैला और चौबेजी के साथ, भीतर आए। माता को प्रणाम किया। श्यामदुलराि ने 'सुखी रहो' कहते हुए देखा कि वह गोरी मेम भी दोनों हाथों की पतली उंगलियों में बनारसी साड़ी का सुनहला अंचल दबाए नमस्कार कर रही है। अनवरी उठकर खड़ी हो गई। माधुरी चौकी पर ही थोड़ा खिसक गई। माता ने बैठने का संकेत किया। पर वह भीतर से शैला से बोलने के लिए उत्सुक थी। इन्द्रदेव ने कहा-मिस अनवरी! मां का दर्द अभी अच्छा नहीं हुआ। इसके लिए आप क्या कर रही हैं। क्यों मां, अभी दर्द में कमी तो नहीं है? है क्यों नहीं बेटा! तुमको देखकर दर्द दूर भाग जाता है। श्यामदुलारी ने मधुरता से कहा। - तब तो भाई साहब, आप यहीं मां के पास रहिए। दर्द पास न आवेगा। -माधुरी ने कहा। लेकिन बबिरिनिा! और लोग क्या करेंगे? कुंवर साहब यहीं घर में बैठे रहेंगे, तो जो लोग मिलने-जुलने वाले हैं, वे कहां जाएंगे! ____ -अनवरी ने व्यंग्य से कहा। यह बात श्यामदलारी को अच्छी न लगी। उन्होंने कहा-मैं तो चाहती हैं कि इन्द्र मेरी आखों से ओझल न हो। वह करता ही क्या है मिस अनवरी! शिकार खेलने में ज्यादा मन लगाता है। क्यों, विलायत में इसकी बड़ी चाल है न! अच्छा बेटा! यह मेम साहब कौन है? इनका तो तुमने परिचय ही नहीं दिया। मां, इंग्लैंड में यही मेरा सब प्रबंध करती थी। मेरे खाने-पीने का, पढ़ने-लिखने का, कभी जब अस्वस्थ हो जाता तो डॉक्टरों का, और रात-रात-भर जागकर नियमपूर्वक दवा देने का काम यही करती थी। इनका मैं चिर-ऋणी हूं। इनकी इच्छा हुई कि मैं भारतवर्ष ________________",149,multi_turn_paragraph,"मिस अनवरी! मां का दर्द अभी अच्छा नहीं हुआ। इसके लिए आप क्या कर रही हैं। क्यों मां, अभी दर्द में कमी तो नहीं है? है क्यों नहीं बेटा! तुमको देखकर दर्द दूर भाग जाता है।",इन्द्रदेव ने कहा,इन्द्रदेव,1383,1548,high,
TITLI-CAND-000099,1.6,titli_06.html,"संभाल सकेंगे? यदि नहीं, तो मैं क्यों बनाने की चेष्टा करूं। उसके मन में तेरह बरस के कृष्णमोहन का ध्यान आ गया। थियासोफिकल स्कूल में वह पढ़ता है। पिता बाबू श्यामलाल उसकी ओर से निश्चित थे। हां, उसके भविष्य की चिंता तो उसकी माता माधुरी को ही थी। तब भी वह जैसे अपने को धोखे में डालने के लिए कह बैठती-जैसा जिसके भाग्य में होगा, वही होकर रहेगा। अनवरी इस कुटुंब की मानसिक हलचल में दत्तचित्त होकर उसका अध्ययन कर रही थी। न जाने क्यों, तीनों चुप होकर मन-ही-मन सोच रही थीं। पलंग पर श्यामदुलारी मोटी-सी तकिया के सहारे बैठी थीं। चौकी पर चांदनी बिछी थी। माधुरी और अनवरी वहीं बैठी हुई एक-दूसरे का मुंह देख रही थीं। तीन-चार कुर्सियां पड़ी थीं। छोटी कोठी का यह बाहरी कमरा था। श्यामदुलारी यहीं पर सबसे बात करती, मिलती-जुलती थीं; क्योंकि उनका निज का प्रकोष्ठ तो देव-मंदिर के समान पवित्र, अस्पृश्य और दुर्गम्य था? बिना स्नान किए-कपड़ा बदले, वहां कौन जा सकता था! बाहर पैरों का शब्द सुनाई पड़ा। तीनों स्त्रियां सजग हो गईं, माधुरी अपनी साड़ी का किनारा संवारने लगी। अनवरी एक उंगली से कान के पास के बालों को ऊपर उठाने लगी और, श्यामदुलारी थोड़ा खांसने लगी। इन्द्रदेव शैला और चौबेजी के साथ, भीतर आए। माता को प्रणाम किया। श्यामदुलराि ने 'सुखी रहो' कहते हुए देखा कि वह गोरी मेम भी दोनों हाथों की पतली उंगलियों में बनारसी साड़ी का सुनहला अंचल दबाए नमस्कार कर रही है। अनवरी उठकर खड़ी हो गई। माधुरी चौकी पर ही थोड़ा खिसक गई। माता ने बैठने का संकेत किया। पर वह भीतर से शैला से बोलने के लिए उत्सुक थी। इन्द्रदेव ने कहा-मिस अनवरी! मां का दर्द अभी अच्छा नहीं हुआ। इसके लिए आप क्या कर रही हैं। क्यों मां, अभी दर्द में कमी तो नहीं है? है क्यों नहीं बेटा! तुमको देखकर दर्द दूर भाग जाता है। श्यामदुलारी ने मधुरता से कहा। - तब तो भाई साहब, आप यहीं मां के पास रहिए। दर्द पास न आवेगा। -माधुरी ने कहा। लेकिन बबिरिनिा! और लोग क्या करेंगे? कुंवर साहब यहीं घर में बैठे रहेंगे, तो जो लोग मिलने-जुलने वाले हैं, वे कहां जाएंगे! ____ -अनवरी ने व्यंग्य से कहा। यह बात श्यामदलारी को अच्छी न लगी। उन्होंने कहा-मैं तो चाहती हैं कि इन्द्र मेरी आखों से ओझल न हो। वह करता ही क्या है मिस अनवरी! शिकार खेलने में ज्यादा मन लगाता है। क्यों, विलायत में इसकी बड़ी चाल है न! अच्छा बेटा! यह मेम साहब कौन है? इनका तो तुमने परिचय ही नहीं दिया। मां, इंग्लैंड में यही मेरा सब प्रबंध करती थी। मेरे खाने-पीने का, पढ़ने-लिखने का, कभी जब अस्वस्थ हो जाता तो डॉक्टरों का, और रात-रात-भर जागकर नियमपूर्वक दवा देने का काम यही करती थी। इनका मैं चिर-ऋणी हूं। इनकी इच्छा हुई कि मैं भारतवर्ष ________________",149,attribution_dash,"मिस अनवरी! मां का दर्द अभी अच्छा नहीं हुआ। इसके लिए आप क्या कर रही हैं। क्यों मां, अभी दर्द में कमी तो नहीं है? है क्यों नहीं बेटा! तुमको देखकर दर्द दूर भाग जाता है। श्यामदुलारी ने मधुरता से कहा। - तब तो भाई साहब, आप यहीं मां के पास रहिए। दर्द पास न आवेगा।",माधुरी ने कहा,माधुरी,1383,1639,high,
TITLI-CAND-000100,1.6,titli_06.html,"संभाल सकेंगे? यदि नहीं, तो मैं क्यों बनाने की चेष्टा करूं। उसके मन में तेरह बरस के कृष्णमोहन का ध्यान आ गया। थियासोफिकल स्कूल में वह पढ़ता है। पिता बाबू श्यामलाल उसकी ओर से निश्चित थे। हां, उसके भविष्य की चिंता तो उसकी माता माधुरी को ही थी। तब भी वह जैसे अपने को धोखे में डालने के लिए कह बैठती-जैसा जिसके भाग्य में होगा, वही होकर रहेगा। अनवरी इस कुटुंब की मानसिक हलचल में दत्तचित्त होकर उसका अध्ययन कर रही थी। न जाने क्यों, तीनों चुप होकर मन-ही-मन सोच रही थीं। पलंग पर श्यामदुलारी मोटी-सी तकिया के सहारे बैठी थीं। चौकी पर चांदनी बिछी थी। माधुरी और अनवरी वहीं बैठी हुई एक-दूसरे का मुंह देख रही थीं। तीन-चार कुर्सियां पड़ी थीं। छोटी कोठी का यह बाहरी कमरा था। श्यामदुलारी यहीं पर सबसे बात करती, मिलती-जुलती थीं; क्योंकि उनका निज का प्रकोष्ठ तो देव-मंदिर के समान पवित्र, अस्पृश्य और दुर्गम्य था? बिना स्नान किए-कपड़ा बदले, वहां कौन जा सकता था! बाहर पैरों का शब्द सुनाई पड़ा। तीनों स्त्रियां सजग हो गईं, माधुरी अपनी साड़ी का किनारा संवारने लगी। अनवरी एक उंगली से कान के पास के बालों को ऊपर उठाने लगी और, श्यामदुलारी थोड़ा खांसने लगी। इन्द्रदेव शैला और चौबेजी के साथ, भीतर आए। माता को प्रणाम किया। श्यामदुलराि ने 'सुखी रहो' कहते हुए देखा कि वह गोरी मेम भी दोनों हाथों की पतली उंगलियों में बनारसी साड़ी का सुनहला अंचल दबाए नमस्कार कर रही है। अनवरी उठकर खड़ी हो गई। माधुरी चौकी पर ही थोड़ा खिसक गई। माता ने बैठने का संकेत किया। पर वह भीतर से शैला से बोलने के लिए उत्सुक थी। इन्द्रदेव ने कहा-मिस अनवरी! मां का दर्द अभी अच्छा नहीं हुआ। इसके लिए आप क्या कर रही हैं। क्यों मां, अभी दर्द में कमी तो नहीं है? है क्यों नहीं बेटा! तुमको देखकर दर्द दूर भाग जाता है। श्यामदुलारी ने मधुरता से कहा। - तब तो भाई साहब, आप यहीं मां के पास रहिए। दर्द पास न आवेगा। -माधुरी ने कहा। लेकिन बबिरिनिा! और लोग क्या करेंगे? कुंवर साहब यहीं घर में बैठे रहेंगे, तो जो लोग मिलने-जुलने वाले हैं, वे कहां जाएंगे! ____ -अनवरी ने व्यंग्य से कहा। यह बात श्यामदलारी को अच्छी न लगी। उन्होंने कहा-मैं तो चाहती हैं कि इन्द्र मेरी आखों से ओझल न हो। वह करता ही क्या है मिस अनवरी! शिकार खेलने में ज्यादा मन लगाता है। क्यों, विलायत में इसकी बड़ी चाल है न! अच्छा बेटा! यह मेम साहब कौन है? इनका तो तुमने परिचय ही नहीं दिया। मां, इंग्लैंड में यही मेरा सब प्रबंध करती थी। मेरे खाने-पीने का, पढ़ने-लिखने का, कभी जब अस्वस्थ हो जाता तो डॉक्टरों का, और रात-रात-भर जागकर नियमपूर्वक दवा देने का काम यही करती थी। इनका मैं चिर-ऋणी हूं। इनकी इच्छा हुई कि मैं भारतवर्ष ________________",149,attribution_dash,"मिस अनवरी! मां का दर्द अभी अच्छा नहीं हुआ। इसके लिए आप क्या कर रही हैं। क्यों मां, अभी दर्द में कमी तो नहीं है? है क्यों नहीं बेटा! तुमको देखकर दर्द दूर भाग जाता है। श्यामदुलारी ने मधुरता से कहा। - तब तो भाई साहब, आप यहीं मां के पास रहिए। दर्द पास न आवेगा। -माधुरी ने कहा। लेकिन बबिरिनिा! और लोग क्या करेंगे? कुंवर साहब यहीं घर में बैठे रहेंगे, तो जो लोग मिलने-जुलने वाले हैं, वे कहां जाएंगे! ____",अनवरी ने व्यंग्य से कहा,अनवरी,1383,1780,high,
TITLI-CAND-000101,1.6,titli_06.html,"संभाल सकेंगे? यदि नहीं, तो मैं क्यों बनाने की चेष्टा करूं। उसके मन में तेरह बरस के कृष्णमोहन का ध्यान आ गया। थियासोफिकल स्कूल में वह पढ़ता है। पिता बाबू श्यामलाल उसकी ओर से निश्चित थे। हां, उसके भविष्य की चिंता तो उसकी माता माधुरी को ही थी। तब भी वह जैसे अपने को धोखे में डालने के लिए कह बैठती-जैसा जिसके भाग्य में होगा, वही होकर रहेगा। अनवरी इस कुटुंब की मानसिक हलचल में दत्तचित्त होकर उसका अध्ययन कर रही थी। न जाने क्यों, तीनों चुप होकर मन-ही-मन सोच रही थीं। पलंग पर श्यामदुलारी मोटी-सी तकिया के सहारे बैठी थीं। चौकी पर चांदनी बिछी थी। माधुरी और अनवरी वहीं बैठी हुई एक-दूसरे का मुंह देख रही थीं। तीन-चार कुर्सियां पड़ी थीं। छोटी कोठी का यह बाहरी कमरा था। श्यामदुलारी यहीं पर सबसे बात करती, मिलती-जुलती थीं; क्योंकि उनका निज का प्रकोष्ठ तो देव-मंदिर के समान पवित्र, अस्पृश्य और दुर्गम्य था? बिना स्नान किए-कपड़ा बदले, वहां कौन जा सकता था! बाहर पैरों का शब्द सुनाई पड़ा। तीनों स्त्रियां सजग हो गईं, माधुरी अपनी साड़ी का किनारा संवारने लगी। अनवरी एक उंगली से कान के पास के बालों को ऊपर उठाने लगी और, श्यामदुलारी थोड़ा खांसने लगी। इन्द्रदेव शैला और चौबेजी के साथ, भीतर आए। माता को प्रणाम किया। श्यामदुलराि ने 'सुखी रहो' कहते हुए देखा कि वह गोरी मेम भी दोनों हाथों की पतली उंगलियों में बनारसी साड़ी का सुनहला अंचल दबाए नमस्कार कर रही है। अनवरी उठकर खड़ी हो गई। माधुरी चौकी पर ही थोड़ा खिसक गई। माता ने बैठने का संकेत किया। पर वह भीतर से शैला से बोलने के लिए उत्सुक थी। इन्द्रदेव ने कहा-मिस अनवरी! मां का दर्द अभी अच्छा नहीं हुआ। इसके लिए आप क्या कर रही हैं। क्यों मां, अभी दर्द में कमी तो नहीं है? है क्यों नहीं बेटा! तुमको देखकर दर्द दूर भाग जाता है। श्यामदुलारी ने मधुरता से कहा। - तब तो भाई साहब, आप यहीं मां के पास रहिए। दर्द पास न आवेगा। -माधुरी ने कहा। लेकिन बबिरिनिा! और लोग क्या करेंगे? कुंवर साहब यहीं घर में बैठे रहेंगे, तो जो लोग मिलने-जुलने वाले हैं, वे कहां जाएंगे! ____ -अनवरी ने व्यंग्य से कहा। यह बात श्यामदलारी को अच्छी न लगी। उन्होंने कहा-मैं तो चाहती हैं कि इन्द्र मेरी आखों से ओझल न हो। वह करता ही क्या है मिस अनवरी! शिकार खेलने में ज्यादा मन लगाता है। क्यों, विलायत में इसकी बड़ी चाल है न! अच्छा बेटा! यह मेम साहब कौन है? इनका तो तुमने परिचय ही नहीं दिया। मां, इंग्लैंड में यही मेरा सब प्रबंध करती थी। मेरे खाने-पीने का, पढ़ने-लिखने का, कभी जब अस्वस्थ हो जाता तो डॉक्टरों का, और रात-रात-भर जागकर नियमपूर्वक दवा देने का काम यही करती थी। इनका मैं चिर-ऋणी हूं। इनकी इच्छा हुई कि मैं भारतवर्ष ________________",149,attribution_dash,"मैं तो चाहती हैं कि इन्द्र मेरी आखों से ओझल न हो। वह करता ही क्या है मिस अनवरी! शिकार खेलने में ज्यादा मन लगाता है। क्यों, विलायत में इसकी बड़ी चाल है न! अच्छा बेटा! यह मेम साहब कौन है? इनका तो तुमने परिचय ही नहीं दिया। मां, इंग्लैंड में यही मेरा सब प्रबंध करती थी। मेरे खाने-पीने का, पढ़ने-लिखने का, कभी जब अस्वस्थ हो जाता तो डॉक्टरों का, और रात-रात-भर जागकर नियमपूर्वक दवा देने का काम यही करती थी। इनका मैं चिर-ऋणी हूं। इनकी इच्छा हुई कि मैं भारतवर्ष ________________",कहा,,1854,2323,high,
TITLI-CAND-000102,1.6,titli_06.html,"मेरा नाम 'शैला' है मां जी! शैला की बोली घंटी की तरह गूंज उठी! श्यामदुलारी के मन में ममता उमड़ आई। उन्होंने कहा-चौबेजी! देखिए, इनको कोई कष्ट न होने पावे। इन्द्रदेव तो लड़का है, वह कभी काहे को इनकी सुविधा की खोज-खबर लेता होगा। जी सरकार! मेम साहब बड़ी चतुर हैं। वह तो कुंवर साहब का प्रबंध स्वयं आदेश देकर कराती रहती हैं। हम लोग तो अभी सीख रहे हैं। बड़े सरकार के समय में जो व्यवस्था थी, उसी से तो अब काम नहीं चल सकता! इन्द्रदेव घबरा गए थे। उन्हें कभी चौबे, कभी अनवरी पर क्रोध आता; पर वह बहाली देते रहे। __ माधुरी ने कहा-अच्छा तो भाई साहब! अभी शहर चलने की इच्छा नहीं है क्या? अब तो यहां कड़ी देहाती सर्दी पड़ेगी। नहीं, अभी तो यहीं रहूंगा। क्यों मां, यहां कोई कष्ट तो नहीं है?—इन्द्रदेव ने पूछा। अनवरी ने कहा-इस छोटी कोठी में साफ हवा कम आती है। और तो कोई...हां, बीबीरानी, मैं यह तो कहना भूल ही गई थी कि मुझे आज शहर चले जाना चाहिए। कई रोगियों को आज ही तक के लिए दवा दे आई हूं। मोटर तो मिल जाएगी न? ठहरिए, आप तो न जाने क्यों घबराई हैं। अभी तो मां की दवा...माधुरी की बात पूरी न होने पाई कि अनवरी ने कहा-दवा खाएगी तो नहीं, यही लगाने की दवा है। लगाते रहिए, मुझे रोक कर क्या कीजिएगा। हां, यहां साफ हवा मिलनी चाहिए, इसके लिए आप सोचिए। __चौबेजी बीच में बोल उठे-तो बड़ी सरकार उस कोठी में रहें, खुले हुए कमरे और दालान उसमें तो हैं ही। बोलने के लिए तो बोल गए; पर चौबेजी कई बातें सोचकर दांत से अपनी जीभ दबाने लगे। उनकी इच्छा तो हुई कि अपने कान भी पकड़ लें; पर साहस न हुआ। इन्द्रदेव चुप रहे। शैला ने कहा-मां जी! बड़ी कोठी में चलिए। यहां न रहिए। -वह बेचारी मूल गई कि श्यामदुलारी उसके साथ कैसे रहेंगी! श्यामदुलारी ने इन्द्रदेव का चेहरा देखा। वह उतरा हुआ तो नहीं था; किंतु उस पर उत्साह भी न था। माधुरी ने शैला को स्वयं कहते हुए जब सुना, तो वह बोली-अच्छा तो है मां! मेम साहब और अनवरी बीबी इसमें आ जाएंगी। हम लोग वहीं चलकर रहें। अनवरी ने कहा-मुझे एक दिन में लौट आने दीजिए। श्यामदुलारी ने देखा कि काम तो हो चला है, अब इस बात को यहीं रोक देना चाहिए। वह बोली-बेटा! कलेक्टर साहब ने नमूने का गांव बसाने का जो नक्शा भेजा था, उसे तुमने देखा? नहीं मां, अभी तो नहीं-शैला के पास वह है। इन्हें गांवों से बड़ा प्रेम है। मैंने इन्हीं के ऊपर यह भार छोड़ दिया है। इसके लिए यही एक योजना तैयार करने में लगी हैं। श्यामदुलरि सावधान हो गईं। शैला ने कहा-मां जी, अभी तो मैं गांवों में जाकर यहां की बातें समझने लगी हूं। फिर भी बहुत-सी बातें अभी नहीं समझ सकी हूं। किसी दिन आपको अवकाश रहे, तो मैं नक्शा ले आऊं?",151,attribution_quote,शैला,बोली,,10,14,high,very short candidate (<5 characters); verify spoken context
TITLI-CAND-000103,1.6,titli_06.html,"मेरा नाम 'शैला' है मां जी! शैला की बोली घंटी की तरह गूंज उठी! श्यामदुलारी के मन में ममता उमड़ आई। उन्होंने कहा-चौबेजी! देखिए, इनको कोई कष्ट न होने पावे। इन्द्रदेव तो लड़का है, वह कभी काहे को इनकी सुविधा की खोज-खबर लेता होगा। जी सरकार! मेम साहब बड़ी चतुर हैं। वह तो कुंवर साहब का प्रबंध स्वयं आदेश देकर कराती रहती हैं। हम लोग तो अभी सीख रहे हैं। बड़े सरकार के समय में जो व्यवस्था थी, उसी से तो अब काम नहीं चल सकता! इन्द्रदेव घबरा गए थे। उन्हें कभी चौबे, कभी अनवरी पर क्रोध आता; पर वह बहाली देते रहे। __ माधुरी ने कहा-अच्छा तो भाई साहब! अभी शहर चलने की इच्छा नहीं है क्या? अब तो यहां कड़ी देहाती सर्दी पड़ेगी। नहीं, अभी तो यहीं रहूंगा। क्यों मां, यहां कोई कष्ट तो नहीं है?—इन्द्रदेव ने पूछा। अनवरी ने कहा-इस छोटी कोठी में साफ हवा कम आती है। और तो कोई...हां, बीबीरानी, मैं यह तो कहना भूल ही गई थी कि मुझे आज शहर चले जाना चाहिए। कई रोगियों को आज ही तक के लिए दवा दे आई हूं। मोटर तो मिल जाएगी न? ठहरिए, आप तो न जाने क्यों घबराई हैं। अभी तो मां की दवा...माधुरी की बात पूरी न होने पाई कि अनवरी ने कहा-दवा खाएगी तो नहीं, यही लगाने की दवा है। लगाते रहिए, मुझे रोक कर क्या कीजिएगा। हां, यहां साफ हवा मिलनी चाहिए, इसके लिए आप सोचिए। __चौबेजी बीच में बोल उठे-तो बड़ी सरकार उस कोठी में रहें, खुले हुए कमरे और दालान उसमें तो हैं ही। बोलने के लिए तो बोल गए; पर चौबेजी कई बातें सोचकर दांत से अपनी जीभ दबाने लगे। उनकी इच्छा तो हुई कि अपने कान भी पकड़ लें; पर साहस न हुआ। इन्द्रदेव चुप रहे। शैला ने कहा-मां जी! बड़ी कोठी में चलिए। यहां न रहिए। -वह बेचारी मूल गई कि श्यामदुलारी उसके साथ कैसे रहेंगी! श्यामदुलारी ने इन्द्रदेव का चेहरा देखा। वह उतरा हुआ तो नहीं था; किंतु उस पर उत्साह भी न था। माधुरी ने शैला को स्वयं कहते हुए जब सुना, तो वह बोली-अच्छा तो है मां! मेम साहब और अनवरी बीबी इसमें आ जाएंगी। हम लोग वहीं चलकर रहें। अनवरी ने कहा-मुझे एक दिन में लौट आने दीजिए। श्यामदुलारी ने देखा कि काम तो हो चला है, अब इस बात को यहीं रोक देना चाहिए। वह बोली-बेटा! कलेक्टर साहब ने नमूने का गांव बसाने का जो नक्शा भेजा था, उसे तुमने देखा? नहीं मां, अभी तो नहीं-शैला के पास वह है। इन्हें गांवों से बड़ा प्रेम है। मैंने इन्हीं के ऊपर यह भार छोड़ दिया है। इसके लिए यही एक योजना तैयार करने में लगी हैं। श्यामदुलरि सावधान हो गईं। शैला ने कहा-मां जी, अभी तो मैं गांवों में जाकर यहां की बातें समझने लगी हूं। फिर भी बहुत-सी बातें अभी नहीं समझ सकी हूं। किसी दिन आपको अवकाश रहे, तो मैं नक्शा ले आऊं?",151,multi_turn_paragraph,"चौबेजी! देखिए, इनको कोई कष्ट न होने पावे। इन्द्रदेव तो लड़का है, वह कभी काहे को इनकी सुविधा की खोज-खबर लेता होगा। जी सरकार! मेम साहब बड़ी चतुर हैं। वह तो कुंवर साहब का प्रबंध स्वयं आदेश देकर कराती रहती हैं। हम लोग तो अभी सीख रहे हैं। बड़े सरकार के समय में जो व्यवस्था थी, उसी से तो अब काम नहीं चल सकता! इन्द्रदेव घबरा गए थे। उन्हें कभी चौबे, कभी अनवरी पर क्रोध आता; पर वह बहाली देते रहे। __",कहा,,111,501,high,
TITLI-CAND-000104,1.6,titli_06.html,"मेरा नाम 'शैला' है मां जी! शैला की बोली घंटी की तरह गूंज उठी! श्यामदुलारी के मन में ममता उमड़ आई। उन्होंने कहा-चौबेजी! देखिए, इनको कोई कष्ट न होने पावे। इन्द्रदेव तो लड़का है, वह कभी काहे को इनकी सुविधा की खोज-खबर लेता होगा। जी सरकार! मेम साहब बड़ी चतुर हैं। वह तो कुंवर साहब का प्रबंध स्वयं आदेश देकर कराती रहती हैं। हम लोग तो अभी सीख रहे हैं। बड़े सरकार के समय में जो व्यवस्था थी, उसी से तो अब काम नहीं चल सकता! इन्द्रदेव घबरा गए थे। उन्हें कभी चौबे, कभी अनवरी पर क्रोध आता; पर वह बहाली देते रहे। __ माधुरी ने कहा-अच्छा तो भाई साहब! अभी शहर चलने की इच्छा नहीं है क्या? अब तो यहां कड़ी देहाती सर्दी पड़ेगी। नहीं, अभी तो यहीं रहूंगा। क्यों मां, यहां कोई कष्ट तो नहीं है?—इन्द्रदेव ने पूछा। अनवरी ने कहा-इस छोटी कोठी में साफ हवा कम आती है। और तो कोई...हां, बीबीरानी, मैं यह तो कहना भूल ही गई थी कि मुझे आज शहर चले जाना चाहिए। कई रोगियों को आज ही तक के लिए दवा दे आई हूं। मोटर तो मिल जाएगी न? ठहरिए, आप तो न जाने क्यों घबराई हैं। अभी तो मां की दवा...माधुरी की बात पूरी न होने पाई कि अनवरी ने कहा-दवा खाएगी तो नहीं, यही लगाने की दवा है। लगाते रहिए, मुझे रोक कर क्या कीजिएगा। हां, यहां साफ हवा मिलनी चाहिए, इसके लिए आप सोचिए। __चौबेजी बीच में बोल उठे-तो बड़ी सरकार उस कोठी में रहें, खुले हुए कमरे और दालान उसमें तो हैं ही। बोलने के लिए तो बोल गए; पर चौबेजी कई बातें सोचकर दांत से अपनी जीभ दबाने लगे। उनकी इच्छा तो हुई कि अपने कान भी पकड़ लें; पर साहस न हुआ। इन्द्रदेव चुप रहे। शैला ने कहा-मां जी! बड़ी कोठी में चलिए। यहां न रहिए। -वह बेचारी मूल गई कि श्यामदुलारी उसके साथ कैसे रहेंगी! श्यामदुलारी ने इन्द्रदेव का चेहरा देखा। वह उतरा हुआ तो नहीं था; किंतु उस पर उत्साह भी न था। माधुरी ने शैला को स्वयं कहते हुए जब सुना, तो वह बोली-अच्छा तो है मां! मेम साहब और अनवरी बीबी इसमें आ जाएंगी। हम लोग वहीं चलकर रहें। अनवरी ने कहा-मुझे एक दिन में लौट आने दीजिए। श्यामदुलारी ने देखा कि काम तो हो चला है, अब इस बात को यहीं रोक देना चाहिए। वह बोली-बेटा! कलेक्टर साहब ने नमूने का गांव बसाने का जो नक्शा भेजा था, उसे तुमने देखा? नहीं मां, अभी तो नहीं-शैला के पास वह है। इन्हें गांवों से बड़ा प्रेम है। मैंने इन्हीं के ऊपर यह भार छोड़ दिया है। इसके लिए यही एक योजना तैयार करने में लगी हैं। श्यामदुलरि सावधान हो गईं। शैला ने कहा-मां जी, अभी तो मैं गांवों में जाकर यहां की बातें समझने लगी हूं। फिर भी बहुत-सी बातें अभी नहीं समझ सकी हूं। किसी दिन आपको अवकाश रहे, तो मैं नक्शा ले आऊं?",151,attribution_dash,"अच्छा तो भाई साहब! अभी शहर चलने की इच्छा नहीं है क्या? अब तो यहां कड़ी देहाती सर्दी पड़ेगी। नहीं, अभी तो यहीं रहूंगा। क्यों मां, यहां कोई कष्ट तो नहीं है?",इन्द्रदेव ने पूछा,इन्द्रदेव,516,670,high,
TITLI-CAND-000105,1.6,titli_06.html,"मेरा नाम 'शैला' है मां जी! शैला की बोली घंटी की तरह गूंज उठी! श्यामदुलारी के मन में ममता उमड़ आई। उन्होंने कहा-चौबेजी! देखिए, इनको कोई कष्ट न होने पावे। इन्द्रदेव तो लड़का है, वह कभी काहे को इनकी सुविधा की खोज-खबर लेता होगा। जी सरकार! मेम साहब बड़ी चतुर हैं। वह तो कुंवर साहब का प्रबंध स्वयं आदेश देकर कराती रहती हैं। हम लोग तो अभी सीख रहे हैं। बड़े सरकार के समय में जो व्यवस्था थी, उसी से तो अब काम नहीं चल सकता! इन्द्रदेव घबरा गए थे। उन्हें कभी चौबे, कभी अनवरी पर क्रोध आता; पर वह बहाली देते रहे। __ माधुरी ने कहा-अच्छा तो भाई साहब! अभी शहर चलने की इच्छा नहीं है क्या? अब तो यहां कड़ी देहाती सर्दी पड़ेगी। नहीं, अभी तो यहीं रहूंगा। क्यों मां, यहां कोई कष्ट तो नहीं है?—इन्द्रदेव ने पूछा। अनवरी ने कहा-इस छोटी कोठी में साफ हवा कम आती है। और तो कोई...हां, बीबीरानी, मैं यह तो कहना भूल ही गई थी कि मुझे आज शहर चले जाना चाहिए। कई रोगियों को आज ही तक के लिए दवा दे आई हूं। मोटर तो मिल जाएगी न? ठहरिए, आप तो न जाने क्यों घबराई हैं। अभी तो मां की दवा...माधुरी की बात पूरी न होने पाई कि अनवरी ने कहा-दवा खाएगी तो नहीं, यही लगाने की दवा है। लगाते रहिए, मुझे रोक कर क्या कीजिएगा। हां, यहां साफ हवा मिलनी चाहिए, इसके लिए आप सोचिए। __चौबेजी बीच में बोल उठे-तो बड़ी सरकार उस कोठी में रहें, खुले हुए कमरे और दालान उसमें तो हैं ही। बोलने के लिए तो बोल गए; पर चौबेजी कई बातें सोचकर दांत से अपनी जीभ दबाने लगे। उनकी इच्छा तो हुई कि अपने कान भी पकड़ लें; पर साहस न हुआ। इन्द्रदेव चुप रहे। शैला ने कहा-मां जी! बड़ी कोठी में चलिए। यहां न रहिए। -वह बेचारी मूल गई कि श्यामदुलारी उसके साथ कैसे रहेंगी! श्यामदुलारी ने इन्द्रदेव का चेहरा देखा। वह उतरा हुआ तो नहीं था; किंतु उस पर उत्साह भी न था। माधुरी ने शैला को स्वयं कहते हुए जब सुना, तो वह बोली-अच्छा तो है मां! मेम साहब और अनवरी बीबी इसमें आ जाएंगी। हम लोग वहीं चलकर रहें। अनवरी ने कहा-मुझे एक दिन में लौट आने दीजिए। श्यामदुलारी ने देखा कि काम तो हो चला है, अब इस बात को यहीं रोक देना चाहिए। वह बोली-बेटा! कलेक्टर साहब ने नमूने का गांव बसाने का जो नक्शा भेजा था, उसे तुमने देखा? नहीं मां, अभी तो नहीं-शैला के पास वह है। इन्हें गांवों से बड़ा प्रेम है। मैंने इन्हीं के ऊपर यह भार छोड़ दिया है। इसके लिए यही एक योजना तैयार करने में लगी हैं। श्यामदुलरि सावधान हो गईं। शैला ने कहा-मां जी, अभी तो मैं गांवों में जाकर यहां की बातें समझने लगी हूं। फिर भी बहुत-सी बातें अभी नहीं समझ सकी हूं। किसी दिन आपको अवकाश रहे, तो मैं नक्शा ले आऊं?",151,multi_turn_paragraph,"इस छोटी कोठी में साफ हवा कम आती है। और तो कोई...हां, बीबीरानी, मैं यह तो कहना भूल ही गई थी कि मुझे आज शहर चले जाना चाहिए। कई रोगियों को आज ही तक के लिए दवा दे आई हूं। मोटर तो मिल जाएगी न? ठहरिए, आप तो न जाने क्यों घबराई हैं। अभी तो मां की दवा...माधुरी की बात पूरी न होने पाई कि",इन्द्रदेव ने पूछा। अनवरी ने कहा,इन्द्रदेव,703,980,high,
TITLI-CAND-000106,1.6,titli_06.html,"मेरा नाम 'शैला' है मां जी! शैला की बोली घंटी की तरह गूंज उठी! श्यामदुलारी के मन में ममता उमड़ आई। उन्होंने कहा-चौबेजी! देखिए, इनको कोई कष्ट न होने पावे। इन्द्रदेव तो लड़का है, वह कभी काहे को इनकी सुविधा की खोज-खबर लेता होगा। जी सरकार! मेम साहब बड़ी चतुर हैं। वह तो कुंवर साहब का प्रबंध स्वयं आदेश देकर कराती रहती हैं। हम लोग तो अभी सीख रहे हैं। बड़े सरकार के समय में जो व्यवस्था थी, उसी से तो अब काम नहीं चल सकता! इन्द्रदेव घबरा गए थे। उन्हें कभी चौबे, कभी अनवरी पर क्रोध आता; पर वह बहाली देते रहे। __ माधुरी ने कहा-अच्छा तो भाई साहब! अभी शहर चलने की इच्छा नहीं है क्या? अब तो यहां कड़ी देहाती सर्दी पड़ेगी। नहीं, अभी तो यहीं रहूंगा। क्यों मां, यहां कोई कष्ट तो नहीं है?—इन्द्रदेव ने पूछा। अनवरी ने कहा-इस छोटी कोठी में साफ हवा कम आती है। और तो कोई...हां, बीबीरानी, मैं यह तो कहना भूल ही गई थी कि मुझे आज शहर चले जाना चाहिए। कई रोगियों को आज ही तक के लिए दवा दे आई हूं। मोटर तो मिल जाएगी न? ठहरिए, आप तो न जाने क्यों घबराई हैं। अभी तो मां की दवा...माधुरी की बात पूरी न होने पाई कि अनवरी ने कहा-दवा खाएगी तो नहीं, यही लगाने की दवा है। लगाते रहिए, मुझे रोक कर क्या कीजिएगा। हां, यहां साफ हवा मिलनी चाहिए, इसके लिए आप सोचिए। __चौबेजी बीच में बोल उठे-तो बड़ी सरकार उस कोठी में रहें, खुले हुए कमरे और दालान उसमें तो हैं ही। बोलने के लिए तो बोल गए; पर चौबेजी कई बातें सोचकर दांत से अपनी जीभ दबाने लगे। उनकी इच्छा तो हुई कि अपने कान भी पकड़ लें; पर साहस न हुआ। इन्द्रदेव चुप रहे। शैला ने कहा-मां जी! बड़ी कोठी में चलिए। यहां न रहिए। -वह बेचारी मूल गई कि श्यामदुलारी उसके साथ कैसे रहेंगी! श्यामदुलारी ने इन्द्रदेव का चेहरा देखा। वह उतरा हुआ तो नहीं था; किंतु उस पर उत्साह भी न था। माधुरी ने शैला को स्वयं कहते हुए जब सुना, तो वह बोली-अच्छा तो है मां! मेम साहब और अनवरी बीबी इसमें आ जाएंगी। हम लोग वहीं चलकर रहें। अनवरी ने कहा-मुझे एक दिन में लौट आने दीजिए। श्यामदुलारी ने देखा कि काम तो हो चला है, अब इस बात को यहीं रोक देना चाहिए। वह बोली-बेटा! कलेक्टर साहब ने नमूने का गांव बसाने का जो नक्शा भेजा था, उसे तुमने देखा? नहीं मां, अभी तो नहीं-शैला के पास वह है। इन्हें गांवों से बड़ा प्रेम है। मैंने इन्हीं के ऊपर यह भार छोड़ दिया है। इसके लिए यही एक योजना तैयार करने में लगी हैं। श्यामदुलरि सावधान हो गईं। शैला ने कहा-मां जी, अभी तो मैं गांवों में जाकर यहां की बातें समझने लगी हूं। फिर भी बहुत-सी बातें अभी नहीं समझ सकी हूं। किसी दिन आपको अवकाश रहे, तो मैं नक्शा ले आऊं?",151,multi_turn_paragraph,"दवा खाएगी तो नहीं, यही लगाने की दवा है। लगाते रहिए, मुझे रोक कर क्या कीजिएगा। हां, यहां साफ हवा मिलनी चाहिए, इसके लिए आप सोचिए। __चौबेजी बीच में",अनवरी ने कहा,अनवरी,994,1138,high,
TITLI-CAND-000107,1.6,titli_06.html,"मेरा नाम 'शैला' है मां जी! शैला की बोली घंटी की तरह गूंज उठी! श्यामदुलारी के मन में ममता उमड़ आई। उन्होंने कहा-चौबेजी! देखिए, इनको कोई कष्ट न होने पावे। इन्द्रदेव तो लड़का है, वह कभी काहे को इनकी सुविधा की खोज-खबर लेता होगा। जी सरकार! मेम साहब बड़ी चतुर हैं। वह तो कुंवर साहब का प्रबंध स्वयं आदेश देकर कराती रहती हैं। हम लोग तो अभी सीख रहे हैं। बड़े सरकार के समय में जो व्यवस्था थी, उसी से तो अब काम नहीं चल सकता! इन्द्रदेव घबरा गए थे। उन्हें कभी चौबे, कभी अनवरी पर क्रोध आता; पर वह बहाली देते रहे। __ माधुरी ने कहा-अच्छा तो भाई साहब! अभी शहर चलने की इच्छा नहीं है क्या? अब तो यहां कड़ी देहाती सर्दी पड़ेगी। नहीं, अभी तो यहीं रहूंगा। क्यों मां, यहां कोई कष्ट तो नहीं है?—इन्द्रदेव ने पूछा। अनवरी ने कहा-इस छोटी कोठी में साफ हवा कम आती है। और तो कोई...हां, बीबीरानी, मैं यह तो कहना भूल ही गई थी कि मुझे आज शहर चले जाना चाहिए। कई रोगियों को आज ही तक के लिए दवा दे आई हूं। मोटर तो मिल जाएगी न? ठहरिए, आप तो न जाने क्यों घबराई हैं। अभी तो मां की दवा...माधुरी की बात पूरी न होने पाई कि अनवरी ने कहा-दवा खाएगी तो नहीं, यही लगाने की दवा है। लगाते रहिए, मुझे रोक कर क्या कीजिएगा। हां, यहां साफ हवा मिलनी चाहिए, इसके लिए आप सोचिए। __चौबेजी बीच में बोल उठे-तो बड़ी सरकार उस कोठी में रहें, खुले हुए कमरे और दालान उसमें तो हैं ही। बोलने के लिए तो बोल गए; पर चौबेजी कई बातें सोचकर दांत से अपनी जीभ दबाने लगे। उनकी इच्छा तो हुई कि अपने कान भी पकड़ लें; पर साहस न हुआ। इन्द्रदेव चुप रहे। शैला ने कहा-मां जी! बड़ी कोठी में चलिए। यहां न रहिए। -वह बेचारी मूल गई कि श्यामदुलारी उसके साथ कैसे रहेंगी! श्यामदुलारी ने इन्द्रदेव का चेहरा देखा। वह उतरा हुआ तो नहीं था; किंतु उस पर उत्साह भी न था। माधुरी ने शैला को स्वयं कहते हुए जब सुना, तो वह बोली-अच्छा तो है मां! मेम साहब और अनवरी बीबी इसमें आ जाएंगी। हम लोग वहीं चलकर रहें। अनवरी ने कहा-मुझे एक दिन में लौट आने दीजिए। श्यामदुलारी ने देखा कि काम तो हो चला है, अब इस बात को यहीं रोक देना चाहिए। वह बोली-बेटा! कलेक्टर साहब ने नमूने का गांव बसाने का जो नक्शा भेजा था, उसे तुमने देखा? नहीं मां, अभी तो नहीं-शैला के पास वह है। इन्हें गांवों से बड़ा प्रेम है। मैंने इन्हीं के ऊपर यह भार छोड़ दिया है। इसके लिए यही एक योजना तैयार करने में लगी हैं। श्यामदुलरि सावधान हो गईं। शैला ने कहा-मां जी, अभी तो मैं गांवों में जाकर यहां की बातें समझने लगी हूं। फिर भी बहुत-सी बातें अभी नहीं समझ सकी हूं। किसी दिन आपको अवकाश रहे, तो मैं नक्शा ले आऊं?",151,multi_turn_paragraph,"तो बड़ी सरकार उस कोठी में रहें, खुले हुए कमरे और दालान उसमें तो हैं ही। बोलने के लिए तो बोल गए; पर चौबेजी कई बातें सोचकर दांत से अपनी जीभ दबाने लगे। उनकी इच्छा तो हुई कि अपने कान भी पकड़ लें; पर साहस न हुआ।",बोल उठे,,1147,1353,high,stopped before a recognizable narrative continuation; review boundary
TITLI-CAND-000108,1.6,titli_06.html,"मेरा नाम 'शैला' है मां जी! शैला की बोली घंटी की तरह गूंज उठी! श्यामदुलारी के मन में ममता उमड़ आई। उन्होंने कहा-चौबेजी! देखिए, इनको कोई कष्ट न होने पावे। इन्द्रदेव तो लड़का है, वह कभी काहे को इनकी सुविधा की खोज-खबर लेता होगा। जी सरकार! मेम साहब बड़ी चतुर हैं। वह तो कुंवर साहब का प्रबंध स्वयं आदेश देकर कराती रहती हैं। हम लोग तो अभी सीख रहे हैं। बड़े सरकार के समय में जो व्यवस्था थी, उसी से तो अब काम नहीं चल सकता! इन्द्रदेव घबरा गए थे। उन्हें कभी चौबे, कभी अनवरी पर क्रोध आता; पर वह बहाली देते रहे। __ माधुरी ने कहा-अच्छा तो भाई साहब! अभी शहर चलने की इच्छा नहीं है क्या? अब तो यहां कड़ी देहाती सर्दी पड़ेगी। नहीं, अभी तो यहीं रहूंगा। क्यों मां, यहां कोई कष्ट तो नहीं है?—इन्द्रदेव ने पूछा। अनवरी ने कहा-इस छोटी कोठी में साफ हवा कम आती है। और तो कोई...हां, बीबीरानी, मैं यह तो कहना भूल ही गई थी कि मुझे आज शहर चले जाना चाहिए। कई रोगियों को आज ही तक के लिए दवा दे आई हूं। मोटर तो मिल जाएगी न? ठहरिए, आप तो न जाने क्यों घबराई हैं। अभी तो मां की दवा...माधुरी की बात पूरी न होने पाई कि अनवरी ने कहा-दवा खाएगी तो नहीं, यही लगाने की दवा है। लगाते रहिए, मुझे रोक कर क्या कीजिएगा। हां, यहां साफ हवा मिलनी चाहिए, इसके लिए आप सोचिए। __चौबेजी बीच में बोल उठे-तो बड़ी सरकार उस कोठी में रहें, खुले हुए कमरे और दालान उसमें तो हैं ही। बोलने के लिए तो बोल गए; पर चौबेजी कई बातें सोचकर दांत से अपनी जीभ दबाने लगे। उनकी इच्छा तो हुई कि अपने कान भी पकड़ लें; पर साहस न हुआ। इन्द्रदेव चुप रहे। शैला ने कहा-मां जी! बड़ी कोठी में चलिए। यहां न रहिए। -वह बेचारी मूल गई कि श्यामदुलारी उसके साथ कैसे रहेंगी! श्यामदुलारी ने इन्द्रदेव का चेहरा देखा। वह उतरा हुआ तो नहीं था; किंतु उस पर उत्साह भी न था। माधुरी ने शैला को स्वयं कहते हुए जब सुना, तो वह बोली-अच्छा तो है मां! मेम साहब और अनवरी बीबी इसमें आ जाएंगी। हम लोग वहीं चलकर रहें। अनवरी ने कहा-मुझे एक दिन में लौट आने दीजिए। श्यामदुलारी ने देखा कि काम तो हो चला है, अब इस बात को यहीं रोक देना चाहिए। वह बोली-बेटा! कलेक्टर साहब ने नमूने का गांव बसाने का जो नक्शा भेजा था, उसे तुमने देखा? नहीं मां, अभी तो नहीं-शैला के पास वह है। इन्हें गांवों से बड़ा प्रेम है। मैंने इन्हीं के ऊपर यह भार छोड़ दिया है। इसके लिए यही एक योजना तैयार करने में लगी हैं। श्यामदुलरि सावधान हो गईं। शैला ने कहा-मां जी, अभी तो मैं गांवों में जाकर यहां की बातें समझने लगी हूं। फिर भी बहुत-सी बातें अभी नहीं समझ सकी हूं। किसी दिन आपको अवकाश रहे, तो मैं नक्शा ले आऊं?",151,multi_turn_paragraph,मां जी! बड़ी कोठी में चलिए। यहां न रहिए। -वह बेचारी मूल गई कि श्यामदुलारी उसके साथ कैसे रहेंगी! श्यामदुलारी ने इन्द्रदेव का चेहरा देखा। वह उतरा हुआ तो नहीं था; किंतु उस पर उत्साह भी न था।,शैला ने कहा,शैला,1385,1572,high,
TITLI-CAND-000109,1.6,titli_06.html,"मेरा नाम 'शैला' है मां जी! शैला की बोली घंटी की तरह गूंज उठी! श्यामदुलारी के मन में ममता उमड़ आई। उन्होंने कहा-चौबेजी! देखिए, इनको कोई कष्ट न होने पावे। इन्द्रदेव तो लड़का है, वह कभी काहे को इनकी सुविधा की खोज-खबर लेता होगा। जी सरकार! मेम साहब बड़ी चतुर हैं। वह तो कुंवर साहब का प्रबंध स्वयं आदेश देकर कराती रहती हैं। हम लोग तो अभी सीख रहे हैं। बड़े सरकार के समय में जो व्यवस्था थी, उसी से तो अब काम नहीं चल सकता! इन्द्रदेव घबरा गए थे। उन्हें कभी चौबे, कभी अनवरी पर क्रोध आता; पर वह बहाली देते रहे। __ माधुरी ने कहा-अच्छा तो भाई साहब! अभी शहर चलने की इच्छा नहीं है क्या? अब तो यहां कड़ी देहाती सर्दी पड़ेगी। नहीं, अभी तो यहीं रहूंगा। क्यों मां, यहां कोई कष्ट तो नहीं है?—इन्द्रदेव ने पूछा। अनवरी ने कहा-इस छोटी कोठी में साफ हवा कम आती है। और तो कोई...हां, बीबीरानी, मैं यह तो कहना भूल ही गई थी कि मुझे आज शहर चले जाना चाहिए। कई रोगियों को आज ही तक के लिए दवा दे आई हूं। मोटर तो मिल जाएगी न? ठहरिए, आप तो न जाने क्यों घबराई हैं। अभी तो मां की दवा...माधुरी की बात पूरी न होने पाई कि अनवरी ने कहा-दवा खाएगी तो नहीं, यही लगाने की दवा है। लगाते रहिए, मुझे रोक कर क्या कीजिएगा। हां, यहां साफ हवा मिलनी चाहिए, इसके लिए आप सोचिए। __चौबेजी बीच में बोल उठे-तो बड़ी सरकार उस कोठी में रहें, खुले हुए कमरे और दालान उसमें तो हैं ही। बोलने के लिए तो बोल गए; पर चौबेजी कई बातें सोचकर दांत से अपनी जीभ दबाने लगे। उनकी इच्छा तो हुई कि अपने कान भी पकड़ लें; पर साहस न हुआ। इन्द्रदेव चुप रहे। शैला ने कहा-मां जी! बड़ी कोठी में चलिए। यहां न रहिए। -वह बेचारी मूल गई कि श्यामदुलारी उसके साथ कैसे रहेंगी! श्यामदुलारी ने इन्द्रदेव का चेहरा देखा। वह उतरा हुआ तो नहीं था; किंतु उस पर उत्साह भी न था। माधुरी ने शैला को स्वयं कहते हुए जब सुना, तो वह बोली-अच्छा तो है मां! मेम साहब और अनवरी बीबी इसमें आ जाएंगी। हम लोग वहीं चलकर रहें। अनवरी ने कहा-मुझे एक दिन में लौट आने दीजिए। श्यामदुलारी ने देखा कि काम तो हो चला है, अब इस बात को यहीं रोक देना चाहिए। वह बोली-बेटा! कलेक्टर साहब ने नमूने का गांव बसाने का जो नक्शा भेजा था, उसे तुमने देखा? नहीं मां, अभी तो नहीं-शैला के पास वह है। इन्हें गांवों से बड़ा प्रेम है। मैंने इन्हीं के ऊपर यह भार छोड़ दिया है। इसके लिए यही एक योजना तैयार करने में लगी हैं। श्यामदुलरि सावधान हो गईं। शैला ने कहा-मां जी, अभी तो मैं गांवों में जाकर यहां की बातें समझने लगी हूं। फिर भी बहुत-सी बातें अभी नहीं समझ सकी हूं। किसी दिन आपको अवकाश रहे, तो मैं नक्शा ले आऊं?",151,multi_turn_paragraph,अच्छा तो है मां! मेम साहब और अनवरी बीबी इसमें आ जाएंगी। हम लोग वहीं चलकर रहें।,बोली,,1626,1704,high,
TITLI-CAND-000110,1.6,titli_06.html,"मेरा नाम 'शैला' है मां जी! शैला की बोली घंटी की तरह गूंज उठी! श्यामदुलारी के मन में ममता उमड़ आई। उन्होंने कहा-चौबेजी! देखिए, इनको कोई कष्ट न होने पावे। इन्द्रदेव तो लड़का है, वह कभी काहे को इनकी सुविधा की खोज-खबर लेता होगा। जी सरकार! मेम साहब बड़ी चतुर हैं। वह तो कुंवर साहब का प्रबंध स्वयं आदेश देकर कराती रहती हैं। हम लोग तो अभी सीख रहे हैं। बड़े सरकार के समय में जो व्यवस्था थी, उसी से तो अब काम नहीं चल सकता! इन्द्रदेव घबरा गए थे। उन्हें कभी चौबे, कभी अनवरी पर क्रोध आता; पर वह बहाली देते रहे। __ माधुरी ने कहा-अच्छा तो भाई साहब! अभी शहर चलने की इच्छा नहीं है क्या? अब तो यहां कड़ी देहाती सर्दी पड़ेगी। नहीं, अभी तो यहीं रहूंगा। क्यों मां, यहां कोई कष्ट तो नहीं है?—इन्द्रदेव ने पूछा। अनवरी ने कहा-इस छोटी कोठी में साफ हवा कम आती है। और तो कोई...हां, बीबीरानी, मैं यह तो कहना भूल ही गई थी कि मुझे आज शहर चले जाना चाहिए। कई रोगियों को आज ही तक के लिए दवा दे आई हूं। मोटर तो मिल जाएगी न? ठहरिए, आप तो न जाने क्यों घबराई हैं। अभी तो मां की दवा...माधुरी की बात पूरी न होने पाई कि अनवरी ने कहा-दवा खाएगी तो नहीं, यही लगाने की दवा है। लगाते रहिए, मुझे रोक कर क्या कीजिएगा। हां, यहां साफ हवा मिलनी चाहिए, इसके लिए आप सोचिए। __चौबेजी बीच में बोल उठे-तो बड़ी सरकार उस कोठी में रहें, खुले हुए कमरे और दालान उसमें तो हैं ही। बोलने के लिए तो बोल गए; पर चौबेजी कई बातें सोचकर दांत से अपनी जीभ दबाने लगे। उनकी इच्छा तो हुई कि अपने कान भी पकड़ लें; पर साहस न हुआ। इन्द्रदेव चुप रहे। शैला ने कहा-मां जी! बड़ी कोठी में चलिए। यहां न रहिए। -वह बेचारी मूल गई कि श्यामदुलारी उसके साथ कैसे रहेंगी! श्यामदुलारी ने इन्द्रदेव का चेहरा देखा। वह उतरा हुआ तो नहीं था; किंतु उस पर उत्साह भी न था। माधुरी ने शैला को स्वयं कहते हुए जब सुना, तो वह बोली-अच्छा तो है मां! मेम साहब और अनवरी बीबी इसमें आ जाएंगी। हम लोग वहीं चलकर रहें। अनवरी ने कहा-मुझे एक दिन में लौट आने दीजिए। श्यामदुलारी ने देखा कि काम तो हो चला है, अब इस बात को यहीं रोक देना चाहिए। वह बोली-बेटा! कलेक्टर साहब ने नमूने का गांव बसाने का जो नक्शा भेजा था, उसे तुमने देखा? नहीं मां, अभी तो नहीं-शैला के पास वह है। इन्हें गांवों से बड़ा प्रेम है। मैंने इन्हीं के ऊपर यह भार छोड़ दिया है। इसके लिए यही एक योजना तैयार करने में लगी हैं। श्यामदुलरि सावधान हो गईं। शैला ने कहा-मां जी, अभी तो मैं गांवों में जाकर यहां की बातें समझने लगी हूं। फिर भी बहुत-सी बातें अभी नहीं समझ सकी हूं। किसी दिन आपको अवकाश रहे, तो मैं नक्शा ले आऊं?",151,multi_turn_paragraph,"मुझे एक दिन में लौट आने दीजिए। श्यामदुलारी ने देखा कि काम तो हो चला है, अब इस बात को यहीं रोक देना चाहिए। वह",अनवरी ने कहा,अनवरी,1718,1826,high,
TITLI-CAND-000111,1.6,titli_06.html,"मेरा नाम 'शैला' है मां जी! शैला की बोली घंटी की तरह गूंज उठी! श्यामदुलारी के मन में ममता उमड़ आई। उन्होंने कहा-चौबेजी! देखिए, इनको कोई कष्ट न होने पावे। इन्द्रदेव तो लड़का है, वह कभी काहे को इनकी सुविधा की खोज-खबर लेता होगा। जी सरकार! मेम साहब बड़ी चतुर हैं। वह तो कुंवर साहब का प्रबंध स्वयं आदेश देकर कराती रहती हैं। हम लोग तो अभी सीख रहे हैं। बड़े सरकार के समय में जो व्यवस्था थी, उसी से तो अब काम नहीं चल सकता! इन्द्रदेव घबरा गए थे। उन्हें कभी चौबे, कभी अनवरी पर क्रोध आता; पर वह बहाली देते रहे। __ माधुरी ने कहा-अच्छा तो भाई साहब! अभी शहर चलने की इच्छा नहीं है क्या? अब तो यहां कड़ी देहाती सर्दी पड़ेगी। नहीं, अभी तो यहीं रहूंगा। क्यों मां, यहां कोई कष्ट तो नहीं है?—इन्द्रदेव ने पूछा। अनवरी ने कहा-इस छोटी कोठी में साफ हवा कम आती है। और तो कोई...हां, बीबीरानी, मैं यह तो कहना भूल ही गई थी कि मुझे आज शहर चले जाना चाहिए। कई रोगियों को आज ही तक के लिए दवा दे आई हूं। मोटर तो मिल जाएगी न? ठहरिए, आप तो न जाने क्यों घबराई हैं। अभी तो मां की दवा...माधुरी की बात पूरी न होने पाई कि अनवरी ने कहा-दवा खाएगी तो नहीं, यही लगाने की दवा है। लगाते रहिए, मुझे रोक कर क्या कीजिएगा। हां, यहां साफ हवा मिलनी चाहिए, इसके लिए आप सोचिए। __चौबेजी बीच में बोल उठे-तो बड़ी सरकार उस कोठी में रहें, खुले हुए कमरे और दालान उसमें तो हैं ही। बोलने के लिए तो बोल गए; पर चौबेजी कई बातें सोचकर दांत से अपनी जीभ दबाने लगे। उनकी इच्छा तो हुई कि अपने कान भी पकड़ लें; पर साहस न हुआ। इन्द्रदेव चुप रहे। शैला ने कहा-मां जी! बड़ी कोठी में चलिए। यहां न रहिए। -वह बेचारी मूल गई कि श्यामदुलारी उसके साथ कैसे रहेंगी! श्यामदुलारी ने इन्द्रदेव का चेहरा देखा। वह उतरा हुआ तो नहीं था; किंतु उस पर उत्साह भी न था। माधुरी ने शैला को स्वयं कहते हुए जब सुना, तो वह बोली-अच्छा तो है मां! मेम साहब और अनवरी बीबी इसमें आ जाएंगी। हम लोग वहीं चलकर रहें। अनवरी ने कहा-मुझे एक दिन में लौट आने दीजिए। श्यामदुलारी ने देखा कि काम तो हो चला है, अब इस बात को यहीं रोक देना चाहिए। वह बोली-बेटा! कलेक्टर साहब ने नमूने का गांव बसाने का जो नक्शा भेजा था, उसे तुमने देखा? नहीं मां, अभी तो नहीं-शैला के पास वह है। इन्हें गांवों से बड़ा प्रेम है। मैंने इन्हीं के ऊपर यह भार छोड़ दिया है। इसके लिए यही एक योजना तैयार करने में लगी हैं। श्यामदुलरि सावधान हो गईं। शैला ने कहा-मां जी, अभी तो मैं गांवों में जाकर यहां की बातें समझने लगी हूं। फिर भी बहुत-सी बातें अभी नहीं समझ सकी हूं। किसी दिन आपको अवकाश रहे, तो मैं नक्शा ले आऊं?",151,multi_turn_paragraph,"बेटा! कलेक्टर साहब ने नमूने का गांव बसाने का जो नक्शा भेजा था, उसे तुमने देखा? नहीं मां, अभी तो नहीं-शैला के पास वह है। इन्हें गांवों से बड़ा प्रेम है। मैंने इन्हीं के ऊपर यह भार छोड़ दिया है। इसके लिए यही एक योजना तैयार करने में लगी हैं। श्यामदुलरि सावधान हो गईं।",बोली,,1832,2096,high,
TITLI-CAND-000112,1.6,titli_06.html,"मेरा नाम 'शैला' है मां जी! शैला की बोली घंटी की तरह गूंज उठी! श्यामदुलारी के मन में ममता उमड़ आई। उन्होंने कहा-चौबेजी! देखिए, इनको कोई कष्ट न होने पावे। इन्द्रदेव तो लड़का है, वह कभी काहे को इनकी सुविधा की खोज-खबर लेता होगा। जी सरकार! मेम साहब बड़ी चतुर हैं। वह तो कुंवर साहब का प्रबंध स्वयं आदेश देकर कराती रहती हैं। हम लोग तो अभी सीख रहे हैं। बड़े सरकार के समय में जो व्यवस्था थी, उसी से तो अब काम नहीं चल सकता! इन्द्रदेव घबरा गए थे। उन्हें कभी चौबे, कभी अनवरी पर क्रोध आता; पर वह बहाली देते रहे। __ माधुरी ने कहा-अच्छा तो भाई साहब! अभी शहर चलने की इच्छा नहीं है क्या? अब तो यहां कड़ी देहाती सर्दी पड़ेगी। नहीं, अभी तो यहीं रहूंगा। क्यों मां, यहां कोई कष्ट तो नहीं है?—इन्द्रदेव ने पूछा। अनवरी ने कहा-इस छोटी कोठी में साफ हवा कम आती है। और तो कोई...हां, बीबीरानी, मैं यह तो कहना भूल ही गई थी कि मुझे आज शहर चले जाना चाहिए। कई रोगियों को आज ही तक के लिए दवा दे आई हूं। मोटर तो मिल जाएगी न? ठहरिए, आप तो न जाने क्यों घबराई हैं। अभी तो मां की दवा...माधुरी की बात पूरी न होने पाई कि अनवरी ने कहा-दवा खाएगी तो नहीं, यही लगाने की दवा है। लगाते रहिए, मुझे रोक कर क्या कीजिएगा। हां, यहां साफ हवा मिलनी चाहिए, इसके लिए आप सोचिए। __चौबेजी बीच में बोल उठे-तो बड़ी सरकार उस कोठी में रहें, खुले हुए कमरे और दालान उसमें तो हैं ही। बोलने के लिए तो बोल गए; पर चौबेजी कई बातें सोचकर दांत से अपनी जीभ दबाने लगे। उनकी इच्छा तो हुई कि अपने कान भी पकड़ लें; पर साहस न हुआ। इन्द्रदेव चुप रहे। शैला ने कहा-मां जी! बड़ी कोठी में चलिए। यहां न रहिए। -वह बेचारी मूल गई कि श्यामदुलारी उसके साथ कैसे रहेंगी! श्यामदुलारी ने इन्द्रदेव का चेहरा देखा। वह उतरा हुआ तो नहीं था; किंतु उस पर उत्साह भी न था। माधुरी ने शैला को स्वयं कहते हुए जब सुना, तो वह बोली-अच्छा तो है मां! मेम साहब और अनवरी बीबी इसमें आ जाएंगी। हम लोग वहीं चलकर रहें। अनवरी ने कहा-मुझे एक दिन में लौट आने दीजिए। श्यामदुलारी ने देखा कि काम तो हो चला है, अब इस बात को यहीं रोक देना चाहिए। वह बोली-बेटा! कलेक्टर साहब ने नमूने का गांव बसाने का जो नक्शा भेजा था, उसे तुमने देखा? नहीं मां, अभी तो नहीं-शैला के पास वह है। इन्हें गांवों से बड़ा प्रेम है। मैंने इन्हीं के ऊपर यह भार छोड़ दिया है। इसके लिए यही एक योजना तैयार करने में लगी हैं। श्यामदुलरि सावधान हो गईं। शैला ने कहा-मां जी, अभी तो मैं गांवों में जाकर यहां की बातें समझने लगी हूं। फिर भी बहुत-सी बातें अभी नहीं समझ सकी हूं। किसी दिन आपको अवकाश रहे, तो मैं नक्शा ले आऊं?",151,attribution_dash,"मां जी, अभी तो मैं गांवों में जाकर यहां की बातें समझने लगी हूं। फिर भी बहुत-सी बातें अभी नहीं समझ सकी हूं। किसी दिन आपको अवकाश रहे, तो मैं नक्शा ले आऊं?",शैला ने कहा,शैला,2109,2261,high,
TITLI-CAND-000113,1.6,titli_06.html,"श्यामदुलारी का हृदय, बेटे का काम की बातों में मन लगाते देखकर, मिठास से भरने लगा। उन्होंने कहा-अच्छा; तो मैं अब पूजा करने जाती हूं। बीबी! मिस अनवरी को जाने दो, कल आ जाएंगी। हां, एक बात तो मैं भूल ही गई थी-मिस अनवरी, आप आने लगिए, तो कृष्णमोहन को छुट्टी दिलाकर साथ लिवाते आइएगा।",153,attribution_dash,"अच्छा; तो मैं अब पूजा करने जाती हूं। बीबी! मिस अनवरी को जाने दो, कल आ जाएंगी। हां, एक बात तो मैं भूल ही गई थी-मिस अनवरी, आप आने लगिए, तो कृष्णमोहन को छुट्टी दिलाकर साथ लिवाते आइएगा।",कहा,,94,275,high,
TITLI-CAND-000114,1.6,titli_06.html,श्यामदुलारी ने माधुरी को भी प्रसन्न करने का उपाय निकाल ही लिया! अनवरी ने कहा-बहुत अच्छा।,154,attribution_dash,बहुत अच्छा।,अनवरी ने कहा,अनवरी,77,88,high,
TITLI-CAND-000115,1.6,titli_06.html,"शैला ने कहा-मैं आपके पास आकर कभी-कभी बैठा करूं, इसके लिए क्या आप मुझे आज्ञा देगी मां जी!",155,attribution_dash,"मैं आपके पास आकर कभी-कभी बैठा करूं, इसके लिए क्या आप मुझे आज्ञा देगी मां जी!",शैला ने कहा,शैला,12,88,high,
TITLI-CAND-000116,1.6,titli_06.html,"श्यामदुलरि ने हंसकर कहा-वाह! यह तो मेरे सिर पर अच्छा कलंक है। क्या मैं किसी को छूती नहीं? आप आइए, मुझे आपकी बातें बड़ी मीठी लगती हैं।",158,attribution_dash,"वाह! यह तो मेरे सिर पर अच्छा कलंक है। क्या मैं किसी को छूती नहीं? आप आइए, मुझे आपकी बातें बड़ी मीठी लगती हैं।",श्यामदुलरि ने हंसकर कहा,श्यामदुलरि,24,133,high,
TITLI-CAND-000117,1.6,titli_06.html,"इन्द्रदेव ने देखा कि उनके हृदय का बोझ टल गया-शैला ने मां के समीप पहंचने का अपना पथ बना लिया। उन्होंने इसे अपनी विजय समझी। वह मन-ही-मन प्रसन्न हो रहे थे कि शैला ने उठते हुए नमस्कार करके कहा-मां जी, मुझसे मूल हो सकती है, अपराध नहीं। तब भी, आप लोगों की स्नेह-छाया में मुझे सुख की अधिक आशाहै।",159,attribution_dash,"मां जी, मुझसे मूल हो सकती है, अपराध नहीं। तब भी, आप लोगों की स्नेह-छाया में मुझे सुख की अधिक आशाहै।",शैला ने उठते हुए नमस्कार करके कहा,शैला,189,288,high,
TITLI-CAND-000118,1.6,titli_06.html,"इन्द्रदेव के साथ शैला धीरे-धीरे बड़ी कोठी की ओर चली जा रही थी। मोटर के लिए चौबेजी गए थे, तब तक दालान में अनवरी से माधुरी कहने लगी-तुमने ठीक कहा था मिस अनवरी!",162,multi_turn_paragraph,तुमने ठीक,कहने लगी,,130,139,high,
TITLI-CAND-000119,1.6,titli_06.html,"उसने माधुरी को अधिक खुलने का अवसर देते हुए कहा-मैंने क्या ठीक कहा था? यही, शैला के संबंध में...",163,multi_turn_paragraph,मैंने क्या ठीक,कहा,,47,61,high,
TITLI-CAND-000120,1.6,titli_06.html,अनवरी गंभीर बन गई। उसने कहा-बीबी रानी! तुम लोगों को इनसे कभी काम नहीं पड़ा है। ये सब जादूगर हैं। देखा न मां जी को कैसा अपनी ओर ढुलका लिया-मोम बन गई। क्या यूं ही सात समुद्र तेरह नदी पार करके यह आई है! और...,164,attribution_dash,बीबी रानी! तुम लोगों को इनसे कभी काम नहीं पड़ा है। ये सब जादूगर हैं। देखा न मां जी को कैसा अपनी ओर ढुलका लिया-मोम बन गई। क्या यूं ही सात समुद्र तेरह नदी पार करके यह आई है! और...,कहा,,28,205,high,
TITLI-CAND-000121,1.6,titli_06.html,"वह भी घुटी हुई है, कैसा पी गई! बीबी को कसक तो होगी ही! बीबी रानी, मैं तुमसे फिर कहती हूं तुम अपनी देखो। आपके भाई साहब तो नदी की बाढ़ में बह रहे हैं। मैं कल तो न आ सकूँगी। हां, जल्दी आने की... नहीं-नहीं अनवरी! कल, कल तुमको अवश्य आना होगा। इस समय तुम्हारी सहायता की बड़ी आवश्यकता है। उस चुडैल को, जिस तरह हो, नीचा... माधुरी आगे कुछ न कह सकी, उसका क्रोध कपोलों पर लाल हो रहा था। ___ मानव-स्वभाव है; वह अपने सुख को विस्तृत करना चाहता है। और भी, केवल अपने सुख से ही सुखी नहीं होता, कभी-कभी दूसरों को दुखी करके, अपमानित करके, अपने मान को, सुख को प्रतिष्ठित करता है। माधुरी के मन में अनवरी के द्वारा जो आग जलाई गई है, वह कई रूप बदलकर उसके कोने-कोने में झलसाने लगी है उसके मनमें लोभ तो जाग ही उठा था। अधिकारच्यत होने की आशंका ने उसे और भी संदिग्ध और प्रयत्नशील बना दिया। उसके गौरव की चांदनी शैला की उषा में फीकी पड़ेगी ही, इसकी दृढ़ संभावना थी, और अब वह युद्ध के लिए तत्पर थी। चौबेजी को खींचने के लिए उसने मन-ही-मन सोच लिया! एक सम्मिलित कुटुंब में राष्ट्रनीति ने अधिकार जमा लिया। स्व-पक्ष और पर-पक्ष का सृजन होने लगा। - चौबेजी कम चतर न थे। माधरी को उन्होंने अधिक समीप समझा। ढले भी उसी ओर। मोटर लेकर जब वह आए, तो उन्होंने कहा—बीबी रानी। हम लोगों ने बड़े सरकार का समय और दरबार देखा है। अब यह सब नहीं देखा जाता। तुम्हीं बचाओगी तो यह राज बचेगा, नहीं तो गया। मैं अब उसके लिए चाय बनाना नहीं चाहता! मुझे जवाब मिल जाए, यही अच्छा है। ____ मोटर पर बैठते हुए अनवरी ने कहा—घबराइए मत चौबेजी, बीबी रानी आपके लिए कोई बात उठा न रखेंगी।",166,multi_turn_paragraph,"बीबी रानी। हम लोगों ने बड़े सरकार का समय और दरबार देखा है। अब यह सब नहीं देखा जाता। तुम्हीं बचाओगी तो यह राज बचेगा, नहीं तो गया। मैं अब उसके लिए चाय बनाना नहीं चाहता! मुझे जवाब मिल जाए, यही अच्छा है। ____ मोटर पर बैठते हुए",कहा,,1117,1339,high,
TITLI-CAND-000122,1.6,titli_06.html,"वह भी घुटी हुई है, कैसा पी गई! बीबी को कसक तो होगी ही! बीबी रानी, मैं तुमसे फिर कहती हूं तुम अपनी देखो। आपके भाई साहब तो नदी की बाढ़ में बह रहे हैं। मैं कल तो न आ सकूँगी। हां, जल्दी आने की... नहीं-नहीं अनवरी! कल, कल तुमको अवश्य आना होगा। इस समय तुम्हारी सहायता की बड़ी आवश्यकता है। उस चुडैल को, जिस तरह हो, नीचा... माधुरी आगे कुछ न कह सकी, उसका क्रोध कपोलों पर लाल हो रहा था। ___ मानव-स्वभाव है; वह अपने सुख को विस्तृत करना चाहता है। और भी, केवल अपने सुख से ही सुखी नहीं होता, कभी-कभी दूसरों को दुखी करके, अपमानित करके, अपने मान को, सुख को प्रतिष्ठित करता है। माधुरी के मन में अनवरी के द्वारा जो आग जलाई गई है, वह कई रूप बदलकर उसके कोने-कोने में झलसाने लगी है उसके मनमें लोभ तो जाग ही उठा था। अधिकारच्यत होने की आशंका ने उसे और भी संदिग्ध और प्रयत्नशील बना दिया। उसके गौरव की चांदनी शैला की उषा में फीकी पड़ेगी ही, इसकी दृढ़ संभावना थी, और अब वह युद्ध के लिए तत्पर थी। चौबेजी को खींचने के लिए उसने मन-ही-मन सोच लिया! एक सम्मिलित कुटुंब में राष्ट्रनीति ने अधिकार जमा लिया। स्व-पक्ष और पर-पक्ष का सृजन होने लगा। - चौबेजी कम चतर न थे। माधरी को उन्होंने अधिक समीप समझा। ढले भी उसी ओर। मोटर लेकर जब वह आए, तो उन्होंने कहा—बीबी रानी। हम लोगों ने बड़े सरकार का समय और दरबार देखा है। अब यह सब नहीं देखा जाता। तुम्हीं बचाओगी तो यह राज बचेगा, नहीं तो गया। मैं अब उसके लिए चाय बनाना नहीं चाहता! मुझे जवाब मिल जाए, यही अच्छा है। ____ मोटर पर बैठते हुए अनवरी ने कहा—घबराइए मत चौबेजी, बीबी रानी आपके लिए कोई बात उठा न रखेंगी।",166,attribution_dash,"घबराइए मत चौबेजी, बीबी रानी आपके लिए कोई बात उठा न रखेंगी।",अनवरी ने कहा,अनवरी,1353,1411,high,
TITLI-CAND-000123,1.7,titli_07.html,"गंगा की लहरियों पर मध्यान्ह के सूर्य की किरणें नाच रही थीं। उन्हें अपने चंचल हाथों से अस्त-व्यस्त करती हुई, कमर-भर जल में खड़ी, मलिया छींटे उड़ा रही थी। करारे के ऊपर मल्लाहों की छोटी-सी बस्ती थी। सात घर मल्लाहों और तीन घर कहारों के थे। मलिया और रामदीन का घर भी वहीं था। दोपहर को छावनी से छुट्टी लेकर, दोनों ही अपने घर आए थे। रामदीन करारे से उतरता हआ कहने लगा-मलिया, मैं भी आया। मलिया हँसकर बोली—मैं तो जाती हूं। जाओगी क्यों? वाह?—कहते हुए रामदीन ‘धम' से गंगा में कूद पड़ा। थोड़ी दूर पर एक बुड्ढा मल्लाह बंसी डाले बैठा था, उसने क्रोध से कहा—देखो रामदीन, तुम छावनी के नौकर हो, इससे मैं डर न जाऊंगा। मछली न फंसी, तो तुम्हारी बुरी गत कर दूंगा। ________________",167,multi_turn_paragraph,"मलिया, मैं भी आया। मलिया हँसकर",कहने लगा,,359,389,high,
TITLI-CAND-000124,1.7,titli_07.html,"गंगा की लहरियों पर मध्यान्ह के सूर्य की किरणें नाच रही थीं। उन्हें अपने चंचल हाथों से अस्त-व्यस्त करती हुई, कमर-भर जल में खड़ी, मलिया छींटे उड़ा रही थी। करारे के ऊपर मल्लाहों की छोटी-सी बस्ती थी। सात घर मल्लाहों और तीन घर कहारों के थे। मलिया और रामदीन का घर भी वहीं था। दोपहर को छावनी से छुट्टी लेकर, दोनों ही अपने घर आए थे। रामदीन करारे से उतरता हआ कहने लगा-मलिया, मैं भी आया। मलिया हँसकर बोली—मैं तो जाती हूं। जाओगी क्यों? वाह?—कहते हुए रामदीन ‘धम' से गंगा में कूद पड़ा। थोड़ी दूर पर एक बुड्ढा मल्लाह बंसी डाले बैठा था, उसने क्रोध से कहा—देखो रामदीन, तुम छावनी के नौकर हो, इससे मैं डर न जाऊंगा। मछली न फंसी, तो तुम्हारी बुरी गत कर दूंगा। ________________",167,multi_turn_paragraph,मैं तो जाती हूं। जाओगी क्यों? वाह?,बोली,,395,429,high,
TITLI-CAND-000125,1.7,titli_07.html,"गंगा की लहरियों पर मध्यान्ह के सूर्य की किरणें नाच रही थीं। उन्हें अपने चंचल हाथों से अस्त-व्यस्त करती हुई, कमर-भर जल में खड़ी, मलिया छींटे उड़ा रही थी। करारे के ऊपर मल्लाहों की छोटी-सी बस्ती थी। सात घर मल्लाहों और तीन घर कहारों के थे। मलिया और रामदीन का घर भी वहीं था। दोपहर को छावनी से छुट्टी लेकर, दोनों ही अपने घर आए थे। रामदीन करारे से उतरता हआ कहने लगा-मलिया, मैं भी आया। मलिया हँसकर बोली—मैं तो जाती हूं। जाओगी क्यों? वाह?—कहते हुए रामदीन ‘धम' से गंगा में कूद पड़ा। थोड़ी दूर पर एक बुड्ढा मल्लाह बंसी डाले बैठा था, उसने क्रोध से कहा—देखो रामदीन, तुम छावनी के नौकर हो, इससे मैं डर न जाऊंगा। मछली न फंसी, तो तुम्हारी बुरी गत कर दूंगा। ________________",167,attribution_dash,"देखो रामदीन, तुम छावनी के नौकर हो, इससे मैं डर न जाऊंगा। मछली न फंसी, तो तुम्हारी बुरी गत कर दूंगा। ________________",कहा,,540,656,high,
TITLI-CAND-000126,1.7,titli_07.html,"तैरते हुए रामदीन ने कहा—अरे क्यों बिगड़ रहे हो दादा! आज कितने दिनों बाद छुट्टी मिली है। ऊधम मचाने अब कहां आता हूं। तैरते हुए तीर की ओर लौटकर उसने मलिया के पास पहुंचने का ज्यों ही उपक्रम किया, वह गंगा से निकलने लगी। रामदीन ने कहा—अरे क्या मैं काट लूंगा? मलिया, ठहर न! वह रुक गई। रामदीन ने धीरे से पास आकर पूछा—क्यों रे, तेरी सगाई पक्की हो गई? उसने कहा—धत! रामदीन ने कहा—तो आज मैं तेरे चाचा से कहूं कि... मलिया ने बीच ही में बात काटकर कहा—देखो, मुझे गाली दोगे तो.. .हां, कहे देती 'hca "" क्या कहे देती है? क्या मुझे डराती है? अब तो मुझे तेरी बीबी रानी का डर नहीं। मलिया, तू जानती है छोटी कोठी में मेम साहब जब से आई हैं, तब से मैं ही उनका खाना बनाता हूं चौबेजी का काम भी मैं ही करता हूं? अब तो... ___ मेम साहब के भरोसे कूद रहे हो न! देखो तो तुम्हारी मेम साहब की दुर्दशा चार दिन में होती है। बीबी रानी... क्या...बकती है! चल, अपना काम देख! वह तो कहती थीं कि रामदीन, तुझको मैं सरकार से कहकर खेत दिलवा दूंगी। वहीं... । चल, अपना मुंह देख, मुझसे चला है सगाई करने! तीन ही दिन में छोटी कोठी से भी तेरी मेम साहब भागती हैं। तब लेना खेत! अरे तो क्या... आगे रामदीन कुछ न बोल सका; क्योंकि एक गौर वर्ण की प्रौढ़ा स्त्री धोती लिये हुए उत्तर की ओर से धीरे-धीरे गंगा में उतर रही थी। उसे देखते ही दोनों की सिट्टी भूल गई। दोनों ही गंगा जल में से निकलकर उसे अभिवादन करके भलेमानसों की तरह अपनी-अपनी धोती पहनने लगे। उस स्त्री के अंग पर कोई आभषण न था. और न तो कोई सधवा का चिन्ह! था केवल उज्ज्वलता का पवित्र तेज, जो उसकी मोटी-सी धोती के बाहर भी प्रकट था। एक पत्थर पर अपनी धोती रखते हुए उसने घूमकर पूछा—क्यों रे रामदीन, तुझे कभी घंटे भर की भी छुट्टी नहीं मिलती? आज अठवारों हो गया, कोई सौदा ले आना है। तेरी नानी कहती थी, आज रामदीन आने वाला है। सो तू आज आने पर भी यहीं धमाचौकड़ी मचा रहा है? ____मालकिन! मैं नहाकर कोट में आ ही रहा था। यही मलिया बड़ी पाजी है, इसने धोती पर पानी के छींटे...सरकार... रामदीन अपनी बनावटी बात को आगे न बढ़ा सका। बीच ही में मलिया अपनी सफाई देती हुई बोल उठी—इसकी छाती फट जाए, झूठा कहीं का! मालकिन, यह मुझको दे रहा है। इसका घमंड बढ़ गया है। मेम साहब का खानसामा बन गया है, तो चला है मुझसे सगाई करने! मालकिन अपनी आती हुई हँसी को रोककर बोलीं वह देख , इसकी नानी आ रही है ,  उसी से कह दे। मलिया , सचमुच रामदीन पाजी हो गया है।  दोनों ने देखा , बुढ़िया रामदीन की नानी — तांबे का एक घड़ा लिये धीरे - धीरे आ  रही है ।  मालकिन स्नान करने लगी। कभी - कभी स्नान करने के लिए वह इधर आ जाती , तो  कई काम करती हुई जातीं । भाई मधुबन के लिए मछली लेना और मल्लाही -टोली की  किसी प्रजा को सहेजकर गृहस्थी का और कोई काम करा लेना भी उनके नहाने का उद्देश्य  होता ।  उनको देखते ही बूढ़े मल्लाह ने अपनी बंसी खींची । मछली फंस चुकी थी ।  वह स्नान करके सूर्य को प्रणाम करती हुई जब ऊपर आकर खड़ी हुईं तो मल्लाह ने  मछली सामने लाकर रख दी । उन्होंने रामदीन से कहा — इसे लेता चल । ।  मलिया ने बुढ़िया के स्नान कर लेने पर उसके लाए हुए घड़े को भर लिया । मालकिन  की गीली धोती लेकर बुढ़िया उनके साथ हो गई ।  मल्लाह ने कहा — मालकिन , आज इस पाजी रामदीन को बिना मारे मैं न छोड़ता ।  आज कई दिन पर मैं मधुबन बाबू के लिए मछली फंसाने बैठा था , यह आकर ऊधम मचाने  लगा । इसी की चाल से बड़ा - सा रोहू आकर निकल गया । आज लगा है छावनी की नौकरी  करने, तो घमंड का ठिकाना ही नहीं । हम लोग आपकी प्रजा हैं मालकिन ! यह बूढ़ा इस  बात को नहीं भूल सकता । अभी कल का लड़का — यह क्या जाने कि धामपुर के असली  मालिक — चार आने के पुराने हिस्सेदार — कौन हैं । मालकिन , बेईमानी से वह सब चला  गया , तो क्या हुआ ? हम लोग अपने मालिक को न पहचानेंगे?  ___ मालकिन को उसका यह व्याख्यान अच्छा न लगा । उनके अच्छे दिनों का स्मरण करा  देने की उस समय कोई आवश्यकता न थी । किंतु सीधा और बूढ़ा मल्लाह उस बिगड़े घर की  बड़ाई में और कहता ही क्या ?  शेरकोट के कुलीन जमींदार मधुबन के पास अब तीन बीघे खेत और वही खंडहर - सा  शेरकोट है, इसके अतिरिक्त और कुछ चाहे न बचा हो ; किंतु पुरानी गौरव - गाथाएं तो आज  भी सजीव हैं । किसी समय शेरकोट के नाम से लोग सम्मान से सिर झुकाते थे।  ____ मधुबन के लिए वंश- गौरव का अभिमान छोड़कर , मुकदमे में सब कुछ हारकर , जब  उसके पिता मर गए , तो उसकी बड़ी विधवा बहन ने आकर भाई को संभाला था । उसकी  ससुराल संपन्न थी ; किंतु विधवा राजकुमारी के दरिद्र भाई को कौन देखता! उसी ने  शेरकोट के खंडहर में दीपक जलाने का काम अपने हाथों में लिया !  शेरकोट मल्लाही -टोले के समीप उत्तर की ओर बड़े- से ऊंचेटीले पर था । मल्लाही  टोला और शेरकोट के बीच एक बड़ा - सा वट - वृक्ष था । वहीं दो - चार बड़े- बड़े पत्थर थे। उसी  के नीचे स्नान करने का घाट था । मल्लाही-टोले में अब तो केवल दस घरों की बस्ती है । परंतु  जब शेरकोट के अच्छे दिन थे, तो उसकी प्रजा से काम करने वालों से यह गांव भरा  था ।  शेरकोट के विभव के साथ वहां की प्रजा धीरे - धीरे इधर - उधर जीविका की खोज में  खिसकने लगी । मल्लाहों की जीविका तो गंगातट से ही थी ; वे कहां जाते ? उन्हीं के साथ ________________",168,multi_turn_paragraph,"अरे क्यों बिगड़ रहे हो दादा! आज कितने दिनों बाद छुट्टी मिली है। ऊधम मचाने अब कहां आता हूं। तैरते हुए तीर की ओर लौटकर उसने मलिया के पास पहुंचने का ज्यों ही उपक्रम किया, वह गंगा से निकलने लगी।",रामदीन ने कहा,रामदीन,24,214,high,
TITLI-CAND-000127,1.7,titli_07.html,"तैरते हुए रामदीन ने कहा—अरे क्यों बिगड़ रहे हो दादा! आज कितने दिनों बाद छुट्टी मिली है। ऊधम मचाने अब कहां आता हूं। तैरते हुए तीर की ओर लौटकर उसने मलिया के पास पहुंचने का ज्यों ही उपक्रम किया, वह गंगा से निकलने लगी। रामदीन ने कहा—अरे क्या मैं काट लूंगा? मलिया, ठहर न! वह रुक गई। रामदीन ने धीरे से पास आकर पूछा—क्यों रे, तेरी सगाई पक्की हो गई? उसने कहा—धत! रामदीन ने कहा—तो आज मैं तेरे चाचा से कहूं कि... मलिया ने बीच ही में बात काटकर कहा—देखो, मुझे गाली दोगे तो.. .हां, कहे देती 'hca "" क्या कहे देती है? क्या मुझे डराती है? अब तो मुझे तेरी बीबी रानी का डर नहीं। मलिया, तू जानती है छोटी कोठी में मेम साहब जब से आई हैं, तब से मैं ही उनका खाना बनाता हूं चौबेजी का काम भी मैं ही करता हूं? अब तो... ___ मेम साहब के भरोसे कूद रहे हो न! देखो तो तुम्हारी मेम साहब की दुर्दशा चार दिन में होती है। बीबी रानी... क्या...बकती है! चल, अपना काम देख! वह तो कहती थीं कि रामदीन, तुझको मैं सरकार से कहकर खेत दिलवा दूंगी। वहीं... । चल, अपना मुंह देख, मुझसे चला है सगाई करने! तीन ही दिन में छोटी कोठी से भी तेरी मेम साहब भागती हैं। तब लेना खेत! अरे तो क्या... आगे रामदीन कुछ न बोल सका; क्योंकि एक गौर वर्ण की प्रौढ़ा स्त्री धोती लिये हुए उत्तर की ओर से धीरे-धीरे गंगा में उतर रही थी। उसे देखते ही दोनों की सिट्टी भूल गई। दोनों ही गंगा जल में से निकलकर उसे अभिवादन करके भलेमानसों की तरह अपनी-अपनी धोती पहनने लगे। उस स्त्री के अंग पर कोई आभषण न था. और न तो कोई सधवा का चिन्ह! था केवल उज्ज्वलता का पवित्र तेज, जो उसकी मोटी-सी धोती के बाहर भी प्रकट था। एक पत्थर पर अपनी धोती रखते हुए उसने घूमकर पूछा—क्यों रे रामदीन, तुझे कभी घंटे भर की भी छुट्टी नहीं मिलती? आज अठवारों हो गया, कोई सौदा ले आना है। तेरी नानी कहती थी, आज रामदीन आने वाला है। सो तू आज आने पर भी यहीं धमाचौकड़ी मचा रहा है? ____मालकिन! मैं नहाकर कोट में आ ही रहा था। यही मलिया बड़ी पाजी है, इसने धोती पर पानी के छींटे...सरकार... रामदीन अपनी बनावटी बात को आगे न बढ़ा सका। बीच ही में मलिया अपनी सफाई देती हुई बोल उठी—इसकी छाती फट जाए, झूठा कहीं का! मालकिन, यह मुझको दे रहा है। इसका घमंड बढ़ गया है। मेम साहब का खानसामा बन गया है, तो चला है मुझसे सगाई करने! मालकिन अपनी आती हुई हँसी को रोककर बोलीं वह देख , इसकी नानी आ रही है ,  उसी से कह दे। मलिया , सचमुच रामदीन पाजी हो गया है।  दोनों ने देखा , बुढ़िया रामदीन की नानी — तांबे का एक घड़ा लिये धीरे - धीरे आ  रही है ।  मालकिन स्नान करने लगी। कभी - कभी स्नान करने के लिए वह इधर आ जाती , तो  कई काम करती हुई जातीं । भाई मधुबन के लिए मछली लेना और मल्लाही -टोली की  किसी प्रजा को सहेजकर गृहस्थी का और कोई काम करा लेना भी उनके नहाने का उद्देश्य  होता ।  उनको देखते ही बूढ़े मल्लाह ने अपनी बंसी खींची । मछली फंस चुकी थी ।  वह स्नान करके सूर्य को प्रणाम करती हुई जब ऊपर आकर खड़ी हुईं तो मल्लाह ने  मछली सामने लाकर रख दी । उन्होंने रामदीन से कहा — इसे लेता चल । ।  मलिया ने बुढ़िया के स्नान कर लेने पर उसके लाए हुए घड़े को भर लिया । मालकिन  की गीली धोती लेकर बुढ़िया उनके साथ हो गई ।  मल्लाह ने कहा — मालकिन , आज इस पाजी रामदीन को बिना मारे मैं न छोड़ता ।  आज कई दिन पर मैं मधुबन बाबू के लिए मछली फंसाने बैठा था , यह आकर ऊधम मचाने  लगा । इसी की चाल से बड़ा - सा रोहू आकर निकल गया । आज लगा है छावनी की नौकरी  करने, तो घमंड का ठिकाना ही नहीं । हम लोग आपकी प्रजा हैं मालकिन ! यह बूढ़ा इस  बात को नहीं भूल सकता । अभी कल का लड़का — यह क्या जाने कि धामपुर के असली  मालिक — चार आने के पुराने हिस्सेदार — कौन हैं । मालकिन , बेईमानी से वह सब चला  गया , तो क्या हुआ ? हम लोग अपने मालिक को न पहचानेंगे?  ___ मालकिन को उसका यह व्याख्यान अच्छा न लगा । उनके अच्छे दिनों का स्मरण करा  देने की उस समय कोई आवश्यकता न थी । किंतु सीधा और बूढ़ा मल्लाह उस बिगड़े घर की  बड़ाई में और कहता ही क्या ?  शेरकोट के कुलीन जमींदार मधुबन के पास अब तीन बीघे खेत और वही खंडहर - सा  शेरकोट है, इसके अतिरिक्त और कुछ चाहे न बचा हो ; किंतु पुरानी गौरव - गाथाएं तो आज  भी सजीव हैं । किसी समय शेरकोट के नाम से लोग सम्मान से सिर झुकाते थे।  ____ मधुबन के लिए वंश- गौरव का अभिमान छोड़कर , मुकदमे में सब कुछ हारकर , जब  उसके पिता मर गए , तो उसकी बड़ी विधवा बहन ने आकर भाई को संभाला था । उसकी  ससुराल संपन्न थी ; किंतु विधवा राजकुमारी के दरिद्र भाई को कौन देखता! उसी ने  शेरकोट के खंडहर में दीपक जलाने का काम अपने हाथों में लिया !  शेरकोट मल्लाही -टोले के समीप उत्तर की ओर बड़े- से ऊंचेटीले पर था । मल्लाही  टोला और शेरकोट के बीच एक बड़ा - सा वट - वृक्ष था । वहीं दो - चार बड़े- बड़े पत्थर थे। उसी  के नीचे स्नान करने का घाट था । मल्लाही-टोले में अब तो केवल दस घरों की बस्ती है । परंतु  जब शेरकोट के अच्छे दिन थे, तो उसकी प्रजा से काम करने वालों से यह गांव भरा  था ।  शेरकोट के विभव के साथ वहां की प्रजा धीरे - धीरे इधर - उधर जीविका की खोज में  खिसकने लगी । मल्लाहों की जीविका तो गंगातट से ही थी ; वे कहां जाते ? उन्हीं के साथ ________________",168,multi_turn_paragraph,"अरे क्या मैं काट लूंगा? मलिया, ठहर न! वह रुक गई।",रामदीन ने कहा,रामदीन,229,277,high,
TITLI-CAND-000128,1.7,titli_07.html,"तैरते हुए रामदीन ने कहा—अरे क्यों बिगड़ रहे हो दादा! आज कितने दिनों बाद छुट्टी मिली है। ऊधम मचाने अब कहां आता हूं। तैरते हुए तीर की ओर लौटकर उसने मलिया के पास पहुंचने का ज्यों ही उपक्रम किया, वह गंगा से निकलने लगी। रामदीन ने कहा—अरे क्या मैं काट लूंगा? मलिया, ठहर न! वह रुक गई। रामदीन ने धीरे से पास आकर पूछा—क्यों रे, तेरी सगाई पक्की हो गई? उसने कहा—धत! रामदीन ने कहा—तो आज मैं तेरे चाचा से कहूं कि... मलिया ने बीच ही में बात काटकर कहा—देखो, मुझे गाली दोगे तो.. .हां, कहे देती 'hca "" क्या कहे देती है? क्या मुझे डराती है? अब तो मुझे तेरी बीबी रानी का डर नहीं। मलिया, तू जानती है छोटी कोठी में मेम साहब जब से आई हैं, तब से मैं ही उनका खाना बनाता हूं चौबेजी का काम भी मैं ही करता हूं? अब तो... ___ मेम साहब के भरोसे कूद रहे हो न! देखो तो तुम्हारी मेम साहब की दुर्दशा चार दिन में होती है। बीबी रानी... क्या...बकती है! चल, अपना काम देख! वह तो कहती थीं कि रामदीन, तुझको मैं सरकार से कहकर खेत दिलवा दूंगी। वहीं... । चल, अपना मुंह देख, मुझसे चला है सगाई करने! तीन ही दिन में छोटी कोठी से भी तेरी मेम साहब भागती हैं। तब लेना खेत! अरे तो क्या... आगे रामदीन कुछ न बोल सका; क्योंकि एक गौर वर्ण की प्रौढ़ा स्त्री धोती लिये हुए उत्तर की ओर से धीरे-धीरे गंगा में उतर रही थी। उसे देखते ही दोनों की सिट्टी भूल गई। दोनों ही गंगा जल में से निकलकर उसे अभिवादन करके भलेमानसों की तरह अपनी-अपनी धोती पहनने लगे। उस स्त्री के अंग पर कोई आभषण न था. और न तो कोई सधवा का चिन्ह! था केवल उज्ज्वलता का पवित्र तेज, जो उसकी मोटी-सी धोती के बाहर भी प्रकट था। एक पत्थर पर अपनी धोती रखते हुए उसने घूमकर पूछा—क्यों रे रामदीन, तुझे कभी घंटे भर की भी छुट्टी नहीं मिलती? आज अठवारों हो गया, कोई सौदा ले आना है। तेरी नानी कहती थी, आज रामदीन आने वाला है। सो तू आज आने पर भी यहीं धमाचौकड़ी मचा रहा है? ____मालकिन! मैं नहाकर कोट में आ ही रहा था। यही मलिया बड़ी पाजी है, इसने धोती पर पानी के छींटे...सरकार... रामदीन अपनी बनावटी बात को आगे न बढ़ा सका। बीच ही में मलिया अपनी सफाई देती हुई बोल उठी—इसकी छाती फट जाए, झूठा कहीं का! मालकिन, यह मुझको दे रहा है। इसका घमंड बढ़ गया है। मेम साहब का खानसामा बन गया है, तो चला है मुझसे सगाई करने! मालकिन अपनी आती हुई हँसी को रोककर बोलीं वह देख , इसकी नानी आ रही है ,  उसी से कह दे। मलिया , सचमुच रामदीन पाजी हो गया है।  दोनों ने देखा , बुढ़िया रामदीन की नानी — तांबे का एक घड़ा लिये धीरे - धीरे आ  रही है ।  मालकिन स्नान करने लगी। कभी - कभी स्नान करने के लिए वह इधर आ जाती , तो  कई काम करती हुई जातीं । भाई मधुबन के लिए मछली लेना और मल्लाही -टोली की  किसी प्रजा को सहेजकर गृहस्थी का और कोई काम करा लेना भी उनके नहाने का उद्देश्य  होता ।  उनको देखते ही बूढ़े मल्लाह ने अपनी बंसी खींची । मछली फंस चुकी थी ।  वह स्नान करके सूर्य को प्रणाम करती हुई जब ऊपर आकर खड़ी हुईं तो मल्लाह ने  मछली सामने लाकर रख दी । उन्होंने रामदीन से कहा — इसे लेता चल । ।  मलिया ने बुढ़िया के स्नान कर लेने पर उसके लाए हुए घड़े को भर लिया । मालकिन  की गीली धोती लेकर बुढ़िया उनके साथ हो गई ।  मल्लाह ने कहा — मालकिन , आज इस पाजी रामदीन को बिना मारे मैं न छोड़ता ।  आज कई दिन पर मैं मधुबन बाबू के लिए मछली फंसाने बैठा था , यह आकर ऊधम मचाने  लगा । इसी की चाल से बड़ा - सा रोहू आकर निकल गया । आज लगा है छावनी की नौकरी  करने, तो घमंड का ठिकाना ही नहीं । हम लोग आपकी प्रजा हैं मालकिन ! यह बूढ़ा इस  बात को नहीं भूल सकता । अभी कल का लड़का — यह क्या जाने कि धामपुर के असली  मालिक — चार आने के पुराने हिस्सेदार — कौन हैं । मालकिन , बेईमानी से वह सब चला  गया , तो क्या हुआ ? हम लोग अपने मालिक को न पहचानेंगे?  ___ मालकिन को उसका यह व्याख्यान अच्छा न लगा । उनके अच्छे दिनों का स्मरण करा  देने की उस समय कोई आवश्यकता न थी । किंतु सीधा और बूढ़ा मल्लाह उस बिगड़े घर की  बड़ाई में और कहता ही क्या ?  शेरकोट के कुलीन जमींदार मधुबन के पास अब तीन बीघे खेत और वही खंडहर - सा  शेरकोट है, इसके अतिरिक्त और कुछ चाहे न बचा हो ; किंतु पुरानी गौरव - गाथाएं तो आज  भी सजीव हैं । किसी समय शेरकोट के नाम से लोग सम्मान से सिर झुकाते थे।  ____ मधुबन के लिए वंश- गौरव का अभिमान छोड़कर , मुकदमे में सब कुछ हारकर , जब  उसके पिता मर गए , तो उसकी बड़ी विधवा बहन ने आकर भाई को संभाला था । उसकी  ससुराल संपन्न थी ; किंतु विधवा राजकुमारी के दरिद्र भाई को कौन देखता! उसी ने  शेरकोट के खंडहर में दीपक जलाने का काम अपने हाथों में लिया !  शेरकोट मल्लाही -टोले के समीप उत्तर की ओर बड़े- से ऊंचेटीले पर था । मल्लाही  टोला और शेरकोट के बीच एक बड़ा - सा वट - वृक्ष था । वहीं दो - चार बड़े- बड़े पत्थर थे। उसी  के नीचे स्नान करने का घाट था । मल्लाही-टोले में अब तो केवल दस घरों की बस्ती है । परंतु  जब शेरकोट के अच्छे दिन थे, तो उसकी प्रजा से काम करने वालों से यह गांव भरा  था ।  शेरकोट के विभव के साथ वहां की प्रजा धीरे - धीरे इधर - उधर जीविका की खोज में  खिसकने लगी । मल्लाहों की जीविका तो गंगातट से ही थी ; वे कहां जाते ? उन्हीं के साथ ________________",168,multi_turn_paragraph,"क्यों रे, तेरी सगाई पक्की हो गई? उसने",रामदीन ने धीरे से पास आकर पूछा,रामदीन,309,346,high,
TITLI-CAND-000129,1.7,titli_07.html,"तैरते हुए रामदीन ने कहा—अरे क्यों बिगड़ रहे हो दादा! आज कितने दिनों बाद छुट्टी मिली है। ऊधम मचाने अब कहां आता हूं। तैरते हुए तीर की ओर लौटकर उसने मलिया के पास पहुंचने का ज्यों ही उपक्रम किया, वह गंगा से निकलने लगी। रामदीन ने कहा—अरे क्या मैं काट लूंगा? मलिया, ठहर न! वह रुक गई। रामदीन ने धीरे से पास आकर पूछा—क्यों रे, तेरी सगाई पक्की हो गई? उसने कहा—धत! रामदीन ने कहा—तो आज मैं तेरे चाचा से कहूं कि... मलिया ने बीच ही में बात काटकर कहा—देखो, मुझे गाली दोगे तो.. .हां, कहे देती 'hca "" क्या कहे देती है? क्या मुझे डराती है? अब तो मुझे तेरी बीबी रानी का डर नहीं। मलिया, तू जानती है छोटी कोठी में मेम साहब जब से आई हैं, तब से मैं ही उनका खाना बनाता हूं चौबेजी का काम भी मैं ही करता हूं? अब तो... ___ मेम साहब के भरोसे कूद रहे हो न! देखो तो तुम्हारी मेम साहब की दुर्दशा चार दिन में होती है। बीबी रानी... क्या...बकती है! चल, अपना काम देख! वह तो कहती थीं कि रामदीन, तुझको मैं सरकार से कहकर खेत दिलवा दूंगी। वहीं... । चल, अपना मुंह देख, मुझसे चला है सगाई करने! तीन ही दिन में छोटी कोठी से भी तेरी मेम साहब भागती हैं। तब लेना खेत! अरे तो क्या... आगे रामदीन कुछ न बोल सका; क्योंकि एक गौर वर्ण की प्रौढ़ा स्त्री धोती लिये हुए उत्तर की ओर से धीरे-धीरे गंगा में उतर रही थी। उसे देखते ही दोनों की सिट्टी भूल गई। दोनों ही गंगा जल में से निकलकर उसे अभिवादन करके भलेमानसों की तरह अपनी-अपनी धोती पहनने लगे। उस स्त्री के अंग पर कोई आभषण न था. और न तो कोई सधवा का चिन्ह! था केवल उज्ज्वलता का पवित्र तेज, जो उसकी मोटी-सी धोती के बाहर भी प्रकट था। एक पत्थर पर अपनी धोती रखते हुए उसने घूमकर पूछा—क्यों रे रामदीन, तुझे कभी घंटे भर की भी छुट्टी नहीं मिलती? आज अठवारों हो गया, कोई सौदा ले आना है। तेरी नानी कहती थी, आज रामदीन आने वाला है। सो तू आज आने पर भी यहीं धमाचौकड़ी मचा रहा है? ____मालकिन! मैं नहाकर कोट में आ ही रहा था। यही मलिया बड़ी पाजी है, इसने धोती पर पानी के छींटे...सरकार... रामदीन अपनी बनावटी बात को आगे न बढ़ा सका। बीच ही में मलिया अपनी सफाई देती हुई बोल उठी—इसकी छाती फट जाए, झूठा कहीं का! मालकिन, यह मुझको दे रहा है। इसका घमंड बढ़ गया है। मेम साहब का खानसामा बन गया है, तो चला है मुझसे सगाई करने! मालकिन अपनी आती हुई हँसी को रोककर बोलीं वह देख , इसकी नानी आ रही है ,  उसी से कह दे। मलिया , सचमुच रामदीन पाजी हो गया है।  दोनों ने देखा , बुढ़िया रामदीन की नानी — तांबे का एक घड़ा लिये धीरे - धीरे आ  रही है ।  मालकिन स्नान करने लगी। कभी - कभी स्नान करने के लिए वह इधर आ जाती , तो  कई काम करती हुई जातीं । भाई मधुबन के लिए मछली लेना और मल्लाही -टोली की  किसी प्रजा को सहेजकर गृहस्थी का और कोई काम करा लेना भी उनके नहाने का उद्देश्य  होता ।  उनको देखते ही बूढ़े मल्लाह ने अपनी बंसी खींची । मछली फंस चुकी थी ।  वह स्नान करके सूर्य को प्रणाम करती हुई जब ऊपर आकर खड़ी हुईं तो मल्लाह ने  मछली सामने लाकर रख दी । उन्होंने रामदीन से कहा — इसे लेता चल । ।  मलिया ने बुढ़िया के स्नान कर लेने पर उसके लाए हुए घड़े को भर लिया । मालकिन  की गीली धोती लेकर बुढ़िया उनके साथ हो गई ।  मल्लाह ने कहा — मालकिन , आज इस पाजी रामदीन को बिना मारे मैं न छोड़ता ।  आज कई दिन पर मैं मधुबन बाबू के लिए मछली फंसाने बैठा था , यह आकर ऊधम मचाने  लगा । इसी की चाल से बड़ा - सा रोहू आकर निकल गया । आज लगा है छावनी की नौकरी  करने, तो घमंड का ठिकाना ही नहीं । हम लोग आपकी प्रजा हैं मालकिन ! यह बूढ़ा इस  बात को नहीं भूल सकता । अभी कल का लड़का — यह क्या जाने कि धामपुर के असली  मालिक — चार आने के पुराने हिस्सेदार — कौन हैं । मालकिन , बेईमानी से वह सब चला  गया , तो क्या हुआ ? हम लोग अपने मालिक को न पहचानेंगे?  ___ मालकिन को उसका यह व्याख्यान अच्छा न लगा । उनके अच्छे दिनों का स्मरण करा  देने की उस समय कोई आवश्यकता न थी । किंतु सीधा और बूढ़ा मल्लाह उस बिगड़े घर की  बड़ाई में और कहता ही क्या ?  शेरकोट के कुलीन जमींदार मधुबन के पास अब तीन बीघे खेत और वही खंडहर - सा  शेरकोट है, इसके अतिरिक्त और कुछ चाहे न बचा हो ; किंतु पुरानी गौरव - गाथाएं तो आज  भी सजीव हैं । किसी समय शेरकोट के नाम से लोग सम्मान से सिर झुकाते थे।  ____ मधुबन के लिए वंश- गौरव का अभिमान छोड़कर , मुकदमे में सब कुछ हारकर , जब  उसके पिता मर गए , तो उसकी बड़ी विधवा बहन ने आकर भाई को संभाला था । उसकी  ससुराल संपन्न थी ; किंतु विधवा राजकुमारी के दरिद्र भाई को कौन देखता! उसी ने  शेरकोट के खंडहर में दीपक जलाने का काम अपने हाथों में लिया !  शेरकोट मल्लाही -टोले के समीप उत्तर की ओर बड़े- से ऊंचेटीले पर था । मल्लाही  टोला और शेरकोट के बीच एक बड़ा - सा वट - वृक्ष था । वहीं दो - चार बड़े- बड़े पत्थर थे। उसी  के नीचे स्नान करने का घाट था । मल्लाही-टोले में अब तो केवल दस घरों की बस्ती है । परंतु  जब शेरकोट के अच्छे दिन थे, तो उसकी प्रजा से काम करने वालों से यह गांव भरा  था ।  शेरकोट के विभव के साथ वहां की प्रजा धीरे - धीरे इधर - उधर जीविका की खोज में  खिसकने लगी । मल्लाहों की जीविका तो गंगातट से ही थी ; वे कहां जाते ? उन्हीं के साथ ________________",168,multi_turn_paragraph,धत!,कहा,,351,354,high,
TITLI-CAND-000130,1.7,titli_07.html,"तैरते हुए रामदीन ने कहा—अरे क्यों बिगड़ रहे हो दादा! आज कितने दिनों बाद छुट्टी मिली है। ऊधम मचाने अब कहां आता हूं। तैरते हुए तीर की ओर लौटकर उसने मलिया के पास पहुंचने का ज्यों ही उपक्रम किया, वह गंगा से निकलने लगी। रामदीन ने कहा—अरे क्या मैं काट लूंगा? मलिया, ठहर न! वह रुक गई। रामदीन ने धीरे से पास आकर पूछा—क्यों रे, तेरी सगाई पक्की हो गई? उसने कहा—धत! रामदीन ने कहा—तो आज मैं तेरे चाचा से कहूं कि... मलिया ने बीच ही में बात काटकर कहा—देखो, मुझे गाली दोगे तो.. .हां, कहे देती 'hca "" क्या कहे देती है? क्या मुझे डराती है? अब तो मुझे तेरी बीबी रानी का डर नहीं। मलिया, तू जानती है छोटी कोठी में मेम साहब जब से आई हैं, तब से मैं ही उनका खाना बनाता हूं चौबेजी का काम भी मैं ही करता हूं? अब तो... ___ मेम साहब के भरोसे कूद रहे हो न! देखो तो तुम्हारी मेम साहब की दुर्दशा चार दिन में होती है। बीबी रानी... क्या...बकती है! चल, अपना काम देख! वह तो कहती थीं कि रामदीन, तुझको मैं सरकार से कहकर खेत दिलवा दूंगी। वहीं... । चल, अपना मुंह देख, मुझसे चला है सगाई करने! तीन ही दिन में छोटी कोठी से भी तेरी मेम साहब भागती हैं। तब लेना खेत! अरे तो क्या... आगे रामदीन कुछ न बोल सका; क्योंकि एक गौर वर्ण की प्रौढ़ा स्त्री धोती लिये हुए उत्तर की ओर से धीरे-धीरे गंगा में उतर रही थी। उसे देखते ही दोनों की सिट्टी भूल गई। दोनों ही गंगा जल में से निकलकर उसे अभिवादन करके भलेमानसों की तरह अपनी-अपनी धोती पहनने लगे। उस स्त्री के अंग पर कोई आभषण न था. और न तो कोई सधवा का चिन्ह! था केवल उज्ज्वलता का पवित्र तेज, जो उसकी मोटी-सी धोती के बाहर भी प्रकट था। एक पत्थर पर अपनी धोती रखते हुए उसने घूमकर पूछा—क्यों रे रामदीन, तुझे कभी घंटे भर की भी छुट्टी नहीं मिलती? आज अठवारों हो गया, कोई सौदा ले आना है। तेरी नानी कहती थी, आज रामदीन आने वाला है। सो तू आज आने पर भी यहीं धमाचौकड़ी मचा रहा है? ____मालकिन! मैं नहाकर कोट में आ ही रहा था। यही मलिया बड़ी पाजी है, इसने धोती पर पानी के छींटे...सरकार... रामदीन अपनी बनावटी बात को आगे न बढ़ा सका। बीच ही में मलिया अपनी सफाई देती हुई बोल उठी—इसकी छाती फट जाए, झूठा कहीं का! मालकिन, यह मुझको दे रहा है। इसका घमंड बढ़ गया है। मेम साहब का खानसामा बन गया है, तो चला है मुझसे सगाई करने! मालकिन अपनी आती हुई हँसी को रोककर बोलीं वह देख , इसकी नानी आ रही है ,  उसी से कह दे। मलिया , सचमुच रामदीन पाजी हो गया है।  दोनों ने देखा , बुढ़िया रामदीन की नानी — तांबे का एक घड़ा लिये धीरे - धीरे आ  रही है ।  मालकिन स्नान करने लगी। कभी - कभी स्नान करने के लिए वह इधर आ जाती , तो  कई काम करती हुई जातीं । भाई मधुबन के लिए मछली लेना और मल्लाही -टोली की  किसी प्रजा को सहेजकर गृहस्थी का और कोई काम करा लेना भी उनके नहाने का उद्देश्य  होता ।  उनको देखते ही बूढ़े मल्लाह ने अपनी बंसी खींची । मछली फंस चुकी थी ।  वह स्नान करके सूर्य को प्रणाम करती हुई जब ऊपर आकर खड़ी हुईं तो मल्लाह ने  मछली सामने लाकर रख दी । उन्होंने रामदीन से कहा — इसे लेता चल । ।  मलिया ने बुढ़िया के स्नान कर लेने पर उसके लाए हुए घड़े को भर लिया । मालकिन  की गीली धोती लेकर बुढ़िया उनके साथ हो गई ।  मल्लाह ने कहा — मालकिन , आज इस पाजी रामदीन को बिना मारे मैं न छोड़ता ।  आज कई दिन पर मैं मधुबन बाबू के लिए मछली फंसाने बैठा था , यह आकर ऊधम मचाने  लगा । इसी की चाल से बड़ा - सा रोहू आकर निकल गया । आज लगा है छावनी की नौकरी  करने, तो घमंड का ठिकाना ही नहीं । हम लोग आपकी प्रजा हैं मालकिन ! यह बूढ़ा इस  बात को नहीं भूल सकता । अभी कल का लड़का — यह क्या जाने कि धामपुर के असली  मालिक — चार आने के पुराने हिस्सेदार — कौन हैं । मालकिन , बेईमानी से वह सब चला  गया , तो क्या हुआ ? हम लोग अपने मालिक को न पहचानेंगे?  ___ मालकिन को उसका यह व्याख्यान अच्छा न लगा । उनके अच्छे दिनों का स्मरण करा  देने की उस समय कोई आवश्यकता न थी । किंतु सीधा और बूढ़ा मल्लाह उस बिगड़े घर की  बड़ाई में और कहता ही क्या ?  शेरकोट के कुलीन जमींदार मधुबन के पास अब तीन बीघे खेत और वही खंडहर - सा  शेरकोट है, इसके अतिरिक्त और कुछ चाहे न बचा हो ; किंतु पुरानी गौरव - गाथाएं तो आज  भी सजीव हैं । किसी समय शेरकोट के नाम से लोग सम्मान से सिर झुकाते थे।  ____ मधुबन के लिए वंश- गौरव का अभिमान छोड़कर , मुकदमे में सब कुछ हारकर , जब  उसके पिता मर गए , तो उसकी बड़ी विधवा बहन ने आकर भाई को संभाला था । उसकी  ससुराल संपन्न थी ; किंतु विधवा राजकुमारी के दरिद्र भाई को कौन देखता! उसी ने  शेरकोट के खंडहर में दीपक जलाने का काम अपने हाथों में लिया !  शेरकोट मल्लाही -टोले के समीप उत्तर की ओर बड़े- से ऊंचेटीले पर था । मल्लाही  टोला और शेरकोट के बीच एक बड़ा - सा वट - वृक्ष था । वहीं दो - चार बड़े- बड़े पत्थर थे। उसी  के नीचे स्नान करने का घाट था । मल्लाही-टोले में अब तो केवल दस घरों की बस्ती है । परंतु  जब शेरकोट के अच्छे दिन थे, तो उसकी प्रजा से काम करने वालों से यह गांव भरा  था ।  शेरकोट के विभव के साथ वहां की प्रजा धीरे - धीरे इधर - उधर जीविका की खोज में  खिसकने लगी । मल्लाहों की जीविका तो गंगातट से ही थी ; वे कहां जाते ? उन्हीं के साथ ________________",168,multi_turn_paragraph,तो आज मैं तेरे चाचा से कहूं कि... मलिया ने बीच ही में बात काटकर,रामदीन ने कहा,रामदीन,369,432,high,
TITLI-CAND-000131,1.7,titli_07.html,"तैरते हुए रामदीन ने कहा—अरे क्यों बिगड़ रहे हो दादा! आज कितने दिनों बाद छुट्टी मिली है। ऊधम मचाने अब कहां आता हूं। तैरते हुए तीर की ओर लौटकर उसने मलिया के पास पहुंचने का ज्यों ही उपक्रम किया, वह गंगा से निकलने लगी। रामदीन ने कहा—अरे क्या मैं काट लूंगा? मलिया, ठहर न! वह रुक गई। रामदीन ने धीरे से पास आकर पूछा—क्यों रे, तेरी सगाई पक्की हो गई? उसने कहा—धत! रामदीन ने कहा—तो आज मैं तेरे चाचा से कहूं कि... मलिया ने बीच ही में बात काटकर कहा—देखो, मुझे गाली दोगे तो.. .हां, कहे देती 'hca "" क्या कहे देती है? क्या मुझे डराती है? अब तो मुझे तेरी बीबी रानी का डर नहीं। मलिया, तू जानती है छोटी कोठी में मेम साहब जब से आई हैं, तब से मैं ही उनका खाना बनाता हूं चौबेजी का काम भी मैं ही करता हूं? अब तो... ___ मेम साहब के भरोसे कूद रहे हो न! देखो तो तुम्हारी मेम साहब की दुर्दशा चार दिन में होती है। बीबी रानी... क्या...बकती है! चल, अपना काम देख! वह तो कहती थीं कि रामदीन, तुझको मैं सरकार से कहकर खेत दिलवा दूंगी। वहीं... । चल, अपना मुंह देख, मुझसे चला है सगाई करने! तीन ही दिन में छोटी कोठी से भी तेरी मेम साहब भागती हैं। तब लेना खेत! अरे तो क्या... आगे रामदीन कुछ न बोल सका; क्योंकि एक गौर वर्ण की प्रौढ़ा स्त्री धोती लिये हुए उत्तर की ओर से धीरे-धीरे गंगा में उतर रही थी। उसे देखते ही दोनों की सिट्टी भूल गई। दोनों ही गंगा जल में से निकलकर उसे अभिवादन करके भलेमानसों की तरह अपनी-अपनी धोती पहनने लगे। उस स्त्री के अंग पर कोई आभषण न था. और न तो कोई सधवा का चिन्ह! था केवल उज्ज्वलता का पवित्र तेज, जो उसकी मोटी-सी धोती के बाहर भी प्रकट था। एक पत्थर पर अपनी धोती रखते हुए उसने घूमकर पूछा—क्यों रे रामदीन, तुझे कभी घंटे भर की भी छुट्टी नहीं मिलती? आज अठवारों हो गया, कोई सौदा ले आना है। तेरी नानी कहती थी, आज रामदीन आने वाला है। सो तू आज आने पर भी यहीं धमाचौकड़ी मचा रहा है? ____मालकिन! मैं नहाकर कोट में आ ही रहा था। यही मलिया बड़ी पाजी है, इसने धोती पर पानी के छींटे...सरकार... रामदीन अपनी बनावटी बात को आगे न बढ़ा सका। बीच ही में मलिया अपनी सफाई देती हुई बोल उठी—इसकी छाती फट जाए, झूठा कहीं का! मालकिन, यह मुझको दे रहा है। इसका घमंड बढ़ गया है। मेम साहब का खानसामा बन गया है, तो चला है मुझसे सगाई करने! मालकिन अपनी आती हुई हँसी को रोककर बोलीं वह देख , इसकी नानी आ रही है ,  उसी से कह दे। मलिया , सचमुच रामदीन पाजी हो गया है।  दोनों ने देखा , बुढ़िया रामदीन की नानी — तांबे का एक घड़ा लिये धीरे - धीरे आ  रही है ।  मालकिन स्नान करने लगी। कभी - कभी स्नान करने के लिए वह इधर आ जाती , तो  कई काम करती हुई जातीं । भाई मधुबन के लिए मछली लेना और मल्लाही -टोली की  किसी प्रजा को सहेजकर गृहस्थी का और कोई काम करा लेना भी उनके नहाने का उद्देश्य  होता ।  उनको देखते ही बूढ़े मल्लाह ने अपनी बंसी खींची । मछली फंस चुकी थी ।  वह स्नान करके सूर्य को प्रणाम करती हुई जब ऊपर आकर खड़ी हुईं तो मल्लाह ने  मछली सामने लाकर रख दी । उन्होंने रामदीन से कहा — इसे लेता चल । ।  मलिया ने बुढ़िया के स्नान कर लेने पर उसके लाए हुए घड़े को भर लिया । मालकिन  की गीली धोती लेकर बुढ़िया उनके साथ हो गई ।  मल्लाह ने कहा — मालकिन , आज इस पाजी रामदीन को बिना मारे मैं न छोड़ता ।  आज कई दिन पर मैं मधुबन बाबू के लिए मछली फंसाने बैठा था , यह आकर ऊधम मचाने  लगा । इसी की चाल से बड़ा - सा रोहू आकर निकल गया । आज लगा है छावनी की नौकरी  करने, तो घमंड का ठिकाना ही नहीं । हम लोग आपकी प्रजा हैं मालकिन ! यह बूढ़ा इस  बात को नहीं भूल सकता । अभी कल का लड़का — यह क्या जाने कि धामपुर के असली  मालिक — चार आने के पुराने हिस्सेदार — कौन हैं । मालकिन , बेईमानी से वह सब चला  गया , तो क्या हुआ ? हम लोग अपने मालिक को न पहचानेंगे?  ___ मालकिन को उसका यह व्याख्यान अच्छा न लगा । उनके अच्छे दिनों का स्मरण करा  देने की उस समय कोई आवश्यकता न थी । किंतु सीधा और बूढ़ा मल्लाह उस बिगड़े घर की  बड़ाई में और कहता ही क्या ?  शेरकोट के कुलीन जमींदार मधुबन के पास अब तीन बीघे खेत और वही खंडहर - सा  शेरकोट है, इसके अतिरिक्त और कुछ चाहे न बचा हो ; किंतु पुरानी गौरव - गाथाएं तो आज  भी सजीव हैं । किसी समय शेरकोट के नाम से लोग सम्मान से सिर झुकाते थे।  ____ मधुबन के लिए वंश- गौरव का अभिमान छोड़कर , मुकदमे में सब कुछ हारकर , जब  उसके पिता मर गए , तो उसकी बड़ी विधवा बहन ने आकर भाई को संभाला था । उसकी  ससुराल संपन्न थी ; किंतु विधवा राजकुमारी के दरिद्र भाई को कौन देखता! उसी ने  शेरकोट के खंडहर में दीपक जलाने का काम अपने हाथों में लिया !  शेरकोट मल्लाही -टोले के समीप उत्तर की ओर बड़े- से ऊंचेटीले पर था । मल्लाही  टोला और शेरकोट के बीच एक बड़ा - सा वट - वृक्ष था । वहीं दो - चार बड़े- बड़े पत्थर थे। उसी  के नीचे स्नान करने का घाट था । मल्लाही-टोले में अब तो केवल दस घरों की बस्ती है । परंतु  जब शेरकोट के अच्छे दिन थे, तो उसकी प्रजा से काम करने वालों से यह गांव भरा  था ।  शेरकोट के विभव के साथ वहां की प्रजा धीरे - धीरे इधर - उधर जीविका की खोज में  खिसकने लगी । मल्लाहों की जीविका तो गंगातट से ही थी ; वे कहां जाते ? उन्हीं के साथ ________________",168,multi_turn_paragraph,"देखो, मुझे गाली दोगे तो.. .हां",कहा,,437,467,high,
TITLI-CAND-000132,1.7,titli_07.html,"तैरते हुए रामदीन ने कहा—अरे क्यों बिगड़ रहे हो दादा! आज कितने दिनों बाद छुट्टी मिली है। ऊधम मचाने अब कहां आता हूं। तैरते हुए तीर की ओर लौटकर उसने मलिया के पास पहुंचने का ज्यों ही उपक्रम किया, वह गंगा से निकलने लगी। रामदीन ने कहा—अरे क्या मैं काट लूंगा? मलिया, ठहर न! वह रुक गई। रामदीन ने धीरे से पास आकर पूछा—क्यों रे, तेरी सगाई पक्की हो गई? उसने कहा—धत! रामदीन ने कहा—तो आज मैं तेरे चाचा से कहूं कि... मलिया ने बीच ही में बात काटकर कहा—देखो, मुझे गाली दोगे तो.. .हां, कहे देती 'hca "" क्या कहे देती है? क्या मुझे डराती है? अब तो मुझे तेरी बीबी रानी का डर नहीं। मलिया, तू जानती है छोटी कोठी में मेम साहब जब से आई हैं, तब से मैं ही उनका खाना बनाता हूं चौबेजी का काम भी मैं ही करता हूं? अब तो... ___ मेम साहब के भरोसे कूद रहे हो न! देखो तो तुम्हारी मेम साहब की दुर्दशा चार दिन में होती है। बीबी रानी... क्या...बकती है! चल, अपना काम देख! वह तो कहती थीं कि रामदीन, तुझको मैं सरकार से कहकर खेत दिलवा दूंगी। वहीं... । चल, अपना मुंह देख, मुझसे चला है सगाई करने! तीन ही दिन में छोटी कोठी से भी तेरी मेम साहब भागती हैं। तब लेना खेत! अरे तो क्या... आगे रामदीन कुछ न बोल सका; क्योंकि एक गौर वर्ण की प्रौढ़ा स्त्री धोती लिये हुए उत्तर की ओर से धीरे-धीरे गंगा में उतर रही थी। उसे देखते ही दोनों की सिट्टी भूल गई। दोनों ही गंगा जल में से निकलकर उसे अभिवादन करके भलेमानसों की तरह अपनी-अपनी धोती पहनने लगे। उस स्त्री के अंग पर कोई आभषण न था. और न तो कोई सधवा का चिन्ह! था केवल उज्ज्वलता का पवित्र तेज, जो उसकी मोटी-सी धोती के बाहर भी प्रकट था। एक पत्थर पर अपनी धोती रखते हुए उसने घूमकर पूछा—क्यों रे रामदीन, तुझे कभी घंटे भर की भी छुट्टी नहीं मिलती? आज अठवारों हो गया, कोई सौदा ले आना है। तेरी नानी कहती थी, आज रामदीन आने वाला है। सो तू आज आने पर भी यहीं धमाचौकड़ी मचा रहा है? ____मालकिन! मैं नहाकर कोट में आ ही रहा था। यही मलिया बड़ी पाजी है, इसने धोती पर पानी के छींटे...सरकार... रामदीन अपनी बनावटी बात को आगे न बढ़ा सका। बीच ही में मलिया अपनी सफाई देती हुई बोल उठी—इसकी छाती फट जाए, झूठा कहीं का! मालकिन, यह मुझको दे रहा है। इसका घमंड बढ़ गया है। मेम साहब का खानसामा बन गया है, तो चला है मुझसे सगाई करने! मालकिन अपनी आती हुई हँसी को रोककर बोलीं वह देख , इसकी नानी आ रही है ,  उसी से कह दे। मलिया , सचमुच रामदीन पाजी हो गया है।  दोनों ने देखा , बुढ़िया रामदीन की नानी — तांबे का एक घड़ा लिये धीरे - धीरे आ  रही है ।  मालकिन स्नान करने लगी। कभी - कभी स्नान करने के लिए वह इधर आ जाती , तो  कई काम करती हुई जातीं । भाई मधुबन के लिए मछली लेना और मल्लाही -टोली की  किसी प्रजा को सहेजकर गृहस्थी का और कोई काम करा लेना भी उनके नहाने का उद्देश्य  होता ।  उनको देखते ही बूढ़े मल्लाह ने अपनी बंसी खींची । मछली फंस चुकी थी ।  वह स्नान करके सूर्य को प्रणाम करती हुई जब ऊपर आकर खड़ी हुईं तो मल्लाह ने  मछली सामने लाकर रख दी । उन्होंने रामदीन से कहा — इसे लेता चल । ।  मलिया ने बुढ़िया के स्नान कर लेने पर उसके लाए हुए घड़े को भर लिया । मालकिन  की गीली धोती लेकर बुढ़िया उनके साथ हो गई ।  मल्लाह ने कहा — मालकिन , आज इस पाजी रामदीन को बिना मारे मैं न छोड़ता ।  आज कई दिन पर मैं मधुबन बाबू के लिए मछली फंसाने बैठा था , यह आकर ऊधम मचाने  लगा । इसी की चाल से बड़ा - सा रोहू आकर निकल गया । आज लगा है छावनी की नौकरी  करने, तो घमंड का ठिकाना ही नहीं । हम लोग आपकी प्रजा हैं मालकिन ! यह बूढ़ा इस  बात को नहीं भूल सकता । अभी कल का लड़का — यह क्या जाने कि धामपुर के असली  मालिक — चार आने के पुराने हिस्सेदार — कौन हैं । मालकिन , बेईमानी से वह सब चला  गया , तो क्या हुआ ? हम लोग अपने मालिक को न पहचानेंगे?  ___ मालकिन को उसका यह व्याख्यान अच्छा न लगा । उनके अच्छे दिनों का स्मरण करा  देने की उस समय कोई आवश्यकता न थी । किंतु सीधा और बूढ़ा मल्लाह उस बिगड़े घर की  बड़ाई में और कहता ही क्या ?  शेरकोट के कुलीन जमींदार मधुबन के पास अब तीन बीघे खेत और वही खंडहर - सा  शेरकोट है, इसके अतिरिक्त और कुछ चाहे न बचा हो ; किंतु पुरानी गौरव - गाथाएं तो आज  भी सजीव हैं । किसी समय शेरकोट के नाम से लोग सम्मान से सिर झुकाते थे।  ____ मधुबन के लिए वंश- गौरव का अभिमान छोड़कर , मुकदमे में सब कुछ हारकर , जब  उसके पिता मर गए , तो उसकी बड़ी विधवा बहन ने आकर भाई को संभाला था । उसकी  ससुराल संपन्न थी ; किंतु विधवा राजकुमारी के दरिद्र भाई को कौन देखता! उसी ने  शेरकोट के खंडहर में दीपक जलाने का काम अपने हाथों में लिया !  शेरकोट मल्लाही -टोले के समीप उत्तर की ओर बड़े- से ऊंचेटीले पर था । मल्लाही  टोला और शेरकोट के बीच एक बड़ा - सा वट - वृक्ष था । वहीं दो - चार बड़े- बड़े पत्थर थे। उसी  के नीचे स्नान करने का घाट था । मल्लाही-टोले में अब तो केवल दस घरों की बस्ती है । परंतु  जब शेरकोट के अच्छे दिन थे, तो उसकी प्रजा से काम करने वालों से यह गांव भरा  था ।  शेरकोट के विभव के साथ वहां की प्रजा धीरे - धीरे इधर - उधर जीविका की खोज में  खिसकने लगी । मल्लाहों की जीविका तो गंगातट से ही थी ; वे कहां जाते ? उन्हीं के साथ ________________",168,multi_turn_paragraph,"क्यों रे रामदीन, तुझे कभी घंटे भर की भी छुट्टी नहीं मिलती? आज अठवारों हो गया, कोई सौदा ले आना है। तेरी नानी",पूछा,,1474,1581,high,
TITLI-CAND-000133,1.7,titli_07.html,"तैरते हुए रामदीन ने कहा—अरे क्यों बिगड़ रहे हो दादा! आज कितने दिनों बाद छुट्टी मिली है। ऊधम मचाने अब कहां आता हूं। तैरते हुए तीर की ओर लौटकर उसने मलिया के पास पहुंचने का ज्यों ही उपक्रम किया, वह गंगा से निकलने लगी। रामदीन ने कहा—अरे क्या मैं काट लूंगा? मलिया, ठहर न! वह रुक गई। रामदीन ने धीरे से पास आकर पूछा—क्यों रे, तेरी सगाई पक्की हो गई? उसने कहा—धत! रामदीन ने कहा—तो आज मैं तेरे चाचा से कहूं कि... मलिया ने बीच ही में बात काटकर कहा—देखो, मुझे गाली दोगे तो.. .हां, कहे देती 'hca "" क्या कहे देती है? क्या मुझे डराती है? अब तो मुझे तेरी बीबी रानी का डर नहीं। मलिया, तू जानती है छोटी कोठी में मेम साहब जब से आई हैं, तब से मैं ही उनका खाना बनाता हूं चौबेजी का काम भी मैं ही करता हूं? अब तो... ___ मेम साहब के भरोसे कूद रहे हो न! देखो तो तुम्हारी मेम साहब की दुर्दशा चार दिन में होती है। बीबी रानी... क्या...बकती है! चल, अपना काम देख! वह तो कहती थीं कि रामदीन, तुझको मैं सरकार से कहकर खेत दिलवा दूंगी। वहीं... । चल, अपना मुंह देख, मुझसे चला है सगाई करने! तीन ही दिन में छोटी कोठी से भी तेरी मेम साहब भागती हैं। तब लेना खेत! अरे तो क्या... आगे रामदीन कुछ न बोल सका; क्योंकि एक गौर वर्ण की प्रौढ़ा स्त्री धोती लिये हुए उत्तर की ओर से धीरे-धीरे गंगा में उतर रही थी। उसे देखते ही दोनों की सिट्टी भूल गई। दोनों ही गंगा जल में से निकलकर उसे अभिवादन करके भलेमानसों की तरह अपनी-अपनी धोती पहनने लगे। उस स्त्री के अंग पर कोई आभषण न था. और न तो कोई सधवा का चिन्ह! था केवल उज्ज्वलता का पवित्र तेज, जो उसकी मोटी-सी धोती के बाहर भी प्रकट था। एक पत्थर पर अपनी धोती रखते हुए उसने घूमकर पूछा—क्यों रे रामदीन, तुझे कभी घंटे भर की भी छुट्टी नहीं मिलती? आज अठवारों हो गया, कोई सौदा ले आना है। तेरी नानी कहती थी, आज रामदीन आने वाला है। सो तू आज आने पर भी यहीं धमाचौकड़ी मचा रहा है? ____मालकिन! मैं नहाकर कोट में आ ही रहा था। यही मलिया बड़ी पाजी है, इसने धोती पर पानी के छींटे...सरकार... रामदीन अपनी बनावटी बात को आगे न बढ़ा सका। बीच ही में मलिया अपनी सफाई देती हुई बोल उठी—इसकी छाती फट जाए, झूठा कहीं का! मालकिन, यह मुझको दे रहा है। इसका घमंड बढ़ गया है। मेम साहब का खानसामा बन गया है, तो चला है मुझसे सगाई करने! मालकिन अपनी आती हुई हँसी को रोककर बोलीं वह देख , इसकी नानी आ रही है ,  उसी से कह दे। मलिया , सचमुच रामदीन पाजी हो गया है।  दोनों ने देखा , बुढ़िया रामदीन की नानी — तांबे का एक घड़ा लिये धीरे - धीरे आ  रही है ।  मालकिन स्नान करने लगी। कभी - कभी स्नान करने के लिए वह इधर आ जाती , तो  कई काम करती हुई जातीं । भाई मधुबन के लिए मछली लेना और मल्लाही -टोली की  किसी प्रजा को सहेजकर गृहस्थी का और कोई काम करा लेना भी उनके नहाने का उद्देश्य  होता ।  उनको देखते ही बूढ़े मल्लाह ने अपनी बंसी खींची । मछली फंस चुकी थी ।  वह स्नान करके सूर्य को प्रणाम करती हुई जब ऊपर आकर खड़ी हुईं तो मल्लाह ने  मछली सामने लाकर रख दी । उन्होंने रामदीन से कहा — इसे लेता चल । ।  मलिया ने बुढ़िया के स्नान कर लेने पर उसके लाए हुए घड़े को भर लिया । मालकिन  की गीली धोती लेकर बुढ़िया उनके साथ हो गई ।  मल्लाह ने कहा — मालकिन , आज इस पाजी रामदीन को बिना मारे मैं न छोड़ता ।  आज कई दिन पर मैं मधुबन बाबू के लिए मछली फंसाने बैठा था , यह आकर ऊधम मचाने  लगा । इसी की चाल से बड़ा - सा रोहू आकर निकल गया । आज लगा है छावनी की नौकरी  करने, तो घमंड का ठिकाना ही नहीं । हम लोग आपकी प्रजा हैं मालकिन ! यह बूढ़ा इस  बात को नहीं भूल सकता । अभी कल का लड़का — यह क्या जाने कि धामपुर के असली  मालिक — चार आने के पुराने हिस्सेदार — कौन हैं । मालकिन , बेईमानी से वह सब चला  गया , तो क्या हुआ ? हम लोग अपने मालिक को न पहचानेंगे?  ___ मालकिन को उसका यह व्याख्यान अच्छा न लगा । उनके अच्छे दिनों का स्मरण करा  देने की उस समय कोई आवश्यकता न थी । किंतु सीधा और बूढ़ा मल्लाह उस बिगड़े घर की  बड़ाई में और कहता ही क्या ?  शेरकोट के कुलीन जमींदार मधुबन के पास अब तीन बीघे खेत और वही खंडहर - सा  शेरकोट है, इसके अतिरिक्त और कुछ चाहे न बचा हो ; किंतु पुरानी गौरव - गाथाएं तो आज  भी सजीव हैं । किसी समय शेरकोट के नाम से लोग सम्मान से सिर झुकाते थे।  ____ मधुबन के लिए वंश- गौरव का अभिमान छोड़कर , मुकदमे में सब कुछ हारकर , जब  उसके पिता मर गए , तो उसकी बड़ी विधवा बहन ने आकर भाई को संभाला था । उसकी  ससुराल संपन्न थी ; किंतु विधवा राजकुमारी के दरिद्र भाई को कौन देखता! उसी ने  शेरकोट के खंडहर में दीपक जलाने का काम अपने हाथों में लिया !  शेरकोट मल्लाही -टोले के समीप उत्तर की ओर बड़े- से ऊंचेटीले पर था । मल्लाही  टोला और शेरकोट के बीच एक बड़ा - सा वट - वृक्ष था । वहीं दो - चार बड़े- बड़े पत्थर थे। उसी  के नीचे स्नान करने का घाट था । मल्लाही-टोले में अब तो केवल दस घरों की बस्ती है । परंतु  जब शेरकोट के अच्छे दिन थे, तो उसकी प्रजा से काम करने वालों से यह गांव भरा  था ।  शेरकोट के विभव के साथ वहां की प्रजा धीरे - धीरे इधर - उधर जीविका की खोज में  खिसकने लगी । मल्लाहों की जीविका तो गंगातट से ही थी ; वे कहां जाते ? उन्हीं के साथ ________________",168,multi_turn_paragraph,"इसकी छाती फट जाए, झूठा कहीं का! मालकिन, यह मुझको दे रहा है। इसका घमंड बढ़ गया है। मेम साहब का खानसामा बन गया है, तो चला है मुझसे सगाई करने! मालकिन अपनी आती हुई हँसी को रोककर बोलीं वह देख , इसकी नानी आ रही है ,  उसी से कह दे। मलिया , सचमुच रामदीन पाजी हो गया है।  दोनों ने देखा , बुढ़िया रामदीन की नानी — तांबे का एक घड़ा लिये धीरे - धीरे आ  रही है ।  मालकिन स्नान करने लगी। कभी - कभी स्नान करने के लिए वह इधर आ जाती , तो  कई काम करती हुई जातीं । भाई मधुबन के लिए मछली लेना और मल्लाही -टोली की  किसी प्रजा को सहेजकर गृहस्थी का और कोई काम करा लेना भी उनके नहाने का उद्देश्य  होता ।  उनको देखते ही बूढ़े मल्लाह ने अपनी बंसी खींची । मछली फंस चुकी थी ।  वह स्नान करके सूर्य को प्रणाम करती हुई जब ऊपर आकर खड़ी हुईं तो मल्लाह ने  मछली सामने लाकर रख दी । उन्होंने रामदीन से",बोल उठी,,1851,2616,high,unusually long candidate (>500 characters); review boundaries
TITLI-CAND-000134,1.7,titli_07.html,"तैरते हुए रामदीन ने कहा—अरे क्यों बिगड़ रहे हो दादा! आज कितने दिनों बाद छुट्टी मिली है। ऊधम मचाने अब कहां आता हूं। तैरते हुए तीर की ओर लौटकर उसने मलिया के पास पहुंचने का ज्यों ही उपक्रम किया, वह गंगा से निकलने लगी। रामदीन ने कहा—अरे क्या मैं काट लूंगा? मलिया, ठहर न! वह रुक गई। रामदीन ने धीरे से पास आकर पूछा—क्यों रे, तेरी सगाई पक्की हो गई? उसने कहा—धत! रामदीन ने कहा—तो आज मैं तेरे चाचा से कहूं कि... मलिया ने बीच ही में बात काटकर कहा—देखो, मुझे गाली दोगे तो.. .हां, कहे देती 'hca "" क्या कहे देती है? क्या मुझे डराती है? अब तो मुझे तेरी बीबी रानी का डर नहीं। मलिया, तू जानती है छोटी कोठी में मेम साहब जब से आई हैं, तब से मैं ही उनका खाना बनाता हूं चौबेजी का काम भी मैं ही करता हूं? अब तो... ___ मेम साहब के भरोसे कूद रहे हो न! देखो तो तुम्हारी मेम साहब की दुर्दशा चार दिन में होती है। बीबी रानी... क्या...बकती है! चल, अपना काम देख! वह तो कहती थीं कि रामदीन, तुझको मैं सरकार से कहकर खेत दिलवा दूंगी। वहीं... । चल, अपना मुंह देख, मुझसे चला है सगाई करने! तीन ही दिन में छोटी कोठी से भी तेरी मेम साहब भागती हैं। तब लेना खेत! अरे तो क्या... आगे रामदीन कुछ न बोल सका; क्योंकि एक गौर वर्ण की प्रौढ़ा स्त्री धोती लिये हुए उत्तर की ओर से धीरे-धीरे गंगा में उतर रही थी। उसे देखते ही दोनों की सिट्टी भूल गई। दोनों ही गंगा जल में से निकलकर उसे अभिवादन करके भलेमानसों की तरह अपनी-अपनी धोती पहनने लगे। उस स्त्री के अंग पर कोई आभषण न था. और न तो कोई सधवा का चिन्ह! था केवल उज्ज्वलता का पवित्र तेज, जो उसकी मोटी-सी धोती के बाहर भी प्रकट था। एक पत्थर पर अपनी धोती रखते हुए उसने घूमकर पूछा—क्यों रे रामदीन, तुझे कभी घंटे भर की भी छुट्टी नहीं मिलती? आज अठवारों हो गया, कोई सौदा ले आना है। तेरी नानी कहती थी, आज रामदीन आने वाला है। सो तू आज आने पर भी यहीं धमाचौकड़ी मचा रहा है? ____मालकिन! मैं नहाकर कोट में आ ही रहा था। यही मलिया बड़ी पाजी है, इसने धोती पर पानी के छींटे...सरकार... रामदीन अपनी बनावटी बात को आगे न बढ़ा सका। बीच ही में मलिया अपनी सफाई देती हुई बोल उठी—इसकी छाती फट जाए, झूठा कहीं का! मालकिन, यह मुझको दे रहा है। इसका घमंड बढ़ गया है। मेम साहब का खानसामा बन गया है, तो चला है मुझसे सगाई करने! मालकिन अपनी आती हुई हँसी को रोककर बोलीं वह देख , इसकी नानी आ रही है ,  उसी से कह दे। मलिया , सचमुच रामदीन पाजी हो गया है।  दोनों ने देखा , बुढ़िया रामदीन की नानी — तांबे का एक घड़ा लिये धीरे - धीरे आ  रही है ।  मालकिन स्नान करने लगी। कभी - कभी स्नान करने के लिए वह इधर आ जाती , तो  कई काम करती हुई जातीं । भाई मधुबन के लिए मछली लेना और मल्लाही -टोली की  किसी प्रजा को सहेजकर गृहस्थी का और कोई काम करा लेना भी उनके नहाने का उद्देश्य  होता ।  उनको देखते ही बूढ़े मल्लाह ने अपनी बंसी खींची । मछली फंस चुकी थी ।  वह स्नान करके सूर्य को प्रणाम करती हुई जब ऊपर आकर खड़ी हुईं तो मल्लाह ने  मछली सामने लाकर रख दी । उन्होंने रामदीन से कहा — इसे लेता चल । ।  मलिया ने बुढ़िया के स्नान कर लेने पर उसके लाए हुए घड़े को भर लिया । मालकिन  की गीली धोती लेकर बुढ़िया उनके साथ हो गई ।  मल्लाह ने कहा — मालकिन , आज इस पाजी रामदीन को बिना मारे मैं न छोड़ता ।  आज कई दिन पर मैं मधुबन बाबू के लिए मछली फंसाने बैठा था , यह आकर ऊधम मचाने  लगा । इसी की चाल से बड़ा - सा रोहू आकर निकल गया । आज लगा है छावनी की नौकरी  करने, तो घमंड का ठिकाना ही नहीं । हम लोग आपकी प्रजा हैं मालकिन ! यह बूढ़ा इस  बात को नहीं भूल सकता । अभी कल का लड़का — यह क्या जाने कि धामपुर के असली  मालिक — चार आने के पुराने हिस्सेदार — कौन हैं । मालकिन , बेईमानी से वह सब चला  गया , तो क्या हुआ ? हम लोग अपने मालिक को न पहचानेंगे?  ___ मालकिन को उसका यह व्याख्यान अच्छा न लगा । उनके अच्छे दिनों का स्मरण करा  देने की उस समय कोई आवश्यकता न थी । किंतु सीधा और बूढ़ा मल्लाह उस बिगड़े घर की  बड़ाई में और कहता ही क्या ?  शेरकोट के कुलीन जमींदार मधुबन के पास अब तीन बीघे खेत और वही खंडहर - सा  शेरकोट है, इसके अतिरिक्त और कुछ चाहे न बचा हो ; किंतु पुरानी गौरव - गाथाएं तो आज  भी सजीव हैं । किसी समय शेरकोट के नाम से लोग सम्मान से सिर झुकाते थे।  ____ मधुबन के लिए वंश- गौरव का अभिमान छोड़कर , मुकदमे में सब कुछ हारकर , जब  उसके पिता मर गए , तो उसकी बड़ी विधवा बहन ने आकर भाई को संभाला था । उसकी  ससुराल संपन्न थी ; किंतु विधवा राजकुमारी के दरिद्र भाई को कौन देखता! उसी ने  शेरकोट के खंडहर में दीपक जलाने का काम अपने हाथों में लिया !  शेरकोट मल्लाही -टोले के समीप उत्तर की ओर बड़े- से ऊंचेटीले पर था । मल्लाही  टोला और शेरकोट के बीच एक बड़ा - सा वट - वृक्ष था । वहीं दो - चार बड़े- बड़े पत्थर थे। उसी  के नीचे स्नान करने का घाट था । मल्लाही-टोले में अब तो केवल दस घरों की बस्ती है । परंतु  जब शेरकोट के अच्छे दिन थे, तो उसकी प्रजा से काम करने वालों से यह गांव भरा  था ।  शेरकोट के विभव के साथ वहां की प्रजा धीरे - धीरे इधर - उधर जीविका की खोज में  खिसकने लगी । मल्लाहों की जीविका तो गंगातट से ही थी ; वे कहां जाते ? उन्हीं के साथ ________________",168,multi_turn_paragraph,इसे लेता चल । ।  मलिया ने बुढ़िया के स्नान कर लेने पर उसके लाए हुए घड़े को भर लिया । मालकिन  की गीली धोती लेकर बुढ़िया उनके साथ हो गई ।,कहा,,2623,2758,high,
TITLI-CAND-000135,1.7,titli_07.html,"तैरते हुए रामदीन ने कहा—अरे क्यों बिगड़ रहे हो दादा! आज कितने दिनों बाद छुट्टी मिली है। ऊधम मचाने अब कहां आता हूं। तैरते हुए तीर की ओर लौटकर उसने मलिया के पास पहुंचने का ज्यों ही उपक्रम किया, वह गंगा से निकलने लगी। रामदीन ने कहा—अरे क्या मैं काट लूंगा? मलिया, ठहर न! वह रुक गई। रामदीन ने धीरे से पास आकर पूछा—क्यों रे, तेरी सगाई पक्की हो गई? उसने कहा—धत! रामदीन ने कहा—तो आज मैं तेरे चाचा से कहूं कि... मलिया ने बीच ही में बात काटकर कहा—देखो, मुझे गाली दोगे तो.. .हां, कहे देती 'hca "" क्या कहे देती है? क्या मुझे डराती है? अब तो मुझे तेरी बीबी रानी का डर नहीं। मलिया, तू जानती है छोटी कोठी में मेम साहब जब से आई हैं, तब से मैं ही उनका खाना बनाता हूं चौबेजी का काम भी मैं ही करता हूं? अब तो... ___ मेम साहब के भरोसे कूद रहे हो न! देखो तो तुम्हारी मेम साहब की दुर्दशा चार दिन में होती है। बीबी रानी... क्या...बकती है! चल, अपना काम देख! वह तो कहती थीं कि रामदीन, तुझको मैं सरकार से कहकर खेत दिलवा दूंगी। वहीं... । चल, अपना मुंह देख, मुझसे चला है सगाई करने! तीन ही दिन में छोटी कोठी से भी तेरी मेम साहब भागती हैं। तब लेना खेत! अरे तो क्या... आगे रामदीन कुछ न बोल सका; क्योंकि एक गौर वर्ण की प्रौढ़ा स्त्री धोती लिये हुए उत्तर की ओर से धीरे-धीरे गंगा में उतर रही थी। उसे देखते ही दोनों की सिट्टी भूल गई। दोनों ही गंगा जल में से निकलकर उसे अभिवादन करके भलेमानसों की तरह अपनी-अपनी धोती पहनने लगे। उस स्त्री के अंग पर कोई आभषण न था. और न तो कोई सधवा का चिन्ह! था केवल उज्ज्वलता का पवित्र तेज, जो उसकी मोटी-सी धोती के बाहर भी प्रकट था। एक पत्थर पर अपनी धोती रखते हुए उसने घूमकर पूछा—क्यों रे रामदीन, तुझे कभी घंटे भर की भी छुट्टी नहीं मिलती? आज अठवारों हो गया, कोई सौदा ले आना है। तेरी नानी कहती थी, आज रामदीन आने वाला है। सो तू आज आने पर भी यहीं धमाचौकड़ी मचा रहा है? ____मालकिन! मैं नहाकर कोट में आ ही रहा था। यही मलिया बड़ी पाजी है, इसने धोती पर पानी के छींटे...सरकार... रामदीन अपनी बनावटी बात को आगे न बढ़ा सका। बीच ही में मलिया अपनी सफाई देती हुई बोल उठी—इसकी छाती फट जाए, झूठा कहीं का! मालकिन, यह मुझको दे रहा है। इसका घमंड बढ़ गया है। मेम साहब का खानसामा बन गया है, तो चला है मुझसे सगाई करने! मालकिन अपनी आती हुई हँसी को रोककर बोलीं वह देख , इसकी नानी आ रही है ,  उसी से कह दे। मलिया , सचमुच रामदीन पाजी हो गया है।  दोनों ने देखा , बुढ़िया रामदीन की नानी — तांबे का एक घड़ा लिये धीरे - धीरे आ  रही है ।  मालकिन स्नान करने लगी। कभी - कभी स्नान करने के लिए वह इधर आ जाती , तो  कई काम करती हुई जातीं । भाई मधुबन के लिए मछली लेना और मल्लाही -टोली की  किसी प्रजा को सहेजकर गृहस्थी का और कोई काम करा लेना भी उनके नहाने का उद्देश्य  होता ।  उनको देखते ही बूढ़े मल्लाह ने अपनी बंसी खींची । मछली फंस चुकी थी ।  वह स्नान करके सूर्य को प्रणाम करती हुई जब ऊपर आकर खड़ी हुईं तो मल्लाह ने  मछली सामने लाकर रख दी । उन्होंने रामदीन से कहा — इसे लेता चल । ।  मलिया ने बुढ़िया के स्नान कर लेने पर उसके लाए हुए घड़े को भर लिया । मालकिन  की गीली धोती लेकर बुढ़िया उनके साथ हो गई ।  मल्लाह ने कहा — मालकिन , आज इस पाजी रामदीन को बिना मारे मैं न छोड़ता ।  आज कई दिन पर मैं मधुबन बाबू के लिए मछली फंसाने बैठा था , यह आकर ऊधम मचाने  लगा । इसी की चाल से बड़ा - सा रोहू आकर निकल गया । आज लगा है छावनी की नौकरी  करने, तो घमंड का ठिकाना ही नहीं । हम लोग आपकी प्रजा हैं मालकिन ! यह बूढ़ा इस  बात को नहीं भूल सकता । अभी कल का लड़का — यह क्या जाने कि धामपुर के असली  मालिक — चार आने के पुराने हिस्सेदार — कौन हैं । मालकिन , बेईमानी से वह सब चला  गया , तो क्या हुआ ? हम लोग अपने मालिक को न पहचानेंगे?  ___ मालकिन को उसका यह व्याख्यान अच्छा न लगा । उनके अच्छे दिनों का स्मरण करा  देने की उस समय कोई आवश्यकता न थी । किंतु सीधा और बूढ़ा मल्लाह उस बिगड़े घर की  बड़ाई में और कहता ही क्या ?  शेरकोट के कुलीन जमींदार मधुबन के पास अब तीन बीघे खेत और वही खंडहर - सा  शेरकोट है, इसके अतिरिक्त और कुछ चाहे न बचा हो ; किंतु पुरानी गौरव - गाथाएं तो आज  भी सजीव हैं । किसी समय शेरकोट के नाम से लोग सम्मान से सिर झुकाते थे।  ____ मधुबन के लिए वंश- गौरव का अभिमान छोड़कर , मुकदमे में सब कुछ हारकर , जब  उसके पिता मर गए , तो उसकी बड़ी विधवा बहन ने आकर भाई को संभाला था । उसकी  ससुराल संपन्न थी ; किंतु विधवा राजकुमारी के दरिद्र भाई को कौन देखता! उसी ने  शेरकोट के खंडहर में दीपक जलाने का काम अपने हाथों में लिया !  शेरकोट मल्लाही -टोले के समीप उत्तर की ओर बड़े- से ऊंचेटीले पर था । मल्लाही  टोला और शेरकोट के बीच एक बड़ा - सा वट - वृक्ष था । वहीं दो - चार बड़े- बड़े पत्थर थे। उसी  के नीचे स्नान करने का घाट था । मल्लाही-टोले में अब तो केवल दस घरों की बस्ती है । परंतु  जब शेरकोट के अच्छे दिन थे, तो उसकी प्रजा से काम करने वालों से यह गांव भरा  था ।  शेरकोट के विभव के साथ वहां की प्रजा धीरे - धीरे इधर - उधर जीविका की खोज में  खिसकने लगी । मल्लाहों की जीविका तो गंगातट से ही थी ; वे कहां जाते ? उन्हीं के साथ ________________",168,multi_turn_paragraph,"मालकिन , आज इस पाजी रामदीन को बिना मारे मैं न छोड़ता ।  आज कई दिन पर मैं मधुबन बाबू के लिए मछली फंसाने बैठा था , यह आकर ऊधम मचाने  लगा । इसी की चाल से बड़ा - सा रोहू आकर निकल गया । आज लगा है छावनी की नौकरी  करने, तो घमंड का ठिकाना ही नहीं । हम लोग आपकी प्रजा हैं मालकिन ! यह बूढ़ा इस  बात को नहीं भूल सकता । अभी कल का लड़का — यह क्या जाने कि धामपुर के असली  मालिक — चार आने के पुराने हिस्सेदार — कौन हैं । मालकिन , बेईमानी से वह सब चला  गया , तो क्या हुआ ? हम लोग अपने मालिक को न पहचानेंगे?  ___ मालकिन को उसका यह व्याख्यान अच्छा न लगा । उनके अच्छे दिनों का स्मरण करा  देने की उस समय कोई आवश्यकता न थी । किंतु सीधा और बूढ़ा मल्लाह उस बिगड़े घर की  बड़ाई में और",मल्लाह ने कहा,मल्लाह,2776,3436,high,unusually long candidate (>500 characters); review boundaries
TITLI-CAND-000136,1.7,titli_07.html,"दो-तीन कहारों के भी घर बच रहे—उस छोटी-सी बस्ती में। कहीं-कहीं पुराने घरों की गिरी हुई भीतों के ढूह अपने दारिद्र्य -मंडित सिर को ऊंचा करने की चेष्टा में संलग्न थे, जिसके किसी सिरे पर टूटी हुई धरनें, उन घरों का सिर फोड़ने वाली लाठी की तरह, अड़ी पड़ी थीं! उधर शेरकोट का छोटा-सा मिट्टी का ध्वस्त दुर्ग था! अब उसका नाममात्र है, और है उसके दो ओर नाले की खाई—एक और गंगा। एक पथ गांव में जाने के लिए था। घर सब गिर चुके थे। दो-तीन कोठरियों के साथ एकआँगन बच रहा था। भारत का वह मध्यकाल था, जब प्रतिदिन आक्रमणों के भय से एक छोटे-से भूमिपति को भी दुर्ग की आवश्यकता होती थी। ऊंची-नीची होने के कारण, शेरकोट में अधिक भूमि होने पर भी, खेती के काम में नहीं आ सकती थी। तो भी राजकुमारी ने उसमें फल-फूल और साग-भाजी का आयोजन कर लिया था। शेरकोट के खंडहर में घुसते हुए राजकुमारी ने बूढ़े मल्लाह को विदा किया। वह बूढ़ा मनुष्य कोट का कोई भी काम करने के लिए प्रस्तुत रहता। उसने जाते जाते कहामालकिन, जब कोई काम हो, कहलवा देना, हम लोग आपकी पुरानी प्रजा हैं, नमक खाया उसकी इस सहानुभूति से राजकुमारी को रोमांच हो गया। उसने कहा—तुमसे न कहलवाऊंगी, तो काम कैसे चलेगा; और कब नहीं कहलवाया है? बूढ़ा दोनों हाथों को अपने सिर से लगाकर लौट गया। रामदीन ने एक बार जैसे सांस ली। उसने कहा—तो मालकिन, कहिए, नौकरी छोड़ जो प्रेरणा उसे बूढ़े मल्लाह से मिली थी, वही उत्तेजित हो रही थी। राजकुमारी ने कहा—पागल! नौकरी छोड़ देगा, तो खेत छिन जाएगा। गांव में रहने पावेगा फिर? अब हम लोगों के वह दिन नहीं रहे कि तुमको नौकर रख लूंगी। मैंने तो इसलिए कहा था कि मधुबन ने कहीं पर खेत बनाया है; वही बाबाजी की बनजरिया में। कहता था कि 'बहन, एक भी मजूर नहीं मिला!' फिर बाबाजी और उसने मिलकर हल चलाया! सुनता है रे रामदीन, अब बड़े घर के लोग हल चलाने लगे, मजूर नहीं मिलते, बाबाजी तो यह सब बात मानते ही नहीं। उन्होंने मधुबन से भी हल चलवाया। वह कहते हैं कि 'हल चलाने से बड़े लोगों की जात नहीं चली जाती। अपना काम हम नहीं करेंगे, तो दूसरा कौन करेगा।' आज-कल इस देश में जो न हो जाए। कहां मधुबन का वंश, कहां हलचलाना! बाबाजी ने उसको पढ़ाया-लिखाया और भी न जाने क्या-क्या सिखाया। वह जाता है शहर यहां से बोझ लिवाकर सौदा बेचने! जब मैं कुछ कहती हूं; तो कहता है- 'बहन! वह सब रामकहानी के दिन बीत गए। काम करके खाने में लाज कैसी। किसी की चोरी करता हूं या भीख मांगता हूं?' धीरे-धीरे मजूर होता जा रहा है। मधुबन हल चलावे, यह कैसे सह सकती हूं। इसी से तो कहती हूं कि क्या दो घंटे जाकर तू उसका काम नहीं कर सकता था! दोपहर को खाने-नहाने की छुट्टी तो किसी तरह मिलती है। कैसे क्या कहूं अभी न जाऊं तो रोटी भी रसोईदार इधर-उधर फेंक देगा। फिर दिन भर टापता रह जाऊंगा। मालकिन, पहले से कह दिया जाए, तो कोई उपाय भी निकाल लूं। ________________",169,multi_turn_paragraph,"तुमसे न कहलवाऊंगी, तो काम कैसे चलेगा; और कब नहीं कहलवाया है? बूढ़ा दोनों हाथों को अपने सिर से लगाकर लौट गया। रामदीन ने एक बार जैसे सांस ली। उसने",कहा,,995,1139,high,
TITLI-CAND-000137,1.7,titli_07.html,"दो-तीन कहारों के भी घर बच रहे—उस छोटी-सी बस्ती में। कहीं-कहीं पुराने घरों की गिरी हुई भीतों के ढूह अपने दारिद्र्य -मंडित सिर को ऊंचा करने की चेष्टा में संलग्न थे, जिसके किसी सिरे पर टूटी हुई धरनें, उन घरों का सिर फोड़ने वाली लाठी की तरह, अड़ी पड़ी थीं! उधर शेरकोट का छोटा-सा मिट्टी का ध्वस्त दुर्ग था! अब उसका नाममात्र है, और है उसके दो ओर नाले की खाई—एक और गंगा। एक पथ गांव में जाने के लिए था। घर सब गिर चुके थे। दो-तीन कोठरियों के साथ एकआँगन बच रहा था। भारत का वह मध्यकाल था, जब प्रतिदिन आक्रमणों के भय से एक छोटे-से भूमिपति को भी दुर्ग की आवश्यकता होती थी। ऊंची-नीची होने के कारण, शेरकोट में अधिक भूमि होने पर भी, खेती के काम में नहीं आ सकती थी। तो भी राजकुमारी ने उसमें फल-फूल और साग-भाजी का आयोजन कर लिया था। शेरकोट के खंडहर में घुसते हुए राजकुमारी ने बूढ़े मल्लाह को विदा किया। वह बूढ़ा मनुष्य कोट का कोई भी काम करने के लिए प्रस्तुत रहता। उसने जाते जाते कहामालकिन, जब कोई काम हो, कहलवा देना, हम लोग आपकी पुरानी प्रजा हैं, नमक खाया उसकी इस सहानुभूति से राजकुमारी को रोमांच हो गया। उसने कहा—तुमसे न कहलवाऊंगी, तो काम कैसे चलेगा; और कब नहीं कहलवाया है? बूढ़ा दोनों हाथों को अपने सिर से लगाकर लौट गया। रामदीन ने एक बार जैसे सांस ली। उसने कहा—तो मालकिन, कहिए, नौकरी छोड़ जो प्रेरणा उसे बूढ़े मल्लाह से मिली थी, वही उत्तेजित हो रही थी। राजकुमारी ने कहा—पागल! नौकरी छोड़ देगा, तो खेत छिन जाएगा। गांव में रहने पावेगा फिर? अब हम लोगों के वह दिन नहीं रहे कि तुमको नौकर रख लूंगी। मैंने तो इसलिए कहा था कि मधुबन ने कहीं पर खेत बनाया है; वही बाबाजी की बनजरिया में। कहता था कि 'बहन, एक भी मजूर नहीं मिला!' फिर बाबाजी और उसने मिलकर हल चलाया! सुनता है रे रामदीन, अब बड़े घर के लोग हल चलाने लगे, मजूर नहीं मिलते, बाबाजी तो यह सब बात मानते ही नहीं। उन्होंने मधुबन से भी हल चलवाया। वह कहते हैं कि 'हल चलाने से बड़े लोगों की जात नहीं चली जाती। अपना काम हम नहीं करेंगे, तो दूसरा कौन करेगा।' आज-कल इस देश में जो न हो जाए। कहां मधुबन का वंश, कहां हलचलाना! बाबाजी ने उसको पढ़ाया-लिखाया और भी न जाने क्या-क्या सिखाया। वह जाता है शहर यहां से बोझ लिवाकर सौदा बेचने! जब मैं कुछ कहती हूं; तो कहता है- 'बहन! वह सब रामकहानी के दिन बीत गए। काम करके खाने में लाज कैसी। किसी की चोरी करता हूं या भीख मांगता हूं?' धीरे-धीरे मजूर होता जा रहा है। मधुबन हल चलावे, यह कैसे सह सकती हूं। इसी से तो कहती हूं कि क्या दो घंटे जाकर तू उसका काम नहीं कर सकता था! दोपहर को खाने-नहाने की छुट्टी तो किसी तरह मिलती है। कैसे क्या कहूं अभी न जाऊं तो रोटी भी रसोईदार इधर-उधर फेंक देगा। फिर दिन भर टापता रह जाऊंगा। मालकिन, पहले से कह दिया जाए, तो कोई उपाय भी निकाल लूं। ________________",169,multi_turn_paragraph,"तो मालकिन, कहिए, नौकरी छोड़ जो प्रेरणा उसे बूढ़े मल्लाह से मिली थी, वही उत्तेजित हो रही थी।",कहा,,1144,1235,high,
TITLI-CAND-000138,1.7,titli_07.html,"दो-तीन कहारों के भी घर बच रहे—उस छोटी-सी बस्ती में। कहीं-कहीं पुराने घरों की गिरी हुई भीतों के ढूह अपने दारिद्र्य -मंडित सिर को ऊंचा करने की चेष्टा में संलग्न थे, जिसके किसी सिरे पर टूटी हुई धरनें, उन घरों का सिर फोड़ने वाली लाठी की तरह, अड़ी पड़ी थीं! उधर शेरकोट का छोटा-सा मिट्टी का ध्वस्त दुर्ग था! अब उसका नाममात्र है, और है उसके दो ओर नाले की खाई—एक और गंगा। एक पथ गांव में जाने के लिए था। घर सब गिर चुके थे। दो-तीन कोठरियों के साथ एकआँगन बच रहा था। भारत का वह मध्यकाल था, जब प्रतिदिन आक्रमणों के भय से एक छोटे-से भूमिपति को भी दुर्ग की आवश्यकता होती थी। ऊंची-नीची होने के कारण, शेरकोट में अधिक भूमि होने पर भी, खेती के काम में नहीं आ सकती थी। तो भी राजकुमारी ने उसमें फल-फूल और साग-भाजी का आयोजन कर लिया था। शेरकोट के खंडहर में घुसते हुए राजकुमारी ने बूढ़े मल्लाह को विदा किया। वह बूढ़ा मनुष्य कोट का कोई भी काम करने के लिए प्रस्तुत रहता। उसने जाते जाते कहामालकिन, जब कोई काम हो, कहलवा देना, हम लोग आपकी पुरानी प्रजा हैं, नमक खाया उसकी इस सहानुभूति से राजकुमारी को रोमांच हो गया। उसने कहा—तुमसे न कहलवाऊंगी, तो काम कैसे चलेगा; और कब नहीं कहलवाया है? बूढ़ा दोनों हाथों को अपने सिर से लगाकर लौट गया। रामदीन ने एक बार जैसे सांस ली। उसने कहा—तो मालकिन, कहिए, नौकरी छोड़ जो प्रेरणा उसे बूढ़े मल्लाह से मिली थी, वही उत्तेजित हो रही थी। राजकुमारी ने कहा—पागल! नौकरी छोड़ देगा, तो खेत छिन जाएगा। गांव में रहने पावेगा फिर? अब हम लोगों के वह दिन नहीं रहे कि तुमको नौकर रख लूंगी। मैंने तो इसलिए कहा था कि मधुबन ने कहीं पर खेत बनाया है; वही बाबाजी की बनजरिया में। कहता था कि 'बहन, एक भी मजूर नहीं मिला!' फिर बाबाजी और उसने मिलकर हल चलाया! सुनता है रे रामदीन, अब बड़े घर के लोग हल चलाने लगे, मजूर नहीं मिलते, बाबाजी तो यह सब बात मानते ही नहीं। उन्होंने मधुबन से भी हल चलवाया। वह कहते हैं कि 'हल चलाने से बड़े लोगों की जात नहीं चली जाती। अपना काम हम नहीं करेंगे, तो दूसरा कौन करेगा।' आज-कल इस देश में जो न हो जाए। कहां मधुबन का वंश, कहां हलचलाना! बाबाजी ने उसको पढ़ाया-लिखाया और भी न जाने क्या-क्या सिखाया। वह जाता है शहर यहां से बोझ लिवाकर सौदा बेचने! जब मैं कुछ कहती हूं; तो कहता है- 'बहन! वह सब रामकहानी के दिन बीत गए। काम करके खाने में लाज कैसी। किसी की चोरी करता हूं या भीख मांगता हूं?' धीरे-धीरे मजूर होता जा रहा है। मधुबन हल चलावे, यह कैसे सह सकती हूं। इसी से तो कहती हूं कि क्या दो घंटे जाकर तू उसका काम नहीं कर सकता था! दोपहर को खाने-नहाने की छुट्टी तो किसी तरह मिलती है। कैसे क्या कहूं अभी न जाऊं तो रोटी भी रसोईदार इधर-उधर फेंक देगा। फिर दिन भर टापता रह जाऊंगा। मालकिन, पहले से कह दिया जाए, तो कोई उपाय भी निकाल लूं। ________________",169,multi_turn_paragraph,"पागल! नौकरी छोड़ देगा, तो खेत छिन जाएगा। गांव में रहने पावेगा फिर? अब हम लोगों के वह दिन नहीं रहे कि तुमको नौकर रख लूंगी। मैंने तो इसलिए",राजकुमारी ने कहा,राजकुमारी,1253,1389,high,
TITLI-CAND-000139,1.7,titli_07.html,"दो-तीन कहारों के भी घर बच रहे—उस छोटी-सी बस्ती में। कहीं-कहीं पुराने घरों की गिरी हुई भीतों के ढूह अपने दारिद्र्य -मंडित सिर को ऊंचा करने की चेष्टा में संलग्न थे, जिसके किसी सिरे पर टूटी हुई धरनें, उन घरों का सिर फोड़ने वाली लाठी की तरह, अड़ी पड़ी थीं! उधर शेरकोट का छोटा-सा मिट्टी का ध्वस्त दुर्ग था! अब उसका नाममात्र है, और है उसके दो ओर नाले की खाई—एक और गंगा। एक पथ गांव में जाने के लिए था। घर सब गिर चुके थे। दो-तीन कोठरियों के साथ एकआँगन बच रहा था। भारत का वह मध्यकाल था, जब प्रतिदिन आक्रमणों के भय से एक छोटे-से भूमिपति को भी दुर्ग की आवश्यकता होती थी। ऊंची-नीची होने के कारण, शेरकोट में अधिक भूमि होने पर भी, खेती के काम में नहीं आ सकती थी। तो भी राजकुमारी ने उसमें फल-फूल और साग-भाजी का आयोजन कर लिया था। शेरकोट के खंडहर में घुसते हुए राजकुमारी ने बूढ़े मल्लाह को विदा किया। वह बूढ़ा मनुष्य कोट का कोई भी काम करने के लिए प्रस्तुत रहता। उसने जाते जाते कहामालकिन, जब कोई काम हो, कहलवा देना, हम लोग आपकी पुरानी प्रजा हैं, नमक खाया उसकी इस सहानुभूति से राजकुमारी को रोमांच हो गया। उसने कहा—तुमसे न कहलवाऊंगी, तो काम कैसे चलेगा; और कब नहीं कहलवाया है? बूढ़ा दोनों हाथों को अपने सिर से लगाकर लौट गया। रामदीन ने एक बार जैसे सांस ली। उसने कहा—तो मालकिन, कहिए, नौकरी छोड़ जो प्रेरणा उसे बूढ़े मल्लाह से मिली थी, वही उत्तेजित हो रही थी। राजकुमारी ने कहा—पागल! नौकरी छोड़ देगा, तो खेत छिन जाएगा। गांव में रहने पावेगा फिर? अब हम लोगों के वह दिन नहीं रहे कि तुमको नौकर रख लूंगी। मैंने तो इसलिए कहा था कि मधुबन ने कहीं पर खेत बनाया है; वही बाबाजी की बनजरिया में। कहता था कि 'बहन, एक भी मजूर नहीं मिला!' फिर बाबाजी और उसने मिलकर हल चलाया! सुनता है रे रामदीन, अब बड़े घर के लोग हल चलाने लगे, मजूर नहीं मिलते, बाबाजी तो यह सब बात मानते ही नहीं। उन्होंने मधुबन से भी हल चलवाया। वह कहते हैं कि 'हल चलाने से बड़े लोगों की जात नहीं चली जाती। अपना काम हम नहीं करेंगे, तो दूसरा कौन करेगा।' आज-कल इस देश में जो न हो जाए। कहां मधुबन का वंश, कहां हलचलाना! बाबाजी ने उसको पढ़ाया-लिखाया और भी न जाने क्या-क्या सिखाया। वह जाता है शहर यहां से बोझ लिवाकर सौदा बेचने! जब मैं कुछ कहती हूं; तो कहता है- 'बहन! वह सब रामकहानी के दिन बीत गए। काम करके खाने में लाज कैसी। किसी की चोरी करता हूं या भीख मांगता हूं?' धीरे-धीरे मजूर होता जा रहा है। मधुबन हल चलावे, यह कैसे सह सकती हूं। इसी से तो कहती हूं कि क्या दो घंटे जाकर तू उसका काम नहीं कर सकता था! दोपहर को खाने-नहाने की छुट्टी तो किसी तरह मिलती है। कैसे क्या कहूं अभी न जाऊं तो रोटी भी रसोईदार इधर-उधर फेंक देगा। फिर दिन भर टापता रह जाऊंगा। मालकिन, पहले से कह दिया जाए, तो कोई उपाय भी निकाल लूं। ________________",169,attribution_quote,"बहन, एक भी मजूर नहीं मिला!",कहता,,1470,1496,high,
TITLI-CAND-000140,1.7,titli_07.html,"दो-तीन कहारों के भी घर बच रहे—उस छोटी-सी बस्ती में। कहीं-कहीं पुराने घरों की गिरी हुई भीतों के ढूह अपने दारिद्र्य -मंडित सिर को ऊंचा करने की चेष्टा में संलग्न थे, जिसके किसी सिरे पर टूटी हुई धरनें, उन घरों का सिर फोड़ने वाली लाठी की तरह, अड़ी पड़ी थीं! उधर शेरकोट का छोटा-सा मिट्टी का ध्वस्त दुर्ग था! अब उसका नाममात्र है, और है उसके दो ओर नाले की खाई—एक और गंगा। एक पथ गांव में जाने के लिए था। घर सब गिर चुके थे। दो-तीन कोठरियों के साथ एकआँगन बच रहा था। भारत का वह मध्यकाल था, जब प्रतिदिन आक्रमणों के भय से एक छोटे-से भूमिपति को भी दुर्ग की आवश्यकता होती थी। ऊंची-नीची होने के कारण, शेरकोट में अधिक भूमि होने पर भी, खेती के काम में नहीं आ सकती थी। तो भी राजकुमारी ने उसमें फल-फूल और साग-भाजी का आयोजन कर लिया था। शेरकोट के खंडहर में घुसते हुए राजकुमारी ने बूढ़े मल्लाह को विदा किया। वह बूढ़ा मनुष्य कोट का कोई भी काम करने के लिए प्रस्तुत रहता। उसने जाते जाते कहामालकिन, जब कोई काम हो, कहलवा देना, हम लोग आपकी पुरानी प्रजा हैं, नमक खाया उसकी इस सहानुभूति से राजकुमारी को रोमांच हो गया। उसने कहा—तुमसे न कहलवाऊंगी, तो काम कैसे चलेगा; और कब नहीं कहलवाया है? बूढ़ा दोनों हाथों को अपने सिर से लगाकर लौट गया। रामदीन ने एक बार जैसे सांस ली। उसने कहा—तो मालकिन, कहिए, नौकरी छोड़ जो प्रेरणा उसे बूढ़े मल्लाह से मिली थी, वही उत्तेजित हो रही थी। राजकुमारी ने कहा—पागल! नौकरी छोड़ देगा, तो खेत छिन जाएगा। गांव में रहने पावेगा फिर? अब हम लोगों के वह दिन नहीं रहे कि तुमको नौकर रख लूंगी। मैंने तो इसलिए कहा था कि मधुबन ने कहीं पर खेत बनाया है; वही बाबाजी की बनजरिया में। कहता था कि 'बहन, एक भी मजूर नहीं मिला!' फिर बाबाजी और उसने मिलकर हल चलाया! सुनता है रे रामदीन, अब बड़े घर के लोग हल चलाने लगे, मजूर नहीं मिलते, बाबाजी तो यह सब बात मानते ही नहीं। उन्होंने मधुबन से भी हल चलवाया। वह कहते हैं कि 'हल चलाने से बड़े लोगों की जात नहीं चली जाती। अपना काम हम नहीं करेंगे, तो दूसरा कौन करेगा।' आज-कल इस देश में जो न हो जाए। कहां मधुबन का वंश, कहां हलचलाना! बाबाजी ने उसको पढ़ाया-लिखाया और भी न जाने क्या-क्या सिखाया। वह जाता है शहर यहां से बोझ लिवाकर सौदा बेचने! जब मैं कुछ कहती हूं; तो कहता है- 'बहन! वह सब रामकहानी के दिन बीत गए। काम करके खाने में लाज कैसी। किसी की चोरी करता हूं या भीख मांगता हूं?' धीरे-धीरे मजूर होता जा रहा है। मधुबन हल चलावे, यह कैसे सह सकती हूं। इसी से तो कहती हूं कि क्या दो घंटे जाकर तू उसका काम नहीं कर सकता था! दोपहर को खाने-नहाने की छुट्टी तो किसी तरह मिलती है। कैसे क्या कहूं अभी न जाऊं तो रोटी भी रसोईदार इधर-उधर फेंक देगा। फिर दिन भर टापता रह जाऊंगा। मालकिन, पहले से कह दिया जाए, तो कोई उपाय भी निकाल लूं। ________________",169,attribution_quote,"हल चलाने से बड़े लोगों की जात नहीं चली जाती। अपना काम हम नहीं करेंगे, तो दूसरा कौन करेगा।",कहते,,1685,1774,high,
TITLI-CAND-000141,1.7,titli_07.html,"दो-तीन कहारों के भी घर बच रहे—उस छोटी-सी बस्ती में। कहीं-कहीं पुराने घरों की गिरी हुई भीतों के ढूह अपने दारिद्र्य -मंडित सिर को ऊंचा करने की चेष्टा में संलग्न थे, जिसके किसी सिरे पर टूटी हुई धरनें, उन घरों का सिर फोड़ने वाली लाठी की तरह, अड़ी पड़ी थीं! उधर शेरकोट का छोटा-सा मिट्टी का ध्वस्त दुर्ग था! अब उसका नाममात्र है, और है उसके दो ओर नाले की खाई—एक और गंगा। एक पथ गांव में जाने के लिए था। घर सब गिर चुके थे। दो-तीन कोठरियों के साथ एकआँगन बच रहा था। भारत का वह मध्यकाल था, जब प्रतिदिन आक्रमणों के भय से एक छोटे-से भूमिपति को भी दुर्ग की आवश्यकता होती थी। ऊंची-नीची होने के कारण, शेरकोट में अधिक भूमि होने पर भी, खेती के काम में नहीं आ सकती थी। तो भी राजकुमारी ने उसमें फल-फूल और साग-भाजी का आयोजन कर लिया था। शेरकोट के खंडहर में घुसते हुए राजकुमारी ने बूढ़े मल्लाह को विदा किया। वह बूढ़ा मनुष्य कोट का कोई भी काम करने के लिए प्रस्तुत रहता। उसने जाते जाते कहामालकिन, जब कोई काम हो, कहलवा देना, हम लोग आपकी पुरानी प्रजा हैं, नमक खाया उसकी इस सहानुभूति से राजकुमारी को रोमांच हो गया। उसने कहा—तुमसे न कहलवाऊंगी, तो काम कैसे चलेगा; और कब नहीं कहलवाया है? बूढ़ा दोनों हाथों को अपने सिर से लगाकर लौट गया। रामदीन ने एक बार जैसे सांस ली। उसने कहा—तो मालकिन, कहिए, नौकरी छोड़ जो प्रेरणा उसे बूढ़े मल्लाह से मिली थी, वही उत्तेजित हो रही थी। राजकुमारी ने कहा—पागल! नौकरी छोड़ देगा, तो खेत छिन जाएगा। गांव में रहने पावेगा फिर? अब हम लोगों के वह दिन नहीं रहे कि तुमको नौकर रख लूंगी। मैंने तो इसलिए कहा था कि मधुबन ने कहीं पर खेत बनाया है; वही बाबाजी की बनजरिया में। कहता था कि 'बहन, एक भी मजूर नहीं मिला!' फिर बाबाजी और उसने मिलकर हल चलाया! सुनता है रे रामदीन, अब बड़े घर के लोग हल चलाने लगे, मजूर नहीं मिलते, बाबाजी तो यह सब बात मानते ही नहीं। उन्होंने मधुबन से भी हल चलवाया। वह कहते हैं कि 'हल चलाने से बड़े लोगों की जात नहीं चली जाती। अपना काम हम नहीं करेंगे, तो दूसरा कौन करेगा।' आज-कल इस देश में जो न हो जाए। कहां मधुबन का वंश, कहां हलचलाना! बाबाजी ने उसको पढ़ाया-लिखाया और भी न जाने क्या-क्या सिखाया। वह जाता है शहर यहां से बोझ लिवाकर सौदा बेचने! जब मैं कुछ कहती हूं; तो कहता है- 'बहन! वह सब रामकहानी के दिन बीत गए। काम करके खाने में लाज कैसी। किसी की चोरी करता हूं या भीख मांगता हूं?' धीरे-धीरे मजूर होता जा रहा है। मधुबन हल चलावे, यह कैसे सह सकती हूं। इसी से तो कहती हूं कि क्या दो घंटे जाकर तू उसका काम नहीं कर सकता था! दोपहर को खाने-नहाने की छुट्टी तो किसी तरह मिलती है। कैसे क्या कहूं अभी न जाऊं तो रोटी भी रसोईदार इधर-उधर फेंक देगा। फिर दिन भर टापता रह जाऊंगा। मालकिन, पहले से कह दिया जाए, तो कोई उपाय भी निकाल लूं। ________________",169,attribution_quote,बहन! वह सब रामकहानी के दिन बीत गए। काम करके खाने में लाज कैसी। किसी की चोरी करता हूं या भीख मांगता हूं?,कहता,,1979,2082,high,
TITLI-CAND-000142,1.7,titli_07.html,"अच्छा, जा; कल आना तो मुझसे भेंट करके जाना; भूलना मत! समझा न? मधुबन मिले तो भेज दो। रामदीन ने मछली रखते हुए सिर झुकाकर अभिवादन किया। फिर मलिया की ओर देखता हुआ वह चला गया। __रामदीन की नानी धूप में धोती फैलाकर रसोई-घर की ओर मछली लेकर गई। वह चौके में आग-पानी जुटाने लगी। ___मलिया मालकिन के पास बैठ गई थी। राजकुमारी ने उनसे पूछा–मलिया! तेरी ससुराल के लोग कभी पूछते हैं? उसने कहा नहीं मालकिन, अब क्यों पूछने लगे। राजकुमारी ने कहा—तो रामदीन से तेरी सगाई कर दूं न? आओ मालकिन, इसीलिए मुझको... राजकुमारी उसकी इस लज्जित मूर्ति को देखकर रुक गईं। उन्होंने बात बदलने के लिए कहा—तो आज-कल तू वहां रात-दिन रहती है? - क्यों न रहूंगी। बीबीरानी माधुरी की तरेर-भरी आँखें देखकर ही छठी का दूध याद आता है। अरे बाप रे! मालकिन, वहां से जब घर आती हूं तो जैसे बाघ के मुंह से निकल आती हूं। इधर तो उनकी आँखें और भी चढ़ी रहती हैं। चौबे, जो पहले कुंवर साहब की रसोई बनाता था, आकर न मालूम क्या धीरे-धीरे फुसफुसा जाता है। बस फिर क्या पूछना! जिसकी दुर्दशा होनी हो वही सामने पड़ जाए। क्यों रे, चौबे तो पहले तेरे कुंवर साहब के बड़े पक्षपाती थे। अब क्या हुआ जो... छावनी की बातें अच्छी तरह सुनने के लिए राजकुमारी ने पूछा। कोई भी स्वार्थ न हो: किंत अन्य लोगों के कलह से थोड़ी देर मनोविनोद कर लेने की मात्रा मनष्य की साधारण मनोवृत्तियों में प्राय: मिलती है। राजकुमारी के कुतूहल की तृप्ति भी उससे क्यों न होती? __मलिया कहने लगी मालकिन! यह सब मैं क्या जानूं, पहले तो चौबेजी बड़े हंसमुख बने रहते थे। पर जब से बड़ी सरकार आई हैं; तब से चौबेजी इसी दरबार की ओर झुके रहते हैं। कंवर साहब से तो नहीं पर मेम साहब से वह चिढ़ते हैं। कहते हैं. उसकी रसोई बनाना हमारा काम नहीं है। बबिरिनिा से और भी न जाने क्या-क्या उसकी निंदा करते हैं। सुना था, एक दिन वह रसोई बना रहे थे, भूल से मेम साहब जूते पहने रसोई-घर में चली आईं, तभी से वह चिढ़ गए, पर कुछ कह नहीं सकते थे। जब बड़ी सरकार आ गईं, तो उन्होंने इधर ही अपना डेरा जमाया। अब तो वहछोटी कोठी जाकर, वहां क्या-क्या चाहिए —यही देख आते हैं क्यों रे! क्या तेरे कुंवर साहब इस मेम से ब्याह करेंगे? मैं क्या जाएं मालकिन! अब छुट्टी मिले। जाऊं, नहीं तो रसोईदार महाराज ही दोचार बात सुनावेंगे। अच्छा, जा, अभी तो चाचा के पास जाएगी न? हां, इधर से होती हुई चली जाऊंगी—कहकर मलिया अपने घर चली। राजकुमारी से आकर रामदीन की नानी ने कहा—चलिए, अपनी रसोई देखिए। अभी मधुबन बाबू तो नहीं आए।  राजकुमारी ने एक बार शेरकोट के उजड़े खंडहर की ओर देखा और धीरे-धीरे  रसोईघर की ओर चलीं ।  रोटी सेंकते हुए राजकुमारी ने पूछा - बुढ़िया , तूने मलिया के चाचा से कभी कहा  था ।",170,multi_turn_paragraph,मलिया! तेरी ससुराल के लोग कभी,राजकुमारी ने उनसे पूछा,राजकुमारी,324,353,high,
TITLI-CAND-000143,1.7,titli_07.html,"अच्छा, जा; कल आना तो मुझसे भेंट करके जाना; भूलना मत! समझा न? मधुबन मिले तो भेज दो। रामदीन ने मछली रखते हुए सिर झुकाकर अभिवादन किया। फिर मलिया की ओर देखता हुआ वह चला गया। __रामदीन की नानी धूप में धोती फैलाकर रसोई-घर की ओर मछली लेकर गई। वह चौके में आग-पानी जुटाने लगी। ___मलिया मालकिन के पास बैठ गई थी। राजकुमारी ने उनसे पूछा–मलिया! तेरी ससुराल के लोग कभी पूछते हैं? उसने कहा नहीं मालकिन, अब क्यों पूछने लगे। राजकुमारी ने कहा—तो रामदीन से तेरी सगाई कर दूं न? आओ मालकिन, इसीलिए मुझको... राजकुमारी उसकी इस लज्जित मूर्ति को देखकर रुक गईं। उन्होंने बात बदलने के लिए कहा—तो आज-कल तू वहां रात-दिन रहती है? - क्यों न रहूंगी। बीबीरानी माधुरी की तरेर-भरी आँखें देखकर ही छठी का दूध याद आता है। अरे बाप रे! मालकिन, वहां से जब घर आती हूं तो जैसे बाघ के मुंह से निकल आती हूं। इधर तो उनकी आँखें और भी चढ़ी रहती हैं। चौबे, जो पहले कुंवर साहब की रसोई बनाता था, आकर न मालूम क्या धीरे-धीरे फुसफुसा जाता है। बस फिर क्या पूछना! जिसकी दुर्दशा होनी हो वही सामने पड़ जाए। क्यों रे, चौबे तो पहले तेरे कुंवर साहब के बड़े पक्षपाती थे। अब क्या हुआ जो... छावनी की बातें अच्छी तरह सुनने के लिए राजकुमारी ने पूछा। कोई भी स्वार्थ न हो: किंत अन्य लोगों के कलह से थोड़ी देर मनोविनोद कर लेने की मात्रा मनष्य की साधारण मनोवृत्तियों में प्राय: मिलती है। राजकुमारी के कुतूहल की तृप्ति भी उससे क्यों न होती? __मलिया कहने लगी मालकिन! यह सब मैं क्या जानूं, पहले तो चौबेजी बड़े हंसमुख बने रहते थे। पर जब से बड़ी सरकार आई हैं; तब से चौबेजी इसी दरबार की ओर झुके रहते हैं। कंवर साहब से तो नहीं पर मेम साहब से वह चिढ़ते हैं। कहते हैं. उसकी रसोई बनाना हमारा काम नहीं है। बबिरिनिा से और भी न जाने क्या-क्या उसकी निंदा करते हैं। सुना था, एक दिन वह रसोई बना रहे थे, भूल से मेम साहब जूते पहने रसोई-घर में चली आईं, तभी से वह चिढ़ गए, पर कुछ कह नहीं सकते थे। जब बड़ी सरकार आ गईं, तो उन्होंने इधर ही अपना डेरा जमाया। अब तो वहछोटी कोठी जाकर, वहां क्या-क्या चाहिए —यही देख आते हैं क्यों रे! क्या तेरे कुंवर साहब इस मेम से ब्याह करेंगे? मैं क्या जाएं मालकिन! अब छुट्टी मिले। जाऊं, नहीं तो रसोईदार महाराज ही दोचार बात सुनावेंगे। अच्छा, जा, अभी तो चाचा के पास जाएगी न? हां, इधर से होती हुई चली जाऊंगी—कहकर मलिया अपने घर चली। राजकुमारी से आकर रामदीन की नानी ने कहा—चलिए, अपनी रसोई देखिए। अभी मधुबन बाबू तो नहीं आए।  राजकुमारी ने एक बार शेरकोट के उजड़े खंडहर की ओर देखा और धीरे-धीरे  रसोईघर की ओर चलीं ।  रोटी सेंकते हुए राजकुमारी ने पूछा - बुढ़िया , तूने मलिया के चाचा से कभी कहा  था ।",170,multi_turn_paragraph,"तो रामदीन से तेरी सगाई कर दूं न? आओ मालकिन, इसीलिए मुझको... राजकुमारी उसकी इस लज्जित मूर्ति को देखकर रुक गईं। उन्होंने बात बदलने के लिए",राजकुमारी ने कहा,राजकुमारी,424,559,high,
TITLI-CAND-000144,1.7,titli_07.html,"अच्छा, जा; कल आना तो मुझसे भेंट करके जाना; भूलना मत! समझा न? मधुबन मिले तो भेज दो। रामदीन ने मछली रखते हुए सिर झुकाकर अभिवादन किया। फिर मलिया की ओर देखता हुआ वह चला गया। __रामदीन की नानी धूप में धोती फैलाकर रसोई-घर की ओर मछली लेकर गई। वह चौके में आग-पानी जुटाने लगी। ___मलिया मालकिन के पास बैठ गई थी। राजकुमारी ने उनसे पूछा–मलिया! तेरी ससुराल के लोग कभी पूछते हैं? उसने कहा नहीं मालकिन, अब क्यों पूछने लगे। राजकुमारी ने कहा—तो रामदीन से तेरी सगाई कर दूं न? आओ मालकिन, इसीलिए मुझको... राजकुमारी उसकी इस लज्जित मूर्ति को देखकर रुक गईं। उन्होंने बात बदलने के लिए कहा—तो आज-कल तू वहां रात-दिन रहती है? - क्यों न रहूंगी। बीबीरानी माधुरी की तरेर-भरी आँखें देखकर ही छठी का दूध याद आता है। अरे बाप रे! मालकिन, वहां से जब घर आती हूं तो जैसे बाघ के मुंह से निकल आती हूं। इधर तो उनकी आँखें और भी चढ़ी रहती हैं। चौबे, जो पहले कुंवर साहब की रसोई बनाता था, आकर न मालूम क्या धीरे-धीरे फुसफुसा जाता है। बस फिर क्या पूछना! जिसकी दुर्दशा होनी हो वही सामने पड़ जाए। क्यों रे, चौबे तो पहले तेरे कुंवर साहब के बड़े पक्षपाती थे। अब क्या हुआ जो... छावनी की बातें अच्छी तरह सुनने के लिए राजकुमारी ने पूछा। कोई भी स्वार्थ न हो: किंत अन्य लोगों के कलह से थोड़ी देर मनोविनोद कर लेने की मात्रा मनष्य की साधारण मनोवृत्तियों में प्राय: मिलती है। राजकुमारी के कुतूहल की तृप्ति भी उससे क्यों न होती? __मलिया कहने लगी मालकिन! यह सब मैं क्या जानूं, पहले तो चौबेजी बड़े हंसमुख बने रहते थे। पर जब से बड़ी सरकार आई हैं; तब से चौबेजी इसी दरबार की ओर झुके रहते हैं। कंवर साहब से तो नहीं पर मेम साहब से वह चिढ़ते हैं। कहते हैं. उसकी रसोई बनाना हमारा काम नहीं है। बबिरिनिा से और भी न जाने क्या-क्या उसकी निंदा करते हैं। सुना था, एक दिन वह रसोई बना रहे थे, भूल से मेम साहब जूते पहने रसोई-घर में चली आईं, तभी से वह चिढ़ गए, पर कुछ कह नहीं सकते थे। जब बड़ी सरकार आ गईं, तो उन्होंने इधर ही अपना डेरा जमाया। अब तो वहछोटी कोठी जाकर, वहां क्या-क्या चाहिए —यही देख आते हैं क्यों रे! क्या तेरे कुंवर साहब इस मेम से ब्याह करेंगे? मैं क्या जाएं मालकिन! अब छुट्टी मिले। जाऊं, नहीं तो रसोईदार महाराज ही दोचार बात सुनावेंगे। अच्छा, जा, अभी तो चाचा के पास जाएगी न? हां, इधर से होती हुई चली जाऊंगी—कहकर मलिया अपने घर चली। राजकुमारी से आकर रामदीन की नानी ने कहा—चलिए, अपनी रसोई देखिए। अभी मधुबन बाबू तो नहीं आए।  राजकुमारी ने एक बार शेरकोट के उजड़े खंडहर की ओर देखा और धीरे-धीरे  रसोईघर की ओर चलीं ।  रोटी सेंकते हुए राजकुमारी ने पूछा - बुढ़िया , तूने मलिया के चाचा से कभी कहा  था ।",170,multi_turn_paragraph,"तो आज-कल तू वहां रात-दिन रहती है? - क्यों न रहूंगी। बीबीरानी माधुरी की तरेर-भरी आँखें देखकर ही छठी का दूध याद आता है। अरे बाप रे! मालकिन, वहां से जब घर आती हूं तो जैसे बाघ के मुंह से निकल आती हूं। इधर तो उनकी आँखें और भी चढ़ी रहती हैं। चौबे, जो पहले कुंवर साहब की रसोई बनाता था, आकर न मालूम क्या धीरे-धीरे फुसफुसा जाता है। बस फिर क्या पूछना! जिसकी दुर्दशा होनी हो वही सामने पड़ जाए। क्यों रे, चौबे तो पहले तेरे कुंवर साहब के बड़े पक्षपाती थे। अब क्या हुआ जो... छावनी की बातें अच्छी तरह सुनने के लिए",कहा,,564,1062,high,
TITLI-CAND-000145,1.7,titli_07.html,"अच्छा, जा; कल आना तो मुझसे भेंट करके जाना; भूलना मत! समझा न? मधुबन मिले तो भेज दो। रामदीन ने मछली रखते हुए सिर झुकाकर अभिवादन किया। फिर मलिया की ओर देखता हुआ वह चला गया। __रामदीन की नानी धूप में धोती फैलाकर रसोई-घर की ओर मछली लेकर गई। वह चौके में आग-पानी जुटाने लगी। ___मलिया मालकिन के पास बैठ गई थी। राजकुमारी ने उनसे पूछा–मलिया! तेरी ससुराल के लोग कभी पूछते हैं? उसने कहा नहीं मालकिन, अब क्यों पूछने लगे। राजकुमारी ने कहा—तो रामदीन से तेरी सगाई कर दूं न? आओ मालकिन, इसीलिए मुझको... राजकुमारी उसकी इस लज्जित मूर्ति को देखकर रुक गईं। उन्होंने बात बदलने के लिए कहा—तो आज-कल तू वहां रात-दिन रहती है? - क्यों न रहूंगी। बीबीरानी माधुरी की तरेर-भरी आँखें देखकर ही छठी का दूध याद आता है। अरे बाप रे! मालकिन, वहां से जब घर आती हूं तो जैसे बाघ के मुंह से निकल आती हूं। इधर तो उनकी आँखें और भी चढ़ी रहती हैं। चौबे, जो पहले कुंवर साहब की रसोई बनाता था, आकर न मालूम क्या धीरे-धीरे फुसफुसा जाता है। बस फिर क्या पूछना! जिसकी दुर्दशा होनी हो वही सामने पड़ जाए। क्यों रे, चौबे तो पहले तेरे कुंवर साहब के बड़े पक्षपाती थे। अब क्या हुआ जो... छावनी की बातें अच्छी तरह सुनने के लिए राजकुमारी ने पूछा। कोई भी स्वार्थ न हो: किंत अन्य लोगों के कलह से थोड़ी देर मनोविनोद कर लेने की मात्रा मनष्य की साधारण मनोवृत्तियों में प्राय: मिलती है। राजकुमारी के कुतूहल की तृप्ति भी उससे क्यों न होती? __मलिया कहने लगी मालकिन! यह सब मैं क्या जानूं, पहले तो चौबेजी बड़े हंसमुख बने रहते थे। पर जब से बड़ी सरकार आई हैं; तब से चौबेजी इसी दरबार की ओर झुके रहते हैं। कंवर साहब से तो नहीं पर मेम साहब से वह चिढ़ते हैं। कहते हैं. उसकी रसोई बनाना हमारा काम नहीं है। बबिरिनिा से और भी न जाने क्या-क्या उसकी निंदा करते हैं। सुना था, एक दिन वह रसोई बना रहे थे, भूल से मेम साहब जूते पहने रसोई-घर में चली आईं, तभी से वह चिढ़ गए, पर कुछ कह नहीं सकते थे। जब बड़ी सरकार आ गईं, तो उन्होंने इधर ही अपना डेरा जमाया। अब तो वहछोटी कोठी जाकर, वहां क्या-क्या चाहिए —यही देख आते हैं क्यों रे! क्या तेरे कुंवर साहब इस मेम से ब्याह करेंगे? मैं क्या जाएं मालकिन! अब छुट्टी मिले। जाऊं, नहीं तो रसोईदार महाराज ही दोचार बात सुनावेंगे। अच्छा, जा, अभी तो चाचा के पास जाएगी न? हां, इधर से होती हुई चली जाऊंगी—कहकर मलिया अपने घर चली। राजकुमारी से आकर रामदीन की नानी ने कहा—चलिए, अपनी रसोई देखिए। अभी मधुबन बाबू तो नहीं आए।  राजकुमारी ने एक बार शेरकोट के उजड़े खंडहर की ओर देखा और धीरे-धीरे  रसोईघर की ओर चलीं ।  रोटी सेंकते हुए राजकुमारी ने पूछा - बुढ़िया , तूने मलिया के चाचा से कभी कहा  था ।",170,multi_turn_paragraph,"चलिए, अपनी रसोई देखिए। अभी मधुबन बाबू तो नहीं आए।  राजकुमारी ने एक बार शेरकोट के उजड़े खंडहर की ओर देखा और धीरे-धीरे  रसोईघर की ओर चलीं ।  रोटी सेंकते हुए",नानी ने कहा,नानी,2104,2258,high,
TITLI-CAND-000146,1.7,titli_07.html,"अच्छा, जा; कल आना तो मुझसे भेंट करके जाना; भूलना मत! समझा न? मधुबन मिले तो भेज दो। रामदीन ने मछली रखते हुए सिर झुकाकर अभिवादन किया। फिर मलिया की ओर देखता हुआ वह चला गया। __रामदीन की नानी धूप में धोती फैलाकर रसोई-घर की ओर मछली लेकर गई। वह चौके में आग-पानी जुटाने लगी। ___मलिया मालकिन के पास बैठ गई थी। राजकुमारी ने उनसे पूछा–मलिया! तेरी ससुराल के लोग कभी पूछते हैं? उसने कहा नहीं मालकिन, अब क्यों पूछने लगे। राजकुमारी ने कहा—तो रामदीन से तेरी सगाई कर दूं न? आओ मालकिन, इसीलिए मुझको... राजकुमारी उसकी इस लज्जित मूर्ति को देखकर रुक गईं। उन्होंने बात बदलने के लिए कहा—तो आज-कल तू वहां रात-दिन रहती है? - क्यों न रहूंगी। बीबीरानी माधुरी की तरेर-भरी आँखें देखकर ही छठी का दूध याद आता है। अरे बाप रे! मालकिन, वहां से जब घर आती हूं तो जैसे बाघ के मुंह से निकल आती हूं। इधर तो उनकी आँखें और भी चढ़ी रहती हैं। चौबे, जो पहले कुंवर साहब की रसोई बनाता था, आकर न मालूम क्या धीरे-धीरे फुसफुसा जाता है। बस फिर क्या पूछना! जिसकी दुर्दशा होनी हो वही सामने पड़ जाए। क्यों रे, चौबे तो पहले तेरे कुंवर साहब के बड़े पक्षपाती थे। अब क्या हुआ जो... छावनी की बातें अच्छी तरह सुनने के लिए राजकुमारी ने पूछा। कोई भी स्वार्थ न हो: किंत अन्य लोगों के कलह से थोड़ी देर मनोविनोद कर लेने की मात्रा मनष्य की साधारण मनोवृत्तियों में प्राय: मिलती है। राजकुमारी के कुतूहल की तृप्ति भी उससे क्यों न होती? __मलिया कहने लगी मालकिन! यह सब मैं क्या जानूं, पहले तो चौबेजी बड़े हंसमुख बने रहते थे। पर जब से बड़ी सरकार आई हैं; तब से चौबेजी इसी दरबार की ओर झुके रहते हैं। कंवर साहब से तो नहीं पर मेम साहब से वह चिढ़ते हैं। कहते हैं. उसकी रसोई बनाना हमारा काम नहीं है। बबिरिनिा से और भी न जाने क्या-क्या उसकी निंदा करते हैं। सुना था, एक दिन वह रसोई बना रहे थे, भूल से मेम साहब जूते पहने रसोई-घर में चली आईं, तभी से वह चिढ़ गए, पर कुछ कह नहीं सकते थे। जब बड़ी सरकार आ गईं, तो उन्होंने इधर ही अपना डेरा जमाया। अब तो वहछोटी कोठी जाकर, वहां क्या-क्या चाहिए —यही देख आते हैं क्यों रे! क्या तेरे कुंवर साहब इस मेम से ब्याह करेंगे? मैं क्या जाएं मालकिन! अब छुट्टी मिले। जाऊं, नहीं तो रसोईदार महाराज ही दोचार बात सुनावेंगे। अच्छा, जा, अभी तो चाचा के पास जाएगी न? हां, इधर से होती हुई चली जाऊंगी—कहकर मलिया अपने घर चली। राजकुमारी से आकर रामदीन की नानी ने कहा—चलिए, अपनी रसोई देखिए। अभी मधुबन बाबू तो नहीं आए।  राजकुमारी ने एक बार शेरकोट के उजड़े खंडहर की ओर देखा और धीरे-धीरे  रसोईघर की ओर चलीं ।  रोटी सेंकते हुए राजकुमारी ने पूछा - बुढ़िया , तूने मलिया के चाचा से कभी कहा  था ।",170,multi_turn_paragraph,"बुढ़िया , तूने मलिया के चाचा से कभी",राजकुमारी ने पूछा,राजकुमारी,2279,2314,high,
TITLI-CAND-000147,1.7,titli_07.html,राजकुमारी ने कहा — रोटी खाने का अब समय हुआ है न ? मधु ! तुम कितना जलाते  हो ।,173,attribution_dash,रोटी खाने का अब समय हुआ है न ? मधु ! तुम कितना जलाते  हो ।,राजकुमारी ने कहा,राजकुमारी,19,77,high,
TITLI-CAND-000148,1.8,titli_08.html,"इन्द्रदेव की कचहरी में आज कुछ असाधारण उत्तेजना थी । चिकों के भीतर स्त्रियों का समूह,  बाहर पास - पड़ोस के देहातियों का जमाव था । शैला भी अपनी कुर्सी पर अलग बैठी थीं ।  बनजरिया वाले बाबाजी अपनी कहानी सुनाने वाले थे, क्योंकि गोभी के लिए उसमें  खेत बन गया था । उसी को लेकर तहसीलदार ने इन्द्रदेव को समझाया कि बनजरिया में  बोने - जोतने का खेत है। उस पर एकरेज — या और भी जो कुछ कानून के वैध उपायों से देन  लगाया जा सकता हो — लगाना ही चाहिए । और, इस बाबा को तो यहां से हटाना ही ।  होगा ; क्योंकि गांव के लोग इससे तंग आ गए हैं । यहसमाजी है, लडुकों को न जाने क्या  क्या सिखाता है — ऊंची जाति के लड़के हल चलाने लगे हैं । नीचों को बराबर कलकत्ता  बंबई कमाने जाने के लिए उकसाया करता है । इसके कारण लोगों को हलवाहों और मजूरों  का मिलना असंभव हो गया है । तिस पर भी यह बनजरिया देवनन्दन के नाम की है। वह  मर गया , अब लावारिस कानून के अनुसार यह जमींदार की है — इत्यादि ।  इन्द्रदेव ने सब सुनकर कहा कि बुड्ढे की बात भी सुन लेनी चाहिए । उससे कह भी  दिया गया है। उसको बुलवाया जाए ।  आज इसीलिए रामनाथ आए हैं , और साथ में लिवाते आए हैं तितली को । तितली इस  जन - समूह में संकुचित - सी एक खंभे की आड़ में आधी छिपी हुई बैठी है ।  इन्द्रदेव का संकेत पाकर रामनाथ ने कहना आरंभ किया  बार्टली साहब की नील - कोठी टूट चुकी थी । नील का काम बंद हो चला था । जैसा आज भी दिखाई देता है, तब भी उस गोदाम के हौज और पक्की नालियां अपना खाली मुंह  खोले पड़ी रहती थीं , जिससे नीम की छाया में गाएं बैठकर विश्राम लेती थीं । पर बार्टली  साहब को वह ऊंचे टीले का बंगला, जिसके नीचे बड़ा - सा ताल था , बहुत ही पसंद था ।  नील गोदाम बंद हो जाने पर भी उनका बहुत - सा रुपया दादनी में फंसा था ।  किसानों को नील बोना तो बंद कर देना पड़ा , पर रुपया देना ही पड़ता। अन्न की  खेती से उतना रुपया कहां निकलता , इसलिए आस- पास के किसानों में बड़ी हलचल मची  थी । बार्टली के किसान - आसामियों में एक देवनन्दन भी थे। मैं उनका आश्रित ब्राह्मण था ।  मुझे अन्न मिलता था और मैं काशी में जाकर पढ़ता था । काशी की उन दिनों की पंडित  मंडली में स्वामी दयानन्द के आ जाने से हलचल मची हुई थी । दुर्गाकुंड के उस शास्त्रार्थ में  मैं भी अपने गुरुजी के साथ दर्शक - रूप से था ; जिसमें स्वामीजी के साथ बनारसी चाल चली  गई थी । ताली तो मैंने भी पीट दी थी । मैं क्वीन्स कॉलेज के एग्लो - संस्कृत -विभाग में पढ़ता  था । मुझे वह नाटक अच्छा न लगा । उस निर्भीक संन्यासी की ओर मेरा मन आकर्षित हो  गया । वहां से लौटकर गुरुजी से मेरी कहा - सुनी हो गई , और जब मैं स्वामीजी का पक्ष  समर्थन करने लगा, तो गुरुजी ने मुझे नास्तिक कहकर फटकारा ।  देवनन्दन का पत्र भी मुझे मिल चुका था कि कई कारणों से अन्न देना वह बंद करते हैं ।  मैं अपनी गठरी पीठ पर लादे हुए झुंझलाहट से भरा नील -गोदाम के नीचे से अपने गांव में  लौटा जा रहा था । देखा कि देवनन्दन को नील कोठी का पियादा काले खां पकड़े हुए ले जा  रहा है । देवनन्दन सिंहपुर के प्रमुख किसान और आप ही लोगों के जाति -बांधव थे। उनकी  यह दशा ! रोम - रोम उनके अन्न से पला था । मैं भी उनके साथ बार्टली के सामने जा पहुंचा।  _ उस समय कुर्सियों पर बैठे हुए बार्टली और उनकी बहन जेन आपस में कुछ बातें कर  रहे थे।  जेन ने कहा — भाई! इधर जब से वह चले गए हैं , मेरी चिंता बढ़ रही है । न जाने क्यों ,  मुझे उन पर संदेह होने लगा है। मैं भी घर जाना चाहती हूं ।  तुम जानती हो कि मैंने स्मिथ का कभी अपमान नहीं किया , और सच तो यह है कि मैं  उसको प्यार करता हूं। किंतु क्या करूं , उसका जैसा उग्र स्वभाव है, वह तो तुम जानती हो ।  मैं भला अभी काम छोड़कर कैसे चलूंगा! - बार्टली ने कहा ।  जब यह काम ही बंद हो गया , तब यहां रहने का क्या काम है। देखती हूं कि जो रुपया  तुम्हारा निकल भी आता है, उसे यहां जमींदारी में फंसाते जा रहे हो । क्या तुम यहीं बसना  चाहते हो ? — जेन ने कहा ।  तब तुम क्या चाहती हो । — बार्टली ने अन्यमनस्क भाव से पूर्व की धीरे - धीरे सूखने  वाली झील को देखते हुए कहा ।  नील का काम बंद हो गया , पर अब हम लोगों को रुपए की कमी नहीं। जो कुछ हो ,  यहां से बेचकर इंग्लैंड लौट चलें । मेरा प्रसव- काल समीप है । मैं गांव के घर में ही जाकर  रहना चाहती हूं । समझा न ? — जेन ने सरलता से कहा।  इतनी जल्दी! असंभव, अभी बहुत रुपया बाकी पड़ा है। ठहरो, मैं पहले इन लोगों से  बात कर लूं । — बार्टली ने रूखे स्वर से कहा ।  देवनन्दन ने सलाम करते हुए कुछ कहना चाहा कि बीच ही में बात काटकर काले खां ________________",175,multi_turn_paragraph,"सुनी हो गई , और जब मैं स्वामीजी का पक्ष  समर्थन करने लगा, तो",कहा,,2241,2301,high,
TITLI-CAND-000149,1.8,titli_08.html,"इन्द्रदेव की कचहरी में आज कुछ असाधारण उत्तेजना थी । चिकों के भीतर स्त्रियों का समूह,  बाहर पास - पड़ोस के देहातियों का जमाव था । शैला भी अपनी कुर्सी पर अलग बैठी थीं ।  बनजरिया वाले बाबाजी अपनी कहानी सुनाने वाले थे, क्योंकि गोभी के लिए उसमें  खेत बन गया था । उसी को लेकर तहसीलदार ने इन्द्रदेव को समझाया कि बनजरिया में  बोने - जोतने का खेत है। उस पर एकरेज — या और भी जो कुछ कानून के वैध उपायों से देन  लगाया जा सकता हो — लगाना ही चाहिए । और, इस बाबा को तो यहां से हटाना ही ।  होगा ; क्योंकि गांव के लोग इससे तंग आ गए हैं । यहसमाजी है, लडुकों को न जाने क्या  क्या सिखाता है — ऊंची जाति के लड़के हल चलाने लगे हैं । नीचों को बराबर कलकत्ता  बंबई कमाने जाने के लिए उकसाया करता है । इसके कारण लोगों को हलवाहों और मजूरों  का मिलना असंभव हो गया है । तिस पर भी यह बनजरिया देवनन्दन के नाम की है। वह  मर गया , अब लावारिस कानून के अनुसार यह जमींदार की है — इत्यादि ।  इन्द्रदेव ने सब सुनकर कहा कि बुड्ढे की बात भी सुन लेनी चाहिए । उससे कह भी  दिया गया है। उसको बुलवाया जाए ।  आज इसीलिए रामनाथ आए हैं , और साथ में लिवाते आए हैं तितली को । तितली इस  जन - समूह में संकुचित - सी एक खंभे की आड़ में आधी छिपी हुई बैठी है ।  इन्द्रदेव का संकेत पाकर रामनाथ ने कहना आरंभ किया  बार्टली साहब की नील - कोठी टूट चुकी थी । नील का काम बंद हो चला था । जैसा आज भी दिखाई देता है, तब भी उस गोदाम के हौज और पक्की नालियां अपना खाली मुंह  खोले पड़ी रहती थीं , जिससे नीम की छाया में गाएं बैठकर विश्राम लेती थीं । पर बार्टली  साहब को वह ऊंचे टीले का बंगला, जिसके नीचे बड़ा - सा ताल था , बहुत ही पसंद था ।  नील गोदाम बंद हो जाने पर भी उनका बहुत - सा रुपया दादनी में फंसा था ।  किसानों को नील बोना तो बंद कर देना पड़ा , पर रुपया देना ही पड़ता। अन्न की  खेती से उतना रुपया कहां निकलता , इसलिए आस- पास के किसानों में बड़ी हलचल मची  थी । बार्टली के किसान - आसामियों में एक देवनन्दन भी थे। मैं उनका आश्रित ब्राह्मण था ।  मुझे अन्न मिलता था और मैं काशी में जाकर पढ़ता था । काशी की उन दिनों की पंडित  मंडली में स्वामी दयानन्द के आ जाने से हलचल मची हुई थी । दुर्गाकुंड के उस शास्त्रार्थ में  मैं भी अपने गुरुजी के साथ दर्शक - रूप से था ; जिसमें स्वामीजी के साथ बनारसी चाल चली  गई थी । ताली तो मैंने भी पीट दी थी । मैं क्वीन्स कॉलेज के एग्लो - संस्कृत -विभाग में पढ़ता  था । मुझे वह नाटक अच्छा न लगा । उस निर्भीक संन्यासी की ओर मेरा मन आकर्षित हो  गया । वहां से लौटकर गुरुजी से मेरी कहा - सुनी हो गई , और जब मैं स्वामीजी का पक्ष  समर्थन करने लगा, तो गुरुजी ने मुझे नास्तिक कहकर फटकारा ।  देवनन्दन का पत्र भी मुझे मिल चुका था कि कई कारणों से अन्न देना वह बंद करते हैं ।  मैं अपनी गठरी पीठ पर लादे हुए झुंझलाहट से भरा नील -गोदाम के नीचे से अपने गांव में  लौटा जा रहा था । देखा कि देवनन्दन को नील कोठी का पियादा काले खां पकड़े हुए ले जा  रहा है । देवनन्दन सिंहपुर के प्रमुख किसान और आप ही लोगों के जाति -बांधव थे। उनकी  यह दशा ! रोम - रोम उनके अन्न से पला था । मैं भी उनके साथ बार्टली के सामने जा पहुंचा।  _ उस समय कुर्सियों पर बैठे हुए बार्टली और उनकी बहन जेन आपस में कुछ बातें कर  रहे थे।  जेन ने कहा — भाई! इधर जब से वह चले गए हैं , मेरी चिंता बढ़ रही है । न जाने क्यों ,  मुझे उन पर संदेह होने लगा है। मैं भी घर जाना चाहती हूं ।  तुम जानती हो कि मैंने स्मिथ का कभी अपमान नहीं किया , और सच तो यह है कि मैं  उसको प्यार करता हूं। किंतु क्या करूं , उसका जैसा उग्र स्वभाव है, वह तो तुम जानती हो ।  मैं भला अभी काम छोड़कर कैसे चलूंगा! - बार्टली ने कहा ।  जब यह काम ही बंद हो गया , तब यहां रहने का क्या काम है। देखती हूं कि जो रुपया  तुम्हारा निकल भी आता है, उसे यहां जमींदारी में फंसाते जा रहे हो । क्या तुम यहीं बसना  चाहते हो ? — जेन ने कहा ।  तब तुम क्या चाहती हो । — बार्टली ने अन्यमनस्क भाव से पूर्व की धीरे - धीरे सूखने  वाली झील को देखते हुए कहा ।  नील का काम बंद हो गया , पर अब हम लोगों को रुपए की कमी नहीं। जो कुछ हो ,  यहां से बेचकर इंग्लैंड लौट चलें । मेरा प्रसव- काल समीप है । मैं गांव के घर में ही जाकर  रहना चाहती हूं । समझा न ? — जेन ने सरलता से कहा।  इतनी जल्दी! असंभव, अभी बहुत रुपया बाकी पड़ा है। ठहरो, मैं पहले इन लोगों से  बात कर लूं । — बार्टली ने रूखे स्वर से कहा ।  देवनन्दन ने सलाम करते हुए कुछ कहना चाहा कि बीच ही में बात काटकर काले खां ________________",175,attribution_dash,"भाई! इधर जब से वह चले गए हैं , मेरी चिंता बढ़ रही है । न जाने क्यों ,  मुझे उन पर संदेह होने लगा है। मैं भी घर जाना चाहती हूं ।  तुम जानती हो कि मैंने स्मिथ का कभी अपमान नहीं किया , और सच तो यह है कि मैं  उसको प्यार करता हूं। किंतु क्या करूं , उसका जैसा उग्र स्वभाव है, वह तो तुम जानती हो ।  मैं भला अभी काम छोड़कर कैसे चलूंगा!",बार्टली ने कहा,बार्टली,2854,3181,high,
TITLI-CAND-000150,1.8,titli_08.html,"इन्द्रदेव की कचहरी में आज कुछ असाधारण उत्तेजना थी । चिकों के भीतर स्त्रियों का समूह,  बाहर पास - पड़ोस के देहातियों का जमाव था । शैला भी अपनी कुर्सी पर अलग बैठी थीं ।  बनजरिया वाले बाबाजी अपनी कहानी सुनाने वाले थे, क्योंकि गोभी के लिए उसमें  खेत बन गया था । उसी को लेकर तहसीलदार ने इन्द्रदेव को समझाया कि बनजरिया में  बोने - जोतने का खेत है। उस पर एकरेज — या और भी जो कुछ कानून के वैध उपायों से देन  लगाया जा सकता हो — लगाना ही चाहिए । और, इस बाबा को तो यहां से हटाना ही ।  होगा ; क्योंकि गांव के लोग इससे तंग आ गए हैं । यहसमाजी है, लडुकों को न जाने क्या  क्या सिखाता है — ऊंची जाति के लड़के हल चलाने लगे हैं । नीचों को बराबर कलकत्ता  बंबई कमाने जाने के लिए उकसाया करता है । इसके कारण लोगों को हलवाहों और मजूरों  का मिलना असंभव हो गया है । तिस पर भी यह बनजरिया देवनन्दन के नाम की है। वह  मर गया , अब लावारिस कानून के अनुसार यह जमींदार की है — इत्यादि ।  इन्द्रदेव ने सब सुनकर कहा कि बुड्ढे की बात भी सुन लेनी चाहिए । उससे कह भी  दिया गया है। उसको बुलवाया जाए ।  आज इसीलिए रामनाथ आए हैं , और साथ में लिवाते आए हैं तितली को । तितली इस  जन - समूह में संकुचित - सी एक खंभे की आड़ में आधी छिपी हुई बैठी है ।  इन्द्रदेव का संकेत पाकर रामनाथ ने कहना आरंभ किया  बार्टली साहब की नील - कोठी टूट चुकी थी । नील का काम बंद हो चला था । जैसा आज भी दिखाई देता है, तब भी उस गोदाम के हौज और पक्की नालियां अपना खाली मुंह  खोले पड़ी रहती थीं , जिससे नीम की छाया में गाएं बैठकर विश्राम लेती थीं । पर बार्टली  साहब को वह ऊंचे टीले का बंगला, जिसके नीचे बड़ा - सा ताल था , बहुत ही पसंद था ।  नील गोदाम बंद हो जाने पर भी उनका बहुत - सा रुपया दादनी में फंसा था ।  किसानों को नील बोना तो बंद कर देना पड़ा , पर रुपया देना ही पड़ता। अन्न की  खेती से उतना रुपया कहां निकलता , इसलिए आस- पास के किसानों में बड़ी हलचल मची  थी । बार्टली के किसान - आसामियों में एक देवनन्दन भी थे। मैं उनका आश्रित ब्राह्मण था ।  मुझे अन्न मिलता था और मैं काशी में जाकर पढ़ता था । काशी की उन दिनों की पंडित  मंडली में स्वामी दयानन्द के आ जाने से हलचल मची हुई थी । दुर्गाकुंड के उस शास्त्रार्थ में  मैं भी अपने गुरुजी के साथ दर्शक - रूप से था ; जिसमें स्वामीजी के साथ बनारसी चाल चली  गई थी । ताली तो मैंने भी पीट दी थी । मैं क्वीन्स कॉलेज के एग्लो - संस्कृत -विभाग में पढ़ता  था । मुझे वह नाटक अच्छा न लगा । उस निर्भीक संन्यासी की ओर मेरा मन आकर्षित हो  गया । वहां से लौटकर गुरुजी से मेरी कहा - सुनी हो गई , और जब मैं स्वामीजी का पक्ष  समर्थन करने लगा, तो गुरुजी ने मुझे नास्तिक कहकर फटकारा ।  देवनन्दन का पत्र भी मुझे मिल चुका था कि कई कारणों से अन्न देना वह बंद करते हैं ।  मैं अपनी गठरी पीठ पर लादे हुए झुंझलाहट से भरा नील -गोदाम के नीचे से अपने गांव में  लौटा जा रहा था । देखा कि देवनन्दन को नील कोठी का पियादा काले खां पकड़े हुए ले जा  रहा है । देवनन्दन सिंहपुर के प्रमुख किसान और आप ही लोगों के जाति -बांधव थे। उनकी  यह दशा ! रोम - रोम उनके अन्न से पला था । मैं भी उनके साथ बार्टली के सामने जा पहुंचा।  _ उस समय कुर्सियों पर बैठे हुए बार्टली और उनकी बहन जेन आपस में कुछ बातें कर  रहे थे।  जेन ने कहा — भाई! इधर जब से वह चले गए हैं , मेरी चिंता बढ़ रही है । न जाने क्यों ,  मुझे उन पर संदेह होने लगा है। मैं भी घर जाना चाहती हूं ।  तुम जानती हो कि मैंने स्मिथ का कभी अपमान नहीं किया , और सच तो यह है कि मैं  उसको प्यार करता हूं। किंतु क्या करूं , उसका जैसा उग्र स्वभाव है, वह तो तुम जानती हो ।  मैं भला अभी काम छोड़कर कैसे चलूंगा! - बार्टली ने कहा ।  जब यह काम ही बंद हो गया , तब यहां रहने का क्या काम है। देखती हूं कि जो रुपया  तुम्हारा निकल भी आता है, उसे यहां जमींदारी में फंसाते जा रहे हो । क्या तुम यहीं बसना  चाहते हो ? — जेन ने कहा ।  तब तुम क्या चाहती हो । — बार्टली ने अन्यमनस्क भाव से पूर्व की धीरे - धीरे सूखने  वाली झील को देखते हुए कहा ।  नील का काम बंद हो गया , पर अब हम लोगों को रुपए की कमी नहीं। जो कुछ हो ,  यहां से बेचकर इंग्लैंड लौट चलें । मेरा प्रसव- काल समीप है । मैं गांव के घर में ही जाकर  रहना चाहती हूं । समझा न ? — जेन ने सरलता से कहा।  इतनी जल्दी! असंभव, अभी बहुत रुपया बाकी पड़ा है। ठहरो, मैं पहले इन लोगों से  बात कर लूं । — बार्टली ने रूखे स्वर से कहा ।  देवनन्दन ने सलाम करते हुए कुछ कहना चाहा कि बीच ही में बात काटकर काले खां ________________",175,attribution_dash,"भाई! इधर जब से वह चले गए हैं , मेरी चिंता बढ़ रही है । न जाने क्यों ,  मुझे उन पर संदेह होने लगा है। मैं भी घर जाना चाहती हूं ।  तुम जानती हो कि मैंने स्मिथ का कभी अपमान नहीं किया , और सच तो यह है कि मैं  उसको प्यार करता हूं। किंतु क्या करूं , उसका जैसा उग्र स्वभाव है, वह तो तुम जानती हो ।  मैं भला अभी काम छोड़कर कैसे चलूंगा! - बार्टली ने कहा ।  जब यह काम ही बंद हो गया , तब यहां रहने का क्या काम है। देखती हूं कि जो रुपया  तुम्हारा निकल भी आता है, उसे यहां जमींदारी में फंसाते जा रहे हो । क्या तुम यहीं बसना  चाहते हो ?",जेन ने कहा,जेन,2854,3376,high,unusually long candidate (>500 characters); review boundaries
TITLI-CAND-000151,1.8,titli_08.html,"इन्द्रदेव की कचहरी में आज कुछ असाधारण उत्तेजना थी । चिकों के भीतर स्त्रियों का समूह,  बाहर पास - पड़ोस के देहातियों का जमाव था । शैला भी अपनी कुर्सी पर अलग बैठी थीं ।  बनजरिया वाले बाबाजी अपनी कहानी सुनाने वाले थे, क्योंकि गोभी के लिए उसमें  खेत बन गया था । उसी को लेकर तहसीलदार ने इन्द्रदेव को समझाया कि बनजरिया में  बोने - जोतने का खेत है। उस पर एकरेज — या और भी जो कुछ कानून के वैध उपायों से देन  लगाया जा सकता हो — लगाना ही चाहिए । और, इस बाबा को तो यहां से हटाना ही ।  होगा ; क्योंकि गांव के लोग इससे तंग आ गए हैं । यहसमाजी है, लडुकों को न जाने क्या  क्या सिखाता है — ऊंची जाति के लड़के हल चलाने लगे हैं । नीचों को बराबर कलकत्ता  बंबई कमाने जाने के लिए उकसाया करता है । इसके कारण लोगों को हलवाहों और मजूरों  का मिलना असंभव हो गया है । तिस पर भी यह बनजरिया देवनन्दन के नाम की है। वह  मर गया , अब लावारिस कानून के अनुसार यह जमींदार की है — इत्यादि ।  इन्द्रदेव ने सब सुनकर कहा कि बुड्ढे की बात भी सुन लेनी चाहिए । उससे कह भी  दिया गया है। उसको बुलवाया जाए ।  आज इसीलिए रामनाथ आए हैं , और साथ में लिवाते आए हैं तितली को । तितली इस  जन - समूह में संकुचित - सी एक खंभे की आड़ में आधी छिपी हुई बैठी है ।  इन्द्रदेव का संकेत पाकर रामनाथ ने कहना आरंभ किया  बार्टली साहब की नील - कोठी टूट चुकी थी । नील का काम बंद हो चला था । जैसा आज भी दिखाई देता है, तब भी उस गोदाम के हौज और पक्की नालियां अपना खाली मुंह  खोले पड़ी रहती थीं , जिससे नीम की छाया में गाएं बैठकर विश्राम लेती थीं । पर बार्टली  साहब को वह ऊंचे टीले का बंगला, जिसके नीचे बड़ा - सा ताल था , बहुत ही पसंद था ।  नील गोदाम बंद हो जाने पर भी उनका बहुत - सा रुपया दादनी में फंसा था ।  किसानों को नील बोना तो बंद कर देना पड़ा , पर रुपया देना ही पड़ता। अन्न की  खेती से उतना रुपया कहां निकलता , इसलिए आस- पास के किसानों में बड़ी हलचल मची  थी । बार्टली के किसान - आसामियों में एक देवनन्दन भी थे। मैं उनका आश्रित ब्राह्मण था ।  मुझे अन्न मिलता था और मैं काशी में जाकर पढ़ता था । काशी की उन दिनों की पंडित  मंडली में स्वामी दयानन्द के आ जाने से हलचल मची हुई थी । दुर्गाकुंड के उस शास्त्रार्थ में  मैं भी अपने गुरुजी के साथ दर्शक - रूप से था ; जिसमें स्वामीजी के साथ बनारसी चाल चली  गई थी । ताली तो मैंने भी पीट दी थी । मैं क्वीन्स कॉलेज के एग्लो - संस्कृत -विभाग में पढ़ता  था । मुझे वह नाटक अच्छा न लगा । उस निर्भीक संन्यासी की ओर मेरा मन आकर्षित हो  गया । वहां से लौटकर गुरुजी से मेरी कहा - सुनी हो गई , और जब मैं स्वामीजी का पक्ष  समर्थन करने लगा, तो गुरुजी ने मुझे नास्तिक कहकर फटकारा ।  देवनन्दन का पत्र भी मुझे मिल चुका था कि कई कारणों से अन्न देना वह बंद करते हैं ।  मैं अपनी गठरी पीठ पर लादे हुए झुंझलाहट से भरा नील -गोदाम के नीचे से अपने गांव में  लौटा जा रहा था । देखा कि देवनन्दन को नील कोठी का पियादा काले खां पकड़े हुए ले जा  रहा है । देवनन्दन सिंहपुर के प्रमुख किसान और आप ही लोगों के जाति -बांधव थे। उनकी  यह दशा ! रोम - रोम उनके अन्न से पला था । मैं भी उनके साथ बार्टली के सामने जा पहुंचा।  _ उस समय कुर्सियों पर बैठे हुए बार्टली और उनकी बहन जेन आपस में कुछ बातें कर  रहे थे।  जेन ने कहा — भाई! इधर जब से वह चले गए हैं , मेरी चिंता बढ़ रही है । न जाने क्यों ,  मुझे उन पर संदेह होने लगा है। मैं भी घर जाना चाहती हूं ।  तुम जानती हो कि मैंने स्मिथ का कभी अपमान नहीं किया , और सच तो यह है कि मैं  उसको प्यार करता हूं। किंतु क्या करूं , उसका जैसा उग्र स्वभाव है, वह तो तुम जानती हो ।  मैं भला अभी काम छोड़कर कैसे चलूंगा! - बार्टली ने कहा ।  जब यह काम ही बंद हो गया , तब यहां रहने का क्या काम है। देखती हूं कि जो रुपया  तुम्हारा निकल भी आता है, उसे यहां जमींदारी में फंसाते जा रहे हो । क्या तुम यहीं बसना  चाहते हो ? — जेन ने कहा ।  तब तुम क्या चाहती हो । — बार्टली ने अन्यमनस्क भाव से पूर्व की धीरे - धीरे सूखने  वाली झील को देखते हुए कहा ।  नील का काम बंद हो गया , पर अब हम लोगों को रुपए की कमी नहीं। जो कुछ हो ,  यहां से बेचकर इंग्लैंड लौट चलें । मेरा प्रसव- काल समीप है । मैं गांव के घर में ही जाकर  रहना चाहती हूं । समझा न ? — जेन ने सरलता से कहा।  इतनी जल्दी! असंभव, अभी बहुत रुपया बाकी पड़ा है। ठहरो, मैं पहले इन लोगों से  बात कर लूं । — बार्टली ने रूखे स्वर से कहा ।  देवनन्दन ने सलाम करते हुए कुछ कहना चाहा कि बीच ही में बात काटकर काले खां ________________",175,attribution_dash,"भाई! इधर जब से वह चले गए हैं , मेरी चिंता बढ़ रही है । न जाने क्यों ,  मुझे उन पर संदेह होने लगा है। मैं भी घर जाना चाहती हूं ।  तुम जानती हो कि मैंने स्मिथ का कभी अपमान नहीं किया , और सच तो यह है कि मैं  उसको प्यार करता हूं। किंतु क्या करूं , उसका जैसा उग्र स्वभाव है, वह तो तुम जानती हो ।  मैं भला अभी काम छोड़कर कैसे चलूंगा! - बार्टली ने कहा ।  जब यह काम ही बंद हो गया , तब यहां रहने का क्या काम है। देखती हूं कि जो रुपया  तुम्हारा निकल भी आता है, उसे यहां जमींदारी में फंसाते जा रहे हो । क्या तुम यहीं बसना  चाहते हो ? — जेन ने कहा ।  तब तुम क्या चाहती हो । — बार्टली ने अन्यमनस्क भाव से पूर्व की धीरे - धीरे सूखने  वाली झील को देखते हुए कहा ।  नील का काम बंद हो गया , पर अब हम लोगों को रुपए की कमी नहीं। जो कुछ हो ,  यहां से बेचकर इंग्लैंड लौट चलें । मेरा प्रसव- काल समीप है । मैं गांव के घर में ही जाकर  रहना चाहती हूं । समझा न ?",जेन ने सरलता से कहा,जेन,2854,3689,high,unusually long candidate (>500 characters); review boundaries
TITLI-CAND-000152,1.8,titli_08.html,"इन्द्रदेव की कचहरी में आज कुछ असाधारण उत्तेजना थी । चिकों के भीतर स्त्रियों का समूह,  बाहर पास - पड़ोस के देहातियों का जमाव था । शैला भी अपनी कुर्सी पर अलग बैठी थीं ।  बनजरिया वाले बाबाजी अपनी कहानी सुनाने वाले थे, क्योंकि गोभी के लिए उसमें  खेत बन गया था । उसी को लेकर तहसीलदार ने इन्द्रदेव को समझाया कि बनजरिया में  बोने - जोतने का खेत है। उस पर एकरेज — या और भी जो कुछ कानून के वैध उपायों से देन  लगाया जा सकता हो — लगाना ही चाहिए । और, इस बाबा को तो यहां से हटाना ही ।  होगा ; क्योंकि गांव के लोग इससे तंग आ गए हैं । यहसमाजी है, लडुकों को न जाने क्या  क्या सिखाता है — ऊंची जाति के लड़के हल चलाने लगे हैं । नीचों को बराबर कलकत्ता  बंबई कमाने जाने के लिए उकसाया करता है । इसके कारण लोगों को हलवाहों और मजूरों  का मिलना असंभव हो गया है । तिस पर भी यह बनजरिया देवनन्दन के नाम की है। वह  मर गया , अब लावारिस कानून के अनुसार यह जमींदार की है — इत्यादि ।  इन्द्रदेव ने सब सुनकर कहा कि बुड्ढे की बात भी सुन लेनी चाहिए । उससे कह भी  दिया गया है। उसको बुलवाया जाए ।  आज इसीलिए रामनाथ आए हैं , और साथ में लिवाते आए हैं तितली को । तितली इस  जन - समूह में संकुचित - सी एक खंभे की आड़ में आधी छिपी हुई बैठी है ।  इन्द्रदेव का संकेत पाकर रामनाथ ने कहना आरंभ किया  बार्टली साहब की नील - कोठी टूट चुकी थी । नील का काम बंद हो चला था । जैसा आज भी दिखाई देता है, तब भी उस गोदाम के हौज और पक्की नालियां अपना खाली मुंह  खोले पड़ी रहती थीं , जिससे नीम की छाया में गाएं बैठकर विश्राम लेती थीं । पर बार्टली  साहब को वह ऊंचे टीले का बंगला, जिसके नीचे बड़ा - सा ताल था , बहुत ही पसंद था ।  नील गोदाम बंद हो जाने पर भी उनका बहुत - सा रुपया दादनी में फंसा था ।  किसानों को नील बोना तो बंद कर देना पड़ा , पर रुपया देना ही पड़ता। अन्न की  खेती से उतना रुपया कहां निकलता , इसलिए आस- पास के किसानों में बड़ी हलचल मची  थी । बार्टली के किसान - आसामियों में एक देवनन्दन भी थे। मैं उनका आश्रित ब्राह्मण था ।  मुझे अन्न मिलता था और मैं काशी में जाकर पढ़ता था । काशी की उन दिनों की पंडित  मंडली में स्वामी दयानन्द के आ जाने से हलचल मची हुई थी । दुर्गाकुंड के उस शास्त्रार्थ में  मैं भी अपने गुरुजी के साथ दर्शक - रूप से था ; जिसमें स्वामीजी के साथ बनारसी चाल चली  गई थी । ताली तो मैंने भी पीट दी थी । मैं क्वीन्स कॉलेज के एग्लो - संस्कृत -विभाग में पढ़ता  था । मुझे वह नाटक अच्छा न लगा । उस निर्भीक संन्यासी की ओर मेरा मन आकर्षित हो  गया । वहां से लौटकर गुरुजी से मेरी कहा - सुनी हो गई , और जब मैं स्वामीजी का पक्ष  समर्थन करने लगा, तो गुरुजी ने मुझे नास्तिक कहकर फटकारा ।  देवनन्दन का पत्र भी मुझे मिल चुका था कि कई कारणों से अन्न देना वह बंद करते हैं ।  मैं अपनी गठरी पीठ पर लादे हुए झुंझलाहट से भरा नील -गोदाम के नीचे से अपने गांव में  लौटा जा रहा था । देखा कि देवनन्दन को नील कोठी का पियादा काले खां पकड़े हुए ले जा  रहा है । देवनन्दन सिंहपुर के प्रमुख किसान और आप ही लोगों के जाति -बांधव थे। उनकी  यह दशा ! रोम - रोम उनके अन्न से पला था । मैं भी उनके साथ बार्टली के सामने जा पहुंचा।  _ उस समय कुर्सियों पर बैठे हुए बार्टली और उनकी बहन जेन आपस में कुछ बातें कर  रहे थे।  जेन ने कहा — भाई! इधर जब से वह चले गए हैं , मेरी चिंता बढ़ रही है । न जाने क्यों ,  मुझे उन पर संदेह होने लगा है। मैं भी घर जाना चाहती हूं ।  तुम जानती हो कि मैंने स्मिथ का कभी अपमान नहीं किया , और सच तो यह है कि मैं  उसको प्यार करता हूं। किंतु क्या करूं , उसका जैसा उग्र स्वभाव है, वह तो तुम जानती हो ।  मैं भला अभी काम छोड़कर कैसे चलूंगा! - बार्टली ने कहा ।  जब यह काम ही बंद हो गया , तब यहां रहने का क्या काम है। देखती हूं कि जो रुपया  तुम्हारा निकल भी आता है, उसे यहां जमींदारी में फंसाते जा रहे हो । क्या तुम यहीं बसना  चाहते हो ? — जेन ने कहा ।  तब तुम क्या चाहती हो । — बार्टली ने अन्यमनस्क भाव से पूर्व की धीरे - धीरे सूखने  वाली झील को देखते हुए कहा ।  नील का काम बंद हो गया , पर अब हम लोगों को रुपए की कमी नहीं। जो कुछ हो ,  यहां से बेचकर इंग्लैंड लौट चलें । मेरा प्रसव- काल समीप है । मैं गांव के घर में ही जाकर  रहना चाहती हूं । समझा न ? — जेन ने सरलता से कहा।  इतनी जल्दी! असंभव, अभी बहुत रुपया बाकी पड़ा है। ठहरो, मैं पहले इन लोगों से  बात कर लूं । — बार्टली ने रूखे स्वर से कहा ।  देवनन्दन ने सलाम करते हुए कुछ कहना चाहा कि बीच ही में बात काटकर काले खां ________________",175,attribution_dash,"भाई! इधर जब से वह चले गए हैं , मेरी चिंता बढ़ रही है । न जाने क्यों ,  मुझे उन पर संदेह होने लगा है। मैं भी घर जाना चाहती हूं ।  तुम जानती हो कि मैंने स्मिथ का कभी अपमान नहीं किया , और सच तो यह है कि मैं  उसको प्यार करता हूं। किंतु क्या करूं , उसका जैसा उग्र स्वभाव है, वह तो तुम जानती हो ।  मैं भला अभी काम छोड़कर कैसे चलूंगा! - बार्टली ने कहा ।  जब यह काम ही बंद हो गया , तब यहां रहने का क्या काम है। देखती हूं कि जो रुपया  तुम्हारा निकल भी आता है, उसे यहां जमींदारी में फंसाते जा रहे हो । क्या तुम यहीं बसना  चाहते हो ? — जेन ने कहा ।  तब तुम क्या चाहती हो । — बार्टली ने अन्यमनस्क भाव से पूर्व की धीरे - धीरे सूखने  वाली झील को देखते हुए कहा ।  नील का काम बंद हो गया , पर अब हम लोगों को रुपए की कमी नहीं। जो कुछ हो ,  यहां से बेचकर इंग्लैंड लौट चलें । मेरा प्रसव- काल समीप है । मैं गांव के घर में ही जाकर  रहना चाहती हूं । समझा न ? — जेन ने सरलता से कहा।  इतनी जल्दी! असंभव, अभी बहुत रुपया बाकी पड़ा है। ठहरो, मैं पहले इन लोगों से  बात कर लूं ।",बार्टली ने रूखे स्वर से कहा,बार्टली,2854,3802,high,unusually long candidate (>500 characters); review boundaries
TITLI-CAND-000153,1.8,titli_08.html,"ने कहा—सरकार, बहुत कहने पर यह आया है। देवनन्दन ने रोष-भरे नेत्रों से काले को देखा। बार्टली ने कहा—रुपया देते हो कि तुम्हारा दूसरा... जेन उठकर जाने लगी थी। बीच ही में देवनन्दन ने उसे हाथ जोड़ते हुए कहा- मेरी स्त्री को लड़का होने वाला है, और लड़की... जेन आगे न सुन सकी। उसने कहा—बार्टली, जाने दो उसे, उसकी स्त्री का... ___ तुम चलो चाय के कमरे में, मैं अभी आता हूं।—कहते हुए बार्टली ने जेन को तीखी आखों से देखा। दुखी होकर जेन चली गई। देवनन्दन की कोई विनती नहीं सुनी गई! बार्टली ने कहा—काले खां, इसको यहीं कोठरी में बंद करो और तीन घंटे में रुपए न मिलें, तो बीस हंटर लगाकर तब मुझसे कहना। बार्टली की ठोकर से जब देवनन्दन पृथ्वी चूमने लगा, तब वह चाय पीने चला गया। मेरे हृदय में वह देवनन्दन का अपमान घाव कर गया। मैं अब तक तो केवल वह दृश्य देख रहा था। किंतु क्षण-भर में मैंने अपना कर्तव्य निर्धारित कर लिया। मैंने कहा—काले खां, भूलना मत, मेरा नाम है रामनाथ। आज तुमने यदि देवनन्दन को मारा-पीटा, तो मैं तुम्हें जीता न छोडूंगा। मैं रुपए ले आता हूं। क्रोध और आवेश में कहने को तो मैं यह कहकर गांव में चला आया: पर रुपए कहां से आते! मैं उन्हीं के पट्टीदार के पास पहुंचा; पर सूद का मोल-भाव होने लगा। उनकी स्थावर संपत्ति पर्याप्त न थी। हिंदुओं में परस्पर तनिक भी सहानुभूति नहीं! मैं जल उठा। मनुष्य, मनुष्य के दुख-सुख से सौदा करने लगता है और उसका मापदंड बन जाता है रुपया। मैंने कहा—अच्छा, अच्छा, धामपुर में मेरी कृष्णार्पण माफी है, उसे भी मैं रेहन कर दूंगा। तहसीलदार साहब ने कहा कि इस बनजरिया के नंबर पर पहले देवनन्दन का नाम था, सो ठीक है। मैंने ही उसके संबंध में रेहन करके फिर इसी माफी को देवनन्दन के नाम बेच दिया। अब मेरे मन में गांव से घोर धृणा हो गई थी। मैं भ्रमण के लिए निकला। गांव पर मेरे लिए कोई बंधन नहीं रह गया। तीर्थों, नगरों और पहाड़ों में मैं घूमता था और गली, चौमुहानी, कुओं पर, तालाबों और घाटों के किनारे, मैं व्याख्यान देने लगा। मेरा विषय था हिंद-जाति का उदबोधन। मैं प्रायः उनकी धनलिप्सा: गह-प्रेम और छोटे-से-छोटे हिंद गृहस्थ की राजमनोवृत्ति की निंदा किया करता! आप देखते नहीं कि हिंदू की छोटी-सी गृहस्थी में कड़ा-करकट तक जुटा रखने की चाल है, और उन पर प्राण से बढ़कर मोह! दसपांच गहने, दो-चार बर्तन, उनको बीसों बार बंधक करना और घर में कलह करना, यही हिंदू-घरों में आए दिन के दृश्य हैं। जीवन का जैसे कोई लक्ष्य नहीं! पद-दलित रहते-रहते उनकी सामूहिक चेतना जैसे नष्ट हो गई है। अन्य जाति के लोग मिट्टी या चीनी के बरतन में उत्तम स्निग्ध भोजन करते हैं। हिंदू चांदी की थाली में भी सतू घोलकर पीता है। मेरी कटुता उत्तेजित हो जाती, तो और भी इसी तरह की बातें बकता। कभी तो पैसे मिलते और कहींकहीं धक्के भी। पर मेरे लिए दूसरा काम नहीं। इसी धुन में मैं कितने बरसों तक घूमता रहा। नर्मदा के तट से घूमकर मैं उज्जैन जा रहा था। अकस्मात् बिना किसी स्टेशन के गाड़ी खड़ी हो गई। मैंने पूछा-क्या है? ________________",176,multi_turn_paragraph,"सरकार, बहुत कहने पर यह आया है। देवनन्दन ने रोष-भरे नेत्रों से काले को देखा।",कहा,,7,82,high,
TITLI-CAND-000154,1.8,titli_08.html,"ने कहा—सरकार, बहुत कहने पर यह आया है। देवनन्दन ने रोष-भरे नेत्रों से काले को देखा। बार्टली ने कहा—रुपया देते हो कि तुम्हारा दूसरा... जेन उठकर जाने लगी थी। बीच ही में देवनन्दन ने उसे हाथ जोड़ते हुए कहा- मेरी स्त्री को लड़का होने वाला है, और लड़की... जेन आगे न सुन सकी। उसने कहा—बार्टली, जाने दो उसे, उसकी स्त्री का... ___ तुम चलो चाय के कमरे में, मैं अभी आता हूं।—कहते हुए बार्टली ने जेन को तीखी आखों से देखा। दुखी होकर जेन चली गई। देवनन्दन की कोई विनती नहीं सुनी गई! बार्टली ने कहा—काले खां, इसको यहीं कोठरी में बंद करो और तीन घंटे में रुपए न मिलें, तो बीस हंटर लगाकर तब मुझसे कहना। बार्टली की ठोकर से जब देवनन्दन पृथ्वी चूमने लगा, तब वह चाय पीने चला गया। मेरे हृदय में वह देवनन्दन का अपमान घाव कर गया। मैं अब तक तो केवल वह दृश्य देख रहा था। किंतु क्षण-भर में मैंने अपना कर्तव्य निर्धारित कर लिया। मैंने कहा—काले खां, भूलना मत, मेरा नाम है रामनाथ। आज तुमने यदि देवनन्दन को मारा-पीटा, तो मैं तुम्हें जीता न छोडूंगा। मैं रुपए ले आता हूं। क्रोध और आवेश में कहने को तो मैं यह कहकर गांव में चला आया: पर रुपए कहां से आते! मैं उन्हीं के पट्टीदार के पास पहुंचा; पर सूद का मोल-भाव होने लगा। उनकी स्थावर संपत्ति पर्याप्त न थी। हिंदुओं में परस्पर तनिक भी सहानुभूति नहीं! मैं जल उठा। मनुष्य, मनुष्य के दुख-सुख से सौदा करने लगता है और उसका मापदंड बन जाता है रुपया। मैंने कहा—अच्छा, अच्छा, धामपुर में मेरी कृष्णार्पण माफी है, उसे भी मैं रेहन कर दूंगा। तहसीलदार साहब ने कहा कि इस बनजरिया के नंबर पर पहले देवनन्दन का नाम था, सो ठीक है। मैंने ही उसके संबंध में रेहन करके फिर इसी माफी को देवनन्दन के नाम बेच दिया। अब मेरे मन में गांव से घोर धृणा हो गई थी। मैं भ्रमण के लिए निकला। गांव पर मेरे लिए कोई बंधन नहीं रह गया। तीर्थों, नगरों और पहाड़ों में मैं घूमता था और गली, चौमुहानी, कुओं पर, तालाबों और घाटों के किनारे, मैं व्याख्यान देने लगा। मेरा विषय था हिंद-जाति का उदबोधन। मैं प्रायः उनकी धनलिप्सा: गह-प्रेम और छोटे-से-छोटे हिंद गृहस्थ की राजमनोवृत्ति की निंदा किया करता! आप देखते नहीं कि हिंदू की छोटी-सी गृहस्थी में कड़ा-करकट तक जुटा रखने की चाल है, और उन पर प्राण से बढ़कर मोह! दसपांच गहने, दो-चार बर्तन, उनको बीसों बार बंधक करना और घर में कलह करना, यही हिंदू-घरों में आए दिन के दृश्य हैं। जीवन का जैसे कोई लक्ष्य नहीं! पद-दलित रहते-रहते उनकी सामूहिक चेतना जैसे नष्ट हो गई है। अन्य जाति के लोग मिट्टी या चीनी के बरतन में उत्तम स्निग्ध भोजन करते हैं। हिंदू चांदी की थाली में भी सतू घोलकर पीता है। मेरी कटुता उत्तेजित हो जाती, तो और भी इसी तरह की बातें बकता। कभी तो पैसे मिलते और कहींकहीं धक्के भी। पर मेरे लिए दूसरा काम नहीं। इसी धुन में मैं कितने बरसों तक घूमता रहा। नर्मदा के तट से घूमकर मैं उज्जैन जा रहा था। अकस्मात् बिना किसी स्टेशन के गाड़ी खड़ी हो गई। मैंने पूछा-क्या है? ________________",176,multi_turn_paragraph,रुपया देते हो कि तुम्हारा दूसरा... जेन उठकर जाने लगी थी। बीच ही में,बार्टली ने कहा,बार्टली,98,165,high,
TITLI-CAND-000155,1.8,titli_08.html,"ने कहा—सरकार, बहुत कहने पर यह आया है। देवनन्दन ने रोष-भरे नेत्रों से काले को देखा। बार्टली ने कहा—रुपया देते हो कि तुम्हारा दूसरा... जेन उठकर जाने लगी थी। बीच ही में देवनन्दन ने उसे हाथ जोड़ते हुए कहा- मेरी स्त्री को लड़का होने वाला है, और लड़की... जेन आगे न सुन सकी। उसने कहा—बार्टली, जाने दो उसे, उसकी स्त्री का... ___ तुम चलो चाय के कमरे में, मैं अभी आता हूं।—कहते हुए बार्टली ने जेन को तीखी आखों से देखा। दुखी होकर जेन चली गई। देवनन्दन की कोई विनती नहीं सुनी गई! बार्टली ने कहा—काले खां, इसको यहीं कोठरी में बंद करो और तीन घंटे में रुपए न मिलें, तो बीस हंटर लगाकर तब मुझसे कहना। बार्टली की ठोकर से जब देवनन्दन पृथ्वी चूमने लगा, तब वह चाय पीने चला गया। मेरे हृदय में वह देवनन्दन का अपमान घाव कर गया। मैं अब तक तो केवल वह दृश्य देख रहा था। किंतु क्षण-भर में मैंने अपना कर्तव्य निर्धारित कर लिया। मैंने कहा—काले खां, भूलना मत, मेरा नाम है रामनाथ। आज तुमने यदि देवनन्दन को मारा-पीटा, तो मैं तुम्हें जीता न छोडूंगा। मैं रुपए ले आता हूं। क्रोध और आवेश में कहने को तो मैं यह कहकर गांव में चला आया: पर रुपए कहां से आते! मैं उन्हीं के पट्टीदार के पास पहुंचा; पर सूद का मोल-भाव होने लगा। उनकी स्थावर संपत्ति पर्याप्त न थी। हिंदुओं में परस्पर तनिक भी सहानुभूति नहीं! मैं जल उठा। मनुष्य, मनुष्य के दुख-सुख से सौदा करने लगता है और उसका मापदंड बन जाता है रुपया। मैंने कहा—अच्छा, अच्छा, धामपुर में मेरी कृष्णार्पण माफी है, उसे भी मैं रेहन कर दूंगा। तहसीलदार साहब ने कहा कि इस बनजरिया के नंबर पर पहले देवनन्दन का नाम था, सो ठीक है। मैंने ही उसके संबंध में रेहन करके फिर इसी माफी को देवनन्दन के नाम बेच दिया। अब मेरे मन में गांव से घोर धृणा हो गई थी। मैं भ्रमण के लिए निकला। गांव पर मेरे लिए कोई बंधन नहीं रह गया। तीर्थों, नगरों और पहाड़ों में मैं घूमता था और गली, चौमुहानी, कुओं पर, तालाबों और घाटों के किनारे, मैं व्याख्यान देने लगा। मेरा विषय था हिंद-जाति का उदबोधन। मैं प्रायः उनकी धनलिप्सा: गह-प्रेम और छोटे-से-छोटे हिंद गृहस्थ की राजमनोवृत्ति की निंदा किया करता! आप देखते नहीं कि हिंदू की छोटी-सी गृहस्थी में कड़ा-करकट तक जुटा रखने की चाल है, और उन पर प्राण से बढ़कर मोह! दसपांच गहने, दो-चार बर्तन, उनको बीसों बार बंधक करना और घर में कलह करना, यही हिंदू-घरों में आए दिन के दृश्य हैं। जीवन का जैसे कोई लक्ष्य नहीं! पद-दलित रहते-रहते उनकी सामूहिक चेतना जैसे नष्ट हो गई है। अन्य जाति के लोग मिट्टी या चीनी के बरतन में उत्तम स्निग्ध भोजन करते हैं। हिंदू चांदी की थाली में भी सतू घोलकर पीता है। मेरी कटुता उत्तेजित हो जाती, तो और भी इसी तरह की बातें बकता। कभी तो पैसे मिलते और कहींकहीं धक्के भी। पर मेरे लिए दूसरा काम नहीं। इसी धुन में मैं कितने बरसों तक घूमता रहा। नर्मदा के तट से घूमकर मैं उज्जैन जा रहा था। अकस्मात् बिना किसी स्टेशन के गाड़ी खड़ी हो गई। मैंने पूछा-क्या है? ________________",176,multi_turn_paragraph,"मेरी स्त्री को लड़का होने वाला है, और लड़की... जेन आगे न सुन सकी। उसने",देवनन्दन ने उसे हाथ जोड़ते हुए कहा,देवनन्दन,202,272,high,
TITLI-CAND-000156,1.8,titli_08.html,"ने कहा—सरकार, बहुत कहने पर यह आया है। देवनन्दन ने रोष-भरे नेत्रों से काले को देखा। बार्टली ने कहा—रुपया देते हो कि तुम्हारा दूसरा... जेन उठकर जाने लगी थी। बीच ही में देवनन्दन ने उसे हाथ जोड़ते हुए कहा- मेरी स्त्री को लड़का होने वाला है, और लड़की... जेन आगे न सुन सकी। उसने कहा—बार्टली, जाने दो उसे, उसकी स्त्री का... ___ तुम चलो चाय के कमरे में, मैं अभी आता हूं।—कहते हुए बार्टली ने जेन को तीखी आखों से देखा। दुखी होकर जेन चली गई। देवनन्दन की कोई विनती नहीं सुनी गई! बार्टली ने कहा—काले खां, इसको यहीं कोठरी में बंद करो और तीन घंटे में रुपए न मिलें, तो बीस हंटर लगाकर तब मुझसे कहना। बार्टली की ठोकर से जब देवनन्दन पृथ्वी चूमने लगा, तब वह चाय पीने चला गया। मेरे हृदय में वह देवनन्दन का अपमान घाव कर गया। मैं अब तक तो केवल वह दृश्य देख रहा था। किंतु क्षण-भर में मैंने अपना कर्तव्य निर्धारित कर लिया। मैंने कहा—काले खां, भूलना मत, मेरा नाम है रामनाथ। आज तुमने यदि देवनन्दन को मारा-पीटा, तो मैं तुम्हें जीता न छोडूंगा। मैं रुपए ले आता हूं। क्रोध और आवेश में कहने को तो मैं यह कहकर गांव में चला आया: पर रुपए कहां से आते! मैं उन्हीं के पट्टीदार के पास पहुंचा; पर सूद का मोल-भाव होने लगा। उनकी स्थावर संपत्ति पर्याप्त न थी। हिंदुओं में परस्पर तनिक भी सहानुभूति नहीं! मैं जल उठा। मनुष्य, मनुष्य के दुख-सुख से सौदा करने लगता है और उसका मापदंड बन जाता है रुपया। मैंने कहा—अच्छा, अच्छा, धामपुर में मेरी कृष्णार्पण माफी है, उसे भी मैं रेहन कर दूंगा। तहसीलदार साहब ने कहा कि इस बनजरिया के नंबर पर पहले देवनन्दन का नाम था, सो ठीक है। मैंने ही उसके संबंध में रेहन करके फिर इसी माफी को देवनन्दन के नाम बेच दिया। अब मेरे मन में गांव से घोर धृणा हो गई थी। मैं भ्रमण के लिए निकला। गांव पर मेरे लिए कोई बंधन नहीं रह गया। तीर्थों, नगरों और पहाड़ों में मैं घूमता था और गली, चौमुहानी, कुओं पर, तालाबों और घाटों के किनारे, मैं व्याख्यान देने लगा। मेरा विषय था हिंद-जाति का उदबोधन। मैं प्रायः उनकी धनलिप्सा: गह-प्रेम और छोटे-से-छोटे हिंद गृहस्थ की राजमनोवृत्ति की निंदा किया करता! आप देखते नहीं कि हिंदू की छोटी-सी गृहस्थी में कड़ा-करकट तक जुटा रखने की चाल है, और उन पर प्राण से बढ़कर मोह! दसपांच गहने, दो-चार बर्तन, उनको बीसों बार बंधक करना और घर में कलह करना, यही हिंदू-घरों में आए दिन के दृश्य हैं। जीवन का जैसे कोई लक्ष्य नहीं! पद-दलित रहते-रहते उनकी सामूहिक चेतना जैसे नष्ट हो गई है। अन्य जाति के लोग मिट्टी या चीनी के बरतन में उत्तम स्निग्ध भोजन करते हैं। हिंदू चांदी की थाली में भी सतू घोलकर पीता है। मेरी कटुता उत्तेजित हो जाती, तो और भी इसी तरह की बातें बकता। कभी तो पैसे मिलते और कहींकहीं धक्के भी। पर मेरे लिए दूसरा काम नहीं। इसी धुन में मैं कितने बरसों तक घूमता रहा। नर्मदा के तट से घूमकर मैं उज्जैन जा रहा था। अकस्मात् बिना किसी स्टेशन के गाड़ी खड़ी हो गई। मैंने पूछा-क्या है? ________________",176,multi_turn_paragraph,"बार्टली, जाने दो उसे, उसकी स्त्री का... ___ तुम चलो चाय के कमरे में, मैं अभी आता हूं।",कहा,,277,362,high,
TITLI-CAND-000157,1.8,titli_08.html,"ने कहा—सरकार, बहुत कहने पर यह आया है। देवनन्दन ने रोष-भरे नेत्रों से काले को देखा। बार्टली ने कहा—रुपया देते हो कि तुम्हारा दूसरा... जेन उठकर जाने लगी थी। बीच ही में देवनन्दन ने उसे हाथ जोड़ते हुए कहा- मेरी स्त्री को लड़का होने वाला है, और लड़की... जेन आगे न सुन सकी। उसने कहा—बार्टली, जाने दो उसे, उसकी स्त्री का... ___ तुम चलो चाय के कमरे में, मैं अभी आता हूं।—कहते हुए बार्टली ने जेन को तीखी आखों से देखा। दुखी होकर जेन चली गई। देवनन्दन की कोई विनती नहीं सुनी गई! बार्टली ने कहा—काले खां, इसको यहीं कोठरी में बंद करो और तीन घंटे में रुपए न मिलें, तो बीस हंटर लगाकर तब मुझसे कहना। बार्टली की ठोकर से जब देवनन्दन पृथ्वी चूमने लगा, तब वह चाय पीने चला गया। मेरे हृदय में वह देवनन्दन का अपमान घाव कर गया। मैं अब तक तो केवल वह दृश्य देख रहा था। किंतु क्षण-भर में मैंने अपना कर्तव्य निर्धारित कर लिया। मैंने कहा—काले खां, भूलना मत, मेरा नाम है रामनाथ। आज तुमने यदि देवनन्दन को मारा-पीटा, तो मैं तुम्हें जीता न छोडूंगा। मैं रुपए ले आता हूं। क्रोध और आवेश में कहने को तो मैं यह कहकर गांव में चला आया: पर रुपए कहां से आते! मैं उन्हीं के पट्टीदार के पास पहुंचा; पर सूद का मोल-भाव होने लगा। उनकी स्थावर संपत्ति पर्याप्त न थी। हिंदुओं में परस्पर तनिक भी सहानुभूति नहीं! मैं जल उठा। मनुष्य, मनुष्य के दुख-सुख से सौदा करने लगता है और उसका मापदंड बन जाता है रुपया। मैंने कहा—अच्छा, अच्छा, धामपुर में मेरी कृष्णार्पण माफी है, उसे भी मैं रेहन कर दूंगा। तहसीलदार साहब ने कहा कि इस बनजरिया के नंबर पर पहले देवनन्दन का नाम था, सो ठीक है। मैंने ही उसके संबंध में रेहन करके फिर इसी माफी को देवनन्दन के नाम बेच दिया। अब मेरे मन में गांव से घोर धृणा हो गई थी। मैं भ्रमण के लिए निकला। गांव पर मेरे लिए कोई बंधन नहीं रह गया। तीर्थों, नगरों और पहाड़ों में मैं घूमता था और गली, चौमुहानी, कुओं पर, तालाबों और घाटों के किनारे, मैं व्याख्यान देने लगा। मेरा विषय था हिंद-जाति का उदबोधन। मैं प्रायः उनकी धनलिप्सा: गह-प्रेम और छोटे-से-छोटे हिंद गृहस्थ की राजमनोवृत्ति की निंदा किया करता! आप देखते नहीं कि हिंदू की छोटी-सी गृहस्थी में कड़ा-करकट तक जुटा रखने की चाल है, और उन पर प्राण से बढ़कर मोह! दसपांच गहने, दो-चार बर्तन, उनको बीसों बार बंधक करना और घर में कलह करना, यही हिंदू-घरों में आए दिन के दृश्य हैं। जीवन का जैसे कोई लक्ष्य नहीं! पद-दलित रहते-रहते उनकी सामूहिक चेतना जैसे नष्ट हो गई है। अन्य जाति के लोग मिट्टी या चीनी के बरतन में उत्तम स्निग्ध भोजन करते हैं। हिंदू चांदी की थाली में भी सतू घोलकर पीता है। मेरी कटुता उत्तेजित हो जाती, तो और भी इसी तरह की बातें बकता। कभी तो पैसे मिलते और कहींकहीं धक्के भी। पर मेरे लिए दूसरा काम नहीं। इसी धुन में मैं कितने बरसों तक घूमता रहा। नर्मदा के तट से घूमकर मैं उज्जैन जा रहा था। अकस्मात् बिना किसी स्टेशन के गाड़ी खड़ी हो गई। मैंने पूछा-क्या है? ________________",176,multi_turn_paragraph,"काले खां, इसको यहीं कोठरी में बंद करो और तीन घंटे में रुपए न मिलें, तो बीस हंटर लगाकर तब मुझसे कहना। बार्टली की ठोकर से जब देवनन्दन पृथ्वी चूमने लगा, तब वह चाय पीने चला गया। मेरे हृदय में वह देवनन्दन का अपमान घाव कर गया। मैं अब तक तो केवल वह दृश्य देख रहा था। किंतु क्षण-भर में मैंने अपना कर्तव्य निर्धारित कर लिया। मैंने",बार्टली ने कहा,बार्टली,482,803,high,
TITLI-CAND-000158,1.8,titli_08.html,"ने कहा—सरकार, बहुत कहने पर यह आया है। देवनन्दन ने रोष-भरे नेत्रों से काले को देखा। बार्टली ने कहा—रुपया देते हो कि तुम्हारा दूसरा... जेन उठकर जाने लगी थी। बीच ही में देवनन्दन ने उसे हाथ जोड़ते हुए कहा- मेरी स्त्री को लड़का होने वाला है, और लड़की... जेन आगे न सुन सकी। उसने कहा—बार्टली, जाने दो उसे, उसकी स्त्री का... ___ तुम चलो चाय के कमरे में, मैं अभी आता हूं।—कहते हुए बार्टली ने जेन को तीखी आखों से देखा। दुखी होकर जेन चली गई। देवनन्दन की कोई विनती नहीं सुनी गई! बार्टली ने कहा—काले खां, इसको यहीं कोठरी में बंद करो और तीन घंटे में रुपए न मिलें, तो बीस हंटर लगाकर तब मुझसे कहना। बार्टली की ठोकर से जब देवनन्दन पृथ्वी चूमने लगा, तब वह चाय पीने चला गया। मेरे हृदय में वह देवनन्दन का अपमान घाव कर गया। मैं अब तक तो केवल वह दृश्य देख रहा था। किंतु क्षण-भर में मैंने अपना कर्तव्य निर्धारित कर लिया। मैंने कहा—काले खां, भूलना मत, मेरा नाम है रामनाथ। आज तुमने यदि देवनन्दन को मारा-पीटा, तो मैं तुम्हें जीता न छोडूंगा। मैं रुपए ले आता हूं। क्रोध और आवेश में कहने को तो मैं यह कहकर गांव में चला आया: पर रुपए कहां से आते! मैं उन्हीं के पट्टीदार के पास पहुंचा; पर सूद का मोल-भाव होने लगा। उनकी स्थावर संपत्ति पर्याप्त न थी। हिंदुओं में परस्पर तनिक भी सहानुभूति नहीं! मैं जल उठा। मनुष्य, मनुष्य के दुख-सुख से सौदा करने लगता है और उसका मापदंड बन जाता है रुपया। मैंने कहा—अच्छा, अच्छा, धामपुर में मेरी कृष्णार्पण माफी है, उसे भी मैं रेहन कर दूंगा। तहसीलदार साहब ने कहा कि इस बनजरिया के नंबर पर पहले देवनन्दन का नाम था, सो ठीक है। मैंने ही उसके संबंध में रेहन करके फिर इसी माफी को देवनन्दन के नाम बेच दिया। अब मेरे मन में गांव से घोर धृणा हो गई थी। मैं भ्रमण के लिए निकला। गांव पर मेरे लिए कोई बंधन नहीं रह गया। तीर्थों, नगरों और पहाड़ों में मैं घूमता था और गली, चौमुहानी, कुओं पर, तालाबों और घाटों के किनारे, मैं व्याख्यान देने लगा। मेरा विषय था हिंद-जाति का उदबोधन। मैं प्रायः उनकी धनलिप्सा: गह-प्रेम और छोटे-से-छोटे हिंद गृहस्थ की राजमनोवृत्ति की निंदा किया करता! आप देखते नहीं कि हिंदू की छोटी-सी गृहस्थी में कड़ा-करकट तक जुटा रखने की चाल है, और उन पर प्राण से बढ़कर मोह! दसपांच गहने, दो-चार बर्तन, उनको बीसों बार बंधक करना और घर में कलह करना, यही हिंदू-घरों में आए दिन के दृश्य हैं। जीवन का जैसे कोई लक्ष्य नहीं! पद-दलित रहते-रहते उनकी सामूहिक चेतना जैसे नष्ट हो गई है। अन्य जाति के लोग मिट्टी या चीनी के बरतन में उत्तम स्निग्ध भोजन करते हैं। हिंदू चांदी की थाली में भी सतू घोलकर पीता है। मेरी कटुता उत्तेजित हो जाती, तो और भी इसी तरह की बातें बकता। कभी तो पैसे मिलते और कहींकहीं धक्के भी। पर मेरे लिए दूसरा काम नहीं। इसी धुन में मैं कितने बरसों तक घूमता रहा। नर्मदा के तट से घूमकर मैं उज्जैन जा रहा था। अकस्मात् बिना किसी स्टेशन के गाड़ी खड़ी हो गई। मैंने पूछा-क्या है? ________________",176,multi_turn_paragraph,"काले खां, भूलना मत, मेरा नाम है रामनाथ। आज तुमने यदि देवनन्दन को मारा-पीटा, तो मैं तुम्हें जीता न छोडूंगा। मैं रुपए ले आता हूं। क्रोध और आवेश में कहने को तो मैं यह",कहा,,808,971,high,
TITLI-CAND-000159,1.8,titli_08.html,"ने कहा—सरकार, बहुत कहने पर यह आया है। देवनन्दन ने रोष-भरे नेत्रों से काले को देखा। बार्टली ने कहा—रुपया देते हो कि तुम्हारा दूसरा... जेन उठकर जाने लगी थी। बीच ही में देवनन्दन ने उसे हाथ जोड़ते हुए कहा- मेरी स्त्री को लड़का होने वाला है, और लड़की... जेन आगे न सुन सकी। उसने कहा—बार्टली, जाने दो उसे, उसकी स्त्री का... ___ तुम चलो चाय के कमरे में, मैं अभी आता हूं।—कहते हुए बार्टली ने जेन को तीखी आखों से देखा। दुखी होकर जेन चली गई। देवनन्दन की कोई विनती नहीं सुनी गई! बार्टली ने कहा—काले खां, इसको यहीं कोठरी में बंद करो और तीन घंटे में रुपए न मिलें, तो बीस हंटर लगाकर तब मुझसे कहना। बार्टली की ठोकर से जब देवनन्दन पृथ्वी चूमने लगा, तब वह चाय पीने चला गया। मेरे हृदय में वह देवनन्दन का अपमान घाव कर गया। मैं अब तक तो केवल वह दृश्य देख रहा था। किंतु क्षण-भर में मैंने अपना कर्तव्य निर्धारित कर लिया। मैंने कहा—काले खां, भूलना मत, मेरा नाम है रामनाथ। आज तुमने यदि देवनन्दन को मारा-पीटा, तो मैं तुम्हें जीता न छोडूंगा। मैं रुपए ले आता हूं। क्रोध और आवेश में कहने को तो मैं यह कहकर गांव में चला आया: पर रुपए कहां से आते! मैं उन्हीं के पट्टीदार के पास पहुंचा; पर सूद का मोल-भाव होने लगा। उनकी स्थावर संपत्ति पर्याप्त न थी। हिंदुओं में परस्पर तनिक भी सहानुभूति नहीं! मैं जल उठा। मनुष्य, मनुष्य के दुख-सुख से सौदा करने लगता है और उसका मापदंड बन जाता है रुपया। मैंने कहा—अच्छा, अच्छा, धामपुर में मेरी कृष्णार्पण माफी है, उसे भी मैं रेहन कर दूंगा। तहसीलदार साहब ने कहा कि इस बनजरिया के नंबर पर पहले देवनन्दन का नाम था, सो ठीक है। मैंने ही उसके संबंध में रेहन करके फिर इसी माफी को देवनन्दन के नाम बेच दिया। अब मेरे मन में गांव से घोर धृणा हो गई थी। मैं भ्रमण के लिए निकला। गांव पर मेरे लिए कोई बंधन नहीं रह गया। तीर्थों, नगरों और पहाड़ों में मैं घूमता था और गली, चौमुहानी, कुओं पर, तालाबों और घाटों के किनारे, मैं व्याख्यान देने लगा। मेरा विषय था हिंद-जाति का उदबोधन। मैं प्रायः उनकी धनलिप्सा: गह-प्रेम और छोटे-से-छोटे हिंद गृहस्थ की राजमनोवृत्ति की निंदा किया करता! आप देखते नहीं कि हिंदू की छोटी-सी गृहस्थी में कड़ा-करकट तक जुटा रखने की चाल है, और उन पर प्राण से बढ़कर मोह! दसपांच गहने, दो-चार बर्तन, उनको बीसों बार बंधक करना और घर में कलह करना, यही हिंदू-घरों में आए दिन के दृश्य हैं। जीवन का जैसे कोई लक्ष्य नहीं! पद-दलित रहते-रहते उनकी सामूहिक चेतना जैसे नष्ट हो गई है। अन्य जाति के लोग मिट्टी या चीनी के बरतन में उत्तम स्निग्ध भोजन करते हैं। हिंदू चांदी की थाली में भी सतू घोलकर पीता है। मेरी कटुता उत्तेजित हो जाती, तो और भी इसी तरह की बातें बकता। कभी तो पैसे मिलते और कहींकहीं धक्के भी। पर मेरे लिए दूसरा काम नहीं। इसी धुन में मैं कितने बरसों तक घूमता रहा। नर्मदा के तट से घूमकर मैं उज्जैन जा रहा था। अकस्मात् बिना किसी स्टेशन के गाड़ी खड़ी हो गई। मैंने पूछा-क्या है? ________________",176,multi_turn_paragraph,"अच्छा, अच्छा, धामपुर में मेरी कृष्णार्पण माफी है, उसे भी मैं रेहन कर दूंगा। तहसीलदार",कहा,,1262,1346,high,
TITLI-CAND-000160,1.8,titli_08.html,"ने कहा—सरकार, बहुत कहने पर यह आया है। देवनन्दन ने रोष-भरे नेत्रों से काले को देखा। बार्टली ने कहा—रुपया देते हो कि तुम्हारा दूसरा... जेन उठकर जाने लगी थी। बीच ही में देवनन्दन ने उसे हाथ जोड़ते हुए कहा- मेरी स्त्री को लड़का होने वाला है, और लड़की... जेन आगे न सुन सकी। उसने कहा—बार्टली, जाने दो उसे, उसकी स्त्री का... ___ तुम चलो चाय के कमरे में, मैं अभी आता हूं।—कहते हुए बार्टली ने जेन को तीखी आखों से देखा। दुखी होकर जेन चली गई। देवनन्दन की कोई विनती नहीं सुनी गई! बार्टली ने कहा—काले खां, इसको यहीं कोठरी में बंद करो और तीन घंटे में रुपए न मिलें, तो बीस हंटर लगाकर तब मुझसे कहना। बार्टली की ठोकर से जब देवनन्दन पृथ्वी चूमने लगा, तब वह चाय पीने चला गया। मेरे हृदय में वह देवनन्दन का अपमान घाव कर गया। मैं अब तक तो केवल वह दृश्य देख रहा था। किंतु क्षण-भर में मैंने अपना कर्तव्य निर्धारित कर लिया। मैंने कहा—काले खां, भूलना मत, मेरा नाम है रामनाथ। आज तुमने यदि देवनन्दन को मारा-पीटा, तो मैं तुम्हें जीता न छोडूंगा। मैं रुपए ले आता हूं। क्रोध और आवेश में कहने को तो मैं यह कहकर गांव में चला आया: पर रुपए कहां से आते! मैं उन्हीं के पट्टीदार के पास पहुंचा; पर सूद का मोल-भाव होने लगा। उनकी स्थावर संपत्ति पर्याप्त न थी। हिंदुओं में परस्पर तनिक भी सहानुभूति नहीं! मैं जल उठा। मनुष्य, मनुष्य के दुख-सुख से सौदा करने लगता है और उसका मापदंड बन जाता है रुपया। मैंने कहा—अच्छा, अच्छा, धामपुर में मेरी कृष्णार्पण माफी है, उसे भी मैं रेहन कर दूंगा। तहसीलदार साहब ने कहा कि इस बनजरिया के नंबर पर पहले देवनन्दन का नाम था, सो ठीक है। मैंने ही उसके संबंध में रेहन करके फिर इसी माफी को देवनन्दन के नाम बेच दिया। अब मेरे मन में गांव से घोर धृणा हो गई थी। मैं भ्रमण के लिए निकला। गांव पर मेरे लिए कोई बंधन नहीं रह गया। तीर्थों, नगरों और पहाड़ों में मैं घूमता था और गली, चौमुहानी, कुओं पर, तालाबों और घाटों के किनारे, मैं व्याख्यान देने लगा। मेरा विषय था हिंद-जाति का उदबोधन। मैं प्रायः उनकी धनलिप्सा: गह-प्रेम और छोटे-से-छोटे हिंद गृहस्थ की राजमनोवृत्ति की निंदा किया करता! आप देखते नहीं कि हिंदू की छोटी-सी गृहस्थी में कड़ा-करकट तक जुटा रखने की चाल है, और उन पर प्राण से बढ़कर मोह! दसपांच गहने, दो-चार बर्तन, उनको बीसों बार बंधक करना और घर में कलह करना, यही हिंदू-घरों में आए दिन के दृश्य हैं। जीवन का जैसे कोई लक्ष्य नहीं! पद-दलित रहते-रहते उनकी सामूहिक चेतना जैसे नष्ट हो गई है। अन्य जाति के लोग मिट्टी या चीनी के बरतन में उत्तम स्निग्ध भोजन करते हैं। हिंदू चांदी की थाली में भी सतू घोलकर पीता है। मेरी कटुता उत्तेजित हो जाती, तो और भी इसी तरह की बातें बकता। कभी तो पैसे मिलते और कहींकहीं धक्के भी। पर मेरे लिए दूसरा काम नहीं। इसी धुन में मैं कितने बरसों तक घूमता रहा। नर्मदा के तट से घूमकर मैं उज्जैन जा रहा था। अकस्मात् बिना किसी स्टेशन के गाड़ी खड़ी हो गई। मैंने पूछा-क्या है? ________________",176,attribution_dash,क्या है? ________________,पूछा,,2556,2581,high,
TITLI-CAND-000161,1.8,titli_08.html,"साथ के यात्री लोग भी चकित थे। इतने में रेल के गार्ड ने कहा-भुखमरों की भीड़ रेलवे-लाइन पर खड़ी है। मैं गाड़ी से उतरकर वह भीषण दृश्य देखने लगा। संसार का नग्न चित्र, जिसमें पीड़ा का, दुःख का, तांडव नृत्य था। बिना वस्त्र के सैकड़ों नर-कंकाल, इंजिन के सामने लाइन पर खड़े-खड़े और गिरे हए, मुत्य की आशा में टक लगाए थे। मैं रो उठा। मेरे हृदय में अभाव की भीषणता, जो चिनगारी के रूप में थी, अब ज्वाला-सी धधकने लगी। चतुर गार्ड ने झोली में चंदा के पैसे एकत्र करके कंगलों में बांट दिया और वे समीप के बाजार की ओर दौड़ पड़े। हां, दौड़े। उन अभागों को अन्न की आशा ने बल दिया। वे गिरतेपड़ते चले। मैं भी चला। उनके पीछे-पीछे यह देखते जाता था कि पेड़ों में पत्तियां नहीं बची हैं। टिड्डियां भी इस तरह उन्हें नहीं खा सकतीं; वे तो नस छोड़ देती हैं। मैंने देखा कि वे भुखमरे बाजार में घुसे; किंतु मैं नहीं जा सका। बाजार के बाहर ही एक वृक्ष के बिना पत्तों वाली डालों के नीचे एक व्यक्ति पड़ा हुआ अपना हाथ मुंह तक ले जाता है और उसे चाटकर हटा लेता है। पास ही एक छोटा-सा जीव और भी निस्तब्ध पड़ा है। मैं दौड़कर अपने लोटे में दूध मोल ले आया। उसके गले में धीरे-धीरे टपकाने लगा। वह आख खोलकर पास ही पड़े हुए शिशु को देखने लगा। शिशु की ओर मेरा ध्यान नहीं गया था। मैं उसे दूध पिलाने लगा। कहकर बुड्ढा रामनाथ एक बार ठहर गया। उसने चारों ओर देखकर अपनी आखों को उस खंभे की आड़ में ठहरा दिया, जहां तितली बैठी थी। शैला रूमाल से अपनी औखें पोंछ रही थी, और सुनने वाली जनता चुपचाप स्तब्ध थी। बुड्ढे ने फिर कहना आरंभ किया—आप लोगों को कष्ट होता है। दुख और दर्द की कहानी सुनाकर मैंने अवश्य आप लोगों का समय नष्ट किया। किंतु करता क्या! अच्छा, जाने दीजिए, मैं अब बहुत संक्षेप में कहता हूं हां, तो वह व्यक्ति थे देवनन्दन जिनकी समस्त भू-संपत्ति नीलाम हो गई। धूर-धूर बिक गई। दो संतानों का शरीरांत हो गया। तब उस बची हुई कन्या को लेकर स्त्री के साथ वह परदेश में भीख मांगने चले थे। उस अभागे को नहीं मालूम था कि वह किधर जा रहा था। उस समय अकाल था। कौन भीख देता? जिनके पास रुपया था, उन्हें अपनी चिंता थी। अस्तु, कुलीन वंश की सुकुमारी कुलवधू अधिक कष्ट न सह सकी, वह मर गई। तब देवनन्दन इस शिशु को लेकर घूमने लगे। वह भी मुमूर्ष हो रहा था। उन्होंने बड़े कष्ट से मुझे पहचानकर केवल इतना कहा—रामनाथ, मैंने सब कुछ बेच दिया; पर तुम्हारा धामपुर का खेत नहीं बेचा है, और यह तितली तुम्हारी शरण में है। मैं तो चला। हां, वह चल बसे। मैंने तितली को गोद में उठा लिया। आगे बुड्ढा कुछ न कह सका; क्योंकि तितली सचमुच चीत्कार करती हुई मुर्छित हो गई थी और शैला उसके पास पहुंचकर उसे प्रफुल्लित करने में लग गई थी। ________________",177,multi_turn_paragraph,"भुखमरों की भीड़ रेलवे-लाइन पर खड़ी है। मैं गाड़ी से उतरकर वह भीषण दृश्य देखने लगा। संसार का नग्न चित्र, जिसमें पीड़ा का, दुःख का, तांडव नृत्य था। बिना वस्त्र के सैकड़ों नर-कंकाल, इंजिन के सामने लाइन पर खड़े-खड़े और गिरे हए, मुत्य की आशा में टक लगाए थे। मैं रो उठा। मेरे हृदय में अभाव की भीषणता, जो चिनगारी के रूप में थी, अब ज्वाला-सी धधकने लगी। चतुर गार्ड ने झोली में चंदा के पैसे एकत्र करके कंगलों में बांट दिया और वे समीप के बाजार की ओर दौड़ पड़े। हां, दौड़े। उन अभागों को अन्न की आशा ने बल दिया। वे गिरतेपड़ते चले। मैं भी चला। उनके पीछे-पीछे यह देखते जाता था कि पेड़ों में पत्तियां नहीं बची हैं। टिड्डियां भी इस तरह उन्हें नहीं खा सकतीं; वे तो नस छोड़ देती हैं। मैंने देखा कि वे भुखमरे बाजार में घुसे; किंतु मैं नहीं जा सका। बाजार के बाहर ही एक वृक्ष के बिना पत्तों वाली डालों के नीचे एक व्यक्ति पड़ा हुआ अपना हाथ मुंह तक ले जाता है और उसे चाटकर हटा लेता है। पास ही एक छोटा-सा जीव और भी निस्तब्ध पड़ा है। मैं दौड़कर अपने लोटे में दूध मोल ले आया। उसके गले में धीरे-धीरे टपकाने लगा। वह आख खोलकर पास ही पड़े हुए शिशु को देखने लगा। शिशु की ओर मेरा ध्यान नहीं गया था। मैं उसे दूध पिलाने लगा।",गार्ड ने कहा,गार्ड,59,1148,high,unusually long candidate (>500 characters); review boundaries
TITLI-CAND-000162,1.8,titli_08.html,"साथ के यात्री लोग भी चकित थे। इतने में रेल के गार्ड ने कहा-भुखमरों की भीड़ रेलवे-लाइन पर खड़ी है। मैं गाड़ी से उतरकर वह भीषण दृश्य देखने लगा। संसार का नग्न चित्र, जिसमें पीड़ा का, दुःख का, तांडव नृत्य था। बिना वस्त्र के सैकड़ों नर-कंकाल, इंजिन के सामने लाइन पर खड़े-खड़े और गिरे हए, मुत्य की आशा में टक लगाए थे। मैं रो उठा। मेरे हृदय में अभाव की भीषणता, जो चिनगारी के रूप में थी, अब ज्वाला-सी धधकने लगी। चतुर गार्ड ने झोली में चंदा के पैसे एकत्र करके कंगलों में बांट दिया और वे समीप के बाजार की ओर दौड़ पड़े। हां, दौड़े। उन अभागों को अन्न की आशा ने बल दिया। वे गिरतेपड़ते चले। मैं भी चला। उनके पीछे-पीछे यह देखते जाता था कि पेड़ों में पत्तियां नहीं बची हैं। टिड्डियां भी इस तरह उन्हें नहीं खा सकतीं; वे तो नस छोड़ देती हैं। मैंने देखा कि वे भुखमरे बाजार में घुसे; किंतु मैं नहीं जा सका। बाजार के बाहर ही एक वृक्ष के बिना पत्तों वाली डालों के नीचे एक व्यक्ति पड़ा हुआ अपना हाथ मुंह तक ले जाता है और उसे चाटकर हटा लेता है। पास ही एक छोटा-सा जीव और भी निस्तब्ध पड़ा है। मैं दौड़कर अपने लोटे में दूध मोल ले आया। उसके गले में धीरे-धीरे टपकाने लगा। वह आख खोलकर पास ही पड़े हुए शिशु को देखने लगा। शिशु की ओर मेरा ध्यान नहीं गया था। मैं उसे दूध पिलाने लगा। कहकर बुड्ढा रामनाथ एक बार ठहर गया। उसने चारों ओर देखकर अपनी आखों को उस खंभे की आड़ में ठहरा दिया, जहां तितली बैठी थी। शैला रूमाल से अपनी औखें पोंछ रही थी, और सुनने वाली जनता चुपचाप स्तब्ध थी। बुड्ढे ने फिर कहना आरंभ किया—आप लोगों को कष्ट होता है। दुख और दर्द की कहानी सुनाकर मैंने अवश्य आप लोगों का समय नष्ट किया। किंतु करता क्या! अच्छा, जाने दीजिए, मैं अब बहुत संक्षेप में कहता हूं हां, तो वह व्यक्ति थे देवनन्दन जिनकी समस्त भू-संपत्ति नीलाम हो गई। धूर-धूर बिक गई। दो संतानों का शरीरांत हो गया। तब उस बची हुई कन्या को लेकर स्त्री के साथ वह परदेश में भीख मांगने चले थे। उस अभागे को नहीं मालूम था कि वह किधर जा रहा था। उस समय अकाल था। कौन भीख देता? जिनके पास रुपया था, उन्हें अपनी चिंता थी। अस्तु, कुलीन वंश की सुकुमारी कुलवधू अधिक कष्ट न सह सकी, वह मर गई। तब देवनन्दन इस शिशु को लेकर घूमने लगे। वह भी मुमूर्ष हो रहा था। उन्होंने बड़े कष्ट से मुझे पहचानकर केवल इतना कहा—रामनाथ, मैंने सब कुछ बेच दिया; पर तुम्हारा धामपुर का खेत नहीं बेचा है, और यह तितली तुम्हारी शरण में है। मैं तो चला। हां, वह चल बसे। मैंने तितली को गोद में उठा लिया। आगे बुड्ढा कुछ न कह सका; क्योंकि तितली सचमुच चीत्कार करती हुई मुर्छित हो गई थी और शैला उसके पास पहुंचकर उसे प्रफुल्लित करने में लग गई थी। ________________",177,attribution_dash,"रामनाथ, मैंने सब कुछ बेच दिया; पर तुम्हारा धामपुर का खेत नहीं बेचा है, और यह तितली तुम्हारी शरण में है। मैं तो चला। हां, वह चल बसे। मैंने तितली को गोद में उठा लिया। आगे बुड्ढा कुछ न कह सका; क्योंकि तितली सचमुच चीत्कार करती हुई मुर्छित हो गई थी और शैला उसके पास पहुंचकर उसे प्रफुल्लित करने में लग गई थी। ________________",कहा,,2018,2337,high,
TITLI-CAND-000163,2.1,titli_09.html,"द्वितीय खंड पूस की चांदनी गांव के निर्जन प्रांत में हल्के कुहासे के रूप में साकार हो रही थी। शीतल पवन जब घनी अमराइयों में हरहराहट उत्पन्न करता, तब स्पर्श न होने पर भी गाढ़े के कुरते पहनने वाले किसान अलावों की ओर खिसकने लगते। शैला खड़ी होकर एक ऐसे ही अलाव का दृश्य देख रही थी, जिसके चारों ओर छः-सात किसान बैठे हुए तमाखू पी रहे थे। गाढ़े की दोहर और कंबल उनमें से दो ही के पास थे। और सब कुरते और इकहरी चद्दरों में 'हू—हा' कर रहे थे। "" शैला जब महुए की छाया से हटकर उन लोगों के सामने आई तो, वे लोग अपनी बातचीत बंद कर असमंजस में पड़े कि मेम साहब से क्या कहें। शैला को सभी पहचानते थे। उसने पूछा—यह अलाव किसका है? महंगू महतो का सरकार—एक सोलह बरस के लड़के ने कहा। दूर से आते हुए मधुबन ने पूछा-क्या है रामजस? मधु भइया, यही मेम साहब पूछ रही थीं। रामजस ने कहा। मधुबन ने शैला को नमस्कार करते हुए कहा—क्या कोई काम है? कहीं जाना हो तो मैं पहुंचा दूं। नहीं-नहीं मधुबन! मैं भी आग के पास बैठना चाहती हूं। मधुबन पुआल का छोटा-सा बंडल ले आया। शैला बैठ गई। मधुबन को वहां पाकर उसके मन में जो हिचक थी, वह निकल गई। ____महंगू के घर के सामने ही एक अलाव लगा था, महंगू वहां पर तमाखू-चिलम का प्रबंध रखता। दो-चार किसान, लड़के-बच्चे उस जगह प्राय: एकत्र रहते। महंगू की चिलम कभी ठंडी न होती। बुड्ढा पुराना किसान था। उस गांव के सब अच्छे टुकड़े उसकी जोत में थे। लड़के और पोते गृहस्थी करते थे, वह बैठा तमाखू पिया करता। उसने भी मेम साहब का नाम सुना था; शैला की दयालुता से परिचित था। उसकी सेवा और सत्कार के लिए मनही-मन कोई बात सोच रहा था। __ सहसा शैला ने मधुबन से पूछा–मधुबन! तुम जानते हो, बार्टली साहब की नीलकोठी यहां से कितनी दूर है? वह कल के लड़के हैं मेम साहब! उन्हें क्या मालूम कि बार्टली साहब कौन थे; मुझसे पूछिए। मेरा रोआं-रोआं उन्हीं लोगों के अन्न का पला हुआ है—महंगू ने कहा। अहा! तब तुम उन्हें जानते हो? बार्टली को जानता हूं। बड़े कठोर थे। दया तो उनके पास फटकती न थी—कहते-कहते ________________",180,multi_turn_paragraph,यह अलाव किसका है? महंगू महतो का सरकार—एक सोलह बरस के,पूछा,,588,640,high,
TITLI-CAND-000164,2.1,titli_09.html,"द्वितीय खंड पूस की चांदनी गांव के निर्जन प्रांत में हल्के कुहासे के रूप में साकार हो रही थी। शीतल पवन जब घनी अमराइयों में हरहराहट उत्पन्न करता, तब स्पर्श न होने पर भी गाढ़े के कुरते पहनने वाले किसान अलावों की ओर खिसकने लगते। शैला खड़ी होकर एक ऐसे ही अलाव का दृश्य देख रही थी, जिसके चारों ओर छः-सात किसान बैठे हुए तमाखू पी रहे थे। गाढ़े की दोहर और कंबल उनमें से दो ही के पास थे। और सब कुरते और इकहरी चद्दरों में 'हू—हा' कर रहे थे। "" शैला जब महुए की छाया से हटकर उन लोगों के सामने आई तो, वे लोग अपनी बातचीत बंद कर असमंजस में पड़े कि मेम साहब से क्या कहें। शैला को सभी पहचानते थे। उसने पूछा—यह अलाव किसका है? महंगू महतो का सरकार—एक सोलह बरस के लड़के ने कहा। दूर से आते हुए मधुबन ने पूछा-क्या है रामजस? मधु भइया, यही मेम साहब पूछ रही थीं। रामजस ने कहा। मधुबन ने शैला को नमस्कार करते हुए कहा—क्या कोई काम है? कहीं जाना हो तो मैं पहुंचा दूं। नहीं-नहीं मधुबन! मैं भी आग के पास बैठना चाहती हूं। मधुबन पुआल का छोटा-सा बंडल ले आया। शैला बैठ गई। मधुबन को वहां पाकर उसके मन में जो हिचक थी, वह निकल गई। ____महंगू के घर के सामने ही एक अलाव लगा था, महंगू वहां पर तमाखू-चिलम का प्रबंध रखता। दो-चार किसान, लड़के-बच्चे उस जगह प्राय: एकत्र रहते। महंगू की चिलम कभी ठंडी न होती। बुड्ढा पुराना किसान था। उस गांव के सब अच्छे टुकड़े उसकी जोत में थे। लड़के और पोते गृहस्थी करते थे, वह बैठा तमाखू पिया करता। उसने भी मेम साहब का नाम सुना था; शैला की दयालुता से परिचित था। उसकी सेवा और सत्कार के लिए मनही-मन कोई बात सोच रहा था। __ सहसा शैला ने मधुबन से पूछा–मधुबन! तुम जानते हो, बार्टली साहब की नीलकोठी यहां से कितनी दूर है? वह कल के लड़के हैं मेम साहब! उन्हें क्या मालूम कि बार्टली साहब कौन थे; मुझसे पूछिए। मेरा रोआं-रोआं उन्हीं लोगों के अन्न का पला हुआ है—महंगू ने कहा। अहा! तब तुम उन्हें जानते हो? बार्टली को जानता हूं। बड़े कठोर थे। दया तो उनके पास फटकती न थी—कहते-कहते ________________",180,multi_turn_paragraph,"क्या है रामजस? मधु भइया, यही मेम साहब पूछ रही थीं।",मधुबन ने पूछा,मधुबन,684,734,high,
TITLI-CAND-000165,2.1,titli_09.html,"द्वितीय खंड पूस की चांदनी गांव के निर्जन प्रांत में हल्के कुहासे के रूप में साकार हो रही थी। शीतल पवन जब घनी अमराइयों में हरहराहट उत्पन्न करता, तब स्पर्श न होने पर भी गाढ़े के कुरते पहनने वाले किसान अलावों की ओर खिसकने लगते। शैला खड़ी होकर एक ऐसे ही अलाव का दृश्य देख रही थी, जिसके चारों ओर छः-सात किसान बैठे हुए तमाखू पी रहे थे। गाढ़े की दोहर और कंबल उनमें से दो ही के पास थे। और सब कुरते और इकहरी चद्दरों में 'हू—हा' कर रहे थे। "" शैला जब महुए की छाया से हटकर उन लोगों के सामने आई तो, वे लोग अपनी बातचीत बंद कर असमंजस में पड़े कि मेम साहब से क्या कहें। शैला को सभी पहचानते थे। उसने पूछा—यह अलाव किसका है? महंगू महतो का सरकार—एक सोलह बरस के लड़के ने कहा। दूर से आते हुए मधुबन ने पूछा-क्या है रामजस? मधु भइया, यही मेम साहब पूछ रही थीं। रामजस ने कहा। मधुबन ने शैला को नमस्कार करते हुए कहा—क्या कोई काम है? कहीं जाना हो तो मैं पहुंचा दूं। नहीं-नहीं मधुबन! मैं भी आग के पास बैठना चाहती हूं। मधुबन पुआल का छोटा-सा बंडल ले आया। शैला बैठ गई। मधुबन को वहां पाकर उसके मन में जो हिचक थी, वह निकल गई। ____महंगू के घर के सामने ही एक अलाव लगा था, महंगू वहां पर तमाखू-चिलम का प्रबंध रखता। दो-चार किसान, लड़के-बच्चे उस जगह प्राय: एकत्र रहते। महंगू की चिलम कभी ठंडी न होती। बुड्ढा पुराना किसान था। उस गांव के सब अच्छे टुकड़े उसकी जोत में थे। लड़के और पोते गृहस्थी करते थे, वह बैठा तमाखू पिया करता। उसने भी मेम साहब का नाम सुना था; शैला की दयालुता से परिचित था। उसकी सेवा और सत्कार के लिए मनही-मन कोई बात सोच रहा था। __ सहसा शैला ने मधुबन से पूछा–मधुबन! तुम जानते हो, बार्टली साहब की नीलकोठी यहां से कितनी दूर है? वह कल के लड़के हैं मेम साहब! उन्हें क्या मालूम कि बार्टली साहब कौन थे; मुझसे पूछिए। मेरा रोआं-रोआं उन्हीं लोगों के अन्न का पला हुआ है—महंगू ने कहा। अहा! तब तुम उन्हें जानते हो? बार्टली को जानता हूं। बड़े कठोर थे। दया तो उनके पास फटकती न थी—कहते-कहते ________________",180,multi_turn_paragraph,क्या कोई काम है? कहीं जाना हो तो मैं पहुंचा दूं। नहीं-नहीं मधुबन! मैं भी आग के पास बैठना चाहती हूं।,कहा,,787,886,high,stopped before a recognizable narrative continuation; review boundary
TITLI-CAND-000166,2.1,titli_09.html,"द्वितीय खंड पूस की चांदनी गांव के निर्जन प्रांत में हल्के कुहासे के रूप में साकार हो रही थी। शीतल पवन जब घनी अमराइयों में हरहराहट उत्पन्न करता, तब स्पर्श न होने पर भी गाढ़े के कुरते पहनने वाले किसान अलावों की ओर खिसकने लगते। शैला खड़ी होकर एक ऐसे ही अलाव का दृश्य देख रही थी, जिसके चारों ओर छः-सात किसान बैठे हुए तमाखू पी रहे थे। गाढ़े की दोहर और कंबल उनमें से दो ही के पास थे। और सब कुरते और इकहरी चद्दरों में 'हू—हा' कर रहे थे। "" शैला जब महुए की छाया से हटकर उन लोगों के सामने आई तो, वे लोग अपनी बातचीत बंद कर असमंजस में पड़े कि मेम साहब से क्या कहें। शैला को सभी पहचानते थे। उसने पूछा—यह अलाव किसका है? महंगू महतो का सरकार—एक सोलह बरस के लड़के ने कहा। दूर से आते हुए मधुबन ने पूछा-क्या है रामजस? मधु भइया, यही मेम साहब पूछ रही थीं। रामजस ने कहा। मधुबन ने शैला को नमस्कार करते हुए कहा—क्या कोई काम है? कहीं जाना हो तो मैं पहुंचा दूं। नहीं-नहीं मधुबन! मैं भी आग के पास बैठना चाहती हूं। मधुबन पुआल का छोटा-सा बंडल ले आया। शैला बैठ गई। मधुबन को वहां पाकर उसके मन में जो हिचक थी, वह निकल गई। ____महंगू के घर के सामने ही एक अलाव लगा था, महंगू वहां पर तमाखू-चिलम का प्रबंध रखता। दो-चार किसान, लड़के-बच्चे उस जगह प्राय: एकत्र रहते। महंगू की चिलम कभी ठंडी न होती। बुड्ढा पुराना किसान था। उस गांव के सब अच्छे टुकड़े उसकी जोत में थे। लड़के और पोते गृहस्थी करते थे, वह बैठा तमाखू पिया करता। उसने भी मेम साहब का नाम सुना था; शैला की दयालुता से परिचित था। उसकी सेवा और सत्कार के लिए मनही-मन कोई बात सोच रहा था। __ सहसा शैला ने मधुबन से पूछा–मधुबन! तुम जानते हो, बार्टली साहब की नीलकोठी यहां से कितनी दूर है? वह कल के लड़के हैं मेम साहब! उन्हें क्या मालूम कि बार्टली साहब कौन थे; मुझसे पूछिए। मेरा रोआं-रोआं उन्हीं लोगों के अन्न का पला हुआ है—महंगू ने कहा। अहा! तब तुम उन्हें जानते हो? बार्टली को जानता हूं। बड़े कठोर थे। दया तो उनके पास फटकती न थी—कहते-कहते ________________",180,attribution_dash,"मधुबन! तुम जानते हो, बार्टली साहब की नीलकोठी यहां से कितनी दूर है? वह कल के लड़के हैं मेम साहब! उन्हें क्या मालूम कि बार्टली साहब कौन थे; मुझसे पूछिए। मेरा रोआं-रोआं उन्हीं लोगों के अन्न का पला हुआ है",महंगू ने कहा,महंगू,1430,1630,high,
TITLI-CAND-000167,2.1,titli_09.html,"द्वितीय खंड पूस की चांदनी गांव के निर्जन प्रांत में हल्के कुहासे के रूप में साकार हो रही थी। शीतल पवन जब घनी अमराइयों में हरहराहट उत्पन्न करता, तब स्पर्श न होने पर भी गाढ़े के कुरते पहनने वाले किसान अलावों की ओर खिसकने लगते। शैला खड़ी होकर एक ऐसे ही अलाव का दृश्य देख रही थी, जिसके चारों ओर छः-सात किसान बैठे हुए तमाखू पी रहे थे। गाढ़े की दोहर और कंबल उनमें से दो ही के पास थे। और सब कुरते और इकहरी चद्दरों में 'हू—हा' कर रहे थे। "" शैला जब महुए की छाया से हटकर उन लोगों के सामने आई तो, वे लोग अपनी बातचीत बंद कर असमंजस में पड़े कि मेम साहब से क्या कहें। शैला को सभी पहचानते थे। उसने पूछा—यह अलाव किसका है? महंगू महतो का सरकार—एक सोलह बरस के लड़के ने कहा। दूर से आते हुए मधुबन ने पूछा-क्या है रामजस? मधु भइया, यही मेम साहब पूछ रही थीं। रामजस ने कहा। मधुबन ने शैला को नमस्कार करते हुए कहा—क्या कोई काम है? कहीं जाना हो तो मैं पहुंचा दूं। नहीं-नहीं मधुबन! मैं भी आग के पास बैठना चाहती हूं। मधुबन पुआल का छोटा-सा बंडल ले आया। शैला बैठ गई। मधुबन को वहां पाकर उसके मन में जो हिचक थी, वह निकल गई। ____महंगू के घर के सामने ही एक अलाव लगा था, महंगू वहां पर तमाखू-चिलम का प्रबंध रखता। दो-चार किसान, लड़के-बच्चे उस जगह प्राय: एकत्र रहते। महंगू की चिलम कभी ठंडी न होती। बुड्ढा पुराना किसान था। उस गांव के सब अच्छे टुकड़े उसकी जोत में थे। लड़के और पोते गृहस्थी करते थे, वह बैठा तमाखू पिया करता। उसने भी मेम साहब का नाम सुना था; शैला की दयालुता से परिचित था। उसकी सेवा और सत्कार के लिए मनही-मन कोई बात सोच रहा था। __ सहसा शैला ने मधुबन से पूछा–मधुबन! तुम जानते हो, बार्टली साहब की नीलकोठी यहां से कितनी दूर है? वह कल के लड़के हैं मेम साहब! उन्हें क्या मालूम कि बार्टली साहब कौन थे; मुझसे पूछिए। मेरा रोआं-रोआं उन्हीं लोगों के अन्न का पला हुआ है—महंगू ने कहा। अहा! तब तुम उन्हें जानते हो? बार्टली को जानता हूं। बड़े कठोर थे। दया तो उनके पास फटकती न थी—कहते-कहते ________________",180,attribution_dash,कहते ________________,कहते,,1742,1763,high,
TITLI-CAND-000168,2.1,titli_09.html,"अलाव के प्रकाश में बुड्ढे के मुख पर धृणा की दो-तीन रेखाएं गहरी हो गईं। फिर वह संभल कर कहने लगा—पर उनकी बहन जेन माया-ममता की मूर्ति थी। कितने ही बार्टली के सताए हुए लोग उन्हीं के रुपए से छुटकारा पाते, जिसे वह छिपाकर देती थीं। और, मुझ पर तो उनकी बड़ी दया रहती थी। मैं उनकी नौकरी कर चुका हूं। मैं लड़कपन से ही उन्हीं की सेवा में रहता था। यह सब खेती-बाड़ी गृहस्थी उन्हीं की दी हुई है। उनके जाने के समय मैं कितना रोया था!—कहते-कहते बुड्ढे की आखों से पुराने आंसू बहने लगे। शैला ने बात सुनने के लिए फिर कहा—तो तुम उनके पास नौकरी कर चुके हो? अच्छा तो वही नील-कोठी अरे मेम साहब, वह नील-कोठी अब काहे को है, वह तो है भुतही कोठी! अब उधर कोई जाता भी नहीं, गिर रही है। जेन के कई बच्चे वहीं मर गए हैं। वह अपने भाई से बारबार कहती कि मैं देश जाऊंगी: पर बार्टली ने जाने न दिया। जब वह मरे, तभी जेन को यहां से जाने का अवसर मिला। मुझसे कहा था कि महंगू, जब बाबा होगा, तो तुमको बुलाऊंगी उसे खेलाने के लिए, आ जाना; मैं दूसरे पर भरोसा नहीं करूंगी। मुझे ऐसा ही मानती थीं। चली गईं, तब से उनका कोई पक्का समाचार नहीं मिला। पीछे एक साहब से, —जब वह यहां का बंदोबस्त करने आया था, सुना—कि जेन का पति स्मिथ साहब बड़ा पाजी है, उसने जेन का सब रुपया उड़ा डाला। वह बेचारी बड़ी दुःखी हैं। मैं यहां से क्या करता मेम साहब! शैला चुपचाप सुन रही थी। उसके मन में आंधी उठ रही थी; किंतु मुख पर धैर्य की शीतलता थी। उसने कहा—महंगू, मैं तुम्हारी मालकिन को जानती हूं। क्या अभी जीती हैं मेम साहब?—बुड्ढे ने बड़े उल्लास से पूछा। उसके हाथ का हुक्का छूटते-छूटते बचा। नहीं, वह तो मर गईं। उनकी एक लड़की है। अहा! कितनी बड़ी होगी वह! मैं एक बार देख तो पाता? अच्छा, जब समय आवेगा तो तुम देख लोगे। पहले यह तो बताओ कि मैं नील-कोठी देखना चाहती हूं; इस समय कोई वहां मेरे साथ चल सकता है? सब किसान एक-दूसरे का मुंह देखने लगे। भूतही कोठी में इस रात को कौन जाएगा। महंगू ने कहा—मैं बूढ़ा हूं, रात को सूझता कम है। मधुबन ने कहा—मेम साहब, मैं चल सकता हूं। साहस पाकर लड़के रामजस ने कहा—मैं भी चलूंगा भइया। मधुबन ने कहा—तुम्हारी इच्छा! कंधे पर अपनी लाठी रखे, मधुबन आगे, उसके पीछे शैला तब रामजस; तीनों उस चांदनी में पगडंडी से चलने लगे। चुपचाप कुछ दूर निकल जाने पर शैला ने पूछा–मधुबन, खेती से तुम्हारा काम चल जाता है? तुम्हारे घर पर और कौन है? मेम साहब! काम तो किसी तरह चलता ही है। दो-तीन बीघे की खेती ही क्या? बहन है बेचारी; न जाने कैसे सब जुटा लेती है। आज-कल तो नहीं, हां जब मटर हो जाएगी, गांवों में कोल्हू चलने ही लगे हैं, तब फिर कोई चिंता नहीं। तुम शिकार नहीं करते? ________________",181,multi_turn_paragraph,"पर उनकी बहन जेन माया-ममता की मूर्ति थी। कितने ही बार्टली के सताए हुए लोग उन्हीं के रुपए से छुटकारा पाते, जिसे वह छिपाकर देती थीं। और, मुझ पर तो उनकी बड़ी दया रहती थी। मैं उनकी नौकरी कर चुका हूं। मैं लड़कपन से ही उन्हीं की सेवा में रहता था। यह सब खेती-बाड़ी गृहस्थी उन्हीं की दी हुई है। उनके जाने के समय मैं कितना रोया था!",कहने लगा,,95,416,high,
TITLI-CAND-000169,2.1,titli_09.html,"अलाव के प्रकाश में बुड्ढे के मुख पर धृणा की दो-तीन रेखाएं गहरी हो गईं। फिर वह संभल कर कहने लगा—पर उनकी बहन जेन माया-ममता की मूर्ति थी। कितने ही बार्टली के सताए हुए लोग उन्हीं के रुपए से छुटकारा पाते, जिसे वह छिपाकर देती थीं। और, मुझ पर तो उनकी बड़ी दया रहती थी। मैं उनकी नौकरी कर चुका हूं। मैं लड़कपन से ही उन्हीं की सेवा में रहता था। यह सब खेती-बाड़ी गृहस्थी उन्हीं की दी हुई है। उनके जाने के समय मैं कितना रोया था!—कहते-कहते बुड्ढे की आखों से पुराने आंसू बहने लगे। शैला ने बात सुनने के लिए फिर कहा—तो तुम उनके पास नौकरी कर चुके हो? अच्छा तो वही नील-कोठी अरे मेम साहब, वह नील-कोठी अब काहे को है, वह तो है भुतही कोठी! अब उधर कोई जाता भी नहीं, गिर रही है। जेन के कई बच्चे वहीं मर गए हैं। वह अपने भाई से बारबार कहती कि मैं देश जाऊंगी: पर बार्टली ने जाने न दिया। जब वह मरे, तभी जेन को यहां से जाने का अवसर मिला। मुझसे कहा था कि महंगू, जब बाबा होगा, तो तुमको बुलाऊंगी उसे खेलाने के लिए, आ जाना; मैं दूसरे पर भरोसा नहीं करूंगी। मुझे ऐसा ही मानती थीं। चली गईं, तब से उनका कोई पक्का समाचार नहीं मिला। पीछे एक साहब से, —जब वह यहां का बंदोबस्त करने आया था, सुना—कि जेन का पति स्मिथ साहब बड़ा पाजी है, उसने जेन का सब रुपया उड़ा डाला। वह बेचारी बड़ी दुःखी हैं। मैं यहां से क्या करता मेम साहब! शैला चुपचाप सुन रही थी। उसके मन में आंधी उठ रही थी; किंतु मुख पर धैर्य की शीतलता थी। उसने कहा—महंगू, मैं तुम्हारी मालकिन को जानती हूं। क्या अभी जीती हैं मेम साहब?—बुड्ढे ने बड़े उल्लास से पूछा। उसके हाथ का हुक्का छूटते-छूटते बचा। नहीं, वह तो मर गईं। उनकी एक लड़की है। अहा! कितनी बड़ी होगी वह! मैं एक बार देख तो पाता? अच्छा, जब समय आवेगा तो तुम देख लोगे। पहले यह तो बताओ कि मैं नील-कोठी देखना चाहती हूं; इस समय कोई वहां मेरे साथ चल सकता है? सब किसान एक-दूसरे का मुंह देखने लगे। भूतही कोठी में इस रात को कौन जाएगा। महंगू ने कहा—मैं बूढ़ा हूं, रात को सूझता कम है। मधुबन ने कहा—मेम साहब, मैं चल सकता हूं। साहस पाकर लड़के रामजस ने कहा—मैं भी चलूंगा भइया। मधुबन ने कहा—तुम्हारी इच्छा! कंधे पर अपनी लाठी रखे, मधुबन आगे, उसके पीछे शैला तब रामजस; तीनों उस चांदनी में पगडंडी से चलने लगे। चुपचाप कुछ दूर निकल जाने पर शैला ने पूछा–मधुबन, खेती से तुम्हारा काम चल जाता है? तुम्हारे घर पर और कौन है? मेम साहब! काम तो किसी तरह चलता ही है। दो-तीन बीघे की खेती ही क्या? बहन है बेचारी; न जाने कैसे सब जुटा लेती है। आज-कल तो नहीं, हां जब मटर हो जाएगी, गांवों में कोल्हू चलने ही लगे हैं, तब फिर कोई चिंता नहीं। तुम शिकार नहीं करते? ________________",181,multi_turn_paragraph,कहते बुड्ढे की आखों से पुराने आंसू बहने लगे। शैला ने बात सुनने के लिए फिर,कहते,,422,495,high,
TITLI-CAND-000170,2.1,titli_09.html,"अलाव के प्रकाश में बुड्ढे के मुख पर धृणा की दो-तीन रेखाएं गहरी हो गईं। फिर वह संभल कर कहने लगा—पर उनकी बहन जेन माया-ममता की मूर्ति थी। कितने ही बार्टली के सताए हुए लोग उन्हीं के रुपए से छुटकारा पाते, जिसे वह छिपाकर देती थीं। और, मुझ पर तो उनकी बड़ी दया रहती थी। मैं उनकी नौकरी कर चुका हूं। मैं लड़कपन से ही उन्हीं की सेवा में रहता था। यह सब खेती-बाड़ी गृहस्थी उन्हीं की दी हुई है। उनके जाने के समय मैं कितना रोया था!—कहते-कहते बुड्ढे की आखों से पुराने आंसू बहने लगे। शैला ने बात सुनने के लिए फिर कहा—तो तुम उनके पास नौकरी कर चुके हो? अच्छा तो वही नील-कोठी अरे मेम साहब, वह नील-कोठी अब काहे को है, वह तो है भुतही कोठी! अब उधर कोई जाता भी नहीं, गिर रही है। जेन के कई बच्चे वहीं मर गए हैं। वह अपने भाई से बारबार कहती कि मैं देश जाऊंगी: पर बार्टली ने जाने न दिया। जब वह मरे, तभी जेन को यहां से जाने का अवसर मिला। मुझसे कहा था कि महंगू, जब बाबा होगा, तो तुमको बुलाऊंगी उसे खेलाने के लिए, आ जाना; मैं दूसरे पर भरोसा नहीं करूंगी। मुझे ऐसा ही मानती थीं। चली गईं, तब से उनका कोई पक्का समाचार नहीं मिला। पीछे एक साहब से, —जब वह यहां का बंदोबस्त करने आया था, सुना—कि जेन का पति स्मिथ साहब बड़ा पाजी है, उसने जेन का सब रुपया उड़ा डाला। वह बेचारी बड़ी दुःखी हैं। मैं यहां से क्या करता मेम साहब! शैला चुपचाप सुन रही थी। उसके मन में आंधी उठ रही थी; किंतु मुख पर धैर्य की शीतलता थी। उसने कहा—महंगू, मैं तुम्हारी मालकिन को जानती हूं। क्या अभी जीती हैं मेम साहब?—बुड्ढे ने बड़े उल्लास से पूछा। उसके हाथ का हुक्का छूटते-छूटते बचा। नहीं, वह तो मर गईं। उनकी एक लड़की है। अहा! कितनी बड़ी होगी वह! मैं एक बार देख तो पाता? अच्छा, जब समय आवेगा तो तुम देख लोगे। पहले यह तो बताओ कि मैं नील-कोठी देखना चाहती हूं; इस समय कोई वहां मेरे साथ चल सकता है? सब किसान एक-दूसरे का मुंह देखने लगे। भूतही कोठी में इस रात को कौन जाएगा। महंगू ने कहा—मैं बूढ़ा हूं, रात को सूझता कम है। मधुबन ने कहा—मेम साहब, मैं चल सकता हूं। साहस पाकर लड़के रामजस ने कहा—मैं भी चलूंगा भइया। मधुबन ने कहा—तुम्हारी इच्छा! कंधे पर अपनी लाठी रखे, मधुबन आगे, उसके पीछे शैला तब रामजस; तीनों उस चांदनी में पगडंडी से चलने लगे। चुपचाप कुछ दूर निकल जाने पर शैला ने पूछा–मधुबन, खेती से तुम्हारा काम चल जाता है? तुम्हारे घर पर और कौन है? मेम साहब! काम तो किसी तरह चलता ही है। दो-तीन बीघे की खेती ही क्या? बहन है बेचारी; न जाने कैसे सब जुटा लेती है। आज-कल तो नहीं, हां जब मटर हो जाएगी, गांवों में कोल्हू चलने ही लगे हैं, तब फिर कोई चिंता नहीं। तुम शिकार नहीं करते? ________________",181,multi_turn_paragraph,"तो तुम उनके पास नौकरी कर चुके हो? अच्छा तो वही नील-कोठी अरे मेम साहब, वह नील-कोठी अब काहे को है, वह तो है भुतही कोठी! अब उधर कोई जाता भी नहीं, गिर रही है। जेन के कई बच्चे वहीं मर गए हैं। वह अपने भाई से बारबार",कहा,,500,708,high,
TITLI-CAND-000171,2.1,titli_09.html,"अलाव के प्रकाश में बुड्ढे के मुख पर धृणा की दो-तीन रेखाएं गहरी हो गईं। फिर वह संभल कर कहने लगा—पर उनकी बहन जेन माया-ममता की मूर्ति थी। कितने ही बार्टली के सताए हुए लोग उन्हीं के रुपए से छुटकारा पाते, जिसे वह छिपाकर देती थीं। और, मुझ पर तो उनकी बड़ी दया रहती थी। मैं उनकी नौकरी कर चुका हूं। मैं लड़कपन से ही उन्हीं की सेवा में रहता था। यह सब खेती-बाड़ी गृहस्थी उन्हीं की दी हुई है। उनके जाने के समय मैं कितना रोया था!—कहते-कहते बुड्ढे की आखों से पुराने आंसू बहने लगे। शैला ने बात सुनने के लिए फिर कहा—तो तुम उनके पास नौकरी कर चुके हो? अच्छा तो वही नील-कोठी अरे मेम साहब, वह नील-कोठी अब काहे को है, वह तो है भुतही कोठी! अब उधर कोई जाता भी नहीं, गिर रही है। जेन के कई बच्चे वहीं मर गए हैं। वह अपने भाई से बारबार कहती कि मैं देश जाऊंगी: पर बार्टली ने जाने न दिया। जब वह मरे, तभी जेन को यहां से जाने का अवसर मिला। मुझसे कहा था कि महंगू, जब बाबा होगा, तो तुमको बुलाऊंगी उसे खेलाने के लिए, आ जाना; मैं दूसरे पर भरोसा नहीं करूंगी। मुझे ऐसा ही मानती थीं। चली गईं, तब से उनका कोई पक्का समाचार नहीं मिला। पीछे एक साहब से, —जब वह यहां का बंदोबस्त करने आया था, सुना—कि जेन का पति स्मिथ साहब बड़ा पाजी है, उसने जेन का सब रुपया उड़ा डाला। वह बेचारी बड़ी दुःखी हैं। मैं यहां से क्या करता मेम साहब! शैला चुपचाप सुन रही थी। उसके मन में आंधी उठ रही थी; किंतु मुख पर धैर्य की शीतलता थी। उसने कहा—महंगू, मैं तुम्हारी मालकिन को जानती हूं। क्या अभी जीती हैं मेम साहब?—बुड्ढे ने बड़े उल्लास से पूछा। उसके हाथ का हुक्का छूटते-छूटते बचा। नहीं, वह तो मर गईं। उनकी एक लड़की है। अहा! कितनी बड़ी होगी वह! मैं एक बार देख तो पाता? अच्छा, जब समय आवेगा तो तुम देख लोगे। पहले यह तो बताओ कि मैं नील-कोठी देखना चाहती हूं; इस समय कोई वहां मेरे साथ चल सकता है? सब किसान एक-दूसरे का मुंह देखने लगे। भूतही कोठी में इस रात को कौन जाएगा। महंगू ने कहा—मैं बूढ़ा हूं, रात को सूझता कम है। मधुबन ने कहा—मेम साहब, मैं चल सकता हूं। साहस पाकर लड़के रामजस ने कहा—मैं भी चलूंगा भइया। मधुबन ने कहा—तुम्हारी इच्छा! कंधे पर अपनी लाठी रखे, मधुबन आगे, उसके पीछे शैला तब रामजस; तीनों उस चांदनी में पगडंडी से चलने लगे। चुपचाप कुछ दूर निकल जाने पर शैला ने पूछा–मधुबन, खेती से तुम्हारा काम चल जाता है? तुम्हारे घर पर और कौन है? मेम साहब! काम तो किसी तरह चलता ही है। दो-तीन बीघे की खेती ही क्या? बहन है बेचारी; न जाने कैसे सब जुटा लेती है। आज-कल तो नहीं, हां जब मटर हो जाएगी, गांवों में कोल्हू चलने ही लगे हैं, तब फिर कोई चिंता नहीं। तुम शिकार नहीं करते? ________________",181,attribution_dash,"महंगू, मैं तुम्हारी मालकिन को जानती हूं। क्या अभी जीती हैं मेम साहब?",बुड्ढे ने बड़े उल्लास से पूछा,,1276,1344,high,
TITLI-CAND-000172,2.1,titli_09.html,"अलाव के प्रकाश में बुड्ढे के मुख पर धृणा की दो-तीन रेखाएं गहरी हो गईं। फिर वह संभल कर कहने लगा—पर उनकी बहन जेन माया-ममता की मूर्ति थी। कितने ही बार्टली के सताए हुए लोग उन्हीं के रुपए से छुटकारा पाते, जिसे वह छिपाकर देती थीं। और, मुझ पर तो उनकी बड़ी दया रहती थी। मैं उनकी नौकरी कर चुका हूं। मैं लड़कपन से ही उन्हीं की सेवा में रहता था। यह सब खेती-बाड़ी गृहस्थी उन्हीं की दी हुई है। उनके जाने के समय मैं कितना रोया था!—कहते-कहते बुड्ढे की आखों से पुराने आंसू बहने लगे। शैला ने बात सुनने के लिए फिर कहा—तो तुम उनके पास नौकरी कर चुके हो? अच्छा तो वही नील-कोठी अरे मेम साहब, वह नील-कोठी अब काहे को है, वह तो है भुतही कोठी! अब उधर कोई जाता भी नहीं, गिर रही है। जेन के कई बच्चे वहीं मर गए हैं। वह अपने भाई से बारबार कहती कि मैं देश जाऊंगी: पर बार्टली ने जाने न दिया। जब वह मरे, तभी जेन को यहां से जाने का अवसर मिला। मुझसे कहा था कि महंगू, जब बाबा होगा, तो तुमको बुलाऊंगी उसे खेलाने के लिए, आ जाना; मैं दूसरे पर भरोसा नहीं करूंगी। मुझे ऐसा ही मानती थीं। चली गईं, तब से उनका कोई पक्का समाचार नहीं मिला। पीछे एक साहब से, —जब वह यहां का बंदोबस्त करने आया था, सुना—कि जेन का पति स्मिथ साहब बड़ा पाजी है, उसने जेन का सब रुपया उड़ा डाला। वह बेचारी बड़ी दुःखी हैं। मैं यहां से क्या करता मेम साहब! शैला चुपचाप सुन रही थी। उसके मन में आंधी उठ रही थी; किंतु मुख पर धैर्य की शीतलता थी। उसने कहा—महंगू, मैं तुम्हारी मालकिन को जानती हूं। क्या अभी जीती हैं मेम साहब?—बुड्ढे ने बड़े उल्लास से पूछा। उसके हाथ का हुक्का छूटते-छूटते बचा। नहीं, वह तो मर गईं। उनकी एक लड़की है। अहा! कितनी बड़ी होगी वह! मैं एक बार देख तो पाता? अच्छा, जब समय आवेगा तो तुम देख लोगे। पहले यह तो बताओ कि मैं नील-कोठी देखना चाहती हूं; इस समय कोई वहां मेरे साथ चल सकता है? सब किसान एक-दूसरे का मुंह देखने लगे। भूतही कोठी में इस रात को कौन जाएगा। महंगू ने कहा—मैं बूढ़ा हूं, रात को सूझता कम है। मधुबन ने कहा—मेम साहब, मैं चल सकता हूं। साहस पाकर लड़के रामजस ने कहा—मैं भी चलूंगा भइया। मधुबन ने कहा—तुम्हारी इच्छा! कंधे पर अपनी लाठी रखे, मधुबन आगे, उसके पीछे शैला तब रामजस; तीनों उस चांदनी में पगडंडी से चलने लगे। चुपचाप कुछ दूर निकल जाने पर शैला ने पूछा–मधुबन, खेती से तुम्हारा काम चल जाता है? तुम्हारे घर पर और कौन है? मेम साहब! काम तो किसी तरह चलता ही है। दो-तीन बीघे की खेती ही क्या? बहन है बेचारी; न जाने कैसे सब जुटा लेती है। आज-कल तो नहीं, हां जब मटर हो जाएगी, गांवों में कोल्हू चलने ही लगे हैं, तब फिर कोई चिंता नहीं। तुम शिकार नहीं करते? ________________",181,multi_turn_paragraph,"मैं बूढ़ा हूं, रात को सूझता कम है।",महंगू ने कहा,महंगू,1708,1742,high,
TITLI-CAND-000173,2.1,titli_09.html,"अलाव के प्रकाश में बुड्ढे के मुख पर धृणा की दो-तीन रेखाएं गहरी हो गईं। फिर वह संभल कर कहने लगा—पर उनकी बहन जेन माया-ममता की मूर्ति थी। कितने ही बार्टली के सताए हुए लोग उन्हीं के रुपए से छुटकारा पाते, जिसे वह छिपाकर देती थीं। और, मुझ पर तो उनकी बड़ी दया रहती थी। मैं उनकी नौकरी कर चुका हूं। मैं लड़कपन से ही उन्हीं की सेवा में रहता था। यह सब खेती-बाड़ी गृहस्थी उन्हीं की दी हुई है। उनके जाने के समय मैं कितना रोया था!—कहते-कहते बुड्ढे की आखों से पुराने आंसू बहने लगे। शैला ने बात सुनने के लिए फिर कहा—तो तुम उनके पास नौकरी कर चुके हो? अच्छा तो वही नील-कोठी अरे मेम साहब, वह नील-कोठी अब काहे को है, वह तो है भुतही कोठी! अब उधर कोई जाता भी नहीं, गिर रही है। जेन के कई बच्चे वहीं मर गए हैं। वह अपने भाई से बारबार कहती कि मैं देश जाऊंगी: पर बार्टली ने जाने न दिया। जब वह मरे, तभी जेन को यहां से जाने का अवसर मिला। मुझसे कहा था कि महंगू, जब बाबा होगा, तो तुमको बुलाऊंगी उसे खेलाने के लिए, आ जाना; मैं दूसरे पर भरोसा नहीं करूंगी। मुझे ऐसा ही मानती थीं। चली गईं, तब से उनका कोई पक्का समाचार नहीं मिला। पीछे एक साहब से, —जब वह यहां का बंदोबस्त करने आया था, सुना—कि जेन का पति स्मिथ साहब बड़ा पाजी है, उसने जेन का सब रुपया उड़ा डाला। वह बेचारी बड़ी दुःखी हैं। मैं यहां से क्या करता मेम साहब! शैला चुपचाप सुन रही थी। उसके मन में आंधी उठ रही थी; किंतु मुख पर धैर्य की शीतलता थी। उसने कहा—महंगू, मैं तुम्हारी मालकिन को जानती हूं। क्या अभी जीती हैं मेम साहब?—बुड्ढे ने बड़े उल्लास से पूछा। उसके हाथ का हुक्का छूटते-छूटते बचा। नहीं, वह तो मर गईं। उनकी एक लड़की है। अहा! कितनी बड़ी होगी वह! मैं एक बार देख तो पाता? अच्छा, जब समय आवेगा तो तुम देख लोगे। पहले यह तो बताओ कि मैं नील-कोठी देखना चाहती हूं; इस समय कोई वहां मेरे साथ चल सकता है? सब किसान एक-दूसरे का मुंह देखने लगे। भूतही कोठी में इस रात को कौन जाएगा। महंगू ने कहा—मैं बूढ़ा हूं, रात को सूझता कम है। मधुबन ने कहा—मेम साहब, मैं चल सकता हूं। साहस पाकर लड़के रामजस ने कहा—मैं भी चलूंगा भइया। मधुबन ने कहा—तुम्हारी इच्छा! कंधे पर अपनी लाठी रखे, मधुबन आगे, उसके पीछे शैला तब रामजस; तीनों उस चांदनी में पगडंडी से चलने लगे। चुपचाप कुछ दूर निकल जाने पर शैला ने पूछा–मधुबन, खेती से तुम्हारा काम चल जाता है? तुम्हारे घर पर और कौन है? मेम साहब! काम तो किसी तरह चलता ही है। दो-तीन बीघे की खेती ही क्या? बहन है बेचारी; न जाने कैसे सब जुटा लेती है। आज-कल तो नहीं, हां जब मटर हो जाएगी, गांवों में कोल्हू चलने ही लगे हैं, तब फिर कोई चिंता नहीं। तुम शिकार नहीं करते? ________________",181,multi_turn_paragraph,"मेम साहब, मैं चल सकता हूं। साहस पाकर लड़के",मधुबन ने कहा,मधुबन,1756,1798,high,
TITLI-CAND-000174,2.1,titli_09.html,"अलाव के प्रकाश में बुड्ढे के मुख पर धृणा की दो-तीन रेखाएं गहरी हो गईं। फिर वह संभल कर कहने लगा—पर उनकी बहन जेन माया-ममता की मूर्ति थी। कितने ही बार्टली के सताए हुए लोग उन्हीं के रुपए से छुटकारा पाते, जिसे वह छिपाकर देती थीं। और, मुझ पर तो उनकी बड़ी दया रहती थी। मैं उनकी नौकरी कर चुका हूं। मैं लड़कपन से ही उन्हीं की सेवा में रहता था। यह सब खेती-बाड़ी गृहस्थी उन्हीं की दी हुई है। उनके जाने के समय मैं कितना रोया था!—कहते-कहते बुड्ढे की आखों से पुराने आंसू बहने लगे। शैला ने बात सुनने के लिए फिर कहा—तो तुम उनके पास नौकरी कर चुके हो? अच्छा तो वही नील-कोठी अरे मेम साहब, वह नील-कोठी अब काहे को है, वह तो है भुतही कोठी! अब उधर कोई जाता भी नहीं, गिर रही है। जेन के कई बच्चे वहीं मर गए हैं। वह अपने भाई से बारबार कहती कि मैं देश जाऊंगी: पर बार्टली ने जाने न दिया। जब वह मरे, तभी जेन को यहां से जाने का अवसर मिला। मुझसे कहा था कि महंगू, जब बाबा होगा, तो तुमको बुलाऊंगी उसे खेलाने के लिए, आ जाना; मैं दूसरे पर भरोसा नहीं करूंगी। मुझे ऐसा ही मानती थीं। चली गईं, तब से उनका कोई पक्का समाचार नहीं मिला। पीछे एक साहब से, —जब वह यहां का बंदोबस्त करने आया था, सुना—कि जेन का पति स्मिथ साहब बड़ा पाजी है, उसने जेन का सब रुपया उड़ा डाला। वह बेचारी बड़ी दुःखी हैं। मैं यहां से क्या करता मेम साहब! शैला चुपचाप सुन रही थी। उसके मन में आंधी उठ रही थी; किंतु मुख पर धैर्य की शीतलता थी। उसने कहा—महंगू, मैं तुम्हारी मालकिन को जानती हूं। क्या अभी जीती हैं मेम साहब?—बुड्ढे ने बड़े उल्लास से पूछा। उसके हाथ का हुक्का छूटते-छूटते बचा। नहीं, वह तो मर गईं। उनकी एक लड़की है। अहा! कितनी बड़ी होगी वह! मैं एक बार देख तो पाता? अच्छा, जब समय आवेगा तो तुम देख लोगे। पहले यह तो बताओ कि मैं नील-कोठी देखना चाहती हूं; इस समय कोई वहां मेरे साथ चल सकता है? सब किसान एक-दूसरे का मुंह देखने लगे। भूतही कोठी में इस रात को कौन जाएगा। महंगू ने कहा—मैं बूढ़ा हूं, रात को सूझता कम है। मधुबन ने कहा—मेम साहब, मैं चल सकता हूं। साहस पाकर लड़के रामजस ने कहा—मैं भी चलूंगा भइया। मधुबन ने कहा—तुम्हारी इच्छा! कंधे पर अपनी लाठी रखे, मधुबन आगे, उसके पीछे शैला तब रामजस; तीनों उस चांदनी में पगडंडी से चलने लगे। चुपचाप कुछ दूर निकल जाने पर शैला ने पूछा–मधुबन, खेती से तुम्हारा काम चल जाता है? तुम्हारे घर पर और कौन है? मेम साहब! काम तो किसी तरह चलता ही है। दो-तीन बीघे की खेती ही क्या? बहन है बेचारी; न जाने कैसे सब जुटा लेती है। आज-कल तो नहीं, हां जब मटर हो जाएगी, गांवों में कोल्हू चलने ही लगे हैं, तब फिर कोई चिंता नहीं। तुम शिकार नहीं करते? ________________",181,multi_turn_paragraph,मैं भी चलूंगा भइया।,रामजस ने कहा,रामजस,1812,1831,high,
TITLI-CAND-000175,2.1,titli_09.html,"अलाव के प्रकाश में बुड्ढे के मुख पर धृणा की दो-तीन रेखाएं गहरी हो गईं। फिर वह संभल कर कहने लगा—पर उनकी बहन जेन माया-ममता की मूर्ति थी। कितने ही बार्टली के सताए हुए लोग उन्हीं के रुपए से छुटकारा पाते, जिसे वह छिपाकर देती थीं। और, मुझ पर तो उनकी बड़ी दया रहती थी। मैं उनकी नौकरी कर चुका हूं। मैं लड़कपन से ही उन्हीं की सेवा में रहता था। यह सब खेती-बाड़ी गृहस्थी उन्हीं की दी हुई है। उनके जाने के समय मैं कितना रोया था!—कहते-कहते बुड्ढे की आखों से पुराने आंसू बहने लगे। शैला ने बात सुनने के लिए फिर कहा—तो तुम उनके पास नौकरी कर चुके हो? अच्छा तो वही नील-कोठी अरे मेम साहब, वह नील-कोठी अब काहे को है, वह तो है भुतही कोठी! अब उधर कोई जाता भी नहीं, गिर रही है। जेन के कई बच्चे वहीं मर गए हैं। वह अपने भाई से बारबार कहती कि मैं देश जाऊंगी: पर बार्टली ने जाने न दिया। जब वह मरे, तभी जेन को यहां से जाने का अवसर मिला। मुझसे कहा था कि महंगू, जब बाबा होगा, तो तुमको बुलाऊंगी उसे खेलाने के लिए, आ जाना; मैं दूसरे पर भरोसा नहीं करूंगी। मुझे ऐसा ही मानती थीं। चली गईं, तब से उनका कोई पक्का समाचार नहीं मिला। पीछे एक साहब से, —जब वह यहां का बंदोबस्त करने आया था, सुना—कि जेन का पति स्मिथ साहब बड़ा पाजी है, उसने जेन का सब रुपया उड़ा डाला। वह बेचारी बड़ी दुःखी हैं। मैं यहां से क्या करता मेम साहब! शैला चुपचाप सुन रही थी। उसके मन में आंधी उठ रही थी; किंतु मुख पर धैर्य की शीतलता थी। उसने कहा—महंगू, मैं तुम्हारी मालकिन को जानती हूं। क्या अभी जीती हैं मेम साहब?—बुड्ढे ने बड़े उल्लास से पूछा। उसके हाथ का हुक्का छूटते-छूटते बचा। नहीं, वह तो मर गईं। उनकी एक लड़की है। अहा! कितनी बड़ी होगी वह! मैं एक बार देख तो पाता? अच्छा, जब समय आवेगा तो तुम देख लोगे। पहले यह तो बताओ कि मैं नील-कोठी देखना चाहती हूं; इस समय कोई वहां मेरे साथ चल सकता है? सब किसान एक-दूसरे का मुंह देखने लगे। भूतही कोठी में इस रात को कौन जाएगा। महंगू ने कहा—मैं बूढ़ा हूं, रात को सूझता कम है। मधुबन ने कहा—मेम साहब, मैं चल सकता हूं। साहस पाकर लड़के रामजस ने कहा—मैं भी चलूंगा भइया। मधुबन ने कहा—तुम्हारी इच्छा! कंधे पर अपनी लाठी रखे, मधुबन आगे, उसके पीछे शैला तब रामजस; तीनों उस चांदनी में पगडंडी से चलने लगे। चुपचाप कुछ दूर निकल जाने पर शैला ने पूछा–मधुबन, खेती से तुम्हारा काम चल जाता है? तुम्हारे घर पर और कौन है? मेम साहब! काम तो किसी तरह चलता ही है। दो-तीन बीघे की खेती ही क्या? बहन है बेचारी; न जाने कैसे सब जुटा लेती है। आज-कल तो नहीं, हां जब मटर हो जाएगी, गांवों में कोल्हू चलने ही लगे हैं, तब फिर कोई चिंता नहीं। तुम शिकार नहीं करते? ________________",181,multi_turn_paragraph,"तुम्हारी इच्छा! कंधे पर अपनी लाठी रखे, मधुबन आगे, उसके पीछे शैला तब रामजस; तीनों उस चांदनी में पगडंडी से चलने लगे। चुपचाप कुछ दूर निकल जाने पर",मधुबन ने कहा,मधुबन,1845,1987,high,
TITLI-CAND-000176,2.1,titli_09.html,"अलाव के प्रकाश में बुड्ढे के मुख पर धृणा की दो-तीन रेखाएं गहरी हो गईं। फिर वह संभल कर कहने लगा—पर उनकी बहन जेन माया-ममता की मूर्ति थी। कितने ही बार्टली के सताए हुए लोग उन्हीं के रुपए से छुटकारा पाते, जिसे वह छिपाकर देती थीं। और, मुझ पर तो उनकी बड़ी दया रहती थी। मैं उनकी नौकरी कर चुका हूं। मैं लड़कपन से ही उन्हीं की सेवा में रहता था। यह सब खेती-बाड़ी गृहस्थी उन्हीं की दी हुई है। उनके जाने के समय मैं कितना रोया था!—कहते-कहते बुड्ढे की आखों से पुराने आंसू बहने लगे। शैला ने बात सुनने के लिए फिर कहा—तो तुम उनके पास नौकरी कर चुके हो? अच्छा तो वही नील-कोठी अरे मेम साहब, वह नील-कोठी अब काहे को है, वह तो है भुतही कोठी! अब उधर कोई जाता भी नहीं, गिर रही है। जेन के कई बच्चे वहीं मर गए हैं। वह अपने भाई से बारबार कहती कि मैं देश जाऊंगी: पर बार्टली ने जाने न दिया। जब वह मरे, तभी जेन को यहां से जाने का अवसर मिला। मुझसे कहा था कि महंगू, जब बाबा होगा, तो तुमको बुलाऊंगी उसे खेलाने के लिए, आ जाना; मैं दूसरे पर भरोसा नहीं करूंगी। मुझे ऐसा ही मानती थीं। चली गईं, तब से उनका कोई पक्का समाचार नहीं मिला। पीछे एक साहब से, —जब वह यहां का बंदोबस्त करने आया था, सुना—कि जेन का पति स्मिथ साहब बड़ा पाजी है, उसने जेन का सब रुपया उड़ा डाला। वह बेचारी बड़ी दुःखी हैं। मैं यहां से क्या करता मेम साहब! शैला चुपचाप सुन रही थी। उसके मन में आंधी उठ रही थी; किंतु मुख पर धैर्य की शीतलता थी। उसने कहा—महंगू, मैं तुम्हारी मालकिन को जानती हूं। क्या अभी जीती हैं मेम साहब?—बुड्ढे ने बड़े उल्लास से पूछा। उसके हाथ का हुक्का छूटते-छूटते बचा। नहीं, वह तो मर गईं। उनकी एक लड़की है। अहा! कितनी बड़ी होगी वह! मैं एक बार देख तो पाता? अच्छा, जब समय आवेगा तो तुम देख लोगे। पहले यह तो बताओ कि मैं नील-कोठी देखना चाहती हूं; इस समय कोई वहां मेरे साथ चल सकता है? सब किसान एक-दूसरे का मुंह देखने लगे। भूतही कोठी में इस रात को कौन जाएगा। महंगू ने कहा—मैं बूढ़ा हूं, रात को सूझता कम है। मधुबन ने कहा—मेम साहब, मैं चल सकता हूं। साहस पाकर लड़के रामजस ने कहा—मैं भी चलूंगा भइया। मधुबन ने कहा—तुम्हारी इच्छा! कंधे पर अपनी लाठी रखे, मधुबन आगे, उसके पीछे शैला तब रामजस; तीनों उस चांदनी में पगडंडी से चलने लगे। चुपचाप कुछ दूर निकल जाने पर शैला ने पूछा–मधुबन, खेती से तुम्हारा काम चल जाता है? तुम्हारे घर पर और कौन है? मेम साहब! काम तो किसी तरह चलता ही है। दो-तीन बीघे की खेती ही क्या? बहन है बेचारी; न जाने कैसे सब जुटा लेती है। आज-कल तो नहीं, हां जब मटर हो जाएगी, गांवों में कोल्हू चलने ही लगे हैं, तब फिर कोई चिंता नहीं। तुम शिकार नहीं करते? ________________",181,attribution_dash,"मधुबन, खेती से तुम्हारा काम चल जाता है? तुम्हारे घर पर और कौन है? मेम साहब! काम तो किसी तरह चलता ही है। दो-तीन बीघे की खेती ही क्या? बहन है बेचारी; न जाने कैसे सब जुटा लेती है। आज-कल तो नहीं, हां जब मटर हो जाएगी, गांवों में कोल्हू चलने ही लगे हैं, तब फिर कोई चिंता नहीं। तुम शिकार नहीं करते? ________________",शैला ने पूछा,शैला,2001,2309,high,
TITLI-CAND-000177,2.1,titli_09.html,"कभी-कभी मछली पर बंसी डाल देता हूं। और कौन शिकार करूं? बहन तुम्हारी यहीं रहती है? हां मेम साहब, उसी ने मुझे पाला है—कहते हुए मधुबन ने कहा—देखिए, यह गड्ढा है। संभलकर आइए। अब हम लोग कच्ची सड़क पर आ गए हैं। __ अच्छा मधुबन। तुमने यह तो कहा ही नहीं कि तितली कहां है, दिखाई नहीं पड़ी। उस दिन जब रामनाथ उसको लिवा ले गया, तब से तो उसका पता न लगा। उसका क्या हाल सब कठोर हैं, निर्दयी हैं—मन-ही-मन कहते हुए अन्यमनस्क भाव से मधुबन ने अपना कंधा हिला दिया? क्या मधुबन! कहते क्यों नहीं। __उसी दिन से वह बेचारी पड़ी है। उधर सुना है कि तहसीलदार ने बेदखली कराने का पूरा प्रबंध कर लिया है! मेम साहब, गरीब की कोई सुनता है? आप ही कहिए न! किसी ब्याह में रमुआ ने दस रुपए लिये। वह हल चलाता मर गया। जिसका ब्याह हुआ उस दस रुपए से, वह भी उन्हीं रुपयों में हल चलाने लगा। उसके भी लड़के यदि हल चलाने के डर से घबराकर कलकत्ता भाग जाएं, तो इसमें बाबाजी का क्या दोष है? कुछ नहीं शैला ने कहा। फिर आप तो जानती नहीं। यह तहसीलदार पहले मेरे यहां काम करता था। गोदाम वाले साहब से, एक बात पर उकसाकर, मेरे पिताजी को लड़ा दिया। मुकदमे में जब मेरा सब साफ हो गया, तो जाकर यह धामपुर की छावनी में नौकरी करने लगा। इसको दानव की तरह लड़ने का चसका है, सो भी अदालत का ही। नहीं तो किसी एक दिन इसकी लड़ने की साध मिटा देता। मैं किसी दिन इसकी नस तोड़ दूं, तो मुझे चैन मिले। इसके कलेजे में कतरनी-से कीड़े दिन-रात कलबलाया करते हैं। यह तहसीलदार तुम्हारे यहां... . अरे यह बात मैं क्रोध में कह गया मेम साहब; जो समय बीत गया, उसे सोच कर क्या करूंगा। अब तो मैं एक साधारण किसान हूं। शेरकोट का... ___चलते-चलते शैला ने कहा—क्या कहा, शेरकोट न! हां-तहसीलदार ने कहा था कि शेरकोट ही बैंक बनाने के लिए अच्छा स्थान है! कहां है वह? मधुबन गुर्रा उठा भूखे भेड़िए की तरह। उस ठंडी रात में उसे अपना क्रोध दमन करने से पसीना हो आया। बोला नहीं। शैला भी सामने एक ऊंचा-सा टीला देखकर अन्यमनस्क हो गई जो चांदनी रात में रहस्य के स्तूप-सा उदास बैठा था। रामजस सहसा पीछे से चिल्ला उठा—अब तो पहुंच गए मधुबन भइया! मधुबन ने गंभीरता से कहा हूं। शैला चुपचाप टूटी हुई सीढ़ियों से चढ़ने लगी। उस नीरस रजनी में पुरानी कोठी, बहुत दिनों के बाद तीन नए आगंतुकों को देखकर, जैसे व्यंग्य की हंसी हंसने लगी। अभी ये लोग दालान में पहुंचने भी न पाए थे कि एक सियार उसमें से निकल कर भागा। हां, भयभीत मनुष्य पहले ही आक्रमण करता है। रामजस ने डरकर उस पर डंडा चलाया। किंतु ________________",182,multi_turn_paragraph,"देखिए, यह गड्ढा है। संभलकर आइए। अब हम लोग कच्ची सड़क पर आ गए हैं। __ अच्छा मधुबन। तुमने यह तो",मधुबन ने कहा,मधुबन,137,230,high,
TITLI-CAND-000178,2.1,titli_09.html,"कभी-कभी मछली पर बंसी डाल देता हूं। और कौन शिकार करूं? बहन तुम्हारी यहीं रहती है? हां मेम साहब, उसी ने मुझे पाला है—कहते हुए मधुबन ने कहा—देखिए, यह गड्ढा है। संभलकर आइए। अब हम लोग कच्ची सड़क पर आ गए हैं। __ अच्छा मधुबन। तुमने यह तो कहा ही नहीं कि तितली कहां है, दिखाई नहीं पड़ी। उस दिन जब रामनाथ उसको लिवा ले गया, तब से तो उसका पता न लगा। उसका क्या हाल सब कठोर हैं, निर्दयी हैं—मन-ही-मन कहते हुए अन्यमनस्क भाव से मधुबन ने अपना कंधा हिला दिया? क्या मधुबन! कहते क्यों नहीं। __उसी दिन से वह बेचारी पड़ी है। उधर सुना है कि तहसीलदार ने बेदखली कराने का पूरा प्रबंध कर लिया है! मेम साहब, गरीब की कोई सुनता है? आप ही कहिए न! किसी ब्याह में रमुआ ने दस रुपए लिये। वह हल चलाता मर गया। जिसका ब्याह हुआ उस दस रुपए से, वह भी उन्हीं रुपयों में हल चलाने लगा। उसके भी लड़के यदि हल चलाने के डर से घबराकर कलकत्ता भाग जाएं, तो इसमें बाबाजी का क्या दोष है? कुछ नहीं शैला ने कहा। फिर आप तो जानती नहीं। यह तहसीलदार पहले मेरे यहां काम करता था। गोदाम वाले साहब से, एक बात पर उकसाकर, मेरे पिताजी को लड़ा दिया। मुकदमे में जब मेरा सब साफ हो गया, तो जाकर यह धामपुर की छावनी में नौकरी करने लगा। इसको दानव की तरह लड़ने का चसका है, सो भी अदालत का ही। नहीं तो किसी एक दिन इसकी लड़ने की साध मिटा देता। मैं किसी दिन इसकी नस तोड़ दूं, तो मुझे चैन मिले। इसके कलेजे में कतरनी-से कीड़े दिन-रात कलबलाया करते हैं। यह तहसीलदार तुम्हारे यहां... . अरे यह बात मैं क्रोध में कह गया मेम साहब; जो समय बीत गया, उसे सोच कर क्या करूंगा। अब तो मैं एक साधारण किसान हूं। शेरकोट का... ___चलते-चलते शैला ने कहा—क्या कहा, शेरकोट न! हां-तहसीलदार ने कहा था कि शेरकोट ही बैंक बनाने के लिए अच्छा स्थान है! कहां है वह? मधुबन गुर्रा उठा भूखे भेड़िए की तरह। उस ठंडी रात में उसे अपना क्रोध दमन करने से पसीना हो आया। बोला नहीं। शैला भी सामने एक ऊंचा-सा टीला देखकर अन्यमनस्क हो गई जो चांदनी रात में रहस्य के स्तूप-सा उदास बैठा था। रामजस सहसा पीछे से चिल्ला उठा—अब तो पहुंच गए मधुबन भइया! मधुबन ने गंभीरता से कहा हूं। शैला चुपचाप टूटी हुई सीढ़ियों से चढ़ने लगी। उस नीरस रजनी में पुरानी कोठी, बहुत दिनों के बाद तीन नए आगंतुकों को देखकर, जैसे व्यंग्य की हंसी हंसने लगी। अभी ये लोग दालान में पहुंचने भी न पाए थे कि एक सियार उसमें से निकल कर भागा। हां, भयभीत मनुष्य पहले ही आक्रमण करता है। रामजस ने डरकर उस पर डंडा चलाया। किंतु ________________",182,multi_turn_paragraph,क्या,शैला ने कहा,शैला,1454,1458,high,
TITLI-CAND-000179,2.1,titli_09.html,"कभी-कभी मछली पर बंसी डाल देता हूं। और कौन शिकार करूं? बहन तुम्हारी यहीं रहती है? हां मेम साहब, उसी ने मुझे पाला है—कहते हुए मधुबन ने कहा—देखिए, यह गड्ढा है। संभलकर आइए। अब हम लोग कच्ची सड़क पर आ गए हैं। __ अच्छा मधुबन। तुमने यह तो कहा ही नहीं कि तितली कहां है, दिखाई नहीं पड़ी। उस दिन जब रामनाथ उसको लिवा ले गया, तब से तो उसका पता न लगा। उसका क्या हाल सब कठोर हैं, निर्दयी हैं—मन-ही-मन कहते हुए अन्यमनस्क भाव से मधुबन ने अपना कंधा हिला दिया? क्या मधुबन! कहते क्यों नहीं। __उसी दिन से वह बेचारी पड़ी है। उधर सुना है कि तहसीलदार ने बेदखली कराने का पूरा प्रबंध कर लिया है! मेम साहब, गरीब की कोई सुनता है? आप ही कहिए न! किसी ब्याह में रमुआ ने दस रुपए लिये। वह हल चलाता मर गया। जिसका ब्याह हुआ उस दस रुपए से, वह भी उन्हीं रुपयों में हल चलाने लगा। उसके भी लड़के यदि हल चलाने के डर से घबराकर कलकत्ता भाग जाएं, तो इसमें बाबाजी का क्या दोष है? कुछ नहीं शैला ने कहा। फिर आप तो जानती नहीं। यह तहसीलदार पहले मेरे यहां काम करता था। गोदाम वाले साहब से, एक बात पर उकसाकर, मेरे पिताजी को लड़ा दिया। मुकदमे में जब मेरा सब साफ हो गया, तो जाकर यह धामपुर की छावनी में नौकरी करने लगा। इसको दानव की तरह लड़ने का चसका है, सो भी अदालत का ही। नहीं तो किसी एक दिन इसकी लड़ने की साध मिटा देता। मैं किसी दिन इसकी नस तोड़ दूं, तो मुझे चैन मिले। इसके कलेजे में कतरनी-से कीड़े दिन-रात कलबलाया करते हैं। यह तहसीलदार तुम्हारे यहां... . अरे यह बात मैं क्रोध में कह गया मेम साहब; जो समय बीत गया, उसे सोच कर क्या करूंगा। अब तो मैं एक साधारण किसान हूं। शेरकोट का... ___चलते-चलते शैला ने कहा—क्या कहा, शेरकोट न! हां-तहसीलदार ने कहा था कि शेरकोट ही बैंक बनाने के लिए अच्छा स्थान है! कहां है वह? मधुबन गुर्रा उठा भूखे भेड़िए की तरह। उस ठंडी रात में उसे अपना क्रोध दमन करने से पसीना हो आया। बोला नहीं। शैला भी सामने एक ऊंचा-सा टीला देखकर अन्यमनस्क हो गई जो चांदनी रात में रहस्य के स्तूप-सा उदास बैठा था। रामजस सहसा पीछे से चिल्ला उठा—अब तो पहुंच गए मधुबन भइया! मधुबन ने गंभीरता से कहा हूं। शैला चुपचाप टूटी हुई सीढ़ियों से चढ़ने लगी। उस नीरस रजनी में पुरानी कोठी, बहुत दिनों के बाद तीन नए आगंतुकों को देखकर, जैसे व्यंग्य की हंसी हंसने लगी। अभी ये लोग दालान में पहुंचने भी न पाए थे कि एक सियार उसमें से निकल कर भागा। हां, भयभीत मनुष्य पहले ही आक्रमण करता है। रामजस ने डरकर उस पर डंडा चलाया। किंतु ________________",182,attribution_dash,"क्या कहा, शेरकोट न! हां",तहसीलदार ने कहा,तहसीलदार,1454,1477,high,
TITLI-CAND-000180,2.1,titli_09.html,"वह निकल गया। शैला ने कहा—मैं भीतर चलूंगी। चलिए, पर अंधेरे में कोई जानवर. मधुबन चुप रहा। आगे उसके मन में शेरकोट में बैंक बनाने की बात आ गई। वह चुपचाप एक पत्थर पर बैठ गया। शैला भी भीतर न जाकर झील की ओर चली गई। पत्थरों की पुरानी चौकियां अभी वहां पड़ी थीं। उन्हीं में से एक पर बैठकर वह सूखती हुई झील को देखने लगी। देखते-देखते उसके मन में विषाद और करुणा का भाव जागृत होकर उसे उदास बनाने लगा। शैला को दृढ़ विश्वास हो गया कि जिस पत्थर पर वह बैठी है, उसी पर उसकी माता जेन आकर बैठती थी। अज्ञात अतीत को जानने की भावना उसे अंधकार में पूर्वपरिचितों के समीप ले जाने का प्रयत्न करने लगी। जीवन में यह विचित्र शृंखला है। जिस दिन से उसे बार्टली और जेन का संबंध इस भमि से विदित हआ. उसी दिन से उसकी मानस-लहरियों में हलचल हुई। पहले उसके हृदय ने तर्क-वितर्क किया। फिर बाल्यकाल की सुनी हुई बातों ने उसे विश्वास दिलाया कि उसकी माता जेन ने अपने जीवन के सुखी दिनों को यहीं बिताया है। अवश्य उसकी माता भारत के एक नील-व्यवसायी की कन्या थी। फिर जब उसके संबंध में यहां प्रमाण भी मिलता है, तब उसे संदेह करने का कोई कारण नहीं। अज्ञात नियति की प्रेरणा उसे किस सत्र से यहां खींच लाई है, यही उसके हृदय का प्रश्न था। वह सोचने लगी, यहां पर उसकी माता की कितनी सुखद स्मृतियां शून्य में विलीन हो गईं। आह! उसके दुःख से भरे वे अंतिम दिन कितने प्यार से इन स्थलों को स्मरण करते रहे होंगे। इसी झील में छोटी-सी नाव पर उस अतीतकाल में वह कितनी बार घूमकर इसी कोठी में लौटकर चली आई होगी। उसे कल्पना की एकाग्रता ने माता के पैरों की चाप तक सनवा दी। उसे मालम हआ कि उस खंडहर की सीढ़ियों पर सचमच कोई चढ़ रहा है। वह घूमकर खड़ी हो गई; किंतु रामजस और मधुबन के अतिरिक्त कोई नहीं दिखाई दिया। वह फिर बैठ गई और दोनों हाथों से अपना मुंह ढककर सिसकने लगी। ____ माता का प्यार उसकी स्मृति मात्र से ही उसे सहलाने लगा। उस भयावने खंडहर में माता का स्नेह जैसे बिखर रहा था। वह जीवन में पहली बार इस अनुभूति से परिचित हुई। उसे विश्वास हो गया कि यही उसका जन्म-जन्म का आवास है. आज तक वह जो सकी थी, वह सब विदेश की यात्रा थी। आखों के सामने दो घड़ी के मनोरंजन करने वाले दृश्य, सो भी उसमें कटुता की मात्रा ही अधिक थी, जो कष्ट झेलने वाली सहनशील मनोवृत्ति के निदर्शन थे। आज उसे वास्तविक विश्राम मिला। वह और भी बैठती; किंतु मधुबन ने कहा–रामजस, तुमको जाड़ा लग रहा है क्या? नहीं भइया, यही सोचता हूं कि कहीं एक चिलम... पागल, यहां से गांव में जाकर लौटने में घंटों लग जाएंगे। तो न सही—कहकर वह अपनी कमली मुट्टियों में दबाने लगा। शैला की एकाग्रता भंग हो गई। उसने पूछा–मधुबन, क्या हम लोगों को चलना चाहिए? रात बहुत हो चली, वह देखिए, सातों तारे इतने ऊपर चढ़ आए हैं। छावनी पहुंचतेपहुंचते हम लोगों को आधी रात हो जाएगी। तब चलो—कहकर शैला निस्तब्ध टीले से नीचे उतरने लगी। मधुबन और रामजस ________________",183,multi_turn_paragraph,"मैं भीतर चलूंगी। चलिए, पर अंधेरे में कोई जानवर.",शैला ने कहा,शैला,25,72,high,stopped before a recognizable narrative continuation; review boundary
TITLI-CAND-000181,2.1,titli_09.html,"वह निकल गया। शैला ने कहा—मैं भीतर चलूंगी। चलिए, पर अंधेरे में कोई जानवर. मधुबन चुप रहा। आगे उसके मन में शेरकोट में बैंक बनाने की बात आ गई। वह चुपचाप एक पत्थर पर बैठ गया। शैला भी भीतर न जाकर झील की ओर चली गई। पत्थरों की पुरानी चौकियां अभी वहां पड़ी थीं। उन्हीं में से एक पर बैठकर वह सूखती हुई झील को देखने लगी। देखते-देखते उसके मन में विषाद और करुणा का भाव जागृत होकर उसे उदास बनाने लगा। शैला को दृढ़ विश्वास हो गया कि जिस पत्थर पर वह बैठी है, उसी पर उसकी माता जेन आकर बैठती थी। अज्ञात अतीत को जानने की भावना उसे अंधकार में पूर्वपरिचितों के समीप ले जाने का प्रयत्न करने लगी। जीवन में यह विचित्र शृंखला है। जिस दिन से उसे बार्टली और जेन का संबंध इस भमि से विदित हआ. उसी दिन से उसकी मानस-लहरियों में हलचल हुई। पहले उसके हृदय ने तर्क-वितर्क किया। फिर बाल्यकाल की सुनी हुई बातों ने उसे विश्वास दिलाया कि उसकी माता जेन ने अपने जीवन के सुखी दिनों को यहीं बिताया है। अवश्य उसकी माता भारत के एक नील-व्यवसायी की कन्या थी। फिर जब उसके संबंध में यहां प्रमाण भी मिलता है, तब उसे संदेह करने का कोई कारण नहीं। अज्ञात नियति की प्रेरणा उसे किस सत्र से यहां खींच लाई है, यही उसके हृदय का प्रश्न था। वह सोचने लगी, यहां पर उसकी माता की कितनी सुखद स्मृतियां शून्य में विलीन हो गईं। आह! उसके दुःख से भरे वे अंतिम दिन कितने प्यार से इन स्थलों को स्मरण करते रहे होंगे। इसी झील में छोटी-सी नाव पर उस अतीतकाल में वह कितनी बार घूमकर इसी कोठी में लौटकर चली आई होगी। उसे कल्पना की एकाग्रता ने माता के पैरों की चाप तक सनवा दी। उसे मालम हआ कि उस खंडहर की सीढ़ियों पर सचमच कोई चढ़ रहा है। वह घूमकर खड़ी हो गई; किंतु रामजस और मधुबन के अतिरिक्त कोई नहीं दिखाई दिया। वह फिर बैठ गई और दोनों हाथों से अपना मुंह ढककर सिसकने लगी। ____ माता का प्यार उसकी स्मृति मात्र से ही उसे सहलाने लगा। उस भयावने खंडहर में माता का स्नेह जैसे बिखर रहा था। वह जीवन में पहली बार इस अनुभूति से परिचित हुई। उसे विश्वास हो गया कि यही उसका जन्म-जन्म का आवास है. आज तक वह जो सकी थी, वह सब विदेश की यात्रा थी। आखों के सामने दो घड़ी के मनोरंजन करने वाले दृश्य, सो भी उसमें कटुता की मात्रा ही अधिक थी, जो कष्ट झेलने वाली सहनशील मनोवृत्ति के निदर्शन थे। आज उसे वास्तविक विश्राम मिला। वह और भी बैठती; किंतु मधुबन ने कहा–रामजस, तुमको जाड़ा लग रहा है क्या? नहीं भइया, यही सोचता हूं कि कहीं एक चिलम... पागल, यहां से गांव में जाकर लौटने में घंटों लग जाएंगे। तो न सही—कहकर वह अपनी कमली मुट्टियों में दबाने लगा। शैला की एकाग्रता भंग हो गई। उसने पूछा–मधुबन, क्या हम लोगों को चलना चाहिए? रात बहुत हो चली, वह देखिए, सातों तारे इतने ऊपर चढ़ आए हैं। छावनी पहुंचतेपहुंचते हम लोगों को आधी रात हो जाएगी। तब चलो—कहकर शैला निस्तब्ध टीले से नीचे उतरने लगी। मधुबन और रामजस ________________",183,multi_turn_paragraph,"रामजस, तुमको जाड़ा लग रहा है क्या? नहीं भइया, यही सोचता हूं कि कहीं एक चिलम... पागल, यहां से गांव में जाकर लौटने में घंटों लग जाएंगे। तो न सही",मधुबन ने कहा,मधुबन,2054,2196,high,
TITLI-CAND-000182,2.1,titli_09.html,"वह निकल गया। शैला ने कहा—मैं भीतर चलूंगी। चलिए, पर अंधेरे में कोई जानवर. मधुबन चुप रहा। आगे उसके मन में शेरकोट में बैंक बनाने की बात आ गई। वह चुपचाप एक पत्थर पर बैठ गया। शैला भी भीतर न जाकर झील की ओर चली गई। पत्थरों की पुरानी चौकियां अभी वहां पड़ी थीं। उन्हीं में से एक पर बैठकर वह सूखती हुई झील को देखने लगी। देखते-देखते उसके मन में विषाद और करुणा का भाव जागृत होकर उसे उदास बनाने लगा। शैला को दृढ़ विश्वास हो गया कि जिस पत्थर पर वह बैठी है, उसी पर उसकी माता जेन आकर बैठती थी। अज्ञात अतीत को जानने की भावना उसे अंधकार में पूर्वपरिचितों के समीप ले जाने का प्रयत्न करने लगी। जीवन में यह विचित्र शृंखला है। जिस दिन से उसे बार्टली और जेन का संबंध इस भमि से विदित हआ. उसी दिन से उसकी मानस-लहरियों में हलचल हुई। पहले उसके हृदय ने तर्क-वितर्क किया। फिर बाल्यकाल की सुनी हुई बातों ने उसे विश्वास दिलाया कि उसकी माता जेन ने अपने जीवन के सुखी दिनों को यहीं बिताया है। अवश्य उसकी माता भारत के एक नील-व्यवसायी की कन्या थी। फिर जब उसके संबंध में यहां प्रमाण भी मिलता है, तब उसे संदेह करने का कोई कारण नहीं। अज्ञात नियति की प्रेरणा उसे किस सत्र से यहां खींच लाई है, यही उसके हृदय का प्रश्न था। वह सोचने लगी, यहां पर उसकी माता की कितनी सुखद स्मृतियां शून्य में विलीन हो गईं। आह! उसके दुःख से भरे वे अंतिम दिन कितने प्यार से इन स्थलों को स्मरण करते रहे होंगे। इसी झील में छोटी-सी नाव पर उस अतीतकाल में वह कितनी बार घूमकर इसी कोठी में लौटकर चली आई होगी। उसे कल्पना की एकाग्रता ने माता के पैरों की चाप तक सनवा दी। उसे मालम हआ कि उस खंडहर की सीढ़ियों पर सचमच कोई चढ़ रहा है। वह घूमकर खड़ी हो गई; किंतु रामजस और मधुबन के अतिरिक्त कोई नहीं दिखाई दिया। वह फिर बैठ गई और दोनों हाथों से अपना मुंह ढककर सिसकने लगी। ____ माता का प्यार उसकी स्मृति मात्र से ही उसे सहलाने लगा। उस भयावने खंडहर में माता का स्नेह जैसे बिखर रहा था। वह जीवन में पहली बार इस अनुभूति से परिचित हुई। उसे विश्वास हो गया कि यही उसका जन्म-जन्म का आवास है. आज तक वह जो सकी थी, वह सब विदेश की यात्रा थी। आखों के सामने दो घड़ी के मनोरंजन करने वाले दृश्य, सो भी उसमें कटुता की मात्रा ही अधिक थी, जो कष्ट झेलने वाली सहनशील मनोवृत्ति के निदर्शन थे। आज उसे वास्तविक विश्राम मिला। वह और भी बैठती; किंतु मधुबन ने कहा–रामजस, तुमको जाड़ा लग रहा है क्या? नहीं भइया, यही सोचता हूं कि कहीं एक चिलम... पागल, यहां से गांव में जाकर लौटने में घंटों लग जाएंगे। तो न सही—कहकर वह अपनी कमली मुट्टियों में दबाने लगा। शैला की एकाग्रता भंग हो गई। उसने पूछा–मधुबन, क्या हम लोगों को चलना चाहिए? रात बहुत हो चली, वह देखिए, सातों तारे इतने ऊपर चढ़ आए हैं। छावनी पहुंचतेपहुंचते हम लोगों को आधी रात हो जाएगी। तब चलो—कहकर शैला निस्तब्ध टीले से नीचे उतरने लगी। मधुबन और रामजस ________________",183,multi_turn_paragraph,"मधुबन, क्या हम लोगों को चलना चाहिए? रात बहुत हो चली, वह देखिए, सातों तारे इतने ऊपर चढ़ आए हैं। छावनी पहुंचतेपहुंचते हम लोगों को आधी रात हो जाएगी। तब चलो",पूछा,,2278,2430,high,
TITLI-CAND-000183,2.1,titli_09.html,"उसके आगे और पीछे थे। वह यंत्र-चालित पुतली की तरह पथ अतिक्रम कर रही थी, और मन में सोच रही थी, अपने अतीत जीवन की घटनाएं। दुर्वृत्त पिता की अत्याचार-लीलाएं फिर माता जेन का छटपटाते हुए कष्टमय जीवन से छुट्टी पाना, उस प्रभाव की भीषणता में अनाथिनी होकर भिखमंगों और आवारों के दल में जाकर पेट भरने की आरंभिक शिक्षा, धीरे-धीरे उसका अभ्यास; फिर सहसा इन्द्रदेव से भेंट—संध्या के क्रमश: प्रकाशित होने वाले नक्षत्रों की तरह उसके शून्य, मलिन और उदास अंतस्तल के आकाश में प्रज्वलित होने लगे। वह सोचने लगी नियति दुस्तर समुद्र को पार कराती है, चिरकाल के अतीत को वर्तमान से क्षण-भर में जोड़ देती है, और अपरिचित मानवता-सिंधु में से उसी एक से परिचय करा देती है, जिससे जीवन की अग्रगामिनी धारा अपना पथ निर्दिष्ट करती है। कहां भारत, कहां मैं और कहां इन्द्रदेव! और फिर तितली! जिसके कारण मझे अपनी माता की उदारता के स्वर्गीय संगीत सुनने को मिले, यह पावन प्रदेश देखने को मिला! । उसके मन में अनेक दुराशाएं जाग उठीं। आज तक वह संतुष्ट थी। अभावपूर्ण जीवन इन्द्रदेव की कृतज्ञता में आबद्ध और संतुष्ट था। किंतु इस दृश्य ने उसे कर्मक्षेत्र में उतरते के लिए एक स्पर्धामय आमंत्रण दिया। उसका सरल जीवन जैसे चतुर और सजग होने के लिए व्यस्त हो उठा। वह कच्ची सड़क से धीरे-धीरे चली जा रही थी। पीछे से मोटर की आवाज सुन पड़ी। वह हटकर चलने लगी। किंतु मोटर उसके पास आकर रुक गई। भीतर से अनवरी ने पुकारा —मिस शैला हैं क्या? हां। छावनी पर ही चल रही हैं न? आइए न। धन्यवाद। आप चलिए, मैं आती हूं। अन्यमनस्क भाव से शैला ने कह दिया। पर अनवरी सहज में छोड़ने वाली नहीं। उसने अपने पास बैठे हुए कृष्णमोहन से धीरे-से कहा —यह तुम्हारी मामी हैं; उन्हें जाकर बुला लो। शैला उस फुसफुसाहट को सुनने के लिए वहां ठहरी न थी। आगे बढ़कर कृष्णमोहन ने नमस्कार करके कहा—आइए न। शैला कृष्णमोहन का अनुरोध न टाल सकी। मोटर के प्रकाश में उसका प्यारा मुख अधिक आग्रहपूर्ण और विनीत दिखाई पड़ा। . शैला ने मधुबन से कहा—मधुबन, कल छावनी पर अवश्य आना। कृष्णमोहन के साथ शैला मोटर में बैठ गई। तहसीलदार ने कागजों पर बड़ी सरकार से हस्ताक्षर करा ही लिया; क्योंकि शैला की योजना के अनुसार किसानों का एक बैंक और एक होमियोपैथी का निःशुल्क औषधालय ________________",184,multi_turn_paragraph,"मिस शैला हैं क्या? हां। छावनी पर ही चल रही हैं न? आइए न। धन्यवाद। आप चलिए, मैं आती हूं। अन्यमनस्क भाव से शैला ने कह दिया। पर अनवरी सहज में छोड़ने वाली नहीं। उसने अपने पास बैठे हुए कृष्णमोहन से धीरे-से",अनवरी ने पुकारा,अनवरी,1253,1453,high,
TITLI-CAND-000184,2.1,titli_09.html,"उसके आगे और पीछे थे। वह यंत्र-चालित पुतली की तरह पथ अतिक्रम कर रही थी, और मन में सोच रही थी, अपने अतीत जीवन की घटनाएं। दुर्वृत्त पिता की अत्याचार-लीलाएं फिर माता जेन का छटपटाते हुए कष्टमय जीवन से छुट्टी पाना, उस प्रभाव की भीषणता में अनाथिनी होकर भिखमंगों और आवारों के दल में जाकर पेट भरने की आरंभिक शिक्षा, धीरे-धीरे उसका अभ्यास; फिर सहसा इन्द्रदेव से भेंट—संध्या के क्रमश: प्रकाशित होने वाले नक्षत्रों की तरह उसके शून्य, मलिन और उदास अंतस्तल के आकाश में प्रज्वलित होने लगे। वह सोचने लगी नियति दुस्तर समुद्र को पार कराती है, चिरकाल के अतीत को वर्तमान से क्षण-भर में जोड़ देती है, और अपरिचित मानवता-सिंधु में से उसी एक से परिचय करा देती है, जिससे जीवन की अग्रगामिनी धारा अपना पथ निर्दिष्ट करती है। कहां भारत, कहां मैं और कहां इन्द्रदेव! और फिर तितली! जिसके कारण मझे अपनी माता की उदारता के स्वर्गीय संगीत सुनने को मिले, यह पावन प्रदेश देखने को मिला! । उसके मन में अनेक दुराशाएं जाग उठीं। आज तक वह संतुष्ट थी। अभावपूर्ण जीवन इन्द्रदेव की कृतज्ञता में आबद्ध और संतुष्ट था। किंतु इस दृश्य ने उसे कर्मक्षेत्र में उतरते के लिए एक स्पर्धामय आमंत्रण दिया। उसका सरल जीवन जैसे चतुर और सजग होने के लिए व्यस्त हो उठा। वह कच्ची सड़क से धीरे-धीरे चली जा रही थी। पीछे से मोटर की आवाज सुन पड़ी। वह हटकर चलने लगी। किंतु मोटर उसके पास आकर रुक गई। भीतर से अनवरी ने पुकारा —मिस शैला हैं क्या? हां। छावनी पर ही चल रही हैं न? आइए न। धन्यवाद। आप चलिए, मैं आती हूं। अन्यमनस्क भाव से शैला ने कह दिया। पर अनवरी सहज में छोड़ने वाली नहीं। उसने अपने पास बैठे हुए कृष्णमोहन से धीरे-से कहा —यह तुम्हारी मामी हैं; उन्हें जाकर बुला लो। शैला उस फुसफुसाहट को सुनने के लिए वहां ठहरी न थी। आगे बढ़कर कृष्णमोहन ने नमस्कार करके कहा—आइए न। शैला कृष्णमोहन का अनुरोध न टाल सकी। मोटर के प्रकाश में उसका प्यारा मुख अधिक आग्रहपूर्ण और विनीत दिखाई पड़ा। . शैला ने मधुबन से कहा—मधुबन, कल छावनी पर अवश्य आना। कृष्णमोहन के साथ शैला मोटर में बैठ गई। तहसीलदार ने कागजों पर बड़ी सरकार से हस्ताक्षर करा ही लिया; क्योंकि शैला की योजना के अनुसार किसानों का एक बैंक और एक होमियोपैथी का निःशुल्क औषधालय ________________",184,multi_turn_paragraph,यह तुम्हारी मामी हैं; उन्हें जाकर बुला लो। शैला उस फुसफुसाहट को सुनने के लिए वहां ठहरी न थी। आगे बढ़कर,कहा,,1459,1561,high,
TITLI-CAND-000185,2.1,titli_09.html,"उसके आगे और पीछे थे। वह यंत्र-चालित पुतली की तरह पथ अतिक्रम कर रही थी, और मन में सोच रही थी, अपने अतीत जीवन की घटनाएं। दुर्वृत्त पिता की अत्याचार-लीलाएं फिर माता जेन का छटपटाते हुए कष्टमय जीवन से छुट्टी पाना, उस प्रभाव की भीषणता में अनाथिनी होकर भिखमंगों और आवारों के दल में जाकर पेट भरने की आरंभिक शिक्षा, धीरे-धीरे उसका अभ्यास; फिर सहसा इन्द्रदेव से भेंट—संध्या के क्रमश: प्रकाशित होने वाले नक्षत्रों की तरह उसके शून्य, मलिन और उदास अंतस्तल के आकाश में प्रज्वलित होने लगे। वह सोचने लगी नियति दुस्तर समुद्र को पार कराती है, चिरकाल के अतीत को वर्तमान से क्षण-भर में जोड़ देती है, और अपरिचित मानवता-सिंधु में से उसी एक से परिचय करा देती है, जिससे जीवन की अग्रगामिनी धारा अपना पथ निर्दिष्ट करती है। कहां भारत, कहां मैं और कहां इन्द्रदेव! और फिर तितली! जिसके कारण मझे अपनी माता की उदारता के स्वर्गीय संगीत सुनने को मिले, यह पावन प्रदेश देखने को मिला! । उसके मन में अनेक दुराशाएं जाग उठीं। आज तक वह संतुष्ट थी। अभावपूर्ण जीवन इन्द्रदेव की कृतज्ञता में आबद्ध और संतुष्ट था। किंतु इस दृश्य ने उसे कर्मक्षेत्र में उतरते के लिए एक स्पर्धामय आमंत्रण दिया। उसका सरल जीवन जैसे चतुर और सजग होने के लिए व्यस्त हो उठा। वह कच्ची सड़क से धीरे-धीरे चली जा रही थी। पीछे से मोटर की आवाज सुन पड़ी। वह हटकर चलने लगी। किंतु मोटर उसके पास आकर रुक गई। भीतर से अनवरी ने पुकारा —मिस शैला हैं क्या? हां। छावनी पर ही चल रही हैं न? आइए न। धन्यवाद। आप चलिए, मैं आती हूं। अन्यमनस्क भाव से शैला ने कह दिया। पर अनवरी सहज में छोड़ने वाली नहीं। उसने अपने पास बैठे हुए कृष्णमोहन से धीरे-से कहा —यह तुम्हारी मामी हैं; उन्हें जाकर बुला लो। शैला उस फुसफुसाहट को सुनने के लिए वहां ठहरी न थी। आगे बढ़कर कृष्णमोहन ने नमस्कार करके कहा—आइए न। शैला कृष्णमोहन का अनुरोध न टाल सकी। मोटर के प्रकाश में उसका प्यारा मुख अधिक आग्रहपूर्ण और विनीत दिखाई पड़ा। . शैला ने मधुबन से कहा—मधुबन, कल छावनी पर अवश्य आना। कृष्णमोहन के साथ शैला मोटर में बैठ गई। तहसीलदार ने कागजों पर बड़ी सरकार से हस्ताक्षर करा ही लिया; क्योंकि शैला की योजना के अनुसार किसानों का एक बैंक और एक होमियोपैथी का निःशुल्क औषधालय ________________",184,multi_turn_paragraph,आइए न। शैला कृष्णमोहन का अनुरोध न टाल सकी। मोटर के प्रकाश में उसका प्यारा मुख अधिक आग्रहपूर्ण और विनीत दिखाई पड़ा। .,कृष्णमोहन ने नमस्कार करके कहा,कृष्णमोहन,1592,1708,high,
TITLI-CAND-000186,2.1,titli_09.html,"उसके आगे और पीछे थे। वह यंत्र-चालित पुतली की तरह पथ अतिक्रम कर रही थी, और मन में सोच रही थी, अपने अतीत जीवन की घटनाएं। दुर्वृत्त पिता की अत्याचार-लीलाएं फिर माता जेन का छटपटाते हुए कष्टमय जीवन से छुट्टी पाना, उस प्रभाव की भीषणता में अनाथिनी होकर भिखमंगों और आवारों के दल में जाकर पेट भरने की आरंभिक शिक्षा, धीरे-धीरे उसका अभ्यास; फिर सहसा इन्द्रदेव से भेंट—संध्या के क्रमश: प्रकाशित होने वाले नक्षत्रों की तरह उसके शून्य, मलिन और उदास अंतस्तल के आकाश में प्रज्वलित होने लगे। वह सोचने लगी नियति दुस्तर समुद्र को पार कराती है, चिरकाल के अतीत को वर्तमान से क्षण-भर में जोड़ देती है, और अपरिचित मानवता-सिंधु में से उसी एक से परिचय करा देती है, जिससे जीवन की अग्रगामिनी धारा अपना पथ निर्दिष्ट करती है। कहां भारत, कहां मैं और कहां इन्द्रदेव! और फिर तितली! जिसके कारण मझे अपनी माता की उदारता के स्वर्गीय संगीत सुनने को मिले, यह पावन प्रदेश देखने को मिला! । उसके मन में अनेक दुराशाएं जाग उठीं। आज तक वह संतुष्ट थी। अभावपूर्ण जीवन इन्द्रदेव की कृतज्ञता में आबद्ध और संतुष्ट था। किंतु इस दृश्य ने उसे कर्मक्षेत्र में उतरते के लिए एक स्पर्धामय आमंत्रण दिया। उसका सरल जीवन जैसे चतुर और सजग होने के लिए व्यस्त हो उठा। वह कच्ची सड़क से धीरे-धीरे चली जा रही थी। पीछे से मोटर की आवाज सुन पड़ी। वह हटकर चलने लगी। किंतु मोटर उसके पास आकर रुक गई। भीतर से अनवरी ने पुकारा —मिस शैला हैं क्या? हां। छावनी पर ही चल रही हैं न? आइए न। धन्यवाद। आप चलिए, मैं आती हूं। अन्यमनस्क भाव से शैला ने कह दिया। पर अनवरी सहज में छोड़ने वाली नहीं। उसने अपने पास बैठे हुए कृष्णमोहन से धीरे-से कहा —यह तुम्हारी मामी हैं; उन्हें जाकर बुला लो। शैला उस फुसफुसाहट को सुनने के लिए वहां ठहरी न थी। आगे बढ़कर कृष्णमोहन ने नमस्कार करके कहा—आइए न। शैला कृष्णमोहन का अनुरोध न टाल सकी। मोटर के प्रकाश में उसका प्यारा मुख अधिक आग्रहपूर्ण और विनीत दिखाई पड़ा। . शैला ने मधुबन से कहा—मधुबन, कल छावनी पर अवश्य आना। कृष्णमोहन के साथ शैला मोटर में बैठ गई। तहसीलदार ने कागजों पर बड़ी सरकार से हस्ताक्षर करा ही लिया; क्योंकि शैला की योजना के अनुसार किसानों का एक बैंक और एक होमियोपैथी का निःशुल्क औषधालय ________________",184,attribution_dash,"मधुबन, कल छावनी पर अवश्य आना। कृष्णमोहन के साथ शैला मोटर में बैठ गई। तहसीलदार ने कागजों पर बड़ी सरकार से हस्ताक्षर करा ही लिया; क्योंकि शैला की योजना के अनुसार किसानों का एक बैंक और एक होमियोपैथी का निःशुल्क औषधालय ________________",शैला ने मधुबन से कहा,शैला,1730,1961,high,
TITLI-CAND-000187,2.1,titli_09.html,"सबसे पहले खुलना चाहिए। गांव का जो स्कूल है, उसे ही अधिक उन्नत बनाया जा सकता है। तीसरे दिन जहां बाजार लगता है, वहीं एक अच्छा-सा देहाती बाजार बसाना होगा, जिसमें करघे के कपड़े, अन्न, बिसाती-खाना और आवश्यक चीजें बिक सकें। गृहशिल्प को प्रोत्साहन देने के लिए वहीं से प्रयत्न किया जा सकता है। किसानों में खेतों के छोटे-छोटे टुकड़े बदलकर उनका एक जगह चक बनाना होगा, जिसमें खेती की सुविधा हो। इसके लिए जमींदार को अनेक तरह की सुविधाएं देनी होगी। यह सबसे पीछे होगा। बैंक पहले खुलना चाहिए। कलेक्टर ने इसके लिए विशेष आग्रह किया है। तहसीलदार के सुझाने पर शैला ने शेरकोट को ही बैंक के लिए अधिक उपयुक्त लिख दिया था; किंतु मधुबन के पिता की जमींदराि नीलाम खरीद हुई थी श्यामदुलारी के नाम। वह हिस्सा अभी तक उन्हीं के नाम से खेवट में था। इसलिए श्यामदुलारी ने थोड़ी-सी गर्व की हंसी हंसते हुए हस्ताक्षर करने पर कहा तहसीलदार! अब तो मुझे इससे छुट्टी दो। इन्द्र से ही जो कुछ हो, लिखवाया-पढ़वाया करो। तहसीलदार ने चश्मे में से माधुरी की ओर देखकर कहा—सरकार, यह मैं कैसे कह सकता हूं कि आप अपना अधिकार छोड़ दें। न मालूम क्या समझकर आपके नाम से बड़े सरकार ने यह हिस्सा खरीदा था। आप इसे जो चाहें कर सकती हैं। यदि आप किसी के नाम इसकी स्पष्ट लिखा-पड़ी न करें, तो यह कानून के अनुसार बीबीरानी का हो सकता है। छोटे सरकार से तो इसका कोई संबंध... श्यामदुलारी ने कड़ी निगाह से तहसीलदार को देखा। उसमें संकेत था उसे चुप करने के लिए; किंतु कूटनीति-चतुर व्यक्ति ने थोड़ी-सी संधि पाते ही, जो कुछ कहना था कह डाला! ___माधुरी इस आकस्मिक उद्घाटन से घबराकर दूसरी ओर देखने लगी थी? वह मन में सोच रही थी, मुझे क्या करना चाहिए? ___माधुरी के जीवन में प्रेम नहीं, सरलता नहीं, स्निग्धता भी उतनी न थी। स्त्री के लिए जिस कोमल स्पर्श की अत्यंत आवश्यकता होती है, वह श्यामलाल से कभी मिला नहीं। तो भी मन को किसी तरह संतोष चाहिए। पिता के घर का अधिकार ही उसके लिए मन बहलाने का खिलौना था। वह भी जानती थी कि यह वास्तविक नहीं, तो भी जब कुछ नहीं मिलता तो मानव-हृदय कृत्रिम को ही वास्तविक बनाने की चेष्टा करता है। माधुरी भी अब तक यही कर रही थी। चौबेजी कब चूकने वाले थे! उन्होंने खांसकर कहना आरंभ किया—बड़े सरकार सब समझते थे। विलायत भेजकर जो कछ होने वाला था. वह सब अपनी दर-दष्टि से देख रहे थे। इसी से उन्होंने यह प्रबंध कर दिया था, तहसीलदार साहब ने इस समय उसको प्रकट कर दिया। यह अच्छा ही किया। आगे आपकी इच्छा। ___श्यामदुलारी ऊब रही थीं; क्योंकि सब कुछ जानते हुए भी वह नहीं चाहती थीं कि उनकी दोनों संतानों में भेद का बीजारोपण हो। इन स्वयंसेवक सम्मतिदाताओं से वह घबरा गईं। माधुरी ने इस क्षोभ को ताड़ लिया। उसने कहा—इस समय तो आपका काम हो ही ________________",185,multi_turn_paragraph,"सरकार, यह मैं कैसे कह सकता हूं कि आप अपना अधिकार छोड़ दें। न मालूम क्या समझकर आपके नाम से बड़े सरकार ने यह हिस्सा खरीदा था। आप इसे जो चाहें कर सकती हैं। यदि आप किसी के नाम इसकी स्पष्ट लिखा-पड़ी न करें, तो यह कानून के अनुसार बीबीरानी का हो सकता है। छोटे सरकार से तो इसका कोई संबंध... श्यामदुलारी ने कड़ी निगाह से तहसीलदार को देखा। उसमें संकेत था उसे चुप करने के लिए; किंतु कूटनीति-चतुर व्यक्ति ने थोड़ी-सी संधि पाते ही, जो कुछ कहना था कह डाला! ___माधुरी इस आकस्मिक उद्घाटन से घबराकर दूसरी ओर देखने लगी थी?",कहा,,921,1425,high,stopped before a recognizable narrative continuation; review boundary; unusually long candidate (>500 characters); review boundaries
TITLI-CAND-000188,2.1,titli_09.html,"सबसे पहले खुलना चाहिए। गांव का जो स्कूल है, उसे ही अधिक उन्नत बनाया जा सकता है। तीसरे दिन जहां बाजार लगता है, वहीं एक अच्छा-सा देहाती बाजार बसाना होगा, जिसमें करघे के कपड़े, अन्न, बिसाती-खाना और आवश्यक चीजें बिक सकें। गृहशिल्प को प्रोत्साहन देने के लिए वहीं से प्रयत्न किया जा सकता है। किसानों में खेतों के छोटे-छोटे टुकड़े बदलकर उनका एक जगह चक बनाना होगा, जिसमें खेती की सुविधा हो। इसके लिए जमींदार को अनेक तरह की सुविधाएं देनी होगी। यह सबसे पीछे होगा। बैंक पहले खुलना चाहिए। कलेक्टर ने इसके लिए विशेष आग्रह किया है। तहसीलदार के सुझाने पर शैला ने शेरकोट को ही बैंक के लिए अधिक उपयुक्त लिख दिया था; किंतु मधुबन के पिता की जमींदराि नीलाम खरीद हुई थी श्यामदुलारी के नाम। वह हिस्सा अभी तक उन्हीं के नाम से खेवट में था। इसलिए श्यामदुलारी ने थोड़ी-सी गर्व की हंसी हंसते हुए हस्ताक्षर करने पर कहा तहसीलदार! अब तो मुझे इससे छुट्टी दो। इन्द्र से ही जो कुछ हो, लिखवाया-पढ़वाया करो। तहसीलदार ने चश्मे में से माधुरी की ओर देखकर कहा—सरकार, यह मैं कैसे कह सकता हूं कि आप अपना अधिकार छोड़ दें। न मालूम क्या समझकर आपके नाम से बड़े सरकार ने यह हिस्सा खरीदा था। आप इसे जो चाहें कर सकती हैं। यदि आप किसी के नाम इसकी स्पष्ट लिखा-पड़ी न करें, तो यह कानून के अनुसार बीबीरानी का हो सकता है। छोटे सरकार से तो इसका कोई संबंध... श्यामदुलारी ने कड़ी निगाह से तहसीलदार को देखा। उसमें संकेत था उसे चुप करने के लिए; किंतु कूटनीति-चतुर व्यक्ति ने थोड़ी-सी संधि पाते ही, जो कुछ कहना था कह डाला! ___माधुरी इस आकस्मिक उद्घाटन से घबराकर दूसरी ओर देखने लगी थी? वह मन में सोच रही थी, मुझे क्या करना चाहिए? ___माधुरी के जीवन में प्रेम नहीं, सरलता नहीं, स्निग्धता भी उतनी न थी। स्त्री के लिए जिस कोमल स्पर्श की अत्यंत आवश्यकता होती है, वह श्यामलाल से कभी मिला नहीं। तो भी मन को किसी तरह संतोष चाहिए। पिता के घर का अधिकार ही उसके लिए मन बहलाने का खिलौना था। वह भी जानती थी कि यह वास्तविक नहीं, तो भी जब कुछ नहीं मिलता तो मानव-हृदय कृत्रिम को ही वास्तविक बनाने की चेष्टा करता है। माधुरी भी अब तक यही कर रही थी। चौबेजी कब चूकने वाले थे! उन्होंने खांसकर कहना आरंभ किया—बड़े सरकार सब समझते थे। विलायत भेजकर जो कछ होने वाला था. वह सब अपनी दर-दष्टि से देख रहे थे। इसी से उन्होंने यह प्रबंध कर दिया था, तहसीलदार साहब ने इस समय उसको प्रकट कर दिया। यह अच्छा ही किया। आगे आपकी इच्छा। ___श्यामदुलारी ऊब रही थीं; क्योंकि सब कुछ जानते हुए भी वह नहीं चाहती थीं कि उनकी दोनों संतानों में भेद का बीजारोपण हो। इन स्वयंसेवक सम्मतिदाताओं से वह घबरा गईं। माधुरी ने इस क्षोभ को ताड़ लिया। उसने कहा—इस समय तो आपका काम हो ही ________________",185,attribution_dash,इस समय तो आपका काम हो ही ________________,कहा,,2338,2379,high,
TITLI-CAND-000189,2.1,titli_09.html,"गया, अब आप लोग जाइए। तहसीलदार ने सिर झुकाकर विनयपूर्वक विदा ली। चौबेजी भी बाहर चले गए। __ श्यामदुलारी के मौन हो जाने से वहां का वातावरण कुंठित-सा हो गया। माधुरी जैसे कुछ कहने में संकुचित थी। कुछ देर तक यही अवस्था बनी रही। फिर सहसा माधरी ने कहा क्यों मां। क्या सोच रही हो? यह भला कौन-सी बात है इतनी सोचने-विचारने की! ये लोग तो ऐसी व्यर्थ की बातें निकालने में बड़े चतुर हैं ही। तुमको तो यह काम पहले ही कर डालना चाहिए। किंतु क्या कर डालना चाहिए, उसे साफ-साफ माधुरी ने भी अभी नहीं सोचा था। वह केवल मन बहलाने वाली कुछ बातें करना चाहती थी। किंतु श्यामदुलारी के सामने यह एक विचारणीय प्रश्न था। उन्होंने सिर उठाकर गहरी दृष्टि से देखते हुए पूछा—क्या? ___माधुरी क्षण-भर चुप रही, तो भी उसने साहस बटोरकर कहा भाई साहब का नाम उस पर भी चढ़वा दो, झगड़ा मिटे। श्यामदुलारी ने सिर झुका लिया। वह सोचने लगी। उनके सामने एक समस्या खड़ी हो गई थी। समस्याएं तो जीवन में बहुत-सी रहती हैं, किंतु वे दूसरों के स्वार्थों और रुचि तथा करुचि के द्वारा कभी-कभी जैसे सजीव होकर जीवन के साथ लड़ने के लिए कमर कसे हए दिखाई पड़ती हैं। ___ श्यामदुलारी के सामने उनका जीवन इन चतुर लोगों की कुशल कल्पना के द्वारा निस्सहाय वैधव्य के रूप में खड़ा हो गया। दूसरी ओर थी वास्तविकता से वंचित माधुरी के कृत्रिम भावी जीवन की दीर्घकालव्यापिनी दःख रेखा। एक क्षण में ही नारी-हदय ने अपनी जाति की स ने अपनी जाति की सहानुभूति से अपने को आपाद-मस्तक ढक लिया। माधुरी की ओर देखते हुए श्यामदुलारी की औखें छलछला उठीं। उन्हें मालूम हुआ कि माधुरी उस संपत्ति को इन्द्रदेव के नाम करने का घोर विरोध कर रही है। उसकी निस्सहाय अवस्था, उसके पति की हृदय-हीनता और कृष्णमोहन का भविष्य—सब उसकी ओर से श्यामदुलारी की वृद्धि को सहायता देने लगे। ____ माधुरी ने कहने को तो कह दिया! परंतु फिर उसने आंख नहीं उठाई। सिर झुकाकर नीचे की ओर देखने लगी। श्यामदुलारी ने कहा-माधुरी, अभी इसकी आवश्यकता नहीं है। तू सब बातों में टांग मत अड़ाया कर। मैं जैसा समझूगी, करूंगी। ____माधुरी इस मीठी झिड़की से मन-ही-मन प्रसन्न हुई। वह नहाने चली गई, सो भी रूठने का-सा अभिनय करते हुए। श्यामदुलारी मन-ही-मन हंसी।",186,multi_turn_paragraph,"क्या? ___माधुरी क्षण-भर चुप रही, तो भी उसने साहस बटोरकर",पूछा,,636,691,high,
TITLI-CAND-000190,2.1,titli_09.html,"गया, अब आप लोग जाइए। तहसीलदार ने सिर झुकाकर विनयपूर्वक विदा ली। चौबेजी भी बाहर चले गए। __ श्यामदुलारी के मौन हो जाने से वहां का वातावरण कुंठित-सा हो गया। माधुरी जैसे कुछ कहने में संकुचित थी। कुछ देर तक यही अवस्था बनी रही। फिर सहसा माधरी ने कहा क्यों मां। क्या सोच रही हो? यह भला कौन-सी बात है इतनी सोचने-विचारने की! ये लोग तो ऐसी व्यर्थ की बातें निकालने में बड़े चतुर हैं ही। तुमको तो यह काम पहले ही कर डालना चाहिए। किंतु क्या कर डालना चाहिए, उसे साफ-साफ माधुरी ने भी अभी नहीं सोचा था। वह केवल मन बहलाने वाली कुछ बातें करना चाहती थी। किंतु श्यामदुलारी के सामने यह एक विचारणीय प्रश्न था। उन्होंने सिर उठाकर गहरी दृष्टि से देखते हुए पूछा—क्या? ___माधुरी क्षण-भर चुप रही, तो भी उसने साहस बटोरकर कहा भाई साहब का नाम उस पर भी चढ़वा दो, झगड़ा मिटे। श्यामदुलारी ने सिर झुका लिया। वह सोचने लगी। उनके सामने एक समस्या खड़ी हो गई थी। समस्याएं तो जीवन में बहुत-सी रहती हैं, किंतु वे दूसरों के स्वार्थों और रुचि तथा करुचि के द्वारा कभी-कभी जैसे सजीव होकर जीवन के साथ लड़ने के लिए कमर कसे हए दिखाई पड़ती हैं। ___ श्यामदुलारी के सामने उनका जीवन इन चतुर लोगों की कुशल कल्पना के द्वारा निस्सहाय वैधव्य के रूप में खड़ा हो गया। दूसरी ओर थी वास्तविकता से वंचित माधुरी के कृत्रिम भावी जीवन की दीर्घकालव्यापिनी दःख रेखा। एक क्षण में ही नारी-हदय ने अपनी जाति की स ने अपनी जाति की सहानुभूति से अपने को आपाद-मस्तक ढक लिया। माधुरी की ओर देखते हुए श्यामदुलारी की औखें छलछला उठीं। उन्हें मालूम हुआ कि माधुरी उस संपत्ति को इन्द्रदेव के नाम करने का घोर विरोध कर रही है। उसकी निस्सहाय अवस्था, उसके पति की हृदय-हीनता और कृष्णमोहन का भविष्य—सब उसकी ओर से श्यामदुलारी की वृद्धि को सहायता देने लगे। ____ माधुरी ने कहने को तो कह दिया! परंतु फिर उसने आंख नहीं उठाई। सिर झुकाकर नीचे की ओर देखने लगी। श्यामदुलारी ने कहा-माधुरी, अभी इसकी आवश्यकता नहीं है। तू सब बातों में टांग मत अड़ाया कर। मैं जैसा समझूगी, करूंगी। ____माधुरी इस मीठी झिड़की से मन-ही-मन प्रसन्न हुई। वह नहाने चली गई, सो भी रूठने का-सा अभिनय करते हुए। श्यामदुलारी मन-ही-मन हंसी।",186,attribution_dash,"माधुरी, अभी इसकी आवश्यकता नहीं है। तू सब बातों में टांग मत अड़ाया कर। मैं जैसा समझूगी, करूंगी। ____",श्यामदुलारी ने कहा,श्यामदुलारी,1681,1780,high,stopped before a recognizable narrative continuation; review boundary
TITLI-CAND-000191,2.2,titli_10.html,"सहसा एक दिन इन्द्रदेव को यह चेतना हुई कि वह जो कुछ पहले थे, अब नहीं रहे! उन्हें पहले भी कुछ-कुछ ऐसा भान होता था कि परदे पर एक दूसरा चित्र तैयारी से आने वाला है; पर उसके इतना शीघ्र आने की संभावना न थी। शैला के लिए वह बार-बार सोचने लगे थे। उसकी क्या स्थिति होगी, यही वह अभी नहीं समझ पाते थे। कभी-कभी वह शैला के संसर्ग से अपने को मुक्त करने की भी चेष्टा करने लगते—यह भी विरक्ति के कारण नहीं, केवल उसका गौरव बनाने के लिए। उनके कुटुंब वालों के मन में शैला को वेश्या से अधिक समझने की कल्पना भी नहीं हो सकती थी। यह प्रच्छन्न व्यंग्य उन्हें व्यथित कर देता था। उधर शैला भी इससे अपरिचित थी—ऐसी बात नहीं। तब भी इन्द्रदेव से अलग होने की कल्पना उसके मन में नहीं उठती थी। इसी बीच में उसने शहर में जाकर मिशनरी सोसाइटी से भी बातचीत की थी। उन लोगों ने स्कूल खोलकर शिक्षा देने के लिए उसे उकसाया। __किंतु उसने मिशनरी होना स्वीकार नहीं किया। इधर वह बाबा रामनाथ के यहां हितोपदेश पढ़ने भी जाती थी अर्थात् इन्द्रदेव और शैला दोनों ही अपने को बहलाने की चिंता में थे। वे इस उलझन को स्पष्ट करने के लिए क्या-क्या करने की बातें सोचते थे, पर एक-दूसरे से कहने में संकुचित ही नहीं, किंतु भयभीत भी थे; क्योंकि इन्द्रदेव के परिवार में घटनाएं बड़े वेग से विकसित हो रही थीं। किसी भी क्षण में विस्फोट होकर कलह प्रकट हो सकता था। इमली के पेड़ के नीचे आरामकुर्सियों पर शैला और इन्द्रदेव बैठकर एक-दूसरे को चुपचाप देख रहे थे। प्रभात की उजली धूप टेबल पर बिछे हुए रेशमी कपड़ों पर, रह-रहकर तड़प उठती थी, जिस पर धरे हुए फूलदान के गुलाबों में से एक भीनी महक उठकर उनके वातावरण को सुगंधपूर्ण कर रही थी। इन्द्रदेव ने जैसे घबराकर कहा-शैला क्या! तुम कुछ देख रही हो? सब कुछ। किंतु इतने विचारमूढ़ क्यों हो रहे हो? यही समझ में नहीं आता। तुम्हारी वह कल्पना सफल होती नहीं दिखाई देती। इसी का मुझे दुःख है। किंतु अभी हम लोगों ने उसके लिए कुछ किया भी तो नहीं। कर नहीं सकते। यह मैं नहीं मानती। तुमको कुछ मालूम है कि तुम्हारे संबंध में यहां कैसी बातें फैलाई जा रही हैं? हां! मैं रात-रात को घूमा करती हूं जो भारतीय स्त्रियों के लिए ठीक नहीं। मैं रामनाथ के यहां संस्कृत पढ़ने जाती हूं। यह भी बुरा करती हूं। और, तुमको भी बिगाड़ रही हूं। यही बात न? अच्छा, इन बातों के किसी-किसी अंश पर देखती हूं कि तुम भी अधिक ध्यान देने लगे हो। नहीं तो इतना सोचने-विचारने की क्या आवश्यकता थी? मैं इतना ही नहीं। मैं अब इसलिए चिंतित हूं कि अपना और तुम्हारा संबंध स्पष्ट कर दूं। यह ओछा अपवाद अधिक सहन नहीं किया जा सकता। किंतु मैं अभी उस प्रश्न पर विचारने की आवश्यकता ही नहीं समझती!– शैला ने ________________",188,attribution_dash,"शैला क्या! तुम कुछ देख रही हो? सब कुछ। किंतु इतने विचारमूढ़ क्यों हो रहे हो? यही समझ में नहीं आता। तुम्हारी वह कल्पना सफल होती नहीं दिखाई देती। इसी का मुझे दुःख है। किंतु अभी हम लोगों ने उसके लिए कुछ किया भी तो नहीं। कर नहीं सकते। यह मैं नहीं मानती। तुमको कुछ मालूम है कि तुम्हारे संबंध में यहां कैसी बातें फैलाई जा रही हैं? हां! मैं रात-रात को घूमा करती हूं जो भारतीय स्त्रियों के लिए ठीक नहीं। मैं रामनाथ के यहां संस्कृत पढ़ने जाती हूं। यह भी बुरा करती हूं। और, तुमको भी बिगाड़ रही हूं। यही बात न? अच्छा, इन बातों के किसी-किसी अंश पर देखती हूं कि तुम भी अधिक ध्यान देने लगे हो। नहीं तो इतना सोचने-विचारने की क्या आवश्यकता थी? मैं इतना ही नहीं। मैं अब इसलिए चिंतित हूं कि अपना और तुम्हारा संबंध स्पष्ट कर दूं। यह ओछा अपवाद अधिक सहन नहीं किया जा सकता। किंतु मैं अभी उस प्रश्न पर विचारने की आवश्यकता ही नहीं समझती!– शैला ने ________________",इन्द्रदेव ने जैसे घबराकर कहा,इन्द्रदेव,1483,2322,high,unusually long candidate (>500 characters); review boundaries
TITLI-CAND-000192,2.2,titli_10.html,"ईषत् हंसी से कहा। क्यों? तुम्हारे संसर्ग से जो मैंने सीखा है, उसका पहला पाठ यही है कि दूसरे मुझको क्या कहते हैं, इस पर इतना ध्यान देने की आवश्यकता नहीं। पहले मुझे ही अपने विषय में सच्ची जानकारी होनी चाहिए। मैं चाहती हूं कि तुम्हारी जमींदारी के दातव्य विभाग से जो खर्च स्वीकृत हुआ है, उसी में मैं अपना और औषधालय का काम चलाऊं। बैंक में भी कुछ काम कर सकू तो उससे भी कुछ मिल जाया करेगा और मेरी स्वतंत्र स्थिति इन प्रवादों को स्वयं ही स्पष्ट कर देगी। बात तो ठीक है— इन्द्रदेव ने कुछ सोचकर धीरे-से कहा। पर इसके लिए तुमको एक प्रबंध कर देना पड़ेगा। पहले मैंने सोचा था कि गांव में कई जगह कर्म-केंद्र की सष्टि हो सकती है। भिन्न-भिन्न शक्ति वाले अपने-अपने काम में जट जाएंगे। किंतु अब मैं देखती हूं कि इसमें बड़ी बाधा है, और मैं उन पर इस तरह नियंत्रण न कर सकूँगी। इसलिए बैंक और औषधालय, ग्राम सुधार और प्रचार-विभाग, सब एक ही स्थान पर हों। तो ठीक है! शेरकोट में ही सब विभागों के लिए कमरे बनवाने की व्यवस्था कर दो न! किंतु इसमें मैं एक भूल कर गई हूं। क्या उसके सुधारने का कोई उपाय नहीं है? भूल कैसी? कुछ लोग ऐसे होते हैं, जो जान-बूझकर एक रहस्यपूर्ण घटना को जन्म देते हैं। स्वयं उसमें पड़ते हैं और दूसरों को भी फंसाते हैं। मैं भी शेरकोट को बैंक के लिए चुनने में कुछ इस तरह मूर्ख बनाई गई हूं। इन्द्रदेव ने हंसते हए कहा मैं देख रहा हं कि तुम अधिक भावनामयी होती जा रही हो। यह संदेह अच्छा नहीं। शेरकोट के लिए तो मां ने सब प्रबंध कर भी दिया है। अब फिर क्या हुआ? शेरकोट एक पुराने वंश की स्मृति है। उसे मिटा देना ठीक नहीं। अभी मधुबन नाम का एक युवक उसका मालिक है। तहसीलदार से उसकी कुछ अनबनहै, इसलिए यह... मधुबन! अच्छा तो मैं क्या कर सकता हूं। तुम बैंक न भी बनवाओ, तो होता क्या है। अब तो वह बेचारा उस शेरकोट से निकाला ही जाएगा। __तुम एक बार मां से कहो न! और नीलवाली कोठी की मरम्मत करा दो, इसमें रुपए भी कम लगेंगे, और... _ निलवाली कोठी!—आश्चर्य से इन्द्रदेव ने उसकी ओर देखा। हां, क्यों? अरे वह तो भूतही कोठी कही जाती है। जहां मनुष्य नहीं रहते वहीं तो भूत रह सकेंगे? इन्द्रदेव! मैं उस कोठी को बहुत प्यार करती हूं। कब से शैला?— हंसते हुए इन्द्र ने उसका हाथ पकड़ लिया। इन्द्र। तुम नहीं जानते। मेरी मां यहीं कुछ दिनों तक रह चुकी है। इन्द्रदेव की औखें जैसे बड़ी हो गईं। उन्होंने कुर्सी से उठ खड़े होकर कहा—तुम क्या कह रही हो ?  बैठो और सुनो । मैं वही कह रही हूं जिसके मुझे सच होने का विश्वास हो रहा है। तुम  इसके लिए कुछ करो। मुझे तुमसे दान लेने में तो कोई संकोच नहीं। आज तक तुम्हारे ही  दान पर मैं जी रही हूं ; किंतु वहां रहने देकर मुझे सबसे बड़ी प्रसन्नता तुम दे सकते हो ।  और , मेरी जीविका का उपाय भी कर सकते हो ।  शैला की इस दीनता से घबराकर इन्द्रदेव ने कुर्सी खींचकर बैठते हुए कहा  शैला ! तुम काम - काज की इतनी बातें करने लगी हो कि मुझे आश्चर्य हो रहा है। जीवन  में यह परिवर्तन सहसा होता है; किंतु यह क्या ! तुम मुझको एक बार ही कोई अन्य व्यक्ति  क्यों समझ बैठी हो ? मैं तुमको दान दूंगा ? कितने आश्चर्य की बात !  यह सत्य है इन्द्रदेव ! इसे छिपाने से कोई लाभ नहीं । अवस्था ऐसी है कि अब मैं तुमसे  अलग होने की कल्पना करके दुखी होती हूं किंतु थोड़ी दूर हटे बिना काम भी नहीं चलता ।  तुमको और अपने को समान अंतर पर रखकर , कुछ दिन परीक्षा लेकर , तब मन से पूछंगी ।  क्या पूछोगी शैला  कि वह क्या चाहता है। तब तक के लिए यही प्रबंध करना ठीक होगा । मुझे काम  करना पड़ेगा , और काम किए बिना यहां रहना मेरे लिए असंभव है। अपनी रियासत में  मुझे एक नौकरी और रहने की जगह देकर मेरे बोझ से तुम इस समय के लिए छुट्टी पा  जाओ, और स्वतंत्र होकर कुछ अपने विषय में भी सोच लो ।  शैला बड़ी गंभीरता से उनकी ओर देखते हुए फिर कहने लगी - हम लोगों के पश्चिमी  जीवन का यह संस्कार है कि व्यक्ति को स्वावलंब पर खड़े होना चाहिए। तुम्हारे भारतीय  हृदय में , जो कौटुम्बिक कोमलता में पला है, परस्पर सहानुभूति की - सहायता की बड़ी  आशाएं , परंपरागत संस्कृति के कारण , बलवती रहती हैं ।किंतु मेरा जीवन कैसा रहा है,  उसे तुमसे अधिक कौन जान सकता है! मुझसे काम लो और बदले में कुछ दो ।  अच्छा , यह सब मैं कर लूंगा ; पर मधुबन के शेरकोट का क्या होगा ? मैं नहीं कहना  चाहता । मां न जाने क्या मन में सोचेंगी । जबकि उन्होंने एक बार कह दिया , तब उसके  प्रतिकूल जाना उनकी प्रकृति के विरुद्ध है। तो भी तुम स्वयं कहकर देख लो ।  यह मैं नहीं पसंद करती इन्द्रदेव ! मैं चाहती हूं कि जो कुछ कहना हो , अपनी माताजी  से तुम्हीं कहो । दूसरों से वही बात सुनने , पर जिसे कि अपनों से सुनने की आशा रहती है  मनुष्य के मन में एक ठेस लगती है । यह बात अपने घर में तुम आरंभ न करो।  देखो शैला । वह आरंभ हो चुकी है, अब उसे रोकने में असमर्थ हूं। तब भी तुम कहती  हो , तो मैं ही कहकर देखूगा कि क्या होता है । अच्छा तो जाओ, तुम्हारे हितोपदेश के पाठ  का यही समय है न ! वाह ! क्या अच्छा तुमने यह स्वांग बनाया है ।  शैला ने स्निग्ध दृष्टि से इन्द्रदेव को देखकर कहा - यह स्वांग नहीं है, मैं तुम्हारे समीप  आने का प्रयत्न कर रही हूं- तुम्हारी संस्कृति का अध्ययन करके ।  __ अनवरी को आते देखकर उल्लास से इन्द्रदेव ने कहा - शैला ! शेरकोट वाली बात  अनवरी से ही मां तक पहुंचाई जा सकती है ।  शैला प्रतिवाद करना ही चाहती थी कि अनवरी सामने आकर खड़ी हो गई। उसने  कहा - आज कई दिन से आप उधर नहीं आई हैं । सरकार पूछ रही थीं कि .. . अरे पहले बैठ तो जाइए। -कुर्सी खिसकाते हुए शैला ने कहा, मैं तो स्वयं अभी चलने के लिए तैयार हो रही थी।",189,multi_turn_paragraph,"तुम क्या कह रही हो ?  बैठो और सुनो । मैं वही कह रही हूं जिसके मुझे सच होने का विश्वास हो रहा है। तुम  इसके लिए कुछ करो। मुझे तुमसे दान लेने में तो कोई संकोच नहीं। आज तक तुम्हारे ही  दान पर मैं जी रही हूं ; किंतु वहां रहने देकर मुझे सबसे बड़ी प्रसन्नता तुम दे सकते हो ।  और , मेरी जीविका का उपाय भी कर सकते हो ।  शैला की इस दीनता से घबराकर",कहा,,2075,2413,high,
TITLI-CAND-000193,2.2,titli_10.html,"ईषत् हंसी से कहा। क्यों? तुम्हारे संसर्ग से जो मैंने सीखा है, उसका पहला पाठ यही है कि दूसरे मुझको क्या कहते हैं, इस पर इतना ध्यान देने की आवश्यकता नहीं। पहले मुझे ही अपने विषय में सच्ची जानकारी होनी चाहिए। मैं चाहती हूं कि तुम्हारी जमींदारी के दातव्य विभाग से जो खर्च स्वीकृत हुआ है, उसी में मैं अपना और औषधालय का काम चलाऊं। बैंक में भी कुछ काम कर सकू तो उससे भी कुछ मिल जाया करेगा और मेरी स्वतंत्र स्थिति इन प्रवादों को स्वयं ही स्पष्ट कर देगी। बात तो ठीक है— इन्द्रदेव ने कुछ सोचकर धीरे-से कहा। पर इसके लिए तुमको एक प्रबंध कर देना पड़ेगा। पहले मैंने सोचा था कि गांव में कई जगह कर्म-केंद्र की सष्टि हो सकती है। भिन्न-भिन्न शक्ति वाले अपने-अपने काम में जट जाएंगे। किंतु अब मैं देखती हूं कि इसमें बड़ी बाधा है, और मैं उन पर इस तरह नियंत्रण न कर सकूँगी। इसलिए बैंक और औषधालय, ग्राम सुधार और प्रचार-विभाग, सब एक ही स्थान पर हों। तो ठीक है! शेरकोट में ही सब विभागों के लिए कमरे बनवाने की व्यवस्था कर दो न! किंतु इसमें मैं एक भूल कर गई हूं। क्या उसके सुधारने का कोई उपाय नहीं है? भूल कैसी? कुछ लोग ऐसे होते हैं, जो जान-बूझकर एक रहस्यपूर्ण घटना को जन्म देते हैं। स्वयं उसमें पड़ते हैं और दूसरों को भी फंसाते हैं। मैं भी शेरकोट को बैंक के लिए चुनने में कुछ इस तरह मूर्ख बनाई गई हूं। इन्द्रदेव ने हंसते हए कहा मैं देख रहा हं कि तुम अधिक भावनामयी होती जा रही हो। यह संदेह अच्छा नहीं। शेरकोट के लिए तो मां ने सब प्रबंध कर भी दिया है। अब फिर क्या हुआ? शेरकोट एक पुराने वंश की स्मृति है। उसे मिटा देना ठीक नहीं। अभी मधुबन नाम का एक युवक उसका मालिक है। तहसीलदार से उसकी कुछ अनबनहै, इसलिए यह... मधुबन! अच्छा तो मैं क्या कर सकता हूं। तुम बैंक न भी बनवाओ, तो होता क्या है। अब तो वह बेचारा उस शेरकोट से निकाला ही जाएगा। __तुम एक बार मां से कहो न! और नीलवाली कोठी की मरम्मत करा दो, इसमें रुपए भी कम लगेंगे, और... _ निलवाली कोठी!—आश्चर्य से इन्द्रदेव ने उसकी ओर देखा। हां, क्यों? अरे वह तो भूतही कोठी कही जाती है। जहां मनुष्य नहीं रहते वहीं तो भूत रह सकेंगे? इन्द्रदेव! मैं उस कोठी को बहुत प्यार करती हूं। कब से शैला?— हंसते हुए इन्द्र ने उसका हाथ पकड़ लिया। इन्द्र। तुम नहीं जानते। मेरी मां यहीं कुछ दिनों तक रह चुकी है। इन्द्रदेव की औखें जैसे बड़ी हो गईं। उन्होंने कुर्सी से उठ खड़े होकर कहा—तुम क्या कह रही हो ?  बैठो और सुनो । मैं वही कह रही हूं जिसके मुझे सच होने का विश्वास हो रहा है। तुम  इसके लिए कुछ करो। मुझे तुमसे दान लेने में तो कोई संकोच नहीं। आज तक तुम्हारे ही  दान पर मैं जी रही हूं ; किंतु वहां रहने देकर मुझे सबसे बड़ी प्रसन्नता तुम दे सकते हो ।  और , मेरी जीविका का उपाय भी कर सकते हो ।  शैला की इस दीनता से घबराकर इन्द्रदेव ने कुर्सी खींचकर बैठते हुए कहा  शैला ! तुम काम - काज की इतनी बातें करने लगी हो कि मुझे आश्चर्य हो रहा है। जीवन  में यह परिवर्तन सहसा होता है; किंतु यह क्या ! तुम मुझको एक बार ही कोई अन्य व्यक्ति  क्यों समझ बैठी हो ? मैं तुमको दान दूंगा ? कितने आश्चर्य की बात !  यह सत्य है इन्द्रदेव ! इसे छिपाने से कोई लाभ नहीं । अवस्था ऐसी है कि अब मैं तुमसे  अलग होने की कल्पना करके दुखी होती हूं किंतु थोड़ी दूर हटे बिना काम भी नहीं चलता ।  तुमको और अपने को समान अंतर पर रखकर , कुछ दिन परीक्षा लेकर , तब मन से पूछंगी ।  क्या पूछोगी शैला  कि वह क्या चाहता है। तब तक के लिए यही प्रबंध करना ठीक होगा । मुझे काम  करना पड़ेगा , और काम किए बिना यहां रहना मेरे लिए असंभव है। अपनी रियासत में  मुझे एक नौकरी और रहने की जगह देकर मेरे बोझ से तुम इस समय के लिए छुट्टी पा  जाओ, और स्वतंत्र होकर कुछ अपने विषय में भी सोच लो ।  शैला बड़ी गंभीरता से उनकी ओर देखते हुए फिर कहने लगी - हम लोगों के पश्चिमी  जीवन का यह संस्कार है कि व्यक्ति को स्वावलंब पर खड़े होना चाहिए। तुम्हारे भारतीय  हृदय में , जो कौटुम्बिक कोमलता में पला है, परस्पर सहानुभूति की - सहायता की बड़ी  आशाएं , परंपरागत संस्कृति के कारण , बलवती रहती हैं ।किंतु मेरा जीवन कैसा रहा है,  उसे तुमसे अधिक कौन जान सकता है! मुझसे काम लो और बदले में कुछ दो ।  अच्छा , यह सब मैं कर लूंगा ; पर मधुबन के शेरकोट का क्या होगा ? मैं नहीं कहना  चाहता । मां न जाने क्या मन में सोचेंगी । जबकि उन्होंने एक बार कह दिया , तब उसके  प्रतिकूल जाना उनकी प्रकृति के विरुद्ध है। तो भी तुम स्वयं कहकर देख लो ।  यह मैं नहीं पसंद करती इन्द्रदेव ! मैं चाहती हूं कि जो कुछ कहना हो , अपनी माताजी  से तुम्हीं कहो । दूसरों से वही बात सुनने , पर जिसे कि अपनों से सुनने की आशा रहती है  मनुष्य के मन में एक ठेस लगती है । यह बात अपने घर में तुम आरंभ न करो।  देखो शैला । वह आरंभ हो चुकी है, अब उसे रोकने में असमर्थ हूं। तब भी तुम कहती  हो , तो मैं ही कहकर देखूगा कि क्या होता है । अच्छा तो जाओ, तुम्हारे हितोपदेश के पाठ  का यही समय है न ! वाह ! क्या अच्छा तुमने यह स्वांग बनाया है ।  शैला ने स्निग्ध दृष्टि से इन्द्रदेव को देखकर कहा - यह स्वांग नहीं है, मैं तुम्हारे समीप  आने का प्रयत्न कर रही हूं- तुम्हारी संस्कृति का अध्ययन करके ।  __ अनवरी को आते देखकर उल्लास से इन्द्रदेव ने कहा - शैला ! शेरकोट वाली बात  अनवरी से ही मां तक पहुंचाई जा सकती है ।  शैला प्रतिवाद करना ही चाहती थी कि अनवरी सामने आकर खड़ी हो गई। उसने  कहा - आज कई दिन से आप उधर नहीं आई हैं । सरकार पूछ रही थीं कि .. . अरे पहले बैठ तो जाइए। -कुर्सी खिसकाते हुए शैला ने कहा, मैं तो स्वयं अभी चलने के लिए तैयार हो रही थी।",189,multi_turn_paragraph,"हम लोगों के पश्चिमी  जीवन का यह संस्कार है कि व्यक्ति को स्वावलंब पर खड़े होना चाहिए। तुम्हारे भारतीय  हृदय में , जो कौटुम्बिक कोमलता में पला है, परस्पर सहानुभूति की - सहायता की बड़ी  आशाएं , परंपरागत संस्कृति के कारण , बलवती रहती हैं ।किंतु मेरा जीवन कैसा रहा है,  उसे तुमसे अधिक कौन जान सकता है! मुझसे काम लो और बदले में कुछ दो ।  अच्छा , यह सब मैं कर लूंगा ; पर मधुबन के शेरकोट का क्या होगा ? मैं नहीं कहना  चाहता । मां न जाने क्या मन में सोचेंगी । जबकि उन्होंने एक बार कह दिया , तब उसके  प्रतिकूल जाना उनकी प्रकृति के विरुद्ध है। तो भी तुम स्वयं",कहने लगी,,3278,3827,high,unusually long candidate (>500 characters); review boundaries
TITLI-CAND-000194,2.2,titli_10.html,"ईषत् हंसी से कहा। क्यों? तुम्हारे संसर्ग से जो मैंने सीखा है, उसका पहला पाठ यही है कि दूसरे मुझको क्या कहते हैं, इस पर इतना ध्यान देने की आवश्यकता नहीं। पहले मुझे ही अपने विषय में सच्ची जानकारी होनी चाहिए। मैं चाहती हूं कि तुम्हारी जमींदारी के दातव्य विभाग से जो खर्च स्वीकृत हुआ है, उसी में मैं अपना और औषधालय का काम चलाऊं। बैंक में भी कुछ काम कर सकू तो उससे भी कुछ मिल जाया करेगा और मेरी स्वतंत्र स्थिति इन प्रवादों को स्वयं ही स्पष्ट कर देगी। बात तो ठीक है— इन्द्रदेव ने कुछ सोचकर धीरे-से कहा। पर इसके लिए तुमको एक प्रबंध कर देना पड़ेगा। पहले मैंने सोचा था कि गांव में कई जगह कर्म-केंद्र की सष्टि हो सकती है। भिन्न-भिन्न शक्ति वाले अपने-अपने काम में जट जाएंगे। किंतु अब मैं देखती हूं कि इसमें बड़ी बाधा है, और मैं उन पर इस तरह नियंत्रण न कर सकूँगी। इसलिए बैंक और औषधालय, ग्राम सुधार और प्रचार-विभाग, सब एक ही स्थान पर हों। तो ठीक है! शेरकोट में ही सब विभागों के लिए कमरे बनवाने की व्यवस्था कर दो न! किंतु इसमें मैं एक भूल कर गई हूं। क्या उसके सुधारने का कोई उपाय नहीं है? भूल कैसी? कुछ लोग ऐसे होते हैं, जो जान-बूझकर एक रहस्यपूर्ण घटना को जन्म देते हैं। स्वयं उसमें पड़ते हैं और दूसरों को भी फंसाते हैं। मैं भी शेरकोट को बैंक के लिए चुनने में कुछ इस तरह मूर्ख बनाई गई हूं। इन्द्रदेव ने हंसते हए कहा मैं देख रहा हं कि तुम अधिक भावनामयी होती जा रही हो। यह संदेह अच्छा नहीं। शेरकोट के लिए तो मां ने सब प्रबंध कर भी दिया है। अब फिर क्या हुआ? शेरकोट एक पुराने वंश की स्मृति है। उसे मिटा देना ठीक नहीं। अभी मधुबन नाम का एक युवक उसका मालिक है। तहसीलदार से उसकी कुछ अनबनहै, इसलिए यह... मधुबन! अच्छा तो मैं क्या कर सकता हूं। तुम बैंक न भी बनवाओ, तो होता क्या है। अब तो वह बेचारा उस शेरकोट से निकाला ही जाएगा। __तुम एक बार मां से कहो न! और नीलवाली कोठी की मरम्मत करा दो, इसमें रुपए भी कम लगेंगे, और... _ निलवाली कोठी!—आश्चर्य से इन्द्रदेव ने उसकी ओर देखा। हां, क्यों? अरे वह तो भूतही कोठी कही जाती है। जहां मनुष्य नहीं रहते वहीं तो भूत रह सकेंगे? इन्द्रदेव! मैं उस कोठी को बहुत प्यार करती हूं। कब से शैला?— हंसते हुए इन्द्र ने उसका हाथ पकड़ लिया। इन्द्र। तुम नहीं जानते। मेरी मां यहीं कुछ दिनों तक रह चुकी है। इन्द्रदेव की औखें जैसे बड़ी हो गईं। उन्होंने कुर्सी से उठ खड़े होकर कहा—तुम क्या कह रही हो ?  बैठो और सुनो । मैं वही कह रही हूं जिसके मुझे सच होने का विश्वास हो रहा है। तुम  इसके लिए कुछ करो। मुझे तुमसे दान लेने में तो कोई संकोच नहीं। आज तक तुम्हारे ही  दान पर मैं जी रही हूं ; किंतु वहां रहने देकर मुझे सबसे बड़ी प्रसन्नता तुम दे सकते हो ।  और , मेरी जीविका का उपाय भी कर सकते हो ।  शैला की इस दीनता से घबराकर इन्द्रदेव ने कुर्सी खींचकर बैठते हुए कहा  शैला ! तुम काम - काज की इतनी बातें करने लगी हो कि मुझे आश्चर्य हो रहा है। जीवन  में यह परिवर्तन सहसा होता है; किंतु यह क्या ! तुम मुझको एक बार ही कोई अन्य व्यक्ति  क्यों समझ बैठी हो ? मैं तुमको दान दूंगा ? कितने आश्चर्य की बात !  यह सत्य है इन्द्रदेव ! इसे छिपाने से कोई लाभ नहीं । अवस्था ऐसी है कि अब मैं तुमसे  अलग होने की कल्पना करके दुखी होती हूं किंतु थोड़ी दूर हटे बिना काम भी नहीं चलता ।  तुमको और अपने को समान अंतर पर रखकर , कुछ दिन परीक्षा लेकर , तब मन से पूछंगी ।  क्या पूछोगी शैला  कि वह क्या चाहता है। तब तक के लिए यही प्रबंध करना ठीक होगा । मुझे काम  करना पड़ेगा , और काम किए बिना यहां रहना मेरे लिए असंभव है। अपनी रियासत में  मुझे एक नौकरी और रहने की जगह देकर मेरे बोझ से तुम इस समय के लिए छुट्टी पा  जाओ, और स्वतंत्र होकर कुछ अपने विषय में भी सोच लो ।  शैला बड़ी गंभीरता से उनकी ओर देखते हुए फिर कहने लगी - हम लोगों के पश्चिमी  जीवन का यह संस्कार है कि व्यक्ति को स्वावलंब पर खड़े होना चाहिए। तुम्हारे भारतीय  हृदय में , जो कौटुम्बिक कोमलता में पला है, परस्पर सहानुभूति की - सहायता की बड़ी  आशाएं , परंपरागत संस्कृति के कारण , बलवती रहती हैं ।किंतु मेरा जीवन कैसा रहा है,  उसे तुमसे अधिक कौन जान सकता है! मुझसे काम लो और बदले में कुछ दो ।  अच्छा , यह सब मैं कर लूंगा ; पर मधुबन के शेरकोट का क्या होगा ? मैं नहीं कहना  चाहता । मां न जाने क्या मन में सोचेंगी । जबकि उन्होंने एक बार कह दिया , तब उसके  प्रतिकूल जाना उनकी प्रकृति के विरुद्ध है। तो भी तुम स्वयं कहकर देख लो ।  यह मैं नहीं पसंद करती इन्द्रदेव ! मैं चाहती हूं कि जो कुछ कहना हो , अपनी माताजी  से तुम्हीं कहो । दूसरों से वही बात सुनने , पर जिसे कि अपनों से सुनने की आशा रहती है  मनुष्य के मन में एक ठेस लगती है । यह बात अपने घर में तुम आरंभ न करो।  देखो शैला । वह आरंभ हो चुकी है, अब उसे रोकने में असमर्थ हूं। तब भी तुम कहती  हो , तो मैं ही कहकर देखूगा कि क्या होता है । अच्छा तो जाओ, तुम्हारे हितोपदेश के पाठ  का यही समय है न ! वाह ! क्या अच्छा तुमने यह स्वांग बनाया है ।  शैला ने स्निग्ध दृष्टि से इन्द्रदेव को देखकर कहा - यह स्वांग नहीं है, मैं तुम्हारे समीप  आने का प्रयत्न कर रही हूं- तुम्हारी संस्कृति का अध्ययन करके ।  __ अनवरी को आते देखकर उल्लास से इन्द्रदेव ने कहा - शैला ! शेरकोट वाली बात  अनवरी से ही मां तक पहुंचाई जा सकती है ।  शैला प्रतिवाद करना ही चाहती थी कि अनवरी सामने आकर खड़ी हो गई। उसने  कहा - आज कई दिन से आप उधर नहीं आई हैं । सरकार पूछ रही थीं कि .. . अरे पहले बैठ तो जाइए। -कुर्सी खिसकाते हुए शैला ने कहा, मैं तो स्वयं अभी चलने के लिए तैयार हो रही थी।",189,multi_turn_paragraph,"यह स्वांग नहीं है, मैं तुम्हारे समीप  आने का प्रयत्न कर रही हूं- तुम्हारी संस्कृति का अध्ययन करके ।  __ अनवरी को आते देखकर उल्लास से",कहा,,4355,4487,high,
TITLI-CAND-000195,2.2,titli_10.html,"ईषत् हंसी से कहा। क्यों? तुम्हारे संसर्ग से जो मैंने सीखा है, उसका पहला पाठ यही है कि दूसरे मुझको क्या कहते हैं, इस पर इतना ध्यान देने की आवश्यकता नहीं। पहले मुझे ही अपने विषय में सच्ची जानकारी होनी चाहिए। मैं चाहती हूं कि तुम्हारी जमींदारी के दातव्य विभाग से जो खर्च स्वीकृत हुआ है, उसी में मैं अपना और औषधालय का काम चलाऊं। बैंक में भी कुछ काम कर सकू तो उससे भी कुछ मिल जाया करेगा और मेरी स्वतंत्र स्थिति इन प्रवादों को स्वयं ही स्पष्ट कर देगी। बात तो ठीक है— इन्द्रदेव ने कुछ सोचकर धीरे-से कहा। पर इसके लिए तुमको एक प्रबंध कर देना पड़ेगा। पहले मैंने सोचा था कि गांव में कई जगह कर्म-केंद्र की सष्टि हो सकती है। भिन्न-भिन्न शक्ति वाले अपने-अपने काम में जट जाएंगे। किंतु अब मैं देखती हूं कि इसमें बड़ी बाधा है, और मैं उन पर इस तरह नियंत्रण न कर सकूँगी। इसलिए बैंक और औषधालय, ग्राम सुधार और प्रचार-विभाग, सब एक ही स्थान पर हों। तो ठीक है! शेरकोट में ही सब विभागों के लिए कमरे बनवाने की व्यवस्था कर दो न! किंतु इसमें मैं एक भूल कर गई हूं। क्या उसके सुधारने का कोई उपाय नहीं है? भूल कैसी? कुछ लोग ऐसे होते हैं, जो जान-बूझकर एक रहस्यपूर्ण घटना को जन्म देते हैं। स्वयं उसमें पड़ते हैं और दूसरों को भी फंसाते हैं। मैं भी शेरकोट को बैंक के लिए चुनने में कुछ इस तरह मूर्ख बनाई गई हूं। इन्द्रदेव ने हंसते हए कहा मैं देख रहा हं कि तुम अधिक भावनामयी होती जा रही हो। यह संदेह अच्छा नहीं। शेरकोट के लिए तो मां ने सब प्रबंध कर भी दिया है। अब फिर क्या हुआ? शेरकोट एक पुराने वंश की स्मृति है। उसे मिटा देना ठीक नहीं। अभी मधुबन नाम का एक युवक उसका मालिक है। तहसीलदार से उसकी कुछ अनबनहै, इसलिए यह... मधुबन! अच्छा तो मैं क्या कर सकता हूं। तुम बैंक न भी बनवाओ, तो होता क्या है। अब तो वह बेचारा उस शेरकोट से निकाला ही जाएगा। __तुम एक बार मां से कहो न! और नीलवाली कोठी की मरम्मत करा दो, इसमें रुपए भी कम लगेंगे, और... _ निलवाली कोठी!—आश्चर्य से इन्द्रदेव ने उसकी ओर देखा। हां, क्यों? अरे वह तो भूतही कोठी कही जाती है। जहां मनुष्य नहीं रहते वहीं तो भूत रह सकेंगे? इन्द्रदेव! मैं उस कोठी को बहुत प्यार करती हूं। कब से शैला?— हंसते हुए इन्द्र ने उसका हाथ पकड़ लिया। इन्द्र। तुम नहीं जानते। मेरी मां यहीं कुछ दिनों तक रह चुकी है। इन्द्रदेव की औखें जैसे बड़ी हो गईं। उन्होंने कुर्सी से उठ खड़े होकर कहा—तुम क्या कह रही हो ?  बैठो और सुनो । मैं वही कह रही हूं जिसके मुझे सच होने का विश्वास हो रहा है। तुम  इसके लिए कुछ करो। मुझे तुमसे दान लेने में तो कोई संकोच नहीं। आज तक तुम्हारे ही  दान पर मैं जी रही हूं ; किंतु वहां रहने देकर मुझे सबसे बड़ी प्रसन्नता तुम दे सकते हो ।  और , मेरी जीविका का उपाय भी कर सकते हो ।  शैला की इस दीनता से घबराकर इन्द्रदेव ने कुर्सी खींचकर बैठते हुए कहा  शैला ! तुम काम - काज की इतनी बातें करने लगी हो कि मुझे आश्चर्य हो रहा है। जीवन  में यह परिवर्तन सहसा होता है; किंतु यह क्या ! तुम मुझको एक बार ही कोई अन्य व्यक्ति  क्यों समझ बैठी हो ? मैं तुमको दान दूंगा ? कितने आश्चर्य की बात !  यह सत्य है इन्द्रदेव ! इसे छिपाने से कोई लाभ नहीं । अवस्था ऐसी है कि अब मैं तुमसे  अलग होने की कल्पना करके दुखी होती हूं किंतु थोड़ी दूर हटे बिना काम भी नहीं चलता ।  तुमको और अपने को समान अंतर पर रखकर , कुछ दिन परीक्षा लेकर , तब मन से पूछंगी ।  क्या पूछोगी शैला  कि वह क्या चाहता है। तब तक के लिए यही प्रबंध करना ठीक होगा । मुझे काम  करना पड़ेगा , और काम किए बिना यहां रहना मेरे लिए असंभव है। अपनी रियासत में  मुझे एक नौकरी और रहने की जगह देकर मेरे बोझ से तुम इस समय के लिए छुट्टी पा  जाओ, और स्वतंत्र होकर कुछ अपने विषय में भी सोच लो ।  शैला बड़ी गंभीरता से उनकी ओर देखते हुए फिर कहने लगी - हम लोगों के पश्चिमी  जीवन का यह संस्कार है कि व्यक्ति को स्वावलंब पर खड़े होना चाहिए। तुम्हारे भारतीय  हृदय में , जो कौटुम्बिक कोमलता में पला है, परस्पर सहानुभूति की - सहायता की बड़ी  आशाएं , परंपरागत संस्कृति के कारण , बलवती रहती हैं ।किंतु मेरा जीवन कैसा रहा है,  उसे तुमसे अधिक कौन जान सकता है! मुझसे काम लो और बदले में कुछ दो ।  अच्छा , यह सब मैं कर लूंगा ; पर मधुबन के शेरकोट का क्या होगा ? मैं नहीं कहना  चाहता । मां न जाने क्या मन में सोचेंगी । जबकि उन्होंने एक बार कह दिया , तब उसके  प्रतिकूल जाना उनकी प्रकृति के विरुद्ध है। तो भी तुम स्वयं कहकर देख लो ।  यह मैं नहीं पसंद करती इन्द्रदेव ! मैं चाहती हूं कि जो कुछ कहना हो , अपनी माताजी  से तुम्हीं कहो । दूसरों से वही बात सुनने , पर जिसे कि अपनों से सुनने की आशा रहती है  मनुष्य के मन में एक ठेस लगती है । यह बात अपने घर में तुम आरंभ न करो।  देखो शैला । वह आरंभ हो चुकी है, अब उसे रोकने में असमर्थ हूं। तब भी तुम कहती  हो , तो मैं ही कहकर देखूगा कि क्या होता है । अच्छा तो जाओ, तुम्हारे हितोपदेश के पाठ  का यही समय है न ! वाह ! क्या अच्छा तुमने यह स्वांग बनाया है ।  शैला ने स्निग्ध दृष्टि से इन्द्रदेव को देखकर कहा - यह स्वांग नहीं है, मैं तुम्हारे समीप  आने का प्रयत्न कर रही हूं- तुम्हारी संस्कृति का अध्ययन करके ।  __ अनवरी को आते देखकर उल्लास से इन्द्रदेव ने कहा - शैला ! शेरकोट वाली बात  अनवरी से ही मां तक पहुंचाई जा सकती है ।  शैला प्रतिवाद करना ही चाहती थी कि अनवरी सामने आकर खड़ी हो गई। उसने  कहा - आज कई दिन से आप उधर नहीं आई हैं । सरकार पूछ रही थीं कि .. . अरे पहले बैठ तो जाइए। -कुर्सी खिसकाते हुए शैला ने कहा, मैं तो स्वयं अभी चलने के लिए तैयार हो रही थी।",189,multi_turn_paragraph,शैला ! शेरकोट वाली बात  अनवरी से ही मां तक पहुंचाई जा सकती है ।  शैला प्रतिवाद करना ही चाहती थी कि अनवरी सामने आकर खड़ी हो गई। उसने,इन्द्रदेव ने कहा,इन्द्रदेव,4507,4638,high,
TITLI-CAND-000196,2.2,titli_10.html,"ईषत् हंसी से कहा। क्यों? तुम्हारे संसर्ग से जो मैंने सीखा है, उसका पहला पाठ यही है कि दूसरे मुझको क्या कहते हैं, इस पर इतना ध्यान देने की आवश्यकता नहीं। पहले मुझे ही अपने विषय में सच्ची जानकारी होनी चाहिए। मैं चाहती हूं कि तुम्हारी जमींदारी के दातव्य विभाग से जो खर्च स्वीकृत हुआ है, उसी में मैं अपना और औषधालय का काम चलाऊं। बैंक में भी कुछ काम कर सकू तो उससे भी कुछ मिल जाया करेगा और मेरी स्वतंत्र स्थिति इन प्रवादों को स्वयं ही स्पष्ट कर देगी। बात तो ठीक है— इन्द्रदेव ने कुछ सोचकर धीरे-से कहा। पर इसके लिए तुमको एक प्रबंध कर देना पड़ेगा। पहले मैंने सोचा था कि गांव में कई जगह कर्म-केंद्र की सष्टि हो सकती है। भिन्न-भिन्न शक्ति वाले अपने-अपने काम में जट जाएंगे। किंतु अब मैं देखती हूं कि इसमें बड़ी बाधा है, और मैं उन पर इस तरह नियंत्रण न कर सकूँगी। इसलिए बैंक और औषधालय, ग्राम सुधार और प्रचार-विभाग, सब एक ही स्थान पर हों। तो ठीक है! शेरकोट में ही सब विभागों के लिए कमरे बनवाने की व्यवस्था कर दो न! किंतु इसमें मैं एक भूल कर गई हूं। क्या उसके सुधारने का कोई उपाय नहीं है? भूल कैसी? कुछ लोग ऐसे होते हैं, जो जान-बूझकर एक रहस्यपूर्ण घटना को जन्म देते हैं। स्वयं उसमें पड़ते हैं और दूसरों को भी फंसाते हैं। मैं भी शेरकोट को बैंक के लिए चुनने में कुछ इस तरह मूर्ख बनाई गई हूं। इन्द्रदेव ने हंसते हए कहा मैं देख रहा हं कि तुम अधिक भावनामयी होती जा रही हो। यह संदेह अच्छा नहीं। शेरकोट के लिए तो मां ने सब प्रबंध कर भी दिया है। अब फिर क्या हुआ? शेरकोट एक पुराने वंश की स्मृति है। उसे मिटा देना ठीक नहीं। अभी मधुबन नाम का एक युवक उसका मालिक है। तहसीलदार से उसकी कुछ अनबनहै, इसलिए यह... मधुबन! अच्छा तो मैं क्या कर सकता हूं। तुम बैंक न भी बनवाओ, तो होता क्या है। अब तो वह बेचारा उस शेरकोट से निकाला ही जाएगा। __तुम एक बार मां से कहो न! और नीलवाली कोठी की मरम्मत करा दो, इसमें रुपए भी कम लगेंगे, और... _ निलवाली कोठी!—आश्चर्य से इन्द्रदेव ने उसकी ओर देखा। हां, क्यों? अरे वह तो भूतही कोठी कही जाती है। जहां मनुष्य नहीं रहते वहीं तो भूत रह सकेंगे? इन्द्रदेव! मैं उस कोठी को बहुत प्यार करती हूं। कब से शैला?— हंसते हुए इन्द्र ने उसका हाथ पकड़ लिया। इन्द्र। तुम नहीं जानते। मेरी मां यहीं कुछ दिनों तक रह चुकी है। इन्द्रदेव की औखें जैसे बड़ी हो गईं। उन्होंने कुर्सी से उठ खड़े होकर कहा—तुम क्या कह रही हो ?  बैठो और सुनो । मैं वही कह रही हूं जिसके मुझे सच होने का विश्वास हो रहा है। तुम  इसके लिए कुछ करो। मुझे तुमसे दान लेने में तो कोई संकोच नहीं। आज तक तुम्हारे ही  दान पर मैं जी रही हूं ; किंतु वहां रहने देकर मुझे सबसे बड़ी प्रसन्नता तुम दे सकते हो ।  और , मेरी जीविका का उपाय भी कर सकते हो ।  शैला की इस दीनता से घबराकर इन्द्रदेव ने कुर्सी खींचकर बैठते हुए कहा  शैला ! तुम काम - काज की इतनी बातें करने लगी हो कि मुझे आश्चर्य हो रहा है। जीवन  में यह परिवर्तन सहसा होता है; किंतु यह क्या ! तुम मुझको एक बार ही कोई अन्य व्यक्ति  क्यों समझ बैठी हो ? मैं तुमको दान दूंगा ? कितने आश्चर्य की बात !  यह सत्य है इन्द्रदेव ! इसे छिपाने से कोई लाभ नहीं । अवस्था ऐसी है कि अब मैं तुमसे  अलग होने की कल्पना करके दुखी होती हूं किंतु थोड़ी दूर हटे बिना काम भी नहीं चलता ।  तुमको और अपने को समान अंतर पर रखकर , कुछ दिन परीक्षा लेकर , तब मन से पूछंगी ।  क्या पूछोगी शैला  कि वह क्या चाहता है। तब तक के लिए यही प्रबंध करना ठीक होगा । मुझे काम  करना पड़ेगा , और काम किए बिना यहां रहना मेरे लिए असंभव है। अपनी रियासत में  मुझे एक नौकरी और रहने की जगह देकर मेरे बोझ से तुम इस समय के लिए छुट्टी पा  जाओ, और स्वतंत्र होकर कुछ अपने विषय में भी सोच लो ।  शैला बड़ी गंभीरता से उनकी ओर देखते हुए फिर कहने लगी - हम लोगों के पश्चिमी  जीवन का यह संस्कार है कि व्यक्ति को स्वावलंब पर खड़े होना चाहिए। तुम्हारे भारतीय  हृदय में , जो कौटुम्बिक कोमलता में पला है, परस्पर सहानुभूति की - सहायता की बड़ी  आशाएं , परंपरागत संस्कृति के कारण , बलवती रहती हैं ।किंतु मेरा जीवन कैसा रहा है,  उसे तुमसे अधिक कौन जान सकता है! मुझसे काम लो और बदले में कुछ दो ।  अच्छा , यह सब मैं कर लूंगा ; पर मधुबन के शेरकोट का क्या होगा ? मैं नहीं कहना  चाहता । मां न जाने क्या मन में सोचेंगी । जबकि उन्होंने एक बार कह दिया , तब उसके  प्रतिकूल जाना उनकी प्रकृति के विरुद्ध है। तो भी तुम स्वयं कहकर देख लो ।  यह मैं नहीं पसंद करती इन्द्रदेव ! मैं चाहती हूं कि जो कुछ कहना हो , अपनी माताजी  से तुम्हीं कहो । दूसरों से वही बात सुनने , पर जिसे कि अपनों से सुनने की आशा रहती है  मनुष्य के मन में एक ठेस लगती है । यह बात अपने घर में तुम आरंभ न करो।  देखो शैला । वह आरंभ हो चुकी है, अब उसे रोकने में असमर्थ हूं। तब भी तुम कहती  हो , तो मैं ही कहकर देखूगा कि क्या होता है । अच्छा तो जाओ, तुम्हारे हितोपदेश के पाठ  का यही समय है न ! वाह ! क्या अच्छा तुमने यह स्वांग बनाया है ।  शैला ने स्निग्ध दृष्टि से इन्द्रदेव को देखकर कहा - यह स्वांग नहीं है, मैं तुम्हारे समीप  आने का प्रयत्न कर रही हूं- तुम्हारी संस्कृति का अध्ययन करके ।  __ अनवरी को आते देखकर उल्लास से इन्द्रदेव ने कहा - शैला ! शेरकोट वाली बात  अनवरी से ही मां तक पहुंचाई जा सकती है ।  शैला प्रतिवाद करना ही चाहती थी कि अनवरी सामने आकर खड़ी हो गई। उसने  कहा - आज कई दिन से आप उधर नहीं आई हैं । सरकार पूछ रही थीं कि .. . अरे पहले बैठ तो जाइए। -कुर्सी खिसकाते हुए शैला ने कहा, मैं तो स्वयं अभी चलने के लिए तैयार हो रही थी।",189,multi_turn_paragraph,आज कई दिन से आप उधर नहीं आई हैं । सरकार पूछ रही थीं कि .. . अरे पहले बैठ तो जाइए। -कुर्सी खिसकाते हुए,कहा,,4646,4747,high,
TITLI-CAND-000197,2.2,titli_10.html,शैला ने निराश दृष्टि से उनकी ओर देखते हुए कहा-तो इस मेरी दया में आपकी सहायता की भी आवश्यकता हो सकती है। चलिए।,196,attribution_dash,तो इस मेरी दया में आपकी सहायता की भी आवश्यकता हो सकती है। चलिए।,कहा,,46,109,high,
TITLI-CAND-000198,2.3,titli_11.html,"क्यों बेटी! तुमने सोच-विचार लिया? -कोठरी के बाहर बैठे हुए रामनाथ ने पूछा। भीतर से राजकुमारी ने कहा-बाबाजी, हम लोग इस समय ब्याह करने के लिए रुपए कहां से लावें? रुपयों से ब्याह नहीं होगा बेटी! ब्याह होगा मधुबन से तितली का। तुम इसे स्वीकार कर लो; और जो कुछ होगा मैं देख लूंगा। मैं अब बूढ़ा हुआ, तितली को तुम लोगों की स्नेहछाया में दिए बिना मैं कैसे सुख से मरूंगा? अच्छा, पर एक बात और भी आपने समझ ली है? क्या मधुबन, तितली के साथ गृहस्थी चलाने के लिए, दुःख-सुख भोगने के लिए तैयार है? वह अपनी सुध-बुध तो रखता ही नहीं। भला उसके गले एक बछिया बांधकर क्या आप ठीक करेंगे? ___ सुनो बेटी, दस बीघा तितली के, और तुम लोगों के जो खेत हैं-सब मिलाकर एक छोटी-सी गृहस्थी अच्छी तरह चल सकेगी। फिर तुमको तो यही सब देखना है, करना है, सब संभाल लोगी। मधुबन भी पढ़ा-लिखा परिश्रमी लड़का है। लग-लपटकर अपना घर चला ही लेगा। ___मधुबन से भी आप पूछ लीजिए। वह मेरी बात सुनता कब है। कई बार मैंने कहा कि अपना घर देख, वह हंस देता है, जैसे उसे इसकी चिंता ही नहीं। हम लोग न जाने कैसे अपना पेट भर लेते हैं। फिर पराई लड़की घर में ले आकर तो उसी तरह नहीं चल सकता? तुम भूलती हो बेटी! पराई लड़की समझता तो मैं उसके ब्याह की यहां चर्चा न ________________",197,multi_turn_paragraph,"बाबाजी, हम लोग इस समय ब्याह करने के लिए रुपए कहां से लावें? रुपयों से ब्याह नहीं होगा बेटी! ब्याह होगा मधुबन से तितली का। तुम इसे स्वीकार कर लो; और जो कुछ होगा मैं देख लूंगा। मैं अब बूढ़ा हुआ, तितली को तुम लोगों की स्नेहछाया में दिए बिना मैं कैसे सुख से मरूंगा? अच्छा, पर एक बात और भी आपने समझ ली है? क्या मधुबन, तितली के साथ गृहस्थी चलाने के लिए, दुःख-सुख भोगने के लिए तैयार है? वह अपनी सुध-बुध तो रखता ही नहीं। भला उसके गले एक बछिया बांधकर क्या आप ठीक करेंगे? ___ सुनो बेटी, दस बीघा तितली के, और तुम लोगों के जो खेत हैं-सब मिलाकर एक छोटी-सी गृहस्थी अच्छी तरह चल सकेगी। फिर तुमको तो यही सब देखना है, करना है, सब संभाल लोगी। मधुबन भी पढ़ा-लिखा परिश्रमी लड़का है। लग-लपटकर अपना घर चला ही लेगा। ___मधुबन से भी आप पूछ लीजिए। वह मेरी बात सुनता कब है। कई बार मैंने",राजकुमारी ने कहा,राजकुमारी,99,858,high,unusually long candidate (>500 characters); review boundaries
TITLI-CAND-000199,2.3,titli_11.html,"को खोजने लगी। वह जैसे अपमान की ठोकर से अभिभूत होकर उसी ओर पूर्ण वेग से दौड़ने के लिए प्रस्तुत हुई, बदला लेने के लिए और अपनी असहाय अवस्था का अवलम्ब खोजने के लिए। किंतु वह पागलपन क्षणिक हो रहा। उसकी खीझ फल नहीं पा सकी। सहसा मधुबन को संभालने के लिए उसे शेरकोट चले आना पड़ा। वह भयानक आधी क्षितिज में ही दिखलाई देकर रुक गई। चौबे नौकरी करने लगे राजा साहब के यहां, और राजकुमारी शेरकोट के झाडू और दीए में लगी—यह घटना वह संभवत: भूल गई थी; किंतु आज सहसा विस्मृत चित्र सामने आ गया। राजकुमारी का मन अस्थिर हो गया। वह गंगाजी के नहाने के घाट तक बड़ी देर से पहुंची। शैला और तितली नहाकर ऊपर खड़ी थीं। बाबा रामनाथ अभी संध्या कर रहे थे। राजकुमारी को देखते ही तितली ने नमस्कार किया और शैला से कहा-आप ही हैं, जिनकी बात बाबाजी कर रहे थे? शैला ने कहा—अच्छा! आप ही मधुबन की बहन हैं? जी। __ मैं मधुबन के साथ पड़ती हूं। आप मेरी भी बहन हुईं न!– शैला ने सरल प्रसन्नता से कहा। राजकुमारी ने मेम के इस व्यवहार से चकित होकर कहा—मैं आपकी बहन होने योग्य हूं? यह आपकी बड़ाई है। क्यों नहीं बहन! तुम ऐसा क्यों सोचती हो? आओ, इस जगह बैठ जाएं। अच्छा होगा कि तुम भी स्नान कर लो, तब हम लोग साथ ही चलें। नहीं, आपको विलंब होगा।—कहकर राजकुमारी विशाल वृक्ष के नीचे पड़े हुए पत्थर की ओर बड़ी। शैला और तितली भी उसी पर जाकर बैठी। राजकुमारी का हृदय स्निग्ध हो रहा था। उसने देखा, तितली अब वह चंचल लड़की न रही, जो पहले मधुबन के साथ खेलने आया करती थी। उसकी काली रजनी-सी उनींदी आंखें जैसे सदैव कोई गंभीर स्वप्न देखती रहती हैं। लंबा छरहरा अंग, गोरी-पतली उंगलियां. सहज उन्नत ललाट, कछ खिंची हई भौंहे और छोटा-सा पतले-पतले अधरोंवाला मुख–साधारण कृषक-बालिका से कुछ अलग अपनी सत्ता बता रहे थे। कानों के ऊपर से ही बूंघट था, जिससे लटें निकली पड़ती थीं। उसकी चौड़ी किनारे की धोती का चंपई रंग उसके शरीर में घुला जा रहा था। वह संध्या के निरभ्र गगन में विकसित होने वाली अपने ही मधुर आलोक से तुष्ट—एक छोटी-सी तारिका थी। राजकुमारी, स्त्री की दृष्टि से, उसे परखने लगी; और रामनाथ का प्रस्ताव मन-हीमन दुहराने लगी। शैला ने कहा-अच्छा, तुम कहीं आती-जाती नहीं हो बहन! कहां जाऊं? तो मैं ही तुम्हारे यहां कभी-कभी आया करूंगी। अकेले घर में बैठे-बैठे कैसे तुम्हारा मन लगता है? बैठना ही तो नहीं है! घर का काम कौन करता है? इसी में दिन बीतता जा रहा है। ________________",199,multi_turn_paragraph,"आप ही हैं, जिनकी बात बाबाजी कर रहे थे?",कहा,,678,716,high,
TITLI-CAND-000200,2.3,titli_11.html,"को खोजने लगी। वह जैसे अपमान की ठोकर से अभिभूत होकर उसी ओर पूर्ण वेग से दौड़ने के लिए प्रस्तुत हुई, बदला लेने के लिए और अपनी असहाय अवस्था का अवलम्ब खोजने के लिए। किंतु वह पागलपन क्षणिक हो रहा। उसकी खीझ फल नहीं पा सकी। सहसा मधुबन को संभालने के लिए उसे शेरकोट चले आना पड़ा। वह भयानक आधी क्षितिज में ही दिखलाई देकर रुक गई। चौबे नौकरी करने लगे राजा साहब के यहां, और राजकुमारी शेरकोट के झाडू और दीए में लगी—यह घटना वह संभवत: भूल गई थी; किंतु आज सहसा विस्मृत चित्र सामने आ गया। राजकुमारी का मन अस्थिर हो गया। वह गंगाजी के नहाने के घाट तक बड़ी देर से पहुंची। शैला और तितली नहाकर ऊपर खड़ी थीं। बाबा रामनाथ अभी संध्या कर रहे थे। राजकुमारी को देखते ही तितली ने नमस्कार किया और शैला से कहा-आप ही हैं, जिनकी बात बाबाजी कर रहे थे? शैला ने कहा—अच्छा! आप ही मधुबन की बहन हैं? जी। __ मैं मधुबन के साथ पड़ती हूं। आप मेरी भी बहन हुईं न!– शैला ने सरल प्रसन्नता से कहा। राजकुमारी ने मेम के इस व्यवहार से चकित होकर कहा—मैं आपकी बहन होने योग्य हूं? यह आपकी बड़ाई है। क्यों नहीं बहन! तुम ऐसा क्यों सोचती हो? आओ, इस जगह बैठ जाएं। अच्छा होगा कि तुम भी स्नान कर लो, तब हम लोग साथ ही चलें। नहीं, आपको विलंब होगा।—कहकर राजकुमारी विशाल वृक्ष के नीचे पड़े हुए पत्थर की ओर बड़ी। शैला और तितली भी उसी पर जाकर बैठी। राजकुमारी का हृदय स्निग्ध हो रहा था। उसने देखा, तितली अब वह चंचल लड़की न रही, जो पहले मधुबन के साथ खेलने आया करती थी। उसकी काली रजनी-सी उनींदी आंखें जैसे सदैव कोई गंभीर स्वप्न देखती रहती हैं। लंबा छरहरा अंग, गोरी-पतली उंगलियां. सहज उन्नत ललाट, कछ खिंची हई भौंहे और छोटा-सा पतले-पतले अधरोंवाला मुख–साधारण कृषक-बालिका से कुछ अलग अपनी सत्ता बता रहे थे। कानों के ऊपर से ही बूंघट था, जिससे लटें निकली पड़ती थीं। उसकी चौड़ी किनारे की धोती का चंपई रंग उसके शरीर में घुला जा रहा था। वह संध्या के निरभ्र गगन में विकसित होने वाली अपने ही मधुर आलोक से तुष्ट—एक छोटी-सी तारिका थी। राजकुमारी, स्त्री की दृष्टि से, उसे परखने लगी; और रामनाथ का प्रस्ताव मन-हीमन दुहराने लगी। शैला ने कहा-अच्छा, तुम कहीं आती-जाती नहीं हो बहन! कहां जाऊं? तो मैं ही तुम्हारे यहां कभी-कभी आया करूंगी। अकेले घर में बैठे-बैठे कैसे तुम्हारा मन लगता है? बैठना ही तो नहीं है! घर का काम कौन करता है? इसी में दिन बीतता जा रहा है। ________________",199,attribution_dash,अच्छा! आप ही मधुबन की बहन हैं? जी। __ मैं मधुबन के साथ पड़ती हूं। आप मेरी भी बहन हुईं न!,शैला ने सरल प्रसन्नता से कहा,शैला,729,817,high,
TITLI-CAND-000201,2.3,titli_11.html,"को खोजने लगी। वह जैसे अपमान की ठोकर से अभिभूत होकर उसी ओर पूर्ण वेग से दौड़ने के लिए प्रस्तुत हुई, बदला लेने के लिए और अपनी असहाय अवस्था का अवलम्ब खोजने के लिए। किंतु वह पागलपन क्षणिक हो रहा। उसकी खीझ फल नहीं पा सकी। सहसा मधुबन को संभालने के लिए उसे शेरकोट चले आना पड़ा। वह भयानक आधी क्षितिज में ही दिखलाई देकर रुक गई। चौबे नौकरी करने लगे राजा साहब के यहां, और राजकुमारी शेरकोट के झाडू और दीए में लगी—यह घटना वह संभवत: भूल गई थी; किंतु आज सहसा विस्मृत चित्र सामने आ गया। राजकुमारी का मन अस्थिर हो गया। वह गंगाजी के नहाने के घाट तक बड़ी देर से पहुंची। शैला और तितली नहाकर ऊपर खड़ी थीं। बाबा रामनाथ अभी संध्या कर रहे थे। राजकुमारी को देखते ही तितली ने नमस्कार किया और शैला से कहा-आप ही हैं, जिनकी बात बाबाजी कर रहे थे? शैला ने कहा—अच्छा! आप ही मधुबन की बहन हैं? जी। __ मैं मधुबन के साथ पड़ती हूं। आप मेरी भी बहन हुईं न!– शैला ने सरल प्रसन्नता से कहा। राजकुमारी ने मेम के इस व्यवहार से चकित होकर कहा—मैं आपकी बहन होने योग्य हूं? यह आपकी बड़ाई है। क्यों नहीं बहन! तुम ऐसा क्यों सोचती हो? आओ, इस जगह बैठ जाएं। अच्छा होगा कि तुम भी स्नान कर लो, तब हम लोग साथ ही चलें। नहीं, आपको विलंब होगा।—कहकर राजकुमारी विशाल वृक्ष के नीचे पड़े हुए पत्थर की ओर बड़ी। शैला और तितली भी उसी पर जाकर बैठी। राजकुमारी का हृदय स्निग्ध हो रहा था। उसने देखा, तितली अब वह चंचल लड़की न रही, जो पहले मधुबन के साथ खेलने आया करती थी। उसकी काली रजनी-सी उनींदी आंखें जैसे सदैव कोई गंभीर स्वप्न देखती रहती हैं। लंबा छरहरा अंग, गोरी-पतली उंगलियां. सहज उन्नत ललाट, कछ खिंची हई भौंहे और छोटा-सा पतले-पतले अधरोंवाला मुख–साधारण कृषक-बालिका से कुछ अलग अपनी सत्ता बता रहे थे। कानों के ऊपर से ही बूंघट था, जिससे लटें निकली पड़ती थीं। उसकी चौड़ी किनारे की धोती का चंपई रंग उसके शरीर में घुला जा रहा था। वह संध्या के निरभ्र गगन में विकसित होने वाली अपने ही मधुर आलोक से तुष्ट—एक छोटी-सी तारिका थी। राजकुमारी, स्त्री की दृष्टि से, उसे परखने लगी; और रामनाथ का प्रस्ताव मन-हीमन दुहराने लगी। शैला ने कहा-अच्छा, तुम कहीं आती-जाती नहीं हो बहन! कहां जाऊं? तो मैं ही तुम्हारे यहां कभी-कभी आया करूंगी। अकेले घर में बैठे-बैठे कैसे तुम्हारा मन लगता है? बैठना ही तो नहीं है! घर का काम कौन करता है? इसी में दिन बीतता जा रहा है। ________________",199,multi_turn_paragraph,"मैं आपकी बहन होने योग्य हूं? यह आपकी बड़ाई है। क्यों नहीं बहन! तुम ऐसा क्यों सोचती हो? आओ, इस जगह बैठ जाएं। अच्छा होगा कि तुम भी स्नान कर लो, तब हम लोग साथ ही चलें। नहीं, आपको विलंब होगा।",कहा,,897,1084,high,
TITLI-CAND-000202,2.3,titli_11.html,"को खोजने लगी। वह जैसे अपमान की ठोकर से अभिभूत होकर उसी ओर पूर्ण वेग से दौड़ने के लिए प्रस्तुत हुई, बदला लेने के लिए और अपनी असहाय अवस्था का अवलम्ब खोजने के लिए। किंतु वह पागलपन क्षणिक हो रहा। उसकी खीझ फल नहीं पा सकी। सहसा मधुबन को संभालने के लिए उसे शेरकोट चले आना पड़ा। वह भयानक आधी क्षितिज में ही दिखलाई देकर रुक गई। चौबे नौकरी करने लगे राजा साहब के यहां, और राजकुमारी शेरकोट के झाडू और दीए में लगी—यह घटना वह संभवत: भूल गई थी; किंतु आज सहसा विस्मृत चित्र सामने आ गया। राजकुमारी का मन अस्थिर हो गया। वह गंगाजी के नहाने के घाट तक बड़ी देर से पहुंची। शैला और तितली नहाकर ऊपर खड़ी थीं। बाबा रामनाथ अभी संध्या कर रहे थे। राजकुमारी को देखते ही तितली ने नमस्कार किया और शैला से कहा-आप ही हैं, जिनकी बात बाबाजी कर रहे थे? शैला ने कहा—अच्छा! आप ही मधुबन की बहन हैं? जी। __ मैं मधुबन के साथ पड़ती हूं। आप मेरी भी बहन हुईं न!– शैला ने सरल प्रसन्नता से कहा। राजकुमारी ने मेम के इस व्यवहार से चकित होकर कहा—मैं आपकी बहन होने योग्य हूं? यह आपकी बड़ाई है। क्यों नहीं बहन! तुम ऐसा क्यों सोचती हो? आओ, इस जगह बैठ जाएं। अच्छा होगा कि तुम भी स्नान कर लो, तब हम लोग साथ ही चलें। नहीं, आपको विलंब होगा।—कहकर राजकुमारी विशाल वृक्ष के नीचे पड़े हुए पत्थर की ओर बड़ी। शैला और तितली भी उसी पर जाकर बैठी। राजकुमारी का हृदय स्निग्ध हो रहा था। उसने देखा, तितली अब वह चंचल लड़की न रही, जो पहले मधुबन के साथ खेलने आया करती थी। उसकी काली रजनी-सी उनींदी आंखें जैसे सदैव कोई गंभीर स्वप्न देखती रहती हैं। लंबा छरहरा अंग, गोरी-पतली उंगलियां. सहज उन्नत ललाट, कछ खिंची हई भौंहे और छोटा-सा पतले-पतले अधरोंवाला मुख–साधारण कृषक-बालिका से कुछ अलग अपनी सत्ता बता रहे थे। कानों के ऊपर से ही बूंघट था, जिससे लटें निकली पड़ती थीं। उसकी चौड़ी किनारे की धोती का चंपई रंग उसके शरीर में घुला जा रहा था। वह संध्या के निरभ्र गगन में विकसित होने वाली अपने ही मधुर आलोक से तुष्ट—एक छोटी-सी तारिका थी। राजकुमारी, स्त्री की दृष्टि से, उसे परखने लगी; और रामनाथ का प्रस्ताव मन-हीमन दुहराने लगी। शैला ने कहा-अच्छा, तुम कहीं आती-जाती नहीं हो बहन! कहां जाऊं? तो मैं ही तुम्हारे यहां कभी-कभी आया करूंगी। अकेले घर में बैठे-बैठे कैसे तुम्हारा मन लगता है? बैठना ही तो नहीं है! घर का काम कौन करता है? इसी में दिन बीतता जा रहा है। ________________",199,attribution_dash,"अच्छा, तुम कहीं आती-जाती नहीं हो बहन! कहां जाऊं? तो मैं ही तुम्हारे यहां कभी-कभी आया करूंगी। अकेले घर में बैठे-बैठे कैसे तुम्हारा मन लगता है? बैठना ही तो नहीं है! घर का काम कौन करता है? इसी में दिन बीतता जा रहा है। ________________",शैला ने कहा,शैला,1853,2084,high,
TITLI-CAND-000203,2.3,titli_11.html,"देखिए, यह तितली पहले मधुबन के साथ कभी-कभी आ जाती थी, खेलती थी। अब तो सयानी हो गई है। क्यों री, अभी तो ब्याह भी नहीं हुआ, तू इतनी लजाती क्यों है?— घूमकर जब उसने तितली की ओर देखकर यह बात कही, तो उसके मुख पर एक सहज गंभीर मुस्कान—लज्जा के बादल में बिजली-सी—चमक उठी। शैला ने उसकी ठोढ़ी पकड़कर कहा—यह तो अब यहीं आकर रहना चाहती है न, तुम इसको बुलाती नहीं हो, इसीलिए रूठी हुई है। तितली को अपनी लज्जा प्रकट करने के लिए उठ जाना पड़ा। उसने कहा—क्यों नहीं आऊंगी। बाबा रामनाथ ऊपर आ गए थे। उन्होंने कहा—अच्छा, तो अब चलना चाहिए। फिर राजकुमारी की ओर देखकर कहा—तो बेटी, फिर किसी दिन आऊंगा। राजकुमारी ने नमस्कार किया। वह नहाने के लिए नीचे उतरने लगी, और शैला तितली के साथ रामनाथ का अनुसरण करने लगी। गंगा के शीतल जल में राजकुमारी देर तक नहाती रही, और सोचती थी अपने जीवन की अतीत घटनाएं। तितली के ब्याह के प्रसंग से और चौबे के आने-जाने से नई होकर वे उसकी आंखों के सामने अपना चित्र उन लहरों में खींच रही थीं। मधुबन की गृहस्थी का नशा उसे अब तक विस्मति के अंधकार में डाले हए था। वह सोच रही थी_क्या वही सत्य था? इतने दिन जो मैंने किया, वह भ्रम था! मधुबन जब ब्याह कर लेगा, तब यहां मेरा क्या काम रह जाएगा? गृहस्थी! उसे चलाने के लिए तो तितली आ ही जाएगी। अहा! तितली कितनी सुंदर है! मधुबन प्रसन्न होगा। और मैं...? अच्छा, तब तीर्थ करने चली जाऊंगी। उह! रुपया चाहिए उसके लिए कहां से आवेगा? अरे जब घूमना ही है, तो क्या रुपए की कमी रह जाएगी? रुपया लेकर करूंगी ही क्या? भीख मांग कर या परदेश में मजूरी करके पेट पालूंगी। परंतु आज इतने दिनों पर चौबे! उसके हृदय में एक अनुभूति हुई, जिसे स्वयं स्पष्ट न समझ सकी। एक विकट हलचल होने लगी। वह जैसे उन चपल लहरों में झूमने लगी। रामदीन की नानी ने कहा—चलो मालकिन, अभी रसोई का सारा काम पड़ा है, मधुबन बाबू आते होंगे। राजकुमारी जल के बाहर खीझ से भरी निकली। आज उसके प्रौढ़ वय में भी व्ययविहीन पवित्र यौवन चंचल हो उठा था। चौबे ने उससे फिर मिलने के लिए कहा था। वह आकर लौट न जाए। वह जल से निकलते ही घर पहुंचने के लिए व्यग्र हो उठी। शेरकोट में पहुंचकर उसने अपनी चंचल मनोवृत्ति को भरपूर दबाने की चेष्टा की, और कुछ अंश तक वह सफल भी हुई; पर अब भी चौबे की राह देख रही थी। बहुत दिनों तक ________________",200,multi_turn_paragraph,"यह तो अब यहीं आकर रहना चाहती है न, तुम इसको बुलाती नहीं हो, इसीलिए रूठी हुई है। तितली को अपनी लज्जा प्रकट करने के लिए उठ जाना पड़ा। उसने",शैला ने उसकी ठोढ़ी पकड़कर कहा,शैला,292,428,high,
TITLI-CAND-000204,2.3,titli_11.html,"देखिए, यह तितली पहले मधुबन के साथ कभी-कभी आ जाती थी, खेलती थी। अब तो सयानी हो गई है। क्यों री, अभी तो ब्याह भी नहीं हुआ, तू इतनी लजाती क्यों है?— घूमकर जब उसने तितली की ओर देखकर यह बात कही, तो उसके मुख पर एक सहज गंभीर मुस्कान—लज्जा के बादल में बिजली-सी—चमक उठी। शैला ने उसकी ठोढ़ी पकड़कर कहा—यह तो अब यहीं आकर रहना चाहती है न, तुम इसको बुलाती नहीं हो, इसीलिए रूठी हुई है। तितली को अपनी लज्जा प्रकट करने के लिए उठ जाना पड़ा। उसने कहा—क्यों नहीं आऊंगी। बाबा रामनाथ ऊपर आ गए थे। उन्होंने कहा—अच्छा, तो अब चलना चाहिए। फिर राजकुमारी की ओर देखकर कहा—तो बेटी, फिर किसी दिन आऊंगा। राजकुमारी ने नमस्कार किया। वह नहाने के लिए नीचे उतरने लगी, और शैला तितली के साथ रामनाथ का अनुसरण करने लगी। गंगा के शीतल जल में राजकुमारी देर तक नहाती रही, और सोचती थी अपने जीवन की अतीत घटनाएं। तितली के ब्याह के प्रसंग से और चौबे के आने-जाने से नई होकर वे उसकी आंखों के सामने अपना चित्र उन लहरों में खींच रही थीं। मधुबन की गृहस्थी का नशा उसे अब तक विस्मति के अंधकार में डाले हए था। वह सोच रही थी_क्या वही सत्य था? इतने दिन जो मैंने किया, वह भ्रम था! मधुबन जब ब्याह कर लेगा, तब यहां मेरा क्या काम रह जाएगा? गृहस्थी! उसे चलाने के लिए तो तितली आ ही जाएगी। अहा! तितली कितनी सुंदर है! मधुबन प्रसन्न होगा। और मैं...? अच्छा, तब तीर्थ करने चली जाऊंगी। उह! रुपया चाहिए उसके लिए कहां से आवेगा? अरे जब घूमना ही है, तो क्या रुपए की कमी रह जाएगी? रुपया लेकर करूंगी ही क्या? भीख मांग कर या परदेश में मजूरी करके पेट पालूंगी। परंतु आज इतने दिनों पर चौबे! उसके हृदय में एक अनुभूति हुई, जिसे स्वयं स्पष्ट न समझ सकी। एक विकट हलचल होने लगी। वह जैसे उन चपल लहरों में झूमने लगी। रामदीन की नानी ने कहा—चलो मालकिन, अभी रसोई का सारा काम पड़ा है, मधुबन बाबू आते होंगे। राजकुमारी जल के बाहर खीझ से भरी निकली। आज उसके प्रौढ़ वय में भी व्ययविहीन पवित्र यौवन चंचल हो उठा था। चौबे ने उससे फिर मिलने के लिए कहा था। वह आकर लौट न जाए। वह जल से निकलते ही घर पहुंचने के लिए व्यग्र हो उठी। शेरकोट में पहुंचकर उसने अपनी चंचल मनोवृत्ति को भरपूर दबाने की चेष्टा की, और कुछ अंश तक वह सफल भी हुई; पर अब भी चौबे की राह देख रही थी। बहुत दिनों तक ________________",200,multi_turn_paragraph,क्यों नहीं आऊंगी। बाबा रामनाथ ऊपर आ गए थे। उन्होंने,कहा,,433,484,high,
TITLI-CAND-000205,2.3,titli_11.html,"देखिए, यह तितली पहले मधुबन के साथ कभी-कभी आ जाती थी, खेलती थी। अब तो सयानी हो गई है। क्यों री, अभी तो ब्याह भी नहीं हुआ, तू इतनी लजाती क्यों है?— घूमकर जब उसने तितली की ओर देखकर यह बात कही, तो उसके मुख पर एक सहज गंभीर मुस्कान—लज्जा के बादल में बिजली-सी—चमक उठी। शैला ने उसकी ठोढ़ी पकड़कर कहा—यह तो अब यहीं आकर रहना चाहती है न, तुम इसको बुलाती नहीं हो, इसीलिए रूठी हुई है। तितली को अपनी लज्जा प्रकट करने के लिए उठ जाना पड़ा। उसने कहा—क्यों नहीं आऊंगी। बाबा रामनाथ ऊपर आ गए थे। उन्होंने कहा—अच्छा, तो अब चलना चाहिए। फिर राजकुमारी की ओर देखकर कहा—तो बेटी, फिर किसी दिन आऊंगा। राजकुमारी ने नमस्कार किया। वह नहाने के लिए नीचे उतरने लगी, और शैला तितली के साथ रामनाथ का अनुसरण करने लगी। गंगा के शीतल जल में राजकुमारी देर तक नहाती रही, और सोचती थी अपने जीवन की अतीत घटनाएं। तितली के ब्याह के प्रसंग से और चौबे के आने-जाने से नई होकर वे उसकी आंखों के सामने अपना चित्र उन लहरों में खींच रही थीं। मधुबन की गृहस्थी का नशा उसे अब तक विस्मति के अंधकार में डाले हए था। वह सोच रही थी_क्या वही सत्य था? इतने दिन जो मैंने किया, वह भ्रम था! मधुबन जब ब्याह कर लेगा, तब यहां मेरा क्या काम रह जाएगा? गृहस्थी! उसे चलाने के लिए तो तितली आ ही जाएगी। अहा! तितली कितनी सुंदर है! मधुबन प्रसन्न होगा। और मैं...? अच्छा, तब तीर्थ करने चली जाऊंगी। उह! रुपया चाहिए उसके लिए कहां से आवेगा? अरे जब घूमना ही है, तो क्या रुपए की कमी रह जाएगी? रुपया लेकर करूंगी ही क्या? भीख मांग कर या परदेश में मजूरी करके पेट पालूंगी। परंतु आज इतने दिनों पर चौबे! उसके हृदय में एक अनुभूति हुई, जिसे स्वयं स्पष्ट न समझ सकी। एक विकट हलचल होने लगी। वह जैसे उन चपल लहरों में झूमने लगी। रामदीन की नानी ने कहा—चलो मालकिन, अभी रसोई का सारा काम पड़ा है, मधुबन बाबू आते होंगे। राजकुमारी जल के बाहर खीझ से भरी निकली। आज उसके प्रौढ़ वय में भी व्ययविहीन पवित्र यौवन चंचल हो उठा था। चौबे ने उससे फिर मिलने के लिए कहा था। वह आकर लौट न जाए। वह जल से निकलते ही घर पहुंचने के लिए व्यग्र हो उठी। शेरकोट में पहुंचकर उसने अपनी चंचल मनोवृत्ति को भरपूर दबाने की चेष्टा की, और कुछ अंश तक वह सफल भी हुई; पर अब भी चौबे की राह देख रही थी। बहुत दिनों तक ________________",200,multi_turn_paragraph,"अच्छा, तो अब चलना चाहिए। फिर राजकुमारी की ओर देखकर",कहा,,489,539,high,
TITLI-CAND-000206,2.3,titli_11.html,"देखिए, यह तितली पहले मधुबन के साथ कभी-कभी आ जाती थी, खेलती थी। अब तो सयानी हो गई है। क्यों री, अभी तो ब्याह भी नहीं हुआ, तू इतनी लजाती क्यों है?— घूमकर जब उसने तितली की ओर देखकर यह बात कही, तो उसके मुख पर एक सहज गंभीर मुस्कान—लज्जा के बादल में बिजली-सी—चमक उठी। शैला ने उसकी ठोढ़ी पकड़कर कहा—यह तो अब यहीं आकर रहना चाहती है न, तुम इसको बुलाती नहीं हो, इसीलिए रूठी हुई है। तितली को अपनी लज्जा प्रकट करने के लिए उठ जाना पड़ा। उसने कहा—क्यों नहीं आऊंगी। बाबा रामनाथ ऊपर आ गए थे। उन्होंने कहा—अच्छा, तो अब चलना चाहिए। फिर राजकुमारी की ओर देखकर कहा—तो बेटी, फिर किसी दिन आऊंगा। राजकुमारी ने नमस्कार किया। वह नहाने के लिए नीचे उतरने लगी, और शैला तितली के साथ रामनाथ का अनुसरण करने लगी। गंगा के शीतल जल में राजकुमारी देर तक नहाती रही, और सोचती थी अपने जीवन की अतीत घटनाएं। तितली के ब्याह के प्रसंग से और चौबे के आने-जाने से नई होकर वे उसकी आंखों के सामने अपना चित्र उन लहरों में खींच रही थीं। मधुबन की गृहस्थी का नशा उसे अब तक विस्मति के अंधकार में डाले हए था। वह सोच रही थी_क्या वही सत्य था? इतने दिन जो मैंने किया, वह भ्रम था! मधुबन जब ब्याह कर लेगा, तब यहां मेरा क्या काम रह जाएगा? गृहस्थी! उसे चलाने के लिए तो तितली आ ही जाएगी। अहा! तितली कितनी सुंदर है! मधुबन प्रसन्न होगा। और मैं...? अच्छा, तब तीर्थ करने चली जाऊंगी। उह! रुपया चाहिए उसके लिए कहां से आवेगा? अरे जब घूमना ही है, तो क्या रुपए की कमी रह जाएगी? रुपया लेकर करूंगी ही क्या? भीख मांग कर या परदेश में मजूरी करके पेट पालूंगी। परंतु आज इतने दिनों पर चौबे! उसके हृदय में एक अनुभूति हुई, जिसे स्वयं स्पष्ट न समझ सकी। एक विकट हलचल होने लगी। वह जैसे उन चपल लहरों में झूमने लगी। रामदीन की नानी ने कहा—चलो मालकिन, अभी रसोई का सारा काम पड़ा है, मधुबन बाबू आते होंगे। राजकुमारी जल के बाहर खीझ से भरी निकली। आज उसके प्रौढ़ वय में भी व्ययविहीन पवित्र यौवन चंचल हो उठा था। चौबे ने उससे फिर मिलने के लिए कहा था। वह आकर लौट न जाए। वह जल से निकलते ही घर पहुंचने के लिए व्यग्र हो उठी। शेरकोट में पहुंचकर उसने अपनी चंचल मनोवृत्ति को भरपूर दबाने की चेष्टा की, और कुछ अंश तक वह सफल भी हुई; पर अब भी चौबे की राह देख रही थी। बहुत दिनों तक ________________",200,multi_turn_paragraph,"तो बेटी, फिर किसी दिन आऊंगा।",कहा,,544,572,high,stopped before a recognizable narrative continuation; review boundary
TITLI-CAND-000207,2.3,titli_11.html,"देखिए, यह तितली पहले मधुबन के साथ कभी-कभी आ जाती थी, खेलती थी। अब तो सयानी हो गई है। क्यों री, अभी तो ब्याह भी नहीं हुआ, तू इतनी लजाती क्यों है?— घूमकर जब उसने तितली की ओर देखकर यह बात कही, तो उसके मुख पर एक सहज गंभीर मुस्कान—लज्जा के बादल में बिजली-सी—चमक उठी। शैला ने उसकी ठोढ़ी पकड़कर कहा—यह तो अब यहीं आकर रहना चाहती है न, तुम इसको बुलाती नहीं हो, इसीलिए रूठी हुई है। तितली को अपनी लज्जा प्रकट करने के लिए उठ जाना पड़ा। उसने कहा—क्यों नहीं आऊंगी। बाबा रामनाथ ऊपर आ गए थे। उन्होंने कहा—अच्छा, तो अब चलना चाहिए। फिर राजकुमारी की ओर देखकर कहा—तो बेटी, फिर किसी दिन आऊंगा। राजकुमारी ने नमस्कार किया। वह नहाने के लिए नीचे उतरने लगी, और शैला तितली के साथ रामनाथ का अनुसरण करने लगी। गंगा के शीतल जल में राजकुमारी देर तक नहाती रही, और सोचती थी अपने जीवन की अतीत घटनाएं। तितली के ब्याह के प्रसंग से और चौबे के आने-जाने से नई होकर वे उसकी आंखों के सामने अपना चित्र उन लहरों में खींच रही थीं। मधुबन की गृहस्थी का नशा उसे अब तक विस्मति के अंधकार में डाले हए था। वह सोच रही थी_क्या वही सत्य था? इतने दिन जो मैंने किया, वह भ्रम था! मधुबन जब ब्याह कर लेगा, तब यहां मेरा क्या काम रह जाएगा? गृहस्थी! उसे चलाने के लिए तो तितली आ ही जाएगी। अहा! तितली कितनी सुंदर है! मधुबन प्रसन्न होगा। और मैं...? अच्छा, तब तीर्थ करने चली जाऊंगी। उह! रुपया चाहिए उसके लिए कहां से आवेगा? अरे जब घूमना ही है, तो क्या रुपए की कमी रह जाएगी? रुपया लेकर करूंगी ही क्या? भीख मांग कर या परदेश में मजूरी करके पेट पालूंगी। परंतु आज इतने दिनों पर चौबे! उसके हृदय में एक अनुभूति हुई, जिसे स्वयं स्पष्ट न समझ सकी। एक विकट हलचल होने लगी। वह जैसे उन चपल लहरों में झूमने लगी। रामदीन की नानी ने कहा—चलो मालकिन, अभी रसोई का सारा काम पड़ा है, मधुबन बाबू आते होंगे। राजकुमारी जल के बाहर खीझ से भरी निकली। आज उसके प्रौढ़ वय में भी व्ययविहीन पवित्र यौवन चंचल हो उठा था। चौबे ने उससे फिर मिलने के लिए कहा था। वह आकर लौट न जाए। वह जल से निकलते ही घर पहुंचने के लिए व्यग्र हो उठी। शेरकोट में पहुंचकर उसने अपनी चंचल मनोवृत्ति को भरपूर दबाने की चेष्टा की, और कुछ अंश तक वह सफल भी हुई; पर अब भी चौबे की राह देख रही थी। बहुत दिनों तक ________________",200,multi_turn_paragraph,"चलो मालकिन, अभी रसोई का सारा काम पड़ा है, मधुबन बाबू आते होंगे। राजकुमारी जल के बाहर खीझ से भरी निकली। आज उसके प्रौढ़ वय में भी व्ययविहीन पवित्र यौवन चंचल हो उठा था। चौबे ने उससे फिर मिलने के लिए",नानी ने कहा,नानी,1551,1746,high,
TITLI-CAND-000208,2.3,titli_11.html,"राजकुमारी के मन में यह कुतूहल उत्पन्न हुआ था कि चौबे के मन में वह बात अभी बनी हुई है या भूल गए। उसे जान लेने पर वह संतुष्ट हो जाएगी। बस; और कुछ नहीं। मधुबन! नहीं, आज वह संध्या को घर लौटने के लिए कह गया है। तो फिर, रसोई बनाने की भी आवश्यकता नहीं। वह स्थिर होकर प्रतीक्षा करने लगी। किंतु...बहुत दिनों पर चौबेजी आवेंगे, उनके लिए जलपान का कुछ प्रबंध होना चाहिए। राजकुमारी ने अपनी गृहस्थी के भंडार-घर में जितनी हांडियां टटोलीं, सब सूनी मिलीं। उसकी खीझ बढ़ गई। फिर इस खोखली गृहस्थी का तो उसे अभी अनुभव भी न हुआ था। आज मानो वह शेरकोट अपनी अंतिम परीक्षा में असफल हुआ। राजकुमारी का क्रोध उबल पड़ा। अपनी अग्निमयी आंखों को घुमाकर वह जिधर ही ले जाती थी. अभाव का खोखला मंह विकृत रूप से परिचय देकर जैसे उसकी हंसी उड़ाने के लिए मौन हो जाता। वह पागल होकर बोली—यह भी कोई जीवन है। क्या है भाभी! मैं आ गया!—कहते हुए चौबे ने घर में प्रवेश किया। राजकुमारी अपना बूंघट खींचते हुए काठ की चौकी दिखाकर बोली—बैठिए। ____ क्या कहूं, तहसीलदार के यहां ठहर जाना पड़ा। उन्होंने बिना कुछ खिलाए आने ही नहीं दिया। सो भाभी! आज तो क्षमा करो, फिर किसी दिन आकर खा जाऊंगा। कुछ मेरे लिए बनाया तो नहीं? राजकुमारी रुद्ध कंठ से बोली नहीं तो, आए बिना मैं कैसे क्या करती! तो फिर कुछ तो... ___नहीं आज कुछ नहीं! हां, और क्या समाचार है। कुछ सुनाओ।—कहकर चौबे ने एक बार सतृष्ण नेत्रों से उस दरिद्र विधवा की ओर देखा। सुखदेव! कितने दिनों पर मेरा समाचार पूछ रहे हो, मुझे भी स्मरण नहीं; सब भूल गई हूं। कहने की कोई बात हो भी। क्या कहूं। भाभी! मैं बड़ा अभागा हूं। मैं तो घर से निकाला जाकर कष्टमय जीवन ही बीता रहा हूं। तुम्हारे चले आने के बाद मैं कुछ ही दिनों तक घर पर रह सका। जो थोड़ा खेत बचा था उसे बंधक रखकर बड़े भाई के लिए एक स्त्री खरीदकर जब आई, तो मेरे लिए रोटी का प्रश्न सामने खड़ा होकर हंसने लगा। मैं नौकरी के बहाने परदेश चला। मेरा मन भी वहां लगता न था। गांव काटने को दौड़ता था। कलकत्ता में किसी तरह एक थियेटर की दरबानी मिली। मैं उसके साथ बराबर परदेश घूमने लगा। रसोई भी बनाता रहा। हां, बीच में मैं संग होने से हारमोनियम सीखता रहा। फिर एक दिन बनारस में जब हमारी कंपनी खेल कर रही थी, राजा साहब से भेंट हो गई। जब उन्हें सब हाल मालूम हुआ, तो उन्होंने कहा तुम चलो, मेरे यहां सुख से रहो। क्यों परदेश में मारे-मारे फिर रह हो? तब मैं राजा साहब का दरबारी बना। उन्हें कभी कोई अच्छी चीज बनाकर खिलाता, ठंडाई बनाता और कभीकभी बाजा भी सुनाता। मेरे जीवन का कोई लक्ष्य न था। रुपया कमाने की इच्छा नहीं। दिन बीतने लगे। कभी-कभी, न जाने क्यों, तुमको स्मरण कर लेता। जैसे इस संसार में... राजकुमारी के नस-नस में बिजली दौड़ने लगी थी। एक अभागे युवक का जो सब ओर से ठुकराए जाने पर भी उसको स्मरण करता था।—रूप उसकी आंखों के सामने विराट होकर ममता के आलोक में झलक उठा। वह तन्मय होकर सुना रही थी, जैसे उसकी चेतना सहसा लौट आई। अपनी प्यास बढ़ाकर उसने पूछा—क्यों सुखदेव! मुझे क्यों?",201,multi_turn_paragraph,यह भी कोई जीवन है। क्या है भाभी! मैं आ गया!,बोली,,744,787,high,
TITLI-CAND-000209,2.3,titli_11.html,"राजकुमारी के मन में यह कुतूहल उत्पन्न हुआ था कि चौबे के मन में वह बात अभी बनी हुई है या भूल गए। उसे जान लेने पर वह संतुष्ट हो जाएगी। बस; और कुछ नहीं। मधुबन! नहीं, आज वह संध्या को घर लौटने के लिए कह गया है। तो फिर, रसोई बनाने की भी आवश्यकता नहीं। वह स्थिर होकर प्रतीक्षा करने लगी। किंतु...बहुत दिनों पर चौबेजी आवेंगे, उनके लिए जलपान का कुछ प्रबंध होना चाहिए। राजकुमारी ने अपनी गृहस्थी के भंडार-घर में जितनी हांडियां टटोलीं, सब सूनी मिलीं। उसकी खीझ बढ़ गई। फिर इस खोखली गृहस्थी का तो उसे अभी अनुभव भी न हुआ था। आज मानो वह शेरकोट अपनी अंतिम परीक्षा में असफल हुआ। राजकुमारी का क्रोध उबल पड़ा। अपनी अग्निमयी आंखों को घुमाकर वह जिधर ही ले जाती थी. अभाव का खोखला मंह विकृत रूप से परिचय देकर जैसे उसकी हंसी उड़ाने के लिए मौन हो जाता। वह पागल होकर बोली—यह भी कोई जीवन है। क्या है भाभी! मैं आ गया!—कहते हुए चौबे ने घर में प्रवेश किया। राजकुमारी अपना बूंघट खींचते हुए काठ की चौकी दिखाकर बोली—बैठिए। ____ क्या कहूं, तहसीलदार के यहां ठहर जाना पड़ा। उन्होंने बिना कुछ खिलाए आने ही नहीं दिया। सो भाभी! आज तो क्षमा करो, फिर किसी दिन आकर खा जाऊंगा। कुछ मेरे लिए बनाया तो नहीं? राजकुमारी रुद्ध कंठ से बोली नहीं तो, आए बिना मैं कैसे क्या करती! तो फिर कुछ तो... ___नहीं आज कुछ नहीं! हां, और क्या समाचार है। कुछ सुनाओ।—कहकर चौबे ने एक बार सतृष्ण नेत्रों से उस दरिद्र विधवा की ओर देखा। सुखदेव! कितने दिनों पर मेरा समाचार पूछ रहे हो, मुझे भी स्मरण नहीं; सब भूल गई हूं। कहने की कोई बात हो भी। क्या कहूं। भाभी! मैं बड़ा अभागा हूं। मैं तो घर से निकाला जाकर कष्टमय जीवन ही बीता रहा हूं। तुम्हारे चले आने के बाद मैं कुछ ही दिनों तक घर पर रह सका। जो थोड़ा खेत बचा था उसे बंधक रखकर बड़े भाई के लिए एक स्त्री खरीदकर जब आई, तो मेरे लिए रोटी का प्रश्न सामने खड़ा होकर हंसने लगा। मैं नौकरी के बहाने परदेश चला। मेरा मन भी वहां लगता न था। गांव काटने को दौड़ता था। कलकत्ता में किसी तरह एक थियेटर की दरबानी मिली। मैं उसके साथ बराबर परदेश घूमने लगा। रसोई भी बनाता रहा। हां, बीच में मैं संग होने से हारमोनियम सीखता रहा। फिर एक दिन बनारस में जब हमारी कंपनी खेल कर रही थी, राजा साहब से भेंट हो गई। जब उन्हें सब हाल मालूम हुआ, तो उन्होंने कहा तुम चलो, मेरे यहां सुख से रहो। क्यों परदेश में मारे-मारे फिर रह हो? तब मैं राजा साहब का दरबारी बना। उन्हें कभी कोई अच्छी चीज बनाकर खिलाता, ठंडाई बनाता और कभीकभी बाजा भी सुनाता। मेरे जीवन का कोई लक्ष्य न था। रुपया कमाने की इच्छा नहीं। दिन बीतने लगे। कभी-कभी, न जाने क्यों, तुमको स्मरण कर लेता। जैसे इस संसार में... राजकुमारी के नस-नस में बिजली दौड़ने लगी थी। एक अभागे युवक का जो सब ओर से ठुकराए जाने पर भी उसको स्मरण करता था।—रूप उसकी आंखों के सामने विराट होकर ममता के आलोक में झलक उठा। वह तन्मय होकर सुना रही थी, जैसे उसकी चेतना सहसा लौट आई। अपनी प्यास बढ़ाकर उसने पूछा—क्यों सुखदेव! मुझे क्यों?",201,multi_turn_paragraph,"बैठिए। ____ क्या कहूं, तहसीलदार के यहां ठहर जाना पड़ा। उन्होंने बिना कुछ खिलाए आने ही नहीं दिया। सो भाभी! आज तो क्षमा करो, फिर किसी दिन आकर खा जाऊंगा। कुछ मेरे लिए बनाया तो नहीं? राजकुमारी रुद्ध कंठ से",बोली,,881,1082,high,
TITLI-CAND-000210,2.3,titli_11.html,"राजकुमारी के मन में यह कुतूहल उत्पन्न हुआ था कि चौबे के मन में वह बात अभी बनी हुई है या भूल गए। उसे जान लेने पर वह संतुष्ट हो जाएगी। बस; और कुछ नहीं। मधुबन! नहीं, आज वह संध्या को घर लौटने के लिए कह गया है। तो फिर, रसोई बनाने की भी आवश्यकता नहीं। वह स्थिर होकर प्रतीक्षा करने लगी। किंतु...बहुत दिनों पर चौबेजी आवेंगे, उनके लिए जलपान का कुछ प्रबंध होना चाहिए। राजकुमारी ने अपनी गृहस्थी के भंडार-घर में जितनी हांडियां टटोलीं, सब सूनी मिलीं। उसकी खीझ बढ़ गई। फिर इस खोखली गृहस्थी का तो उसे अभी अनुभव भी न हुआ था। आज मानो वह शेरकोट अपनी अंतिम परीक्षा में असफल हुआ। राजकुमारी का क्रोध उबल पड़ा। अपनी अग्निमयी आंखों को घुमाकर वह जिधर ही ले जाती थी. अभाव का खोखला मंह विकृत रूप से परिचय देकर जैसे उसकी हंसी उड़ाने के लिए मौन हो जाता। वह पागल होकर बोली—यह भी कोई जीवन है। क्या है भाभी! मैं आ गया!—कहते हुए चौबे ने घर में प्रवेश किया। राजकुमारी अपना बूंघट खींचते हुए काठ की चौकी दिखाकर बोली—बैठिए। ____ क्या कहूं, तहसीलदार के यहां ठहर जाना पड़ा। उन्होंने बिना कुछ खिलाए आने ही नहीं दिया। सो भाभी! आज तो क्षमा करो, फिर किसी दिन आकर खा जाऊंगा। कुछ मेरे लिए बनाया तो नहीं? राजकुमारी रुद्ध कंठ से बोली नहीं तो, आए बिना मैं कैसे क्या करती! तो फिर कुछ तो... ___नहीं आज कुछ नहीं! हां, और क्या समाचार है। कुछ सुनाओ।—कहकर चौबे ने एक बार सतृष्ण नेत्रों से उस दरिद्र विधवा की ओर देखा। सुखदेव! कितने दिनों पर मेरा समाचार पूछ रहे हो, मुझे भी स्मरण नहीं; सब भूल गई हूं। कहने की कोई बात हो भी। क्या कहूं। भाभी! मैं बड़ा अभागा हूं। मैं तो घर से निकाला जाकर कष्टमय जीवन ही बीता रहा हूं। तुम्हारे चले आने के बाद मैं कुछ ही दिनों तक घर पर रह सका। जो थोड़ा खेत बचा था उसे बंधक रखकर बड़े भाई के लिए एक स्त्री खरीदकर जब आई, तो मेरे लिए रोटी का प्रश्न सामने खड़ा होकर हंसने लगा। मैं नौकरी के बहाने परदेश चला। मेरा मन भी वहां लगता न था। गांव काटने को दौड़ता था। कलकत्ता में किसी तरह एक थियेटर की दरबानी मिली। मैं उसके साथ बराबर परदेश घूमने लगा। रसोई भी बनाता रहा। हां, बीच में मैं संग होने से हारमोनियम सीखता रहा। फिर एक दिन बनारस में जब हमारी कंपनी खेल कर रही थी, राजा साहब से भेंट हो गई। जब उन्हें सब हाल मालूम हुआ, तो उन्होंने कहा तुम चलो, मेरे यहां सुख से रहो। क्यों परदेश में मारे-मारे फिर रह हो? तब मैं राजा साहब का दरबारी बना। उन्हें कभी कोई अच्छी चीज बनाकर खिलाता, ठंडाई बनाता और कभीकभी बाजा भी सुनाता। मेरे जीवन का कोई लक्ष्य न था। रुपया कमाने की इच्छा नहीं। दिन बीतने लगे। कभी-कभी, न जाने क्यों, तुमको स्मरण कर लेता। जैसे इस संसार में... राजकुमारी के नस-नस में बिजली दौड़ने लगी थी। एक अभागे युवक का जो सब ओर से ठुकराए जाने पर भी उसको स्मरण करता था।—रूप उसकी आंखों के सामने विराट होकर ममता के आलोक में झलक उठा। वह तन्मय होकर सुना रही थी, जैसे उसकी चेतना सहसा लौट आई। अपनी प्यास बढ़ाकर उसने पूछा—क्यों सुखदेव! मुझे क्यों?",201,attribution_dash,क्यों सुखदेव! मुझे क्यों?,पूछा,,2570,2595,high,
TITLI-CAND-000211,2.3,titli_11.html,"भाभी? ऐसा न कहो। दो दिन के जीवन में मनुष्य मनुष्य को यदि नहीं पूछता—स्नेह नहीं करता, तो फिर वह किसलिए उत्पन्न हुआ है। यह सत्य है कि सब ऐसे भाग्यशाली नहीं होते कि उन्हें कोई प्यार करे, पर यह तो हो सकता है कि वह स्वयं किसी को प्यार करे, किसी के दुख-सुख में हाथ बंटाकर अपना जन्म सार्थक कर ले।",204,attribution_dash,"स्नेह नहीं करता, तो फिर वह किसलिए उत्पन्न हुआ है। यह सत्य है कि सब ऐसे भाग्यशाली नहीं होते कि उन्हें कोई प्यार करे, पर यह तो हो सकता है कि वह स्वयं किसी को प्यार करे, किसी के दुख-सुख में हाथ बंटाकर अपना जन्म सार्थक कर ले।",पूछता,,68,289,high,
TITLI-CAND-000212,2.3,titli_11.html,"उसकी चतुरता का भाव परास्त हो गया था। अपने को संभालकर कहने लगा—तो फिर मैं अपनी बात न कहूं? अच्छा, जैसी तुम्हारी आज्ञा। एक विशेष काम से तुम्हारे पास आया हूं। उसे तो सुन लोगी?",207,attribution_dash,"तो फिर मैं अपनी बात न कहूं? अच्छा, जैसी तुम्हारी आज्ञा। एक विशेष काम से तुम्हारे पास आया हूं। उसे तो सुन लोगी?",कहने लगा,,62,172,high,
TITLI-CAND-000213,2.3,titli_11.html,"राजकुमारी अब अपना धैर्य न संभाल सकी, उसने चिढ़कर कहा—सब सुनती हूं जानती हूं तुम साफ-साफ अपनी बात कहो।",214,attribution_dash,सब सुनती हूं जानती हूं तुम साफ-साफ अपनी बात कहो।,कहा,,53,101,high,
TITLI-CAND-000214,2.3,titli_11.html,अपने को बहुत रोकते हुए राजकुमारी ने कहा—क्या?,216,attribution_dash,क्या?,राजकुमारी ने कहा,राजकुमारी,40,45,high,
TITLI-CAND-000215,2.3,titli_11.html,"राजकुमारी निश्चेष्ट होकर सुखदेव का मुंह देखने लगी; और वह बहत-सी बात सोच रही थी। थोड़ी देर पर वह बोली—क्यों, मेम साहब क्या करेंगी?",218,attribution_dash,"क्यों, मेम साहब क्या करेंगी?",बोली,,101,129,high,
TITLI-CAND-000216,2.3,titli_11.html,"कुछ देर तक राजकुमारी सिर नीचा कर सोचती रही। फिर उसने कहा—अच्छा, किसी दूसरे दिन इसका उत्तर दूंगी।",220,attribution_dash,"अच्छा, किसी दूसरे दिन इसका उत्तर दूंगी।",कहा,,57,96,high,
TITLI-CAND-000217,2.3,titli_11.html,राजकुमारी ने सब जान-बूझकर—कहा—हूं। अभी यह हाल है तो तितली से ब्याह हो जाने पर तो धरती पर पैर ही न पड़ेंगे।,232,attribution_dash,हूं। अभी यह हाल है तो तितली से ब्याह हो जाने पर तो धरती पर पैर ही न पड़ेंगे।,कहा,,30,106,high,
TITLI-CAND-000218,2.4,titli_12.html,उसकी आंखों में विश्वास कुतूहल बना हुआ संसार का सुंदर चित्र देख रहा था। किसी ने पुकारा—तितली! उसने घूमकर देखा; शैला अपनी रेशमी साड़ी का आंचल हाथ में लिये खड़ी है।,237,attribution_dash,तितली! उसने घूमकर देखा; शैला अपनी रेशमी साड़ी का आंचल हाथ में लिये खड़ी है।,किसी ने पुकारा,,86,161,high,
TITLI-CAND-000219,2.4,titli_12.html,तितली की प्रसन्नता चंचल हो उठी। वहीं खड़ी होकर उसने कहा—आओ बहन! देखो न! मेरी गोभी में फूल बैठने लगे हैं।,238,attribution_dash,आओ बहन! देखो न! मेरी गोभी में फूल बैठने लगे हैं।,कहा,,56,104,high,
TITLI-CAND-000220,2.4,titli_12.html,"शैला हंसती हुई पास आकर देखने लगी। श्याम-हरित पत्रों में नन्हें-नन्हें उजले-उजले फूल! उसने कहा—वाह! लो, तुम भी इसी तरह फूलो-फलो।",239,attribution_dash,"वाह! लो, तुम भी इसी तरह फूलो-फलो।",कहा,,94,127,high,
TITLI-CAND-000221,2.4,titli_12.html,अश्घिर्वाद की कृतज्ञता में सिर झुकाकर तितली ने कहा—कितना प्यार करती हो मुझे!,240,attribution_dash,कितना प्यार करती हो मुझे!,तितली ने कहा,तितली,51,76,high,
TITLI-CAND-000222,2.4,titli_12.html,"शैला ने कहा—अच्छा, मैं भी आज न पढूंगी—बाबाजी से मिलकर चली जाऊंगी।",247,attribution_dash,"अच्छा, मैं भी आज न पढूंगी—बाबाजी से मिलकर चली जाऊंगी।",शैला ने कहा,शैला,12,65,high,
TITLI-CAND-000223,2.4,titli_12.html,"रामनाथ अभी उपासना करके अपने आसन पर बैठे थे। शैला उनके पास चटाई पर जाकर बैठ गई। रामनाथ ने पूछा—आज पाठ न होगा क्या? मधुबन भी नहीं दिखाई पड़ रहा है, तितली भी नहीं!",248,attribution_dash,"आज पाठ न होगा क्या? मधुबन भी नहीं दिखाई पड़ रहा है, तितली भी नहीं!",रामनाथ ने पूछा,रामनाथ,94,160,high,
TITLI-CAND-000224,2.4,titli_12.html,शैला ने मन—ही-मन कहा—यही तो। उसका मुंह प्रसन्नता से चमकने लगा। फिर उसने कहा—आज मैं बहुत ही कृतज्ञ हुई; मेरी इच्छा है कि आप मुझे अपने धर्म के अनुसार दीक्षा दीजिए।,263,multi_turn_paragraph,यही तो। उसका मुंह प्रसन्नता से चमकने लगा। फिर उसने,कहा,,21,71,high,
TITLI-CAND-000225,2.4,titli_12.html,शैला ने मन—ही-मन कहा—यही तो। उसका मुंह प्रसन्नता से चमकने लगा। फिर उसने कहा—आज मैं बहुत ही कृतज्ञ हुई; मेरी इच्छा है कि आप मुझे अपने धर्म के अनुसार दीक्षा दीजिए।,263,attribution_dash,आज मैं बहुत ही कृतज्ञ हुई; मेरी इच्छा है कि आप मुझे अपने धर्म के अनुसार दीक्षा दीजिए।,कहा,,76,161,high,
TITLI-CAND-000226,2.4,titli_12.html,क्षण-भर सोच लेने के बाद रामनाथ ने पूछा—क्या अभी और विचार करने के लिए तुमको अवसर नहीं चाहिए? दीक्षा तो मैं...,264,attribution_dash,क्या अभी और विचार करने के लिए तुमको अवसर नहीं चाहिए? दीक्षा तो मैं...,रामनाथ ने पूछा,रामनाथ,39,108,high,
TITLI-CAND-000227,2.4,titli_12.html,मेरा निश्चय हो चुका। अच्छा तो आज मुझे छुट्टी दीजिए। अभी नीलवलिा कोठी पर जाना होगा। मधुबन तो कई दिन से रात को भी वहीं रहता है। वह घर क्यों नहीं जाता। आप पूछिएगा।—शैला ने कहा।,268,attribution_dash,मेरा निश्चय हो चुका। अच्छा तो आज मुझे छुट्टी दीजिए। अभी नीलवलिा कोठी पर जाना होगा। मधुबन तो कई दिन से रात को भी वहीं रहता है। वह घर क्यों नहीं जाता। आप पूछिएगा।,शैला ने कहा,शैला,0,160,high,
TITLI-CAND-000228,2.4,titli_12.html,आज पूछ लूंगा—कहकर आसन से उठते हुए रामनाथ ने पुकारा—तितली!,269,attribution_dash,तितली!,रामनाथ ने पुकारा,रामनाथ,51,57,high,
TITLI-CAND-000229,2.4,titli_12.html,तितली ने आकर देखा कि रामनाथ आसन से उठ गए हैं और शैला बनजरिया से बाहर जाने के लिए हरियाली की पगडंडी पर चली आई है। उसने कहा-बहन तुम जाती हो क्या?,271,attribution_dash,बहन तुम जाती हो क्या?,कहा,,122,143,high,
TITLI-CAND-000230,2.4,titli_12.html,"तितली लज्जित-सी सिर नीचा किए बोली—नहीं, आज कई दिनों से भेंट नहीं हुई।—उसके हृदय में धड़कन होने लगी।",273,attribution_dash,"नहीं, आज कई दिनों से भेंट नहीं हुई।—उसके हृदय में धड़कन होने लगी।",बोली,,34,99,high,
TITLI-CAND-000231,2.4,titli_12.html,क्यों? यह तो मैं भी जानती हूं।—फिर चिंतित होकर शैला ने कहा—क्या राजकुमारी का कोई संदेश आया था?,276,attribution_dash,क्या राजकुमारी का कोई संदेश आया था?,शैला ने कहा,शैला,59,94,high,
TITLI-CAND-000232,2.4,titli_12.html,"नहीं।—अभी तितली और कुछ कहना ही चाहती थी कि सामने से मधुबन आता दिखाई पड़ा। उसकी भवें तनी थीं। मुंह रूखा हो रहा था। शैला ने पूछा—क्यों मधुबन, आज-कल तुम घर क्यों नहीं जाते?",277,attribution_dash,"क्यों मधुबन, आज-कल तुम घर क्यों नहीं जाते?",शैला ने पूछा,शैला,127,169,high,
TITLI-CAND-000233,2.4,titli_12.html,"अच्छी बात है! देखो, भूलना मत!—कहती हुई शैला चली गई; और अब सामने खड़ी रही तितली। उसके मन में कितनी बातें उठ रही थीं, किंतु जब से उसके ब्याह की बात चल पड़ी थी, वह लज्जा का अधिक अनुभव करने लगी थी। पहले तो वह मधुबन को झिड़क देती थी, रामनाथ से मधुबन के संबंध में कुछ उलटी-सीधी भी कहती पर न जाने अब वैसा साहस उसमें क्यों नहीं आता। वह जोर करके बिगडना चाहती थी, पर जैसे अधरों के कोनों में हंसी फूट उठती! बड़े धैर्य से उसने कहा—आजकल तुमको रूठना कब से आ गया है।",281,attribution_dash,आजकल तुमको रूठना कब से आ गया है।,कहा,,419,451,high,
TITLI-CAND-000234,2.4,titli_12.html,"मधुबन की इच्छा हुई कि वह हंसकर कह दे कि—जब से तुमसे ब्याह होने की बात चल पड़ी है;—पर वैसा न कहकर उसने कहा—हम लोग भला रूठना क्या जानें, यह तो तुम्हीं लोगों की विद्या है।",282,attribution_dash,"हम लोग भला रूठना क्या जानें, यह तो तुम्हीं लोगों की विद्या है।",कहा,,106,168,high,
TITLI-CAND-000235,2.4,titli_12.html,"तितली इस सहज हंसी से भी झल्ला उठी। उसने कहा—नहीं-नहीं, मेरे लिए किसी को कुछ करने की आवश्यकता नहीं।",285,attribution_dash,"नहीं-नहीं, मेरे लिए किसी को कुछ करने की आवश्यकता नहीं।",कहा,,44,98,high,
TITLI-CAND-000236,2.4,titli_12.html,मधुबन और कुछ कहने जा रहा था कि रामनाथ ने उसे दूर से ही पुकारा—मधुबन!,288,attribution_dash,मधुबन!,रामनाथ ने उसे दूर से ही पुकारा,रामनाथ,62,68,high,
TITLI-CAND-000237,2.4,titli_12.html,किंतु एक दृष्टि में इंद्रदेव ने उस सरल ग्रामीण सौंदर्य को देखा। उन्हें कुतूहल हुआ। उस दिन बनजरिया के साथ तितली का नाम उनकी कचहरी में प्रतिध्वनित हो गया था। वह यह है? उन्होंने मधुबन के नमस्कार का उत्तर देते हुए तितली से पूछा-मिस शैला अभी—अभी यहां आई थीं?,290,attribution_dash,मिस शैला अभी—अभी यहां आई थीं?,पूछा,,224,253,high,
TITLI-CAND-000238,2.4,titli_12.html,"हां, अभी ही नील-कोठी की ओर गई हैं!—तितली ने घूमकर मधुर स्वर से कहा। वह खड़ी हो गई।",291,attribution_dash,"हां, अभी ही नील-कोठी की ओर गई हैं!",तितली ने घूमकर मधुर स्वर से कहा,तितली,0,34,high,
TITLI-CAND-000239,2.4,titli_12.html,इंद्रदेव ने समीप आते हए रामनाथ को देखकर नमस्कार किया। रामनाथ इसके पहले से ही आशीर्वाद देने के लिए हाथ उठा चुके थे? इंद्रदेव ने हंसकर पूछा—आपकी पाठशाला तो चल रही है?,292,attribution_dash,आपकी पाठशाला तो चल रही है?,इंद्रदेव ने हंसकर पूछा,इंद्रदेव,138,164,high,
TITLI-CAND-000240,2.4,titli_12.html,"रामनाथ ने पूछा—मधुबन, तुम आजकल कैसे हो रहे हो?",297,attribution_dash,"मधुबन, तुम आजकल कैसे हो रहे हो?",रामनाथ ने पूछा,रामनाथ,15,46,high,
TITLI-CAND-000241,2.4,titli_12.html,"रामनाथ ने कहा—मधुबन! कुछ ही दिनों में एक नई घटना होने वाली है। वह अच्छी होगी या बुरी, नहीं कह सकता। किंतु उसके लिए हम सबको प्रस्तुत रहना चाहिए।",299,attribution_dash,"मधुबन! कुछ ही दिनों में एक नई घटना होने वाली है। वह अच्छी होगी या बुरी, नहीं कह सकता। किंतु उसके लिए हम सबको प्रस्तुत रहना चाहिए।",रामनाथ ने कहा,रामनाथ,14,143,high,
TITLI-CAND-000242,2.4,titli_12.html,क्या?—मधुबन ने सशंक होकर पूछा।,300,attribution_dash,क्या?,मधुबन ने सशंक होकर पूछा,मधुबन,0,5,high,
TITLI-CAND-000243,2.4,titli_12.html,शैला को मैं हिंदू-धर्म की दीक्षा दूंगा।—स्थिर भाव से रामनाथ ने कहा। मधुबन ने उद्विग्न होकर कहा—तो इसमें क्या कुछ अनिष्ट की संभावना है?,301,attribution_dash,तो इसमें क्या कुछ अनिष्ट की संभावना है?,मधुबन ने उद्विग्न होकर कहा,मधुबन,95,134,high,
TITLI-CAND-000244,2.4,titli_12.html,"रामनाथ ने बाधा देकर कहा—आज पाठ न होगा। तुम कई दिन से घर नहीं गए हो, जाओ!",308,attribution_dash,"आज पाठ न होगा। तुम कई दिन से घर नहीं गए हो, जाओ!",रामनाथ ने बाधा देकर कहा,रामनाथ,24,72,high,
TITLI-CAND-000245,2.4,titli_12.html,"वह अपनी असावधानी पर झल्लाते हुए झोंपड़ी के भीतर कुछ ढूंढने चले। किंतु पीछे फिरकर देखते हैं, तो राजकुमारी रामदीन की नानी के साथ खड़ी है। उन्होंने कहा—आओ, तुम्हारी प्रतीक्षा में था। बैठो।",312,attribution_dash,"आओ, तुम्हारी प्रतीक्षा में था। बैठो।",कहा,,149,185,high,
TITLI-CAND-000246,2.4,titli_12.html,राजकुमारी ने बैठते हुए कहा—मैं आज एक काम से आई हूं।,313,attribution_dash,मैं आज एक काम से आई हूं।,राजकुमारी ने बैठते हुए कहा,राजकुमारी,27,51,high,
TITLI-CAND-000247,2.4,titli_12.html,क्यों? नहीं क्यों होगा?—रामनाथ ने आश्चर्य से पूछा।,316,attribution_dash,क्यों? नहीं क्यों होगा?,रामनाथ ने आश्चर्य से पूछा,रामनाथ,0,23,high,
TITLI-CAND-000248,2.4,titli_12.html,"ऐसे निठल्ले से तितली का ब्याह करके उस लड़की को क्या भाड़ में झोंकना है। आज कई दिनों से वह घर भी नहीं आता। मैं मर-कुट कर गृहस्थी का काम चलाती हूं। बाबाजी, इतने दिनों से आपने भी मुझे इसी गांव में देखा-सुना है। मैं अपने दुःख के दिन किस तरह काट रही हूं।—कहते-कहते राजकुमारी की आंखों में औसू भर आए।",317,attribution_dash,कहते राजकुमारी की आंखों में औसू भर आए।,कहते,,255,293,high,
TITLI-CAND-000249,2.4,titli_12.html,"रामनाथ ने पूरे बल से इस लीला का प्रत्याख्यान करने का मन में संकल्प कर लिया। बोले—सुनो राजो, ब्याह तो होगा ही। जब बात चल चुकी है, तो उसे करना ही होगा। इसमें मैं किसी की बात नहीं सुनूंगा, तम्हारी भी नहीं। क्या तम्हारे ऊपर मेरा कुछ अधिकार नहीं है? बेटी, आज ऐसी बात! ना, सो नहीं, ब्याह तो होगा ही।",320,attribution_dash,"सुनो राजो, ब्याह तो होगा ही। जब बात चल चुकी है, तो उसे करना ही होगा। इसमें मैं किसी की बात नहीं सुनूंगा, तम्हारी भी नहीं। क्या तम्हारे ऊपर मेरा कुछ अधिकार नहीं है? बेटी, आज ऐसी बात! ना, सो नहीं, ब्याह तो होगा ही।",बोले,,81,293,high,
TITLI-CAND-000250,2.4,titli_12.html,राजकुमारी तिलमिला उठी थी। उसने क्रोध से जलकर कहा—कैसे होगा? आप नहीं जानते हैं कि जमींदार के घर के लोगों की आख उस पर है।,321,attribution_dash,कैसे होगा? आप नहीं जानते हैं कि जमींदार के घर के लोगों की आख उस पर है।,कहा,,49,119,high,
TITLI-CAND-000251,2.4,titli_12.html,पल-भर के लिए रामनाथ ने भूल की थी। वह एक सुख-स्वप्न था। उन्होंने संभलकर कहा—मैं तो मधुबन से ही उसका ब्याह निश्चित कर चुका हूं।,326,attribution_dash,मैं तो मधुबन से ही उसका ब्याह निश्चित कर चुका हूं।,कहा,,75,125,high,
TITLI-CAND-000252,2.4,titli_12.html,राजकुमारी ने अब रूप बदला। बहुत तीखे स्वर से बोली-तो आप मधुबन का सर्वनाश करना चाहते हैं! कीजिए; मैं स्त्री हूं क्या कर सकूंगी। वह आंखों में औसू भरे उठ गई।,329,attribution_dash,तो आप मधुबन का सर्वनाश करना चाहते हैं! कीजिए; मैं स्त्री हूं क्या कर सकूंगी।,बोली,,49,125,high,stopped before a recognizable narrative continuation; review boundary
TITLI-CAND-000253,2.4,titli_12.html,जब रामनाथ झोंपड़ी में से कुछ हाथ में लिये बाहर निकले तो मधुबन दिखाई पड़ा। उसका मुंह क्रोध से तमतमा रहा था। कुछ कहना चाहता था; पर जैसे कहने की शक्ति छिन गई हो! रामनाथ ने पूछा—क्या घर नहीं गए?,331,attribution_dash,क्या घर नहीं गए?,रामनाथ ने पूछा,रामनाथ,174,190,high,
TITLI-CAND-000254,2.4,titli_12.html,"वहां क्या करता? देखिए, इधर मैं घर की कोई बात आपसे कहना चाहता था, परंतु डर से कह नहीं सका। राजो..वह कहते-कहते रुक गया।",334,attribution_dash,कहते रुक गया।,कहते,,104,117,high,
TITLI-CAND-000255,2.4,titli_12.html,रामनाथ ने उसके बढ़ते हुए क्रोध को शांत करने की इच्छा से कहा—सुनो मधुबन! राजो फिर भी तो स्त्री है। उसे तुम्हारी भलाई का लोभ किसी ने दिया होगा। वह बेचारी उसी विचार से....,342,attribution_dash,सुनो मधुबन! राजो फिर भी तो स्त्री है। उसे तुम्हारी भलाई का लोभ किसी ने दिया होगा। वह बेचारी उसी विचार से....,कहा,,60,168,high,
TITLI-CAND-000256,2.4,titli_12.html,नहीं बाबाजी। इसमें कुछ और भी रहस्य है। वह चाहे मैं अभी नहीं समझ सका हूं..।—कहते-कहते मधुबन सिर नीचा करके गंभीर चिंता में निमग्न हो गया।,343,attribution_dash,कहते मधुबन सिर नीचा करके गंभीर चिंता में निमग्न हो गया।,कहते,,80,135,high,
TITLI-CAND-000257,2.4,titli_12.html,अंत में रामनाथ ने दृढ़ स्वर से कहा—पर तुमको तो आज ही शहर जाना होगा। यह लो रुपये सब वस्तुएं इसी सूची के अनुसार आ जानी चाहिए।,344,attribution_dash,पर तुमको तो आज ही शहर जाना होगा। यह लो रुपये सब वस्तुएं इसी सूची के अनुसार आ जानी चाहिए।,रामनाथ ने दृढ़ स्वर से कहा,रामनाथ,35,123,high,
TITLI-CAND-000258,2.5,titli_13.html,"रामदीन रोष से भर उठा। वह कोठी का नौकर है। माधुरी ने कई हेर-फेर लगाकर उसे नील-कोठी जाने से रोक लिया। मेम साहब का साथ छोड़ना उसे अखर गया। शैला ने जाते-जाते उसे एक रुपया देकर कहा—रामदीन, तुम यहीं काम करो। फिर मैं मांजी से कहकर बुला लूंगी! अच्छा न!",349,multi_turn_paragraph,"रामदीन, तुम यहीं काम करो। फिर मैं मांजी से",कहा,,176,218,high,
TITLI-CAND-000259,2.5,titli_13.html,माधुरी ने स्वभाव के अनुसार उसे खूब पीटने के लिए चौबे से कहा। चौबेजी ने कहा—यह पाजी पीटने से नहीं मानेगा। इसे तो पुलिस में देना ही चाहिए। ऐसे लडुकों की दूसरी दवा ही नहीं।,352,attribution_dash,यह पाजी पीटने से नहीं मानेगा। इसे तो पुलिस में देना ही चाहिए। ऐसे लडुकों की दूसरी दवा ही नहीं।,चौबेजी ने कहा,चौबेजी,75,169,high,
TITLI-CAND-000260,2.5,titli_13.html,"इंद्रदेव को माधुरी की इस भविष्यवाणी पर विश्वास नहीं हुआ। उन्होंने कहा-लड़कों को इतना कड़ा दंड देने से सुधार होने की संभावना तो बहुत ही कम होती है, उलटे उनके स्वभाव में उच्छूंखलता बढ़ती है। उसे न हो तो शैला के पास भेज दो। वहां ठीक रहेगा।",355,attribution_dash,"लड़कों को इतना कड़ा दंड देने से सुधार होने की संभावना तो बहुत ही कम होती है, उलटे उनके स्वभाव में उच्छूंखलता बढ़ती है। उसे न हो तो शैला के पास भेज दो। वहां ठीक रहेगा।",कहा,,70,236,high,
TITLI-CAND-000261,2.5,titli_13.html,अनवरी ने भी दूसरी ओर से आकर क्रोध और उदासी से भरे स्वर में कहा-दूसरा कोई उपाय नहीं।,357,attribution_dash,दूसरा कोई उपाय नहीं।,कहा,,63,83,high,
TITLI-CAND-000262,2.5,titli_13.html,"रामदीन बुलाया गया। अनवरी पर जो क्रोध था उसे किसी पर निकालना ही चाहिए; और जब दुर्बल प्राणी सामने हो तो हृदय के संतोष के लिए अच्छा अवसर मिल जाता है। रामदीन ने सामने आते ही इंद्रदेव का रूप देखकर रोना आरंभ किया। उठा हुआ थप्पड़ रुक गया। इंद्रदेव ने डांटकर पूछा—क्यों बे, तूने मनीबेग चुरा लिया है?",359,attribution_dash,"क्यों बे, तूने मनीबेग चुरा लिया है?",इंद्रदेव ने डांटकर पूछा,इंद्रदेव,256,291,high,
TITLI-CAND-000263,2.5,titli_13.html,इंद्रदेव ने कड़ककर कहा—चुप बदमाश! क्या तुमसे उनकी कोई बुराई है जो वह ऐसा करेगी?,361,attribution_dash,चुप बदमाश! क्या तुमसे उनकी कोई बुराई है जो वह ऐसा करेगी?,इंद्रदेव ने कड़ककर कहा,इंद्रदेव,23,79,high,
TITLI-CAND-000264,2.5,titli_13.html,"उसका स्वर तो ऊंचा हुआ, पर बीबी-रानी अपना नाम सुनकर क्षोभ और क्रोध से लाल हो गईं।—सुना न, इस पाजी का हौसला देखिए। यह कितनी झूठी-झूठी बातें भी बना सकता है।—कहकर भी माधुरी रोने-रोने हो रही थी। आगे उसके लिए बोलना असंभव था। बात में सत्यांश था। वह क्रोध न करके अपनी सफाई देने की चेष्टा करने लगी। उसने कहा—बुलाओ तो मलिया को; कोई सुनता है कि नहीं!",363,attribution_dash,बुलाओ तो मलिया को; कोई सुनता है कि नहीं!,कहा,,299,339,high,
TITLI-CAND-000265,2.5,titli_13.html,इंद्रदेव ने विषय का भीषण आभास पाया। उन्होंने कहा—कोई काम नहीं। इस शैतान को पुलिस में देना ही होगा। मैं अभी भेजता हूं।,364,attribution_dash,कोई काम नहीं। इस शैतान को पुलिस में देना ही होगा। मैं अभी भेजता हूं।,कहा,,49,117,high,
TITLI-CAND-000266,2.5,titli_13.html,भीतर से कृष्णमोहन चिक हटाकर निकला। उसने हंसते हुए नमस्कार किया। शैला ने पूछा—बड़ी सरकार कहां हैं?,372,attribution_dash,बड़ी सरकार कहां हैं?,शैला ने पूछा,शैला,77,97,high,
TITLI-CAND-000267,2.5,titli_13.html,शैला लौटकर इंद्रदेव के कमरे के पास आई। आज उसे वही कमरा अपरिचित-सा दिखाई पड़ा! मलिया को उधर से आते हुए देखकर शैला ने पूछा-इंद्रदेव कहां हैं?,376,attribution_dash,इंद्रदेव कहां हैं?,शैला ने पूछा,शैला,121,139,high,
TITLI-CAND-000268,2.5,titli_13.html,"बाहर से चंचल और भीतर से गहरे मनोयोग-पूर्वक प्रयत्न करने वाली चतुर स्त्री है। उस दिन शैला और मधुबन के संबंध में हंसी-हंसी से कितना गंभीर व्यंग्य कर गई। वह क्या चाहती है। हंसते-हंसते अपने यौवन से भरे हए अंगों को, लोट-पोट होकर असावधानी से, दिखा देने का अभिनय करती है; और कान में आकर कुछ कहने के बहाने हंसकर लौट जाती है। वह धर्म-परिवर्तन की भी बातें करती है। उसे हिंदू आचार-विचार अच्छे लगते हैं। रहन-सहन; पहनावा और खाना-पीना ठीक-ठीक। जैसे मेरे कुटुंब की स्त्रियां भी उसे अपने में मिला लेने में हिचकेंगी नहीं। यह मुझे कभी-कभी टटोलती है। पूछती है—'क्या स्त्रियों को शैला की तरह स्वतंत्रता चाहिए? अवरोध और अनुशासन नहीं? मैं तो किसी से भी ब्याह कर लूं और वह इतनी स्वतंत्रता मुझे दे तो मैं ऊब जाऊंगी।' वह हंसी में कहती है। सब हंसने लगती हैं। सब लोगों को शैला पर कही हुई यह बात अच्छी लगती है। और मैं? दबते-दबते मन में अनवरी का समर्थन क्यों करने लगता हूं? वह ढीठ अनवरी—मां से हंसी करती हुई पूछती है, मैं हिंदू हो जाऊं तो मुझे अपनी बहू बनाइएगा?",392,attribution_quote,क्या स्त्रियों को शैला की तरह स्वतंत्रता चाहिए? अवरोध और अनुशासन नहीं? मैं तो किसी से भी ब्याह कर लूं और वह इतनी स्वतंत्रता मुझे दे तो मैं ऊब जाऊंगी।,पूछती,,542,691,high,
TITLI-CAND-000269,2.5,titli_13.html,"दूसरे दिन रात को, जब लोग सो रहे थे, मैं ऊंघता हुआ विचार कर रहा था। फिर वैसा ही शब्द हुआ। मैंने पूछा—कौन?",394,attribution_dash,कौन?,पूछा,,100,104,high,
TITLI-CAND-000270,2.5,titli_13.html,"क्षण-भर सोचने पर उसने कहा—नहीं, वह इंद्रदेव को प्यार कभी नहीं कर सकती।—फिर डायरी के पन्ने खोलकर पढ़ने लगी। उसने सोचा कि मुझे ऐसा न करना चाहिए; किंतु न जाने क्यों उसे पढ़ लेना वह अपना अधिकार समझती थी। हां, तो वह आगे पढ़ने लगी—",397,attribution_dash,"नहीं, वह इंद्रदेव को प्यार कभी नहीं कर सकती।—फिर डायरी के पन्ने खोलकर पढ़ने लगी।",कहा,,26,106,high,stopped before a recognizable narrative continuation; review boundary
TITLI-CAND-000271,2.5,titli_13.html,"इंद्रदेव आ गए, तब भी वह आख मूंद कर बैठी रही। इंद्रदेव ने उसके सिर पर हाथ रखकर कहा—शैला?",403,attribution_dash,शैला?,कहा,,82,87,high,
TITLI-CAND-000272,2.5,titli_13.html,अवाक् होकर इंद्रदेव ने शैला की ओर देखा। वह शांत थी। इंद्रदेव ने साहस एकत्र करके कहा—तब जैसी तुम्हारी इच्छा!,411,attribution_dash,तब जैसी तुम्हारी इच्छा!,इंद्रदेव ने साहस एकत्र करके कहा,इंद्रदेव,84,107,high,
TITLI-CAND-000273,2.5,titli_13.html,"इंद्रदेव, उपास्य को जानने के लिए उद्विग्न हो गए थे। वह पूछना ही चाहते थे कि बीच में टोककर शैला ने कहा—और मुझे क्षमा भी मांगनी है।",415,attribution_dash,और मुझे क्षमा भी मांगनी है।,शैला ने कहा,शैला,102,129,high,
TITLI-CAND-000274,2.9,titli_17.html,"'असतो मा सद्गमय, तमसो मा ज्योतिर्गमय, मृत्योर्मामृतंगमय।'",423,unattributed_quote,"असतो मा सद्गमय, तमसो मा ज्योतिर्गमय, मृत्योर्मामृतंगमय।",,,1,56,medium,speaker attribution unresolved
TITLI-CAND-000275,2.9,titli_17.html,"उधर मिस्टर वाट्सन शैला को कुतूहल से देख रहे थे। मन में सोचते थे कि 'यह कैसा है?' शैला के चारों ओर जो भारतीय वायुमंडल हवन-धूम, फूलों और हरियाली की सुगंध में स्निग्ध हो रहा था, उसने वाट्सन के हृदय पर से विरोध का आवरण हटा दिया था; उसके सौंदर्य में वह श्रद्धा और मित्रता को आमंत्रित करने लगा। उन्होंने इंद्रदेव से पूछा-कुंवर साहब! यह जो कुछ हो रहा है, उसमें आप विश्वास करते हैं न?",425,unattributed_quote,यह कैसा है?,,,68,79,medium,speaker attribution unresolved
TITLI-CAND-000276,2.9,titli_17.html,"उधर मिस्टर वाट्सन शैला को कुतूहल से देख रहे थे। मन में सोचते थे कि 'यह कैसा है?' शैला के चारों ओर जो भारतीय वायुमंडल हवन-धूम, फूलों और हरियाली की सुगंध में स्निग्ध हो रहा था, उसने वाट्सन के हृदय पर से विरोध का आवरण हटा दिया था; उसके सौंदर्य में वह श्रद्धा और मित्रता को आमंत्रित करने लगा। उन्होंने इंद्रदेव से पूछा-कुंवर साहब! यह जो कुछ हो रहा है, उसमें आप विश्वास करते हैं न?",425,attribution_dash,"कुंवर साहब! यह जो कुछ हो रहा है, उसमें आप विश्वास करते हैं न?",पूछा,,315,376,high,
TITLI-CAND-000277,2.9,titli_17.html,"इंद्रदेव ने अपने गौरव पर और भी रंग चढ़ाने के लिए उपेक्षा से मुस्कुराकर कहा—तनिक भी नहीं। हां, मिस शैला की प्रसन्नता के लिए उनके उत्साह में भाग लेना मेरे लिए आदर की बात है। मुझे इस गुरुडम में कोई कल्याण की बात समझ में नहीं आती। मनुष्य को अपने व्यक्तित्व में पूर्ण विकास करने की क्षमता होनी चाहिए। उसे बाहरी सहायता की आवश्यकता नहीं।",426,attribution_dash,"तनिक भी नहीं। हां, मिस शैला की प्रसन्नता के लिए उनके उत्साह में भाग लेना मेरे लिए आदर की बात है। मुझे इस गुरुडम में कोई कल्याण की बात समझ में नहीं आती। मनुष्य को अपने व्यक्तित्व में पूर्ण विकास करने की क्षमता होनी चाहिए। उसे बाहरी सहायता की आवश्यकता नहीं।",कहा,,75,330,high,
TITLI-CAND-000278,2.9,titli_17.html,"फिर मुस्कुराकर वाट्सन ने कहा—स्वतंत्र इंग्लैंड में रह आने के कारण आप वाट्सन को हौवा नहीं समझते; किंतु मैं अनुभव करता हूं कि यहां के अन्य लोग मेरी कितनी धाक मानते हैं। उनके लिए मैं देवता हूं या राक्षस, साधारण मनुष्य नहीं। यह विषमता क्या परिस्थितियों से उत्पन्न नहीं हुई है?",428,attribution_dash,"स्वतंत्र इंग्लैंड में रह आने के कारण आप वाट्सन को हौवा नहीं समझते; किंतु मैं अनुभव करता हूं कि यहां के अन्य लोग मेरी कितनी धाक मानते हैं। उनके लिए मैं देवता हूं या राक्षस, साधारण मनुष्य नहीं। यह विषमता क्या परिस्थितियों से उत्पन्न नहीं हुई है?",वाट्सन ने कहा,वाट्सन,29,272,high,
TITLI-CAND-000279,2.9,titli_17.html,"इंद्रदेव को अपने सांपत्तिक आधार पर खड़ा करके जो वाट्सन ने व्यंग्य किया, वह उन्हें तीखा लगा। इन्द्रदेव ने खीझकर कहा—मेरी सुविधाएं मुझे मनुष्य बनाने में समर्थ हुई हैं कि नहीं, यह तो मैं नहीं कह सकता; किंतु मेरी संपत्ति में जीवन को सब तरह की सुविधा मिलनी चाहिए। यह मैं नहीं मानता कि मनुष्य अपने संतोष से ही सम्राट हो जाता है और अभिलाषाओं से दरिद्र। मानव-जीवन लालसाओं से बना हुआ सुंदर चित्र है। उसका रंग छीनकर उसे रेखा-चित्र बना देने से मुझे संतोष नहीं होगा। उसमें कहे जाने वाले पुण्य-पाप की सुवर्ण कालिमा, सुख-दुःख को आलोक-छाया और लज्जा-प्रसन्नता की लाली-हरियाली उद्भासित हो। और चाहिए उसके लिए विस्तृत भूमिका, जिसमें रेखाएं उनुक्त होकर विकसित हों।",429,multi_turn_paragraph,"मेरी सुविधाएं मुझे मनुष्य बनाने में समर्थ हुई हैं कि नहीं, यह तो मैं नहीं कह सकता; किंतु मेरी संपत्ति में जीवन को सब तरह की सुविधा मिलनी चाहिए। यह मैं नहीं मानता कि मनुष्य अपने संतोष से ही सम्राट हो जाता है और अभिलाषाओं से दरिद्र। मानव-जीवन लालसाओं से बना हुआ सुंदर चित्र है। उसका रंग छीनकर उसे रेखा-चित्र बना देने से मुझे संतोष नहीं होगा। उसमें",इन्द्रदेव ने खीझकर कहा,इन्द्रदेव,115,460,high,
TITLI-CAND-000280,2.9,titli_17.html,"वाट्सन अपने अध्ययन और साहित्यिक विचारों के कारण ही शासन-विभाग से बदलकर प्रबंध में भेज दिए गए थे। उन्होंने इंद्रदेव का उत्तर देने के लिए मुंह खोला ही था कि शैला अपनी दीक्षा समाप्त करके प्रणाम करने आ गई। वाट्सन ने हंसकर कहा-मिस शैला, मैं तुमको बधाई देता हूं। तुम्हारा और भी मानसिक विकास हो, इसके लिए आशीर्वाद भी।",430,attribution_dash,"मिस शैला, मैं तुमको बधाई देता हूं। तुम्हारा और भी मानसिक विकास हो, इसके लिए आशीर्वाद भी।",वाट्सन ने हंसकर कहा,वाट्सन,222,310,high,
TITLI-CAND-000281,2.9,titli_17.html,इंद्रदेव कुछ कहने नहीं पाए थे कि अनवरी ने कहा—और मैं तो मिस शैला की चेली बनूंगी! बहुत जल्द!,431,attribution_dash,और मैं तो मिस शैला की चेली बनूंगी! बहुत जल्द!,अनवरी ने कहा,अनवरी,46,91,high,
TITLI-CAND-000282,2.9,titli_17.html,इंद्रदेव ने उसकी चपलता पर खीझकर कहा—उसके लिए—अभी बहुत देर है मिस अनवरी।,432,attribution_dash,उसके लिए—अभी बहुत देर है मिस अनवरी।,इंद्रदेव ने उसकी चपलता पर खीझकर कहा,इंद्रदेव,36,71,high,
TITLI-CAND-000283,2.9,titli_17.html,रामनाथ ने एक-एक माला सबको पहना दी और कहा—आप लोगों से मेरी एक और भी प्रार्थना है। कुछ समय तो लगेगा; किंतु आप लोग भी ठहरकर मेरे शिष्य मधुबन और तितली के विवाह में आशीर्वाद देंगे तो मुझे अनुगृहीत करेंगे।,434,attribution_dash,आप लोगों से मेरी एक और भी प्रार्थना है। कुछ समय तो लगेगा; किंतु आप लोग भी ठहरकर मेरे शिष्य मधुबन और तितली के विवाह में आशीर्वाद देंगे तो मुझे अनुगृहीत करेंगे।,कहा,,41,199,high,
TITLI-CAND-000284,2.9,titli_17.html,इंद्रदेव तो चुप रहे। उनके मन में इस प्रसंग से न जाने क्यों विरक्ति हुई। अनवरी चुप रहने वाली न थी। उसने हंसकर कहा-वाह! तब तो ब्याह की मिठाई खाकर ही जाऊंगी।,435,attribution_dash,वाह! तब तो ब्याह की मिठाई खाकर ही जाऊंगी।,कहा,,113,154,high,
TITLI-CAND-000285,2.9,titli_17.html,"सुखदेव ने उठकर उनके कानों में कुछ कहा। तहसीलदार की कुतरी हुई छोटी-छोटी मूछें, कुछ फूले हुए तेल से चुपड़े गाल-जैसा कि उतरती हुई अवस्था के सुखी मनुष्यों का प्राय: दिखाई पड़ता है, नीचे का मोटा लटकता हुआ होंठ, बनावटी हंसी हंसने की चेष्टा में व्यस्त, पट्टेदार बालों पर तेल से भरी पुरानी काली टोपी, कुटिलता से भरी गोल-गोल औखें किसी विकट भविष्य की सूचना दे रही थीं। उन्होंने लम्बा सलाम करते हुए इंद्रदेव से कहा—मैं एक जरूरी काम से चला गया था। इसी से...",437,attribution_dash,मैं एक जरूरी काम से चला गया था। इसी से...,कहा,,404,445,high,
TITLI-CAND-000286,2.9,titli_17.html,इंद्रदेव को इस विवरण की आवश्यकता न थी। उन्होंने पूछा—नील-कोठी से आप हो आए? वहां का प्रबंध सब ठीक है न।,438,attribution_dash,नील-कोठी से आप हो आए? वहां का प्रबंध सब ठीक है न।,पूछा,,53,102,high,
TITLI-CAND-000287,2.9,titli_17.html,दूसरी स्त्री चादर के घूंघट में से ही बिलखकर कहने लगी—क्या इस गांव में कोई किसी की सुनने वाला नहीं? मेरी भतीजी का ब्याह मुझसे बिना पूछे करने वाला यह बाबा कौन होता है? हे राम! यह अंधेर!,442,multi_turn_paragraph,क्या इस गांव में कोई किसी की सुनने वाला नहीं? मेरी भतीजी का ब्याह मुझसे बिना,कहने लगी,,53,129,high,
TITLI-CAND-000288,2.9,titli_17.html,"मिस्टर वाट्सन उठकर खड़े हो गए। अनवरी के मुख पर व्यंग्यपूर्ण आश्चर्य था और सुखदेव के क्रोध का तो जैसे कुछ ठिकाना ही न था। उन्होंने चिल्लाकर कहा—सरकार, आप लोगों के रहते ऐसा अन्याय न होना चाहिए।",443,attribution_dash,"सरकार, आप लोगों के रहते ऐसा अन्याय न होना चाहिए।",कहा,,143,191,high,
TITLI-CAND-000289,2.9,titli_17.html,"उधर रामनाथ ने चारों ओर देखकर गंभीर स्वर से कहा—शांत हो मधुबन! अपना काम समाप्त करो। यह सब तो जो हो रहा है, उसे होने दो।",445,attribution_dash,"शांत हो मधुबन! अपना काम समाप्त करो। यह सब तो जो हो रहा है, उसे होने दो।",कहा,,47,118,high,
TITLI-CAND-000290,2.9,titli_17.html,"तो भी रामनाथ की आज्ञाओं का—आदेशों का अक्षरश:—पालन हो रहा था! तहसीलदार और इंद्रदेव वापस चले आए थे। तहसीलदार ने कहा— बाबाजी! आप यह काम अच्छा नहीं कर रहे हैं। तितली के घरवालों की संमति के बिना उसका ब्याह अपराध तो है ही, उसका कोई अर्थ भी नहीं।",447,attribution_dash,"बाबाजी! आप यह काम अच्छा नहीं कर रहे हैं। तितली के घरवालों की संमति के बिना उसका ब्याह अपराध तो है ही, उसका कोई अर्थ भी नहीं।",तहसीलदार ने कहा,तहसीलदार,115,239,high,
TITLI-CAND-000291,2.9,titli_17.html,इंद्रदेव को चुप देखकर रामनाथ ने कहा—क्या आपकी भी यही संमति है?,448,attribution_dash,क्या आपकी भी यही संमति है?,रामनाथ ने कहा,रामनाथ,36,62,high,
TITLI-CAND-000292,2.9,titli_17.html,अनवरी ने धीरे-से वाट्सन से कहा—क्या आपको इसमें कुछ न बोलना चाहिए?,452,attribution_dash,क्या आपको इसमें कुछ न बोलना चाहिए?,कहा,,31,65,high,
TITLI-CAND-000293,2.9,titli_17.html,"कुछ सोचकर वाट्सन ने कहा—नहीं, मैं इन बातों को अच्छी तरह जानता भी नहीं, और देखता हूं तो दोनों ही अपना भला-बुरा समझने लायक हैं। फिर मैं क्यों...?",453,attribution_dash,"नहीं, मैं इन बातों को अच्छी तरह जानता भी नहीं, और देखता हूं तो दोनों ही अपना भला-बुरा समझने लायक हैं। फिर मैं क्यों...?",वाट्सन ने कहा,वाट्सन,24,143,high,
TITLI-CAND-000294,2.9,titli_17.html,ओह! तब आप एक सिद्धांत की बात कर रही थीं—वाट्सन ने मुस्कुराकर कहा।,455,attribution_dash,ओह! तब आप एक सिद्धांत की बात कर रही थीं,वाट्सन ने मुस्कुराकर कहा,वाट्सन,0,39,high,
TITLI-CAND-000295,2.9,titli_17.html,"रामनाथ ने उनको और तितली को देखते हुए कहा—कुंवर साहब! मधुबन ही तितली के उपयुक्त वर है। मैं अपना दायित्व अच्छी तरह समझकर ही इसमें पड़ा हूं। कम-से-कम जो लोग संबंध में यहां बातचीत कर रहे हैं, उनसे मेरा अधिक न्यायपूर्ण अधिकार है।",457,attribution_dash,"कुंवर साहब! मधुबन ही तितली के उपयुक्त वर है। मैं अपना दायित्व अच्छी तरह समझकर ही इसमें पड़ा हूं। कम-से-कम जो लोग संबंध में यहां बातचीत कर रहे हैं, उनसे मेरा अधिक न्यायपूर्ण अधिकार है।",कहा,,41,224,high,
TITLI-CAND-000296,2.9,titli_17.html,"उधर से चौबे ने कहा—अधिकार! यह कैसा हठीला मनुष्य है, जो इतने बड़े अफसर और जमींदार के सामने भी अपने को अधिकारी समझता है! सरकार! यह धर्म का ढोंग है। इसके भीतर बड़ी कतरनी है! इसने सारे गांव में ऐसी बुरी हवा फैला दी है कि किसी दिन इसके लिए बहुत पछताना होगा, यदि समय रहते इसका उपाय न किया गया।",459,attribution_dash,"अधिकार! यह कैसा हठीला मनुष्य है, जो इतने बड़े अफसर और जमींदार के सामने भी अपने को अधिकारी समझता है! सरकार! यह धर्म का ढोंग है। इसके भीतर बड़ी कतरनी है! इसने सारे गांव में ऐसी बुरी हवा फैला दी है कि किसी दिन इसके लिए बहुत पछताना होगा, यदि समय रहते इसका उपाय न किया गया।",चौबे ने कहा,चौबे,19,287,high,
TITLI-CAND-000297,2.9,titli_17.html,शैला ने खड़ी होकर कहा—एक पल-भर रुक जाइए। क्यों मधुबन! तुम पूरी तरह से विचार करके यह ब्याह कर रहे हो न? कोई तुमको बहका तो नहीं रहा है? इसमें तुम प्रसन्न हो?,461,attribution_dash,एक पल-भर रुक जाइए। क्यों मधुबन! तुम पूरी तरह से विचार करके यह ब्याह कर रहे हो न? कोई तुमको बहका तो नहीं रहा है? इसमें तुम प्रसन्न हो?,शैला ने खड़ी होकर कहा,शैला,22,155,high,
TITLI-CAND-000298,2.9,titli_17.html,संपूर्ण चेतनता से मधुबन ने कहा—हां?,462,attribution_dash,हां?,मधुबन ने कहा,मधुबन,31,35,high,
TITLI-CAND-000299,2.9,titli_17.html,अनवरी झल्ला उठी। सुखदेव दांत पीसकर उठ गए। तहसीलदार मन-ही-मन बुदबुदाने लगे। वाट्सन मुस्कुराकर रह गए। शैला ने गंभीर स्वर में इंद्रदेव से कहा—अब आप लोगों से यह नवविवाहित दंपती आशीर्वाद की आशा करता है। और मैं समझती हूं कि यहां का काम हो चुका है। अब आप लोग नील-कोठी चलिए। अस्पताल खोलने का उत्सव भी इसी समय होगा और तितली के ब्याह का जलपान भी वहीं करना होगा। सब लोग मेरी ओर से निमंत्रित हैं।,466,attribution_dash,अब आप लोगों से यह नवविवाहित दंपती आशीर्वाद की आशा करता है। और मैं समझती हूं कि यहां का काम हो चुका है। अब आप लोग नील-कोठी चलिए। अस्पताल खोलने का उत्सव भी इसी समय होगा और तितली के ब्याह का जलपान भी वहीं करना होगा। सब लोग मेरी ओर से निमंत्रित हैं।,कहा,,139,384,high,
TITLI-CAND-000300,2.9,titli_17.html,इंद्रदेव ने सिर झुकाकर जैसे सब स्वीकार कर लिया। और वाट्सन ने हंसकर कहा—मिस शैला! मैं तुमको धन्यवाद पहले ही से देता हूं।,467,attribution_dash,मिस शैला! मैं तुमको धन्यवाद पहले ही से देता हूं।,वाट्सन ने हंसकर कहा,वाट्सन,71,119,high,
TITLI-CAND-000301,2.10,titli_18.html,चौबेजी ने सहसा आकर कहा—बड़ी सरकार बुला रही हैं।,484,attribution_dash,बड़ी सरकार बुला रही हैं।,चौबेजी ने सहसा आकर कहा,चौबेजी,23,47,high,
TITLI-CAND-000302,2.10,titli_18.html,"इंद्रदेव वहीं खड़े रहे। शैला को इस अंधकार के शैशव में वहीं देखने की कामना उत्तेजित हो रही थी, और वह आ भी गई। इंद्रदेव ने प्रसन्न होकर कहा—इस समय मैं जो भी चाहता, वह मिलता।",493,attribution_dash,"इस समय मैं जो भी चाहता, वह मिलता।",इंद्रदेव ने प्रसन्न होकर कहा,इंद्रदेव,138,171,high,
TITLI-CAND-000303,2.10,titli_18.html,तुम अप्रसन्न हो इसके लिए न! मैं क्या करूं।—कहते-कहते शैला का चेहरा तमतमा गया। वह चुप हो गई।,498,attribution_dash,कहते शैला का चेहरा तमतमा गया।,कहते,,48,77,high,stopped before a recognizable narrative continuation; review boundary
TITLI-CAND-000304,2.10,titli_18.html,शैला ने दीर्घ निःश्वास लेकर कहा—मैं तो शासन कर रही हूं। और अभी अधिक तम्हारे ऊपर अत्याचार करते हए मैं कांप उठती हूं! इंद्र! तम कैसे दबले हए जा रहे हो? तम नहीं जानते कि मैं तुम्हारे अधिक क्षोभ का कारण नहीं बनना चाहती। कोठी में अधिक जाने से अच्छा तो नहीं होता।,500,attribution_dash,मैं तो शासन कर रही हूं। और अभी अधिक तम्हारे ऊपर अत्याचार करते हए मैं कांप उठती हूं! इंद्र! तम कैसे दबले हए जा रहे हो? तम नहीं जानते कि मैं तुम्हारे अधिक क्षोभ का कारण नहीं बनना चाहती। कोठी में अधिक जाने से अच्छा तो नहीं होता।,शैला ने दीर्घ निःश्वास लेकर कहा,शैला,32,257,high,
TITLI-CAND-000305,2.10,titli_18.html,"शैला आगे कहते-कहते रुक गई; क्योंकि इंद्रदेव के स्वभाव से परिचित थी। इंद्रदेव ने पूछा—क्या कहा, कहो भी?",503,multi_turn_paragraph,कहते रुक गई; क्योंकि इंद्रदेव के स्वभाव से परिचित थी।,कहते,,14,67,high,
TITLI-CAND-000306,2.10,titli_18.html,"शैला आगे कहते-कहते रुक गई; क्योंकि इंद्रदेव के स्वभाव से परिचित थी। इंद्रदेव ने पूछा—क्या कहा, कहो भी?",503,multi_turn_paragraph,क्या,इंद्रदेव ने पूछा,इंद्रदेव,85,89,high,
TITLI-CAND-000307,2.10,titli_18.html,"इंद्रदेव ने भयानक विषधर की तरह श्वास फेंककर कहा—शैला! जिस विचार से हम लोग देहात में चले आए थे, वह सफल न हो सका। मुझे अब यहां रहना पसंद नहीं। छोड़ो इस जंजाल को, चलो हम लोग किसी शहर में चलकर अपने परिचित जीवन-पथ पर सुख लें! यह अभागा...",505,attribution_dash,"शैला! जिस विचार से हम लोग देहात में चले आए थे, वह सफल न हो सका। मुझे अब यहां रहना पसंद नहीं। छोड़ो इस जंजाल को, चलो हम लोग किसी शहर में चलकर अपने परिचित जीवन-पथ पर सुख लें! यह अभागा...",कहा,,48,232,high,
TITLI-CAND-000308,2.10,titli_18.html,"शैला ने इंद्रदेव का मुंह बंद करते हुए कहा—मुझे यहीं रहने दो। कहती हूं न, क्रोध से काम न चलेगा। और तुम भी क्या घर को छोड़कर दूसरी जगह सुखी हो सकोगे? आह! मेरी कितनी करुण कल्पना उस नील की कोठी में लगी-लिपटी है! इंद्र! तुमसे एक बार तो कह चुकी हूं।",506,multi_turn_paragraph,मुझे यहीं रहने दो।,कहा,,42,60,high,
TITLI-CAND-000309,2.10,titli_18.html,इंद्रदेव को उसकी यह दुर्बलता मालूम थी। वह जानते थे कि शैला के चिर दुखी जीवन में यही एक सांत्वना थी। उन्होंने कहा-तो मैं अब यहां से चलने के लिए न कहूंगा। जिसमें तुम प्रसन्न रहो।,508,attribution_dash,तो मैं अब यहां से चलने के लिए न कहूंगा। जिसमें तुम प्रसन्न रहो।,कहा,,113,176,high,
TITLI-CAND-000310,2.10,titli_18.html,तुम यह कहकर मुझे चोट पहुंचाती हो शैला! मैं कहता हूं कि इसकी एक ही दवा है। क्यों तुम रोक रही हो। हम दोनों एक-दूसरे की कमी पूरी कर लेंगे। शैला स्वीकार कर लो।—कहते-कहते इन्द्रदेव ने उस आर्द्रहृदया युवती के दोनों कोमल हाथों को अपने हाथों में दबा लिया।,510,attribution_dash,कहते इन्द्रदेव ने उस आर्द्रहृदया युवती के दोनों कोमल हाथों को अपने हाथों में दबा लिया।,कहते,,161,247,high,
TITLI-CAND-000311,2.10,titli_18.html,"शैला भी अपनी कोमल अनुभूतियों के आवेश में थी। गद्गद कंठ से बोली—इंद्र! मुझे अस्वीकार कब था? मैं तो केवल समय चाहती हूं। देखो, अभी आज ही वाट्सन का यह पत्र आया है, जिसमें मुझे उनके हृदय के स्नेह का आभास मिला है। किंतु मैं...",511,attribution_dash,"इंद्र! मुझे अस्वीकार कब था? मैं तो केवल समय चाहती हूं। देखो, अभी आज ही वाट्सन का यह पत्र आया है, जिसमें मुझे उनके हृदय के स्नेह का आभास मिला है। किंतु मैं...",बोली,,63,220,high,
TITLI-CAND-000312,2.10,titli_18.html,इंद्रदेव ने कहा—मैं स्वार्थी नहीं हूं शैला! तुम जिसमें सुखी रह सको।,516,attribution_dash,मैं स्वार्थी नहीं हूं शैला! तुम जिसमें सुखी रह सको।,इंद्रदेव ने कहा,इंद्रदेव,16,67,high,
TITLI-CAND-000313,2.10,titli_18.html,वह कोठी की ओर चलने के लिए घूम पड़े। शैला चुपचाप वहीं खड़ी रही। इंद्रदेव ने पूछा—चलोगी न?,517,attribution_dash,चलोगी न?,इंद्रदेव ने पूछा,इंद्रदेव,80,88,high,
TITLI-CAND-000314,2.10,titli_18.html,"इंद्रदेव एक जगह रुक गए और बोले—शैला, मैं अपने बहनोई साहब के किए हुए अशिष्ट व्यवहार के लिए तुमसे क्षमा चाहता हूं।",520,attribution_dash,"शैला, मैं अपने बहनोई साहब के किए हुए अशिष्ट व्यवहार के लिए तुमसे क्षमा चाहता हूं।",बोले,,31,112,high,
TITLI-CAND-000315,2.10,titli_18.html,शैला ने कहा—तो यह मेरे डायरी पढ़ने की क्षमा-याचना का जवाब है न! मुझे तुमसे इतने शिष्टाचार की आशा नहीं। अच्छा अब मैं इधर से जाऊंगी। महौर महतो से एक नौकर के लिए कहा था। उससे भेंट कर लूंगी। नमस्कार!,521,multi_turn_paragraph,तो यह मेरे डायरी पढ़ने की क्षमा-याचना का जवाब है न! मुझे तुमसे इतने शिष्टाचार की आशा नहीं। अच्छा अब मैं इधर से जाऊंगी। महौर महतो से एक नौकर के लिए,शैला ने कहा,शैला,12,158,high,
TITLI-CAND-000316,2.10,titli_18.html,रामनाथ ने इंद्रदेव को अपने कंबल पर बिठा लिया। पूछा—इस समय कैसे?,523,attribution_dash,इस समय कैसे?,पूछा,,51,63,high,
TITLI-CAND-000317,2.10,titli_18.html,"इंद्रदेव चुप थे, तितली दूर खड़ी थी। रामनाथ ने उसकी ओर देखकर कहा—क्यों बेटी, सरदी में क्यों खड़ी हो? पूछ लो जो तम्हें पूछना हो। संकोच किस बात का?",530,attribution_dash,"क्यों बेटी, सरदी में क्यों खड़ी हो? पूछ लो जो तम्हें पूछना हो। संकोच किस बात का?",रामनाथ ने उसकी ओर देखकर कहा,रामनाथ,64,144,high,
TITLI-CAND-000318,2.10,titli_18.html,वह लौट पड़े। उनके लिए एक क्षण भी वहां रुकना असह्य था। न जाने क्या हो जाए। मोटरखाने में आकर उन्होंने ड्राइवर से कहा—जल्दी चलो।,536,attribution_dash,जल्दी चलो।,कहा,,115,125,high,
TITLI-CAND-000319,2.10,titli_18.html,बेचारे ने यह भी न पूछा कि 'कहां'? मोटर हॉर्न देती हुई चल पड़ी!,537,attribution_quote,कहां,बेचारे ने यह भी न पूछा,बेचारे,27,31,high,
TITLI-CAND-000320,3.1,titli_19.html,"दुखी हो या दरिद्र, प्रकृति ने अपनी प्रेरणा से सबके मन में उत्साह पर दिया था। उत्सव मनाने के लिए, भीतर की उदासी ने ही मानो एक नया रूप धारण कर लिया था। पश्चिमी पवन के पके हुए खेतों पर से सर्राटा भरता और उन्हें रौंदता हुआ चल रहा था। बूढ़े महंगू के मन में भी गुद-गुदी लगी। उसने कहा—दुलरवा, ढोल ले आ, दूसरी जगह तो सुनता हूं कि तू बजाता है; अपने घर काज-त्योहार के दिन बजाने में लजाता है क्या रे?",542,attribution_dash,"दुलरवा, ढोल ले आ, दूसरी जगह तो सुनता हूं कि तू बजाता है; अपने घर काज-त्योहार के दिन बजाने में लजाता है क्या रे?",कहा,,278,389,high,
TITLI-CAND-000321,3.1,titli_19.html,तहसीलदार ने उसी समय आकर कहा—महंगू!,544,attribution_dash,महंगू!,तहसीलदार ने उसी समय आकर कहा,तहसीलदार,28,34,high,
TITLI-CAND-000322,3.1,titli_19.html,महंगू ने कहा—सरकार ने बुलाया है क्या?,546,attribution_dash,सरकार ने बुलाया है क्या?,महंगू ने कहा,महंगू,13,37,high,
TITLI-CAND-000323,3.1,titli_19.html,"महंगू जब आपे में आया तो उसको भय लगा। वह लडुकों को गाने-बजाने के लिए कहकर बनजरिया की ओर चला। उस समय तितली बैठी हुई चावल बीन रही थी; और मधुबन गले में कुरता डाल चुका था कहीं बाहर जाने के लिए। मलिया, एक डाली मटर की फलियां, एक कद्दू और कुछ आलू लिये हुए मधुबन के खेत से आ रही थी। महंगू ने जाते ही कहा—मधुबन बाबू! मलिया को बुलाने के लिए छावनी से तहसीलदार साहब आए थे। वहां उसे न जाने से उपद्रव मचेगा।",557,attribution_dash,मधुबन बाबू! मलिया को बुलाने के लिए छावनी से तहसीलदार साहब आए थे। वहां उसे न जाने से उपद्रव मचेगा।,महंगू ने जाते ही कहा,महंगू,295,392,high,
TITLI-CAND-000324,3.1,titli_19.html,"तो उसको मना कौन करता है, जाती क्यों नहीं?—कहकर मधुबन ने जाने के लिए पैर बढ़ाया ही था कि तितली ने कहा—वाह, मलिया क्या वहां मरने जाएगी!",558,attribution_dash,"वाह, मलिया क्या वहां मरने जाएगी!",तितली ने कहा,तितली,101,133,high,
TITLI-CAND-000325,3.1,titli_19.html,"महंगू ने कहा—हां बेटी, ठीक कह रही हो। पर हम लोग जमींदार से टक्कर ले सकें, इतना तो बल नहीं। मलिया अब मेरे यहां रहेगी तो तहसीलदार मेरे साथ कोई-न-कोई झगड़ा-झंझट खड़ा करेगा। सुना है कि कुंवर साहब तो अब यहां रहते नहीं। आज-कल औरतों का दरबार है। उसी के हाथ में सब-कुछ है।",561,attribution_dash,"हां बेटी, ठीक कह रही हो। पर हम लोग जमींदार से टक्कर ले सकें, इतना तो बल नहीं। मलिया अब मेरे यहां रहेगी तो तहसीलदार मेरे साथ कोई-न-कोई झगड़ा-झंझट खड़ा करेगा। सुना है कि कुंवर साहब तो अब यहां रहते नहीं। आज-कल औरतों का दरबार है। उसी के हाथ में सब-कुछ है।",महंगू ने कहा,महंगू,13,264,high,
TITLI-CAND-000326,3.1,titli_19.html,"मधुबन चुप था। तितली ने कहा—तो उसे यहीं रहने दो, देखा जाएगा।",562,attribution_dash,"तो उसे यहीं रहने दो, देखा जाएगा।",तितली ने कहा,तितली,27,59,high,
TITLI-CAND-000327,3.1,titli_19.html,"मलिया दूर खड़ी सब सुन रही थी। उसकी आंखों से आसूं निकल रहे थे। तितली ने कहा—रोती क्यों है रे, यहीं रह, कोई डर नहीं, तुझे क्या कोई खा जाएगा? जा-जा देख, ईंधन की लकड़ी सुखाने के लिए डाल दी गई है, उठा ला।",564,attribution_dash,"रोती क्यों है रे, यहीं रह, कोई डर नहीं, तुझे क्या कोई खा जाएगा? जा-जा देख, ईंधन की लकड़ी सुखाने के लिए डाल दी गई है, उठा ला।",तितली ने कहा,तितली,75,199,high,
TITLI-CAND-000328,3.1,titli_19.html,मलिया आंचल से आसूं पोंछती हुई चली गई। उसका चाचा भी मर गया था। अब उसका रक्षक कोई न था। तितली ने पूछा—अब रुके क्यों खड़े हो? नील-कोठी जाना था न?,565,attribution_dash,अब रुके क्यों खड़े हो? नील-कोठी जाना था न?,तितली ने पूछा,तितली,100,142,high,
TITLI-CAND-000329,3.1,titli_19.html,जल्द आना; दंगल देख आओ। खा-पीकर नील-कोठी चले जाना। आज बसंत-पंचमी की छुट्टी नहीं है क्या?—तितली ने कहा।,571,attribution_dash,जल्द आना; दंगल देख आओ। खा-पीकर नील-कोठी चले जाना। आज बसंत-पंचमी की छुट्टी नहीं है क्या?,तितली ने कहा,तितली,0,87,high,
TITLI-CAND-000330,3.1,titli_19.html,"अच्छा जाता हूं—कहता हुआ अन्यमनस्क भाव से मधुबन बनजरिया के बाहर निकला। सामने ही रामजस दिखाई पड़ा। उसने कहा—मधुबन भइया, कुश्ती देखने न चलोगे?",572,attribution_dash,"मधुबन भइया, कुश्ती देखने न चलोगे?",कहा,,106,139,high,
TITLI-CAND-000331,3.1,titli_19.html,"छावनी में भीड़ थी। अखाड़ा बना हुआ था। चारों ओर जनसमूह खड़ा और बैठा था। कुर्सी पर बाबू श्यामलाल और उसके इष्ट-मित्र बैठे थे। उनका साथी पहलवान लुंगी बांधे अपनी चौड़ी छाती खोले हुए खड़ा था। अभी तक उससे लड़ने के लिए कोई भी प्रस्तुत न था। पास के गांवों की दो-चार वेश्याएं भी आम के बौर हाथ में लिये, गुलाल का टीका लगाए, वहां बैठी थीं—छावनी में वसंत गाने के लिए आई थीं। यही पुराना व्यवहार था। परंतु इंद्रदेव होते तो बात दूसरी थी। तहसीलदार ने श्यामलाल बाबू का आतिथ्य करने के लिए उनसे जो कुछ हो सका था, आमोद-प्रमोद का सामान इकट्ठा किया था। सवेरे ही सबकी केसरिया बूटी छनी थी। श्यामलाल देहाती सुख में प्रसन्न दिखाई देते थे। उन्हें इस बात का गर्व था कि उनके साथी पहलवान से लड़ने के लिए अभी तक कोई खड़ा नहीं हुआ। उन्होंने मूंछ मरोरते हुए कहा—रामसिंह, तुमसे यहां कौन लड़ेगा जी। यही अपने नत्थू से जोर करके दिखा दो! सब लोग आए हुए हैं।",582,attribution_dash,"रामसिंह, तुमसे यहां कौन लड़ेगा जी। यही अपने नत्थू से जोर करके दिखा दो! सब लोग आए हुए हैं।",कहा,,728,817,high,
TITLI-CAND-000332,3.1,titli_19.html,"रामजस ने कहा—क्यों भइया, यह हम लोगों को उल्लू बनाकर चला जाएगा?",584,attribution_dash,"क्यों भइया, यह हम लोगों को उल्लू बनाकर चला जाएगा?",रामजस ने कहा,रामजस,13,62,high,
TITLI-CAND-000333,3.1,titli_19.html,मधुबन धीरे-से हुंकार कर उठा। रामजस उस हुंकार से परिचित था। उसने युवकों की-सी चपलता से आगे बढ़कर कहा—सरकार! हम लोग देहाती ठहरे; पहलवानी क्या जानें! पर नत्थू से लड़ने को तो मैं तैयार हूं।,585,attribution_dash,सरकार! हम लोग देहाती ठहरे; पहलवानी क्या जानें! पर नत्थू से लड़ने को तो मैं तैयार हूं।,कहा,,100,185,high,
TITLI-CAND-000334,3.1,titli_19.html,"मधुबन से अब न रहा गया। उसने कहा—पहलवान साहब, खेतों का अन्न खाकर ही तुम कुश्ती लड़ते हो।",588,attribution_dash,"पहलवान साहब, खेतों का अन्न खाकर ही तुम कुश्ती लड़ते हो।",कहा,,32,87,high,
TITLI-CAND-000335,3.1,titli_19.html,"श्यामलाल का मुंह तो उतर गया, पर उन्होंने अपनी उंगली से अंगूठी निकालकर, मधुबन को देने के लिए बढ़ाई। मधुबन ने कहा—मैं इनाम का क्या करूंगा—मेरा तो यह व्यवसाय नहीं है। आप लोगों की कृपा ही बहुत है।",594,attribution_dash,मैं इनाम का क्या करूंगा—मेरा तो यह व्यवसाय नहीं है। आप लोगों की कृपा ही बहुत है।,मधुबन ने कहा,मधुबन,112,192,high,
TITLI-CAND-000336,3.1,titli_19.html,"श्यामलाल कट गए। उन्हें हताश होते देखकर एक वेश्या ने उठकर कहा—मधुबन बाबू! आपने उचित ही किया। बाबूजी तो हम लोगों के घर आए हैं, इनका सत्कार तो हम ही लोगों को करना चाहिए। बड़े भाग्य से इस देहात में आ गए हैं न!",595,attribution_dash,"मधुबन बाबू! आपने उचित ही किया। बाबूजी तो हम लोगों के घर आए हैं, इनका सत्कार तो हम ही लोगों को करना चाहिए। बड़े भाग्य से इस देहात में आ गए हैं न!",वेश्या ने उठकर कहा,वेश्या,61,205,high,
TITLI-CAND-000337,3.1,titli_19.html,"तहसीलदार जल उठा। वह झुंझला उठा था, कि एक देहाती युवक बाबू साहब को प्रसन्न करने के लिए क्यों नहीं पटका गया। उसे अपने प्रबंध की यह त्रुटि बहुत खली। छावनी के आंगन में भीड़ बढ़ रही थी। उसने कड़ककर कहा—अब चुपचाप सब लोग बैठ जाएं। कुश्ती हो चुकी। कुछ गाना-बजाना भी होगा।",597,attribution_dash,अब चुपचाप सब लोग बैठ जाएं। कुश्ती हो चुकी। कुछ गाना-बजाना भी होगा।,कहा,,197,263,high,
TITLI-CAND-000338,3.1,titli_19.html,"जब मैना गाने लगी तो वहां मधुबन और रामजस दोनों ही न थे। सुखदेव चौबे तो न जाने क्यों मधुबन की जीत और उसके बल को देखकर कांप गए। उसका भी मन गाने-बजाने में न लगा। उन्होंने धीरे से तहसीलदार के कान में कहा—मधुबन को अगर तुम नहीं दबाते, तो तुम्हारी तहसीलदारी हो चुकी। देखा न!",599,attribution_dash,"मधुबन को अगर तुम नहीं दबाते, तो तुम्हारी तहसीलदारी हो चुकी। देखा न!",कहा,,199,266,high,
TITLI-CAND-000339,3.1,titli_19.html,गंभीर भाव से सिर हिलाकर तहसीलदार ने कहा—हूं।,600,attribution_dash,हूं।,तहसीलदार ने कहा,तहसीलदार,40,44,high,very short candidate (<5 characters); verify spoken context
TITLI-CAND-000340,3.2,titli_20.html,शैला ने उसे देखते ही कहा—रामजस! मैंने तुमको मना किया था। इसे यहां क्यों ले आए? खाने के लिए सागूदाना छोड़कर और कुछ न देना! ठंड से बचाना!,603,attribution_dash,रामजस! मैंने तुमको मना किया था। इसे यहां क्यों ले आए? खाने के लिए सागूदाना छोड़कर और कुछ न देना! ठंड से बचाना!,शैला ने उसे देखते ही कहा,शैला,25,135,high,
TITLI-CAND-000341,3.2,titli_20.html,"रामजस की इस बेबशी पर शैला कांप उठी। उसने मन में सोचा कि इंद्रदेव से कहकर इसके लिए सागूदाना मंगा दें। सब बातों के लिए इंद्रदेव से कहला देने का अभ्यास पड़ गया था। फिर उसको स्मरण हो आया कि इंद्रदेव तो यहां नहीं हैं। वह दुखी हो गई। उसका हृदय व्यथा से भर गया। इंद्रदेव की निर्दयता पर—नहीं-नहीं, उनकी विवशता पर—वह व्याकुल हो उठी। रामजस को विदा करते उसने कहा—मधुबन से कह देना, वह तुम्हारे लिए सागूदाना ले आएगा।",607,attribution_dash,"मधुबन से कह देना, वह तुम्हारे लिए सागूदाना ले आएगा।",कहा,,352,403,high,
TITLI-CAND-000342,3.2,titli_20.html,"वह छावनी की ओर मन-ही-मन सोचते हए घूम पड़ी। कच्चे कएं के जगत पर सिर पकड़े हुए एक किसान बैठा है। शैला का मन प्रसन्न वातावरण बनाने की कल्पना से उत्साह से पर उठा था। उसने कहा—मधुबन! तितली से कह देना, आज दोपहर को मैं उसके यहां भोजन करूंगी; मैं छावनी से होकर आती हूं।",615,attribution_dash,"मधुबन! तितली से कह देना, आज दोपहर को मैं उसके यहां भोजन करूंगी; मैं छावनी से होकर आती हूं।",कहा,,171,261,high,
TITLI-CAND-000343,3.2,titli_20.html,मैं भी साथ चलूं—मधुबन ने पूछा।,616,attribution_dash,मैं भी साथ चलूं,मधुबन ने पूछा,मधुबन,0,15,high,
TITLI-CAND-000344,3.2,titli_20.html,शैला कुछ देर खड़ी रही। फिर उसने पुकारा—बीवी-रानी।,619,attribution_dash,बीवी-रानी।,पुकारा,,39,49,high,
TITLI-CAND-000345,3.2,titli_20.html,"माधुरी सिसकने लगी। उसने सिर न उठाया। शैला ने उसके बालों को धीरे-धीरे सहलाते हए कहा—क्या हआ, बीबी-रानी!",620,attribution_dash,"क्या हआ, बीबी-रानी!",कहा,,83,102,high,
TITLI-CAND-000346,3.2,titli_20.html,जी कड़ा करके माधुरी ने कहा—मैं तो सब तरह से लुट गई!,622,attribution_dash,मैं तो सब तरह से लुट गई!,माधुरी ने कहा,माधुरी,27,51,high,
TITLI-CAND-000347,3.2,titli_20.html,"माधुरी का मन कोमल हो चला! दुख की सहानुभूति हृदय के समीप पहुंचती है। मानवता का यही तो प्रधान उपकरण है। माधुरी ने स्थिर दृष्टि से शैला को देखते हुए कहा—यह सच है मिस शैला, कि मैं तुम्हारे ऊपर अविश्वास करती हूं! मेरी भूल रही होगी। पर मुझे जो धोखा दिया गया वह अब प्रत्यक्ष हो गया। मैं यह जानती हूं कि मेरे पति सदाचारी नहीं हैं, उनका मुझ पर स्नेह भी नहीं, तब भी यह मेरे मान का प्रश्न था और उससे भी मुझे धक्का मिला। मेरा हृदय टुकड़े-टुकड़े हो रहा है। मैंने कृष्णमोहन को लेकर दिन बिताने का निश्चय कर लिया था। मैं तो यह भी नहीं चाहती थी कि वह यहां आएं। पर जो होनी थी वह होकर ही रही।",624,attribution_dash,"यह सच है मिस शैला, कि मैं तुम्हारे ऊपर अविश्वास करती हूं! मेरी भूल रही होगी। पर मुझे जो धोखा दिया गया वह अब प्रत्यक्ष हो गया। मैं यह जानती हूं कि मेरे पति सदाचारी नहीं हैं, उनका मुझ पर स्नेह भी नहीं, तब भी यह मेरे मान का प्रश्न था और उससे भी मुझे धक्का मिला। मेरा हृदय टुकड़े-टुकड़े हो रहा है। मैंने कृष्णमोहन को लेकर दिन बिताने का निश्चय कर लिया था। मैं तो यह भी नहीं चाहती थी कि वह यहां आएं। पर जो होनी थी वह होकर ही रही।",कहा,,150,573,high,
TITLI-CAND-000348,3.2,titli_20.html,"माधुरी को फिर रुलाई आने लगी। वह अपने को संभाल रही थी। शैला ने पूछा—तो क्या हुआ, बाबू श्यामलाल चले गए?",625,attribution_dash,"तो क्या हुआ, बाबू श्यामलाल चले गए?",शैला ने पूछा,शैला,67,101,high,
TITLI-CAND-000349,3.2,titli_20.html,यह कैसे हुआ! इसमें सब इंद्रदेव की भूल है। वह यहां रहते तो ऐसी घटना न होने पाती।—शैला ने आश्चर्य छिपाते हुए कहा।,627,attribution_dash,यह कैसे हुआ! इसमें सब इंद्रदेव की भूल है। वह यहां रहते तो ऐसी घटना न होने पाती।,शैला ने आश्चर्य छिपाते हुए कहा,शैला,0,79,high,
TITLI-CAND-000350,3.2,titli_20.html,"उन्होंने कहा—मैं भंडाफोड़ होने से नहीं डरता। अनवरी! मैंने अपने जीवन में तुम्हीं को तो ऐसा पाया है, जिससे मेरे मन की सब बातें मिलती हैं! मैं किसी की परवाह नहीं करता, मैं किसी का दिया हुआ नहीं खाता, जो डरता रहूं। तुम यहां क्यों पड़ी हो, चलो कलकत्ते में? तुम्हारी डाक्टरी ऐसे चमकेगी कि तुम्हारे नाम का डंका पिट जाएगा। हम लोगों का जीवन बड़े सुख से कटेगा।",630,attribution_dash,"मैं भंडाफोड़ होने से नहीं डरता। अनवरी! मैंने अपने जीवन में तुम्हीं को तो ऐसा पाया है, जिससे मेरे मन की सब बातें मिलती हैं! मैं किसी की परवाह नहीं करता, मैं किसी का दिया हुआ नहीं खाता, जो डरता रहूं। तुम यहां क्यों पड़ी हो, चलो कलकत्ते में? तुम्हारी डाक्टरी ऐसे चमकेगी कि तुम्हारे नाम का डंका पिट जाएगा। हम लोगों का जीवन बड़े सुख से कटेगा।",कहा,,13,350,high,
TITLI-CAND-000351,3.2,titli_20.html,"मैं अधिक सुन न सकी। मेरा शरीर कांपने लगा। मैंने समझा कि यह मेरी दुर्बलता है। मेरा अधिकार मेरे ही सामने दूसरा ले और मैं प्रतिवाद न करके लौट जाऊं, यह ठीक नहीं। मैं थाली लिये घुस पड़ी। अनवरी अपने को छुड़ाती हुई उठ खड़ी हई। उसका मुंह विवर्ण था। शराब की महक से कमरा भर रहा था। उन्होंने अपनी निर्लज्जता को स्पष्ट करते हुए पूछा—क्या है?",633,attribution_dash,क्या है?,पूछा,,321,329,high,
TITLI-CAND-000352,3.2,titli_20.html,उनकी बात काटकर अनवरी ने कहा-बीबी-रानी! मैं कलकत्ते में डाक्टरी करने के संबंध में बातें कर रही थी।,636,attribution_dash,बीबी-रानी! मैं कलकत्ते में डाक्टरी करने के संबंध में बातें कर रही थी।,अनवरी ने कहा,अनवरी,28,97,high,
TITLI-CAND-000353,3.2,titli_20.html,"यह भी उसका दुस्साहस था! मैं तो उसका उत्तर नहीं देना चाहती थी। परंतु उसकी ढिठाई अपनी सीमा पार कर चुकी थी। मैंने कहा—बड़ी अच्छी बात है, मिस अनवरी! आप कब जाएगी।",637,attribution_dash,"बड़ी अच्छी बात है, मिस अनवरी! आप कब जाएगी।",कहा,,115,157,high,
TITLI-CAND-000354,3.2,titli_20.html,शैला ने सांत्वना देते हुए कहा—जो होना था सो हो गया। अब दुख करने से क्या लाभ?,639,attribution_dash,जो होना था सो हो गया। अब दुख करने से क्या लाभ?,शैला ने सांत्वना देते हुए कहा,शैला,30,76,high,
TITLI-CAND-000355,3.2,titli_20.html,वह और कुछ कहना चाहती थी कि बीच ही में किसी ने पुकारा-बीबी-रानी!,641,attribution_dash,बीबी-रानी!,किसी ने पुकारा,,53,63,high,
TITLI-CAND-000356,3.2,titli_20.html,क्या है?—माधुरी ने पूछा।,642,attribution_dash,क्या है?,माधुरी ने पूछा,माधुरी,0,8,high,
TITLI-CAND-000357,3.2,titli_20.html,श्यामदुलारी भीतर आ गईं। उस वृद्धा स्त्री का मुख गंभीर और दृढ़ता से पूर्ण था। शैला का नमस्कार ग्रहण करते हुए एक कुर्सी पर बैठकर उन्होंने कहा—मिस शैला! आप अच्छी हैं? बहुत दिनों पर हम लोगों की सुध हुई।,645,attribution_dash,मिस शैला! आप अच्छी हैं? बहुत दिनों पर हम लोगों की सुध हुई।,कहा,,140,198,high,
TITLI-CAND-000358,3.2,titli_20.html,"शैला और भी जाने क्या—क्या कह जाती; क्योंकि उसका मन चंचल हो गया था। इस गहस्थी की विश्रृंखलता के लिए वह अपने को अपराधी समझ रही थी। उसकी बातें उखड़ी-उखड़ी हो रही थीं। किंतु श्यामदुलारी ने बीच ही में रोककर कहा—पाला-पत्थर पड़ने में जमींदार क्या कर सकता है। जिस काम में भगवान का हाथ है, उसमें मनुष्य क्या कर सकता है। मिस शैला, मेरी सारी आशाओं पर भी तो पाला पड़ गया। दोनों लड़के बेकहे हो रहे हैं। हम लोग स्त्री हैं। अबला हैं। आज वह जीते होते तो दो-दो थप्पड़ लगाकर सीधा कर देते। पर हम लोगों के पास कोई अधिकार नहीं। संसार तो रुपये-पैसे के अधिकार तो मानता है। स्त्रियों के स्नेह का अधिकार, रोने-दुलारने का अधिकार, तो मान लेने की वस्तु है न?",647,multi_turn_paragraph,"पाला-पत्थर पड़ने में जमींदार क्या कर सकता है। जिस काम में भगवान का हाथ है, उसमें मनुष्य क्या कर सकता है। मिस शैला, मेरी सारी आशाओं पर भी तो पाला पड़ गया। दोनों लड़के बे",श्यामदुलारी ने बीच ही में रोककर कहा,श्यामदुलारी,206,374,high,
TITLI-CAND-000359,3.2,titli_20.html,"श्यामदुलारी का मन आज संपूर्ण विद्रोही हो गया था। लड़के और दामाद की उच्छूखंलता ने उन्हें अपने अधिकार को सजीव करने के लिए उत्तेजना दी। उन्होंने कहा—मिस शैला! मैंने निश्चय कर लिया है कि अब किसी को मनाने न जाऊंगी। हां, मेरी बेटी का दुःख से भरा भविष्य है और उसके लिए मुझे कोई उपाय करना ही होगा। वह इस तरह न रह सकेगी। मैंने अपने नाम की जमींदारि माधुरी को देने का निश्चय कर लिया है। तुम क्या कहती हो? हम लोग तुम्हारी सम्मति चाहती हैं।",650,multi_turn_paragraph,"मिस शैला! मैंने निश्चय कर लिया है कि अब किसी को मनाने न जाऊंगी। हां, मेरी बेटी का दुःख से भरा भविष्य है और उसके लिए मुझे कोई उपाय करना ही होगा। वह इस तरह न रह सकेगी। मैंने अपने नाम की जमींदारि माधुरी को देने का निश्चय कर लिया है। तुम क्या",कहा,,146,384,high,
TITLI-CAND-000360,3.2,titli_20.html,माधुरी अवाक् होकर शैला का मुंह देखने लगी। आज स्त्रियां सब एक ओर थीं। पुरुषों की दुष्टता का प्रतिकार करने में सब सहमत थीं। श्यामदुलारी ने शैला का अनुकूल मत जानकर कहा—तो हम लोग आज ही बनारस जाएंगी। वहां पहले मैं दान-पत्र की रजिस्ट्री कराऊंगी। तुम भी चलोगी?,652,attribution_dash,तो हम लोग आज ही बनारस जाएंगी। वहां पहले मैं दान-पत्र की रजिस्ट्री कराऊंगी। तुम भी चलोगी?,कहा,,165,253,high,
TITLI-CAND-000361,3.2,titli_20.html,बिना कुछ सोचे हुए शैला ने कहा—चलूंगी।,653,attribution_dash,चलूंगी।,शैला ने कहा,शैला,30,37,high,
TITLI-CAND-000362,3.2,titli_20.html,"वह अपनी धुन में बनजरिया तक पहुंच भी गई; पर उसे मानो ज्ञान नहीं। जब तितली ने पुकारा—वाह बहन! मैं कब से बैठी हूं, इस तरह के आने के लिए कहकर भी कोई भूल जाता है—तो वह आपे में आ गई।",658,multi_turn_paragraph,"वाह बहन! मैं कब से बैठी हूं, इस तरह के आने के लिए",तितली ने पुकारा,तितली,83,132,high,
TITLI-CAND-000363,3.2,titli_20.html,"शैला इस छोटी-सी गृहस्थी में दो प्राणियों को मिलाकर उसकी कमी पूरी करते देखकर चकित हो रही थी। अभी छावनी की दशा देखकर आई थी। वहां सब कुछ था, पर सहयोग नहीं। यहां कुछ न था; परंतु पूरा सहयोग उस अभाव से मधुर युद्ध करने के लिए प्रस्तुत। शैला ने छेड़ने के लिए कहा—तितली! मुझे भूख लगी है। तुम अपने पकवान रहने दो; जो बना हो, मुझे लाकर खिला दो।",662,attribution_dash,"तितली! मुझे भूख लगी है। तुम अपने पकवान रहने दो; जो बना हो, मुझे लाकर खिला दो।",शैला ने छेड़ने के लिए कहा,शैला,255,332,high,
TITLI-CAND-000364,3.2,titli_20.html,मधुबन ने कहा—तो ले आओ न!,664,attribution_dash,तो ले आओ न!,मधुबन ने कहा,मधुबन,13,24,high,
TITLI-CAND-000365,3.2,titli_20.html,भोजन कर लेने पर शैला ने हाथ पोंछते हुए मधुबन से कहा—नील कोठी की रखवाली तुम्हारे ऊपर। मैं दो-चार दिन भी वहां ठहर सकती हूं! सावधान रहना। किसी से लड़ाई-झगड़ा मत कर बैठना।,669,attribution_dash,नील कोठी की रखवाली तुम्हारे ऊपर। मैं दो-चार दिन भी वहां ठहर सकती हूं! सावधान रहना। किसी से लड़ाई-झगड़ा मत कर बैठना।,कहा,,52,167,high,
TITLI-CAND-000366,3.2,titli_20.html,"दूर न जाकर घर में तितली ही से, क्यों बहन!—शैला ने हंसकर कहा।",671,attribution_dash,"दूर न जाकर घर में तितली ही से, क्यों बहन!",शैला ने हंसकर कहा,शैला,0,41,high,
TITLI-CAND-000367,3.2,titli_20.html,तितली लज्जा से मुस्कुराती हुई बोली—मैं क्या कलकत्ते की पहलवान हूं बहन!,672,attribution_dash,मैं क्या कलकत्ते की पहलवान हूं बहन!,बोली,,35,70,high,
TITLI-CAND-000368,3.2,titli_20.html,"मधुबन उत्तर न दे सकने से खीझ रहा था। पर वह खीझ बड़ी सुहावनी थी। सहसा उसे एक बात का स्मरण हुआ। उसने कहा-हां, एक बात तो कहना मैं भूल ही गया था। मलिया को लेकर वह तहसीलदार बहुत धमका गया है। मेरे सामने फिर आवेगा तो मैं उसके दो-चार बचे हुए दांत भी झाड़ दूंगा। वह बेचारी क्या इस गांव में रहने भी न पावेगी। और तो किसी से बोलने के लिए मैं शपथ खा सकता हूं।",673,attribution_dash,"हां, एक बात तो कहना मैं भूल ही गया था। मलिया को लेकर वह तहसीलदार बहुत धमका गया है। मेरे सामने फिर आवेगा तो मैं उसके दो-चार बचे हुए दांत भी झाड़ दूंगा। वह बेचारी क्या इस गांव में रहने भी न पावेगी। और तो किसी से बोलने के लिए मैं शपथ खा सकता हूं।",कहा,,103,346,high,
TITLI-CAND-000369,3.2,titli_20.html,"तितली ने नमस्कार किया। दोनों चले। अभी बनजरिया से कुछ ही दूर पहुंचे होंगे कि मलिया उधर से आती हुई दिखाई पड़ी। उसकी दयनीय और भयभीत मुखाकृति देखकर शैला को रुक जाना पड़ा। शैला ने उसे पास बुलाकर कहा—मलिया, तू तितली के पास निर्भय होकर रह, किसी बात की चिंता मत कर।",675,attribution_dash,"मलिया, तू तितली के पास निर्भय होकर रह, किसी बात की चिंता मत कर।",शैला ने उसे पास बुलाकर कहा,शैला,194,257,high,
TITLI-CAND-000370,3.2,titli_20.html,"मलिया की आंखों में कृतज्ञता के औसू पर आए। नील कोठी पर पहुंचकर दो-चार आवश्यक वस्तुएं अपने बेग में रखकर शैला तैयार हो गई। मधुबन को आवश्यक काम समझाकर वह झील की ओर पत्थर पर बैठी हुई, सड़क पर मोटर आने की प्रतीक्षा करने लगी। मधुबन को भूख लगी थी। उसने जाने के लिए पूछा। तितली भी अभी बैठी होगी—यह जानकर शैला को अपनी भूल मालूम हूई। उसने कहा—जाओ, तितली मुझे कोसती होगी।",676,attribution_dash,"जाओ, तितली मुझे कोसती होगी।",कहा,,332,359,high,
TITLI-CAND-000371,3.2,titli_20.html,आज उसे अपनी भूल पग-पग पर मालूम हो रही थी। उसने उत्साह से कहा—अब विलंब नहीं।,679,attribution_dash,अब विलंब नहीं।,कहा,,61,75,high,
TITLI-CAND-000372,3.2,titli_20.html,माधुरी ने पूछा—और कुछ सामान नहीं है क्या?,682,attribution_dash,और कुछ सामान नहीं है क्या?,माधुरी ने पूछा,माधुरी,15,41,high,
TITLI-CAND-000373,3.2,titli_20.html,"शैला ने कुछ सोचकर कहा—आपने तहसीलदार को साथ में नहीं लिया। बिना उसके वह काम, जो आप करना चाहती हैं; हो सकेगा?",685,attribution_dash,"आपने तहसीलदार को साथ में नहीं लिया। बिना उसके वह काम, जो आप करना चाहती हैं; हो सकेगा?",शैला ने कुछ सोचकर कहा,शैला,22,107,high,
TITLI-CAND-000374,3.2,titli_20.html,"क्षण-भर के लिए सन्नाटा रहा। माधुरी कुछ कहना चाहती थी। श्यामदुलारी ने ही कहा—हां, यह बात तो मैं भी भूल गई। उसको रहना चाहिए।",686,attribution_dash,"हां, यह बात तो मैं भी भूल गई। उसको रहना चाहिए।",श्यामदुलारी ने ही कहा,श्यामदुलारी,76,122,high,
TITLI-CAND-000375,3.2,titli_20.html,"श्यामदुलारी ने माधुरी को देखकर कहा—हम लोग जितनी बुरी शैला को समझती थीं उतनी तो नहीं है, बड़ी अच्छी लड़की है।",689,attribution_dash,"हम लोग जितनी बुरी शैला को समझती थीं उतनी तो नहीं है, बड़ी अच्छी लड़की है।",श्यामदुलारी ने माधुरी को देखकर कहा,श्यामदुलारी,35,108,high,
TITLI-CAND-000376,3.3,titli_21.html,क्या है रे?—अपने रूप की अभ्यर्थना समझते हुए भी राजकुमारी ने उनकी हंसी का अर्थ समझना चाहा। अपनी किसी भी वस्तु की प्रशंसा कराने की साध बड़ी मीठी होती है न? चाहे उसका मूल्य कुछ हो। बुधिया ने कहा—चलो मालकिन! बारात आ गई होगी!,699,attribution_dash,चलो मालकिन! बारात आ गई होगी!,बुधिया ने कहा,बुधिया,192,220,high,
TITLI-CAND-000377,3.3,titli_21.html,"जमुना को राजो के इस व्यवहार पर क्रोध आ गया। वह तो तितली की मित्र थी। फिर दबने वाली भी नहीं। उसने कहा—बेचारी तो पैर छू रही है और तुम अपना मुंह घुमा लेती हो, यह क्या है। तुम तो तितली की ननद हो न!",710,attribution_dash,"बेचारी तो पैर छू रही है और तुम अपना मुंह घुमा लेती हो, यह क्या है। तुम तो तितली की ननद हो न!",कहा,,101,193,high,
TITLI-CAND-000378,3.3,titli_21.html,अब तो आ गई हूं जीजी—तितली ने हंसकर कहा।,713,attribution_dash,अब तो आ गई हूं जीजी,तितली ने हंसकर कहा,तितली,0,19,high,
TITLI-CAND-000379,3.3,titli_21.html,"एक ने कहा—सच तो कहती है, अब तो वह तुम्हारे घर आ गई है। तुमको अब वह बातें भुला देनी चाहिए।",715,multi_turn_paragraph,सच तो,एक ने कहा,,10,15,high,
TITLI-CAND-000380,3.3,titli_21.html,"मैं कर क्या रही हूं। मैं तो कुछ बोलती भी नहीं। तुम लोग झूठ ही मेरा सिर खा रही हो। क्या मैं तो चली जाऊं?—कहती हुई राजकुमारी उठ खड़ी हुई। जमुना ने उसका हाथ पकड़कर बिठाया, और तितली भौंचक-सी अपने अपराधों को खोजने लगी। उसने फिर साहस एकत्र किया और पूछा—जीजी, मेरा अपराध क्षमा न करोगी?",716,attribution_dash,"जीजी, मेरा अपराध क्षमा न करोगी?",पूछा,,247,278,high,
TITLI-CAND-000381,3.3,titli_21.html,राजकुमारी और कुछ कहना ही चाहती थी कि किसी प्रौढ़ा ने हंसकर कहा—बेचारी के भाई को जादू-विद्या से इस कल की छोकरी ने अपने बस में कर लिया है। उसे दुख न हो?,718,attribution_dash,बेचारी के भाई को जादू-विद्या से इस कल की छोकरी ने अपने बस में कर लिया है। उसे दुख न हो?,प्रौढ़ा ने हंसकर कहा,प्रौढ़ा,63,150,high,
TITLI-CAND-000382,3.3,titli_21.html,"राजकुमारी ने देखा कि वह बनाई जा रही है, फिर भी तितली की ही विजय रही। वह जल उठी। चुप होकर धीरे-से खिसक जाने का अवसर देखने लगी—पंडित दीनानाथ कुछ क्रोध से भरे हुए घर में आए और अपनी स्त्री से कहने लगे—मैं मना करता था कि इन शहरवालों के यहां एक ब्याह करके देख चुकी हो, अब यह ब्याह किसी देहात में ही करूंगा। पर तुम मानो तब तो। मांग-पर-मांग आ रही है। अनार-शरबत चाहिए। ले आओ, है घर में? इस जाड़े में भी यह ढकोसला! मालूम होता है, जेठ-वैसाख की गरमी से तप रहे हैं!",719,attribution_dash,"मैं मना करता था कि इन शहरवालों के यहां एक ब्याह करके देख चुकी हो, अब यह ब्याह किसी देहात में ही करूंगा। पर तुम मानो तब तो। मांग-पर-मांग आ रही है। अनार-शरबत चाहिए। ले आओ, है घर में? इस जाड़े में भी यह ढकोसला! मालूम होता है, जेठ-वैसाख की गरमी से तप रहे हैं!",कहने लगे,,197,452,high,
TITLI-CAND-000383,3.3,titli_21.html,"जमुना की मां धीरे-से अपनी कोठरी में गई और बोतल लिये हुए बाहर आई। उसने कहा—फिर समधी हैं, अनार-शरबत ही तो मांगते हैं। कुछ तुमसे शराब तो मांगते नहीं। घबराने की क्या बात है? सुखदेव चौबे से कह दो, जाकर दे आवें और समझा दें कि हम लोग देहाती हैं; पंडित जी को सागसत्तू ही दे सकते हैं, ऐसी वस्तु न मांगें जो यहां न मिल सकती हो।",720,attribution_dash,"फिर समधी हैं, अनार-शरबत ही तो मांगते हैं। कुछ तुमसे शराब तो मांगते नहीं। घबराने की क्या बात है? सुखदेव चौबे से कह दो, जाकर दे आवें और समझा दें कि हम लोग देहाती हैं; पंडित जी को सागसत्तू ही दे सकते हैं, ऐसी वस्तु न मांगें जो यहां न मिल सकती हो।",कहा,,74,317,high,
TITLI-CAND-000384,3.3,titli_21.html,"पंडित जी—कहां—कहते हुए उछल पड़े। सब स्त्रियां हंस पड़ीं। जमुना की मां ने कहा—छिपकली के नाम पर उछलते हो, यह सुनकर समधी तो तुम्हारे ऊपर सैकड़ों छिपकलियां उछाल देंगे।",722,attribution_dash,"छिपकली के नाम पर उछलते हो, यह सुनकर समधी तो तुम्हारे ऊपर सैकड़ों छिपकलियां उछाल देंगे।",मां ने कहा,मां,77,163,high,
TITLI-CAND-000385,3.3,titli_21.html,"पंडित जी ने कहा—तुम नहीं जानती हो, इसके गिरने से शुभ और अशुभ देखा जाता है। यह है बड़ी भयानक वस्तु। इसका नाम है 'विषतूलिका'। सामने गिर पड़े तो भी दुःख देती है।",723,attribution_dash,"तुम नहीं जानती हो, इसके गिरने से शुभ और अशुभ देखा जाता है। यह है बड़ी भयानक वस्तु। इसका नाम है 'विषतूलिका'। सामने गिर पड़े तो भी दुःख देती है।",जी ने कहा,जी,16,158,high,
TITLI-CAND-000386,3.3,titli_21.html,"पंडित जी जब 'विषतूलिका' का उच्चारण अपने होंठों को बना कर बड़ी गंभीरता से कर रहे थे और सब स्त्रियां हंस रही थीं, तब राजकुमारी ने तितली की ओर देखकर मन-ही-मन घृणा से कहा—विषतूलिका। उस समय उसकी मुखाकृति बड़ी डरावनी हो गई थी। परंतु सुखदेव चौबे को सामने देखते ही उसका हृदय लहलहा गया। रधिया को न जाने क्या सूझा, ढोल बजाती हुई सुखदेव के नाम के साथ कुछ जोड़कर गाने लगी। सब उस परिहास में सहयोग करने लगीं। तितली उठकर मर्माहत-सी जमुना के पास चली गई।",724,attribution_dash,"विषतूलिका। उस समय उसकी मुखाकृति बड़ी डरावनी हो गई थी। परंतु सुखदेव चौबे को सामने देखते ही उसका हृदय लहलहा गया। रधिया को न जाने क्या सूझा, ढोल बजाती हुई सुखदेव के नाम के साथ कुछ जोड़कर गाने लगी। सब उस परिहास में सहयोग करने लगीं।",कहा,,167,394,high,stopped before a recognizable narrative continuation; review boundary
TITLI-CAND-000387,3.3,titli_21.html,"राजकुमारी कुछ काल के लिए रुक गई। दुधिया ने कहा—चलो, न मालकिन! दूर से खड़ी होकर हम लोग भी नाच देख लें।",727,attribution_dash,"चलो, न मालकिन! दूर से खड़ी होकर हम लोग भी नाच देख लें।",दुधिया ने कहा,दुधिया,47,101,high,
TITLI-CAND-000388,3.3,titli_21.html,राजकुमारी ने विव्हल होकर कहा—बालेपन से; साथ ही एक दबी सांस उसके मुंह से निकल गई। वह अपनी विकलता से चंचल होकर जल्दी से अपनी कोठरी में पहुंचकर किवाड़ बंद कर लेने के लिए घबरा उठी। पर जाए तो कैसे। बुधिया और कल्लो तो भीड़ में थीं। वहां जाकर उन्हें बुलाना उसे जंचता न था। उसने मन-ही-मन सोचा—कौन दूर शेरकोट है। मैं क्या अकेली नहीं जा सकती। कब तक यहीं खड़ी रहूंगी?—वह लौट पड़ी।,732,attribution_dash,बालेपन से; साथ ही एक दबी सांस उसके मुंह से निकल गई। वह अपनी विकलता से चंचल होकर जल्दी से अपनी कोठरी में पहुंचकर किवाड़ बंद कर लेने के लिए घबरा उठी। पर जाए तो कैसे। बुधिया और कल्लो तो भीड़ में थीं। वहां जाकर उन्हें बुलाना उसे जंचता न था।,राजकुमारी ने विव्हल होकर कहा,राजकुमारी,29,265,high,stopped before a recognizable narrative continuation; review boundary
TITLI-CAND-000389,3.3,titli_21.html,अंधकार का आश्रय लेकर वह शेरकोट की ओर बढ़ने लगी। उधर से एक बाहा पड़ता था। उसे लांघने के लिए वह क्षण-भर के लिए रुकी थी कि पीछे से किसी ने कहा—कौन है?,733,attribution_dash,कौन है?,किसी ने कहा,,140,147,high,
TITLI-CAND-000390,3.3,titli_21.html,"गांव की सीमा में खलिहानों पर से किसानों के गति सुनाई पड़ रहे थे। रसीली चांदनी की आर्द्रता से मंथर पवन अपनी लहरों से राजकुमारी के शरीर में रोमांच उत्पन्न करने लगा था। सुखदेव ज्ञानविहीन मूक पशु की तरह, उस आम की अंधेरी छाया में राजकुमारी के परवश शरीर के आलिंगन के लिए, चंचल हो रहा था। राजकुमारी की गई हुई चेतना लौट आई। अपनी असहायता में उसका नारीत्व जगकर गरज उठा। अपने को उसने छुड़ाते हुए कहा—सुखदेव! मुझे सब तरह से मत लूटो। मेरा मानसिक पतन हो चुका है। मैं किसी ओर की न रही। तो तुम्हारी भी न हो सकूंगी। मुझे घर पहुंचा दो।",735,attribution_dash,सुखदेव! मुझे सब तरह से मत लूटो। मेरा मानसिक पतन हो चुका है। मैं किसी ओर की न रही। तो तुम्हारी भी न हो सकूंगी। मुझे घर पहुंचा दो।,कहा,,389,517,high,
TITLI-CAND-000391,3.3,titli_21.html,"सुखदेव अनुनय करने लगा। रात और भीगने लगी। ज्यों-ज्यों विलम्ब हो रहा था, राजकुमारी का मन खीझने लगा। उसने डांटकर कहा—चलो घर पर, मैं यहां नहीं खड़ी रह सकती।",736,attribution_dash,"चलो घर पर, मैं यहां नहीं खड़ी रह सकती।",कहा,,114,152,high,
TITLI-CAND-000392,3.3,titli_21.html,"उपद्रव की सीमा से दूर निकल आने पर मधुबन को भी चैतन्य हआ। उसने देखा, सामने शेरकोट है। आज कितने दिनों पर वह अपने घर की ओर आया था। अब उसे अपनी विचित्र परिस्थिति का ज्ञान हुआ। वह मैना को बचा ले आया, पर इस रात में उसे रखे कहां। उसने मन को समझाते हुए कहा—मैं अपना कर्त्तव्य कर रहा हूं। इस समय राजो को बुलाकर इस मूर्छित स्त्री को उसकी रक्षा में छोड़ दूं। फिर सवेरे देखा जाएगा।",739,attribution_dash,मैं अपना कर्त्तव्य कर रहा हूं। इस समय राजो को बुलाकर इस मूर्छित स्त्री को उसकी रक्षा में छोड़ दूं। फिर सवेरे देखा जाएगा।,कहा,,249,369,high,
TITLI-CAND-000393,3.3,titli_21.html,"सुखदेव ने घूमकर कहा—मधुबन! बे, ते मत करो!",742,attribution_dash,"मधुबन! बे, ते मत करो!",सुखदेव ने घूमकर कहा,सुखदेव,20,41,high,
TITLI-CAND-000394,3.3,titli_21.html,अभी सुखदेव संभाल भी नहीं पाया था कि दनादन लात-घूंसे पड़ने लगे। सुखदेव चिल्लाने लगा। मैना सचेत होकर यह व्यवहार देखने लगी। उधर से राजो भी किवाड़ खोलकर बाहर निकल आई! मधुबन का हाथ पकड़कर मैना ने कहा—बस करो मधुबन बाबू!,744,attribution_dash,बस करो मधुबन बाबू!,मैना ने कहा,मैना,195,213,high,
TITLI-CAND-000395,3.3,titli_21.html,मैना ने कहा—हम लोग यहीं रात बिता लेंगे। अभी न जाने हाथी पकड़ा गया कि नहीं। उधर जाना तो प्राण देना है।,746,attribution_dash,हम लोग यहीं रात बिता लेंगे। अभी न जाने हाथी पकड़ा गया कि नहीं। उधर जाना तो प्राण देना है।,मैना ने कहा,मैना,12,101,high,
TITLI-CAND-000396,3.3,titli_21.html,सुखदेव चतुरता से चूकने वाला न था। उसने उखड़े हुए शब्दों में अपनी सफाई देते हुए कहा—मैं क्या जानता था कि हाथी से प्राण बचाने जाकर बाघ के मुंह में चला गया हूं।,747,attribution_dash,मैं क्या जानता था कि हाथी से प्राण बचाने जाकर बाघ के मुंह में चला गया हूं।,कहा,,83,157,high,
TITLI-CAND-000397,3.3,titli_21.html,"मैना एक वेश्या थी। उसके सामने कुलीनता का आडम्बर रखने वाले घर का यह भंडाफोड़। मधुबन चुप था। राजकुमारी ने कहा—अच्छा, भीतर चलो। जो किया सो अच्छा किया। यह कौन है?",749,attribution_dash,"अच्छा, भीतर चलो। जो किया सो अच्छा किया। यह कौन है?",राजकुमारी ने कहा,राजकुमारी,108,158,high,
TITLI-CAND-000398,3.3,titli_21.html,"मधुबन की परिस्थिति मैना समझ गई। उसने कहा—मैं यहां नाचने आई हूं। हाथी बिगड़कर मुझ पर दौड़ा। यदि मधुबन बाबू वहां न आते तो मैं मर चुकी थी। अब रात-भर मुझे कहीं पड़े रहने के लिए जगह दीजिए, सवेरे ही चली जाऊंगी।",752,attribution_dash,"मैं यहां नाचने आई हूं। हाथी बिगड़कर मुझ पर दौड़ा। यदि मधुबन बाबू वहां न आते तो मैं मर चुकी थी। अब रात-भर मुझे कहीं पड़े रहने के लिए जगह दीजिए, सवेरे ही चली जाऊंगी।",कहा,,41,204,high,
TITLI-CAND-000399,3.3,titli_21.html,"राजकुमारी को समझौता करना था। दूसरा अवसर होता तो वह कभी न ऐसा करती। उसने कहा—अच्छा आओ मैना—उसके साथ भीतर चलते हुए मधुबन का हाथ पकड़कर मैना बोली—सुखदेव को वहीं पड़ा रहने दीजिए। रात है, अभी न जाने हाथी कुचल दे तो बेचारे की जान चली जाएगी।",753,multi_turn_paragraph,अच्छा आओ मैना—उसके साथ भीतर चलते हुए मधुबन का हाथ पकड़कर मैना,कहा,,76,137,high,
TITLI-CAND-000400,3.3,titli_21.html,"राजकुमारी को समझौता करना था। दूसरा अवसर होता तो वह कभी न ऐसा करती। उसने कहा—अच्छा आओ मैना—उसके साथ भीतर चलते हुए मधुबन का हाथ पकड़कर मैना बोली—सुखदेव को वहीं पड़ा रहने दीजिए। रात है, अभी न जाने हाथी कुचल दे तो बेचारे की जान चली जाएगी।",753,attribution_dash,"सुखदेव को वहीं पड़ा रहने दीजिए। रात है, अभी न जाने हाथी कुचल दे तो बेचारे की जान चली जाएगी।",बोली,,143,234,high,
TITLI-CAND-000401,3.3,titli_21.html,बनजरिया के ऊपर अरुणोदय की लाली अभी नहीं आई थी। मलिया झाडू लगा रही थी। तितली ने जागकर सवेरा किया था। मधुबन की प्रतीक्षा में उसे नींद नहीं आई थी। वह अपनी संपूर्ण चेतना से उत्सुक-सी टहल रही थी। सामने से चौबेजी आते हुए दिखाई पड़े। वह खड़ी हो गई। चौबे ने पूछा—मधुबन बाबू अभी तो नहीं आए न?,756,attribution_dash,मधुबन बाबू अभी तो नहीं आए न?,चौबे ने पूछा,चौबे,255,283,high,
TITLI-CAND-000402,3.3,titli_21.html,"वह अपने को न संभाल सकी? रामनाथ की तेजस्विता का पाठ भूली न थी। उसने निश्चय किया कि आज शेरकोट चलूंगी, वह भी तो मेरा ही घर है, अभी चलूंगी। मलिया से कहा—चल तो मेरे साथ।",760,attribution_dash,चल तो मेरे साथ।,कहा,,149,164,high,
TITLI-CAND-000403,3.3,titli_21.html,"ग्लानि और चिंता से मधुबन को भी देर तक निद्रा नहीं आई थी। पिछली रात में जब वह सोने लगा तो फिर उसकी आंख ही नहीं खुलती थी। सूर्य की किरणों से चौंककर जब झुंझलाते हुए मधुबन ने आंखें खोली तो सामने तितली खड़ी थी। घूमकर देखता है तो मैना भी बैठी मुस्कुरा रही है। और राजो वह जैसे लज्जा-संकोच से भरी हुई, परिहास-चंचल अधरों में अपनी वाणी को पी रही है। तितली को देखते ही उससे न रहा गया। उसका हाथ पकड़कर वह अपनी कोठरी में ले जाते हुए बोली—मैना! आज मेरे मधुबन की बहू अपनी ससुराल में आई है। तुम्हीं कुछ मंगल गा दो। बेचारी मुझसे रूठकर यहां आती ही न थी।",762,attribution_dash,मैना! आज मेरे मधुबन की बहू अपनी ससुराल में आई है। तुम्हीं कुछ मंगल गा दो। बेचारी मुझसे रूठकर यहां आती ही न थी।,बोली,,425,535,high,
TITLI-CAND-000404,3.3,titli_21.html,"मधुबन अवाक् था। मैना समझ गई। उसने गाने के लिए मुंह खोला ही था कि मधुबन की तीखी दृष्टि उस पर पड़ी। पर वह कब मानने वाली। उसने कहा—बाबूजी, जाइए, मुंह धो आइए। मैं आपसे डरने वाली नहीं। ऐसी सोने-सी बह देखकर गाने का मन न करे, वह कोई दूसरी होगी। भला मुझे यह अवसर तो मिला।",763,attribution_dash,"बाबूजी, जाइए, मुंह धो आइए। मैं आपसे डरने वाली नहीं। ऐसी सोने-सी बह देखकर गाने का मन न करे, वह कोई दूसरी होगी। भला मुझे यह अवसर तो मिला।",कहा,,128,263,high,
TITLI-CAND-000405,3.4,titli_22.html,"महंगू के अलाव पर गांव पर की आलोचना होती थी। रामजस को बेकारी में दूसरी जगह बैठने की कहां थी। महंगू ने खांसकर कहा—मधुबन बाबू को ऐसा नहीं करना चाहिए था। भला ब्याह-बारात में किसी मंगल काम में, ऐसा गड़बड़ करा देना चाहिए।",769,attribution_dash,"मधुबन बाबू को ऐसा नहीं करना चाहिए था। भला ब्याह-बारात में किसी मंगल काम में, ऐसा गड़बड़ करा देना चाहिए।",महंगू ने खांसकर कहा,महंगू,112,215,high,
TITLI-CAND-000406,3.4,titli_22.html,"झूठे हैं, जो लोग ऐसी बात कहते हैं महतो!—रामजस ने उत्तेजित होकर कहा।",770,attribution_dash,"झूठे हैं, जो लोग ऐसी बात कहते हैं महतो!",रामजस ने उत्तेजित होकर कहा,रामजस,0,39,high,
TITLI-CAND-000407,3.4,titli_22.html,"रामजस को कोड़ा-सा लगा। वह तमककर खड़ा हो गया। और कहने लगा—चार पैसे हो जाने से तुम अपने को बड़ा समझदार और भलामानुस समझने लगे हो। अभी उसी का खेत जोतते-जोतते गगरी में अनाज दिखाई देने लगा, उसी को भला-बुरा कहते हो। मैं चौपट हो गया तो अपने दुर्दैव से महंगू! मधुबन ने मेरा क्या बिगाड़ा। और तुम अपनी देखो।—कहता हुआ रामजस बिगड़कर वहां से चलता बना। वह तो बारात देखने के लिए ठहर गया था। आज ही उसका जाने का दिन निश्चित था। मधुबन से मिलना भी आवश्यक था। वह बनजरिया की ओर चला। उसके मन में इस कृतघ्न गांव के लिए घोर घृणा उत्तेजित हो रही थी। वह सोचता चला जा रहा था कि किस तरह महंगू को उसकी हेकड़ी का दंड देना चाहिए। कई बातें उसके मन में आईं। पर वह निश्चय न कर सका।",774,multi_turn_paragraph,"चार पैसे हो जाने से तुम अपने को बड़ा समझदार और भलामानुस समझने लगे हो। अभी उसी का खेत जोतते-जोतते गगरी में अनाज दिखाई देने लगा, उसी को भला-बुरा",कहने लगा,,57,199,high,
TITLI-CAND-000408,3.4,titli_22.html,"सामने मधुबन को आते देखकर वह जैसे चौंक उठा। मधुबन के मुंह पर गहरी चिंता की छाया थी। मधुबन ने पूछा—क्यों रामजस, कब जा रहे हो?",775,attribution_dash,"क्यों रामजस, कब जा रहे हो?",मधुबन ने पूछा,मधुबन,97,123,high,
TITLI-CAND-000409,3.4,titli_22.html,"कहते-कहते मधुबन रुककर सोचने लगा। उसका श्वास विषधर के फुफकार की तरह सुनाई पड़ रहा था। फिर उसने ठहरकर कहना आरंभ कर दिया—भाई, जब मैना के सामने यह बात खुल गई तो तुमसे कहने में क्या संकोच! सुनो, भगदड़ में जब मैं मैना को लेकर भागा तो मुझे ज्ञान न था कि मैं किधर जा रहा हूं। जा पहुंचा शेरकोट और वहां देखा कि भीतर से किवाड़ बंद है, बाहर सुखदेव चौबे खड़ा होकर कह रहा है, 'राजो, किवाड़ खोलो'। मेरा खून खौल उठा। मैना को छोड़कर मैंने उसे दो-चार हाथ जमाया ही था कि मैना ने रोक लिया और मैं तो उसकी हत्या ही कर बैठता; पर यही जानकर कि जब राजो के सा चौबे का कोई संबंध था तभी तो यह बात हुई, मैं रुक गया। तुम तो जानते हो कि मैं ब्याह के बाद शेरकोट गया ही नहीं: इधर यह सब क्या हो गया, मुझे मालूम नहीं। मेरा हृदय जला जा रहा है। मैं जानता हूं कि चौबे ही इसकी जड़ में है, पर क्या करूं, लोक-लाज और अपना कलंक मेरा गला घोट रहा है।",789,attribution_dash,"कहते मधुबन रुककर सोचने लगा। उसका श्वास विषधर के फुफकार की तरह सुनाई पड़ रहा था। फिर उसने ठहरकर कहना आरंभ कर दिया—भाई, जब मैना के सामने यह बात खुल गई तो तुमसे कहने में क्या संकोच! सुनो, भगदड़ में जब मैं मैना को लेकर भागा तो मुझे ज्ञान न था कि मैं किधर जा रहा हूं। जा पहुंचा शेरकोट और वहां देखा कि भीतर से किवाड़ बंद है, बाहर सुखदेव चौबे खड़ा होकर कह रहा है, 'राजो, किवाड़ खोलो'। मेरा खून खौल उठा। मैना को छोड़कर मैंने उसे दो-चार हाथ जमाया ही था कि मैना ने रोक लिया और मैं तो उसकी हत्या ही कर बैठता; पर यही जानकर कि जब राजो के सा चौबे का कोई संबंध था तभी तो यह बात हुई, मैं रुक गया। तुम तो जानते हो कि मैं ब्याह के बाद शेरकोट गया ही नहीं: इधर यह सब क्या हो गया, मुझे मालूम नहीं। मेरा हृदय जला जा रहा है। मैं जानता हूं कि चौबे ही इसकी जड़ में है, पर क्या करूं, लोक-लाज और अपना कलंक मेरा गला घोट रहा है।",कहते,,5,804,high,unusually long candidate (>500 characters); review boundaries
TITLI-CAND-000410,3.4,titli_22.html,"रामजस ने अपनी लाठी पटकते हुए कहा—ब्याह करके तुम कायर हो गए हो, यह नहीं कहते। स्त्री का मोह हो रहा है। सुखदेव को तो मैं उसी दिन समझ गया था कि बह पड़ा पाजी है, जब वह मां के मरने में ज्योनार देने के लिए बहुत-कुछ कह रहा था। उस नीच को मालूम था कि मेरा भाई पथ्य के लिए भूखों मर गया। और मां दरिद्रता की उस घोर पीड़ा और अभिमान के कारण पागल होकर मर गई। परंतु वह श्रद्धा के अवसर पर बड़ी-सी ज्योनार देने के लिए निर्लज्जता से हठ करता रहा। ऐसे ढोंगी को तो वहीं मार डालना चाहता था। पाजी जब मेरे खेत के लिए नीलामी की बोली बोलने आया था तब नहीं जानता था कि मेरे पास कुछ नहीं है। मुझे धर्म और परलोक का पाठ पढ़ाता था। मैं तो अब कलकत्ते नहीं जाता। देलूं कौन मेरा खेत काटता है। मैं तो आज से प्रतिज्ञा करता हूं कि बिना इसका सिर फोड़े नहीं जाता। पैसे के बल पर धर्म और सदाचार का अभिनय करना भुलवा दूंगा! मैंने जो कुछ पढ़ा-लिखा है, सब झूठा था। आज-कल क्या, सब युगों में लक्ष्मी का बोलबाला था। भगवान भी इसी के संकेतों पर नाचते हैं। मैं तुम्हारी इस झूठे पाप-पुण्य की दुहाई नहीं मानता।",790,multi_turn_paragraph,"ब्याह करके तुम कायर हो गए हो, यह नहीं",रामजस ने अपनी लाठी पटकते हुए कहा,रामजस,33,70,high,
TITLI-CAND-000411,3.4,titli_22.html,मैं यह सब मानता। पेट के प्रश्न को सामने रखकर शक्ति-संपन्न पाखंडी लोग अभाव-पीड़ितों को सब तरह के नाच नचा रहे हैं। मनुष्य को अपनी वास्तविकता का जैसे ज्ञान नहीं रह गया है। तब यह सब बातें सुनने के योग्य नहीं रह जातीं। प्रभुत्व और धन के बल पर कौन-कौन से अपराध नहीं हो रहे हैं। तब उन्हीं लोगों के अपराध-अपराध चिल्लाने का स्वर दूसरे गांव में भटक कर चले आने वाले नए कुत्ते के पीछे गांव के कुत्तों का-सा है। वह सब मैं सुनते-सुनते ऊब गया हूं मधुबन भइया! मधुबन ने गंभीर होकर कहा—तुम्हारे खेत की फसल नीलाम हो चुकी है। अब तुम उसे छुओगे तो मुकदमा चलेगा। चलो तुम बनजरिया में रहो। फिर देखा जाएगा।,792,attribution_dash,तुम्हारे खेत की फसल नीलाम हो चुकी है। अब तुम उसे छुओगे तो मुकदमा चलेगा। चलो तुम बनजरिया में रहो। फिर देखा जाएगा।,मधुबन ने गंभीर होकर कहा,मधुबन,468,580,high,
TITLI-CAND-000412,3.4,titli_22.html,"होठ बिचकाकर रामजस ने जैसे उसकी बातों को उड़ाते हुए हंस दिया। फिर ठहरकर उसने कहा—अच्छा आज तो मैं अपने खेत का हाबुस भूनकर खाऊंगा। फिर कल, यहां रहना होगा तो बनजरिया में ही आकर रहूंगा।",793,attribution_dash,"अच्छा आज तो मैं अपने खेत का हाबुस भूनकर खाऊंगा। फिर कल, यहां रहना होगा तो बनजरिया में ही आकर रहूंगा।",कहा,,80,180,high,
TITLI-CAND-000413,3.4,titli_22.html,"मधुबन घर की ओर मुड़ा। वह धीरे-धीरे अपनी झोंपड़ी के सामने आकर खड़ा हुआ। तितली उसकी ओर मुंह किए एक फटा कपड़ा सी रही थी। भीतर राजो-रसोईघर में से बोली—बहू, सरसों का तेल नहीं है। ऐसे गृहस्थी चलती है; आज ही आटा भी पिस जाना चाहिए।",798,attribution_dash,"बहू, सरसों का तेल नहीं है। ऐसे गृहस्थी चलती है; आज ही आटा भी पिस जाना चाहिए।",बोली,,147,223,high,
TITLI-CAND-000414,3.4,titli_22.html,"मधुबन ने एक दीर्घ निःश्वास लेकर कहा—स्त्री को स्त्री का अवलम्बन मिल गया। तितली, मैना के भय से राजो को पकड़कर उसकी गोद में मुंह छिपाना चाहती है। और राजो, उसकी भी दर्बलता साधारण नहीं। चलो अच्छा हआ एक-दसरे को संभाल लेंगी।",807,attribution_dash,"स्त्री को स्त्री का अवलम्बन मिल गया। तितली, मैना के भय से राजो को पकड़कर उसकी गोद में मुंह छिपाना चाहती है। और राजो, उसकी भी दर्बलता साधारण नहीं। चलो अच्छा हआ एक-दसरे को संभाल लेंगी।",मधुबन ने एक दीर्घ निःश्वास लेकर कहा,मधुबन,36,218,high,
TITLI-CAND-000415,3.4,titli_22.html,"तहसीलदार की बैठक में बैठे चौबेजी पान चबाते हुए बोले—फिर संभालते न बनेगा। मैं देख रहा हूं कि तुम अपना भी सिर तुड़वाओगे और गांव-भर पर विपत्ति बुलाओगे। मैं अभी देखता आ रहा हूं रामजस बैठा हुआ अपने उपरवार खेत का जौ उखाड़ कर होला जला रहा था, बहुत-से लड़के उसके आसपास बैठे हैं।",809,attribution_dash,"फिर संभालते न बनेगा। मैं देख रहा हूं कि तुम अपना भी सिर तुड़वाओगे और गांव-भर पर विपत्ति बुलाओगे। मैं अभी देखता आ रहा हूं रामजस बैठा हुआ अपने उपरवार खेत का जौ उखाड़ कर होला जला रहा था, बहुत-से लड़के उसके आसपास बैठे हैं।",बोले,,52,270,high,
TITLI-CAND-000416,3.4,titli_22.html,"मैं जाता तो हूं; पर यदि वह मुझसे टर्राया और तुम फिर चुप रह गए तो यह अच्छी बात न होगी—कहकर सुखदेव चौबे रामजस के खेत पर चले। वहां लड़कों की भीड़ जुटी थी। पूरा भोज का-सा जमघट था। कोई बेकार नहीं। कोई उछल रहा है, कोई गा रहा है, कोई जौ के मुट्टों की पत्तियां जलाकर झुलस रहा है। रामजस ने जैसे टिाड्डियों को बुला लिया है। वह स्थिर होकर यह अत्याचार अपने ही खेत पर करा रहा है। जैसे सर्वनाश में उसको विश्वास हो गया हो। अपनी झोपड़ी में से, जो रखवाली के लिए वहां पड़ी थी, सूखे खरों को खींचकर लड़कों को दे रहा था। लड़कों में पूरा उत्साह था। जिसके यहां कोल्हू चल रहा था, वे दौड़कर अपने-अपने घरों से ईख का रस ले आते थे। ऐसा आनन्द भला वे कैसे छोड़ सकते थे। एक लड़के ने कहा—रामजस दादा, कहो तो ढोल ले आवें।",815,attribution_dash,"रामजस दादा, कहो तो ढोल ले आवें।",लड़के ने कहा,लड़के,656,687,high,
TITLI-CAND-000417,3.4,titli_22.html,अभी बात पूरी न हो पाई थी कि सामने से सुखदेव ने कहा—यह क्या हो रहा है रामजस! कुछ पीछे की भी सुध है? क्या जेल जाने की तैयारी कर रहे हो?,817,attribution_dash,यह क्या हो रहा है रामजस! कुछ पीछे की भी सुध है? क्या जेल जाने की तैयारी कर रहे हो?,सुखदेव ने कहा,सुखदेव,51,133,high,
TITLI-CAND-000418,3.4,titli_22.html,"कहे देता हूं कि सीधे-सीधे चले जाओ, नहीं तो तुम्हारी मस्ती उतार दूंगा। कहकर रामजस सीधा तनकर खड़ा हो गया। सुखदेव ने भी क्रोध में आकर कहा—दूंगा एक झापड़, दांत झड़ जायेंगे। मैं तो समझा रहा हूं, तू बहकता जा रहा है।",822,attribution_dash,"दूंगा एक झापड़, दांत झड़ जायेंगे। मैं तो समझा रहा हूं, तू बहकता जा रहा है।",सुखदेव ने भी क्रोध में आकर कहा,सुखदेव,135,209,high,
TITLI-CAND-000419,3.4,titli_22.html,महंगू ने कहा—यह बड़ा अंधेर है। ऐसी नवाबी तो नहीं देखी। भला कुर्क हुए खेत को इस तरह तहस-नहस करना चाहिए।,825,attribution_dash,यह बड़ा अंधेर है। ऐसी नवाबी तो नहीं देखी। भला कुर्क हुए खेत को इस तरह तहस-नहस करना चाहिए।,महंगू ने कहा,महंगू,13,102,high,
TITLI-CAND-000420,3.4,titli_22.html,"पांडेजी ने कहा—चौबेजी को तो पहले उठा ले चलो, यहां खड़े तुम लोग क्या देख रहे हो।",826,attribution_dash,"चौबेजी को तो पहले उठा ले चलो, यहां खड़े तुम लोग क्या देख रहे हो।",पांडेजी ने कहा,पांडेजी,15,79,high,
TITLI-CAND-000421,3.4,titli_22.html,पांडेजी के कहने पर लोगों को मूर्छित चौबे का ध्यान आया। उन्हें उठाकर जब लोग जा रहे थे तब मधुबन वहां आया। उसने सुन लिया कि सुखदेव पिट गया। मधुबन ने क्षण-भर में सब समझ लिया। उसने कहा-रामजस! अब यहां क्या कर रहे हो? चलो मेरे साथ।,827,attribution_dash,रामजस! अब यहां क्या कर रहे हो? चलो मेरे साथ।,कहा,,180,224,high,
TITLI-CAND-000422,3.4,titli_22.html,"उसने कहा—ठहरो दादा, लगे हाथ इस महंगू को भी समझा दें।",828,attribution_dash,"ठहरो दादा, लगे हाथ इस महंगू को भी समझा दें।",कहा,,9,52,high,
TITLI-CAND-000423,3.4,titli_22.html,"मधुबन ने उसका हाथ पकड़कर कहा—अरे महंगू बूढ़ा है। उस बेचारे ने क्या किया है? अधिक उपद्रव न बढ़ाओं, जो किया सो अच्छा किया।",829,attribution_dash,"अरे महंगू बूढ़ा है। उस बेचारे ने क्या किया है? अधिक उपद्रव न बढ़ाओं, जो किया सो अच्छा किया।",मधुबन ने उसका हाथ पकड़कर कहा,मधुबन,29,120,high,
TITLI-CAND-000424,3.4,titli_22.html,"अभी मधुबन उसको समझा ही रहा था कि छावनी से दस लट्ठबाज दौड़ते हुए पहुंच गये । 'मार-मार' की ललकार बढ़ चली । मधुबन ने देखा कि रामजस तो अब मारा जाता है। उसने हाथ उठाकर कहा—भाइयों, ठहरो, बिना समझे मारपीट करना नहीं चाहिए।",830,attribution_dash,"भाइयों, ठहरो, बिना समझे मारपीट करना नहीं चाहिए।",कहा,,167,214,high,
TITLI-CAND-000425,3.4,titli_22.html,"महन्तजी मन्दिर से मिले हुए, फूलों से भरे, एक सुन्दर बगीचे में रहते थे। रहने के लिए छोटा, पर दृढ़ता से बना हुआ, पक्का घर था। दालान में ऊंचे तकिये के सहारे महन्तजी प्राय: बैठकर भक्तों की भेंट और किसानों का सूद दोनों ही समभाव से ग्रहण करते । जब कोई किसान कुछ सूद छोड़ने के लिए प्रार्थना करता तो वह गम्भीरता से कहते-भाई, मेरा तो कुछ है नहीं, यह तो श्री बिहरिजी की विभूति है, उनका अंश लेने से क्या तुम्हारा भला होगा?",835,attribution_dash,"भाई, मेरा तो कुछ है नहीं, यह तो श्री बिहरिजी की विभूति है, उनका अंश लेने से क्या तुम्हारा भला होगा?",कहते,,312,411,high,
TITLI-CAND-000426,3.4,titli_22.html,संध्या की आरती हो चुकी थी । घंटे की प्रतिध्वनि अभी दूर-दूर के वायुमंडल में गूंज रही थी । महन्तजी पूजा समाप्त करके अपनी गद्दी पर बैठे ही थे कि एक नौकर ने आकर कहा—ठाकुर साहब आए हैं।,837,attribution_dash,ठाकुर साहब आए हैं।,नौकर ने आकर कहा,,161,179,high,
TITLI-CAND-000427,3.5,titli_23.html,"कुर्सी पर बैठते रामपाल सिंह इंस्पेक्टर ने कहा—सब आपकी कृपा है। धामपुर में जांच के लिए गया था। वहां से चला आ रहा हूं। सुना है कि  वह चौबे जो उस दिन की मारपीट में घायल हुआ था, आपके यहां है।",842,attribution_dash,"सब आपकी कृपा है। धामपुर में जांच के लिए गया था। वहां से चला आ रहा हूं। सुना है कि  वह चौबे जो उस दिन की मारपीट में घायल हुआ था, आपके यहां है।",इंस्पेक्टर ने कहा,इंस्पेक्टर,46,187,high,
TITLI-CAND-000428,3.5,titli_23.html,"ठाकुर साहब पान-इलाइची लेकर चले गए। महन्तजी थोड़ी देर तक चिंता में निमग्न बैठे रहे। उनका ध्यान तब टूटा, जब राजकुमारी के साथ माधो आकर उनके सामने खड़ा हो गया। उन्होंने पूछा-क्या है?",848,attribution_dash,क्या है?,पूछा,,170,178,high,
TITLI-CAND-000429,3.5,titli_23.html,शेरकोट! भला उसे कौन बंधक रखेगा? तुम लोगों के ऊपर तो 'बेदखली' हो गई है। बनजरिया का भी वही हाल है। मैं उस पर रुपया नहीं दे सकता। मैं इस झंझट में नहीं पडूंगा।—कहकर महन्तजी ने माधो की ओर देखकर कहा—और तुम क्या चाहते हो? रुपये दोगे कि नहीं? आज ही देने के लिए कहा था न?,852,multi_turn_paragraph,और तुम क्या चाहते हो? रुपये दोगे कि नहीं? आज ही देने के लिए,महन्तजी ने माधो की ओर देखकर कहा,महन्तजी,193,252,high,
TITLI-CAND-000430,3.5,titli_23.html,मधुबन गाढ़े की दोहर में अपना अंग छिपाए था। वह सबसे छिपना चाहता था। उसने धीरे से माधो को मिठाई की दूकान दिखाकर कुछ पैसे दिए और कहा—वहीं पर जल पीकर तुम बैठो। राजो के आने पर मैं तुमको बुला लूंगा।,860,attribution_dash,वहीं पर जल पीकर तुम बैठो। राजो के आने पर मैं तुमको बुला लूंगा।,कहा,,130,192,high,
TITLI-CAND-000431,3.5,titli_23.html,उधर राजो चुपचाप महन्तजी के सामने खड़ी रही। उसके मन में भीषण क्रोध उबल रहा था; किंतु महन्तजी को भी न जाने क्या हो गया था कि उसे जाने के लिए तब तक नहीं कहा था! राजो ने पूछा-महाराज! यह सब किसलिए!,862,attribution_dash,महाराज! यह सब किसलिए!,राजो ने पूछा,राजो,171,192,high,
TITLI-CAND-000432,3.5,titli_23.html,फिर कुछ रुककर महन्त ने एक निर्लज्ज संकेत किया। राजकुमारी उसे जहर के घूंट की तरह पी गई। उसने कहा—तो क्या चौबे यहीं हैं।,866,attribution_dash,तो क्या चौबे यहीं हैं।,कहा,,96,118,high,
TITLI-CAND-000433,3.5,titli_23.html,"राजकुमारी ने गिड़गिड़ाकर कहा—सचमुच मेरा ही सब अपराध है, मैं मर क्यों न गई? पर अब तो लज्जा आपके हाथ है। दुहाई है, मैं सौगंध खाती हूं आपका सब रुपया चुका दूंगी। मेरी हड्डी-हड्डी से अपनी पाई-पाई ले लीजिएगा। मधुबन ने कहा है कि वह पहले वाला एक सौ का दस्तावेज और पांच सौ यह, सब मिलाकर सूद-समेत लिखा लीजिए।",871,multi_turn_paragraph,"सचमुच मेरा ही सब अपराध है, मैं मर क्यों न गई? पर अब तो लज्जा आपके हाथ है। दुहाई है, मैं सौगंध खाती हूं आपका सब रुपया चुका दूंगी। मेरी हड्डी-हड्डी से अपनी पाई-पाई ले लीजिएगा।",राजकुमारी ने गिड़गिड़ाकर कहा,राजकुमारी,29,202,high,
TITLI-CAND-000434,3.5,titli_23.html,"राजकुमारी ने निराश होकर चारों ओर देखा। उस एकांत-स्थान में सन्नाटा था महन्त के नौकर-चाकर खाने-पीने में लगे थे। वहां किसी को अपना परिचित न देखकर वह सिर झुकाकर बोली—क्या शेरकोट से काम न चल जाएगा? नहीं जी, कह तो चुका, वह आज नहीं तो कल तुम लोगों के हाथ से निकला ही हुआ है। फिर तुम तो अभी कह रही थी कि मेरी हड्डी से चुका लेना। क्यों वह बात सच है?",873,attribution_dash,"क्या शेरकोट से काम न चल जाएगा? नहीं जी, कह तो चुका, वह आज नहीं तो कल तुम लोगों के हाथ से निकला ही हुआ है। फिर तुम तो अभी कह रही थी कि मेरी हड्डी से चुका लेना। क्यों वह बात सच है?",बोली,,162,340,high,
TITLI-CAND-000435,3.5,titli_23.html,महन्त समीप आ गया था; राजकुमारी का हाथ पकड़ने ही वाला था कि वह चौंककर खड़ी हो गई। स्त्री की छलना ने उसको उत्साहित किया। उसने कहा-दूर ही रहिए न! यहां क्यों!,876,attribution_dash,दूर ही रहिए न! यहां क्यों!,छलना ने उसको उत्साहित किया। उसने कहा,छलना,128,154,high,
TITLI-CAND-000436,3.5,titli_23.html,"कामुक महन्त के लिए दूसरा आमन्त्रण था। उसने साहस करके राजो का हाथ पकड़ लिया। मंदिर से सटा हुआ वह बाग एकांत था। राजकुमारी चिल्लाती, पर वहां सहायता के लिए कोई न आता! उसने शांत होकर कहा—मैं फिर आ जाऊंगी। आज मुझे जाने दीजिए। आज मुझे रुपयों का प्रबंध करना है!",877,attribution_dash,मैं फिर आ जाऊंगी। आज मुझे जाने दीजिए। आज मुझे रुपयों का प्रबंध करना है!,कहा,,182,253,high,
TITLI-CAND-000437,3.5,titli_23.html,"सड़क पर सन्नाटा हो गया था। देहाती बाजार में पहर-भर रात जाने पर बहुत ही कम लोग दिखाई पड़ रहे थे। मिठाई की दुकान पर माधो खा-पीकर संतुष्टि की झपकी ले रहा था। राजकुमारी ने उसे उंगली से जगाकर अपने पीछे आने के लिए कहा। दोनों बाजार के बाहर आए। एक्के वाला एक तान छेड़ता हुआ अपने घोड़े को खरहरा कर रहा था। राजकुमारी ने धीरे-से शेरकोट की ओर पैर बढ़ाया। दोनों ही किसी तरह की बात नहीं कर रहे थे। थोड़ी ही दूर आगे बढ़े होंगे कि कई आदमी दौड़ते हुए आए। उन्होंने माधो को रोका। माधो ने कहा—क्यों भाई! मेरे पास क्या धरा है, क्या है?",882,attribution_dash,"क्यों भाई! मेरे पास क्या धरा है, क्या है?",माधो ने कहा,माधो,473,514,high,
TITLI-CAND-000438,3.5,titli_23.html,"थोड़ा-सा उसके हृदय की धड़कन को विश्राम मिला। वह अब भी बाजार के पीछेपीछे अपनी भयभीत अवस्था में सशंक चल रहा था। महन्त की निकली हुई आंखें जैसे उसकी आखों में घुसने लगीं। विकल होकर वह अपनी आखों को मूंदकर चलने लगा, उसने कहा—नहीं, मैं तो वहां गया भी नहीं था। किसने मुझको देखा? राजो! हत्यारिन! ओह उसी की बुलाई हुई यह विपत्ति है। यह देखो, इस वयस में उसका उत्पात! हां, मार डाला है मैंने, इसका दण्ड दूसरा नहीं हो सकता। काट डालना ही ठीक था। तो फिर मैंने किया क्या, हत्या? नहीं! और किया भी हो तो बुरा क्या किया।",888,attribution_dash,"नहीं, मैं तो वहां गया भी नहीं था। किसने मुझको देखा? राजो! हत्यारिन! ओह उसी की बुलाई हुई यह विपत्ति है। यह देखो, इस वयस में उसका उत्पात! हां, मार डाला है मैंने, इसका दण्ड दूसरा नहीं हो सकता। काट डालना ही ठीक था। तो फिर मैंने किया क्या, हत्या? नहीं! और किया भी हो तो बुरा क्या किया।",कहा,,218,498,high,
TITLI-CAND-000439,3.6,titli_24.html,मधुबन ने भीतर आकर किवाड़ बंद कर दिया। मैना सोच रही थी-मधुबन बाब सबसे छिपकर मुझ वेश्या के यहां इस एकांत रजनी में अभिसार करने आए हैं!—उसे न जाने क्यों विरक्ति-सी हुई। उसने मधुबन को पलंग पर बैठाते हुए कहा—भला इधर से आने की...,899,attribution_dash,भला इधर से आने की...,कहा,,202,222,high,
TITLI-CAND-000440,3.6,titli_24.html,मधुबन ने फिर उसको चुप रहने का संकेत किया। मैना ने देखा कि मधुबन का मुंह विवर्ण और भयभीत है। उसने मधुबन के शरीर से सटकर पूछा—बात क्या? मधुबन का हाथ अपने कमर में बंधी थैली पर जा पड़ा। ओह! हत्या का प्रमाण तो उसी के पास है। उसने धीरे से उसे कमर से खोल कर पलंग पर रख दिया। थैली का रंग लाल था। उसे देखते-ही-देखते मधुबन की आंखें चढ़ गईं।,902,attribution_dash,बात क्या? मधुबन का हाथ अपने कमर में बंधी थैली पर जा पड़ा। ओह! हत्या का प्रमाण तो उसी के पास है। उसने धीरे से उसे कमर से खोल कर पलंग पर रख दिया। थैली का रंग लाल था। उसे देखते-ही-देखते मधुबन की आंखें चढ़ गईं।,पूछा,,124,330,high,
TITLI-CAND-000441,3.6,titli_24.html,"मैना ने देखा कि मधुबन उन्मत्त-सा हो गया है। उसे झिंझोड़कर उसने हिला दिया, क्योंकि मधुबन का वह रूप देखकर मैना को भी भय लगा। उसने पूछा—क्यों बोलते नहीं?",903,multi_turn_paragraph,क्यों,पूछा,,133,138,high,
TITLI-CAND-000442,3.6,titli_24.html,अब तो मैना से न रहा गया। उसने मधुबन का हाथ पकड़कर कहा-तुम कुछ न कहोगे तो मैं मां को बुलाती हूं। मुझे डर लग रहा है।,906,attribution_dash,तुम कुछ न कहोगे तो मैं मां को बुलाती हूं। मुझे डर लग रहा है।,कहा,,54,114,high,
TITLI-CAND-000443,3.6,titli_24.html,मैंने खून किया है—मधुबन ने अविचल भाव से कहा। बाप रे! यह क्यों? मुझे रुपये देने के लिए?,907,attribution_dash,मैंने खून किया है,मधुबन ने अविचल भाव से कहा,मधुबन,0,17,high,
TITLI-CAND-000444,3.6,titli_24.html,मैना का श्वास रुकने लगा। उसने फिर संभलकर कहा—मैं तो बिना रुपये की तुम्हारी ही थी। यह भला तमने क्या किया?,908,attribution_dash,मैं तो बिना रुपये की तुम्हारी ही थी। यह भला तमने क्या किया?,कहा,,45,104,high,
TITLI-CAND-000445,3.6,titli_24.html,मैना ने स्थिर होकर कुछ विचार किया। उसने कहा—तो मेरी बात मानिए। जैसा मैं कहती हूं। वैसा कीजिए।,912,multi_turn_paragraph,तो मेरी बात मानिए। जैसा मैं,कहा,,44,71,high,
TITLI-CAND-000446,3.6,titli_24.html,"मधुबन ने कहा—अच्छा, जो तुम कहो वही करूंगा।",913,attribution_dash,"अच्छा, जो तुम कहो वही करूंगा।",मधुबन ने कहा,मधुबन,13,42,high,
TITLI-CAND-000447,3.6,titli_24.html,थोड़ी देर के बाद जब वह उसमें से निकली तो उसके मुंह पर चंचलता न थी। हाथ में एक कटोरा दूध था। मधुबन के मुंह से लगाकर उसने कहा—पी जाइए।,915,attribution_dash,पी जाइए।,कहा,,124,132,high,
TITLI-CAND-000448,3.6,titli_24.html,"मधुबन बच्चों की तरह पीने लगा—उसका कंठ प्यास से सूख रहा था। दूध पीकर मधुबन ने मैना से कहा—मैं कुछ दिनों के लिए धामपुर छोड़ देना चाहता हूं। रामजस वाले मामले में पुलिस मेरे पीछे पड़ी है। अब एक और काण्ड हो गया है। मैना! तुम वेश्या हो तो क्या, न जाने क्यों मैं तुम्हारे ऊपर विश्वास करता हूं। तुम तितली की रक्षा करना, वह निरपराध!",916,attribution_dash,"मैं कुछ दिनों के लिए धामपुर छोड़ देना चाहता हूं। रामजस वाले मामले में पुलिस मेरे पीछे पड़ी है। अब एक और काण्ड हो गया है। मैना! तुम वेश्या हो तो क्या, न जाने क्यों मैं तुम्हारे ऊपर विश्वास करता हूं। तुम तितली की रक्षा करना, वह निरपराध!",मधुबन ने मैना से कहा,मधुबन,89,323,high,
TITLI-CAND-000449,3.6,titli_24.html,"उस पिछली रात में मधुबन चल पड़ा। कच्ची सड़क, जो गंगा के घाट पर जाती थी, सुनसान पड़ी थी—धूल ठंडी थी, चांदनी फीकी। मधुबन अपनी धुन में चल रहा था। घाट पर पहुंचते-पहुंचते उजाला हो चला। एक नाव बनारस जाने के लिए थी। मांझी मधुबन की जान-पहचान का था। उसने पूछा–मधुबन बाबू इतने सवेरे?",921,attribution_dash,मधुबन बाबू इतने सवेरे?,पूछा,,250,272,high,
TITLI-CAND-000450,3.6,titli_24.html,तुम कहां-मधुबन ने नाव पर बैठते हुए कहा—जानते नहीं हो? रामजस के मुकदमे में पुलिस मुझको भी चाहती है। मैं बनारस जा रहा हूं। वकील से सलाह करने।,922,attribution_dash,तुम कहां,मधुबन ने नाव पर बैठते हुए कहा,मधुबन,0,8,high,
TITLI-CAND-000451,3.6,titli_24.html,तुम कहां-मधुबन ने नाव पर बैठते हुए कहा—जानते नहीं हो? रामजस के मुकदमे में पुलिस मुझको भी चाहती है। मैं बनारस जा रहा हूं। वकील से सलाह करने।,922,attribution_dash,जानते नहीं हो? रामजस के मुकदमे में पुलिस मुझको भी चाहती है। मैं बनारस जा रहा हूं। वकील से सलाह करने।,मधुबन ने नाव पर बैठते हुए कहा,मधुबन,39,139,high,
TITLI-CAND-000452,3.7,titli_25.html,इंद्रदेव ने कहा—आज मेरे यहां कुछ लोग बाहर के आ गए हैं। उनके लिए थोड़ी-सी मटर चाहिए।,928,attribution_dash,आज मेरे यहां कुछ लोग बाहर के आ गए हैं। उनके लिए थोड़ी-सी मटर चाहिए।,इंद्रदेव ने कहा,इंद्रदेव,16,83,high,
TITLI-CAND-000453,3.7,titli_25.html,और बनावेगा कौन? वही आपका मिसिर न!–रानी ने मुस्कुराते हुए कहा।,929,attribution_dash,और बनावेगा कौन? वही आपका मिसिर न!,रानी ने मुस्कुराते हुए कहा,रानी,0,33,high,
TITLI-CAND-000454,3.7,titli_25.html,"वास्तविक बात तो यह थी कि इंद्रदेव शैला के आ जाने से बड़े असमंजस में पड़ गये थे, उनकी भी इच्छा थी कि नंदरानी से उसका परिचय कराकर वह छुट्टी पा जाएं। उन्होंने कहा-वाह भाभी, आप भी...",935,attribution_dash,"वाह भाभी, आप भी...",कहा,,160,178,high,
TITLI-CAND-000455,3.7,titli_25.html,"नंदरानी उसके व्यवहार को देखकर गद्गद हो गई। उसने शैला का हाथ पकड़ कर बैठाते हुए कहा-बैठिए, इतने शिष्टाचार की आवश्यकता नहीं।",938,attribution_dash,"बैठिए, इतने शिष्टाचार की आवश्यकता नहीं।",कहा,,83,122,high,
TITLI-CAND-000456,3.7,titli_25.html,नंदरानी चली गई। शैला अभी कुछ सोच रही थी कि मिसिर ने आकर पूछा-ब्यालू के लिए...।,941,attribution_dash,ब्यालू के लिए...।,मिसिर ने आकर पूछा,मिसिर,61,78,high,
TITLI-CAND-000457,3.7,titli_25.html,"उसकी बात काटते हुए इंद्रदेव ने कहा-हम लोग आज बड़े बंगले में ब्यालू करेंगे। वहां, घीसू से कह दो कि मेरे बगल वाले कमरे में मेम साहब के लिए पलंग लगा दे।",942,attribution_dash,"हम लोग आज बड़े बंगले में ब्यालू करेंगे। वहां, घीसू से कह दो कि मेरे बगल वाले कमरे में मेम साहब के लिए पलंग लगा दे।",इंद्रदेव ने कहा,इंद्रदेव,35,149,high,
TITLI-CAND-000458,3.7,titli_25.html,मिसिर के जाने पर शैला ने कहा-मैं तो कोठी पर चली जाऊंगी। यहां झंझट बढ़ाने से क्या काम है। मुझे तो यहां आए दो सप्ताह से अधिक हो गया। वहां तो मुझे कोई असुविधा नहीं है।,943,attribution_dash,मैं तो कोठी पर चली जाऊंगी। यहां झंझट बढ़ाने से क्या काम है। मुझे तो यहां आए दो सप्ताह से अधिक हो गया। वहां तो मुझे कोई असुविधा नहीं है।,शैला ने कहा,शैला,29,164,high,
TITLI-CAND-000459,3.7,titli_25.html,इंद्रदेव ने सिर झुका लिया। क्षोभ से उनका हृदय भर उठा। वह कुछ कड़ा उत्तर देना चाहते थे। परंतु संभलकर कहा-हां शैला तुमको मेरी असुविधा का बहुत ध्यान रहता है। तुमने ठीक ही समझा है कि यहां ठहरने में दोनों को कष्ट होगा।,944,attribution_dash,हां शैला तुमको मेरी असुविधा का बहुत ध्यान रहता है। तुमने ठीक ही समझा है कि यहां ठहरने में दोनों को कष्ट होगा।,कहा,,104,213,high,
TITLI-CAND-000460,3.7,titli_25.html,"किंतु यह व्यंग्य शैला के लिए अधिक हो गया। इंद्रदेव को वह मना लेने आई थी। वह इसी शहर में रहने पर भी आज कितने दिनों पर उनसे भेंट करने आई, इस बात का क्या इंद्रदेव को दुख न होगा? आने पर भी वह यहां रहना नहीं चाहती। इंद्रदेव ने अपने मन में यही समझा होगा कि वह अपने सुख को देखती है। शैला ने हाथ जोड़कर कहा-क्षमा करो इंद्रदेव! मैंने भूल की है।",945,attribution_dash,क्षमा करो इंद्रदेव! मैंने भूल की है।,शैला ने हाथ जोड़कर कहा,शैला,299,335,high,
TITLI-CAND-000461,3.7,titli_25.html,"शैला ने देखा, इंद्रदेव के मुंह पर दृढ़ उदासीनता है। वह मन-ही-मन कांप उठी। उसने सोचा कि इंद्रदेव को आर्थिक हानि पहुंचाने में मेरा भी हाथ है। वह कुछ कहना ही चाहती थी कि इंद्रदेव बीच में ही उसे रोककर कहने लगे-मैं संकुचित हो रहा था। मुझे यह कहकर मां का जी दुखाने में भय होता था कि-मैं संपत्ति और जमींदारी से कुछ संसर्ग न रखूंगा। अच्छा हुआ कि उन्हीं लोगों ने इसका आरम्भ किया है। तुमको अब यहां कुछ दिनों तक और ठहरना होगा; क्योंकि नियमपूर्वक लिखा-पढ़ी करके मैं समस्त अधिकार और अपनी सम्पत्ति मां को दे देना चाहता हूं। मेरे परम आदर की वस्तु 'मां का स्नेह' जिसे पाकर खोया जा सके, वह सम्पत्ति मुझे न चाहिए। और मैं उसे लेकर भी क्या करूंगा? अधिक धन तो पारस्परिक बंधन में रहने वाले को...",948,multi_turn_paragraph,मैं संकुचित हो रहा था। मुझे यह,कहने लगे,,206,236,high,
TITLI-CAND-000462,3.7,titli_25.html,शैला चौंककर बोल उठी-तो क्या तुम संन्यासी होना चाहते हो? इंद्रदेव! अंत में यह कलंक भी क्या मुझको मिलेगा।,949,attribution_dash,तो क्या तुम संन्यासी होना चाहते हो? इंद्रदेव! अंत में यह कलंक भी क्या मुझको मिलेगा।,बोल उठी,,20,103,high,
TITLI-CAND-000463,3.7,titli_25.html,"इंद्रदेव इस अप्रिय प्रसंग से ऊब उठे थे। इसे बंद करने के लिए कहा-अच्छा, इस पर फिर बातें होगी। अभी तो चलो, वह देखो, भाभी का नौकर बुलाने के लिए आ रहा होगा। आओ, कपड़ा बदलना हो तो बदलकर झटपट तैयार हो लो।",950,attribution_dash,"अच्छा, इस पर फिर बातें होगी। अभी तो चलो, वह देखो, भाभी का नौकर बुलाने के लिए आ रहा होगा। आओ, कपड़ा बदलना हो तो बदलकर झटपट तैयार हो लो।",कहा,,64,198,high,
TITLI-CAND-000464,3.7,titli_25.html,शैला हंस पड़ी। उसने पूछा-तो क्या यहां किसी की साड़ियां भी मिल जाएंगी? मुझे तो तुम्हारी गृहस्थ-बुद्धि पर इतना भरोसा नहीं!,951,attribution_dash,तो क्या यहां किसी की साड़ियां भी मिल जाएंगी? मुझे तो तुम्हारी गृहस्थ-बुद्धि पर इतना भरोसा नहीं!,पूछा,,25,120,high,
TITLI-CAND-000465,3.7,titli_25.html,"नंदरानी विस्मित होकर शैला के मौन गौरव को देख रही थी। किंतु मकंदलाल का ललाट, रेखा-रहित और उज्ज्वल बना रहा। जैसे उनके लिए यह कोई विशेष ध्यान देने की बात न थी। उन्होंने मटर का एक पूरा ग्रास गले से उतारते हुए कहा-भाई इंद्रदेव, तुम जो कह रहे हो, उसे सुनकर मिस शैला की प्रशंसा किए बिना नहीं रह सकता। यह भी एक तरह का संन्यास-धर्म है। किंतु मैं तो गृहस्थ नारी की मंगलमयी कृति का भक्त हूं। वह इस साधारण संन्यास से भी दुष्कर और दम्भ-विहीन उपासना है।",956,attribution_dash,"भाई इंद्रदेव, तुम जो कह रहे हो, उसे सुनकर मिस शैला की प्रशंसा किए बिना नहीं रह सकता। यह भी एक तरह का संन्यास-धर्म है। किंतु मैं तो गृहस्थ नारी की मंगलमयी कृति का भक्त हूं। वह इस साधारण संन्यास से भी दुष्कर और दम्भ-विहीन उपासना है।",कहा,,209,439,high,
TITLI-CAND-000466,3.7,titli_25.html,"नंदरानी ने कुछ सजग होकर अपने पति की वह बात सुनी। उसके अधर कुछ खिल उठे। उसने कहा-इंद्रदेव जी, और क्या दूं?",957,attribution_dash,"इंद्रदेव जी, और क्या दूं?",कहा,,80,105,high,
TITLI-CAND-000467,3.7,titli_25.html,"मुकुंदलाल ने थोड़ा-सा हंसकर कहा-अपनी-सी एक सुंदर सह-धर्मिणी। शैला के कर्णमूल लाल हो उठे। और इंद्रदेव ने बात टालते हुए कहा-मैं समझता हूं कि भाभी जानती होगी कि इस अपने पेट के लिए जुटाने वाले मनुष्य को, उनकी-स्त्री की आवश्यकता नहीं हो सकती। शैला और भी कटी जा रही थी। उसको इंद्रदेव की सब बातें निराश हृदय की संतोष भरी सांस-सी मालूम होती थीं। वह देख रही थी नंदरानी को और तुलना कर रही थी तितली से। एक की भरी-पूरी गृहस्थी थी और दूसरी अभाव से अकिंचन; तिस पर भी दोनों परिवार सुखी और वास्तविक जीवन व्यतीत कर रहे थे।",958,multi_turn_paragraph,अपनी-सी एक सुंदर सह-धर्मिणी। शैला के कर्णमूल लाल हो उठे। और,कहा,,32,91,high,
TITLI-CAND-000468,3.7,titli_25.html,"मुकुंदलाल ने थोड़ा-सा हंसकर कहा-अपनी-सी एक सुंदर सह-धर्मिणी। शैला के कर्णमूल लाल हो उठे। और इंद्रदेव ने बात टालते हुए कहा-मैं समझता हूं कि भाभी जानती होगी कि इस अपने पेट के लिए जुटाने वाले मनुष्य को, उनकी-स्त्री की आवश्यकता नहीं हो सकती। शैला और भी कटी जा रही थी। उसको इंद्रदेव की सब बातें निराश हृदय की संतोष भरी सांस-सी मालूम होती थीं। वह देख रही थी नंदरानी को और तुलना कर रही थी तितली से। एक की भरी-पूरी गृहस्थी थी और दूसरी अभाव से अकिंचन; तिस पर भी दोनों परिवार सुखी और वास्तविक जीवन व्यतीत कर रहे थे।",958,attribution_dash,"मैं समझता हूं कि भाभी जानती होगी कि इस अपने पेट के लिए जुटाने वाले मनुष्य को, उनकी-स्त्री की आवश्यकता नहीं हो सकती। शैला और भी कटी जा रही थी। उसको इंद्रदेव की सब बातें निराश हृदय की संतोष भरी सांस-सी मालूम होती थीं।",इंद्रदेव ने बात टालते हुए कहा,इंद्रदेव,122,337,high,stopped before a recognizable narrative continuation; review boundary
TITLI-CAND-000469,3.7,titli_25.html,नंदरानी ने कहा-इतना पेटू हो जाना भी अच्छा नहीं होता इंद्रदेव! अपना ही स्वार्थ न देखना चाहिए!,959,attribution_dash,इतना पेटू हो जाना भी अच्छा नहीं होता इंद्रदेव! अपना ही स्वार्थ न देखना चाहिए!,नंदरानी ने कहा,नंदरानी,15,92,high,
TITLI-CAND-000470,3.7,titli_25.html,"नंदरानी हंसने लगी। शैला से उसने पूछा-क्यों, आप तो कुछ? जी नहीं; मुझे कुछ न चाहिए! कहकर शैला ने उसकी ओर दीनता से देखा।",963,multi_turn_paragraph,"क्यों, आप तो कुछ? जी नहीं; मुझे कुछ न चाहिए!",पूछा,,37,81,high,
TITLI-CAND-000471,3.7,titli_25.html,"मुकुंदलाल ने इंद्रदेव से कहा-तुम ठीक कहते हो इंद्रदेव, मैं भूल कर रहा था। स्त्री के लिए पर्याप्त रुपया या सम्पत्ति की आवश्यकता है! पुरुष उसे घर में लाकर जब डाल देता है तब उसकी निज की आवश्यकताओं पर बहुत कम ध्यान देता है। इसलिए मेरा भी अब यही मत हो गया है कि स्त्री के लिए सुरक्षित धन की व्यवस्था होनी चाहिए! नहीं तो तुम्हारी भाभी की तरह वह स्त्री अपने पति को दिन-रात चुपचाप कोसती रहेगी।",964,multi_turn_paragraph,तुम ठीक,मुकुंदलाल ने इंद्रदेव से कहा,मुकुंदलाल,29,36,high,
TITLI-CAND-000472,3.7,titli_25.html,"मुकुंदलाल ने और भी गंभीर होकर कहा-अच्छा इंद्रदेव! तुमसे एक बात कहूं? मिस शैला के सामने भी वह बात करने में मुझे संकोच नहीं। यह तो तुम जानते हो कि मैं धीरे-धीरे ऋण में डूब रहा हूं। और जीवन के भोग के प्याले को, उसका सुख बढ़ाने के लिए, बहुत धीरे-धीरे दस-बीस बूंद का घूंट लेकर खाली कर रहा हूं। होगा सो तो होकर ही रहेगा। किंतु तुम्हारी भाभी क्या कहेगी। मैं चाहता हूं कि ये दोनों छोटे बंगले मैं नंदरानी के नाम लिख दूं। और फिर एक बार विस्मृति की लहर में धीरे-धीरे डूबू और उतराऊं।",965,multi_turn_paragraph,"अच्छा इंद्रदेव! तुमसे एक बात कहूं? मिस शैला के सामने भी वह बात करने में मुझे संकोच नहीं। यह तो तुम जानते हो कि मैं धीरे-धीरे ऋण में डूब रहा हूं। और जीवन के भोग के प्याले को, उसका सुख बढ़ाने के लिए, बहुत धीरे-धीरे दस-बीस बूंद का घूंट लेकर खाली कर रहा हूं। होगा सो तो होकर ही रहेगा। किंतु तुम्हारी भाभी क्या",मुकुंदलाल ने और भी गंभीर होकर कहा,मुकुंदलाल,34,339,high,
TITLI-CAND-000473,3.7,titli_25.html,नंदरानी की आखों से दो बूंद आंसू टपक पड़े। न जाने कितनी अमंगल और मगंल की कोमल भावनाएं संसार के कोने-कोने से खिलखिला पड़ी। उसने मुकुंदलाल का प्रतिवाद करना चाहा; परंतु नारी-जीवन का कैसा गूढ़ रहस्य है कि वह स्पष्ट विरोध न कर सकी। इतने में इंद्रदेव ने कहा-भाई साहब मुझे एक रजिस्ट्री करानी है! मैं अपनी समस्त सम्पत्ति मां के नाम लिख देना चाहता हूं। क्योंकि...,966,attribution_dash,भाई साहब मुझे एक रजिस्ट्री करानी है! मैं अपनी समस्त सम्पत्ति मां के नाम लिख देना चाहता हूं। क्योंकि...,इंद्रदेव ने कहा,इंद्रदेव,251,353,high,
TITLI-CAND-000474,3.7,titli_25.html,"मुकुंदलाल ने कहा-हां, हां, कहो क्योंकि स्त्रियों को ही धन की आवश्यकता है। और संभवत: वे ही इसकी रक्षा भी कर सकती हैं। तो फिर ठीक रहा। कल ही इसका प्रबंध कर दो।",968,attribution_dash,"हां, हां, कहो क्योंकि स्त्रियों को ही धन की आवश्यकता है। और संभवत: वे ही इसकी रक्षा भी कर सकती हैं। तो फिर ठीक रहा। कल ही इसका प्रबंध कर दो।",मुकुंदलाल ने कहा,मुकुंदलाल,17,157,high,
TITLI-CAND-000475,3.7,titli_25.html,सब लोग हाथ-मुंह धोकर अपनी कुर्सियों पर आराम से बैठे ही थे कि सरूप ने आकर कहा-बैरिस्टर साहब से मिलने के लिए एक स्त्री आई है। उसका कोई मुकद्दमा है।,969,attribution_dash,बैरिस्टर साहब से मिलने के लिए एक स्त्री आई है। उसका कोई मुकद्दमा है।,सरूप ने आकर कहा,सरूप,77,145,high,
TITLI-CAND-000476,3.7,titli_25.html,"सब लोग चुप रहे। शैला सोच रही थी कि क्या स्त्रियां सचमुच धन की लोलुप हैं। फिर उसने स्वयं ही उत्तर दिया-नहीं, समाज का संगठन ही ऐसा है कि प्रत्येक प्राणी को धन की आवश्यकता है। इधर स्त्री को स्वावलम्बन से जब पुरुष लोग हटाकर, उसके भाव और अभाव का दावित्व अपने हाथ में ले लेते हैं, तब धन को छोड़कर दूसरा उनका क्या सहारा है?",970,attribution_dash,"नहीं, समाज का संगठन ही ऐसा है कि प्रत्येक प्राणी को धन की आवश्यकता है। इधर स्त्री को स्वावलम्बन से जब पुरुष लोग हटाकर, उसके भाव और अभाव का दावित्व अपने हाथ में ले लेते हैं, तब धन को छोड़कर दूसरा उनका क्या सहारा है?",उत्तर दिया,,102,316,high,
TITLI-CAND-000477,3.7,titli_25.html,"मुकुंदलाल ने सोने के कमरे में जाते हुए देखा कि नंदरानी अभी वहीं पड़ी है। वह एक क्षण तक चुपचाप खड़े रहे। फिर दासी को बुलाकर धीरे-से कहा-कुछ और ओढा दो। न जागे तो यहां आग भी सुलगा दो। देखो, परदे ठीक से बांध देना। यहां गरम रहे, तुम्हारी मालकिन थक गई हैं।-फिर सोने चले गए।",974,attribution_dash,"कुछ और ओढा दो। न जागे तो यहां आग भी सुलगा दो। देखो, परदे ठीक से बांध देना। यहां गरम रहे, तुम्हारी मालकिन थक गई हैं।-फिर सोने चले गए।",कहा,,135,267,high,
TITLI-CAND-000478,3.7,titli_25.html,"दूसरे दिन, बरकतअली ने स्टाम्प इंद्रदेव के पास भेज दिया और बाहर मिलने की आशा में बैठा रहा। जब बारह बजने लगा तब घबरा कर कोठी के बाहर निकल आया और आम के पेड़ के नीचे बैठी हुई एक स्त्री से उसने कहा-मां जी! आज बैरिस्टर साहब एक काम में फंसे हुए हैं। आप जाइए, कल आपका काम हो जाएगा।",975,attribution_dash,"मां जी! आज बैरिस्टर साहब एक काम में फंसे हुए हैं। आप जाइए, कल आपका काम हो जाएगा।",कहा,,193,273,high,
TITLI-CAND-000479,3.7,titli_25.html,"तब मैं जाती हूं-कहकर स्त्री धीरे-से उठी और बंगले के बाहर हो गई। अभी वह थोड़ी दूर सड़क पर पहुंची होगी कि उसी फाटक से एक मोटर उसके पीछे से निकली। उसका शब्द सुनकर, मोटर की ओर देखती हुई, वह एक ओर हटी और उसने पहचान लिया इंद्रदेव और शैला। उसने साहस से पुकारा-बहन शैला।",976,attribution_dash,बहन शैला।,पुकारा,,253,262,high,
TITLI-CAND-000480,3.7,titli_25.html,"सहसा तितली ने उसके सामने आकर पुकारा-बहन! मैं कब से तुमको खोज रही हूं। तुमको देखा और पुकारा भी; पर तुमने न सुना। सच है,  संसार में सब मुंह मोड़ लेते हैं! विपत्ति में किससे आशा की जाएं।",979,multi_turn_paragraph,बहन! मैं कब से तुमको खोज रही हूं। तुमको देखा और,तितली ने उसके सामने आकर पुकारा,तितली,36,83,high,
TITLI-CAND-000481,3.7,titli_25.html,शैला ने घूमकर देखा। यह वही तितली है? कई पखवारों में ही वह कितनी दुर्बल और रक्त-शून्य हो गई है। औखें जैसे निराशा-नदी के उद्गम-सी बन गई हैं। बाहरी रूप-रेखा जैसे शून्य में विलीन होने वाले इंद्रधनुष-सी अपना वर्ण खो रही है। उसे अभी अपने मानसिक विप्लव से छुट्टी नहीं मिली थी। फिर भी उसने संभलते हुए पूछा-तितली! क्या हुआ है बहन! तुम यहां कैसे!,980,attribution_dash,तितली! क्या हुआ है बहन! तुम यहां कैसे!,पूछा,,298,336,high,
TITLI-CAND-000482,3.7,titli_25.html,"शैला घबरा गई। वह अभी तो इंद्रदेव के सर्वस्व-त्याग करने का दृश्य देखकर आई थी। उसके मन में रह-रहकर यही भावना हो रही थी, कि यदि मैं इंद्रदेव को थोड़ा-सा भी विश्वास दिला सकती, तो उनके हृदय में यह भीषण विराग न उत्पन्न होता। वह फिर अपने को ही इंद्रदेव की सांसारिक असफलता मानती हुई मन-ही-मन कोस रही थी कि तितली का यह दुख से दग्ध संसार उसके सामने अनुनय की भीख मांगने के लिए खड़ा था। वह किस मुंह से इंद्रदेव से उसकी सहायता के लिए कहे। यदि नहीं कहती है तो अपनी सब दुर्बलताएं तितली से स्वीकार करनी होंगी। जिसको हम प्यार करते हैं, जिसके ऊपर अभिमान करने का ढोंग कई बार संसार में प्रचलित कर चुके हैं, उसके लिए यह कहना कि 'वह मझसे अप्रसन्न है. मैं नहीं...' कितनी छोटी बात है! वह कैसे निराश करती। उसने तितली से कहा-अच्छा, ठहरो। मैं आज इसका कोई उपाय करूंगी तितली! क्या यह जानती हो कि यह मिस्टर देवा कोई दूसरे नहीं, तुम्हारे जमींदार इंद्रदेव ही हैं।",986,attribution_quote,वह मझसे अप्रसन्न है. मैं नहीं...,कहा,,608,640,high,
TITLI-CAND-000483,3.7,titli_25.html,"शैला घबरा गई। वह अभी तो इंद्रदेव के सर्वस्व-त्याग करने का दृश्य देखकर आई थी। उसके मन में रह-रहकर यही भावना हो रही थी, कि यदि मैं इंद्रदेव को थोड़ा-सा भी विश्वास दिला सकती, तो उनके हृदय में यह भीषण विराग न उत्पन्न होता। वह फिर अपने को ही इंद्रदेव की सांसारिक असफलता मानती हुई मन-ही-मन कोस रही थी कि तितली का यह दुख से दग्ध संसार उसके सामने अनुनय की भीख मांगने के लिए खड़ा था। वह किस मुंह से इंद्रदेव से उसकी सहायता के लिए कहे। यदि नहीं कहती है तो अपनी सब दुर्बलताएं तितली से स्वीकार करनी होंगी। जिसको हम प्यार करते हैं, जिसके ऊपर अभिमान करने का ढोंग कई बार संसार में प्रचलित कर चुके हैं, उसके लिए यह कहना कि 'वह मझसे अप्रसन्न है. मैं नहीं...' कितनी छोटी बात है! वह कैसे निराश करती। उसने तितली से कहा-अच्छा, ठहरो। मैं आज इसका कोई उपाय करूंगी तितली! क्या यह जानती हो कि यह मिस्टर देवा कोई दूसरे नहीं, तुम्हारे जमींदार इंद्रदेव ही हैं।",986,attribution_dash,"अच्छा, ठहरो। मैं आज इसका कोई उपाय करूंगी तितली! क्या यह जानती हो कि यह मिस्टर देवा कोई दूसरे नहीं, तुम्हारे जमींदार इंद्रदेव ही हैं।",कहा,,699,831,high,
TITLI-CAND-000484,3.7,titli_25.html,"तितली सन्न हो गई। उसने चारों ओर निराशा के सिंधु को लहराते हुए देखा। वह रो पड़ी और बोली-बहन! तब मुझे छुट्टी दो। मैं जाऊं, कहीं दूसरी शरण खोजूं!",987,attribution_dash,"बहन! तब मुझे छुट्टी दो। मैं जाऊं, कहीं दूसरी शरण खोजूं!",बोली,,87,142,high,
TITLI-CAND-000485,3.7,titli_25.html,"प्यार से उसकी पीठ थपथपाते हुए शैला ने कहा-नहीं, तुम दूसरी जगह न जाओ, मैं आज अपनी ही परीक्षा लूंगी। तुमको यह नहीं मालूम कि आज ही उन्होंने अपनी जमींदारी का सर्वस्व त्याग दिया है।",988,attribution_dash,"नहीं, तुम दूसरी जगह न जाओ, मैं आज अपनी ही परीक्षा लूंगी। तुमको यह नहीं मालूम कि आज ही उन्होंने अपनी जमींदारी का सर्वस्व त्याग दिया है।",शैला ने कहा,शैला,42,176,high,
TITLI-CAND-000486,3.7,titli_25.html,"शैला की यह बात सुनकर इंद्रदेव हंसने लगे। उसी हंसी में अवहेलना भरी थी। फिर उन्होंने कहा-संसार के अच्छे-से-अच्छे नियम और सिद्धांत बनते और बिगड़ते रहेंगे। मैं सबको प्रसन्न और संतुष्ट रखने के लिए अपने-आपको जकड़कर रखना नहीं चाहता। जो होना है वह हो ले। मैंने जो अच्छा समझा, वही किया। अच्छा, तो अब अपनी कहो। क्या निश्चय हुआ?",998,attribution_dash,"संसार के अच्छे-से-अच्छे नियम और सिद्धांत बनते और बिगड़ते रहेंगे। मैं सबको प्रसन्न और संतुष्ट रखने के लिए अपने-आपको जकड़कर रखना नहीं चाहता। जो होना है वह हो ले। मैंने जो अच्छा समझा, वही किया। अच्छा, तो अब अपनी कहो। क्या निश्चय हुआ?",कहा,,87,317,high,
TITLI-CAND-000487,3.7,titli_25.html,एक सांस में यह सब कहकर शैला उत्सुकता से उत्तर की प्रतीक्षा करने लगी। इंद्रदेव चुप रहे। फिर धीरे-धीरे उन्होंने कहा-मैं अब उस गांव के संबंध में कुछ करना नहीं चाहता! शैला! तुम जानती ही हो इसका क्या फल होगा?,1000,attribution_dash,मैं अब उस गांव के संबंध में कुछ करना नहीं चाहता! शैला! तुम जानती ही हो इसका क्या फल होगा?,कहा,,114,203,high,
TITLI-CAND-000488,3.7,titli_25.html,"शैला के हृदय में जो आंदोलन हो रहा था उसे और भी उद्वेलित करते हुए इंद्रदेव ने फिर कहा-और यह पाठ भी तो तुम्हीं से मैंने पढ़ा है। उस दिन, तुमने जब मेरा प्रस्ताव अस्वीकार करते हए कहा था कि 'काम किए बिना रहना मेरे लिए असंभव है, अपनी रियासत में मुझे एक नौकरी और रहने की जगह देकर बोझ से तुम इस समय के लिए छुट्टी पा जाओ,' तब तुम्हारी जो आज्ञा थी, वही तो मैंने किया। अपने इस त्यागपत्र में नील-कोठी को सर्वसाधारण कामों-अर्थात् औषधालय, पाठशाला और हो सके तो ग्रामसुधार संबंधी अन्य कार्यालय के लिए, दान करते हुए मैंने एक निधि उसमें लगा दी है; जिसका निरीक्षण तुमको ही आजीवन करना होगा। उसके लिए तुम्हारा वेतन भी नियत है। इसके अतिरिक्त...।",1005,multi_turn_paragraph,"और यह पाठ भी तो तुम्हीं से मैंने पढ़ा है। उस दिन, तुमने जब मेरा प्रस्ताव अस्वीकार करते हए",इंद्रदेव ने फिर कहा,इंद्रदेव,85,174,high,
TITLI-CAND-000489,3.7,titli_25.html,"शैला के हृदय में जो आंदोलन हो रहा था उसे और भी उद्वेलित करते हुए इंद्रदेव ने फिर कहा-और यह पाठ भी तो तुम्हीं से मैंने पढ़ा है। उस दिन, तुमने जब मेरा प्रस्ताव अस्वीकार करते हए कहा था कि 'काम किए बिना रहना मेरे लिए असंभव है, अपनी रियासत में मुझे एक नौकरी और रहने की जगह देकर बोझ से तुम इस समय के लिए छुट्टी पा जाओ,' तब तुम्हारी जो आज्ञा थी, वही तो मैंने किया। अपने इस त्यागपत्र में नील-कोठी को सर्वसाधारण कामों-अर्थात् औषधालय, पाठशाला और हो सके तो ग्रामसुधार संबंधी अन्य कार्यालय के लिए, दान करते हुए मैंने एक निधि उसमें लगा दी है; जिसका निरीक्षण तुमको ही आजीवन करना होगा। उसके लिए तुम्हारा वेतन भी नियत है। इसके अतिरिक्त...।",1005,attribution_quote,"काम किए बिना रहना मेरे लिए असंभव है, अपनी रियासत में मुझे एक नौकरी और रहने की जगह देकर बोझ से तुम इस समय के लिए छुट्टी पा जाओ,",कहा,,186,312,high,
TITLI-CAND-000490,3.7,titli_25.html,"नहीं क्यों? तुमने मुझे जो प्रेरणा दी है, वही करके भी मैं क्या भूल कर गया? और तमने तो उस दिन दीक्षा लेते हए कहा था कि 'तुम्हारे और समीप होने का प्रयत्न हूं' तो क्या यह सब करके भी मैं तुम्हारे समीप होने नहीं पाऊंगा?",1007,attribution_quote,तुम्हारे और समीप होने का प्रयत्न हूं,कहा,,118,154,high,
TITLI-CAND-000491,3.7,titli_25.html,"शैला और इंद्रदेव दोनों ही जैसे एक आश्चर्यजनक स्वप्न देखकर ही चौंक उठे। फिर नंदरानी ने हंसते हुए कहा-मिस शैला, आप मुझे क्षमा करेंगी। मैं अनधिकार प्रवेश कर आई हूं। इंद्रदेव से क्षमा मांगने की तो मैं आवश्यकता नहीं समझती।",1009,attribution_dash,"मिस शैला, आप मुझे क्षमा करेंगी। मैं अनधिकार प्रवेश कर आई हूं। इंद्रदेव से क्षमा मांगने की तो मैं आवश्यकता नहीं समझती।",नंदरानी ने हंसते हुए कहा,नंदरानी,100,217,high,
TITLI-CAND-000492,3.7,titli_25.html,शैला ने लज्जा से अब अवसर पाकर नंदरानी को नमस्कार किया। नंदरानी ने हंसकर कहा-तो मैं तुम दोनों को ही आशीर्वाद देती हूं यह जोड़ी सदा प्रसन्न रहे।,1010,attribution_dash,तो मैं तुम दोनों को ही आशीर्वाद देती हूं यह जोड़ी सदा प्रसन्न रहे।,नंदरानी ने हंसकर कहा,नंदरानी,76,142,high,
TITLI-CAND-000493,3.7,titli_25.html,"नंदरानी ने भाव पहचानते ही कहा-मिस शैला जब तुम इंद्रदेव को बहुत दूर तक अपने पथ पर खींच लाई हो, तब यूं अकेले छोड़ देना क्या कायरता नहीं? बोलो, मैं किसी दिन अपने इष्ट-मित्रों को निमंत्रित करूं? मुझे इंद्रदेव का ब्याह करने का अधिकार है। मैं उनकी कुटुम्बिनी हूं। अब मुझे केवल तुम्हारी स्वीकृति चाहिए।",1013,attribution_dash,"मिस शैला जब तुम इंद्रदेव को बहुत दूर तक अपने पथ पर खींच लाई हो, तब यूं अकेले छोड़ देना क्या कायरता नहीं? बोलो, मैं किसी दिन अपने इष्ट-मित्रों को निमंत्रित करूं? मुझे इंद्रदेव का ब्याह करने का अधिकार है। मैं उनकी कुटुम्बिनी हूं। अब मुझे केवल तुम्हारी स्वीकृति चाहिए।",नंदरानी ने भाव पहचानते ही कहा,नंदरानी,30,295,high,
TITLI-CAND-000494,3.7,titli_25.html,शैला का सिर नीचे झुका हआ था। उसकी छटी उठाकर नंदरानी ने कहा-अब बहाना करने से काम नहीं चलेगा। कहो 'हां' बस मैं कर लूंगी।,1014,attribution_dash,अब बहाना करने से काम नहीं चलेगा। कहो 'हां' बस मैं कर लूंगी।,नंदरानी ने कहा,नंदरानी,59,118,high,
TITLI-CAND-000495,3.7,titli_25.html,शैला का सिर नीचे झुका हआ था। उसकी छटी उठाकर नंदरानी ने कहा-अब बहाना करने से काम नहीं चलेगा। कहो 'हां' बस मैं कर लूंगी।,1014,attribution_quote,हां,नंदरानी ने कहा,नंदरानी,97,100,high,
TITLI-CAND-000496,3.7,titli_25.html,इंद्रदेव हंसकर बोले-भाभी! संसार में कई तरह के न्यायालय होते हैं। आज जिस न्यायालय में खड़ा हूं वहां आप जैसे वकीलों का ही अधिकार है।,1018,attribution_dash,भाभी! संसार में कई तरह के न्यायालय होते हैं। आज जिस न्यायालय में खड़ा हूं वहां आप जैसे वकीलों का ही अधिकार है।,बोले,,20,130,high,
TITLI-CAND-000497,3.7,titli_25.html,"शैला ने इंद्रदेव की ओर जिज्ञासा भरी दृष्टि से देखा। इंद्रदेव ने मिसिर को पुकारकर कहा-देखो, तितली नाम की एक स्त्री बाहर है, उसे बुला लाओ। तितली आई। उसने नमस्कार किया। इंद्रदेव ने कुर्सी दिखलाकर कहा-बैठो।",1020,multi_turn_paragraph,"देखो, तितली नाम की एक स्त्री बाहर है, उसे बुला लाओ। तितली आई।",इंद्रदेव ने मिसिर को पुकारकर कहा,इंद्रदेव,85,146,high,stopped before a recognizable narrative continuation; review boundary
TITLI-CAND-000498,3.7,titli_25.html,"शैला ने इंद्रदेव की ओर जिज्ञासा भरी दृष्टि से देखा। इंद्रदेव ने मिसिर को पुकारकर कहा-देखो, तितली नाम की एक स्त्री बाहर है, उसे बुला लाओ। तितली आई। उसने नमस्कार किया। इंद्रदेव ने कुर्सी दिखलाकर कहा-बैठो।",1020,attribution_dash,बैठो।,इंद्रदेव ने कुर्सी दिखलाकर कहा,इंद्रदेव,197,202,high,
TITLI-CAND-000499,3.7,titli_25.html,"सहसा उनके मन में वह बात चमक गई जो उनके और तितली के ब्याह के लिए धामपुर में एक बार अदृश्य का उपहास बनकर फैल गई थी। फिर प्रकृतिस्थ होकर, तितली के बैठ जाने पर, इंद्रदेव ने कहा-मुझे तुम्हारी सब बातें मालूम हैं। मैं सब तरह की सहायता करूंगा। किंतु जब मधुबन इस समय कहीं जाकर छिप गया है, तब सोच-समझकर कुछ करना होगा। मैं उसका पता लगाने का प्रयत्न करूंगा। और रह गया शेरकोट, उसका कागज मैं देख लूंगा तब कहूंगा! बनजरिया का लगान जमा करवा दूंगा। फिर उसका भी प्रबंध कर दिया जाएगा। तब तक तुम यहीं रहो। क्यों शैला! कल के लिए तुम तितली को निमंत्रित न करोगी?",1021,attribution_dash,"मुझे तुम्हारी सब बातें मालूम हैं। मैं सब तरह की सहायता करूंगा। किंतु जब मधुबन इस समय कहीं जाकर छिप गया है, तब सोच-समझकर कुछ करना होगा। मैं उसका पता लगाने का प्रयत्न करूंगा। और रह गया शेरकोट, उसका कागज मैं देख लूंगा तब कहूंगा! बनजरिया का लगान जमा करवा दूंगा। फिर उसका भी प्रबंध कर दिया जाएगा। तब तक तुम यहीं रहो। क्यों शैला! कल के लिए तुम तितली को निमंत्रित न करोगी?",इंद्रदेव ने कहा,इंद्रदेव,173,538,high,
TITLI-CAND-000500,3.7,titli_25.html,"तितली ने चुपचाप सुन लिया। शैला ने कहा-तितली! कल के लिए, मेरी ओर से निमंत्रण है, तुमको यहीं रहना होगा।",1022,attribution_dash,"तितली! कल के लिए, मेरी ओर से निमंत्रण है, तुमको यहीं रहना होगा।",शैला ने कहा,शैला,38,101,high,
TITLI-CAND-000501,3.7,titli_25.html,"दूसरे दिन वैवाहिक उत्सव के समाप्त हो जाने पर, तितली वहां से बिना कुछ कहे-सुने कहीं चली गई! शैला और इंद्रदेव दोनों ही उसको बहुत खोजते रहे।",1023,attribution_dash,सुने कहीं चली गई! शैला और इंद्रदेव दोनों ही उसको बहुत खोजते रहे।,कहे,,73,137,high,
TITLI-CAND-000502,3.8,titli_26.html,रामदीन-नटखट! अवसर मिलने पर कुछ उत्पात-हलचल-उपद्रव मचाने का आनन्द छोड़ना नहीं चाहता। और मधुबन तो संसार की व्यवस्था के विरुद्ध हो ही गया था। रामदीन ने कहा-सच! चलूं?,1042,attribution_dash,सच! चलूं?,रामदीन ने कहा,रामदीन,153,162,high,
TITLI-CAND-000503,3.8,titli_26.html,"गाड़ी के पिछले डिब्बे प्लेटफार्म के बाहर लाइन में खड़े थे। प्लेटफार्म के ढालूवें छोर पर खड़े होकर गार्ड ने धीरे-धीरे हरी झंडी दिखाई। उस जगह पहुंचकर भी मधुबन और रामदीन हताश हो गए थे। टिकट लेने का समय नहीं। गाड़ी चल चकी है. उधर लौटने से पकड़े जाने का भय। गार्ड वाला डिब्बा गार्ड के समीप पहुंचा। दूर खड़े स्टेशन-मास्टर से कुछ संकेत करते हुए अभ्यस्त गार्ड का पैर, डब्बे की पटरी पर तो पहुंचा; पर वह चूक गया! दूसरा पैर फिसल गया। दूसरे ही क्षण कोई भयानक घटना हो जाती, परंतु मधुबन ने बड़ी तत्परता से गार्ड को खींच लिया। गाड़ी खड़ी हुई। स्टेशन पर आकर गार्ड ने मधुबन को दस रुपये का एक नोट देना चाहा। उसने कहा—नहीं, हम लोग देहाती हैं, कलकत्ता जाना चाहते हैं। गार्ड ने प्रसन्नता से उन दोनों को अपने डिब्बे में बिठा लिया।",1044,attribution_dash,"नहीं, हम लोग देहाती हैं, कलकत्ता जाना चाहते हैं। गार्ड ने प्रसन्नता से उन दोनों को अपने डिब्बे में बिठा लिया।",कहा,,599,708,high,
TITLI-CAND-000504,3.8,titli_26.html,सहसा तितली ने पास आकर कहा—मलिया कहां गई? जीजी! क्या तुमने गऊ के ही खाने के लिए इतना-सा बोझ यहां डाल दिया है?,1049,attribution_dash,मलिया कहां गई? जीजी! क्या तुमने गऊ के ही खाने के लिए इतना-सा बोझ यहां डाल दिया है?,तितली ने पास आकर कहा,तितली,26,108,high,
TITLI-CAND-000505,3.8,titli_26.html,"फिर ठहरकर तितली ने कहा--जी मिचलाता है, थोड़ा जल दो जीजी!",1059,attribution_dash,"-जी मिचलाता है, थोड़ा जल दो जीजी!",तितली ने कहा,तितली,23,56,high,
TITLI-CAND-000506,4.1,titli_27.html,"मधुबन ने कहा—रामदीन, उस बम्बे से आज एक बाल्टी पानी ले आओ। मुझे ज्वर हो आया है। उसमें से एक लोटा गरम करके मेरे सिरहाने रख देना! मैं सोने जाता",1067,attribution_dash,"रामदीन, उस बम्बे से आज एक बाल्टी पानी ले आओ। मुझे ज्वर हो आया है। उसमें से एक लोटा गरम करके मेरे सिरहाने रख देना! मैं सोने जाता",मधुबन ने कहा,मधुबन,13,140,high,
TITLI-CAND-000507,4.1,titli_27.html,"भइया, अभी तो किरन डूब रही है। तनिक बैठे रहो। अभी दीया जल जाने दो।-रामदीन ने अभी इतना ही कहा कि चिरकिट ने दूर से ललकारा",1069,attribution_dash,"भइया, अभी तो किरन डूब रही है। तनिक बैठे रहो। अभी दीया जल जाने दो।",रामदीन ने अभी इतना ही कहा,रामदीन,0,65,high,
TITLI-CAND-000508,4.1,titli_27.html,"रामदीन उठने लगा था। मधुबन ने उसे बैठे रहने का संकेत किया। वह कुछ बोला भी नहीं, उठा भी नहीं। चिरकिट यह अपमान कैसे सह सकता। उसने आते ही अपना बरतन रामदीन के ऊपर दे मारा। मधुबन को कोयलें की कालिमा से जितनी धृणा थी, उससे अधिक थी चिरकिट के घमंड से। वह आज कुछ उत्तेजित था। मन की स्वाभाविक क्रिया कुछ तीव्र हो उठी। उसने कहा—यह क्या चिरकिट तुमने उस बेचारे पर अपने झूठे बरतन फेंक दिए!",1070,attribution_dash,यह क्या चिरकिट तुमने उस बेचारे पर अपने झूठे बरतन फेंक दिए!,कहा,,316,374,high,
TITLI-CAND-000509,4.1,titli_27.html,"फेंक तो दिए, जो मेरे चौतरिया पर बैठेगा वही इस तरह...वह आगे कुछ कह न सके, इसलिए मधुबन ने कहा—चुप रहो—चिरकिट तुम पाजीपन भी करते हो और सबसे टर्राते हो! वह बरतन मांजकर ईंटें नहीं उठा ले जाएगा। हट जाता है तो तुम भी मांज लेना।",1071,attribution_dash,चुप रहो—चिरकिट तुम पाजीपन भी करते हो और सबसे टर्राते हो! वह बरतन मांजकर ईंटें नहीं उठा ले जाएगा। हट जाता है तो तुम भी मांज लेना।,मधुबन ने कहा,मधुबन,92,220,high,
TITLI-CAND-000510,4.1,titli_27.html,"कुली इकट्ठे हो गए। मधुबन उन सबों में अविचल खड़ा रहा। उसने सोचा कि “अभी समय है। यदि झगड़ा बढ़ा और पुलिस तक पहुंचा तो फिर...? क्षण-भर में उसने कर्तव्य निश्चित कर लिया। कड़ककर बोला-सनो चिरकिट! समय पड़ने पर मेहनत-मजदूरी करके खाने से जनेऊ नीचा नहीं हो जाएगा। आज से फिर कभी तुम ऐसी बात न बोलना; और तुमको मेरा यहां रहना बुरा लगता हो तो लो, हम लोग चले। जहां हाथ-पैर चलावेंगे वहीं पैसा लेंगे।",1074,attribution_dash,"सनो चिरकिट! समय पड़ने पर मेहनत-मजदूरी करके खाने से जनेऊ नीचा नहीं हो जाएगा। आज से फिर कभी तुम ऐसी बात न बोलना; और तुमको मेरा यहां रहना बुरा लगता हो तो लो, हम लोग चले। जहां हाथ-पैर चलावेंगे वहीं पैसा लेंगे।",बोला,,178,383,high,
TITLI-CAND-000511,4.1,titli_27.html,"अब तक जो युवक चुपचाप बड़ी तन्मयता से मधुबन के शरीर और उसके लाठी चलाने को देख रहा था, उसके पास आकर बोला—तुम पकड़े जाना न चाहते हो तो मेरे साथ आओ।",1079,attribution_dash,तुम पकड़े जाना न चाहते हो तो मेरे साथ आओ।,बोला,,103,144,high,
TITLI-CAND-000512,4.1,titli_27.html,"युवक ने कहा—मैं समझता हूं कि तुमको नोटों की आवश्यकता नहीं है; क्योंकि उन्हें लेकर जब तुम कहीं भुनाने जाओगे, तुरंत वहीं पकड़ लिये जाओगे; इसलिए उन्हें तो मेरे पास रख छोड़ो। और लो यह पांच रुपये। अपने लिए सामान रखकर दो-चार दिन यहीं कोठरी में पड़े रहो। फिर देखा जाएगा।",1082,attribution_dash,"मैं समझता हूं कि तुमको नोटों की आवश्यकता नहीं है; क्योंकि उन्हें लेकर जब तुम कहीं भुनाने जाओगे, तुरंत वहीं पकड़ लिये जाओगे; इसलिए उन्हें तो मेरे पास रख छोड़ो। और लो यह पांच रुपये। अपने लिए सामान रखकर दो-चार दिन यहीं कोठरी में पड़े रहो। फिर देखा जाएगा।",युवक ने कहा,युवक,12,263,high,
TITLI-CAND-000513,4.1,titli_27.html,इतने में रामदीन ने नोटों का बंडल निकालकर सामने रख दिया। मधुबन ने पूछा- अरे तूने इतने नोट कहां से पाएं? क्या उससे तूने छीन लिया पाजी! क्या फिर यहां चोरी पकड़वाएगा।,1084,attribution_dash,अरे तूने इतने नोट कहां से पाएं? क्या उससे तूने छीन लिया पाजी! क्या फिर यहां चोरी पकड़वाएगा।,मधुबन ने पूछा,मधुबन,71,162,high,
TITLI-CAND-000514,4.1,titli_27.html,"मधुबन आश्चर्य से उसका मुंह देख रहा था। युवक ने धीरे से ही नोटों के बंडल को उठाते हुए फिर कहा—आनन्द से यहीं पड़े रहो। देखो, उधर जो काठ का टूटा संदूक है, उसे मत छूना। में कल फ़िर आऊँगा। कोई पूछे तो कह देना कि बीरू बाबू ने मुझे नौकर रखा है। बस।",1086,multi_turn_paragraph,"आनन्द से यहीं पड़े रहो। देखो, उधर जो काठ का टूटा संदूक है, उसे मत छूना। में कल फ़िर आऊँगा। कोई",कहा,,93,187,high,
TITLI-CAND-000515,4.1,titli_27.html,"बीरू बाबू का दल लौट आया। झोली में चावल और पैसे थे, जो अलग कर लिये गए। बीरू पैसों को लेकर साग-भाजी लेने चला गया। और लोग भात बनाने में जुट गए। बड़ासा चूल्हा दालान में जलने लगा और चावल धोते हुए ननीगोपाल ने कहा—बीरू आज भी मछली लाता है कि नहीं। भाई, आज तीन दिन हो गए, साग खाकर हारमोनियम गले में डाले गली-गली नहीं घूमा जा सकता। क्यों रे सुरेन!",1092,attribution_dash,"बीरू आज भी मछली लाता है कि नहीं। भाई, आज तीन दिन हो गए, साग खाकर हारमोनियम गले में डाले गली-गली नहीं घूमा जा सकता। क्यों रे सुरेन!",ननीगोपाल ने कहा,ननीगोपाल,207,337,high,
TITLI-CAND-000516,4.1,titli_27.html,"बीरू ने देखा कि उसके बड़प्पन में बट्टा लगता है। उसने संभलकर हँसते हुए कहा-अरे तुम चिढ़ गए। अच्छा भाई, वही सही। अच्छी बात का प्रमाण यही है कि वह सबकी समझ में नहीं आती तो ठीक है।",1104,attribution_dash,"अरे तुम चिढ़ गए। अच्छा भाई, वही सही। अच्छी बात का प्रमाण यही है कि वह सबकी समझ में नहीं आती तो ठीक है।",कहा,,74,176,high,
TITLI-CAND-000517,4.1,titli_27.html,रात के दस बजे थे। हबड़ा से चांदपाल घाट को जानेवाली सड़क पर मधबन अपनी रिक्शा लिए धीरे-धीरे चला जा रहा था। वह बैण्ड बजने वाले मड़ो पर खड़ा होकर गंगा की धारा को क्षण-भर के लिए देखने का प्रयत्न करने लगा। इतने में एक स्त्री का हाथ पकड़े हुए एक बाबू साहब लड़खड़ाती चाल से रिक्शा के सामने आकर खड़े हो गए। मधुबन रुककर आज्ञा की प्रतीक्षा करने लगा। दोनों ही मदिरा के नशे में झूम रहे थे। मधुबन ने पूछा-हबड़ा?,1106,attribution_dash,हबड़ा?,मधुबन ने पूछा,मधुबन,391,397,high,
TITLI-CAND-000518,4.1,titli_27.html,"मधुबन अड़ियल टटू की तरह रुक गया। उसने कहा—तो बाबू साहब, मैं घोड़ा नहीं हूं। आप उतरकर चले जाइए।",1110,attribution_dash,"तो बाबू साहब, मैं घोड़ा नहीं हूं। आप उतरकर चले जाइए।",कहा,,42,94,high,
TITLI-CAND-000519,4.1,titli_27.html,"मैना भी गहरे नशे में थी, श्यामलाल का तो कहना ही क्या था। दोनों रिक्शा से लुढ़ककर नीचे आ गिरे। मधुबन की पशु-प्रवृत्ति उत्तेजित हो उठी। उसने एक लात कसकर मारते हुए कहा—पाजी। श्यामलाल गों-गों करने लगा। उसकी पंसली चरमरा गई थी। किन्तु मैना चिल्ला उठी। थोड़ी दूर खड़ी पुलिस उधर जब दौड़कर आने लगी तो मधुबन अपना रिक्शा खींचकर आगे बढ़ा। पुलिस ने उसे दौड़कर पड़क लिया। मधुबन को विवश होकर, फिर उन्हीं दोनों को लादकर पुलिस के साथ जाना ही पड़ा।",1115,attribution_dash,"पाजी। श्यामलाल गों-गों करने लगा। उसकी पंसली चरमरा गई थी। किन्तु मैना चिल्ला उठी। थोड़ी दूर खड़ी पुलिस उधर जब दौड़कर आने लगी तो मधुबन अपना रिक्शा खींचकर आगे बढ़ा। पुलिस ने उसे दौड़कर पड़क लिया। मधुबन को विवश होकर, फिर उन्हीं दोनों को लादकर पुलिस के साथ जाना ही पड़ा।",कहा,,165,430,high,
TITLI-CAND-000520,4.1,titli_27.html,मैना!—मधुबन ने उत्तर दिया।,1117,attribution_dash,मैना!,मधुबन ने उत्तर दिया,मधुबन,0,5,high,
TITLI-CAND-000521,4.1,titli_27.html,वाट्सन के साथ बैठी हुई शैला मेज पर फैले गांव के नक्शे को देख रही थी! किसानों का झुण्ड सामने खड़ा था। महंगू ने कहा—दुहाई सरकार मर जाएंगे।,1122,attribution_dash,दुहाई सरकार मर जाएंगे।,महंगू ने कहा,महंगू,114,136,high,
TITLI-CAND-000522,4.1,titli_27.html,"शैला ने वाट्सन की ओर देखा। उस देखने में एक प्रश्न था। किंतु वाट्सन ने कहानहीं, तुम्हारा वह खेत तुम्हारी चरनी और कोल्हू से बहुत दूर है। उसको तो तुम्हें छोड़ना ही पड़ेगा। तुम अपने समीप का एक टुकड़ा क्यों नहीं पसन्द करते। वाट्सन ने नक्शे पर उंगली रखी। शैला चुप रही। इतने में तितली एक छोटा-सा बच्चा गोद में लिये यहां आई। उसे देखते ही दूसरी कुर्सी पर बैठने का संकेत करते हुए शैला ने कहा- वाट्सन! यही मेरी बहन 'तितली' है। जिसके लिए मैंने तुमसे कहा था। कन्या-पाठशाला की यही अध्यापिका है। बीस लड़कियां तो उसमें बोर्ड की हिंदी-परीक्षा के लिए इस साल प्रस्तुत हो रही हैं। और छोटी-छोटी कक्षाओं में कुल मिलाकर चालीस होगी।",1126,multi_turn_paragraph,वाट्सन! यही मेरी बहन 'तितली' है। जिसके लिए मैंने तुमसे,शैला ने कहा,शैला,383,437,high,
TITLI-CAND-000523,4.1,titli_27.html,"शैला ने वाट्सन की ओर देखा। उस देखने में एक प्रश्न था। किंतु वाट्सन ने कहानहीं, तुम्हारा वह खेत तुम्हारी चरनी और कोल्हू से बहुत दूर है। उसको तो तुम्हें छोड़ना ही पड़ेगा। तुम अपने समीप का एक टुकड़ा क्यों नहीं पसन्द करते। वाट्सन ने नक्शे पर उंगली रखी। शैला चुप रही। इतने में तितली एक छोटा-सा बच्चा गोद में लिये यहां आई। उसे देखते ही दूसरी कुर्सी पर बैठने का संकेत करते हुए शैला ने कहा- वाट्सन! यही मेरी बहन 'तितली' है। जिसके लिए मैंने तुमसे कहा था। कन्या-पाठशाला की यही अध्यापिका है। बीस लड़कियां तो उसमें बोर्ड की हिंदी-परीक्षा के लिए इस साल प्रस्तुत हो रही हैं। और छोटी-छोटी कक्षाओं में कुल मिलाकर चालीस होगी।",1126,attribution_quote,तितली,शैला ने कहा,शैला,405,410,high,
TITLI-CAND-000524,4.1,titli_27.html,"किन्तु तितली वैसी ही खड़ी रही। उसने कहा—आपकी कृपा है। किंतु मैं इस समय आपके पास एक दूसरे काम से आई हूं। मेरा कुछ खेत महंगू महतो जोत रहे हैं। मैं नहीं जानती कि मेरे पति ने वह खेत किन शर्तों पर उन्हें दिया है। किन्तु मुझे आवश्यकता है अपने स्कूल के लिए और भी विस्तृत भूमि की। बनजरिया पर लगान तो लग ही गया है। उसमें लड़कियों के खेलने की जगह बनाने से मेरी खेती की भूमि कम हो गई है। मैं चाहती हूं महंगू के पास जो मेरा खेत है, वह महंगू को दे दिया जायें।",1128,attribution_dash,"आपकी कृपा है। किंतु मैं इस समय आपके पास एक दूसरे काम से आई हूं। मेरा कुछ खेत महंगू महतो जोत रहे हैं। मैं नहीं जानती कि मेरे पति ने वह खेत किन शर्तों पर उन्हें दिया है। किन्तु मुझे आवश्यकता है अपने स्कूल के लिए और भी विस्तृत भूमि की। बनजरिया पर लगान तो लग ही गया है। उसमें लड़कियों के खेलने की जगह बनाने से मेरी खेती की भूमि कम हो गई है। मैं चाहती हूं महंगू के पास जो मेरा खेत है, वह महंगू को दे दिया जायें।",कहा,,40,446,high,
TITLI-CAND-000525,4.1,titli_27.html,वाट्सन ने घूमकर शैला से कहा—मैं तो समझता हूं कि उस बदले से यह अच्छा,1129,attribution_dash,मैं तो समझता हूं कि उस बदले से यह अच्छा,वाट्सन ने घूमकर शैला से कहा,वाट्सन,28,67,high,
TITLI-CAND-000526,4.2,titli_28.html,शैला चुपचाप तितली और अपने संबंध को विचार रही थी। वह सोच रही थी कि तितली क्यों मुझसे इतना अलग रहना चाहती है। मैं कहती हूं कि 'यहां बैठ जाओ' तो वह बैठना ही अपमान समझती है।,1131,attribution_quote,यहां बैठ जाओ,कहती,,125,137,high,
TITLI-CAND-000527,4.2,titli_28.html,"वाट्सन ने शैला के कान में धीरे-से कहा—तुम चुप क्यों हो? यह तो वही लड़की मालूम होती है, जिसके ब्याह में मैं उपस्थित था। ठीक है न?",1132,attribution_dash,"तुम चुप क्यों हो? यह तो वही लड़की मालूम होती है, जिसके ब्याह में मैं उपस्थित था। ठीक है न?",कहा,,38,128,high,
TITLI-CAND-000528,4.2,titli_28.html,"शैला ने दुःख से कहा-हां, इसका शेरकोट तो जमींदार ने बेदखल करा लिया। अब बनजरिया बची है; उस पर भी लगान लग गया। पहले माफी थी! और वाट्सन! तुमने तो यह न सुना होगा कि इसके पति को डकैती के अपराध में कारावास का दंड मिला है।",1133,attribution_dash,"हां, इसका शेरकोट तो जमींदार ने बेदखल करा लिया। अब बनजरिया बची है; उस पर भी लगान लग गया। पहले माफी थी! और वाट्सन! तुमने तो यह न सुना होगा कि इसके पति को डकैती के अपराध में कारावास का दंड मिला है।",शैला ने दुःख से कहा,शैला,20,214,high,
TITLI-CAND-000529,4.2,titli_28.html,"वाट्सन ने एक बार फिर उस तेजस्विनी तितली को देखा। वही एक किसान थी, जिसने सबके पहले बदले को प्रसन्नता से स्वीकार किया है। महंगू तो इस प्रस्ताव को सुनकर और भी क्रुद्ध हो गया। उसे अपने खेत जहां पर हैं वहीं रहना अच्छा मालूम होता है; क्योंकि उसके अंतर में यह अज्ञात भावना है कि उसके लड़के-पोते एक में न रहेंगे, फिर एक जगह खेत इकट्ठा लेकर क्या होगा। उसने गुर्राकर कहा—साहब! आप मालिक हैं; जो चाहें कीजिए। कहिए तो गांव ही छोड़कर चले जाएं।",1134,attribution_dash,साहब! आप मालिक हैं; जो चाहें कीजिए। कहिए तो गांव ही छोड़कर चले जाएं।,कहा,,361,429,high,
TITLI-CAND-000530,4.2,titli_28.html,वाट्सन ने कहा—यह बदला फिर मान लिया जाए; क्योंकि खेत के परते में भी कोई अंतर नहीं है।,1139,attribution_dash,यह बदला फिर मान लिया जाए; क्योंकि खेत के परते में भी कोई अंतर नहीं है।,वाट्सन ने कहा,वाट्सन,14,84,high,
TITLI-CAND-000531,4.2,titli_28.html,शैला ने तितली के बच्चे को उसकी गोद से लेकर कहा—बड़ा सुंदर और प्यारा बच्चा है!,1143,attribution_dash,बड़ा सुंदर और प्यारा बच्चा है!,कहा,,47,77,high,
TITLI-CAND-000532,4.2,titli_28.html,परंतु अभागा है—तितली ने कहा।,1144,attribution_dash,परंतु अभागा है,तितली ने कहा,तितली,0,14,high,
TITLI-CAND-000533,4.2,titli_28.html,"तितली ने कहा—वह! डाकू, हत्यारा और चोर था या नहीं, सो तो मैं नहीं कह सकती; क्योंकि चौबीसों घंटे मैं साथ रही; फिर भी शैला! वह...।",1146,attribution_dash,"वह! डाकू, हत्यारा और चोर था या नहीं, सो तो मैं नहीं कह सकती; क्योंकि चौबीसों घंटे मैं साथ रही; फिर भी शैला! वह...।",तितली ने कहा,तितली,13,127,high,
TITLI-CAND-000534,4.2,titli_28.html,"आगे वह भी कुछ न बोल सकी, उसकी आंखो से आंसू बहने लगे। शैला ने बात का ढंग बदलने के लिए कहा—अच्छा, तुमसे एक बात पूछती हूं।",1147,multi_turn_paragraph,"अच्छा, तुमसे एक बात",कहा,,89,108,high,
TITLI-CAND-000535,4.2,titli_28.html,यही कि उस दिन तुम बिना कहे-सुने क्यों चली आईं। इंद्रदेव ने तो तुम्हारी सहायता करने के लिए कहा था न?,1149,multi_turn_paragraph,सुने क्यों चली आईं। इंद्रदेव ने तो तुम्हारी सहायता करने के लिए,कहे,,27,89,high,
TITLI-CAND-000536,4.2,titli_28.html,शैला की आंखे जैसे बढ़ गईं। उसने तितली का हाथ पकड़कर कहा—बहन! तुम यथार्थ में बाबाजी की बेटी हो। तुम्हारा काम प्रशंसनीय है; यहां वाले क्या तुम्हारे काम से प्रसन्न हैं?,1153,attribution_dash,बहन! तुम यथार्थ में बाबाजी की बेटी हो। तुम्हारा काम प्रशंसनीय है; यहां वाले क्या तुम्हारे काम से प्रसन्न हैं?,कहा,,56,165,high,
TITLI-CAND-000537,4.2,titli_28.html,"किया है। कुछ लोगों ने इन लड़कियों के रख लेने पर प्रवाद फैलाया। परंतु वे इसमें असफल रहे। मैं तो कहती हूं कि यदि सब लड़कियां पढ़ना बंद कर दें, तो मैं साल भर में ही ऐसे कितनी ही छोटी-बड़ी अनाथ लड़कियां एकत्र कर लूंगी, जिनसे मेरी पाठशाला और खेती-बाड़ी बराबर चलती रहेगी। मैं इसे कन्या-गुरुकुल बना दूंगी! तितली का मुंह उत्साह से दमकने लगा, और शैला विमुग्ध होकर उसकी मन-ही-मन सराहना कर रही थी। फिर शैला ने कहा—तितली! मेरी एक बात मानोगी? मैं इंद्रदेव के आने पर तुमको बुलाऊंगी। मैं चाहती हूं कि तुम उनसे एक बार कहो कि वे मधुबन के लिए अपील करें।",1154,attribution_dash,तितली! मेरी एक बात मानोगी? मैं इंद्रदेव के आने पर तुमको बुलाऊंगी। मैं चाहती हूं कि तुम उनसे एक बार कहो कि वे मधुबन के लिए अपील करें।,शैला ने कहा,शैला,403,535,high,
TITLI-CAND-000538,4.2,titli_28.html,"तितली बैठी नहीं, उसने चलते-चलते कहा—मुझे अपना दुख-सुख अकेली भोग लेने दो। मैं द्वार-द्वार पर सहायता के लिए घूमकर निराश हो चुकी हूं। मुझे अपनी निस्सहायता और दरिद्रता का सुख लेने दो। मैं जानती हूं कि तुम्हारे हृदय में मेरे लिए एक स्थान है। परंतु मैं नहीं चाहती कि मुझे कोई प्यार करे। मुझसे धृणा करो बहन! शैला आश्चर्य से देखती रह गई और तितली चली गई। दूसरी ओर से इंद्रदेव ने प्रवेश किया। शैला ने मीठी मुस्कान से उनका स्वागत किया।",1157,attribution_dash,मुझे अपना दुख-सुख अकेली भोग लेने दो। मैं द्वार-द्वार पर सहायता के लिए घूमकर निराश हो चुकी हूं। मुझे अपनी निस्सहायता और दरिद्रता का सुख लेने दो। मैं जानती हूं कि तुम्हारे हृदय में मेरे लिए एक स्थान है। परंतु मैं नहीं चाहती कि मुझे कोई प्यार करे। मुझसे धृणा करो बहन!,कहा,,36,300,high,stopped before a recognizable narrative continuation; review boundary
TITLI-CAND-000539,4.2,titli_28.html,"जमींदार साहब के रहते वह सब कुछ नहीं हो सकेगा। सरकार कुछ कर नहीं सकती। उन्हें अपने स्वार्थ के लिए किसानों में कलह कराना पड़ेगा। अभी-अभी देखिए न, घूर के लिए मुकदमा हाईकोर्ट में लड़ रहा है! तहसीलदार को कुछ मिला! उसने वहां से एक किसान को उभारकर घूर न फेंकने के लिए मार-पीट करा दी। वह घूर फेंकना बंद कर उस टुकड़े को नजराना लेकर दूसरे के साथ बंदोबस्त करना चाहता है। यदि आप लोग वास्तविक सुधार करना चाहते हों, तो खेतों के टुकड़ों को निश्चित रूप में बांट दीजिए और सरकार उन पर मालगुजारी लिया करे।—कहते हुए तितली ने व्यंग्य से इंद्रदेव की ओर देखा और फिर उसने कहा—क्षमा कीजिए, मैंने विवश होकर यह सब कहा।",1171,multi_turn_paragraph,"क्षमा कीजिए, मैंने विवश होकर यह सब",कहा,,552,586,high,
TITLI-CAND-000540,4.2,titli_28.html,"इंद्रदेव हतप्रभ हो रहे थे, उन्होंने कहा—अरे, मैं तो अब जमींदार नहीं हूं। हां, आप जमींदार नहीं हैं तो क्या, आपने त्याग किया होगा। किंतु उससे किसानों को तो लाभ नहीं हुआ।—घुटते ही तितली ने कहा। उसका बच्चा रोने लगा था। एक बड़ी-सी लड़की उसे ले कर राजो के पास चली गई। किंतु तुम तो ऐसी स्वप्न देख रही हो जिसमें आंख खुलने की देर है। वाट्सन ने कहा।",1172,multi_turn_paragraph,"अरे, मैं तो अब जमींदार नहीं हूं। हां, आप जमींदार नहीं हैं तो क्या, आपने त्याग किया होगा। किंतु उससे किसानों को तो लाभ नहीं हुआ।—घुटते ही",कहा,,40,176,high,
TITLI-CAND-000541,4.2,titli_28.html,वाट्सन भी चुपचाप होकर सोच रहे थे। उन्होंने कहा—मैंने कागज-पत्र देखकर निश्चय कर लिया है कि शेरकोट पर तुम्हारा स्वत्व है। क्या तुम उसके बदले यह सटी हुई परती ले लोगी मैं जमींदार को इसके लिए बाध्य करूंगा।,1175,attribution_dash,मैंने कागज-पत्र देखकर निश्चय कर लिया है कि शेरकोट पर तुम्हारा स्वत्व है। क्या तुम उसके बदले यह सटी हुई परती ले लोगी मैं जमींदार को इसके लिए बाध्य करूंगा।,कहा,,47,200,high,
TITLI-CAND-000542,4.2,titli_28.html,"बिना रुके हुए तितली ने कहा—वह मेरा घर है, खेत नहीं, उसको मैं उसके ही स्वरूप में ले सकती हूं। उससे बदला नहीं ले सकता।",1176,attribution_dash,"वह मेरा घर है, खेत नहीं, उसको मैं उसके ही स्वरूप में ले सकती हूं। उससे बदला नहीं ले सकता।",तितली ने कहा,तितली,27,116,high,
TITLI-CAND-000543,4.2,titli_28.html,"वाट्सन हतबुद्धि होकर चुप हो गये। शैला ने तितली को ईर्ष्या से देखा। यह गंवार लड़की। अपनी वास्तविक स्थिति में कितनी सरलता से निर्वाह कर रही है। सो भी पूरी स्वतन्त्रता के साथ! और मैं, मैंने अपना जीवन, थोड़ा-सा काल्पनिक सुख पाने के लिए, जैसे बेच दिया। उस दरिद्र भूतकाल ने मुझे सुख के लिए लोलुप बना दिया। क्या मैं सचमुच इंद्रदेव को प्यार करती हूं। मैं उतना ही कर सकती हूं जितना मधुबन के लिए तितली कर रही है! उसके भीतर से जैसे किसी ने कहा 'ना'। वह अपनी नग्न मूर्ति देखकर भयभीत हो गई। उसने चारों ओर अवलम्ब खोजने के लिए आंख उठाकर देखा। ओह! वह कितनी दुर्बल है। यह वाटसन! इस संदर व्यापार में कहां से आ गया। और अब तो मेरे जीवन के गणित में यह प्रधान अंक है। तो? उसने इंद्रदेव को और भयभीत होकर देखा, क्या वह कुछ समझने लगा है।",1177,attribution_quote,ना,किसी ने कहा,,434,436,high,very short candidate (<5 characters); verify spoken context
TITLI-CAND-000544,4.2,titli_28.html,इंद्रदेव ने कहा—मैं तो समझता हूं कि अब हम लोगों को चलना चाहिए; क्योंकि,1178,attribution_dash,मैं तो समझता हूं कि अब हम लोगों को चलना चाहिए; क्योंकि,इंद्रदेव ने कहा,इंद्रदेव,16,70,high,
TITLI-CAND-000545,4.2,titli_28.html,"वाट्सन ने बीच में कहा—अच्छा, तो मैं इस समय जाता हूं। हां, सुनो, परती के लिए एक बात और भी कह देना चाहता हूं। क्या उसे थोड़े-से लगान पर तुम ले लेना स्वीकार करोगी इससे तुम्हारा यह खेत पूरा बन जाएगा। चाहोगी तो थोड़ा-सा परिश्रम करने पर यहां पेड़ लगाये जा सकेंगे और तब तुम्हारी खेती-बाड़ी दोनों अच्छी तरह होने लगेगी।",1181,attribution_dash,"अच्छा, तो मैं इस समय जाता हूं। हां, सुनो, परती के लिए एक बात और भी कह देना चाहता हूं। क्या उसे थोड़े-से लगान पर तुम ले लेना स्वीकार करोगी इससे तुम्हारा यह खेत पूरा बन जाएगा। चाहोगी तो थोड़ा-सा परिश्रम करने पर यहां पेड़ लगाये जा सकेंगे और तब तुम्हारी खेती-बाड़ी दोनों अच्छी तरह होने लगेगी।",वाट्सन ने बीच में कहा,वाट्सन,22,310,high,
TITLI-CAND-000546,4.3,titli_29.html,वाट्सन ने हंसी से कहा—शैला! तो तुम गंगा-स्नान करने सवेरे नहीं आतीं। फिर कैसी हिंदू!,1198,attribution_dash,शैला! तो तुम गंगा-स्नान करने सवेरे नहीं आतीं। फिर कैसी हिंदू!,वाट्सन ने हंसी से कहा,वाट्सन,22,83,high,
TITLI-CAND-000547,4.3,titli_29.html,"नाव बीच में चली जा रही थी। शैला ने देखा, एक ब्राह्मण-परिवार तट पर उस शीतकाल में नहा रहा है। शैला ने हंसकर कहा—तुम भी प्रत्येक रविवार को गिरजे में नहीं जाते, फिर कैसे ईसाई!",1199,attribution_dash,"तुम भी प्रत्येक रविवार को गिरजे में नहीं जाते, फिर कैसे ईसाई!",शैला ने हंसकर कहा,शैला,110,171,high,
TITLI-CAND-000548,4.3,titli_29.html,"नाव चली जा रही थी। कुछ काल तक दोनों ही चुप हो गए, और गम्भीरता का अभिनय करने लगे। फिर ठहरकर वाट्सन ने कहा—शैला तुम बुरा तो न मानोगी? पूछो न क्या है?",1202,attribution_dash,शैला तुम बुरा तो न मानोगी? पूछो न क्या है?,वाट्सन ने कहा,वाट्सन,105,147,high,
TITLI-CAND-000549,4.3,titli_29.html,"शैला ने दीनता से वाट्सन को देखा। उसके हृदय में सूनापन था, वही अट्टहास कर उठा। वाट्सन ने सानना के स्वर में कहा—शैला तुमने भूल की है, तो उसका प्रतिकार भी है। मैं समझता हूं कि तुमने अपने ब्याह की रजिस्ट्री सिविल मैरिज के अनुसार अवश्य करा ली होगी।",1204,attribution_dash,"शैला तुमने भूल की है, तो उसका प्रतिकार भी है। मैं समझता हूं कि तुमने अपने ब्याह की रजिस्ट्री सिविल मैरिज के अनुसार अवश्य करा ली होगी।",वाट्सन ने सानना के स्वर में कहा,वाट्सन,110,243,high,
TITLI-CAND-000550,4.3,titli_29.html,"शैला को जैसे थप्पड़ लगा, वाट्सन के प्रश्न में जो गूढ़ रहस्य था; वह भयानक होकर शैला के सामने मूर्तिमान हो गया। उसने दोनों हाथों में अपना मुंह छिपा लिया। उसने कहा-वाट्सन, मुझे क्षमा करोगे। स्त्रियों को सब जगह ऐसी ही बाधाएं होगी। क्या तुम उनकी दुर्बलता को सहानुभूति से नहीं देख सकोगे?",1205,attribution_dash,"वाट्सन, मुझे क्षमा करोगे। स्त्रियों को सब जगह ऐसी ही बाधाएं होगी। क्या तुम उनकी दुर्बलता को सहानुभूति से नहीं देख सकोगे?",कहा,,161,281,high,
TITLI-CAND-000551,4.3,titli_29.html,उसने उद्विग्न होकर कहा-अब उतरना चाहिए।,1209,attribution_dash,अब उतरना चाहिए।,कहा,,23,38,high,
TITLI-CAND-000552,4.3,titli_29.html,शैला रुकी। वाट्सन ने कहा—तो मैं चलता हूं तुम ठहरकर आना। मुझे बहुत-सा काम निबटाना है।,1213,attribution_dash,तो मैं चलता हूं तुम ठहरकर आना। मुझे बहुत-सा काम निबटाना है।,वाट्सन ने कहा,वाट्सन,25,84,high,
TITLI-CAND-000553,4.3,titli_29.html,शैला ने कहा—अरे यह तो रामदीन है!,1215,attribution_dash,अरे यह तो रामदीन है!,शैला ने कहा,शैला,12,32,high,
TITLI-CAND-000554,4.3,titli_29.html,रामदीन ने कहा—मैं तो कलकत्ता से आ रहा हूं। चुनार से तो मैं छोड़ दिया गया था। वहां मैं अपने मन से रहता था। रिफार्मेटरी का कुछ काम करता था। खाने को मिलता था। वहीं पड़ा था। मधुबन बाबू से एक दिन भेंट हो गई। वह कलकत्ता जा रहे थे। उन्हीं के संग चला गया था।,1218,attribution_dash,मैं तो कलकत्ता से आ रहा हूं। चुनार से तो मैं छोड़ दिया गया था। वहां मैं अपने मन से रहता था। रिफार्मेटरी का कुछ काम करता था। खाने को मिलता था। वहीं पड़ा था। मधुबन बाबू से एक दिन भेंट हो गई। वह कलकत्ता जा रहे थे। उन्हीं के संग चला गया था।,रामदीन ने कहा,रामदीन,14,250,high,
TITLI-CAND-000555,4.3,titli_29.html,"तितली की आखों में जल नहीं आया, और न उसकी वाणी कांपने लगी। उसने पूछा-तो क्या तू भी उनके साथ ही रहा?",1219,attribution_dash,तो क्या तू भी उनके साथ ही रहा?,पूछा,,68,98,high,
TITLI-CAND-000556,4.3,titli_29.html,तितली को अभी संतोष नहीं हुआ था। उसने पूछा—क्यों रे रामदीन! सुना है तुम लोगों ने वहां पर भी डाका और चोरी का व्यवसाय आरम्भ किया था। क्या यह सच है?,1221,attribution_dash,क्यों रे रामदीन! सुना है तुम लोगों ने वहां पर भी डाका और चोरी का व्यवसाय आरम्भ किया था। क्या यह सच है?,पूछा,,42,144,high,
TITLI-CAND-000557,4.3,titli_29.html,"तितली ने गर्व से शैला की ओर देखा। शैला ने पूछा—अब क्या करेगा रामदीन? अब, यहीं गांव में रहूंगा। कहीं नौकरी करूंगा।",1223,attribution_dash,"अब क्या करेगा रामदीन? अब, यहीं गांव में रहूंगा। कहीं नौकरी करूंगा।",शैला ने पूछा,शैला,47,113,high,
TITLI-CAND-000558,4.3,titli_29.html,"तितली ने स्थिर भाव से कहा—कहती क्यों नहीं? बोल न, क्यों लजाती है। लिए जा, पहले अपने रामदीन को कुछ खिला।",1227,attribution_dash,"कहती क्यों नहीं? बोल न, क्यों लजाती है। लिए जा, पहले अपने रामदीन को कुछ खिला।",तितली ने स्थिर भाव से कहा,तितली,26,103,high,
TITLI-CAND-000559,4.3,titli_29.html,तितली ने कहा—बैठो बहन! जल्दी क्या है?,1231,attribution_dash,बैठो बहन! जल्दी क्या है?,तितली ने कहा,तितली,13,37,high,
TITLI-CAND-000560,4.3,titli_29.html,"उस निर्जन ग्राम-प्रांत में, जब धूप खेल रही थी, दो हृदयों ने अपने सुख-दुःख की गाथा एक-दूसरे को सुनाकर अपने को हल्का बनाया। आंसू भरी आंखें मिलीं और वे दुर्बल —किंतु दृढ़ता से कल्याण-पथ पर बढ़ने वाले हृदय, स्वस्थ होकर, परस्पर मिले। शैला नील-कोठी की ओर चली। उसके मन में नया उत्साह था। नील-कोठी की सीढ़ियों पर वह फुर्ती से चढ़ी जा रही थी। बीच ही में वाट्सन ने उसे रोका और कहा—मैं तुमसे एक बात कहना चाहता हूं। उसने अपने भीतर के जेब से एक पत्र निकालकर शैला के हाथ में दिया। उसे पढ़ते-पढ़ते शैला रो उठी। उसने वाट्सन के दोनों हाथ पकड़कर व्यग्रता से पूछा-वाट्सन! सच कहो, मेरे पिता का ही पत्र है, या धोखा है? मैं उनकी हस्तलिपि नहीं पहचानती। जेल से भी कोई पत्र मुझे पहले नहीं मिला था। बोलो, यह क्या है?",1241,multi_turn_paragraph,मैं तुमसे एक बात कहना चाहता हूं। उसने अपने भीतर के जेब से एक पत्र निकालकर शैला के हाथ में दिया। उसे पढ़ते-पढ़ते शैला रो उठी। उसने वाट्सन के दोनों हाथ पकड़कर व्यग्रता से,वाट्सन ने उसे रोका और कहा,वाट्सन,371,539,high,
TITLI-CAND-000561,4.3,titli_29.html,"उस निर्जन ग्राम-प्रांत में, जब धूप खेल रही थी, दो हृदयों ने अपने सुख-दुःख की गाथा एक-दूसरे को सुनाकर अपने को हल्का बनाया। आंसू भरी आंखें मिलीं और वे दुर्बल —किंतु दृढ़ता से कल्याण-पथ पर बढ़ने वाले हृदय, स्वस्थ होकर, परस्पर मिले। शैला नील-कोठी की ओर चली। उसके मन में नया उत्साह था। नील-कोठी की सीढ़ियों पर वह फुर्ती से चढ़ी जा रही थी। बीच ही में वाट्सन ने उसे रोका और कहा—मैं तुमसे एक बात कहना चाहता हूं। उसने अपने भीतर के जेब से एक पत्र निकालकर शैला के हाथ में दिया। उसे पढ़ते-पढ़ते शैला रो उठी। उसने वाट्सन के दोनों हाथ पकड़कर व्यग्रता से पूछा-वाट्सन! सच कहो, मेरे पिता का ही पत्र है, या धोखा है? मैं उनकी हस्तलिपि नहीं पहचानती। जेल से भी कोई पत्र मुझे पहले नहीं मिला था। बोलो, यह क्या है?",1241,attribution_dash,"वाट्सन! सच कहो, मेरे पिता का ही पत्र है, या धोखा है? मैं उनकी हस्तलिपि नहीं पहचानती। जेल से भी कोई पत्र मुझे पहले नहीं मिला था। बोलो, यह क्या है?",पूछा,,545,690,high,
TITLI-CAND-000562,4.3,titli_29.html,शैला ने आंसू-भरी आंखो से उसके मुख को देखते हुए कहा—पापा!,1251,attribution_dash,पापा!,कहा,,51,56,high,
TITLI-CAND-000563,4.3,titli_29.html,"उसकी विचार-धारा को रोकते हुए वाट्सन ने कहा-शैला मैंने सब ठीक कर लिया है। तुम अब विवाहित हो चुकी हो, वह भी भारतीय रीति से, तब तुमको अपने पति के अनुकूल रहकर ही चलना चाहिए; और उसके स्वावलम्बपूर्ण जीवन में अपना हाथ बटाओ। नील-कोठी का काम तुम्हारे योग्य नहीं है। मिस्टर स्मिथ यहां पर अपने पिछले थोड़े-से दिन शांति सेवा-कार्य करते हुए बिता लेंगे, और तुमसे दूर भी न रहेंगे। शैला ने अवाक् होकर वाट्सन को देखा। उसका गला भर आया था। उपकार और इतना त्यागपूर्ण स्नेह! वाट्सन मनुष्य है?",1253,attribution_dash,"शैला मैंने सब ठीक कर लिया है। तुम अब विवाहित हो चुकी हो, वह भी भारतीय रीति से, तब तुमको अपने पति के अनुकूल रहकर ही चलना चाहिए; और उसके स्वावलम्बपूर्ण जीवन में अपना हाथ बटाओ। नील-कोठी का काम तुम्हारे योग्य नहीं है। मिस्टर स्मिथ यहां पर अपने पिछले थोड़े-से दिन शांति सेवा-कार्य करते हुए बिता लेंगे, और तुमसे दूर भी न रहेंगे। शैला ने अवाक् होकर वाट्सन को देखा। उसका गला भर आया था। उपकार और इतना त्यागपूर्ण स्नेह! वाट्सन मनुष्य है?",वाट्सन ने कहा,वाट्सन,43,470,high,
TITLI-CAND-000564,4.3,titli_29.html,"हां, वह मनुष्य अपनी मानवता में सम्पूर्ण और प्रसन्न खड़ा मुस्कुरा रहा था। शैला ने कृतज्ञता से उसका हाथ पकड़ लिया। वाट्सन ने फिर कहा—मोटर खड़ी है। जाओ, अपनी मरती हुई सास का आशीर्वाद ले लो। जब तुम लौट आओगी, तब मैं यहां से जाऊंगा। तब तक मैं यहां सब काम इन्हें समझा दूंगा। मिस्टर स्मिथ उसे सरलता से कर लेंगे। चलो कुछ खा-पीकर तुरंत चली जाओ। उसी दिन संध्या को इंद्रदेव के साथ शैला, श्यामदुलारी के पलंग के पास खड़ी थी। उसके मस्तक पर कुंकुम का टीका था। वह नववधू की तरह सलज्ज और आशीर्वाद से लदी थी।",1254,attribution_dash,"मोटर खड़ी है। जाओ, अपनी मरती हुई सास का आशीर्वाद ले लो। जब तुम लौट आओगी, तब मैं यहां से जाऊंगा। तब तक मैं यहां सब काम इन्हें समझा दूंगा। मिस्टर स्मिथ उसे सरलता से कर लेंगे। चलो कुछ खा-पीकर तुरंत चली जाओ। उसी दिन संध्या को इंद्रदेव के साथ शैला, श्यामदुलारी के पलंग के पास खड़ी थी। उसके मस्तक पर कुंकुम का टीका था। वह नववधू की तरह सलज्ज और आशीर्वाद से लदी थी।",वाट्सन ने फिर कहा,वाट्सन,131,488,high,
TITLI-CAND-000565,4.3,titli_29.html,"श्यामदुलारी की इस यात्रा में धन की आवश्यकता नहीं रही। अधिकार के साथ उसे बड़प्पन से दान करने की भी श्लाघा होती है। तब आज उनके मन में त्याग था। वद्धा श्यामदुलारी ने अपने कांपते हाथों से एक कागज शैला को देते हुए कहा—बहू मेरा लड़का बड़ा अभिमानी है। वह मुझे सब कुछ देकर अब मुझसे कुछ लेना नहीं चाहता। किंतु मैं तो तुमको देकर ही जाऊंगी। उसे तुमको लेना ही पड़ेगा। यही मेरा आशीर्वाद है,",1256,attribution_dash,बहू मेरा लड़का बड़ा अभिमानी है। वह मुझे सब कुछ देकर अब मुझसे कुछ लेना नहीं चाहता। किंतु मैं तो तुमको देकर ही जाऊंगी। उसे तुमको लेना ही पड़ेगा। यही मेरा आशीर्वाद है,कहा,,213,376,high,
TITLI-CAND-000566,4.3,titli_29.html,अब श्यामदुलारी ने माधुरी की ओर देखा। उसने एक सुंदर डिब्बा सामने लाकर रख दिया। श्यामदुलारी ने फिर तनिक-सी कड़ी दृष्टि से माधुरी को देखकर कहा—अब इसे मेरे सामने पहना भी दे माधुरी! यह तेरी भाभी है।,1259,attribution_dash,अब इसे मेरे सामने पहना भी दे माधुरी! यह तेरी भाभी है।,कहा,,140,193,high,
TITLI-CAND-000567,4.3,titli_29.html,"मानव-हृदय की मौलिक भावना है स्नेह। कभी-कभी स्वार्थ की ठोकर से पशुत्व की, विरोध की, प्रधानता हो जाती है। परिस्थितियों ने माधुरी को विरोध करने के लिए उकसाया था। आज की परिस्थिति कुछ दूसरी थी। श्यामलाल और अनवरी का चरित्र किसी से छिपा नहीं था। वह सब जान-बूझकर भी नहीं आये। तब! माधुरी के लिए संसार में कोई प्राणी स्नेह-पात्र न रह जाएगा। श्यामदुलारी तो जाती ही हैं। प्रेम-मित्रता की भूखी मानवता। बार-बार अपने को ठगा कर भी वह उसी के लिए झगड़ती है। झगड़ती है, इसलिए प्रेम करती है। वह हृदय को मधुर बनाने के लिए बाध्य हुई। उसने अपने मुंह पर सहज मुस्कान लाते हुए डिब्बे को खोला। उसने मोतियों का हार, हीरों की चूडियां शैला को पहना दीं; और सब गहने उसी में पड़े रहे। शैला ने धीरे-से पहनाने के लिए माधुरी से कहा। माधुरी ने भी धीरे-से उसकी कपोल चूमकर कहा—भाभी!",1260,attribution_dash,भाभी!,कहा,,738,743,high,
TITLI-CAND-000568,4.4,titli_30.html,"जंगल के द्वार पर कुछ खड़खड़ाहट हुई। प्रधान कर्मचारी ने भीतर आकर कहा- मधुबन, तुम्हारे अच्छे चाल-चलन से संतुष्ट होकर तुमको दो बरस की छूट मिली है। तुम्हें छोड़ दिए गए।",1268,attribution_dash,"मधुबन, तुम्हारे अच्छे चाल-चलन से संतुष्ट होकर तुमको दो बरस की छूट मिली है। तुम्हें छोड़ दिए गए।",कर्मचारी ने भीतर आकर कहा,कर्मचारी,69,164,high,
TITLI-CAND-000569,4.4,titli_30.html,मधुबन ने अवाक् होकर कर्मचारी को देखा। वह उठ खड़ा हुआ। बेड़िया झनझना उठीं। उसे आश्चर्य हुआ अपने शिघ्र छूटने पर। वह अभी विश्वास नहीं कर सका था। उसने पूछा-तो मैं छूट कर क्या करूंगा।,1269,attribution_dash,तो मैं छूट कर क्या करूंगा।,पूछा,,152,178,high,
TITLI-CAND-000570,4.4,titli_30.html,"उसने पहचानने की चेष्टा की; किंतु वह असफल रहा। फिर उदास भाव से उसने पूछा—क्या है भाई, तुम कौन हो?",1272,attribution_dash,"क्या है भाई, तुम कौन हो?",पूछा,,72,96,high,
TITLI-CAND-000571,4.4,titli_30.html,"मधुबन उत्तेजित हो उठा। उसने फिर कहा—तो भाई तुम मुझे न लिए जाओ। यह लो तुम तो बिगड़ गए। अरे मैंने तो हंसी की थी। लो वह मेरा सामान भी आ गया। चलो तुम भी, पर ऐसे नंगधडंग कहां चलोगे! पहले एक कुरता तो तुम्हें पहना दूं। अच्छा लारी पर बैठकर चलो हबड़ा, मैं कुरता लिये आता है।",1281,attribution_dash,"तो भाई तुम मुझे न लिए जाओ। यह लो तुम तो बिगड़ गए। अरे मैंने तो हंसी की थी। लो वह मेरा सामान भी आ गया। चलो तुम भी, पर ऐसे नंगधडंग कहां चलोगे! पहले एक कुरता तो तुम्हें पहना दूं। अच्छा लारी पर बैठकर चलो हबड़ा, मैं कुरता लिये आता है।",कहा,,36,265,high,
TITLI-CAND-000572,4.4,titli_30.html,"एक मनचले ने कहा—वाह, महंतजी बड़े आनन्दी पुरुष हैं।",1290,attribution_dash,"वाह, महंतजी बड़े आनन्दी पुरुष हैं।",मनचले ने कहा,मनचले,16,50,high,
TITLI-CAND-000573,4.4,titli_30.html,मधुबन ने पूछा-कौन महंतजी?,1291,attribution_dash,कौन महंतजी?,मधुबन ने पूछा,मधुबन,14,25,high,
TITLI-CAND-000574,4.4,titli_30.html,"तहसीलदार ने कहा—महाराज! क्यों आप घबराते हैं, कुछ काम तो करना नहीं है। इसके साथ हम लोगों के रहने का यह तात्पर्य तो है नहीं कि यह सुधारा जाए। खाओ-पीओ, मौज लो। देखते नहीं, मैं चला था धामपुर के जमींदार को सुधारने, क्या दशा हुई! आज वही मेम सर्वस्व की स्वामिनी है। और मैं निकाल बाहर किया गया। गांव में किसी की दाल नहीं गलती। किसान लोगों के पास लम्बी-चौड़ी खेती हो गई। वे अब भला कानूनगो और तहसीलदारों की बात क्यों सुनेंगे! अमीरों के यहां तो यह सब होता ही रहता है। हम लोग मंदिर के सेवक हैं। चलने दो।",1298,attribution_dash,"महाराज! क्यों आप घबराते हैं, कुछ काम तो करना नहीं है। इसके साथ हम लोगों के रहने का यह तात्पर्य तो है नहीं कि यह सुधारा जाए। खाओ-पीओ, मौज लो। देखते नहीं, मैं चला था धामपुर के जमींदार को सुधारने, क्या दशा हुई! आज वही मेम सर्वस्व की स्वामिनी है। और मैं निकाल बाहर किया गया। गांव में किसी की दाल नहीं गलती। किसान लोगों के पास लम्बी-चौड़ी खेती हो गई। वे अब भला कानूनगो और तहसीलदारों की बात क्यों सुनेंगे! अमीरों के यहां तो यह सब होता ही रहता है। हम लोग मंदिर के सेवक हैं। चलने दो।",तहसीलदार ने कहा,तहसीलदार,16,491,high,
TITLI-CAND-000575,4.4,titli_30.html,कहा-ननी बाबू! छुट्टी दीजिए। मैं अब जाता हूं।,1306,attribution_dash,ननी बाबू! छुट्टी दीजिए। मैं अब जाता हूं।,कहा,,4,44,high,
TITLI-CAND-000576,4.4,titli_30.html,"तो भी रात को कहां जाओगे? कल सवेरे जहां जाना हो, वहां के लिए टिकट दिला दूंगा! -ननी ने पुचकारते हुए कहा।",1309,attribution_dash,"तो भी रात को कहां जाओगे? कल सवेरे जहां जाना हो, वहां के लिए टिकट दिला दूंगा!",ननी ने पुचकारते हुए कहा,ननी,0,76,high,
TITLI-CAND-000577,4.4,titli_30.html,"सवेरे जब वह जाने के लिए प्रस्तुत था, ननीगोपाल से एक ग्राहक कहने लगा-भाई, मैं तो इस मेले से भागना चाहता हूं। यहां पशु और मनुष्य में भेद नहीं। सब एक जगह बुरी तरह एकत्र किए गए हैं। कब किसकी बारी आवेगी, कौन कह सकता है। सुना है तुमने महंत का समाचार? उनकी वेश्या, पुजारी और तहसीलदार नाम का एक कर्मचारी तो हाथी से कुचल कर मर गए। महंत के सिर में चोट आई है। उसके भी बचने के लक्षण नहीं हैं। उसी के हाथी बिगड़े, तीनों-के-तीनों पागल हो गए। कुछ लोग तो कहते हैं, जो राजा इन हाथियों को लेना चाहता था उसी ने कुछ इन्हें खिलवा दिया।",1316,multi_turn_paragraph,"भाई, मैं तो इस मेले से भागना चाहता हूं। यहां पशु और मनुष्य में भेद नहीं। सब एक जगह बुरी तरह एकत्र किए गए हैं। कब किसकी बारी आवेगी, कौन कह सकता है। सुना है तुमने महंत का समाचार? उनकी वेश्या, पुजारी और तहसीलदार नाम का एक कर्मचारी तो हाथी से कुचल कर मर गए। महंत के सिर में चोट आई है। उसके भी बचने के लक्षण नहीं हैं। उसी के हाथी बिगड़े, तीनों-के-तीनों पागल हो गए। कुछ लोग तो",कहने लगा,,68,438,high,
TITLI-CAND-000578,4.4,titli_30.html,"ननी ने कहा-मरें भी ये पापी। हां, तो तुमको तीन दर्जन चाहिए? बांध दो जी! नौकर साबुन बांधने लगे। मधुबन स्तब्ध खड़ा था। ननी ने उससे पूछा-तो तुम जाना ही चाहते हो?",1317,multi_turn_paragraph,"मरें भी ये पापी। हां, तो तुमको तीन दर्जन चाहिए? बांध दो जी! नौकर साबुन बांधने लगे। मधुबन स्तब्ध खड़ा था।",ननी ने कहा,ननी,11,115,high,
TITLI-CAND-000579,4.4,titli_30.html,"ननी ने कहा-मरें भी ये पापी। हां, तो तुमको तीन दर्जन चाहिए? बांध दो जी! नौकर साबुन बांधने लगे। मधुबन स्तब्ध खड़ा था। ननी ने उससे पूछा-तो तुम जाना ही चाहते हो?",1317,attribution_dash,तो तुम जाना ही चाहते हो?,ननी ने उससे पूछा,ननी,133,157,high,
TITLI-CAND-000580,4.5,titli_31.html,धीरे-धीरे धुंधली छाया प्रकृति के मुंह पर पड़ने लगी। दोनों घूमते-घूमते शेरकोट के खंडहर पर पहुंच गए थे। मोहन ने कहा-चाचा! यह तो जैसे कोई मसान है?,1341,attribution_dash,चाचा! यह तो जैसे कोई मसान है?,मोहन ने कहा,मोहन,114,143,high,
TITLI-CAND-000581,4.5,titli_31.html,लम्बी सांस लेकर रामजस ने कहा-हां बेटा! मसान ही है। इसी जगह तुम्हारे वंश की प्रभुता की चिता जल रही है। तुमको क्या मालूम; यही तुम्हारे पुरुषों की डीह है। तुम्हारी ही यह गढ़ी है।,1342,attribution_dash,हां बेटा! मसान ही है। इसी जगह तुम्हारे वंश की प्रभुता की चिता जल रही है। तुमको क्या मालूम; यही तुम्हारे पुरुषों की डीह है। तुम्हारी ही यह गढ़ी है।,रामजस ने कहा,रामजस,29,175,high,
TITLI-CAND-000582,4.5,titli_31.html,मेरी? -मोहन ने आश्चर्य से पूछा।,1343,attribution_dash,मेरी?,मोहन ने आश्चर्य से पूछा,मोहन,0,5,high,
TITLI-CAND-000583,4.5,titli_31.html,"हम तो छुएंगे चाचा! देखो, यह बांस की कोठी है। मैं इसमें से आज ही एक कैन तोड़ता हूं। -कहकर मोहन, रामजस के 'हां-हां' करने पर भी पूरे बल से एक पतली-सी बांस की कैन तोड़ लाया। रामजस ने ऊपर से तो उसे फटकारा, पर भीतर वह प्रसन्न भी हुआ। उसने संध्या की निस्तब्धता को आंदोलित करते हुए अपना सिर हिलाकर मन-ही-मन कहा-है तू मधुबन का बेटा!",1353,attribution_quote,हां-हां,कहकर,,105,112,high,
TITLI-CAND-000584,4.5,titli_31.html,"हम तो छुएंगे चाचा! देखो, यह बांस की कोठी है। मैं इसमें से आज ही एक कैन तोड़ता हूं। -कहकर मोहन, रामजस के 'हां-हां' करने पर भी पूरे बल से एक पतली-सी बांस की कैन तोड़ लाया। रामजस ने ऊपर से तो उसे फटकारा, पर भीतर वह प्रसन्न भी हुआ। उसने संध्या की निस्तब्धता को आंदोलित करते हुए अपना सिर हिलाकर मन-ही-मन कहा-है तू मधुबन का बेटा!",1353,attribution_dash,है तू मधुबन का बेटा!,कहा,,303,323,high,
TITLI-CAND-000585,4.5,titli_31.html,"अंधकार पूरी तरह फैल गया था। उसने उत्साह से मोहन का हाथ पकड़ -हिला दिया, और कहा-चलो मोहन! अब घर चलें।",1355,attribution_dash,चलो मोहन! अब घर चलें।,कहा,,79,100,high,
TITLI-CAND-000586,4.5,titli_31.html,"वे दोनों घूमते हुए उसी घाट पर के विशाल वृक्ष के नीचे आए। उसके नीचे पत्थर पर मलिन मूर्ति का भ्रम मोहन को हुआ। उसने धीरे-से रामजस से कहा-चाचा, वह देखो, कौन है?",1356,attribution_dash,"चाचा, वह देखो, कौन है?",कहा,,135,157,high,
TITLI-CAND-000587,4.5,titli_31.html,"रामजस ने देखकर कहा-होगा कोई, चलो, अब रात हो रही है। तेरी बुआ बिगड़ेगी।",1357,attribution_dash,"होगा कोई, चलो, अब रात हो रही है। तेरी बुआ बिगड़ेगी।",रामजस ने देखकर कहा,रामजस,19,70,high,
TITLI-CAND-000588,4.5,titli_31.html,बनजरिया के पास पहंचते-पहंचते रात हो गई। मोहन ने कहा-चाचा! क्या वह भूत था? तुमने मुझे देख लेने क्यों नहीं दिया? इसी से लोग डर जाते हैं? पागल! डर की कौन बात है? तेरा बाप तो डरना जानता ही न था? ।,1361,attribution_dash,चाचा! क्या वह भूत था? तुमने मुझे देख लेने क्यों नहीं दिया? इसी से लोग डर जाते हैं? पागल! डर की कौन बात है? तेरा बाप तो डरना जानता ही न था? ।,मोहन ने कहा,मोहन,52,192,high,
TITLI-CAND-000589,4.5,titli_31.html,"तितली ने डांटकर पूछा—क्यों, तू इतनी देर तक कहां घूमता रहा? छुट्टी है तो क्या घर पर पढ़ने को नहीं है?",1364,attribution_dash,"क्यों, तू इतनी देर तक कहां घूमता रहा? छुट्टी है तो क्या घर पर पढ़ने को नहीं है?",तितली ने डांटकर पूछा,तितली,21,100,high,
TITLI-CAND-000590,4.5,titli_31.html,"उसने मां की गोद में मुंह छिपाकर कहा—मां, मैं आज अपनी पुरानी डीह देखने चला गया था। शेरकोट!",1365,attribution_dash,"मां, मैं आज अपनी पुरानी डीह देखने चला गया था। शेरकोट!",कहा,,36,89,high,
TITLI-CAND-000591,4.5,titli_31.html,दीपक के धुंधले प्रकाश में तितली ने उदासी से रामजस की ओर देखते हुए कहा-रामजस! इस बच्चे के मन में तुम क्यों असंतोष उत्पन्न कर रहे हो? शेरकोट को भूल जाने से क्या उनकी कुछ हानि होगी?,1366,attribution_dash,रामजस! इस बच्चे के मन में तुम क्यों असंतोष उत्पन्न कर रहे हो? शेरकोट को भूल जाने से क्या उनकी कुछ हानि होगी?,कहा,,70,178,high,
TITLI-CAND-000592,4.5,titli_31.html,"उसको हटाने के लिए तितली ने कहा—अच्छा, जाओ। तुम लोग खा-पी लो। कल देखा जाएगा।",1368,attribution_dash,"अच्छा, जाओ। तुम लोग खा-पी लो। कल देखा जाएगा।",तितली ने कहा,तितली,31,75,high,
TITLI-CAND-000593,4.5,titli_31.html,"मोहन तितली के पास आ गया था। तितली ने उसके सिर पर हाथ रखा, वह जल रहा था। उसने कहा—मां, मुझे भूख नहीं है।",1376,attribution_dash,"मां, मुझे भूख नहीं है।",कहा,,81,103,high,
TITLI-CAND-000594,4.5,titli_31.html,सो जा बेटा!—तितली ने कहा।  नींद नहीं आ रही है। मोहन ने कहा। उसकी आंखों में जिज्ञासा भरी थी। क्या है रे? तितली ने दुलार से पूछा।,1380,attribution_dash,सो जा बेटा!,तितली ने कहा,तितली,0,11,high,
TITLI-CAND-000595,4.5,titli_31.html,"तितली का स्वर स्पष्ट था। मोहन को आश्वासन मिला। उसके मन में जैसे उत्साह का नया उद्गम हो रहा था। उसने पूछा–मां, हमीं लोगों का शेरकोट है न? हां बेटा, शेरकोट तेरे पिताजी के आते ही तेरा हो जाएगा। कल मैं शैला के पास जाऊंगी। तू अब सो रह!",1393,attribution_dash,"मां, हमीं लोगों का शेरकोट है न? हां बेटा, शेरकोट तेरे पिताजी के आते ही तेरा हो जाएगा। कल मैं शैला के पास जाऊंगी। तू अब सो रह!",पूछा,,105,230,high,
