novel,turn_id,part,paragraph_index,source_candidate_ids,speaker,speaker_status,attribution_confidence,attribution_evidence,dialogue_text,reconstruction_method,review_reason
Kankal,KANKAL_TURN_00001,1,4,KANKAL_CAND_00001,Unknown,REVIEW,low,unmatched_speaker,'ऐसी भव्य मूर्ति इस मेले भर में दूसरी नहीं है।',unresolved_unattributed,unresolved_speaker
Kankal,KANKAL_TURN_00002,1,5,KANKAL_CAND_00002,Unknown,REVIEW,low,unmatched_speaker,'जैसे साक्षात् भगवान् का अंश हो।',unresolved_unattributed,unresolved_speaker
Kankal,KANKAL_TURN_00003,1,6,KANKAL_CAND_00003,Unknown,REVIEW,low,unmatched_speaker,'अजी ब्रह्मचर्य का तेज है।',unresolved_unattributed,unresolved_speaker
Kankal,KANKAL_TURN_00004,1,7,KANKAL_CAND_00004,Unknown,REVIEW,low,unmatched_speaker,'अवश्य महात्मा हैं।',unresolved_unattributed,unresolved_speaker
Kankal,KANKAL_TURN_00005,1,9,KANKAL_CAND_00005,Unknown,REVIEW,low,unmatched_speaker,'तासों चुप ह्वै रहिये',unresolved_unattributed,flagged_false_positive_token_एक;unresolved_speaker
Kankal,KANKAL_TURN_00006,1,9,KANKAL_CAND_00006,Unknown,REVIEW,low,unmatched_speaker,'इदमित्यं',unresolved_unattributed,flagged_false_positive_token_वह;unresolved_speaker
Kankal,KANKAL_TURN_00007,1,9,KANKAL_CAND_00007,Unknown,REVIEW,low,unmatched_speaker,'तासों चुप ह्वै रहिये',unresolved_unattributed,flagged_false_positive_token_महात्मा;unresolved_speaker
Kankal,KANKAL_TURN_00008,1,10,KANKAL_CAND_00008,Unknown,REVIEW,low,unmatched_speaker,'सत्संग',unresolved_unattributed,flagged_false_positive_token_एक;unresolved_speaker
Kankal,KANKAL_TURN_00009,1,12,KANKAL_CAND_00009,Unknown,REVIEW,low,unmatched_speaker,"'हम लोग अमृतसर के रहने वाले हैं, मेरा नाम श्रीचन्द्र है और यह मेरी धर्मपत्नी है।'",unresolved_unattributed,unresolved_speaker
Kankal,KANKAL_TURN_00010,1,12,KANKAL_CAND_00010,Unknown,REVIEW,low,unmatched_speaker,'दासी का नाम किशोरी है।',unresolved_unattributed,flagged_false_positive_token_वह;unresolved_speaker
Kankal,KANKAL_TURN_00011,1,13,KANKAL_CAND_00011,Unknown,REVIEW,low,unmatched_speaker,"'अच्छा विलम्ब होगा, जाइये। भगवान् का स्मरण रखिये।'",unresolved_unattributed,flagged_false_positive_token_एक;unresolved_speaker
Kankal,KANKAL_TURN_00012,1,15,KANKAL_CAND_00012,Unknown,REVIEW,low,unmatched_speaker,"साधुओं का भजन-कोलाहल शान्त हो गया था। निस्तब्धता रजनी के मधुर क्रोड़ में जाग रही थी। निशीथ के नक्षत्र गंगा के मुकुल में अपना प्रतिबिम्ब देख रहे थे। शांत पवन का झोंका सबको आलिंगन करता हुआ विरक्त के समान भाग रहा था। महात्मा के हृदय में हलचल थी। वह निष्पाप हृदय ब्रह्मचारी दुश्चिन्ता से मलिन, शिविर छोड़कर कम्बल डाले, बहुत दूर गंगा की जलधारा के समीप खड़ा होकर अपने चिरसंचित पुण्यों को पुकारने लगा।",unresolved_unattributed,unresolved_speaker
Kankal,KANKAL_TURN_00013,1,17,KANKAL_CAND_00013,किशोरी,ATTRIBUTED,high,explicit_subject_match_किशोरी,"'रंजन, कब आओगे?'",explicit_attribution,flagged_modifier_phrase
Kankal,KANKAL_TURN_00014,1,18,KANKAL_CAND_00014,Unknown,REVIEW,low,unmatched_speaker,'बहुत ही जल्द। तुम्हारे लिए अच्छा-अच्छी गुड़िया लेकर आऊँगा।',unresolved_unattributed,unresolved_speaker
Kankal,KANKAL_TURN_00015,1,20,KANKAL_CAND_00015,Unknown,REVIEW,low,unmatched_speaker,निष्ठुर माता-पिता ने अन्य सन्तानों के जीवित रहने की आशा से अपने ज्येष्ठ पुत्र को महात्मा का शिष्य बना दिया। बिना उसकी इच्छा के वह संसार से-जिसे उसने अभी देखा भी नहीं था-अलग कर दिया गया। उसका गुरुद्वारे का नाम देवनिरंजन हुआ। वह सचमुच आदर्श ब्रह्मचारी बना। वृद्ध गुरुदेव ने उसकी योग्यता देखकर उसे उन्नीस वर्ष की ही अवस्था में गद्दी का अधिकारी बनाया। वह अपने संघ का संचालन अच्छे ढंग से करने लगा।,unresolved_unattributed,unresolved_speaker
Kankal,KANKAL_TURN_00016,1,23,KANKAL_CAND_00016,निरंजन,ATTRIBUTED,high,explicit_subject_match_निरंजन,'यह गाड़ी कहाँ जायेगी?',explicit_attribution,flagged_modifier_phrase
Kankal,KANKAL_TURN_00017,1,24,KANKAL_CAND_00017,Unknown,REVIEW,low,unmatched_speaker,'सहारनपुर।',unresolved_unattributed,unresolved_speaker
Kankal,KANKAL_TURN_00018,1,27,KANKAL_CAND_00018,किशोरी,ATTRIBUTED,high,explicit_subject_match_किशोरी,'मैं पहले ही कहती थी कि तुम कुछ न कर सकोगे। न तो स्वयं कहा और न मुझे प्रार्थना करने दी।',explicit_attribution,none
Kankal,KANKAL_TURN_00019,1,28,KANKAL_CAND_00019,श्रीचन्द्र,ATTRIBUTED,high,explicit_subject_match_श्रीचन्द्र,'तो तुमको किसने रोका था। तुम्हीं ने क्यों न सन्तान के लिए प्रार्थना की! कुछ मैंने बाधा तो दी न थी।',explicit_attribution,none
Kankal,KANKAL_TURN_00020,1,29,KANKAL_CAND_00020,किशोरी,ATTRIBUTED,high,explicit_subject_match_किशोरी,'अच्छा तो हरद्वार चलना होगा।',explicit_attribution,none
Kankal,KANKAL_TURN_00021,1,30,KANKAL_CAND_00021,Unknown,REVIEW,low,unmatched_speaker,"'चलो, मैं तुम्हें वहाँ पहुँचा दूँगा। और अमृतसर आज तार दे दूँगा कि मैं हरद्वार से होता हुआ आता हूँ; क्योंकि मैं व्यवसाय इतने दिनों तक यों ही नहीं छोड़ सकता।”",unresolved_unattributed,unresolved_speaker
Kankal,KANKAL_TURN_00022,1,31,KANKAL_CAND_00022,Unknown,REVIEW,low,unmatched_speaker,'अच्छी बात है; परन्तु मैं हरद्वार अवश्य जाऊँगी।',unresolved_unattributed,unresolved_speaker
Kankal,KANKAL_TURN_00023,1,32,KANKAL_CAND_00023,Unknown,REVIEW,low,unmatched_speaker,'सो तो मैं जानता हूँ।',unresolved_unattributed,unresolved_speaker
Kankal,KANKAL_TURN_00024,1,36,KANKAL_CAND_00024,Unknown,REVIEW,low,unmatched_speaker,"'उठो, तुम यहाँ क्यों आयीं?'",unresolved_unattributed,flagged_false_positive_token_वह;unresolved_speaker
Kankal,KANKAL_TURN_00025,1,37,KANKAL_CAND_00025,किशोरी,ATTRIBUTED,high,explicit_subject_match_किशोरी,"'महाराज, अपना स्वार्थ ले आया, मैंने आज तक सन्तान का मुँह नहीं देखा।'",explicit_attribution,none
Kankal,KANKAL_TURN_00026,1,38,KANKAL_CAND_00026,निरंजन,ATTRIBUTED,high,explicit_subject_match_निरंजन,"'अभी तो तुम्हारी अवस्था अठारह-उन्नीस से अधिक नहीं, फिर इतनी दुश्चिन्ता क्यों?'",explicit_attribution,none
Kankal,KANKAL_TURN_00027,1,39,KANKAL_CAND_00027,किशोरी,ATTRIBUTED,high,explicit_subject_match_किशोरी,"'अच्छा, तुमने यहाँ आकर ठीक नहीं किया। जाओ, मेरे मठ में आना-अभी दो दिन ठहरकर। यह एकान्त योगियों की स्थली है, यहाँ से चली जाओ।'",explicit_attribution,flagged_modifier_phrase
Kankal,KANKAL_TURN_00028,1,40,KANKAL_CAND_00028,किशोरी,ATTRIBUTED,high,explicit_subject_match_किशोरी,'बस जाओ!',explicit_attribution,flagged_modifier_phrase
Kankal,KANKAL_TURN_00029,1,41,KANKAL_CAND_00029,किशोरी,ATTRIBUTED,high,explicit_subject_match_किशोरी,'हर की पैड़ी',explicit_attribution,flagged_modifier_phrase
Kankal,KANKAL_TURN_00030,1,42,KANKAL_CAND_00030,Unknown,REVIEW,low,unmatched_speaker,'हर की पैड़ी',unresolved_unattributed,flagged_false_positive_token_एक;unresolved_speaker
Kankal,KANKAL_TURN_00031,1,44,KANKAL_CAND_00031,Unknown,REVIEW,low,unmatched_speaker,'बलदाऊ',unresolved_unattributed,unresolved_speaker
Kankal,KANKAL_TURN_00032,1,45,KANKAL_CAND_00032,Unknown,REVIEW,low,unmatched_speaker,'बहुरानी कोई गरीब स्त्री रो रही है। यहीं नीचे पड़ी है।',unresolved_unattributed,unresolved_speaker
Kankal,KANKAL_TURN_00033,1,46,KANKAL_CAND_00033,किशोरी,ATTRIBUTED,high,explicit_subject_match_किशोरी,"'उसे लिवाते क्यों नहीं लाये, कुछ उसे दे आते।'",explicit_attribution,none
Kankal,KANKAL_TURN_00034,1,48,KANKAL_CAND_00034,किशोरी,ATTRIBUTED,high,explicit_subject_match_किशोरी,"'तुम घबराओ मत, मैं यहाँ कुछ दिन रहूँगी। मुझे एक ब्राह्मणी चाहिए ही, तुम मेरे पास रहो। मैं तुम्हें बहन के समान रखूँगी।'",explicit_attribution,flagged_modifier_phrase
Kankal,KANKAL_TURN_00035,1,49,KANKAL_CAND_00035,किशोरी,ATTRIBUTED,high,explicit_subject_match_किशोरी,'किशोरी',explicit_attribution,none
Kankal,KANKAL_TURN_00036,1,52,KANKAL_CAND_00036,Unknown,REVIEW,low,unmatched_speaker,"उसने फिर सोचा-मठधारियों, साधुओं के लिए सब पथ खुले होते हैं। यद्यपि प्राचीन आर्यों की धर्मनीति में इसीलिए कुटीचर और एकान्त वासियों का ही अनुमोदन है; प्राचीन संघबद्ध होकर बौद्धधर्म ने जो यह अपना कूड़ा छोड़ दिया है, उसे भारत के धार्मिक सम्प्रदाय अभी फेंक नहीं सकते। तो फिर चले संसार अपनी गति से।",unresolved_unattributed,flagged_false_positive_token_फिर;unresolved_speaker
Kankal,KANKAL_TURN_00037,1,55,KANKAL_CAND_00037,किशोरी,ATTRIBUTED,high,explicit_subject_match_किशोरी,"'महाराज, मेरे ऊपर दया न होगी?'",explicit_attribution,none
Kankal,KANKAL_TURN_00038,1,56,KANKAL_CAND_00038,निरंजन,ATTRIBUTED,high,explicit_subject_match_निरंजन,"'किशोरी, तुम मुझको पहचानती हो?'",explicit_attribution,none
Kankal,KANKAL_TURN_00039,1,58,KANKAL_CAND_00039,निरंजन,ATTRIBUTED,high,explicit_subject_match_निरंजन,"'झेलम के तट पर रंजन और किशोरी नाम के दो बालक और बालिका खेलते थे। उनमें बड़ा स्नेह था। रंजन अपने पिता के साथ हरद्वार जाने लगा, परन्तु उसने कहा था कि किशोरी मैं तेरे लिए गुड़िया ले आऊँगा; परन्तु वह झूठा बालक अपनी बाल-संगिनी के पास फिर न लौटा। क्या तुम वही किशोरी हो?'",explicit_attribution,flagged_modifier_phrase
Kankal,KANKAL_TURN_00040,1,59,KANKAL_CAND_00040,Unknown,REVIEW,low,unmatched_speaker,'और क्या तुम वही रंजन हो?',unresolved_unattributed,flagged_false_positive_token_वह;unresolved_speaker
Kankal,KANKAL_TURN_00041,1,60,KANKAL_CAND_00041,निरंजन,ATTRIBUTED,high,explicit_subject_match_निरंजन,"'हाँ किशोरी, मैं वहीं रंजन हूँ। तुमको ही पाने के लिए आज तक तपस्या करता रहा, यह संचित तप तुम्हारे चरणों में निछावर है। संतान, ऐश्वर्य और उन्नति देने की मुझमें जो शक्ति है, वह सब तुम्हारी है।'",explicit_attribution,none
Kankal,KANKAL_TURN_00042,1,66,KANKAL_CAND_00042,तारा,ATTRIBUTED,high,explicit_subject_match_तारा,"'बेटी, तुम किसको खोज रही हो?'",explicit_attribution,flagged_modifier_phrase
Kankal,KANKAL_TURN_00043,1,68,KANKAL_CAND_00043,तारा,ATTRIBUTED,high,explicit_subject_match_तारा,"'मैं अभी तेरी माँ के पास पहुँचा देती हूँ, वह तो मेरी बहन है, मैं तुझे भलीभाँति जानती हूँ। तू घबड़ा मत।'",explicit_attribution,flagged_modifier_phrase
Kankal,KANKAL_TURN_00044,1,69,KANKAL_CAND_00044,Unknown,REVIEW,low,unmatched_speaker,'क्या तुम भूल गयी हो?',unresolved_unattributed,flagged_false_positive_token_एक;unresolved_speaker
Kankal,KANKAL_TURN_00045,1,70,KANKAL_CAND_00045,तारा,ATTRIBUTED,high,explicit_subject_match_तारा,"'मैं जानती हूँ, यहीं इसकी माँ है, वह भी खोजती थी। मैं लिवा जाती हूँ।'",explicit_attribution,none
Kankal,KANKAL_TURN_00046,2,1,KANKAL_CAND_00046,Unknown,REVIEW,low,unmatched_speaker,'शाम-अवध',unresolved_unattributed,flagged_false_positive_token_एक;unresolved_speaker
Kankal,KANKAL_TURN_00047,2,4,KANKAL_CAND_00047,Unknown,REVIEW,low,unmatched_speaker,"'मंगल, आज तुमको मेरी एक बात माननी होगी!'",unresolved_unattributed,unresolved_speaker
Kankal,KANKAL_TURN_00048,2,5,KANKAL_CAND_00048,Unknown,REVIEW,low,unmatched_speaker,"'क्या बात है, पहले सुनूँ भी।'",unresolved_unattributed,unresolved_speaker
Kankal,KANKAL_TURN_00049,2,6,KANKAL_CAND_00049,Unknown,REVIEW,low,unmatched_speaker,"'नहीं, पहले तुम स्वीकार करो।'",unresolved_unattributed,unresolved_speaker
Kankal,KANKAL_TURN_00050,2,7,KANKAL_CAND_00050,Unknown,REVIEW,low,unmatched_speaker,'यह नहीं हो सकता; क्योंकि फिर उसे न करने से मुझे कष्ट होगा।',unresolved_unattributed,unresolved_speaker
Kankal,KANKAL_TURN_00051,2,8,KANKAL_CAND_00051,Unknown,REVIEW,low,unmatched_speaker,'बहुत बुरी बात है; परन्तु मेरी मित्रता के नाते तुम्हें करना ही होगा।',unresolved_unattributed,unresolved_speaker
Kankal,KANKAL_TURN_00052,2,9,KANKAL_CAND_00052,Unknown,REVIEW,low,unmatched_speaker,'यही तो ठीक नहीं।',unresolved_unattributed,unresolved_speaker
Kankal,KANKAL_TURN_00053,2,10,KANKAL_CAND_00053,Unknown,REVIEW,low,unmatched_speaker,"'अवश्य ठीक नहीं, तो भी तुम्हें मानना होगा।'",unresolved_unattributed,unresolved_speaker
Kankal,KANKAL_TURN_00054,2,11,KANKAL_CAND_00054,Unknown,REVIEW,low,unmatched_speaker,"'वीरेन्द्र, ऐसा अनुरोध न करो।'",unresolved_unattributed,unresolved_speaker
Kankal,KANKAL_TURN_00055,2,12,KANKAL_CAND_00055,Unknown,REVIEW,low,unmatched_speaker,"'यह मेरा हठ है और तुम जानते हो कि मेरा कोई भी विनोद तुम्हारे बिना असम्भव है, निस्सार है। देखो, तुमसे स्पष्ट करता हूँ। उधर देखो-वह एक बाल वेश्या है, मैं उसके पास जाकर एक बार केवल नयनाभिराम रूप देखना चाहता हूँ। इससे विशेष कुछ नहीं।'",unresolved_unattributed,unresolved_speaker
Kankal,KANKAL_TURN_00056,2,13,KANKAL_CAND_00056,Unknown,REVIEW,low,unmatched_speaker,'यह कैसा कुतूहल! छिः!',unresolved_unattributed,unresolved_speaker
Kankal,KANKAL_TURN_00057,2,14,KANKAL_CAND_00057,Unknown,REVIEW,low,unmatched_speaker,"'तुम्हें मेरी सौगन्ध; पाँच मिनट से अधिक नहीं लगेगा, हम लौट आवेंगे, चलो, तुम्हें अवश्य चलना होगा। मंगल, क्या तुम जानते हो कि मैं तुम्हें क्यों ले चल रहा हूँ?'",unresolved_unattributed,unresolved_speaker
Kankal,KANKAL_TURN_00058,2,15,KANKAL_CAND_00058,Unknown,REVIEW,low,unmatched_speaker,"'जिससे तुम्हारे भय से मैं विचलित न हो सकूँ! मैं उसे देखूँगा अवश्य; परन्तु आगे डर से बचाने वाला साथ रहना चाहिए। मित्र, तुमको मेरी रक्षा के लिए साथ चलना ही चाहिए।'",unresolved_unattributed,unresolved_speaker
Kankal,KANKAL_TURN_00059,2,16,KANKAL_CAND_00059,Unknown,REVIEW,low,unmatched_speaker,'चलो।',unresolved_unattributed,unresolved_speaker;short_fragment
Kankal,KANKAL_TURN_00060,2,19,KANKAL_CAND_00060,Unknown,REVIEW,low,unmatched_speaker,'आपका नाम?',unresolved_unattributed,unresolved_speaker
Kankal,KANKAL_TURN_00061,2,20,KANKAL_CAND_00061,Unknown,REVIEW,low,unmatched_speaker,'गुलेनार',unresolved_unattributed,unresolved_speaker
Kankal,KANKAL_TURN_00062,2,21,KANKAL_CAND_00062,Unknown,REVIEW,low,flagged_invalid_token_सहसा,'क्या हमने तुमको कहीं और भी देखा है?',unresolved_pronoun_or_generic,unresolved_speaker
Kankal,KANKAL_TURN_00063,2,22,KANKAL_CAND_00063,Unknown,REVIEW,low,unmatched_speaker,'यह अनहोनी बात नहीं है।',unresolved_unattributed,unresolved_speaker
Kankal,KANKAL_TURN_00064,2,23,KANKAL_CAND_00064,Unknown,REVIEW,low,unmatched_speaker,"'कई महीने हुए, काशी में ग्रहण की रात को जब मैं स्वयंसेवक का काम कर रहा था, मुझे स्मरण होता है, जैसे तुम्हें देखा हो; परन्तु तुम तो मुसलमानी हो।'",unresolved_unattributed,unresolved_speaker
Kankal,KANKAL_TURN_00065,2,24,KANKAL_CAND_00065,Unknown,REVIEW,low,unmatched_speaker,"'हो सकता है कि आपने मुझे देखा हो; परन्तु उस बात को जाने दीजिये, अभी अम्मा आ रही हैं।'",unresolved_unattributed,unresolved_speaker
Kankal,KANKAL_TURN_00066,2,25,KANKAL_CAND_00066,मंगलदेव,ATTRIBUTED,high,explicit_subject_match_मंगलदेव,'अम्मा',explicit_attribution,none
Kankal,KANKAL_TURN_00067,2,27,KANKAL_CAND_00067,Unknown,REVIEW,low,unmatched_speaker,'कुछ नहीं। गुलेनार को देखने के लिए चला आया था।',unresolved_unattributed,unresolved_speaker
Kankal,KANKAL_TURN_00068,2,28,KANKAL_CAND_00068,Unknown,REVIEW,low,unmatched_speaker,"'आपकी लौंडी है, अभी तो तालीम भी अच्छी तरह नहीं लेती, क्या कहूँ बाबू साहब, बड़ी बोदी है। इसकी किसी बात पर ध्यान न दीजियेगा।'",unresolved_unattributed,unresolved_speaker
Kankal,KANKAL_TURN_00069,2,29,KANKAL_CAND_00069,Unknown,REVIEW,low,unmatched_speaker,"'नहीं-नहीं, इसकी चिंता न कीजिये। हम लोग तो परदेशी हैं। यहाँ घूम रहे थे, तब इनकी मनमोहिनी छवि दिखाई पड़ी; चले आये।'",unresolved_unattributed,unresolved_speaker
Kankal,KANKAL_TURN_00070,2,30,KANKAL_CAND_00070,Unknown,REVIEW,low,unmatched_speaker,"'अरे इलायची ले आ, क्या कर रहा है?'",unresolved_unattributed,unresolved_speaker
Kankal,KANKAL_TURN_00071,2,31,KANKAL_CAND_00071,Unknown,REVIEW,low,unmatched_speaker,'अभी आया।',unresolved_unattributed,unresolved_speaker
Kankal,KANKAL_TURN_00072,2,31,KANKAL_CAND_00072,मंगलदेव,ATTRIBUTED,high,explicit_subject_match_मंगलदेव,"'चलो भाई, गाड़ी का भी समय देखना होगा, फिर कभी आया जायेगा। प्रतिज्ञा भी पाँच मिनट की है।'",explicit_attribution,flagged_modifier_phrase
Kankal,KANKAL_TURN_00073,2,32,KANKAL_CAND_00073,Unknown,REVIEW,low,unmatched_speaker,"'अभी बैठिये भी, क्या आये और क्या चले।'",unresolved_unattributed,unresolved_speaker
Kankal,KANKAL_TURN_00074,2,33,KANKAL_CAND_00074,मंगलदेव,ATTRIBUTED,high,explicit_subject_match_मंगलदेव,"'मालूम होता है, आप दोनों में बनती बहुत कम है; इसका क्या कारण है?'",explicit_attribution,none
Kankal,KANKAL_TURN_00075,2,34,KANKAL_CAND_00075,Unknown,REVIEW,low,unmatched_speaker,"'अपने-अपने भाग होते हैं बाबू साहब, एक ही बेटी, इतने दुलार से पाला-पोसा, फिर भी न जाने क्यों रूठी रहती है।'",unresolved_unattributed,unresolved_speaker
Kankal,KANKAL_TURN_00076,2,34,KANKAL_CAND_00076,मंगलदेव,ATTRIBUTED,high,explicit_subject_match_मंगलदेव,"'सब आप ही ठीक हो जाएगा, अभी अल्हड़पन है।'",explicit_attribution,flagged_modifier_phrase
Kankal,KANKAL_TURN_00077,2,35,KANKAL_CAND_00077,Unknown,REVIEW,low,unmatched_speaker,'अच्छा फिर आऊँगा।',unresolved_unattributed,unresolved_speaker
Kankal,KANKAL_TURN_00078,2,37,KANKAL_CAND_00078,Unknown,REVIEW,low,unmatched_speaker,"'मंगल! तुमने तो बड़े लम्बे हाथ-पैर निकाले-कहाँ तो आते ही न थे, कहाँ ये हरकतें!'",unresolved_unattributed,unresolved_speaker
Kankal,KANKAL_TURN_00079,2,38,KANKAL_CAND_00079,Unknown,REVIEW,low,unmatched_speaker,'वीरेन्द्र! तुम मुझे जानते हो; परन्तु मैं सचमुच यहँा आकर फँस गया। यही तो आश्चर्य की बात है।',unresolved_unattributed,unresolved_speaker
Kankal,KANKAL_TURN_00080,2,39,KANKAL_CAND_00080,Unknown,REVIEW,low,unmatched_speaker,"'आश्चर्य काहे का, यही तो काजल की कोठरी है।'",unresolved_unattributed,unresolved_speaker
Kankal,KANKAL_TURN_00081,2,40,KANKAL_CAND_00081,Unknown,REVIEW,low,unmatched_speaker,"'हुआ करे, चलो ब्यालू करके सो रहें। सवेरे की ट्रेन पकड़नी होगी।”",unresolved_unattributed,unresolved_speaker
Kankal,KANKAL_TURN_00082,2,41,KANKAL_CAND_00082,Unknown,REVIEW,low,unmatched_speaker,"'नहीं वीरेन्द्र! मैंने तो कैर्निंग कॉलेज में नाम लिखा लेने का निश्चय-सा कर लिया है, कल मैं नहीं चल सकता।”",unresolved_unattributed,unresolved_speaker
Kankal,KANKAL_TURN_00083,2,42,KANKAL_CAND_00083,Unknown,REVIEW,low,unmatched_speaker,"'वीरेन्द्र जैसे आश्चर्यचकित हो गया। उसने कहा, '",unresolved_unattributed,unresolved_speaker
Kankal,KANKAL_TURN_00084,2,43,KANKAL_CAND_00084,Unknown,REVIEW,low,unmatched_speaker,"'और मैं तुम्हारे विश्वास की परीक्षा करूँगा। तुम तो बचकर निकल आये; परन्तु गुलेनार को बचाना होगा। वीरेन्द्र मैं निश्चयपूर्वक कहता हूँ कि यही वह बालिका है, जिसके सम्बन्ध में मैं ग्रहण के दिनों में तुमसे कहता था कि मेरे देखते ही एक बालिका कुटनी के चंगुल में फँस गयी और मैं कुछ न कर सका।'",unresolved_unattributed,unresolved_speaker
Kankal,KANKAL_TURN_00085,2,44,KANKAL_CAND_00085,Unknown,REVIEW,low,unmatched_speaker,'ऐसी बहुत सी अभागिन इस देश में हैं। फिर कहाँ-कहाँ तुम देखोगे?',unresolved_unattributed,unresolved_speaker
Kankal,KANKAL_TURN_00086,2,45,KANKAL_CAND_00086,Unknown,REVIEW,low,unmatched_speaker,'जहाँ-जहाँ देख सकूँगा।',unresolved_unattributed,unresolved_speaker
Kankal,KANKAL_TURN_00087,2,48,KANKAL_CAND_00087,Unknown,REVIEW,low,unmatched_speaker,"'बाबू साहब, आप तो फिर नहीं आये।'",unresolved_unattributed,flagged_false_positive_token_वह;unresolved_speaker
Kankal,KANKAL_TURN_00088,2,49,KANKAL_CAND_00088,Unknown,REVIEW,low,unmatched_speaker,"'हाँ-हाँ, कुछ काम में फँस गया था, आज मैं अवश्य आता; पर क्या करूँ मेरे एक मित्र साथ में हैं। वह मेरा आना-जाना नहीं जानते। यदि वे चले गये, तो आज ही आऊँगा, नहीं तो फिर किसी दिन।'",unresolved_unattributed,flagged_false_positive_token_फिर;unresolved_speaker
Kankal,KANKAL_TURN_00089,2,50,KANKAL_CAND_00089,Unknown,REVIEW,low,unmatched_speaker,"'नहीं-नहीं, आपको गुलेनार की कसम, चलिए वह तो उसी दिन से बड़ी उदास रहती है।'",unresolved_unattributed,unresolved_speaker
Kankal,KANKAL_TURN_00090,2,51,KANKAL_CAND_00090,Unknown,REVIEW,low,unmatched_speaker,"'आप मेरे साथ चलिये, फिर जब आइयेगा, तो उनसे कह दीजियेगा-मैं तो तुम्हीं को ढूँढ़ता रहा, इसलिए इतनी देर हुई, और तब तक तो दो बातें करके चले आएँगे।'",unresolved_unattributed,unresolved_speaker
Kankal,KANKAL_TURN_00091,2,52,KANKAL_CAND_00091,Unknown,REVIEW,low,unmatched_speaker,"'कर्तव्यनिष्ठ मंगल ने विचार किया-ठीक तो है। उसने कहा, '",unresolved_unattributed,unresolved_speaker
Kankal,KANKAL_TURN_00092,2,53,KANKAL_CAND_00092,Unknown,REVIEW,low,unmatched_speaker,मंगल गुलेनार की अम्मा के पीछे-पीछे चला।,unresolved_unattributed,unresolved_speaker
Kankal,KANKAL_TURN_00093,2,54,KANKAL_CAND_00093,Unknown,REVIEW,low,unmatched_speaker,"'बाबू साहब बहुत कहने-सुनने से आये हैं, इनसे बातें करो। मैं मीर साहब से मिलकर आती हूँ, देखूँ, क्यों बुलाया है?'",unresolved_unattributed,flagged_false_positive_token_वह;unresolved_speaker
Kankal,KANKAL_TURN_00094,2,55,KANKAL_CAND_00094,Unknown,REVIEW,low,unmatched_speaker,'कब तक आओगी?',unresolved_unattributed,unresolved_speaker
Kankal,KANKAL_TURN_00095,2,56,KANKAL_CAND_00095,Unknown,REVIEW,low,unmatched_speaker,'आधे घण्टे में।',unresolved_unattributed,unresolved_speaker
Kankal,KANKAL_TURN_00096,2,57,KANKAL_CAND_00096,Unknown,REVIEW,low,unmatched_speaker,'आपके लिए पान बाजार से मँगवाना होगा न?',unresolved_unattributed,unresolved_speaker
Kankal,KANKAL_TURN_00097,2,58,KANKAL_CAND_00097,Unknown,REVIEW,low,unmatched_speaker,"'उसकी आवश्यकता नहीं, मैं तो केवल अपना कुतूहल मिटाने आया हूँ-क्या सचमुच तुम वही हो, जिसे मैंने ग्रहण की रात काशी में देखा था?'",unresolved_unattributed,unresolved_speaker
Kankal,KANKAL_TURN_00098,2,59,KANKAL_CAND_00098,Unknown,REVIEW,low,unmatched_speaker,"'जब आपको केवल पूछना ही है तो मैं क्यो बताऊँ जब आप जान जायेंगे कि मैं वही हूँ, तो फिर आपको आने की आवश्यकता ही न रह जायेगी।'",unresolved_unattributed,unresolved_speaker
Kankal,KANKAL_TURN_00099,2,60,KANKAL_CAND_00099,Unknown,REVIEW,low,unmatched_speaker,'अब तो पूछने का काम ही नहीं है।',unresolved_unattributed,unresolved_speaker
Kankal,KANKAL_TURN_00100,2,61,KANKAL_CAND_00100,Unknown,REVIEW,low,unmatched_speaker,"'आवश्यकता ने सब परदा खोल दिया, तुम मुसलमानी कदापि नहीं हो।'",unresolved_unattributed,unresolved_speaker
Kankal,KANKAL_TURN_00101,2,62,KANKAL_CAND_00101,Unknown,REVIEW,low,unmatched_speaker,'परन्तु मैं मुसलमानी हूँ।',unresolved_unattributed,unresolved_speaker
Kankal,KANKAL_TURN_00102,2,63,KANKAL_CAND_00102,Unknown,REVIEW,low,unmatched_speaker,"'हाँ, यही तो एक भयानक बात है।'",unresolved_unattributed,unresolved_speaker
Kankal,KANKAL_TURN_00103,2,64,KANKAL_CAND_00103,Unknown,REVIEW,low,unmatched_speaker,'तब की बात तो दूसरी है।',unresolved_unattributed,unresolved_speaker
Kankal,KANKAL_TURN_00104,2,65,KANKAL_CAND_00104,Unknown,REVIEW,low,unmatched_speaker,"'अच्छा तो मैं वहीं हूँ, जिसका आपको भ्रम है।'",unresolved_unattributed,unresolved_speaker
Kankal,KANKAL_TURN_00105,2,67,KANKAL_CAND_00105,Unknown,REVIEW,low,unmatched_speaker,'वह बड़ी कथा है।',unresolved_unattributed,unresolved_speaker
Kankal,KANKAL_TURN_00106,2,69,KANKAL_CAND_00106,Unknown,REVIEW,low,unmatched_speaker,"'क्यों नहीं, पर सुनकर क्या कीजियेगा। अब इतना ही समझ लीजिये कि मैं एक मुसलमानी वेश्या हूँ।'",unresolved_unattributed,unresolved_speaker
Kankal,KANKAL_TURN_00107,2,70,KANKAL_CAND_00107,Unknown,REVIEW,low,unmatched_speaker,"'नहीं गुलेनार, तुम्हारा नाम क्या है, सच-सच बताओ।'",unresolved_unattributed,unresolved_speaker
Kankal,KANKAL_TURN_00108,2,71,KANKAL_CAND_00108,Unknown,REVIEW,low,unmatched_speaker,'मेरा नाम तारा है। मैं हरिद्वार की रहने वाली हूँ। अपने पिता के साथ काशी में ग्रहण नहाने गयी थी। बड़ी कठिनता से मेरा विवाह ठीक हो गया था। काशी से लौटते हुए मैं एक कुल की स्वामिनी बनती; परन्तु दुर्भाग्य...!',unresolved_unattributed,unresolved_speaker
Kankal,KANKAL_TURN_00109,2,72,KANKAL_CAND_00109,Unknown,REVIEW,low,unmatched_speaker,"'धीरज धरो तारा! अच्छा यह तो बताओ, यहाँ कैसे कटती है?'",unresolved_unattributed,unresolved_speaker
Kankal,KANKAL_TURN_00110,2,73,KANKAL_CAND_00110,Unknown,REVIEW,low,unmatched_speaker,"'मेरा भगवान् जानता है कि कैसे कटती है! दुष्टों के चंगुल में पड़कर मेरा आचार-व्यवहार तो नष्ट हो चुका, केवल सर्वनाश होना बाकी है। उसमें कारण है अम्मा का लोभ और मेरा कुछ आने वालों से ऐसा व्यवहार भी होता है कि अभी वह जितना रुपया चाहती हैं, नहीं मिलता। बस इसी प्रकार बची जा रही हूँ; परन्तु कितने दिन!'",unresolved_unattributed,unresolved_speaker
Kankal,KANKAL_TURN_00111,2,74,KANKAL_CAND_00111,Unknown,REVIEW,low,unmatched_speaker,"'तारा, तुम यहाँ से क्यों नहीं निकल भागती?'",unresolved_unattributed,unresolved_speaker
Kankal,KANKAL_TURN_00112,2,76,KANKAL_CAND_00112,Unknown,REVIEW,low,unmatched_speaker,"'अपने माता-पिता के पास। मैं पहुँचा दूँगा, इतना मेरा काम है।'",unresolved_unattributed,unresolved_speaker
Kankal,KANKAL_TURN_00113,2,77,KANKAL_CAND_00113,Unknown,REVIEW,low,unmatched_speaker,'आप जहाँ कहें मैं चल सकती हूँ।',unresolved_unattributed,unresolved_speaker
Kankal,KANKAL_TURN_00114,2,78,KANKAL_CAND_00114,Unknown,REVIEW,low,unmatched_speaker,'अच्छा पहले यह तो बताओ कि कैसे तुम काशी से यहाँ पहुँच गयी हो?',unresolved_unattributed,unresolved_speaker
Kankal,KANKAL_TURN_00115,2,79,KANKAL_CAND_00115,Unknown,REVIEW,low,unmatched_speaker,"'किसी दूसरे दिन सुनाऊँगी, अम्मा आती होगी।'",unresolved_unattributed,unresolved_speaker
Kankal,KANKAL_TURN_00116,2,80,KANKAL_CAND_00116,Unknown,REVIEW,low,unmatched_speaker,'अच्छा तो आज मैं जाता हूँ।',unresolved_unattributed,unresolved_speaker
Kankal,KANKAL_TURN_00117,2,81,KANKAL_CAND_00117,Unknown,REVIEW,low,unmatched_speaker,"'जाइये, पर इस दुखिया का ध्यान रखिये। हाँ, अपना पता तो बताइए, मुझे कोई अवसर मिला, तो मैं कैसे सूचित करूँगी?'",unresolved_unattributed,unresolved_speaker
Kankal,KANKAL_TURN_00118,2,82,KANKAL_CAND_00118,Unknown,REVIEW,low,unmatched_speaker,"'मैं भी प्रबन्ध करता रहूँगा। जब अवसर मिले, लिखना; पर एक दिन पहले।'",unresolved_unattributed,flagged_false_positive_token_एक;unresolved_speaker
Kankal,KANKAL_TURN_00119,2,84,KANKAL_CAND_00119,Unknown,REVIEW,low,unmatched_speaker,"'बाबू साहब, चले कहाँ! बैठिये भी।'",unresolved_unattributed,unresolved_speaker
Kankal,KANKAL_TURN_00120,2,85,KANKAL_CAND_00120,Unknown,REVIEW,low,unmatched_speaker,"'नहीं, फिर किसी दिन आऊँगा, तुम्हारी बेगम साहेबा तो कुछ बोलती ही नहीं, इनके पास बैठकर क्या करूँगा!'",unresolved_unattributed,unresolved_speaker
Kankal,KANKAL_TURN_00121,2,87,KANKAL_CAND_00121,Unknown,REVIEW,low,unmatched_speaker,"दूसरे-तीसरे दिन मंगल गुलेनार के यहाँ जाने लगा; परन्तु वह बहुत सावधान रहता। एक दुश्चरित्र युवक उन्हीं दिनों गुलेनार के यहाँ आता। कभी-कभी मंगल की उससे मुठभेड़ हो जाती; परन्तु मंगल ऐसे कैड़े से बात करता कि वह मान गया। अम्मा ने अपने स्वार्थ साधन के लिए इन दोनों में प्रतिद्वन्द्विता चला दी। युवक शरीर से हृष्ट-पुष्ट कसरती था, उसके ऊपर के होंठ मसूड़ों के ऊपर ही रह गये थे। दाँतों की श्रेणी सदैव खुली रहती, उसकी लम्बी नाक और लाल आँखें बड़ी डरावनी और रोबीली थीं; परन्तु मंगल की मुस्कराहट पर वह भौचका-सा रह जाता और अपने व्यवहार से मंगल को मित्र बनाये रखने की चेष्टा किया करता। गुलेनार अम्मा को यह दिखलाती कि वह मंगल से बहुत बोलना नहीं चाहती।",unresolved_unattributed,long_narrative_passage;unresolved_speaker
Kankal,KANKAL_TURN_00122,2,88,KANKAL_CAND_00122,Unknown,REVIEW,low,unmatched_speaker,"'वह न जाने क्यों उस चुड़ैल के यहाँ जाता है। और क्यों कुरूप स्त्रियाँ वेश्या बनती हैं, जब उन्हें मालूम है कि उन्हें तो रूप के बाजार में बैठना है।'",unresolved_unattributed,flagged_false_positive_token_एक;unresolved_speaker
Kankal,KANKAL_TURN_00123,2,90,KANKAL_CAND_00123,Unknown,REVIEW,low,unmatched_speaker,'फिर ऐसी जगह बाबू आते ही क्यों हैं?',unresolved_unattributed,unresolved_speaker
Kankal,KANKAL_TURN_00124,2,92,KANKAL_CAND_00124,Unknown,REVIEW,low,unmatched_speaker,'अच्छा हुआ; पर जल्द...!',unresolved_unattributed,flagged_false_positive_token_वह;unresolved_speaker
Kankal,KANKAL_TURN_00125,2,96,KANKAL_CAND_00125,Unknown,REVIEW,low,unmatched_speaker,"'आह! मेरे पाँव में चटक हो गयी, अब मैं एक पल चल नहीं सकती, डोली ले आओ।'",unresolved_unattributed,flagged_false_positive_token_वह;unresolved_speaker
Kankal,KANKAL_TURN_00126,2,97,KANKAL_CAND_00126,Unknown,REVIEW,low,unmatched_speaker,'ताँगा ठीक है।',unresolved_unattributed,unresolved_speaker
Kankal,KANKAL_TURN_00127,2,98,KANKAL_CAND_00127,Unknown,REVIEW,low,unmatched_speaker,'किधर?',unresolved_unattributed,unresolved_speaker
Kankal,KANKAL_TURN_00128,2,99,KANKAL_CAND_00128,Unknown,REVIEW,low,unmatched_speaker,'चलो!',unresolved_unattributed,unresolved_speaker;short_fragment
Kankal,KANKAL_TURN_00129,2,99,KANKAL_CAND_00129,Unknown,REVIEW,low,unmatched_speaker,'जिस-जिस को दिया चाहें',unresolved_unattributed,flagged_false_positive_token_वह;unresolved_speaker
Kankal,KANKAL_TURN_00130,2,100,KANKAL_CAND_00130,Unknown,REVIEW,low,unmatched_speaker,"'तारा, थोड़ा भी विलम्ब से गाड़ी न मिलती।'",unresolved_unattributed,unresolved_speaker
Kankal,KANKAL_TURN_00131,2,101,KANKAL_CAND_00131,Unknown,REVIEW,low,unmatched_speaker,"'ठीक समय से पाती आ गया। हाँ, यह तो कहो, मेरा पत्र कब मिला?'",unresolved_unattributed,unresolved_speaker
Kankal,KANKAL_TURN_00132,2,102,KANKAL_CAND_00132,Unknown,REVIEW,low,unmatched_speaker,'आज नौ बजे। मैं समान ठीक करके संध्या की बाट देख रहा था। टिकट ले लिये थे और ठीक समय पर तुमसे भेंट हुई।',unresolved_unattributed,unresolved_speaker
Kankal,KANKAL_TURN_00133,2,103,KANKAL_CAND_00133,Unknown,REVIEW,low,unmatched_speaker,'कोई पूछे तो क्या कहा जायेगा?',unresolved_unattributed,unresolved_speaker
Kankal,KANKAL_TURN_00134,2,104,KANKAL_CAND_00134,Unknown,REVIEW,low,unmatched_speaker,"'अपने वेश्यापन के दो-तीन आभूषण उतार दो और किसी के पूछने पर कहना-अपने पिता के पास जा रही हूँ, ठीक पता बताना।'",unresolved_unattributed,unresolved_speaker
Kankal,KANKAL_TURN_00135,2,107,KANKAL_CAND_00135,Unknown,REVIEW,low,unmatched_speaker,'तुम्हें सूझी अच्छी। उस तुम्हारी दुष्ट अम्मा को यही विश्वास होगा कि कोई दूसरा ही ले गया। हमारे पास तक तो उसका सन्देह भी न पहुँचेगा।',unresolved_unattributed,unresolved_speaker
Kankal,KANKAL_TURN_00136,2,108,KANKAL_CAND_00136,Unknown,REVIEW,low,unmatched_speaker,"'भगवान् की दया से नरक से छुटकारा मिला। आह कैसी नीच कल्पनाओं से हृदय भर जाता था-सन्ध्या में बैठकर मनुष्य-समाज की अशुभ कामना करना, उस नरक के पथ की ओर चलने का संकेत बताना, फिर उसी से अपनी जीविका!'",unresolved_unattributed,unresolved_speaker
Kankal,KANKAL_TURN_00137,2,109,KANKAL_CAND_00137,Unknown,REVIEW,low,unmatched_speaker,"'तारा, फिर भी तुमने धर्म की रक्षा की। आश्चर्य!'",unresolved_unattributed,unresolved_speaker
Kankal,KANKAL_TURN_00138,2,110,KANKAL_CAND_00138,Unknown,REVIEW,low,unmatched_speaker,"'यही कभी-कभी मैं भी विचारती हूँ कि संसार दूर से, नगर, जनपद सौध-श्रेणी, राजमार्ग और अट्टालिकाओं से जितना शोभन दिखाई पड़ता है, वैसा ही सरल और सुन्दर भीतर से नहीं है। जिस दिन मैं अपने पिता से अलग हुई, ऐसे-ऐसे निर्लज्ज और नीच मनोवृत्तियों के मनुष्यों से सामना हुआ, जिन्हें पशु भी कहना उन्हें महिमान्वित करना है!'",unresolved_unattributed,unresolved_speaker
Kankal,KANKAL_TURN_00139,2,111,KANKAL_CAND_00139,Unknown,REVIEW,low,unmatched_speaker,"'हाँ-हाँ, यह तो कहो, तुम काशी से लखनऊ कैसे आ गयीं?'",unresolved_unattributed,unresolved_speaker
Kankal,KANKAL_TURN_00140,2,112,KANKAL_CAND_00140,Unknown,REVIEW,low,unmatched_speaker,"'तुम्हारे सामने जिस दुष्टा ने मुझे फँसाया, वह स्त्रियों का व्यापार करने वाली एक संस्था की कुटनी थी। मुझे ले जाकर उन सबों ने एक घर में रखा, जिसमें मेरी ही जैसी कई अभागिनें थीं, परन्तु उनमें सब मेरी जैसी रोने वाली न थीं। बहुत-सी स्वेच्छा से आयी थीं और कितनी ही कलंक लगने पर अपने घर वालों से ही मेले में छोड़ दी गई थीं! मैं अलग बैठी रोती थी। उन्हीं में से कई मुझे हँसाने का उद्योग करतीं, कोई समझाती, कोई झिड़कियाँ सुनाती और कोई मेरी मनोवृत्ति के कारण मुझे बनाती! मैं चुप होकर सुना करती; परन्तु कोई पथ निकलने का न था। सब प्रबन्ध ठीक हो गया था, हम लोग पंजाब भेजी जाने वाली थीं। रेल पर बैठने का समय हुआ, मैं सिसक रही थी। स्टेशन के विश्रामगृह में एक भीड़-सी लग रही थी, परन्तु मुझे कोई न पूछता था। यही दुष्टा अम्मा वहाँ आई और बड़े दुलार से बोली-चल बेटी, मैं तुझे तेरी माँ के पास पहुँचा दूँगी। मैंने उन सबों को ठीक कर लिया है। मैं प्रसन्न हो गयी। मैं क्या जानती थी कि चूल्हे से निकलकर भाड़ में जाऊँगी। बात भी कुछ ऐसी थी। मुझे उपद्रव मचाते देखकर उन लोगों ने अम्मा से रुपया लेकर मुझे उसके साथ कर दिया, मैं लखनऊ पहुँची।'",unresolved_unattributed,long_narrative_passage;unresolved_speaker
Kankal,KANKAL_TURN_00141,2,114,KANKAL_CAND_00141,Unknown,REVIEW,low,unmatched_speaker,"'हाँ, दुर्भाग्य से!'",unresolved_unattributed,unresolved_speaker
Kankal,KANKAL_TURN_00142,2,115,KANKAL_CAND_00142,मंगलदेव,ATTRIBUTED,high,explicit_subject_match_मंगलदेव,"'लोटे में पानी होगा, दो मुझे!'",explicit_attribution,flagged_modifier_phrase
Kankal,KANKAL_TURN_00143,2,117,KANKAL_CAND_00143,Unknown,REVIEW,low,unmatched_speaker,"'बाबू जी, मेरा क्या अपराध है मैं तो आप लोगों को खोज रही थी।'",unresolved_unattributed,unresolved_speaker
Kankal,KANKAL_TURN_00144,2,118,KANKAL_CAND_00144,Unknown,REVIEW,low,unmatched_speaker,'अभागिनी! खोज रही थी मुझे या किसी और को?',unresolved_unattributed,unresolved_speaker
Kankal,KANKAL_TURN_00145,2,120,KANKAL_CAND_00145,Unknown,REVIEW,low,unmatched_speaker,"'जो पास में बैठा है। मुझे खोजना चाहती है, तो एक पोस्टकार्ड न डाल देती कलंकिनी, दुष्ट! मुझे जल पिला दिया, प्रायश्चित्त करना पड़ेगा!'",unresolved_unattributed,unresolved_speaker
Kankal,KANKAL_TURN_00146,2,121,KANKAL_CAND_00146,तारा,ATTRIBUTED,high,explicit_subject_match_तारा,'क्या वही तुम्हारे पिता हैं?',explicit_attribution,flagged_modifier_phrase
Kankal,KANKAL_TURN_00147,2,122,KANKAL_CAND_00147,Unknown,REVIEW,low,unmatched_speaker,"'हाँ, परन्तु मैं अब क्या करूँ बाबूजी, मेरी माँ होती तो इतनी कठोरता न करती। मैं उन्हीं की गोद में जाऊँगी।'",unresolved_unattributed,unresolved_speaker
Kankal,KANKAL_TURN_00148,2,123,KANKAL_CAND_00148,Unknown,REVIEW,low,unmatched_speaker,"'तेरी नीचता से दुखी होकर महीनों हुआ, वह मर गयी, तू न मरी-कालिख पोतने के लिए जीती रही!'",unresolved_unattributed,unresolved_speaker
Kankal,KANKAL_TURN_00149,2,124,KANKAL_CAND_00149,Unknown,REVIEW,low,unmatched_speaker,"'महाशय, आपका क्रोध व्यर्थ है। यह स्त्री कुचक्रियों के फेर में पड़ गयी थी, परन्तु इसकी पवित्रता में कोई अन्तर नहीं पड़ा, बड़ी कठिनता से इसका उद्धार करके मैं इसे आप ही के पास पहुँचाने के लिए जाता था। भाग्य से आप मिल गये।'",unresolved_unattributed,unresolved_speaker
Kankal,KANKAL_TURN_00150,2,125,KANKAL_CAND_00150,Unknown,REVIEW,low,unmatched_speaker,"'भाग्य नहीं, दुर्भाग्य से!'",unresolved_unattributed,unresolved_speaker
Kankal,KANKAL_TURN_00151,2,126,KANKAL_CAND_00151,Unknown,REVIEW,low,unmatched_speaker,'तब यह किसकी शरण में जायेगी? अभागिनी की कौन रक्षा करेगा मैं आपको प्रमाण दूँगा कि तारा निरपराधिनी है। आप इसे...',unresolved_unattributed,unresolved_speaker
Kankal,KANKAL_TURN_00152,2,127,KANKAL_CAND_00152,Unknown,REVIEW,low,unmatched_speaker,'मूर्ख युवक! ऐसी स्वैरिणी को कौन गृहस्थ अपनी कन्या कहकर सिर नीचा करेगा। तुम्हारे जैसे इनके बहुत-से संरक्षक मिलेंगे। बस अब मुझसे कुछ न कहो।',unresolved_unattributed,unresolved_speaker
Kankal,KANKAL_TURN_00153,3,2,KANKAL_CAND_00153,तारा,ATTRIBUTED,high,explicit_subject_match_तारा,'मैं पत्र छोड़ने जा रहा हूँ। कोई काम बाजार का हो तो करता आऊँ।',explicit_attribution,flagged_modifier_phrase
Kankal,KANKAL_TURN_00154,3,3,KANKAL_CAND_00154,तारा,ATTRIBUTED,high,explicit_subject_match_तारा,'थोडा कड़वा तेल चाहिए और सब वस्तुएँ हैं।',explicit_attribution,flagged_modifier_phrase
Kankal,KANKAL_TURN_00155,3,3,KANKAL_CAND_00155,मंगलदेव,ATTRIBUTED,high,explicit_subject_match_मंगलदेव,'और नौकरी का क्या हुआ?',explicit_attribution,flagged_modifier_phrase
Kankal,KANKAL_TURN_00156,3,4,KANKAL_CAND_00156,Unknown,REVIEW,low,unmatched_speaker,'नौकरी मिल गयी है। उसी की स्वीकृति-सूचना लिखकर पाठशाला के अधिकारी के पास भेज रहा हूँ। आर्य-समाज की पाठशाला में व्यायाम-शिक्षक का काम करूँगा।',unresolved_unattributed,unresolved_speaker
Kankal,KANKAL_TURN_00157,3,5,KANKAL_CAND_00157,Unknown,REVIEW,low,unmatched_speaker,"'वेतन तो थोड़ा ही मिलेगा। यदि मुझे भी कोई काम मिल जाये, तो देखना, मैं तुम्हारा हाथ बँटा लूँगी।'",unresolved_unattributed,unresolved_speaker
Kankal,KANKAL_TURN_00158,3,6,KANKAL_CAND_00158,मंगलदेव,ATTRIBUTED,high,explicit_subject_match_मंगलदेव,'स्त्रियाँ बहुत शीघ्र उत्साहित हो जाती हैं। और उतने ही अधिक परिणाम में निराशावादिनी भी होती हैं। भला मैं तो पहले टिक जाऊँ! फिर तुम्हारी देखी जायेगी।',explicit_attribution,none
Kankal,KANKAL_TURN_00159,3,7,KANKAL_CAND_00159,Unknown,REVIEW,low,unmatched_speaker,"'यहाँ से थोड़ी दूर पर मेरा पितृगृह है, पर मैं वहाँ नहीं जा सकती। पिता समाज और धर्म के भय से त्रस्त हैं। ओह, निष्ठुर पिता! अब उनकी भी पहली-सी आय नहीं, महन्तजी प्रायः बाहर, विशेषकर काशी रहा करते हैं। मठ की अवस्था बिगड़ गयी है। मंगलदेव-एक अपरिचित युवक-केवल सत्साहस के बल पर मेरा पालन कर रहा है। इस दासवृत्ति से जीवन बिताने से क्या वह बुरा था, जिसे छोड़कर मैं आयी। किस आकर्षण ने यह उत्साह दिलाया और अब वह क्या हुआ, जो मेरा मन ग्लानि का अनुभव करता है, परतन्त्रता से नहीं, मैं भी स्वावलम्बिनी बनूँगी; परन्तु मंगल! निरीह निष्पाप हृदय!'",unresolved_unattributed,long_narrative_passage;unresolved_speaker
Kankal,KANKAL_TURN_00160,3,8,KANKAL_CAND_00160,तारा,ATTRIBUTED,high,explicit_subject_match_तारा,तारा और मंगल-दोनों के मन के संकल्प-विकल्प चल रहे थे। समय अपने मार्ग चल रहा था। दिन छूटते जाते थे। मंगल की नौकरी लग गयी। तारा गृहस्थी चलाने लगी।,explicit_attribution,none
Kankal,KANKAL_TURN_00161,3,9,KANKAL_CAND_00161,Unknown,REVIEW,low,unmatched_speaker,"धीरे-धीरे मंगल के बहुत से आर्य मित्र बन गये। और कभी-कभी देवियाँ भी तारा से मिलने लगीं। आवश्यकता से विवश होकर मंगल और तारा ने आर्य समाज का साथ दिया था। मंगल स्वतंत्र विचार का युवक था, उसके धर्म सम्बन्धी विचार निराले थे, परन्तु बाहर से वह पूर्ण आर्य समाजी था। तारा की सामाजिकता बनाने के लिये उसे दूसरा मार्ग न था।",unresolved_unattributed,flagged_false_positive_token_धीरे;unresolved_speaker
Kankal,KANKAL_TURN_00162,3,11,KANKAL_CAND_00162,तारा,ATTRIBUTED,high,explicit_subject_match_तारा,'अभी ब्रह्मचारी जी नहीं आये!',explicit_attribution,flagged_modifier_phrase
Kankal,KANKAL_TURN_00163,3,12,KANKAL_CAND_00163,Unknown,REVIEW,low,unmatched_speaker,'आते ही होंगे!',unresolved_unattributed,unresolved_speaker
Kankal,KANKAL_TURN_00164,3,13,KANKAL_CAND_00164,Unknown,REVIEW,low,unmatched_speaker,'तब तक हम लोग संध्या कर लें।',unresolved_unattributed,unresolved_speaker
Kankal,KANKAL_TURN_00165,3,14,KANKAL_CAND_00165,Unknown,REVIEW,low,unmatched_speaker,"'यह प्रस्ताव ठीक है; परन्तु लीजिये, वह ब्रह्मचारी जी आ रहे हैं।'",unresolved_unattributed,unresolved_speaker
Kankal,KANKAL_TURN_00166,3,15,KANKAL_CAND_00166,मंगलदेव,ATTRIBUTED,high,explicit_subject_match_मंगलदेव,'आपका शुभ नाम मंगलदेव है! उन्होंने ही इन देवी का यवनों के चंगुल से उद्धार किया है।',explicit_attribution,flagged_modifier_phrase
Kankal,KANKAL_TURN_00167,3,15,KANKAL_CAND_00167,तारा,ATTRIBUTED,high,explicit_subject_match_तारा,"'सो तो होना चाहिए, ऐसे ही नवयुवकों से भारतवर्ष को आशा है। इस सत्साह के लिए मैं धन्यवाद देता हूँ आप समाज में कब से प्रविष्ट हुए हैं?'",explicit_attribution,none
Kankal,KANKAL_TURN_00168,3,16,KANKAL_CAND_00168,Unknown,REVIEW,low,unmatched_speaker,'अभी तो मैं सभ्यों में नहीं हूँ।',unresolved_unattributed,unresolved_speaker
Kankal,KANKAL_TURN_00169,3,17,KANKAL_CAND_00169,Unknown,REVIEW,low,unmatched_speaker,"'बहुत शीघ्र जाइये, बिना भित्ति के कोई घर नहीं टिकता और बिना नींव की कोई भित्ति नहीं। उसी प्रकार सद्विचार के बिना मनुष्य की स्थिति नहीं और धर्म-संस्कारों के बिना सद्विचार टिकाऊ नहीं होते। इसके सम्बन्ध में मैं विशेष रूप से फिर कहूँगा। आइये, हम लोग सन्ध्या-वन्दन कर लें।'",unresolved_unattributed,unresolved_speaker
Kankal,KANKAL_TURN_00170,3,18,KANKAL_CAND_00170,मंगलदेव,ATTRIBUTED,high,explicit_subject_match_मंगलदेव,'हमारी जाति में धर्म के प्रति इतनी उदासीनता का कारण है एक कल्पित ज्ञान; जो इस देश के प्रत्येक प्रणाली वाणी के लिए सुलभ हो गया है। वस्तुतः उन्हें ज्ञानभाव होता है और वे अपने साधारण नित्यकर्म से वंचित होकर अपनी आध्यात्मिक उन्नति करने में भी असमर्थ होते हैं।',explicit_attribution,none
Kankal,KANKAL_TURN_00171,3,19,KANKAL_CAND_00171,Unknown,REVIEW,low,unmatched_speaker,'इसलिए आर्यों का कर्मवाद संसार के लिए विलक्षण कल्याणदायक है-ईश्वर के प्रति विश्वास करते हुए भी स्वावलम्बन का पाठ पढ़ाता है। यह ऋषियों का दिव्य अनुसंधान है।',unresolved_unattributed,unresolved_speaker
Kankal,KANKAL_TURN_00172,3,20,KANKAL_CAND_00172,Unknown,REVIEW,low,unmatched_speaker,"'तो अब क्या विलम्ब है, बातें भी चला करेंगी।'",unresolved_unattributed,unresolved_speaker
Kankal,KANKAL_TURN_00173,3,21,KANKAL_CAND_00173,मंगलदेव,ATTRIBUTED,high,explicit_subject_match_मंगलदेव,"'हाँ, हाँ आरम्भ कीजिये।'",explicit_attribution,none
Kankal,KANKAL_TURN_00174,3,23,KANKAL_CAND_00174,मंगलदेव,ATTRIBUTED,high,explicit_subject_match_मंगलदेव,"'परन्तु संसार की अभाव-आवश्यकताओं को देखकर यह कहना पड़ता है कि कर्मवाद का सृजन करके हिन्दू-जाति ने अपने लिए असंतोष और दौड़-धूप, आशा और संकल्प का फन्दा बना लिया है।'",explicit_attribution,none
Kankal,KANKAL_TURN_00175,3,24,KANKAL_CAND_00175,Unknown,REVIEW,low,unmatched_speaker,"'कदापि नहीं, ऐसा समझना भ्रम है महाशयजी! मनुष्यों को पाप-पुण्य की सीमा में रखने के लिए इससे बढ़कर कोई उपाय जाग्रत नहीं मिला।'",unresolved_unattributed,unresolved_speaker
Kankal,KANKAL_TURN_00176,3,26,KANKAL_CAND_00176,Unknown,REVIEW,low,unmatched_speaker,"'श्रीमती! मैं पाप-पुण्य की परिभाषा नहीं समझता; परन्तु यह कहूँगा कि मुसलमान धर्म इस ओर बड़ा दृढ़ है। वह सम्पूर्ण निराशावादी होते हुए, भौतिक कुल शक्तियों पर अविश्वास करते हुए, केवल ईश्वर की अनुकम्पा पर अपने को निर्भर करता है। इसीलिए उनमें इतनी दृढ़ता होती है। उन्हें विश्वास होता है कि मनुष्य कुछ नहीं कर सकता, बिना परमात्मा की आज्ञा के। और केवल इसी एक विश्वास के कारण वे संसार में संतुष्ट हैं।'",unresolved_unattributed,unresolved_speaker
Kankal,KANKAL_TURN_00177,3,27,KANKAL_CAND_00177,Unknown,REVIEW,low,unmatched_speaker,'मूँग का हलवा ले आऊँ। खीर में तो अभी कुछ विलम्ब है।',unresolved_unattributed,unresolved_speaker
Kankal,KANKAL_TURN_00178,3,28,KANKAL_CAND_00178,Unknown,REVIEW,low,unmatched_speaker,"'भाई हम जीवन को सुख के अच्छे उपकरण ढूँढ़ने में नहीं बिताना चाहते। जो कुछ प्राप्त है, उसी में जीवन सुखी होकर बीते, इसी की चेष्टा करते हैं, इसलिए जो प्रस्तुत हो, ले आओ।'",unresolved_unattributed,unresolved_speaker
Kankal,KANKAL_TURN_00179,3,30,KANKAL_CAND_00179,Unknown,REVIEW,low,unmatched_speaker,"'महाशय जी, आपने एक बड़े धर्म की बात कही है। मैं उसका कुछ निराकरण कर देना चाहता हूँ। मुसलमान-धर्म निराशावादी होते हुए भी क्यों इतना उन्नतिशील है, इसका कारण तो आपने स्वयं कहा कि '",unresolved_unattributed,flagged_false_positive_token_फिर;unresolved_speaker
Kankal,KANKAL_TURN_00180,3,30,KANKAL_CAND_00180,Unknown,REVIEW,low,unmatched_speaker,"' परन्तु इसके साथ उनकी सफलता का एक और भी रहस्य है। वह है उनकी नित्य-क्रिया की नियम-बद्धता; क्योंकि नियमित रूप से परमात्मा की कृपा का लाभ उठाने के लिए प्रार्थना करनी आवश्यक है। मानव-स्वभाव दुर्बलताओं का संकलन है, सत्यकर्म विशेष होने पाते नहीं, क्योंकि नित्य-क्रियाओं द्वारा उनका अभ्यास नहीं। दूसरी ओर ज्ञान की कमी से ईश्वर निष्ठा भी नहीं। इसी अवस्था को देखते हुए ऋषि ने यह सुगम आर्य-पथ बनाया है। प्रार्थना नियमित रूप से करना, ईश्वर में विश्वास करना, यही तो आर्य-समाज का संदेश है। यह स्वावलम्बपूर्ण है; यह दृढ़ विश्वास दिलाता है कि हम सत्यकर्म करेंगे, तो परमात्मा की असीम कृपा अवश्य होगी।'",unresolved_unattributed,long_narrative_passage;unresolved_speaker
Kankal,KANKAL_TURN_00181,3,31,KANKAL_CAND_00181,Unknown,REVIEW,low,unmatched_speaker,'हूँ',unresolved_unattributed,flagged_false_positive_token_एक;short_fragment;unresolved_speaker;short_fragment
Kankal,KANKAL_TURN_00182,3,32,KANKAL_CAND_00182,Unknown,REVIEW,low,unmatched_speaker,"'मंगलदेव जी! आपने एक आर्य-बालिका का यवनों से उद्धार करके बड़ा पुण्यकर्म किया है, इसके लिए आपको हम सब लोग बधाई देते हैं।'",unresolved_unattributed,unresolved_speaker
Kankal,KANKAL_TURN_00183,3,33,KANKAL_CAND_00183,Unknown,REVIEW,low,unmatched_speaker,'और इस उत्तम प्रीतिभोज के लिए धन्यवाद।',unresolved_unattributed,unresolved_speaker
Kankal,KANKAL_TURN_00184,3,34,KANKAL_CAND_00184,Unknown,REVIEW,low,unmatched_speaker,'परमात्मा की कृपा से तारादेवी के शुभ पाणिग्रहण के अवसर पर हम लोग फिर इसी प्रकार सम्मिलित हों।',unresolved_unattributed,unresolved_speaker
Kankal,KANKAL_TURN_00185,3,35,KANKAL_CAND_00185,मंगलदेव,ATTRIBUTED,high,explicit_subject_match_मंगलदेव,"'जिस दिन इतनी हो जाये, उसी दिन मैं अपने कर्तव्य का पूरा कर सकूँगा।'",explicit_attribution,none
Kankal,KANKAL_TURN_00186,3,38,KANKAL_CAND_00186,मंगलदेव,ATTRIBUTED,high,explicit_subject_match_मंगलदेव,'नमस्कार!',explicit_attribution,none
Kankal,KANKAL_TURN_00187,3,39,KANKAL_CAND_00187,तारा,ATTRIBUTED,high,explicit_subject_match_तारा,'नमस्कार!',explicit_attribution,none
Kankal,KANKAL_TURN_00188,3,40,KANKAL_CAND_00188,Unknown,REVIEW,low,unmatched_speaker,मंगल ने देखा-कविता में वर्णित नायिका जैसे प्रभात की शैया पर बैठी है।,unresolved_unattributed,unresolved_speaker
Kankal,KANKAL_TURN_00189,3,41,KANKAL_CAND_00189,Unknown,REVIEW,low,unmatched_speaker,"समय के साथ-साथ अधिकाधिक गृहस्थी में चतुर और मंगल परिश्रमी होता जाता था। सवेरे जलपान बनाकर तारा मंगल को देती, समय पर भोजन और ब्यालू। मंगल के वेतन में सब प्रबन्ध हो जाता, कुछ बचता न था। दोनों को बचाने की चिंता भी न थी, परन्तु इन दोनों की एक बात नई हो चली। तारा मंगल के अध्ययन में बाधा डालने लगी। वह प्रायः उसके पास ही बैठ जाती। उसकी पुस्तकों को उलटती, यह प्रकट हो जाता कि तारा मंगल से अधिक बातचीत करना चाहती है और मंगल कभी-कभी उससे घबरा उठता।",unresolved_unattributed,unresolved_speaker
Kankal,KANKAL_TURN_00190,3,42,KANKAL_CAND_00190,तारा,ATTRIBUTED,high,explicit_subject_match_तारा,'आज मन नहीं लगता है।',explicit_attribution,flagged_modifier_phrase
Kankal,KANKAL_TURN_00191,3,43,KANKAL_CAND_00191,Unknown,REVIEW,low,unmatched_speaker,'मेरा मन भी उचाट हो रहा है। इच्छा होती है कि कहीं घूम आऊँ; परन्तु तुम्हारा ब्याह हुए बिना मैं कहीं नहीं जा सकता।',unresolved_unattributed,unresolved_speaker
Kankal,KANKAL_TURN_00192,3,44,KANKAL_CAND_00192,Unknown,REVIEW,low,unmatched_speaker,'मैं तो ब्याह न करूँगी।',unresolved_unattributed,unresolved_speaker
Kankal,KANKAL_TURN_00193,3,45,KANKAL_CAND_00193,Unknown,REVIEW,low,unmatched_speaker,"'दिन तो बिताना ही है, कहीं नौकरी कर लूँगी। ब्याह करने की क्या आवश्यकता है?'",unresolved_unattributed,unresolved_speaker
Kankal,KANKAL_TURN_00194,3,46,KANKAL_CAND_00194,Unknown,REVIEW,low,unmatched_speaker,"'नहीं तारा, यह नहीं हो सकता। तुम्हारा निश्चित लक्ष्य बनाये बिना कर्तव्य मुझे धिक्कार देगा।'",unresolved_unattributed,unresolved_speaker
Kankal,KANKAL_TURN_00195,3,47,KANKAL_CAND_00195,Unknown,REVIEW,low,unmatched_speaker,"'मेरा लक्ष्य क्या है, अभी मैं स्वयं स्थिर नहीं कर सकी।'",unresolved_unattributed,unresolved_speaker
Kankal,KANKAL_TURN_00196,3,48,KANKAL_CAND_00196,Unknown,REVIEW,low,unmatched_speaker,'मैं स्थिर करूँगा।',unresolved_unattributed,unresolved_speaker
Kankal,KANKAL_TURN_00197,3,49,KANKAL_CAND_00197,Unknown,REVIEW,low,unmatched_speaker,'क्यों ये भार अपने ऊपर लेते हो मुझे अपनी धारा में बहने दो।',unresolved_unattributed,unresolved_speaker
Kankal,KANKAL_TURN_00198,3,50,KANKAL_CAND_00198,Unknown,REVIEW,low,unmatched_speaker,'सो नहीं हो सकेगा।',unresolved_unattributed,unresolved_speaker
Kankal,KANKAL_TURN_00199,3,51,KANKAL_CAND_00199,Unknown,REVIEW,low,unmatched_speaker,"'मैं कभी-कभी विचारती हूँ कि छायाचित्र-सदृश जलस्रोत में नियति पवन के थपेड़े लगा रही है, वह तरंग-संकुल होकर घूम रहा है। और मैं एक तिनके के सदृश उसी में इधर-उधर बह रही हूँ। कभी भँवर में चक्कर खाती हूँ, कभी लहरों में नीचे-ऊपर होती हूँ। कहीं कूल-किनारा नहीं।'",unresolved_unattributed,unresolved_speaker
Kankal,KANKAL_TURN_00200,3,52,KANKAL_CAND_00200,Unknown,REVIEW,low,unmatched_speaker,"'न घबड़ाओ तारा, भगवान् सबके सहायक हैं।'",unresolved_unattributed,unresolved_speaker
Kankal,KANKAL_TURN_00201,3,53,KANKAL_CAND_00201,Unknown,REVIEW,low,unmatched_speaker,"'तारा चलो, घर चलें।'",unresolved_unattributed,unresolved_speaker
Kankal,KANKAL_TURN_00202,3,53,KANKAL_CAND_00202,तारा,ATTRIBUTED,high,explicit_subject_match_तारा,'क्या सिर दर्द है?',explicit_attribution,none
Kankal,KANKAL_TURN_00203,3,54,KANKAL_CAND_00203,Unknown,REVIEW,low,unmatched_speaker,"'आज ब्यालू बनाने की आवश्यकता नहीं, जो कहो बाजार से लेता आऊँ।'",unresolved_unattributed,unresolved_speaker
Kankal,KANKAL_TURN_00204,3,55,KANKAL_CAND_00204,Unknown,REVIEW,low,unmatched_speaker,"'इस तरह कैसे चलेगा। मुझे क्या हुआ है, थोड़ा दूध ले आओ, तो खीर बना दूँ, कुछ पूरियाँ बची हैं।'",unresolved_unattributed,unresolved_speaker
Kankal,KANKAL_TURN_00205,3,57,KANKAL_CAND_00205,तारा,ATTRIBUTED,high,explicit_subject_match_तारा,"तारा सोचने लगी-मंगल मेरा कौन है, जो मैं इतनी आज्ञा देती हूँ। क्या वह मेरा कोई है। मन में सहसा बड़ी-बड़ी अभिलाषाएँ उदित हुईं और गंभीर आकाश के शून्य में ताराओं के समान डूब गई। वह चुप बैठी रही।",explicit_attribution,none
Kankal,KANKAL_TURN_00206,3,58,KANKAL_CAND_00206,Unknown,REVIEW,low,unmatched_speaker,'तारा आज तुम मेरे साथ ही बैठकर भोजन करो।',unresolved_unattributed,unresolved_speaker
Kankal,KANKAL_TURN_00207,3,60,KANKAL_CAND_00207,तारा,ATTRIBUTED,high,explicit_subject_match_तारा,"'कौन कहता है कि तारा मेरी नहीं है मैं भी उसी का हूँ। तुम्हारे हत्यारे समाज की मैं चिंता नहीं करता... वह देवी है। मैं उसकी सेवा करूँगा...नहीं-नहीं, उसे मुझसे न छीनो।'",explicit_attribution,flagged_modifier_phrase
Kankal,KANKAL_TURN_00208,3,62,KANKAL_CAND_00208,Unknown,REVIEW,low,unmatched_speaker,"'मेरी तारा, प्यारी तारा आओ!'",unresolved_unattributed,unresolved_speaker
Kankal,KANKAL_TURN_00209,3,66,KANKAL_CAND_00209,तारा,ATTRIBUTED,high,explicit_subject_match_तारा,"'तुम्हारा ब्याह जिस दिन होगा, उसी दिन जलपान करूँगी।'",explicit_attribution,flagged_modifier_phrase
Kankal,KANKAL_TURN_00210,3,67,KANKAL_CAND_00210,Unknown,REVIEW,low,unmatched_speaker,"'और जब तक न होगा, तुम मेरे यहाँ जल न पीओगी?'",unresolved_unattributed,unresolved_speaker
Kankal,KANKAL_TURN_00211,3,68,KANKAL_CAND_00211,Unknown,REVIEW,low,unmatched_speaker,'जब तक क्यों तुम क्यों विलम्ब करती हो?',unresolved_unattributed,unresolved_speaker
Kankal,KANKAL_TURN_00212,3,69,KANKAL_CAND_00212,Unknown,REVIEW,low,unmatched_speaker,'मैं ब्याह करने की आवश्यकता न समझूँ तो?',unresolved_unattributed,unresolved_speaker
Kankal,KANKAL_TURN_00213,3,70,KANKAL_CAND_00213,Unknown,REVIEW,low,unmatched_speaker,'यह तो असम्भव है। बहन आवश्यकता होती ही है।',unresolved_unattributed,unresolved_speaker
Kankal,KANKAL_TURN_00214,3,71,KANKAL_CAND_00214,तारा,ATTRIBUTED,high,explicit_subject_match_तारा,'क्या मंगलदेव ब्याह करने पर प्रस्तुत नहीं होते?',explicit_attribution,flagged_modifier_phrase
Kankal,KANKAL_TURN_00215,3,72,KANKAL_CAND_00215,Unknown,REVIEW,low,unmatched_speaker,'मैंने तो कभी प्रस्ताव किया नहीं।',unresolved_unattributed,unresolved_speaker
Kankal,KANKAL_TURN_00216,3,73,KANKAL_CAND_00216,Unknown,REVIEW,low,unmatched_speaker,"'मैं करूँगी बहन! संसार बड़ा खराब है। तुम्हारा उद्धार इसलिए नहीं हुआ है कि तुम यों ही पड़ी रहो! मंगल में यदि साहस नहीं है, तो दूसरा पात्र ढूँढ़ा जायेगा; परन्तु सावधान! तुम दोनों को इस तरह रहना कोई भी समाज हो, अच्छी आँखों से नहीं देखेगा। चाहे तुम दोनों कितने ही पवित्र हो!'",unresolved_unattributed,unresolved_speaker
Kankal,KANKAL_TURN_00217,3,74,KANKAL_CAND_00217,Unknown,REVIEW,low,unmatched_speaker,"'न देखे समाज भले ही, मैं किसी से कुछ चाहती तो नहीं; पर मैं अपने ब्याह का प्रस्ताव किसी से नहीं कर सकती।'",unresolved_unattributed,unresolved_speaker
Kankal,KANKAL_TURN_00218,3,75,KANKAL_CAND_00218,Unknown,REVIEW,low,unmatched_speaker,"'भूल है प्यारी बहन! हमारी स्त्रियों की जाति इसी में मारी जाती है। वे मुँह खोलकर सीधा-सादा प्रस्ताव नहीं कर सकतीं; परन्तु संकेतों से अपनी कुटिल अंग-भंगियों के द्वारा प्रस्ताव से अधिक करके पुरुषों को उत्साहित किया करती हैं। और बुरा न मानना, तब वे अपना सर्वस्व अनायास ही नष्ट कर देती हैं। ऐसी कितनी घटनाएँ जानी गयी हैं।'",unresolved_unattributed,unresolved_speaker
Kankal,KANKAL_TURN_00219,3,77,KANKAL_CAND_00219,मंगलदेव,ATTRIBUTED,high,explicit_subject_match_मंगलदेव,'आज यह क्या ले आये?',explicit_attribution,flagged_modifier_phrase
Kankal,KANKAL_TURN_00220,3,78,KANKAL_CAND_00220,Unknown,REVIEW,low,unmatched_speaker,'देख लो।',unresolved_unattributed,unresolved_speaker
Kankal,KANKAL_TURN_00221,3,79,KANKAL_CAND_00221,Unknown,REVIEW,low,unmatched_speaker,"गठरी खुली-साबुन, रूमाल, काँच की चूड़ियाँ, इतर और भी कुछ प्रसाधन के उपयोगी पदार्थ थे। तारा ने हँसते हुए उन्हें अपनाया।",unresolved_unattributed,unresolved_speaker
Kankal,KANKAL_TURN_00222,3,80,KANKAL_CAND_00222,Unknown,REVIEW,low,unmatched_speaker,"'आज समाज में चलो, उत्सव है। कपड़े बदल लो।'",unresolved_unattributed,unresolved_speaker
Kankal,KANKAL_TURN_00223,3,81,KANKAL_CAND_00223,तारा,ATTRIBUTED,high,explicit_subject_match_तारा,'तारा तो नहीं।',explicit_attribution,flagged_modifier_phrase
Kankal,KANKAL_TURN_00224,3,82,KANKAL_CAND_00224,Unknown,REVIEW,low,unmatched_speaker,'क्या तेरे बाबूजी नहीं जानते!',unresolved_unattributed,unresolved_speaker
Kankal,KANKAL_TURN_00225,3,84,KANKAL_CAND_00225,Unknown,REVIEW,low,unmatched_speaker,'अच्छा तू कहाँ है? मैं आऊँगी।',unresolved_unattributed,unresolved_speaker
Kankal,KANKAL_TURN_00226,3,85,KANKAL_CAND_00226,Unknown,REVIEW,low,unmatched_speaker,'लालाराम की बगीची में।',unresolved_unattributed,unresolved_speaker
Kankal,KANKAL_TURN_00227,3,86,KANKAL_CAND_00227,Unknown,REVIEW,low,flagged_invalid_token_लोग,चाची चली गयी। ये लोग समाज-भवन की ओर चले।,unresolved_pronoun_or_generic,unresolved_speaker
Kankal,KANKAL_TURN_00228,3,87,KANKAL_CAND_00228,तारा,ATTRIBUTED,high,explicit_subject_match_तारा,'आज खूब जल बरसेगा।',explicit_attribution,none
Kankal,KANKAL_TURN_00229,3,88,KANKAL_CAND_00229,Unknown,REVIEW,low,unmatched_speaker,"'बादल भींग रहे हैं, पवन रुका है। प्रेम का भी पूर्व रूप ऐसा ही होता है। तारा! मैं नहीं जानता था कि प्रेम-कादम्बिनी हमारे हृदयाकाश में कब से अड़ी थी और तुम्हारे सौन्दर्य का पवन उस पर घेरा डाले हुए था।'",unresolved_unattributed,unresolved_speaker
Kankal,KANKAL_TURN_00230,3,89,KANKAL_CAND_00230,Unknown,REVIEW,low,unmatched_speaker,"'मैं जानती थी। जिस दिन परिचय की पुनरावृत्ति हुई, मेरे खारे आँसुओं के प्रेमघन बन चुके थे। मन मतवाला हो गया था; परन्तु तुम्हारी सौम्य-संयत चेष्टा ने रोक रखा था; मैं मन-ही-मन महसूस कर जाती। और इसलिए मैंने तुम्हारी आज्ञा मानकर तुम्हें अपने जीवन के साथ उलझाने लगी थी।'",unresolved_unattributed,unresolved_speaker
Kankal,KANKAL_TURN_00231,3,90,KANKAL_CAND_00231,Unknown,REVIEW,low,unmatched_speaker,"'मैं नहीं जानता था, तुम इतनी चतुर हो। अजगर के श्वास में खिंचे हुए मृग के समान मैं तुम्हारी इच्छा के भीतर निगल लिया गया।'",unresolved_unattributed,unresolved_speaker
Kankal,KANKAL_TURN_00232,3,91,KANKAL_CAND_00232,Unknown,REVIEW,low,unmatched_speaker,'क्या तुम्हें इसका खेद है?',unresolved_unattributed,unresolved_speaker
Kankal,KANKAL_TURN_00233,3,92,KANKAL_CAND_00233,Unknown,REVIEW,low,unmatched_speaker,"'तनिक भी नहीं प्यारी तारा, हम दोनों इसलिए उत्पन्न हुए थे। अब मैं उचित समझता हूँ कि हम लोग समाज के प्रचलित नियमों में आबद्ध हो जायें, यद्यपि मेरी दृष्टि में सत्य-प्रेम के सामने उसका कुछ मूल्य नहीं।'",unresolved_unattributed,unresolved_speaker
Kankal,KANKAL_TURN_00234,3,93,KANKAL_CAND_00234,Unknown,REVIEW,low,unmatched_speaker,'जैसी तुम्हारी इच्छा।',unresolved_unattributed,unresolved_speaker
Kankal,KANKAL_TURN_00235,3,95,KANKAL_CAND_00235,Unknown,REVIEW,low,unmatched_speaker,'तारा तुमने यहाँ आकर अच्छा नहीं किया।',unresolved_unattributed,unresolved_speaker
Kankal,KANKAL_TURN_00236,3,96,KANKAL_CAND_00236,Unknown,REVIEW,low,unmatched_speaker,"'क्यों चाची! जहाँ अपने परिचित होते हैं, वहीं तो लोग जाते हैं। परन्तु दुर्नाम की अवस्था में उसे जगह से अलग जाना चाहिए।'",unresolved_unattributed,unresolved_speaker
Kankal,KANKAL_TURN_00237,3,98,KANKAL_CAND_00237,Unknown,REVIEW,low,unmatched_speaker,"'नहीं-नहीं, भला ऐसा भी कोई कहेगा।'",unresolved_unattributed,unresolved_speaker
Kankal,KANKAL_TURN_00238,3,99,KANKAL_CAND_00238,Unknown,REVIEW,low,unmatched_speaker,"'पिताजी ने मेरा तिरस्कार किया, मैं क्या करती चाची।'",unresolved_unattributed,unresolved_speaker
Kankal,KANKAL_TURN_00239,3,100,KANKAL_CAND_00239,Unknown,REVIEW,low,unmatched_speaker,'न रो तारा!',unresolved_unattributed,unresolved_speaker
Kankal,KANKAL_TURN_00240,3,101,KANKAL_CAND_00240,तारा,ATTRIBUTED,high,explicit_subject_match_तारा,"'क्या यह प्रेम ठहरेगा तारा, मैं इसलिए चिन्तित हो रही हूँ, ऐसे बहुत से प्रेमी संसार में मिलते हैं; पर निभाने वाले बहुत कम होते हैं। मैंने तेरी माँ को ही देखा है।'",explicit_attribution,flagged_modifier_phrase
Kankal,KANKAL_TURN_00241,3,101,KANKAL_CAND_00241,Unknown,REVIEW,low,unmatched_speaker,"'अच्छा चाची! मेरे ब्याह में आना। भला और कोई नहीं, तो तुम तो अकेली अभागिन पर दया करना।'",unresolved_unattributed,flagged_false_positive_token_वह;unresolved_speaker
Kankal,KANKAL_TURN_00242,3,102,KANKAL_CAND_00242,Unknown,REVIEW,low,unmatched_speaker,'कब है अच्छा-अच्छा आऊँगी।',unresolved_unattributed,flagged_false_positive_token_वह;unresolved_speaker
Kankal,KANKAL_TURN_00243,3,105,KANKAL_CAND_00243,मंगलदेव,REVIEW,high,explicit_subject_match_मंगलदेव,'हूँ',explicit_attribution,flagged_modifier_phrase;short_fragment;short_fragment
Kankal,KANKAL_TURN_00244,3,105,KANKAL_CAND_00244,Unknown,REVIEW,low,flagged_invalid_token_सहसा,"'परन्तु यह ब्याह होगा किस रीत से मैं जो लिखा रही हूँ, वह तो पुरानी चाल के ब्याह के लिए है।'",unresolved_pronoun_or_generic,unresolved_speaker
Kankal,KANKAL_TURN_00245,3,106,KANKAL_CAND_00245,Unknown,REVIEW,low,unmatched_speaker,'क्या ब्याह भी कई चाल के होते हैं?',unresolved_unattributed,unresolved_speaker
Kankal,KANKAL_TURN_00246,3,107,KANKAL_CAND_00246,Unknown,REVIEW,low,unmatched_speaker,'क्यों नहीं।',unresolved_unattributed,unresolved_speaker
Kankal,KANKAL_TURN_00247,3,108,KANKAL_CAND_00247,Unknown,REVIEW,low,unmatched_speaker,"'मैं क्या जानूँ, आर्य-समाज के कुछ लोग उस दिन निमंत्रित होंगे और वही लोग उसे करवायेंगे। हाँ, उसमें पूजा का टंट-घंट वैसा न होगा, और सब तो वैसा ही होगा।'",unresolved_unattributed,unresolved_speaker
Kankal,KANKAL_TURN_00248,3,109,KANKAL_CAND_00248,Unknown,REVIEW,low,unmatched_speaker,'ठीक है।',unresolved_unattributed,unresolved_speaker
Kankal,KANKAL_TURN_00249,3,109,KANKAL_CAND_00249,Unknown,REVIEW,low,unmatched_speaker,'ऐसे वर-वधू का ब्याह और किस रीति से होगा।',unresolved_unattributed,unresolved_speaker
Kankal,KANKAL_TURN_00250,3,110,KANKAL_CAND_00250,Unknown,REVIEW,low,unmatched_speaker,"'क्यों आश्चर्य से मंगल उसका मुँह देखने लगा। चाची के मुँह पर उस समय बड़ा विचित्र भाव था। विलास-भरी आँखें, मचलती हुई हँसी देखकर मंगल को स्वयं संकोच होने लगा। कुत्सित स्त्रियों के समान वह दिल्लगी के स्वर में बोली, '",unresolved_unattributed,unresolved_speaker
Kankal,KANKAL_TURN_00251,3,111,KANKAL_CAND_00251,Unknown,REVIEW,low,unmatched_speaker,'चाची!',unresolved_unattributed,flagged_false_positive_token_वह;unresolved_speaker
Kankal,KANKAL_TURN_00252,3,112,KANKAL_CAND_00252,Unknown,REVIEW,low,unmatched_speaker,"'सच कहती हूँ, दो महीने से अधिक नहीं टले हैं।'",unresolved_unattributed,unresolved_speaker
Kankal,KANKAL_TURN_00253,3,113,KANKAL_CAND_00253,Unknown,REVIEW,low,unmatched_speaker,"'चाची, हम लोगों का सब रहस्य तुम जानती हो तो तुमसे बढ़कर हम लोगों का शुभचिन्तक और मित्र कौन हो सकता है, अब जैसा तुम कहो वैसा करें।'",unresolved_unattributed,unresolved_speaker
Kankal,KANKAL_TURN_00254,3,114,KANKAL_CAND_00254,विजय,ATTRIBUTED,high,explicit_subject_match_विजय,"'ऐसा प्रायः होता है। तारा की माँ ही कौन कहीं की भण्डारजी की ब्याही धर्मपत्नी थी! मंगल, तुम इसकी चिंता मत करो, ब्याह शीघ्र कर लो, फिर कोई न बोलेगा। खोजने में ऐसों की संख्या भी संसार में कम न होगी।'",explicit_attribution,none
Kankal,KANKAL_TURN_00255,3,115,KANKAL_CAND_00255,तारा,ATTRIBUTED,high,explicit_subject_match_तारा,"'तारा, ब्याह के लिए परसों का दिन अच्छा है। और देखो, तुम नहीं जानती हो कि तुमने अपने पेट में एक जीव को बुला लिया है; इसलिए ब्याह का हो जाना अत्यन्त आवश्यक है।'",explicit_attribution,flagged_modifier_phrase
Kankal,KANKAL_TURN_00256,3,117,KANKAL_CAND_00256,तारा,ATTRIBUTED,high,explicit_subject_match_तारा,'कौन दिन ठीक हुआ?',explicit_attribution,none
Kankal,KANKAL_TURN_00257,3,118,KANKAL_CAND_00257,Unknown,REVIEW,low,unmatched_speaker,'परसों। फिर वह अपना कोट पहनने हुए उपवन के बाहर हो गया।?',unresolved_unattributed,unresolved_speaker
Kankal,KANKAL_TURN_00258,3,119,KANKAL_CAND_00258,तारा,ATTRIBUTED,high,explicit_subject_match_तारा,तारा सोचने लगी-क्या सचमुच मैं एक बच्चे की माँ हो चली हूँ। यदि ऐसा हुआ तो क्या होगा। मंगल का प्रेम ही रहेगा-वह सोचते-सोचते लेट गयी। सामान बिखरे रहे।,explicit_attribution,none
Kankal,KANKAL_TURN_00259,3,121,KANKAL_CAND_00259,मंगलदेव,ATTRIBUTED,high,explicit_subject_match_मंगलदेव,'इस गाड़ी से बनारस पहुँच सकता हूँ?',explicit_attribution,flagged_modifier_phrase
Kankal,KANKAL_TURN_00260,3,122,KANKAL_CAND_00260,Unknown,REVIEW,low,unmatched_speaker,"'हाँ, लसकर में बदलकर, वहाँ दूसरी ट्रेन तैयार मिलेगी।'",unresolved_unattributed,unresolved_speaker
Kankal,KANKAL_TURN_00261,3,125,KANKAL_CAND_00261,तारा,ATTRIBUTED,high,explicit_subject_match_तारा,"तारा का कलेजा धक-धक करने लगा। वह न जाने किस अनागत भय से डरने लगी! रोने-रोने हो रही थी। परन्तु मंगल में रोना नहीं चाहिए, वह खुलकर न रो सकती थी।",explicit_attribution,none
Kankal,KANKAL_TURN_00262,3,126,KANKAL_CAND_00262,Unknown,REVIEW,low,unmatched_speaker,"'वह भाग न जाता तो क्या करता, तीन महीने का गर्भ वह अपने सिर पर ओढ़कर ब्याह करता?'",unresolved_unattributed,flagged_false_positive_token_एक;unresolved_speaker
Kankal,KANKAL_TURN_00263,3,127,KANKAL_CAND_00263,Unknown,REVIEW,low,unmatched_speaker,"'ऐ परमात्मन्, यह भी है।'",unresolved_unattributed,unresolved_speaker
Kankal,KANKAL_TURN_00264,3,128,KANKAL_CAND_00264,तारा,ATTRIBUTED,high,explicit_subject_match_तारा,"तारा सपना देख रही थी-झूले के पुल पर वह चल रही है। भीषण पर्वत-श्रेणी! ऊपर और नीचे भयानक खड्ड! वह पैर सम्हालकर चल रही है। मंगलदेव पुल के उस पार खड़ा बुला रहा है। नीचे वेग से नदी बह रही है। बरफ के बादल घिर रहे हैं। अचानक बिजली कड़की, पुल टूटा, तारा भयानक वेग ने नीचे गिर पड़ी। वह चिल्लाकर जाग गयी। देखा, तो चाची उसका सिर सहला रही है। वह चाची की गोद में सिर रखकर सिसकने लगी।",explicit_attribution,none
Kankal,KANKAL_TURN_00265,4,2,KANKAL_CAND_00265,तारा,ATTRIBUTED,high,explicit_subject_match_तारा,"'तारा, कैसी हो?'",explicit_attribution,none
Kankal,KANKAL_TURN_00266,4,3,KANKAL_CAND_00266,Unknown,REVIEW,low,unmatched_speaker,"'क्या बताऊँ चाची, कैसी हूँ! भगवान जानते हैं, कैसी बीत रही है!'",unresolved_unattributed,unresolved_speaker
Kankal,KANKAL_TURN_00267,4,4,KANKAL_CAND_00267,Unknown,REVIEW,low,unmatched_speaker,'यह सब तुम्हारी चाल से हुआ।',unresolved_unattributed,unresolved_speaker
Kankal,KANKAL_TURN_00268,4,5,KANKAL_CAND_00268,Unknown,REVIEW,low,unmatched_speaker,'सो तो ठीक कह रही हो।',unresolved_unattributed,unresolved_speaker
Kankal,KANKAL_TURN_00269,4,6,KANKAL_CAND_00269,Unknown,REVIEW,low,unmatched_speaker,"'नहीं, बुरा न मानना। देखो यदि मुझे पहले ही तुम अपना हाल कह देतीं, तो मैं ऐसा उपाय कर देती कि यह सब विपत्ति ही न आने पाती।'",unresolved_unattributed,unresolved_speaker
Kankal,KANKAL_TURN_00270,4,7,KANKAL_CAND_00270,Unknown,REVIEW,low,unmatched_speaker,'कौन उपाय चाची?',unresolved_unattributed,unresolved_speaker
Kankal,KANKAL_TURN_00271,4,8,KANKAL_CAND_00271,Unknown,REVIEW,low,unmatched_speaker,"'वही जब दो महीने का था, उसका प्रबन्ध हो जाता। किसी को कानो-कान खबर भी न होती। फिर तुम और मंगल एक बने रहते।'",unresolved_unattributed,unresolved_speaker
Kankal,KANKAL_TURN_00272,4,9,KANKAL_CAND_00272,Unknown,REVIEW,low,unmatched_speaker,"'पर क्या इसी के लिए मंगल भाग गया? कदापि नहीं, उसके मन से मेरा प्रेम ही चला गया। चाची, जो बिना किसी लोभ के मेरी इतनी सहायता करता था, वह मुझे इस निस्सहाय अवस्था में इसलिए छोड़कर कभी नहीं जाता। इसमें काई दूसरा ही कारण है।'",unresolved_unattributed,unresolved_speaker
Kankal,KANKAL_TURN_00273,4,10,KANKAL_CAND_00273,Unknown,REVIEW,low,unmatched_speaker,"'होगा, पर तुम्हें यह दुःख देखना न पड़ता और उसके चले जाने पर भी एक बार मैंने तुमसे संकेत किया; पर तुम्हारी इच्छा न देखकर मैं कुछ न बोली। नहीं तो अब तक मोहनदास तुम्हारे पैरों पर नाक रगड़ता। वह कई बार मुझसे कह भी चुका है।'",unresolved_unattributed,unresolved_speaker
Kankal,KANKAL_TURN_00274,4,11,KANKAL_CAND_00274,Unknown,REVIEW,low,unmatched_speaker,"'बस करो चाची, मुझसे ऐसी बातें न करो। यदि ऐसा ही करना होगा, तो मैं किसी कोठे पर जा बैठूँगी; पर यह टट्टी की ओट में शिकार करना नहीं जानती। तारा ने ये बातें कुछ क्रोध में कहीं। चाची का पारा चढ़ गया। उसने बिगड़कर कहा, '",unresolved_unattributed,unresolved_speaker
Kankal,KANKAL_TURN_00275,4,12,KANKAL_CAND_00275,तारा,ATTRIBUTED,high,explicit_subject_match_तारा,"'रो मत राँड़ कहीं की। जा हट, अपना दूसरा उपाय देख। मैं सहायता भी करूँ और बातें भी सुनूँ, यह नहीं हो सकता। कल मेरी कोठरी खाली कर देना। नहीं तो झाड़ू मारकर निकाल दूँगी।'",explicit_attribution,flagged_modifier_phrase
Kankal,KANKAL_TURN_00276,4,15,KANKAL_CAND_00276,Unknown,REVIEW,low,unmatched_speaker,"'तुक कौन हो, जो मेरे मरने का भी सुख छीनना चाहते हो?'",unresolved_unattributed,flagged_false_positive_token_एक;unresolved_speaker
Kankal,KANKAL_TURN_00277,4,16,KANKAL_CAND_00277,Unknown,REVIEW,low,unmatched_speaker,"'अधर्म होगा, आत्महत्या पाप है?'",unresolved_unattributed,unresolved_speaker
Kankal,KANKAL_TURN_00278,4,17,KANKAL_CAND_00278,Unknown,REVIEW,low,unmatched_speaker,"'पाप कहाँ! पुण्य किसका नाम है मैं नहीं जानती। सुख खोजती रही, दुख मिला; दुःख ही यदि पाप है, तो मैं उससे छूटकर सुख की मौत मर रही हूँ-पुण्य कर रही हूँ, करने दो!'",unresolved_unattributed,unresolved_speaker
Kankal,KANKAL_TURN_00279,4,18,KANKAL_CAND_00279,Unknown,REVIEW,low,unmatched_speaker,"'तुमको अकेले मरने का अधिकार चाहे हो भी; पर एक जीव-हत्या तुम और करने जा रही हो, वह नहीं होगा। चलो तुम अभी, यही पर्णशाला है, उसमें रात भर विश्राम करो। प्रातःकाल मेरा शिष्य आवेगा और तुम्हें अस्पताल ले जायेगा। वहाँ तुम अन्न चिंता से भी निश्चिन्त रहोगी। बालक उत्पन्न होने पर तुम स्वतंन्त्र हो, जहाँ चाहे चली जाना।'",unresolved_unattributed,unresolved_speaker
Kankal,KANKAL_TURN_00280,4,20,KANKAL_CAND_00280,Unknown,REVIEW,low,unmatched_speaker,'लो कुछ खा लो।',unresolved_unattributed,unresolved_speaker
Kankal,KANKAL_TURN_00281,4,21,KANKAL_CAND_00281,Unknown,REVIEW,low,unmatched_speaker,'अभी मेरी इच्छा नहीं।',unresolved_unattributed,unresolved_speaker
Kankal,KANKAL_TURN_00282,4,22,KANKAL_CAND_00282,Unknown,REVIEW,low,unmatched_speaker,"'तो क्या कोई तुम्हारी लौंड़ी लगी है, जो ठहरकर ले आवेगी। लेना हो तो अभी ले ले।'",unresolved_unattributed,unresolved_speaker
Kankal,KANKAL_TURN_00283,4,23,KANKAL_CAND_00283,Unknown,REVIEW,low,unmatched_speaker,'मुझे भूख नहीं दाई!',unresolved_unattributed,unresolved_speaker
Kankal,KANKAL_TURN_00284,4,24,KANKAL_CAND_00284,Unknown,REVIEW,low,unmatched_speaker,'क्यों आज क्या है?',unresolved_unattributed,unresolved_speaker
Kankal,KANKAL_TURN_00285,4,25,KANKAL_CAND_00285,Unknown,REVIEW,low,unmatched_speaker,'पेट में बड़ा दर्द हो रहा है।',unresolved_unattributed,unresolved_speaker
Kankal,KANKAL_TURN_00286,5,3,KANKAL_CAND_00286,श्रीचन्द्र,ATTRIBUTED,high,explicit_subject_match_श्रीचन्द्र,"श्रीचन्द्र अपने कार-बार में लग गये, वैभव का परदा बहुत मोटा होता है।",explicit_attribution,none
Kankal,KANKAL_TURN_00287,5,6,KANKAL_CAND_00287,निरंजन,ATTRIBUTED,high,explicit_subject_match_देवनिरंजन,"'भगवान सर्वभूत हिते रत हैं, संसार-यात्रा गार्हस्थ्य जीवन में ही भगवान् की सर्वभूतहित कामना के अनुसार हो सकती है। दुखियों की सहायता करना, सुखी लोगों को देखकर प्रसन्न होना, सबकी मंगलकामना करना, यह साकार उपासना के प्रवृत्ति-मार्ग के ही साध्य हैं।'",explicit_attribution,flagged_modifier_phrase
Kankal,KANKAL_TURN_00288,5,7,KANKAL_CAND_00288,किशोरी,ATTRIBUTED,high,explicit_subject_match_किशोरी,"किशोरी अपने पति को भूल-सी गयी। जब रुपयों का बीमा आता, तब ऐसा भासता, मानो उसका कोई मुनीम अमृतसर का कार-बार देखता हो और उसे कोठी से लाभ का अंश भेजा करता हो। घर के काम-काज में वह बड़ी चतुर थी। अमृतसर के आये हुए सब रुपये उसके बचते थे। उसमें बराबर स्थावर सम्पत्ति खरीदी जाने लगी। किशोरी को किसी बात की कमी न रह गयी।",explicit_attribution,none
Kankal,KANKAL_TURN_00289,5,9,KANKAL_CAND_00289,Unknown,REVIEW,low,unmatched_speaker,विद्यालय के समाने शस्य-श्यामल समतल भूमि पर छात्रों का झुंड इधर-उधर घूम रहा था। दस बजने में कुछ विलम्ब था। शीतकाल की धूप छोड़कर क्लास के कमरों में घुसने के लिए अभी विद्यार्थी प्रस्तुत न थे।,unresolved_unattributed,unresolved_speaker
Kankal,KANKAL_TURN_00290,5,10,KANKAL_CAND_00290,Unknown,REVIEW,low,unmatched_speaker,'विजय ही तो है।',unresolved_unattributed,unresolved_speaker
Kankal,KANKAL_TURN_00291,5,11,KANKAL_CAND_00291,Unknown,REVIEW,low,unmatched_speaker,"'घोड़ा उसके वश में नहीं है, अब गिरा ही चाहता है।'",unresolved_unattributed,unresolved_speaker
Kankal,KANKAL_TURN_00292,5,13,KANKAL_CAND_00292,विजय,ATTRIBUTED,high,explicit_subject_match_विजय,'आप यहाँ कितने दिनों से हैं?',explicit_attribution,flagged_modifier_phrase
Kankal,KANKAL_TURN_00293,5,14,KANKAL_CAND_00293,Unknown,REVIEW,low,unmatched_speaker,'थोड़े ही दिन हुए हैं?',unresolved_unattributed,unresolved_speaker
Kankal,KANKAL_TURN_00294,5,15,KANKAL_CAND_00294,Unknown,REVIEW,low,unmatched_speaker,'यह किस लिपि का लेख है?',unresolved_unattributed,unresolved_speaker
Kankal,KANKAL_TURN_00295,5,16,KANKAL_CAND_00295,Unknown,REVIEW,low,unmatched_speaker,'मैंने पाली का अध्ययन किया है।',unresolved_unattributed,unresolved_speaker
Kankal,KANKAL_TURN_00296,5,18,KANKAL_CAND_00296,Unknown,REVIEW,low,unmatched_speaker,'चोट तो नहीं लगी?',unresolved_unattributed,unresolved_speaker
Kankal,KANKAL_TURN_00297,5,19,KANKAL_CAND_00297,विजय,ATTRIBUTED,high,explicit_subject_match_विजय,"'आपने ठीक समय पर सहायता की, नहीं तो आज अंग-भंग होना निश्चित था।'",explicit_attribution,none
Kankal,KANKAL_TURN_00298,5,20,KANKAL_CAND_00298,Unknown,REVIEW,low,unmatched_speaker,"'वाह, इस साधारण आतंक में ही तुम अपने को नहीं सँभाल सकते थे, अच्छे सवार हो!'",unresolved_unattributed,unresolved_speaker
Kankal,KANKAL_TURN_00299,5,21,KANKAL_CAND_00299,Unknown,REVIEW,low,unmatched_speaker,'किस शुभनाम से आपका स्मरण करूँगा?',unresolved_unattributed,unresolved_speaker
Kankal,KANKAL_TURN_00300,5,22,KANKAL_CAND_00300,Unknown,REVIEW,low,unmatched_speaker,"'तुम विचित्र जीव हो, स्मरण करने की आवश्यकता क्या, मैं तो प्रतिदिन तुमसे मिल सकता हूँ।'",unresolved_unattributed,unresolved_speaker
Kankal,KANKAL_TURN_00301,5,23,KANKAL_CAND_00301,विजय,ATTRIBUTED,high,explicit_subject_match_विजय,'आपके यहाँ आने में कोई बाधा तो नहीं।',explicit_attribution,flagged_modifier_phrase
Kankal,KANKAL_TURN_00302,5,24,KANKAL_CAND_00302,Unknown,REVIEW,low,unmatched_speaker,"'मंगलदेव की कोठरी में आने के लिए किसी को भी रोक-टोक नहीं, फिर तुम तो आज से मेरे अभिन्न हो गये हो!'",unresolved_unattributed,unresolved_speaker
Kankal,KANKAL_TURN_00303,5,26,KANKAL_CAND_00303,Unknown,REVIEW,low,unmatched_speaker,"कभी-कभी होस्टल से मंगलदेव विजय के घर पर आ जाता, वहाँ से घर का-सा सुख मिलता। स्नेह-सरल स्नेह ने उन दोनों के जीवन में गाँठ दे दी।",unresolved_unattributed,unresolved_speaker
Kankal,KANKAL_TURN_00304,5,29,KANKAL_CAND_00304,विजय,ATTRIBUTED,high,explicit_subject_match_विजय,'क्या बात है?',explicit_attribution,none
Kankal,KANKAL_TURN_00305,5,30,KANKAL_CAND_00305,Unknown,REVIEW,low,unmatched_speaker,'आज का भण्डारा है।',unresolved_unattributed,unresolved_speaker
Kankal,KANKAL_TURN_00306,5,31,KANKAL_CAND_00306,किशोरी,ATTRIBUTED,high,explicit_subject_match_किशोरी,"'आज न जा, साधुओं का भोजन है, उनकी सेवा...।'",explicit_attribution,flagged_modifier_phrase
Kankal,KANKAL_TURN_00307,5,32,KANKAL_CAND_00307,विजय,ATTRIBUTED,high,explicit_subject_match_विजय,"'आज फुटबॉल है, मुझे शीघ्र जाना है।'",explicit_attribution,none
Kankal,KANKAL_TURN_00308,5,34,KANKAL_CAND_00308,Unknown,REVIEW,low,unmatched_speaker,"'बाबूजी, आज भी भोजन न कीजियेगा।'",unresolved_unattributed,flagged_false_positive_token_वह;unresolved_speaker
Kankal,KANKAL_TURN_00309,5,35,KANKAL_CAND_00309,Unknown,REVIEW,low,unmatched_speaker,'नहीं।',unresolved_unattributed,unresolved_speaker
Kankal,KANKAL_TURN_00310,5,36,KANKAL_CAND_00310,विजय,ATTRIBUTED,high,explicit_subject_match_विजय,'क्यों क्या। आज जी नहीं आज तीसरा दिन है।',explicit_attribution,none
Kankal,KANKAL_TURN_00311,5,37,KANKAL_CAND_00311,Unknown,REVIEW,low,unmatched_speaker,"'देखिये बाबूजी, तीन दिन हो गये, कोई दवा भी नहीं करते, न कुछ खाते ही हैं।'",unresolved_unattributed,flagged_false_positive_token_नौकर;unresolved_speaker
Kankal,KANKAL_TURN_00312,5,38,KANKAL_CAND_00312,विजय,ATTRIBUTED,high,explicit_subject_match_विजय,'ज्वर तो नहीं है।',explicit_attribution,none
Kankal,KANKAL_TURN_00313,5,39,KANKAL_CAND_00313,विजय,ATTRIBUTED,high,explicit_subject_match_विजय,'क्या सचमुच कोई बीमारी है?',explicit_attribution,flagged_modifier_phrase
Kankal,KANKAL_TURN_00314,5,40,KANKAL_CAND_00314,मंगलदेव,ATTRIBUTED,high,explicit_subject_match_मंगलदेव,'बिना बीमारी के भी कोई यों ही पड़ा रहता है।',explicit_attribution,none
Kankal,KANKAL_TURN_00315,5,41,KANKAL_CAND_00315,Unknown,REVIEW,low,unmatched_speaker,"'मेरे सिर की सौगन्ध, कोई बीमारी नहीं है, तुम उठो, आज मैं तुम्हें निमंत्रण देने आया हूँ, मेरे यहाँ चलना होगा।'",unresolved_unattributed,unresolved_speaker
Kankal,KANKAL_TURN_00316,5,42,KANKAL_CAND_00316,Unknown,REVIEW,low,unmatched_speaker,'आज तो मैं तुम्हारे यहाँ ही पथ्य लेने वाला था। यहाँ के लोग पथ्य बनाना नहीं जानते। तीन दिन के बाद इनके हाथ का भोजन बिल्कुल असंगत है।',unresolved_unattributed,unresolved_speaker
Kankal,KANKAL_TURN_00317,5,43,KANKAL_CAND_00317,विजय,ATTRIBUTED,high,explicit_subject_match_विजय,'बाबू के लिए जल्दी चाय ले आओ।',explicit_attribution,flagged_modifier_phrase
Kankal,KANKAL_TURN_00318,5,44,KANKAL_CAND_00318,विजय,ATTRIBUTED,high,explicit_subject_match_विजय,"'क्या करते हो विजय ने बिस्तर बाँधते हुए कहा, '",explicit_attribution,flagged_modifier_phrase
Kankal,KANKAL_TURN_00319,5,45,KANKAL_CAND_00319,विजय,ATTRIBUTED,high,explicit_subject_match_विजय,"'यह क्या फिर साथ ही लिपटा हुआ एक भोजपत्र भी उसके हाथ लगा। दोनों को देखकर मंगल ने कहा, '",explicit_attribution,flagged_modifier_phrase
Kankal,KANKAL_TURN_00320,5,46,KANKAL_CAND_00320,विजय,ATTRIBUTED,high,explicit_subject_match_विजय,"'अच्छा, मैं ताँगा ले आने जाता हूँ।'",explicit_attribution,none
Kankal,KANKAL_TURN_00321,5,52,KANKAL_CAND_00321,विजय,ATTRIBUTED,high,explicit_subject_match_विजय,"'यही तो इस पुण्य धर्म का दृश्य है! क्यों मंगल! क्या और भी किसी देश में इसी प्रकार का धर्म-संचय होता है जिन्हें आवश्यकता नहीं, उनको बिठाकर आदर से भोजन कराया जाये, केवल इस आशा से कि परलोक में वे पुण्य-संचय का प्रमाण-पत्र देंगे, साक्षी देंगे और इन्हें, जिन्हें पेट ने सता रखा है, जिनको भूख ने अधमरा बना दिया है, जिनकी आवश्यकता नंगी होकर वीभत्स नृत्य कर रही है-वे मनुष्य कुत्तों के साथ जूठी पत्तलों के लिए लड़ें, यही तो तुम्हारे धर्म का उदाहरण है!'",explicit_attribution,none
Kankal,KANKAL_TURN_00322,5,53,KANKAL_CAND_00322,किशोरी,ATTRIBUTED,high,explicit_subject_match_किशोरी,'कुछ खाओगी।',explicit_attribution,flagged_modifier_phrase
Kankal,KANKAL_TURN_00323,5,54,KANKAL_CAND_00323,Unknown,REVIEW,low,unmatched_speaker,"'हाँ, मैं भूखी अनाथ हूँ।'",unresolved_unattributed,unresolved_speaker
Kankal,KANKAL_TURN_00324,5,55,KANKAL_CAND_00324,Unknown,REVIEW,low,unmatched_speaker,"'दुखी न हो, तुम यहीं रहा करो।'",unresolved_unattributed,unresolved_speaker
Kankal,KANKAL_TURN_00325,5,56,KANKAL_CAND_00325,Unknown,REVIEW,low,unmatched_speaker,"'फिर मुँह छिपाकर पड़ गए! उठो, मैं अपने बनाये हुए कुछ चित्र दिखाऊँ।'",unresolved_unattributed,unresolved_speaker
Kankal,KANKAL_TURN_00326,5,57,KANKAL_CAND_00326,Unknown,REVIEW,low,unmatched_speaker,'बोलो मत विजय! कई दिन के बाद भोजन करने पर आलस्य मालूम हो रहा है।',unresolved_unattributed,unresolved_speaker
Kankal,KANKAL_TURN_00327,5,58,KANKAL_CAND_00327,Unknown,REVIEW,low,unmatched_speaker,'पड़े रहने से तो और भी सुस्ती बढ़ेगी।',unresolved_unattributed,unresolved_speaker
Kankal,KANKAL_TURN_00328,5,59,KANKAL_CAND_00328,Unknown,REVIEW,low,unmatched_speaker,'मैं कुछ घण्टों तक सोना चाहता हूँ।',unresolved_unattributed,unresolved_speaker
Kankal,KANKAL_TURN_00329,5,62,KANKAL_CAND_00329,विजय,ATTRIBUTED,high,explicit_subject_match_विजय,'एक प्रश्न है।',explicit_attribution,none
Kankal,KANKAL_TURN_00330,5,63,KANKAL_CAND_00330,Unknown,REVIEW,low,unmatched_speaker,"'प्रत्येक प्रश्न के उत्तर भी हैं, कहो भी।'",unresolved_unattributed,unresolved_speaker
Kankal,KANKAL_TURN_00331,5,65,KANKAL_CAND_00331,Unknown,REVIEW,low,unmatched_speaker,"'नहीं विजय, मुझे उस सोने की आवश्यकता थी।'",unresolved_unattributed,unresolved_speaker
Kankal,KANKAL_TURN_00332,5,65,KANKAL_CAND_00332,Unknown,REVIEW,low,unmatched_speaker,'क्यों?',unresolved_unattributed,unresolved_speaker
Kankal,KANKAL_TURN_00333,5,66,KANKAL_CAND_00333,Unknown,REVIEW,low,unmatched_speaker,"'इसके लिए घण्टों का समय चाहिए, तब तुम समझ सकोगे। अपनी वह रामकहानी पीछे सुनाऊँगा, इस समय केवल इतना ही कहे देता हूँ कि मेरे पास एक भी पैसा न था, और तीन दिन इसीलिए मैंने भोजन भी नहीं किया। तुमसे यह कहने में मुझे लज्जा नहीं।'",unresolved_unattributed,unresolved_speaker
Kankal,KANKAL_TURN_00334,5,67,KANKAL_CAND_00334,Unknown,REVIEW,low,unmatched_speaker,'यह तो बड़े आश्चर्य की बात है!',unresolved_unattributed,unresolved_speaker
Kankal,KANKAL_TURN_00335,5,68,KANKAL_CAND_00335,Unknown,REVIEW,low,unmatched_speaker,'आश्चर्य इसमें कौन-सा अभी तुमने देखा है कि इस देश की दरिद्रता कैसी विकट है-कैसी नृशंस है! कितने ही अनाहार से मरते हैं! फिर मेरे लिए आश्चर्य क्यों इसलिए कि मैं तुम्हारा मित्र हूँ?',unresolved_unattributed,unresolved_speaker
Kankal,KANKAL_TURN_00336,5,69,KANKAL_CAND_00336,Unknown,REVIEW,low,unmatched_speaker,"'मंगलदेव! दुहाई है, घण्टों नहीं मैं रात-भर सुनूँगा। तुम अपना रहस्यपूर्ण वृत्तांत सुनाओ। चलो, कमरे में चलें। यहाँ ठंड लग रही है।'",unresolved_unattributed,unresolved_speaker
Kankal,KANKAL_TURN_00337,5,70,KANKAL_CAND_00337,Unknown,REVIEW,low,unmatched_speaker,"'भीतर तो बैठे ही थे, फिर यहाँ आने की क्या आवश्यकता थी अच्छा चलो; परन्तु एक प्रतिज्ञा करनी होगी।'",unresolved_unattributed,unresolved_speaker
Kankal,KANKAL_TURN_00338,5,71,KANKAL_CAND_00338,Unknown,REVIEW,low,unmatched_speaker,'मेरा सोना बेचकर कुछ दिनों के लिए मुझे निश्चिन्त बना दो।',unresolved_unattributed,unresolved_speaker
Kankal,KANKAL_TURN_00339,5,72,KANKAL_CAND_00339,Unknown,REVIEW,low,unmatched_speaker,'अच्छा भीतर तो चलो।',unresolved_unattributed,unresolved_speaker
Kankal,KANKAL_TURN_00340,5,73,KANKAL_CAND_00340,Unknown,REVIEW,low,unmatched_speaker,"'विजय, एक दुखिया स्त्री आयी है, मुझे आवश्यकता भी है, तू कहे तो उसे रख लूँ।'",unresolved_unattributed,unresolved_speaker
Kankal,KANKAL_TURN_00341,5,74,KANKAL_CAND_00341,Unknown,REVIEW,low,unmatched_speaker,'अच्छी बात है माँ! वही ना जो बेहोश हो गयी थी!',unresolved_unattributed,unresolved_speaker
Kankal,KANKAL_TURN_00342,5,75,KANKAL_CAND_00342,Unknown,REVIEW,low,unmatched_speaker,"'हाँ वही, बिल्कुल अनाथ है।'",unresolved_unattributed,unresolved_speaker
Kankal,KANKAL_TURN_00343,5,76,KANKAL_CAND_00343,Unknown,REVIEW,low,unmatched_speaker,'उसे अवश्य रख लो।',unresolved_unattributed,unresolved_speaker
Kankal,KANKAL_TURN_00344,5,76,KANKAL_CAND_00344,मंगलदेव,ATTRIBUTED,high,explicit_subject_match_मंगलदेव,'अब कहो!',explicit_attribution,flagged_modifier_phrase
Kankal,KANKAL_TURN_00345,5,77,KANKAL_CAND_00345,मंगलदेव,REVIEW,high,explicit_subject_match_मंगलदेव,"'मुझे एक अनाथालय से सहायता मिलती थी, और मैं पढ़ता था। मेरे घर कोई है कि नहीं यह भी मुझे मालूम नही; पर जब मै सेवा समिति के काम से पढ़ाई छोड़कर हरद्वार चला गया, तब मेरी वृत्ति बंद हो गयी। मैं घर लौट आया। आर्यसमाज से भी मेरा कुछ सम्पर्क था; परन्तु मैंने देखा कि वह खण्डनात्मक है; समाज में केवल इसी से काम नहीं चलता। मैंने भारतीय समाज का ऐतिहासिक अध्ययन करना चाहा और इसलिए पाली, प्राकृत का पाठ्यक्रम स्थिर किया। भारतीय धर्म और समाज का इतिहास तब तक अधूरा रहेगा, जब तक पाली और प्राकृत का उससे सम्बन्ध न हो; परन्तु मैं बहुत चेष्टा करके भी सहायता प्राप्त न कर सका, क्योंकि सुनता हूँ कि वह अनाथालय भी टूट गया।'",explicit_attribution,long_narrative_passage
Kankal,KANKAL_TURN_00346,5,78,KANKAL_CAND_00346,विजय,ATTRIBUTED,high,explicit_subject_match_विजय,'तुमने रहस्य की बात तो कही ही नहीं।',explicit_attribution,none
Kankal,KANKAL_TURN_00347,5,79,KANKAL_CAND_00347,Unknown,REVIEW,low,unmatched_speaker,'विजय! रहस्य यही कि मै निर्धन हूँ; मैं अपनी सहायता नहीं कर सकता। मैं विश्वविद्यालय की डिग्री के लिए नहीं पढ़ रहा हूँ। केवल कुछ महीनों की आवश्यकता है कि मैं अपनी पाली की पढ़ाई प्रोफेसर देव से पूरी कर लूँ। इसलिए मैं यह सोना बेचना चाहता हूँ।',unresolved_unattributed,unresolved_speaker
Kankal,KANKAL_TURN_00348,5,80,KANKAL_CAND_00348,विजय,ATTRIBUTED,high,explicit_subject_match_विजय,"'लो यह किसी देवी, देवता का पूरा स्तोत्र भरा पड़ा है।'",explicit_attribution,flagged_modifier_phrase
Kankal,KANKAL_TURN_00349,5,81,KANKAL_CAND_00349,विजय,ATTRIBUTED,high,explicit_subject_match_विजय,'क्या है कुछ पढ़ सके?',explicit_attribution,flagged_modifier_phrase
Kankal,KANKAL_TURN_00350,5,82,KANKAL_CAND_00350,Unknown,REVIEW,low,unmatched_speaker,'कल इसे प्रोफेसर देव से पढ़वाऊँगा। यह तो कोई शासन-पत्र मालूम पड़ता है।',unresolved_unattributed,unresolved_speaker
Kankal,KANKAL_TURN_00351,5,83,KANKAL_CAND_00351,Unknown,REVIEW,low,unmatched_speaker,'तो क्या इसे तुम नहीं पढ़ सकते?',unresolved_unattributed,unresolved_speaker
Kankal,KANKAL_TURN_00352,5,84,KANKAL_CAND_00352,Unknown,REVIEW,low,unmatched_speaker,"'मैंने तो अभी प्रारम्भ किया है, कुछ पढ़ देते हैं।'",unresolved_unattributed,unresolved_speaker
Kankal,KANKAL_TURN_00353,5,85,KANKAL_CAND_00353,Unknown,REVIEW,low,unmatched_speaker,"'अच्छा मंगल! एक बात कहूँ, तुम मानोगे मेरी भी पढ़ाई सुधर जाएगी।'",unresolved_unattributed,unresolved_speaker
Kankal,KANKAL_TURN_00354,5,86,KANKAL_CAND_00354,Unknown,REVIEW,low,unmatched_speaker,"'तुम मेरे साथ रहा करो, अपना चित्रों का रोग मैं छुड़ाना चाहता हूँ।'",unresolved_unattributed,unresolved_speaker
Kankal,KANKAL_TURN_00355,5,87,KANKAL_CAND_00355,Unknown,REVIEW,low,unmatched_speaker,"'तुम स्वतंत्र नहीं हो विजय! क्षणिक उमंग में आकर हमें वह काम नहीं करना चाहिए, जिससे जीवन के कुछ ही लगातार दिनों के पिरोये जाने की संभावना हो, क्योंकि उमंग की उड़ान नीचे आया करती है।'",unresolved_unattributed,unresolved_speaker
Kankal,KANKAL_TURN_00356,5,88,KANKAL_CAND_00356,Unknown,REVIEW,low,unmatched_speaker,'नहीं मंगल! मै माँ से पूछ लेता हूँ।',unresolved_unattributed,unresolved_speaker
Kankal,KANKAL_TURN_00357,5,88,KANKAL_CAND_00357,विजय,ATTRIBUTED,high,explicit_subject_match_विजय,'माँ तो कहती हैं कि उसे यहाँ से न जाने दूँगी।',explicit_attribution,none
Kankal,KANKAL_TURN_00358,6,2,KANKAL_CAND_00358,किशोरी,ATTRIBUTED,high,explicit_subject_match_किशोरी,"'सिंहासन के नीचे अभी धुला नहीं है, किसी से कह दो कि वह स्वच्छ कर दे।'",explicit_attribution,none
Kankal,KANKAL_TURN_00359,6,3,KANKAL_CAND_00359,किशोरी,ATTRIBUTED,high,explicit_subject_match_किशोरी,'जा उसे धो डाल!',explicit_attribution,none
Kankal,KANKAL_TURN_00360,6,4,KANKAL_CAND_00360,किशोरी,ATTRIBUTED,high,explicit_subject_match_किशोरी,'यह कौन है?',explicit_attribution,none
Kankal,KANKAL_TURN_00361,6,5,KANKAL_CAND_00361,किशोरी,ATTRIBUTED,high,explicit_subject_match_किशोरी,'वही जो उस दिन रखी गयी है।',explicit_attribution,none
Kankal,KANKAL_TURN_00362,6,6,KANKAL_CAND_00362,निरंजन,ATTRIBUTED,high,explicit_subject_match_निरंजन,"'ठहर जा, बाहर चल।'",explicit_attribution,none
Kankal,KANKAL_TURN_00363,6,6,KANKAL_CAND_00363,किशोरी,ATTRIBUTED,high,explicit_subject_match_किशोरी,"'यह कौन है, कैसी है, देवगृह में जाने योग्य है कि नहीं, समझ लिया है या यों ही जिसको हुआ कह दिया।'",explicit_attribution,flagged_modifier_phrase
Kankal,KANKAL_TURN_00364,6,7,KANKAL_CAND_00364,Unknown,REVIEW,low,unmatched_speaker,"'क्यों, मैं उसे तो नहीं जानती।'",unresolved_unattributed,unresolved_speaker
Kankal,KANKAL_TURN_00365,6,8,KANKAL_CAND_00365,Unknown,REVIEW,low,unmatched_speaker,"'यदि अछूत हो, अंत्यज हो, अपवित्र हो?'",unresolved_unattributed,unresolved_speaker
Kankal,KANKAL_TURN_00366,6,10,KANKAL_CAND_00366,निरंजन,ATTRIBUTED,high,explicit_subject_match_निरंजन,'अच्छा शास्त्रार्थ रहने दो। इसे कहो कि बाहर चली जाये।',explicit_attribution,none
Kankal,KANKAL_TURN_00367,6,13,KANKAL_CAND_00367,विजय,ATTRIBUTED,high,explicit_subject_match_विजय,"'यमुना, तुम्हें किसी ने कुछ कहा है?'",explicit_attribution,none
Kankal,KANKAL_TURN_00368,6,14,KANKAL_CAND_00368,यमुना,ATTRIBUTED,high,explicit_subject_match_यमुना,'मेरा अपराध था।',explicit_attribution,flagged_modifier_phrase
Kankal,KANKAL_TURN_00369,6,15,KANKAL_CAND_00369,Unknown,REVIEW,low,unmatched_speaker,'क्या अपराध था यमुना?',unresolved_unattributed,unresolved_speaker
Kankal,KANKAL_TURN_00370,6,16,KANKAL_CAND_00370,Unknown,REVIEW,low,unmatched_speaker,'मैं देव-मन्दिर में चली गयी थी।',unresolved_unattributed,unresolved_speaker
Kankal,KANKAL_TURN_00371,6,17,KANKAL_CAND_00371,Unknown,REVIEW,low,unmatched_speaker,'बाबाजी बिगड़ गये।',unresolved_unattributed,unresolved_speaker
Kankal,KANKAL_TURN_00372,6,18,KANKAL_CAND_00372,Unknown,REVIEW,low,unmatched_speaker,"'रो मत, मैं उनसे पूछूँगा।'",unresolved_unattributed,unresolved_speaker
Kankal,KANKAL_TURN_00373,6,19,KANKAL_CAND_00373,Unknown,REVIEW,low,unmatched_speaker,"'मैं उनके बिगड़ने पर नहीं रोती हूँ, रोती हूँ तो अपने भाग्य पर और हिन्दू समाज की अकारण निष्ठुरता पर, जो भौतिक वस्तुओं में तो बंटा लगा ही चुका है, भगवान पर भी स्वतंत्र भाग का साहस रखता है!'",unresolved_unattributed,unresolved_speaker
Kankal,KANKAL_TURN_00374,6,20,KANKAL_CAND_00374,विजय,ATTRIBUTED,high,explicit_subject_match_विजय,"'न रो यमुना! जिसके भगवान् सोने-चाँदी से घिरे रहते हैं, उनको रखवाली की आवश्यकता होती है।'",explicit_attribution,none
Kankal,KANKAL_TURN_00375,6,22,KANKAL_CAND_00375,निरंजन,ATTRIBUTED,high,explicit_subject_match_निरंजन,'बाबाजी आज क्या है?',explicit_attribution,none
Kankal,KANKAL_TURN_00376,6,23,KANKAL_CAND_00376,निरंजन,ATTRIBUTED,high,explicit_subject_match_निरंजन,"'तुम हिन्दू हो कि मुसलमान नहीं जानते, आज अन्नकूट है।'",explicit_attribution,none
Kankal,KANKAL_TURN_00377,6,24,KANKAL_CAND_00377,Unknown,REVIEW,low,unmatched_speaker,"'क्यों, क्या हिन्दू होना परम सौभाग्य की बात है? जब उस समाज का अधिकांश पददलित और दुर्दशाग्रस्त है, जब उसके अभिमान और गौरव की वस्तु धरापृष्ठ पर नहीं बची-उसकी संस्कृति विडम्बना, उसकी संस्था सारहीन और राष्ट्र-बौद्धों के सदृश बन गया है, जब संसार की अन्य जातियाँ सार्वजनिक भ्रातृभाव और साम्यवाद को लेकर खड़ी हैं, तब आपके इन खिलौनों से भला उसकी सन्तुष्टि होगी?'",unresolved_unattributed,unresolved_speaker
Kankal,KANKAL_TURN_00378,6,25,KANKAL_CAND_00378,Unknown,REVIEW,low,unmatched_speaker,'इन खिलौनों',unresolved_unattributed,unresolved_speaker
Kankal,KANKAL_TURN_00379,6,25,KANKAL_CAND_00379,निरंजन,ATTRIBUTED,high,explicit_subject_match_निरंजन,'नास्तिक! हट जा!',explicit_attribution,flagged_modifier_phrase
Kankal,KANKAL_TURN_00380,6,26,KANKAL_CAND_00380,विजय,ATTRIBUTED,high,explicit_subject_match_विजय,'विजय!',explicit_attribution,flagged_modifier_phrase
Kankal,KANKAL_TURN_00381,6,27,KANKAL_CAND_00381,Unknown,REVIEW,low,unmatched_speaker,"विद्रोही वहाँ से हटते-हटते भी मंगल से यह कहे बिना नहीं रहा, धर्म के सेनापति विभीषिका उत्पन्न करके साधारण जनता से अपनी वृत्ति कमाते हैं और उन्हीं को गालियाँ भी सुनाते हैं, गुरुडम कितने दिनों तक चलेगा, मंगल?'",unresolved_unattributed,unresolved_speaker
Kankal,KANKAL_TURN_00382,6,28,KANKAL_CAND_00382,Unknown,REVIEW,low,unmatched_speaker,"'चलो, हम तुम्हारा शास्त्रार्थ-निमंत्रण स्वीकार करते हैं।'",unresolved_unattributed,unresolved_speaker
Kankal,KANKAL_TURN_00383,6,29,KANKAL_CAND_00383,किशोरी,ATTRIBUTED,high,explicit_subject_match_किशोरी,'लड़का है!',explicit_attribution,none
Kankal,KANKAL_TURN_00384,6,30,KANKAL_CAND_00384,निरंजन,ATTRIBUTED,high,explicit_subject_match_निरंजन,"'लड़का है तो तुम्हारा है, साधुओं को इसकी चिंता क्या?'",explicit_attribution,none
Kankal,KANKAL_TURN_00385,6,32,KANKAL_CAND_00385,विजय,ATTRIBUTED,high,explicit_subject_match_विजय,"'तुमको गुरुजनों का अपमान नहीं करना चाहिए। मैंने बहुत स्वाधीन विचारों को काम में ले आने की चेष्टा की है, उदार समाजों में घूमा-फिरा हूँ; पर समाज के शासन-प्रश्न पर और असुविधाओं में सब एक ही से दिख पड़े। मैं समाज में बहुत दिनों तक रहा, उससे स्वतंत्र होकर भी रहा; पर सभी जगह संकीर्णता है, शासन के लिए; क्योंकि काम चलाना पड़ता है न! समाज में एक-से उन्नत और एक-सी मनोवृत्ति वाले मनुष्य नहीं, सबको संतुष्ट और धर्मशील बनाने के लिए धार्मिक समस्याएँ कुछ-न-कुछ उपाय निकाला करती हैं।'",explicit_attribution,none
Kankal,KANKAL_TURN_00386,6,33,KANKAL_CAND_00386,Unknown,REVIEW,low,unmatched_speaker,"'पर हिन्दुओं के पास निषेध के अतिरिक्त और भी कुछ है? यह मत करो, वह मत करो, पाप है। जिसका फल यह हुआ कि हिन्दुओं को पाप को छोड़कर पुण्य कहीं दिखलायी ही नहीं पड़ता।'",unresolved_unattributed,unresolved_speaker
Kankal,KANKAL_TURN_00387,6,34,KANKAL_CAND_00387,Unknown,REVIEW,low,unmatched_speaker,"'विजय! प्रत्येक संस्थाओं का कुछ उद्देश्य है, उसे सफल करने के लिए कुछ नियम बनाये जाते हैं। नियम प्रातः निषेधात्मक होते हैं, क्योंकि मानव अपने को सब कुछ करने का अधिकारी समझता है। कुल थोड़े-से सुकर्म है और पाप अधिक हैं; जो निषेध के बिना नहीं रुक सकते। देखो, हम किसी भी धार्मिक संस्था से अपना सम्बन्ध जोड़ लें, तो हमें उसकी कुछ परम्पराओं का अनुकरण करना ही पड़ेगा। मूर्तिपूजा के विरोधियों ने भी अपने-अपने अहिन्दू सम्प्रदायों में धर्म-भावना के केन्द्र स्वरूप कोई-न-कोई धर्म-चिह्न रख छोड़ा है। जिन्हें वे चूमते हैं, सम्मान करते हैं और उसके सामने सिर झुकाते हैं। हिन्दुओं ने भी अपनी भावना के अनुसार जन-साधारण के हृदय में भेदभाव करने का मार्ग चलाया है। उन्होंने मानव जीवन में क्रम-विकास का अध्ययन किया है। वे यह नहीं मानते कि हाथ-पैर, मुँह-आँख और कान समान होने से हृदय भी एक-सा होगा। और विजय! धर्म तो हृदय से आचरित होता है न, इसलिए अधिकार भेद है।'",unresolved_unattributed,long_narrative_passage;unresolved_speaker
Kankal,KANKAL_TURN_00388,6,35,KANKAL_CAND_00388,Unknown,REVIEW,low,unmatched_speaker,"'तो फिर उसमें उच्च विचार वाले लोगों को स्थान नहीं, क्योंकि समता और विषमता का द्वन्द्व उसके मूल में वर्तमान है।'",unresolved_unattributed,unresolved_speaker
Kankal,KANKAL_TURN_00389,6,36,KANKAL_CAND_00389,Unknown,REVIEW,low,unmatched_speaker,"'उनसे तो अच्छा है, जो बाहर से साम्य की घोषणा करके भी भीतर से घोर विभिन्न मत के हैं और वह भी स्वार्थ के कारण! हिन्दू समाज तुमको मूर्ति-पूजा करने के लिए बाध्य नहीं करता, फिर तुमको व्यंग्य करने का कोई अधिकार नहीं। तुम अपने को उपयुक्त समझते हो, तो उससे उच्चतर उपासना-प्रणाली में सम्मिलित हो जाओ। देखो, आज तुमने घर में अपने इस काण्ड के द्वारा भयानक हलचल मचा दी है। सारा उत्सव बिगड़ गया है।'",unresolved_unattributed,unresolved_speaker
Kankal,KANKAL_TURN_00390,6,37,KANKAL_CAND_00390,किशोरी,ATTRIBUTED,high,explicit_subject_match_किशोरी,"'मंगल ने ठीक कहा है। विजय, तुमने अच्छा काम नहीं किया। सब लोगों का उत्साह ठण्डा पड़ गया। पूजा का आयोजन अस्त-व्यस्त हो गया।'",explicit_attribution,flagged_modifier_phrase
Kankal,KANKAL_TURN_00391,6,38,KANKAL_CAND_00391,Unknown,REVIEW,low,unmatched_speaker,"'माँ! विजय को साथ लेकर हम इस उत्सव को सफल बनाने का प्रयत्न करेंगे, आप अपने को दुःखी न कीजिये।'",unresolved_unattributed,unresolved_speaker
Kankal,KANKAL_TURN_00392,6,39,KANKAL_CAND_00392,किशोरी,ATTRIBUTED,high,explicit_subject_match_किशोरी,'तुम तो अच्छे लड़के हो। देख तो विजय! मंगल की-सी बुद्धि सीख!',explicit_attribution,none
Kankal,KANKAL_TURN_00393,6,44,KANKAL_CAND_00393,Unknown,REVIEW,low,unmatched_speaker,"विजयचन्द्र के कमरे का झाड़-पोंछ और रखना-उठाना सब यमुना स्वयं करती थी। कोई दिन ऐसा न बीतता कि विजय को उसकी नयी सुरुचि का परिचय अपने कमरे में न मिलता। विजय के पान खाने का व्यसन बढ़ चला था। उसका कारण था यमुना के लगाये स्वादिष्ट पान। वह उपवन से चुनकर फूलों की माला बना लेती। गुच्छे सजाकर फूलदान में लगा देती। विजय की आँखों में उसका छोटे-से-छोटा काम भी कुतूहल मिश्रित प्रसन्नता उत्पन्न करता; पर एक बात से अपने को सदैव बचाती रही-उसने अपना सामना मंगल से न होने दिया। जब कभी परसना होता-किशोरी अपने सामने विजय और मंगल, दोनों को खिलाने लगती। यमुना अपना बदन समेटकर और लम्बा घूँघट काढ़े हुए परस जाती। मंगल ने कभी उधर देखने की चेष्टा भी न की, क्योंकि वह भद्र कुटुम्ब के नियमों को भली-भाँति जानता था। इसके विरुद्ध विजयचन्द्र ऊपर से न कहकर, सदैव चाहता कि यमुना से मंगल परिचित हो जाये और उसकी यमुना की प्रतिदिन की कुशलता की प्रकट प्रशंसा करने का अवसर मिले।",unresolved_unattributed,long_narrative_passage;unresolved_speaker
Kankal,KANKAL_TURN_00394,6,46,KANKAL_CAND_00394,विजय,ATTRIBUTED,high,explicit_subject_match_विजय,'भाई मंगल! भारत के इतिहास में यह गुप्त-वंश भी बड़ा प्रभावशाली था; पर उसके मूल पुरुष का पता नही चलता।',explicit_attribution,flagged_modifier_phrase
Kankal,KANKAL_TURN_00395,6,47,KANKAL_CAND_00395,Unknown,REVIEW,low,unmatched_speaker,'गुप्त-वंश भारत के हिन्दू इतिहास का एक उज्ज्वल पृष्ठ है। सचमुच इसके साथ बड़ी-बड़ी गौरव-गाथाओं का सम्बन्ध है।',unresolved_unattributed,unresolved_speaker
Kankal,KANKAL_TURN_00396,6,48,KANKAL_CAND_00396,Unknown,REVIEW,low,unmatched_speaker,"'परन्तु इसके अभ्युदय में लिच्छिवियों के नाश का बहुत कुछ अंश है, क्या लिच्छिवियों के साथ इन लोगों ने विश्वासघात नहीं किया?'",unresolved_unattributed,unresolved_speaker
Kankal,KANKAL_TURN_00397,6,49,KANKAL_CAND_00397,Unknown,REVIEW,low,unmatched_speaker,"'हाँ, वैसा ही उनका अन्त भी तो हुआ। देखो, थानेसर के एक कोने से एक साधारण सामन्त-वंश गुप्त सम्राटों से सम्बन्ध जोड़ लेने में कैसा सफल हुआ। और क्या इतिहास इसका साक्षी नहीं है कि मगध के गुप्त सम्राटों को बड़ी सरलता से उनके मानवीय पद से हटाकर ही हर्षवर्धन उत्तरा-पथेश्वर बन गया था। यह तो ऐसे ही चला करता है।'",unresolved_unattributed,unresolved_speaker
Kankal,KANKAL_TURN_00398,6,50,KANKAL_CAND_00398,Unknown,REVIEW,low,unmatched_speaker,'तो ये उनसे बढ़कर प्रतारक थे; वह वर्धन-वंश भी-',unresolved_unattributed,unresolved_speaker
Kankal,KANKAL_TURN_00399,6,50,KANKAL_CAND_00399,विजय,ATTRIBUTED,high,explicit_subject_match_विजय,"'ठहरो विजय! वर्धनों के प्रति ऐसे शब्द कहना कहाँ तक संगत है तुमको मालूम है कि ये अपना पाप छिपाना भी नहीं चाहते। देखो, यह वही यंत्र है, जिसे तुमने फेंक दिया था। जो कुछ इसका अर्थ प्रोफेसर देव ने किया है, उसे देखो तो-'",explicit_attribution,none
Kankal,KANKAL_TURN_00400,6,50,KANKAL_CAND_00400,विजय,ATTRIBUTED,high,explicit_subject_match_विजय,"'शकमण्डलेवर महाराजपुत्र राज्यवर्धन इस लेख के द्वारा यह स्वीकार करते हैं कि चन्द्रलेखा का हमारा विवाह-सम्बन्ध न होते हुए भी यह परिणीता वधु के समान पवित्र और हमारे स्नेह की सुन्दर कहानी है, इसलिए इसके वंशधर साम्राज्य में वही सम्मान पावेंगे, जो मेरे वंशधरों को साधारणतः मिलता है।'",explicit_attribution,flagged_modifier_phrase
Kankal,KANKAL_TURN_00401,6,51,KANKAL_CAND_00401,विजय,ATTRIBUTED,high,explicit_subject_match_विजय,'क्या है विजय?',explicit_attribution,flagged_modifier_phrase
Kankal,KANKAL_TURN_00402,6,52,KANKAL_CAND_00402,Unknown,REVIEW,low,unmatched_speaker,"'पूछते हो क्या है! आज एक बड़ा भारी आविष्कार हुआ है, तुम अभी तक नहीं समझ सके। आश्चर्य है! क्या इससे यह निष्कर्ष नहीं निकल सकता कि तुम्हारी नसों में वही रक्त है, जो हर्षवर्धन की धमनियों में प्रवाहित था?'",unresolved_unattributed,unresolved_speaker
Kankal,KANKAL_TURN_00403,6,53,KANKAL_CAND_00403,Unknown,REVIEW,low,unmatched_speaker,'यह अच्छी दूर की सूझी! कहीं मेरे पूर्व-पुरुषों को यह मंगल-सूचक यंत्र में समझाकर बिना जाने-समझे तो नहीं दे दिया गया था इसमें...',unresolved_unattributed,unresolved_speaker
Kankal,KANKAL_TURN_00404,6,54,KANKAL_CAND_00404,Unknown,REVIEW,low,unmatched_speaker,"'ठहरो, यदि मैं इस प्रकार समझूँ, तो क्या बुरा कि यह चन्द्रलेखा के वंशधरों के पास वंशानुक्रम से चला आया हो और पीछे यह शुभ समझकर उस कुल के बच्चों को ब्याह होने तक पहनाया जाता रहा हो। तुम्हारे यहाँ उसका व्यवहार भी तो इसी प्रकार रहा है।'",unresolved_unattributed,unresolved_speaker
Kankal,KANKAL_TURN_00405,6,55,KANKAL_CAND_00405,Unknown,REVIEW,low,unmatched_speaker,'वाह विजय! तुम भी बड़े भारी परिहास रसिक हो!',unresolved_unattributed,flagged_false_positive_token_फिर;unresolved_speaker
Kankal,KANKAL_TURN_00406,7,3,KANKAL_CAND_00406,यमुना,ATTRIBUTED,high,explicit_subject_match_यमुना,"'यमुना, तुमने तो समझा होगा कि बिना बादलों की बरसात कैसी ?'",explicit_attribution,none
Kankal,KANKAL_TURN_00407,7,4,KANKAL_CAND_00407,Unknown,REVIEW,low,unmatched_speaker,'आप ही थे-मालती-लता से ओस की बूँदें गिराकर बरसात का अभिनय करने वाले! यह जानकर मैं तो चौंक उठी थी।',unresolved_unattributed,unresolved_speaker
Kankal,KANKAL_TURN_00408,7,5,KANKAL_CAND_00408,Unknown,REVIEW,low,unmatched_speaker,'हाँ यमुना! आज तो हम लोगों का रामनगर चलने का निश्चय है। तुमने तो सामान आदि बाँध लिये होंगे-चलोगी न?',unresolved_unattributed,unresolved_speaker
Kankal,KANKAL_TURN_00409,7,6,KANKAL_CAND_00409,Unknown,REVIEW,low,unmatched_speaker,'बहूजी की जैसी आज्ञा होगी।',unresolved_unattributed,unresolved_speaker
Kankal,KANKAL_TURN_00410,7,7,KANKAL_CAND_00410,विजय,ATTRIBUTED,high,explicit_subject_match_विजय,"'नहीं यमुना, तुम्हारे बिना तो मेरा, कहते-कहते रुककर कहा, '",explicit_attribution,none
Kankal,KANKAL_TURN_00411,7,8,KANKAL_CAND_00411,Unknown,REVIEW,low,unmatched_speaker,'तो मैं चलूँगी।',unresolved_unattributed,unresolved_speaker
Kankal,KANKAL_TURN_00412,7,8,KANKAL_CAND_00412,यमुना,ATTRIBUTED,high,explicit_subject_match_यमुना,"'बजरा कब का ही घाट आ गया होगा, हम लोग चलते हैं। माँ को लिवाकर तुरन्त आओ।'",explicit_attribution,flagged_modifier_phrase
Kankal,KANKAL_TURN_00413,7,10,KANKAL_CAND_00413,Unknown,REVIEW,low,unmatched_speaker,"'भाई विजय! इस नाव की सैर से अच्छा होगा कि मुझे उस पार की रेत में उतार दो। वहाँ दो-चार वृक्ष दिखायी दे रहे हैं, उन्हीं की छाया में सिर ठण्डा कर लूँगा।'",unresolved_unattributed,unresolved_speaker
Kankal,KANKAL_TURN_00414,7,11,KANKAL_CAND_00414,Unknown,REVIEW,low,unmatched_speaker,"'हम लोगों को तो अभी स्नान करना है, चलो वहीं नाव लगाकर हम लोग भी निपट लें।'",unresolved_unattributed,unresolved_speaker
Kankal,KANKAL_TURN_00415,7,12,KANKAL_CAND_00415,किशोरी,ATTRIBUTED,high,explicit_subject_match_किशोरी,"'यमुना, चलो हम लोग भी नहा लें।'",explicit_attribution,none
Kankal,KANKAL_TURN_00416,7,13,KANKAL_CAND_00416,Unknown,REVIEW,low,unmatched_speaker,"'आप लोग आ जायें, तब मैं जाऊँगी।'",unresolved_unattributed,unresolved_speaker
Kankal,KANKAL_TURN_00417,7,16,KANKAL_CAND_00417,Unknown,REVIEW,low,unmatched_speaker,'तारा! तुम्हीं हो!',unresolved_unattributed,unresolved_speaker
Kankal,KANKAL_TURN_00418,7,17,KANKAL_CAND_00418,Unknown,REVIEW,low,unmatched_speaker,"'क्या मुझे अपनी विपत्ति के दिन भी किसी तरह न काटने दोगे। तारा मर गयी, मैं उसकी प्रेतात्मा यमुना हूँ।'",unresolved_unattributed,flagged_false_positive_token_वह;unresolved_speaker
Kankal,KANKAL_TURN_00419,7,18,KANKAL_CAND_00419,मंगलदेव,ATTRIBUTED,high,explicit_subject_match_मंगलदेव,'तारा मुझे क्षमा करो।',explicit_attribution,none
Kankal,KANKAL_TURN_00420,7,19,KANKAL_CAND_00420,Unknown,REVIEW,low,unmatched_speaker,"'हम दोनों का इसी में कल्याण है कि एक-दूसरे को न पहचानें और न ही एक-दूसरे की राह में अड़ें। तुम विद्यालय के छात्र हो और मैं दासी यमुना-दोनों को किसी दूसरे का अवलम्ब है। पापी प्राण की रक्षा के लिए मैं प्रार्थना करती हूँ कि, क्योंकि इसे देकर मैं न दे सकी।'",unresolved_unattributed,unresolved_speaker
Kankal,KANKAL_TURN_00421,7,20,KANKAL_CAND_00421,Unknown,REVIEW,low,unmatched_speaker,'तुम्हारी यही इच्छा है तो यही सही।',unresolved_unattributed,unresolved_speaker
Kankal,KANKAL_TURN_00422,7,20,KANKAL_CAND_00422,मंगलदेव,ATTRIBUTED,high,explicit_subject_match_मंगलदेव,'मंगल! क्या अभी जलपान न करोगे?',explicit_attribution,none
Kankal,KANKAL_TURN_00423,7,21,KANKAL_CAND_00423,किशोरी,ATTRIBUTED,high,explicit_subject_match_किशोरी,"'आओ जलपान कर लो, बड़ा विलम्ब हुआ।'",explicit_attribution,none
Kankal,KANKAL_TURN_00424,7,22,KANKAL_CAND_00424,किशोरी,ATTRIBUTED,high,explicit_subject_match_किशोरी,"'आज न चलकर किसी दूसरे दिन रामनगर चला जाय, तो क्या हानि है दिन बहुत बीत चुका, चलते-चलते संध्या हो जाएगी। विजय, कहो तो घर ही लौट चला जाए?'",explicit_attribution,none
Kankal,KANKAL_TURN_00425,7,25,KANKAL_CAND_00425,मंगलदेव,ATTRIBUTED,high,explicit_subject_match_मंगलदेव,"'विजय बाबू ने तकिये से सिर नहीं उठाया, ज्वर बड़ा भयानक होता जा रहा है। किसी अच्छे डॉक्टर को क्यों नहीं लिवा लाते।'",explicit_attribution,none
Kankal,KANKAL_TURN_00426,7,26,KANKAL_CAND_00426,Unknown,REVIEW,low,unmatched_speaker,'मैं डॉक्टर दीनानाथ के यहाँ जाता हूँ।',unresolved_unattributed,flagged_false_positive_token_वह;unresolved_speaker
Kankal,KANKAL_TURN_00427,7,28,KANKAL_CAND_00427,Unknown,REVIEW,low,unmatched_speaker,'रोगी को आकस्मिक घटना से दुःख तो नहीं हुआ है?',unresolved_unattributed,flagged_false_positive_token_एक;unresolved_speaker
Kankal,KANKAL_TURN_00428,7,29,KANKAL_CAND_00428,Unknown,REVIEW,low,unmatched_speaker,"'ऐसा तो यों कोई कारण नहीं है। हाँ, इसके दो दिन पहले हम लोगों ने गंगा में पहरों स्नान किया और तैरे थे।'",unresolved_unattributed,unresolved_speaker
Kankal,KANKAL_TURN_00429,7,30,KANKAL_CAND_00429,Unknown,REVIEW,low,unmatched_speaker,"'कुछ चिंता नहीं। थोड़ा यूडीक्लोन सिर पर रखना चाहिए, बेचैनी हट जायेगी और दवा लिखे देता हूँ। चार-पाँच दिन में ज्वर उतरेगा। मुझे टेम्परेचर का समाचार दोनों समय मिलना चाहिए।'",unresolved_unattributed,unresolved_speaker
Kankal,KANKAL_TURN_00430,7,31,KANKAL_CAND_00430,किशोरी,ATTRIBUTED,high,explicit_subject_match_किशोरी,'आप स्वयं दो बार दिन में देख लिया कीजिये तो अच्छा हो!',explicit_attribution,none
Kankal,KANKAL_TURN_00431,7,32,KANKAL_CAND_00431,Unknown,REVIEW,low,unmatched_speaker,"'मुझे दोनों समय देखने का अवकाश नहीं, और आवश्यकता भी नहीं। यदि आप लोगों से स्वयं इतना भी नहीं हो सकता, तो डॉक्टर की दवा करनी व्यर्थ है।'",unresolved_unattributed,flagged_false_positive_token_एक;unresolved_speaker
Kankal,KANKAL_TURN_00432,7,33,KANKAL_CAND_00432,Unknown,REVIEW,low,unmatched_speaker,'जैसा आप कहेंगे वैसा ही होगा। आपको समय पर ठीक समाचार मिलेगा। डॉक्टर साहब दया कीजिये।',unresolved_unattributed,unresolved_speaker
Kankal,KANKAL_TURN_00433,7,37,KANKAL_CAND_00433,विजय,ATTRIBUTED,high,explicit_subject_match_विजय,"'विजय, मेरी परीक्षा भी समाप्त हो गयी और नौकरी का प्रबन्ध भी हो गया। मैं तुम्हारा कृतज्ञ हूँ। आज ही जाऊँगा, आज्ञा दो।'",explicit_attribution,flagged_modifier_phrase
Kankal,KANKAL_TURN_00434,7,38,KANKAL_CAND_00434,Unknown,REVIEW,low,unmatched_speaker,'नहीं मंगल! यह तो नहीं हो सकता।',unresolved_unattributed,unresolved_speaker
Kankal,KANKAL_TURN_00435,7,39,KANKAL_CAND_00435,Unknown,REVIEW,low,unmatched_speaker,"'विजय! जब मैं पेट की ज्वाला से दग्ध हो रहा था, जब एक दाने का कहीं ठिकाना नहीं था, उस समय मुझे तुमने अवलम्ब दिया; परन्तु मैं उस योग्य न था। मैं तुम्हारा विश्वासपात्र न रह सका, इसलिए मुझे छुट्टी दो।'",unresolved_unattributed,unresolved_speaker
Kankal,KANKAL_TURN_00436,7,40,KANKAL_CAND_00436,Unknown,REVIEW,low,unmatched_speaker,"'अच्छी बात है, तुम पराधीन नहीं हो। पर माँ ने देवी के दर्शन की मनौती की है, इसलिए हम लोग वहाँ तक तो साथ ही चलें। फिर जैसी तुम्हारी इच्छा।'",unresolved_unattributed,unresolved_speaker
Kankal,KANKAL_TURN_00437,7,43,KANKAL_CAND_00437,किशोरी,ATTRIBUTED,high,explicit_subject_match_किशोरी,'नहीं यमुना! तौलिया तो इस बैग में अवश्य रहनी चाहिए।',explicit_attribution,flagged_modifier_phrase
Kankal,KANKAL_TURN_00438,7,43,KANKAL_CAND_00438,यमुना,ATTRIBUTED,high,explicit_subject_match_यमुना,'इतनी सामग्री इस छोटे पात्र में समा नहीं सकती। वह ट्रक में रख दी जायेगी।',explicit_attribution,none
Kankal,KANKAL_TURN_00439,7,44,KANKAL_CAND_00439,विजय,ATTRIBUTED,high,explicit_subject_match_विजय,'मैं अपने अत्यंत आवश्यक पदार्थ अपने समीप रखना चाहता हूँ।',explicit_attribution,none
Kankal,KANKAL_TURN_00440,7,45,KANKAL_CAND_00440,Unknown,REVIEW,low,unmatched_speaker,'आप अपनी आवश्यकताओं का ठीक अनुमान नहीं कर सकते। संभवतः आपका चिट्ठा बड़ा हुआ रहता है।',unresolved_unattributed,unresolved_speaker
Kankal,KANKAL_TURN_00441,7,46,KANKAL_CAND_00441,Unknown,REVIEW,low,unmatched_speaker,'नहीं यमुना! वह मेरी नितान्त आवश्यकता है।',unresolved_unattributed,unresolved_speaker
Kankal,KANKAL_TURN_00442,7,47,KANKAL_CAND_00442,Unknown,REVIEW,low,unmatched_speaker,"'अच्छा तो सब वस्तु आप मुझसे माँग लीजियेगा। देखिये, जब कुछ भी घटे।'",unresolved_unattributed,unresolved_speaker
Kankal,KANKAL_TURN_00443,7,53,KANKAL_CAND_00443,Unknown,REVIEW,low,unmatched_speaker,"'आता क्यों नहीं, पर गाना नहीं चाहती हूँ।'",unresolved_unattributed,unresolved_speaker
Kankal,KANKAL_TURN_00444,7,54,KANKAL_CAND_00444,Unknown,REVIEW,low,unmatched_speaker,'यों ही। कुछ करने का मन नहीं करता।',unresolved_unattributed,unresolved_speaker
Kankal,KANKAL_TURN_00445,7,55,KANKAL_CAND_00445,Unknown,REVIEW,low,unmatched_speaker,"'कुछ नहीं, संसार कुछ करने योग्य नहीं।'",unresolved_unattributed,unresolved_speaker
Kankal,KANKAL_TURN_00446,7,56,KANKAL_CAND_00446,Unknown,REVIEW,low,unmatched_speaker,"'इसमें यदि दर्शक बनकर जी सके, तो मनुष्य के बड़े सौभाग्य की बात है।'",unresolved_unattributed,unresolved_speaker
Kankal,KANKAL_TURN_00447,7,57,KANKAL_CAND_00447,Unknown,REVIEW,low,unmatched_speaker,'परन्तु मैं केवल इसे दूर से नहीं देखना चाहता।',unresolved_unattributed,unresolved_speaker
Kankal,KANKAL_TURN_00448,7,58,KANKAL_CAND_00448,Unknown,REVIEW,low,unmatched_speaker,"'अपनी-अपनी इच्छा है। आप अभिनय करना चाहते हैं, तो कीजिये; पर यह स्मरण रखिये कि सब अभिनय सबके मनोनुकूल नहीं होते।'",unresolved_unattributed,unresolved_speaker
Kankal,KANKAL_TURN_00449,7,59,KANKAL_CAND_00449,Unknown,REVIEW,low,unmatched_speaker,"'यमुना, आज तो तुमने रंगीन साड़ी पहनी है, बड़ी सुन्दर लग रही है!'",unresolved_unattributed,unresolved_speaker
Kankal,KANKAL_TURN_00450,7,60,KANKAL_CAND_00450,Unknown,REVIEW,low,unmatched_speaker,'क्या करूँ विजय बाबू! जो मिलेगा वहीं न पहनूँगी।',unresolved_unattributed,unresolved_speaker
Kankal,KANKAL_TURN_00451,7,61,KANKAL_CAND_00451,Unknown,REVIEW,low,unmatched_speaker,"'तुमने तो कहा था कि तुमको जिस वस्तु की आवश्यकता होगी, मैं दूँगी, यहाँ मुझे कुछ आवश्यकता है।'",unresolved_unattributed,unresolved_speaker
Kankal,KANKAL_TURN_00452,7,62,KANKAL_CAND_00452,यमुना,ATTRIBUTED,high,explicit_subject_match_यमुना,'मुझे प्यास लगी है।',explicit_attribution,none
Kankal,KANKAL_TURN_00453,7,63,KANKAL_CAND_00453,यमुना,ATTRIBUTED,high,explicit_subject_match_यमुना,"यमुना ने बैग से एक छोटी-सी चाँदी की लुटिया निकाली, जिसके साथ पतली रंगीन डोरी लगी थी। वह कुरैया के झुरमुट के दूसरी ओर चली गई। विजय चुपचाप सोचने लगा; और कुछ नहीं, केवल यमुना के स्वच्छ कपोलों पर गुलेनार रंग की छाप। उन्मत्त हृदय-किशोर हृदय स्वप्न देखने लगा-ताम्बूल राग-रंजित, चुंबन अंकित कपोलों का! वह पागल हो उठा।",explicit_attribution,flagged_modifier_phrase
Kankal,KANKAL_TURN_00454,7,64,KANKAL_CAND_00454,यमुना,ATTRIBUTED,high,explicit_subject_match_यमुना,"'पहाड़ी के ऊपर ही तुम्हें जल मिला, यमुना?'",explicit_attribution,none
Kankal,KANKAL_TURN_00455,7,65,KANKAL_CAND_00455,Unknown,REVIEW,low,unmatched_speaker,"'यहीं तो, पास ही एक कुण्ड है।'",unresolved_unattributed,unresolved_speaker
Kankal,KANKAL_TURN_00456,7,66,KANKAL_CAND_00456,Unknown,REVIEW,low,unmatched_speaker,'चलो तुम दिखला दो।',unresolved_unattributed,unresolved_speaker
Kankal,KANKAL_TURN_00457,7,67,KANKAL_CAND_00457,यमुना,ATTRIBUTED,high,explicit_subject_match_यमुना,"'मुझसे यही एक टंडे ने कहा है कि यह कुण्डा जाड़ा, गर्मी, बरसात सब दिनों में बराबर भरा रहता है; जितने आदमी चाहें इसमें जल पियें, खाली नहीं होता। यह देवी का चमत्कार है। इसी में विंध्यवासिनी देवी से कम इन पहाड़ी झीलों की देवी का मान नहीं है। बहुत दूर से लोग यहाँ आते हैं।'",explicit_attribution,flagged_modifier_phrase
Kankal,KANKAL_TURN_00458,7,68,KANKAL_CAND_00458,Unknown,REVIEW,low,unmatched_speaker,"'यमुना, है बड़े आश्चर्य की बात! पहाड़ी के इतने ऊपर भी यह जल कुण्ड सचमुच अद्भुत है; परन्तु मैंने और भी ऐसा कुण्ड देखा है, जिसमें कितने ही जल पियें, वह भरा ही रहता है!'",unresolved_unattributed,unresolved_speaker
Kankal,KANKAL_TURN_00459,7,69,KANKAL_CAND_00459,Unknown,REVIEW,low,unmatched_speaker,'सचमुच! कहाँ पर विजय बाबू?',unresolved_unattributed,unresolved_speaker
Kankal,KANKAL_TURN_00460,7,70,KANKAL_CAND_00460,Unknown,REVIEW,low,unmatched_speaker,'सुन्दरी में रूप का कूप!',unresolved_unattributed,unresolved_speaker
Kankal,KANKAL_TURN_00461,7,71,KANKAL_CAND_00461,Unknown,REVIEW,low,unmatched_speaker,'वाह विजय बाबू! आज-कल साहित्य का ज्ञान बढ़ा हुआ देखती हूँ!',unresolved_unattributed,unresolved_speaker
Kankal,KANKAL_TURN_00462,7,72,KANKAL_CAND_00462,विजय,ATTRIBUTED,high,explicit_subject_match_विजय,'विजय बाबू',explicit_attribution,none
Kankal,KANKAL_TURN_00463,8,2,KANKAL_CAND_00463,विजय,ATTRIBUTED,high,explicit_subject_match_विजय,'पानी और धूप से बचने के लिए एक पतली चादर क्या काम देगी यमुना?',explicit_attribution,none
Kankal,KANKAL_TURN_00464,8,3,KANKAL_CAND_00464,Unknown,REVIEW,low,unmatched_speaker,'बाबाजी के लिए मघा का जल संचय करना है। वे कहते हैं कि इस जल से अनेक रोग नष्ट होते हैं।',unresolved_unattributed,unresolved_speaker
Kankal,KANKAL_TURN_00465,8,4,KANKAL_CAND_00465,Unknown,REVIEW,low,unmatched_speaker,'रोग चाहे नष्ट न हो; पर वृन्दावन के खारे कूप-जल से तो यह अच्छा ही होगा। अच्छा एक गिलास मुझे भी दो।',unresolved_unattributed,unresolved_speaker
Kankal,KANKAL_TURN_00466,8,5,KANKAL_CAND_00466,Unknown,REVIEW,low,unmatched_speaker,"'विजय बाबू, काम वही करना, पर उसकी बड़ी समालोचना के बाद, यह तो आपका स्वभाव हो गया है। लीजिये जल।'",unresolved_unattributed,unresolved_speaker
Kankal,KANKAL_TURN_00467,8,6,KANKAL_CAND_00467,विजय,REVIEW,high,explicit_subject_match_विजय,"'यमुना, तुम जानती हो कि मैंने कॉलेज में एक संशोधन समाज स्थापित किया है। उसका उद्देश्य है-जिन बातों में बुद्धिवाद का उपयोग न हो सके, उसका खण्डन करना और तदनुकूल आचरण करना। देख रही हो कि मैं छूत-छात का कुछ विचार नहीं करता, प्रकट रूप से होटलों तक में खाता भी हूँ। इसी प्रकार इन प्राचीन कुसंस्कारों का नाश करना मैं अपना कर्तव्य समझता हूँ, क्योंकि ये ही रूढ़ियाँ आगे चलकर धर्म का रूप धारण कर लेती हैं। जो बातें कभी देश, काल, पात्रानुसार प्रचलित हो गयी थीं, वे सब माननीय नहीं, हिन्दू-समाज के पैरों में बेड़ियाँ हैं।'",explicit_attribution,long_narrative_passage
Kankal,KANKAL_TURN_00468,8,9,KANKAL_CAND_00468,यमुना,ATTRIBUTED,high,explicit_subject_match_यमुना,"'देखो यह बीसवीं शताब्दी में तीन हजार बी.सी. का अभिनय! समग्र संसार अपनी स्थिति रखने के लिए चंचल है, रोटी का प्रश्न सबके सामने है, फिर भी मूर्ख हिन्दू अपनी पुरानी असभ्यताओं का प्रदर्शन कराकर पुण्य-संचय किया चाहते हैं।'",explicit_attribution,flagged_modifier_phrase
Kankal,KANKAL_TURN_00469,8,10,KANKAL_CAND_00469,Unknown,REVIEW,low,unmatched_speaker,"'आप तो पाप-पुण्य कुछ मानते ही नहीं, विजय बाबू!'",unresolved_unattributed,unresolved_speaker
Kankal,KANKAL_TURN_00470,8,11,KANKAL_CAND_00470,Unknown,REVIEW,low,unmatched_speaker,"'पाप और कुछ नहीं है यमुना, जिन्हें हम छिपाकर किया चाहते हैं, उन्हीं कर्मों को पाप कह सकते हैं; परन्तु समाज का एक बड़ा भाग उसे यदि व्यवहार्य बना दे, तो वहीं कर्म पुण्य हो जाता है, धर्म हो जाता है। देखती नहीं हो, इतने विरुद्ध मत रखने वाले संसार के मनुष्य अपने-अपने विचारों में धार्मिक बने हैं। जो एक के यहाँ पाप है, वही दूसरे के लिए पुण्य है।'",unresolved_unattributed,unresolved_speaker
Kankal,KANKAL_TURN_00471,8,12,KANKAL_CAND_00471,किशोरी,ATTRIBUTED,high,explicit_subject_match_किशोरी,"'विजय इसी से तुम्हारे हाथ का भी खाने लगा है, यमुना।'",explicit_attribution,flagged_modifier_phrase
Kankal,KANKAL_TURN_00472,8,13,KANKAL_CAND_00472,Unknown,REVIEW,low,unmatched_speaker,'यह कोई अच्छी बात तो नहीं है बहूजी।',unresolved_unattributed,unresolved_speaker
Kankal,KANKAL_TURN_00473,8,14,KANKAL_CAND_00473,Unknown,REVIEW,low,unmatched_speaker,"'क्या करूँ यमुना, विजय अभी लड़का है, मानता नहीं। धीरे-धीरे समझ जायेगा।'",unresolved_unattributed,unresolved_speaker
Kankal,KANKAL_TURN_00474,8,15,KANKAL_CAND_00474,Unknown,REVIEW,low,unmatched_speaker,"'किशोरी बहू, शाहजी के मन्दिर में आरती देखने चलोगी न?'",unresolved_unattributed,flagged_false_positive_token_एक;unresolved_speaker
Kankal,KANKAL_TURN_00475,8,16,KANKAL_CAND_00475,Unknown,REVIEW,low,unmatched_speaker,'तू आ गयी घण्टी! मैं तेरी प्रतीक्षा में ही थी।',unresolved_unattributed,unresolved_speaker
Kankal,KANKAL_TURN_00476,8,18,KANKAL_CAND_00476,किशोरी,ATTRIBUTED,high,explicit_subject_match_किशोरी,'विजय तू भी चलेगा न?',explicit_attribution,none
Kankal,KANKAL_TURN_00477,8,19,KANKAL_CAND_00477,Unknown,REVIEW,low,unmatched_speaker,"'यमुना और विजय को यहीं झाँकी मिलती है, क्यों विजय बाबू?'",unresolved_unattributed,unresolved_speaker
Kankal,KANKAL_TURN_00478,8,20,KANKAL_CAND_00478,Unknown,REVIEW,low,unmatched_speaker,"'मैं तो जाऊँगा नहीं, क्योंकि छः बजे मुझे एक मित्र से मिलने जाना है; परन्तु घण्टी, तुम तो हो बड़ी नटखट!'",unresolved_unattributed,unresolved_speaker
Kankal,KANKAL_TURN_00479,8,21,KANKAL_CAND_00479,Unknown,REVIEW,low,unmatched_speaker,'यह ब्रज है बाबूजी! यहाँ के पत्ते-पत्ते में प्रेम भरा है। बंसी वाले की बंसी अब भी सेवा-कुंज में आधी रात को बजती है। चिंता किस बात की?',unresolved_unattributed,unresolved_speaker
Kankal,KANKAL_TURN_00480,8,22,KANKAL_CAND_00480,विजय,REVIEW,high,explicit_subject_match_विजय,"विजय के पास सरककर धीरे-से हँसते हुए उस चंचल किशोरी ने कहा। घण्टी के कपोलों में हँसते समय गड्ढे पड़ जाते थे। भोली मतवाली आँखें गोपियों के छायाचित्र उतारतीं और उभरती हुई वयस-संधि से उसकी चंचलता सदैव छेड़-छाड़ करती रहती। वह एक क्षण के लिए भी स्थिर न रहती, कभी अंगड़ाई लेती, तो कभी अपनी उँगलिया चटकाती, आँखें लज्जा का अभिनय करके जब पलकों की आड़ में छिप जातीं तब भी भौंहें चला करतीं, तिस पर भी घण्टी एक बाल-विधवा है। विजय उसके सामने अप्रतिभ हो जाता, क्योंकि वह कभी-कभी स्वाभाविक निःसंकोच परिहास कर दिया करती। यमुना को उसका व्यंग्य असह्य हो उठता; पर किशोरी को वह छेड़-छाड़ अच्छी लगती-बड़ी हँसमुख लड़की है!-यह कहकर बात उड़ा दिया करती।",explicit_attribution,flagged_modifier_phrase;long_narrative_passage
Kankal,KANKAL_TURN_00481,8,23,KANKAL_CAND_00481,किशोरी,ATTRIBUTED,high,explicit_subject_match_किशोरी,"'अच्छा तो आज ललिता की ही विजय है, राधा लौट जाती है!'",explicit_attribution,none
Kankal,KANKAL_TURN_00482,8,28,KANKAL_CAND_00482,Unknown,REVIEW,low,unmatched_speaker,'क्या उन ब्रह्मचारियों के साथ तुम्हीं घूमते हो?',unresolved_unattributed,unresolved_speaker
Kankal,KANKAL_TURN_00483,8,29,KANKAL_CAND_00483,Unknown,REVIEW,low,unmatched_speaker,'हाँ विजय बाबू!',unresolved_unattributed,unresolved_speaker
Kankal,KANKAL_TURN_00484,8,30,KANKAL_CAND_00484,Unknown,REVIEW,low,unmatched_speaker,'मंगल! मैंने तो समझा था कि तुमने कहीं अध्यापन का काम आरम्भ किया होगा; पर तुमने तो यह अच्छा ढोंग निकाला।',unresolved_unattributed,unresolved_speaker
Kankal,KANKAL_TURN_00485,8,31,KANKAL_CAND_00485,Unknown,REVIEW,low,unmatched_speaker,"'वही तो करता हूँ विजय बाबू! पढ़ाता ही तो हूँ। कुछ करने की प्रवृत्ति तो थी ही, वह भी समाज-सेवा और सुधार; परन्तु उन्हें क्रियात्मक रूप देने के लिए मेरे पास और कौन साधन था?'",unresolved_unattributed,unresolved_speaker
Kankal,KANKAL_TURN_00486,8,32,KANKAL_CAND_00486,Unknown,REVIEW,low,unmatched_speaker,"'ऐसे काम तो आर्यसमाज करती ही थी, फिर उसके जोड़ में अभिनय करने की क्या आवश्यकता थी। उसी में सम्मिलित हो जाते।'",unresolved_unattributed,unresolved_speaker
Kankal,KANKAL_TURN_00487,8,33,KANKAL_CAND_00487,Unknown,REVIEW,low,unmatched_speaker,'आर्यसमाज कुछ खण्डनात्मक है और मैं प्राचीन धर्म की सीमा के भीतर ही सुधार का पक्षपाती हूँ।',unresolved_unattributed,unresolved_speaker
Kankal,KANKAL_TURN_00488,8,34,KANKAL_CAND_00488,Unknown,REVIEW,low,unmatched_speaker,"'यह क्यों नहीं कहते कि तुम समाज के स्पष्ट आदर्श का अनुकरण करने में असमर्थ थे, परीक्षा में ठहर न सके थे। उस विधिमूलक व्यावहारिक धर्म को तुम्हारे समझ-बूझकर चलने वाले सर्वतोभद्र हृदय ने स्वीकार किया, और तुम स्वयं प्राचीन निषेधात्मक धर्म के प्रचारक बन गये। कुछ बातों के न करने से ही यह प्राचीन धर्म सम्पादित हो जाता है-छुओ मत, खाओ मत, ब्याहो मत, इत्यादि-इत्यादि। कुछ भी दायित्व लेना नहीं चाहते और बात-बात में शास्त्र तुम्हारे प्रमाणस्वरूप हैं। बुद्धिवाद का कोई उपाय नहीं।'",unresolved_unattributed,unresolved_speaker
Kankal,KANKAL_TURN_00489,8,35,KANKAL_CAND_00489,Unknown,REVIEW,low,unmatched_speaker,"'विजय बाबू, यह और कुछ नहीं केवल उच्छृंखलता है। आत्मशासन का अभाव-चरित्र की दुर्बलता विद्रोह कराती है। धर्म मानवीय स्वभाव पर शासन करता है, न कर सके तो मनुष्य और पशु में भेद क्या रह जाय आपका मत यह है कि समाज की आवश्यकता देखकर धर्म की व्यवस्था बनाई जाए, नहीं तो हम उसे न मानेंगे। पर समाज तो प्रवृत्तिमूलक है। वह अधिक से अधिक आध्यात्मिक बनाकर, तप और त्याग के द्वारा शुद्ध करके उच्च आदर्श तक पहुँचाया जा सकता है। इन्द्रियपराय पशु के दृष्टिकोण से मनुष्य की सब सुविधाओं के विचार नहीं किये जा सकते, क्योंकि फिर तो पशु और मनुष्य में साधन-भेद रह जाता है। बातें वे ही हैं मनुष्य की असुविधाओं का, अनन्त साधनों के रहते, अन्त नहीं, वह उच्छृंखल होना ही चाहता है।'",unresolved_unattributed,long_narrative_passage;unresolved_speaker;flagged_false_positive_token_वह;long_dialogue_passage
Kankal,KANKAL_TURN_00490,8,36,KANKAL_CAND_00490,Unknown,REVIEW,low,unmatched_speaker,'ठीक कहते हो मंगलदेव!',unresolved_unattributed,unresolved_speaker
Kankal,KANKAL_TURN_00491,8,37,KANKAL_CAND_00491,विजय,ATTRIBUTED,high,explicit_subject_match_विजय,'और उन ढकोसलों में क्या तथ्य है?',explicit_attribution,none
Kankal,KANKAL_TURN_00492,8,38,KANKAL_CAND_00492,Unknown,REVIEW,low,unmatched_speaker,"'हमारे धर्म मुख्यतः एकेश्वरवादी हैं। विजय बाबू! वह ज्ञान-प्रधान है; परन्तु अद्वैतवाद की दार्शनिक युक्तियों को स्वीकार करते हुए कोई भी वर्णमाला का विरोधी बन जाए, ऐसा तो कारण नहीं दिखाई पड़ता। मूर्तिपूजा इत्यादि उसी रूप में है। पाठशाला मे सबके लिए एक कक्षा होती, इसलिए अधिकारी-भेद है। हम लोग सर्वव्यापी भगवान् की सत्ता को नदियों के जल में, वृक्षों में, पत्थरों में, सर्वत्र स्वीकार करने की परीक्षा देते हैं।'",unresolved_unattributed,unresolved_speaker
Kankal,KANKAL_TURN_00493,8,39,KANKAL_CAND_00493,Unknown,REVIEW,low,unmatched_speaker,"'परन्तु हृदय में नहीं मानते, चाहे अन्यत्र सब जगह मान लें।'",unresolved_unattributed,unresolved_speaker
Kankal,KANKAL_TURN_00494,8,40,KANKAL_CAND_00494,Unknown,REVIEW,low,unmatched_speaker,'तुम्हारा ऋषिकुल कैसा चल रहा है?',unresolved_unattributed,unresolved_speaker
Kankal,KANKAL_TURN_00495,8,41,KANKAL_CAND_00495,Unknown,REVIEW,low,unmatched_speaker,"'दरिद्र हिन्दुओं के ही लड़के मुझे मिलते हैं। मैं उनके साथ नित्य भीख माँगता हूँ। जो अन्न-वस्त्र मिलता है। उसी में सबका निर्वाह होता है। मैं स्वयं उन्हे संस्कृत पढ़ाता हूँ। एक ग्रहस्थ ने अपना उजड़ा हुआ उपवन दे दिया है। उसमें एक और लम्बी सी दालान है और पाँच-सात वृक्ष हैं; उतने में सब काम चल जाता है। शीत और वर्षा में कुछ कष्ट होता है, क्योकि दरिद्र हैं तो क्या, हैं तो लड़के ही न!'",unresolved_unattributed,unresolved_speaker
Kankal,KANKAL_TURN_00496,8,42,KANKAL_CAND_00496,Unknown,REVIEW,low,unmatched_speaker,'कितने लड़के हैं?',unresolved_unattributed,unresolved_speaker
Kankal,KANKAL_TURN_00497,8,43,KANKAL_CAND_00497,Unknown,REVIEW,low,unmatched_speaker,"'आठ लड़के हैं, आठ बरस से लेकर सोलह बरस तक के।'",unresolved_unattributed,unresolved_speaker
Kankal,KANKAL_TURN_00498,8,44,KANKAL_CAND_00498,Unknown,REVIEW,low,unmatched_speaker,"'मंगल! और चाहे जो हो, तुम्हारे इस परिश्रम और कष्ट की सत्यनिष्ठा पर कोई अविश्वास नहीं कर सकता। मैं भी नहीं।'",unresolved_unattributed,unresolved_speaker
Kankal,KANKAL_TURN_00499,8,45,KANKAL_CAND_00499,Unknown,REVIEW,low,unmatched_speaker,'देखिये विजय बाबू! मेरे पास यही धोती और अँगोछा है। एक चादर भी है। मेरा सब काम इतने में चल जाता है। कोई असुविधा नहीं होती। एक लम्बा टाट है। उसी पर सब सो रहते हैं। दो-तीन बरतन है और पाठ्य-पुस्तकों की एक-एक प्रतियाँ। इतनी ही तो मेरे ऋषिकुल की सम्पत्ति है।',unresolved_unattributed,flagged_false_positive_token_वह;unresolved_speaker
Kankal,KANKAL_TURN_00500,8,46,KANKAL_CAND_00500,यमुना,ATTRIBUTED,high,explicit_subject_match_यमुना,"'मंगल ही नहीं, सब पुरुष राक्षस हैं; देवता कदापि नहीं हो सकते।'",explicit_attribution,flagged_modifier_phrase
Kankal,KANKAL_TURN_00501,8,47,KANKAL_CAND_00501,विजय,ATTRIBUTED,high,explicit_subject_match_विजय,"'जो तुम्हारे दान के अधिकारी हैं, धर्म के ठेकेदार हैं, उन्हें इसलिए तो समाज देता है कि वे उसका सदुपयोग करें; परन्तु वे मन्दिरों में, मठों में बैठ मौज उड़ाते हैं, उन्हें क्या चिंता कि समाज के कितने बच्चे भूखे-नंगे और अशिक्षित हैं। मंगलदेव! चाहे मेरा मत तुमसे न मिलता हो, परन्तु तुम्हारा उद्देश्य सुन्दर है।'",explicit_attribution,none
Kankal,KANKAL_TURN_00502,8,48,KANKAL_CAND_00502,किशोरी,ATTRIBUTED,high,explicit_subject_match_किशोरी,"'मंगलदेव! मैं परदेश मे हूँ, इसलिए विशेष सहायता नही कर सकती; हाँ, तुम लोगों के लिए वस्त्र और पाठ्य-पुस्तकों की जितनी आवश्यकता हो, मैं दूँगी।'",explicit_attribution,flagged_modifier_phrase
Kankal,KANKAL_TURN_00503,8,49,KANKAL_CAND_00503,Unknown,REVIEW,low,unmatched_speaker,"'और शीत, वर्षा-निवारण के योग्य साधारण गृह बनवा देने का भार मैं लेता हूँ मंगल!'",unresolved_unattributed,unresolved_speaker
Kankal,KANKAL_TURN_00504,8,50,KANKAL_CAND_00504,Unknown,REVIEW,low,unmatched_speaker,'मंगल! मैं तुम्हारी इस सफलता पर बधाई देता हूँ।',unresolved_unattributed,unresolved_speaker
Kankal,KANKAL_TURN_00505,8,50,KANKAL_CAND_00505,विजय,ATTRIBUTED,high,explicit_subject_match_विजय,'कल मैं तुम्हारे ऋषिकुल में आऊँगा।',explicit_attribution,none
Kankal,KANKAL_TURN_00506,8,51,KANKAL_CAND_00506,किशोरी,ATTRIBUTED,high,explicit_subject_match_किशोरी,'हम लोग भी।',explicit_attribution,none
Kankal,KANKAL_TURN_00507,8,54,KANKAL_CAND_00507,किशोरी,ATTRIBUTED,high,explicit_subject_match_किशोरी,"'विजय, हम लोगों को ब्रज आये बहुत दिन हो गये, अब घर चलना चाहिए। हो सके तो ब्रज की परिक्रमा भी कर लें।'",explicit_attribution,flagged_modifier_phrase
Kankal,KANKAL_TURN_00508,8,55,KANKAL_CAND_00508,विजय,ATTRIBUTED,high,explicit_subject_match_विजय,'मैं नही जाऊँगा।',explicit_attribution,none
Kankal,KANKAL_TURN_00509,8,56,KANKAL_CAND_00509,Unknown,REVIEW,low,unmatched_speaker,'तू सब बातों में आड़े आ जाता है।',unresolved_unattributed,unresolved_speaker
Kankal,KANKAL_TURN_00510,8,57,KANKAL_CAND_00510,Unknown,REVIEW,low,unmatched_speaker,'वह कोई आवश्यक बात नहीं कि मैं भी पुण्य-संचय करूँ।',unresolved_unattributed,unresolved_speaker
Kankal,KANKAL_TURN_00511,8,57,KANKAL_CAND_00511,विजय,ATTRIBUTED,high,explicit_subject_match_विजय,"'यदि इच्छा हो तो आप चली जा सकती हैं, मैं तब तक यहीं बैठा रहूँगा।'",explicit_attribution,none
Kankal,KANKAL_TURN_00512,8,58,KANKAL_CAND_00512,Unknown,REVIEW,low,unmatched_speaker,'तो क्या तू यहाँ अकेला रहेगा?',unresolved_unattributed,unresolved_speaker
Kankal,KANKAL_TURN_00513,8,59,KANKAL_CAND_00513,Unknown,REVIEW,low,unmatched_speaker,"'नहीं, मंगल के आश्रम में जा रहूँगा। वहाँ मकान बन रहा है, उसे भी देखूँगा, कुछ सहायता भी करूँगा और मन भी बहलेगा।'",unresolved_unattributed,unresolved_speaker
Kankal,KANKAL_TURN_00514,8,60,KANKAL_CAND_00514,Unknown,REVIEW,low,unmatched_speaker,"'वह आप ही दरिद्र है, तू उसके यहाँ जाकर उसे और भी दुख देगा।'",unresolved_unattributed,unresolved_speaker
Kankal,KANKAL_TURN_00515,8,61,KANKAL_CAND_00515,Unknown,REVIEW,low,unmatched_speaker,'तो मैं क्या उसके सिर पर रहूँगा।',unresolved_unattributed,unresolved_speaker
Kankal,KANKAL_TURN_00516,8,62,KANKAL_CAND_00516,Unknown,REVIEW,low,unmatched_speaker,'यमुना! तू चलेगी?',unresolved_unattributed,unresolved_speaker
Kankal,KANKAL_TURN_00517,8,63,KANKAL_CAND_00517,Unknown,REVIEW,low,unmatched_speaker,"'फिर विजय बाबू को खिलावेगा कौन बहू जी, मैं तो चलने के लिए प्रस्तुत हूँ।'",unresolved_unattributed,unresolved_speaker
Kankal,KANKAL_TURN_00518,8,64,KANKAL_CAND_00518,किशोरी,ATTRIBUTED,high,explicit_subject_match_किशोरी,"'अच्छी बात है। तो मैं परिक्रमा कर आऊँ, क्योंकि होली देखकर अवश्य घर लौट चलना है।'",explicit_attribution,none
Kankal,KANKAL_TURN_00519,8,67,KANKAL_CAND_00519,यमुना,ATTRIBUTED,high,explicit_subject_match_यमुना,"'चल यमुना, यह तो ब्रह्मचारी है, डर काहे का!'",explicit_attribution,flagged_modifier_phrase
Kankal,KANKAL_TURN_00520,8,68,KANKAL_CAND_00520,यमुना,ATTRIBUTED,high,explicit_subject_match_यमुना,'यमुना!',explicit_attribution,flagged_modifier_phrase
Kankal,KANKAL_TURN_00521,8,69,KANKAL_CAND_00521,Unknown,REVIEW,low,unmatched_speaker,'ग्वालिनी! तुम्हें कान्ह बुलावे री!',unresolved_unattributed,flagged_false_positive_token_वह;unresolved_speaker
Kankal,KANKAL_TURN_00522,8,69,KANKAL_CAND_00522,यमुना,ATTRIBUTED,high,explicit_subject_match_यमुना,'यमुना!',explicit_attribution,flagged_modifier_phrase
Kankal,KANKAL_TURN_00523,8,70,KANKAL_CAND_00523,यमुना,ATTRIBUTED,high,explicit_subject_match_यमुना,'अरी यमुना! वह तो विजय बाबू हैं। पीछे-पीछे आ रहे हैं।',explicit_attribution,flagged_modifier_phrase
Kankal,KANKAL_TURN_00524,8,71,KANKAL_CAND_00524,यमुना,ATTRIBUTED,high,explicit_subject_match_यमुना,"यमुना एक बार काँप उठी-न जाने क्यों, पर खड़ी हो गयी, विजय घूमकर आ रहा था। पास आ जाने पर विजय ने एक बार यमुना को ऊपर से नीचे तक देखा।",explicit_attribution,flagged_modifier_phrase
Kankal,KANKAL_TURN_00525,8,74,KANKAL_CAND_00525,Unknown,REVIEW,low,unmatched_speaker,'कहाँ विजय बाबू?',unresolved_unattributed,unresolved_speaker
Kankal,KANKAL_TURN_00526,8,75,KANKAL_CAND_00526,Unknown,REVIEW,low,unmatched_speaker,"'मंगलदेव के आश्रम तक, चलोगी?'",unresolved_unattributed,unresolved_speaker
Kankal,KANKAL_TURN_00527,8,76,KANKAL_CAND_00527,विजय,ATTRIBUTED,high,explicit_subject_match_विजय,'विजय बाबू!',explicit_attribution,flagged_modifier_phrase
Kankal,KANKAL_TURN_00528,8,79,KANKAL_CAND_00528,Unknown,REVIEW,low,unmatched_speaker,'यह बात आज क्यों पूछती हो यमुना घण्टी! इसमें तुम्हारी क्या सम्मति है?',unresolved_unattributed,unresolved_speaker
Kankal,KANKAL_TURN_00529,8,80,KANKAL_CAND_00529,Unknown,REVIEW,low,unmatched_speaker,"'इसका विचार तो यमुना को स्वयं करना चाहिए। मैं तो ब्रजवासिनी हूँ, हृदय की बंसी को सुनने से कभी रोका नहीं जा सकता।'",unresolved_unattributed,unresolved_speaker
Kankal,KANKAL_TURN_00530,8,81,KANKAL_CAND_00530,यमुना,ATTRIBUTED,high,explicit_subject_match_यमुना,"'अच्छा, भोजन कर लीजिए।'",explicit_attribution,none
Kankal,KANKAL_TURN_00531,8,82,KANKAL_CAND_00531,यमुना,ATTRIBUTED,high,explicit_subject_match_यमुना,"'विजय बाबू, पान क्यों नहीं खाया आपने?'",explicit_attribution,flagged_modifier_phrase
Kankal,KANKAL_TURN_00532,8,83,KANKAL_CAND_00532,Unknown,REVIEW,low,unmatched_speaker,"'अब पान न खाऊँगा, आज से छोड़ दिया।'",unresolved_unattributed,unresolved_speaker
Kankal,KANKAL_TURN_00533,8,84,KANKAL_CAND_00533,Unknown,REVIEW,low,unmatched_speaker,'पान छोड़ने मे क्या सुविधा है?',unresolved_unattributed,unresolved_speaker
Kankal,KANKAL_TURN_00534,8,85,KANKAL_CAND_00534,Unknown,REVIEW,low,unmatched_speaker,"'मैं बहुत जल्दी ही ईसाई होने वाला हूँ, उस समाज में इसका व्यवहार नहीं। मुझे यह दम्भपूर्ण धर्म बोझ के समान दबाये है, अपनी आत्मा के विरुद्ध रहने के लिए मैं बाध्य किया जा रहा हूँ।'",unresolved_unattributed,unresolved_speaker
Kankal,KANKAL_TURN_00535,8,86,KANKAL_CAND_00535,Unknown,REVIEW,low,unmatched_speaker,"'आपके लिए तो कोई रोक-टोक नहीं, फिर भी।'",unresolved_unattributed,unresolved_speaker
Kankal,KANKAL_TURN_00536,8,87,KANKAL_CAND_00536,Unknown,REVIEW,low,unmatched_speaker,"'यह मैं जानता हूँ, कोई रोक-टोक नहीं, पर मैं यह भी अनुभव करता हूँ कि मैं कुछ विरुद्ध आचरण कर रहा हूँ। इस विरुद्धता का खटका लगा रहता है। मन उत्साहपूर्ण होकर कर्तव्य नहीं करता। यह सब मेरे हिन्दू होने के कारण है। स्वतंत्रता और हिन्दू धर्म दोनों विरुद्धवाची शब्द हैं।'",unresolved_unattributed,unresolved_speaker
Kankal,KANKAL_TURN_00537,8,88,KANKAL_CAND_00537,Unknown,REVIEW,low,unmatched_speaker,'पर ऐसी बहुत-सी बातें तो अन्य धर्मानुयायी मनुष्यों के जीवन में भी आ सकती हैं। सबका काम सब मनुष्य तो नहीं कर सकते।',unresolved_unattributed,unresolved_speaker
Kankal,KANKAL_TURN_00538,8,89,KANKAL_CAND_00538,Unknown,REVIEW,low,unmatched_speaker,"'तो भी बहुत-सी बातें ऐसी हैं, जो हिन्दू धर्म में रहकर नहीं की जा सकतीं; किन्तु मेरे लिए नितान्त आवश्यक हैं।'",unresolved_unattributed,unresolved_speaker
Kankal,KANKAL_TURN_00539,8,90,KANKAL_CAND_00539,Unknown,REVIEW,low,unmatched_speaker,'तुमसे ब्याह कर लेना!',unresolved_unattributed,unresolved_speaker
Kankal,KANKAL_TURN_00540,8,91,KANKAL_CAND_00540,यमुना,ATTRIBUTED,high,explicit_subject_match_यमुना,'क्यों विजय बाबू! क्या दासी होकर रहना किसी भी भद्र महिला के लिए अपमान का पर्याप्त कारण हो जाता है?',explicit_attribution,none
Kankal,KANKAL_TURN_00541,8,92,KANKAL_CAND_00541,Unknown,REVIEW,low,unmatched_speaker,"'यमुना! तुम दासी हो कोई दूसरा हृदय खोलकर पूछ देखे, तुम मेरी आराध्य देवी हो-सर्वस्व हो!'",unresolved_unattributed,unresolved_speaker
Kankal,KANKAL_TURN_00542,8,93,KANKAL_CAND_00542,Unknown,REVIEW,low,unmatched_speaker,"'मै आराध्य देवता बना चुकी हूँ, मैं पतित हो चुकी हूँ, मुझे...'",unresolved_unattributed,unresolved_speaker
Kankal,KANKAL_TURN_00543,8,94,KANKAL_CAND_00543,Unknown,REVIEW,low,unmatched_speaker,"'यह मैंने अनुमान कर लिया था, परन्तु इन अपवित्राओं में भी मैं तुम्हें पवित्र उज्ज्वल और ऊर्जस्वित पाता हूँ-जैसे मलिन वसन में हृदयहारी सौन्दर्य।'",unresolved_unattributed,unresolved_speaker
Kankal,KANKAL_TURN_00544,8,96,KANKAL_CAND_00544,विजय,ATTRIBUTED,high,explicit_subject_match_विजय,'मैं अभी आता हूँ...',explicit_attribution,none
Kankal,KANKAL_TURN_00545,9,2,KANKAL_CAND_00545,Unknown,REVIEW,low,unmatched_speaker,'बाबूजी आप तो बड़ा अच्छा हारमोनियम बजाते है।',unresolved_unattributed,flagged_false_positive_token_वह;unresolved_speaker
Kankal,KANKAL_TURN_00546,9,3,KANKAL_CAND_00546,Unknown,REVIEW,low,unmatched_speaker,'तुम कुछ गाना जानती हो?',unresolved_unattributed,unresolved_speaker
Kankal,KANKAL_TURN_00547,9,4,KANKAL_CAND_00547,Unknown,REVIEW,low,unmatched_speaker,"'ब्रजवासिनी और कुछ चाहे ना जाने, किन्तु फाग गाना तो उसी के हिस्से का है।'",unresolved_unattributed,unresolved_speaker
Kankal,KANKAL_TURN_00548,9,10,KANKAL_CAND_00548,Unknown,REVIEW,low,unmatched_speaker,मै बावरी-सी डोलूँ!,unresolved_unattributed,unresolved_speaker
Kankal,KANKAL_TURN_00549,9,13,KANKAL_CAND_00549,यमुना,ATTRIBUTED,high,explicit_subject_match_यमुना,'आइए ब्रह्मचारीजी!',explicit_attribution,flagged_modifier_phrase
Kankal,KANKAL_TURN_00550,9,14,KANKAL_CAND_00550,विजय,ATTRIBUTED,high,explicit_subject_match_विजय,'बैठोगे या घर के भीतर चलूँ?',explicit_attribution,none
Kankal,KANKAL_TURN_00551,9,15,KANKAL_CAND_00551,Unknown,REVIEW,low,unmatched_speaker,"'नही विजय! मैं तुमसे कुछ पूछना चाहता हूँ। घण्टी, तुम घर जा रही हो न!'",unresolved_unattributed,unresolved_speaker
Kankal,KANKAL_TURN_00552,9,16,KANKAL_CAND_00552,विजय,ATTRIBUTED,high,explicit_subject_match_विजय,'क्या कहना चाहते हो?',explicit_attribution,none
Kankal,KANKAL_TURN_00553,9,17,KANKAL_CAND_00553,Unknown,REVIEW,low,unmatched_speaker,'तुम इस लड़की को साथ लेकर इस स्वतन्त्रता से क्यों बदनाम हुआ चाहते हो?',unresolved_unattributed,unresolved_speaker
Kankal,KANKAL_TURN_00554,9,18,KANKAL_CAND_00554,Unknown,REVIEW,low,unmatched_speaker,"'यद्यपि मैं इसका उत्तर देने को बाध्य नहीं मंगल, एक बात मैं भी तुमसे पूछना चाहता हूँ-बताओ तो, मैं यमुना के साथ भी एकान्त में रहता हूँ, तब तुमको सन्देह क्यों नहीं होता!'",unresolved_unattributed,unresolved_speaker
Kankal,KANKAL_TURN_00555,9,19,KANKAL_CAND_00555,Unknown,REVIEW,low,unmatched_speaker,'मुझे उसके चरित्र पर विश्वास है।',unresolved_unattributed,unresolved_speaker
Kankal,KANKAL_TURN_00556,9,20,KANKAL_CAND_00556,Unknown,REVIEW,low,unmatched_speaker,"'इसलिए कि तुम उसे भीतर से प्रेम करते हो! अच्छा, यदि मैं घण्टी से ब्याह करना चाहूँ, तो तुम पुरोहित बनोगे?'",unresolved_unattributed,unresolved_speaker
Kankal,KANKAL_TURN_00557,9,21,KANKAL_CAND_00557,Unknown,REVIEW,low,unmatched_speaker,"'विजय तुम अतिवादी हो, उदात्त हो!'",unresolved_unattributed,unresolved_speaker
Kankal,KANKAL_TURN_00558,9,22,KANKAL_CAND_00558,Unknown,REVIEW,low,unmatched_speaker,"'अच्छा हुआ कि मैं वैसा संयतभाषी कपटाचारी नहीं हूँ, जो अपने चरित्र की दुर्बलता के कारण मित्र से भी मिलने में संकोच करता है। मेरे यहाँ प्रायः तुम्हारे न आने का यही कारण है कि तुम यमुना की...'",unresolved_unattributed,unresolved_speaker
Kankal,KANKAL_TURN_00559,9,23,KANKAL_CAND_00559,Unknown,REVIEW,low,unmatched_speaker,'चुप रहो विजय! उच्छृंखलता की भी एक सीमा होती है।',unresolved_unattributed,unresolved_speaker
Kankal,KANKAL_TURN_00560,9,24,KANKAL_CAND_00560,Unknown,REVIEW,low,unmatched_speaker,"'अच्छा जाने दो। घण्टी के चरित्र पर विश्वास नहीं, तो क्या समाज और धर्म का यह कर्तव्य नहीं कि उसे किसी प्रकार अवलम्ब दिया जाये, उसका पथ सरल कर दिया जाये यदि मैं घण्टी से ब्याह करूँ तो तुम पुरोहित बनोगे बोलो, मैं इसे करके पाप करूँगा या पुण्य?'",unresolved_unattributed,unresolved_speaker
Kankal,KANKAL_TURN_00561,9,25,KANKAL_CAND_00561,Unknown,REVIEW,low,unmatched_speaker,"'यह पाप हो या पुण्य, तुम्हारे लिए हानिकारक होगा।'",unresolved_unattributed,unresolved_speaker
Kankal,KANKAL_TURN_00562,9,26,KANKAL_CAND_00562,Unknown,REVIEW,low,unmatched_speaker,"'मैं हानि उठाकर भी समाज के एक व्यक्ति का कल्याण कर सकूँ तो क्या पाप करूँगा उत्तर दो, देखें तुम्हारा धर्म क्या व्यवस्था देता है।'",unresolved_unattributed,unresolved_speaker
Kankal,KANKAL_TURN_00563,9,27,KANKAL_CAND_00563,Unknown,REVIEW,low,unmatched_speaker,"'वह वृंदावन की एक कुख्यात बाल-विधवा है, विजय।'",unresolved_unattributed,unresolved_speaker
Kankal,KANKAL_TURN_00564,9,29,KANKAL_CAND_00564,Unknown,REVIEW,low,unmatched_speaker,"'विजय! मैं तुम्हारा इतना अनिष्ट नहीं देख सकता। इसे त्याग तुम भले ही समझ लो; पर इसमें क्या तुम्हारी दुर्बलता का स्वार्थपूर्ण अंश नहीं है। मैं यह मान भी लूँ कि विधवा से ब्याह करके तुम एक धर्म सम्पादित करते हो, तब भी घण्टी जैसी लड़की से तुमको जीवन से जिए परिण्य सूत्र बाँधने के लिए मैं एक मित्र के नाते प्रस्तुत नहीं।'",unresolved_unattributed,unresolved_speaker
Kankal,KANKAL_TURN_00565,9,30,KANKAL_CAND_00565,Unknown,REVIEW,low,unmatched_speaker,'अच्छा मंगल! तुम मेरे शुभचिन्तक हो; यदि मैं यमुना से ब्याह करूँ? वह तो...',unresolved_unattributed,unresolved_speaker
Kankal,KANKAL_TURN_00566,9,31,KANKAL_CAND_00566,Unknown,REVIEW,low,unmatched_speaker,'तुम पिशाच हो!',unresolved_unattributed,unresolved_speaker
Kankal,KANKAL_TURN_00567,9,32,KANKAL_CAND_00567,विजय,ATTRIBUTED,high,explicit_subject_match_विजय,'पकड़े गये ठिकाने पर!',explicit_attribution,none
Kankal,KANKAL_TURN_00568,9,35,KANKAL_CAND_00568,यमुना,ATTRIBUTED,high,explicit_subject_match_यमुना,"यमुना पागल हो उठी। उसने देखा-सामने विजय बैठा हुआ अभी पी रहा है। रात पहर-भर जा चुकी है। वृन्दावन में दूर से फगुहारों की डफ की गम्भीर ध्वनि और उन्मत्त कण्ठ से रसीले फागों की तुमुल तानें उस चाँदनी में, उस पवन में मिली थीं। एक स्त्री आई, करील की झाड़ियों से निकलकर विजय के पीछे खड़ी हो गयी। यमुना एक बार सहम उठी, फिर उसने देखा-उस स्त्री ने हाथ का लोटा उठाया और उसका तरल पदार्थ विजय के सिर पर उड़ेल दिया।",explicit_attribution,none
Kankal,KANKAL_TURN_00569,9,36,KANKAL_CAND_00569,विजय,ATTRIBUTED,high,explicit_subject_match_विजय,"'ब्रजबाले, तुम रंग उड़ेलकर उसकी शीतलता दे सकती हो कि उस रंग की-सी ज्वाला-लाल ज्वाला! ओह, जलन हो रही है घण्टी! आत्मसंयम भ्रम है बोलो!'",explicit_attribution,flagged_modifier_phrase
Kankal,KANKAL_TURN_00570,9,37,KANKAL_CAND_00570,Unknown,REVIEW,low,unmatched_speaker,"'मैं, मेरे पास दाम न था, रंग फीका होगा विजय बाबू!'",unresolved_unattributed,unresolved_speaker
Kankal,KANKAL_TURN_00571,9,38,KANKAL_CAND_00571,Unknown,REVIEW,low,unmatched_speaker,"हाड़-मांस के वास्तविक जीवन का सत्य, यौवन आने पर उसका आना न जानकर बुलाने की धुन रहती है। जो चले जाने पर अनुभूत होता है, वह यौवन, धीवर के लहरीले जाल में फँसे हुए स्निग्ध मत्स्य-सा तड़फड़ाने वाला यौवन, आसन से दबा हुआ पंचवर्षीय चपल तुरंग के समान पृथ्वी को कुरेदने-वाला त्वरापूर्ण यौवन, अधिक न सम्हल सका, विजय ने घण्टी को अपनी मांसल भुजाओं में लपेट लिया और एक दृढ़ तथा दीर्घ चुम्बन से रंग का प्रतिवाद किया।",unresolved_unattributed,unresolved_speaker
Kankal,KANKAL_TURN_00572,9,40,KANKAL_CAND_00572,किशोरी,ATTRIBUTED,high,explicit_subject_match_किशोरी,'विजय कहाँ है?',explicit_attribution,none
Kankal,KANKAL_TURN_00573,9,40,KANKAL_CAND_00573,किशोरी,ATTRIBUTED,high,explicit_subject_match_किशोरी,'बोलती क्यों नहीं यमुना?',explicit_attribution,none
Kankal,KANKAL_TURN_00574,9,41,KANKAL_CAND_00574,किशोरी,ATTRIBUTED,high,explicit_subject_match_किशोरी,'घण्टी!',explicit_attribution,flagged_modifier_phrase
Kankal,KANKAL_TURN_00575,9,42,KANKAL_CAND_00575,किशोरी,ATTRIBUTED,high,explicit_subject_match_किशोरी,"'घण्टी, क्या तुम इतनी निर्लज्ज हो!'",explicit_attribution,flagged_modifier_phrase
Kankal,KANKAL_TURN_00576,9,43,KANKAL_CAND_00576,Unknown,REVIEW,low,unmatched_speaker,"'मैं क्या जानूँ कि लज्जा किसे कहते हैं। ब्रज में तो सभी होली में रंग डालती हैं, मैं भी रंग डाल आयी। विजय बाबू को रंग से चोट तो न लगी होगी किशोरी बहू!'",unresolved_unattributed,unresolved_speaker
Kankal,KANKAL_TURN_00577,9,43,KANKAL_CAND_00577,Unknown,REVIEW,low,unmatched_speaker,"'नहीं, पाप हुआ हो तो इन्हें भी ब्रज-परिक्रमा करने के लिए भेज दीजिये!'",unresolved_unattributed,flagged_false_positive_token_फिर;unresolved_speaker
Kankal,KANKAL_TURN_00578,9,44,KANKAL_CAND_00578,Unknown,REVIEW,low,unmatched_speaker,"'चलो जाओ, आज से मेरे घर कभी न आना!'",unresolved_unattributed,unresolved_speaker
Kankal,KANKAL_TURN_00579,9,46,KANKAL_CAND_00579,किशोरी,ATTRIBUTED,high,explicit_subject_match_किशोरी,'विजय!',explicit_attribution,flagged_modifier_phrase
Kankal,KANKAL_TURN_00580,9,49,KANKAL_CAND_00580,किशोरी,ATTRIBUTED,high,explicit_subject_match_किशोरी,"'अच्छी बात है, दूसरा स्थान खोज लीजिये। ढोंग से दूर रहना मुझे भी रुचिकर है।'",explicit_attribution,flagged_modifier_phrase
Kankal,KANKAL_TURN_00581,9,49,KANKAL_CAND_00581,किशोरी,ATTRIBUTED,high,explicit_subject_match_किशोरी,"'विजय, तुम इतने निर्लज्ज हो! अपने अपराधों को समझकर लज्जित क्यों नहीं होते नशे की खुमारी से भरी आँखों को उठाकर विजय ने किशोरी की ओर देखा और कहा, '",explicit_attribution,none
Kankal,KANKAL_TURN_00582,9,50,KANKAL_CAND_00582,किशोरी,ATTRIBUTED,high,explicit_subject_match_किशोरी,"'यमुना, क्या तुम न चलोगी?'",explicit_attribution,none
Kankal,KANKAL_TURN_00583,9,51,KANKAL_CAND_00583,Unknown,REVIEW,low,unmatched_speaker,"'बहूजी, मैं अब कहीं नहीं जाना चाहती; यहीं वृन्दावन में भीख माँगकर जीवन बिता लूँगी!'",unresolved_unattributed,unresolved_speaker
Kankal,KANKAL_TURN_00584,9,52,KANKAL_CAND_00584,Unknown,REVIEW,low,unmatched_speaker,"'यमुना, खूब समझ लो!'",unresolved_unattributed,unresolved_speaker
Kankal,KANKAL_TURN_00585,9,53,KANKAL_CAND_00585,Unknown,REVIEW,low,unmatched_speaker,"'मैंने कुछ रुपये इकट्ठे कर लिए हैं, उन्हें किसी के मन्दिर में चढ़ा दूँगी और दो मुट्ठी भर भात खाकर निर्वाह कर लूँगी।'",unresolved_unattributed,unresolved_speaker
Kankal,KANKAL_TURN_00586,9,54,KANKAL_CAND_00586,Unknown,REVIEW,low,unmatched_speaker,'अच्छी बात है!',unresolved_unattributed,unresolved_speaker
Kankal,KANKAL_TURN_00587,9,56,KANKAL_CAND_00587,किशोरी,ATTRIBUTED,high,explicit_subject_match_किशोरी,"'यमुना, तुम भी मुझे छोड़कर चली जाती हो!'",explicit_attribution,none
Kankal,KANKAL_TURN_00588,9,57,KANKAL_CAND_00588,Unknown,REVIEW,low,unmatched_speaker,'मैं कौन जतन से खोलूँ!',unresolved_unattributed,unresolved_speaker
Kankal,KANKAL_TURN_00589,9,58,KANKAL_CAND_00589,विजय,ATTRIBUTED,high,explicit_subject_match_विजय,'घण्टी!',explicit_attribution,none
Kankal,KANKAL_TURN_00590,9,59,KANKAL_CAND_00590,Unknown,REVIEW,low,unmatched_speaker,'कहाँ विजय बाबू?',unresolved_unattributed,unresolved_speaker
Kankal,KANKAL_TURN_00591,9,60,KANKAL_CAND_00591,Unknown,REVIEW,low,unmatched_speaker,"'सब लोग बनारस लौट गये। मैं अकेला मथुरा जा रहा हूँ। अच्छा हुआ, तुमसे भेंट हो गयी!'",unresolved_unattributed,unresolved_speaker
Kankal,KANKAL_TURN_00592,9,61,KANKAL_CAND_00592,Unknown,REVIEW,low,unmatched_speaker,'अहा विजय बाबू! मथुरा मैं भी चलने को थी; पर कल आऊँगी।',unresolved_unattributed,unresolved_speaker
Kankal,KANKAL_TURN_00593,9,62,KANKAL_CAND_00593,Unknown,REVIEW,low,unmatched_speaker,"'तो आज क्यों नहीं चलती बैठ जाओ, ताँगे पर जगह तो है।'",unresolved_unattributed,unresolved_speaker
Kankal,KANKAL_TURN_00594,10,1,KANKAL_CAND_00594,Unknown,REVIEW,low,unmatched_speaker,"मथुरा में चर्च के पास एक छोटा-सा, परन्तु साफ-सुथरा बँगला है। उसके चारों ओर तारों से घिरी हुई ऊँची, जुरांटी की बड़ी घनी टट्टी है। भीतर कुछ फलों के वृक्ष हैं। हरियाली अपनी घनी छाया में उस बँगले को शीतल करती है। पास ही पीपल का एक बड़ा सा वृक्ष है। उसके नीचे बेंत की कुर्सी पर बैठे हुए मिस्टर बाथम के सामने एक टेबल पर कुछ कागज बिखरे हैं। वह अपनी धुन में काम में व्यस्त है।",unresolved_unattributed,flagged_false_positive_token_एक;unresolved_speaker
Kankal,KANKAL_TURN_00595,10,3,KANKAL_CAND_00595,Unknown,REVIEW,low,unmatched_speaker,'मारगरेट कहाँ है तुम लोगों को देखकर अत्यन्त प्रसन्नता होती है।',unresolved_unattributed,unresolved_speaker
Kankal,KANKAL_TURN_00596,10,4,KANKAL_CAND_00596,Unknown,REVIEW,low,unmatched_speaker,"'हाँ पिताजी, हम लोग भी साथ ही चलेंगे।'",unresolved_unattributed,unresolved_speaker
Kankal,KANKAL_TURN_00597,10,4,KANKAL_CAND_00597,लतिका,ATTRIBUTED,high,explicit_subject_match_लतिका,'चलती हो मारगरेट?',explicit_attribution,flagged_modifier_phrase
Kankal,KANKAL_TURN_00598,10,6,KANKAL_CAND_00598,Unknown,REVIEW,low,unmatched_speaker,"'हाँ पिता! मुझे आज विलम्ब हुआ, अन्यथा मैं ही इनसे चलने के लिए पहले अनुरोध करती। मेरी रसोईदारिन आज कुछ बीमार है, मैं उसकी सहायता कर रही थी, इसी से आपको कष्ट करना पड़ा।'",unresolved_unattributed,unresolved_speaker
Kankal,KANKAL_TURN_00599,10,7,KANKAL_CAND_00599,Unknown,REVIEW,low,unmatched_speaker,'ओहो! उस दुखिया सरला को कहती हो। लतिका! इसके बपतिस्मा न लेने पर भी मैं उस पर बड़ी श्रद्धा करता हूँ। वह एक जीती-जागती करुणा है। उसके मुख पर मसीह की जननी के अंचल की छाया है। उसे क्या हुआ है बेटी?',unresolved_unattributed,unresolved_speaker
Kankal,KANKAL_TURN_00600,10,8,KANKAL_CAND_00600,Unknown,REVIEW,low,unmatched_speaker,'नमस्कार पिता! मुझे तो कुछ नहीं हुआ है। लतिका रानी के दुलार का रोग कभी-कभी मुझे बहुत सताता है।',unresolved_unattributed,unresolved_speaker
Kankal,KANKAL_TURN_00601,10,9,KANKAL_CAND_00601,Unknown,REVIEW,low,unmatched_speaker,"'ओहो, मेरी सरला! तुम अच्छी हो, यह जानकर मैं बहुत सुखी हुआ। कहो, तुम प्रार्थना तो करती हो न पवित्र आत्मा तुम्हारा कल्याण करे। लतिका के हृदय में यीशु की प्यारा करुणा है, सरला! वह तुम्हें बहुत प्यार करती है।'",unresolved_unattributed,unresolved_speaker
Kankal,KANKAL_TURN_00602,10,10,KANKAL_CAND_00602,Unknown,REVIEW,low,unmatched_speaker,'मुझ दुखिया पर दया करके इन लोगों ने मेरा बड़ा उपकार किया है साहब! भगवान् इन लोगों का मंगल करे।',unresolved_unattributed,unresolved_speaker
Kankal,KANKAL_TURN_00603,10,12,KANKAL_CAND_00603,Unknown,REVIEW,low,unmatched_speaker,"'आप लोगों से सुनकर मुझे यह विश्वास हो गया है कि मसीह एक दयालु महात्मा थे। मैं उनमें श्रद्धा करती हूँ, मुझे उनकी बात सुनकर ठीक भागवत के उस भक्त का स्मरण हो आता है, जिसने भगवान का वरदान पाने को संसार-भर के दुःखों को अपने लिए माँगा था-अहा! वैसा ही हृदय महात्मा ईशा का भी था; परन्तु पिता! इसके लिए धर्म परिवर्तन करना तो दुर्बलता है। हम हिन्दुओं का कर्मवाद में विश्वास है। अपने-अपने कर्मफल तो भोगने ही पड़ेंगे।'",unresolved_unattributed,unresolved_speaker
Kankal,KANKAL_TURN_00604,10,13,KANKAL_CAND_00604,Unknown,REVIEW,low,unmatched_speaker,"'तुमने ठीक नहीं समझा। पापों का पश्चात्ताप द्वारा प्रायश्चित्त होने पर शीघ्र ही उन कर्मों को यीशु क्षमा करता है, और इसके लिए उसने अपना अग्रिम रक्त जमा कर दिया है।'",unresolved_unattributed,unresolved_speaker
Kankal,KANKAL_TURN_00605,10,14,KANKAL_CAND_00605,Unknown,REVIEW,low,unmatched_speaker,"'पिता! मैं तो यह समझती हूँ कि यदि यह सत्य हो, तो भी इसका प्रचार न होना चाहिए; क्योंकि मनुष्य को पाप करने का आश्रय मिलेगा। वह अपने उत्तरदायित्व से छुट्टी पा जाएगा।'",unresolved_unattributed,unresolved_speaker
Kankal,KANKAL_TURN_00606,10,15,KANKAL_CAND_00606,Unknown,REVIEW,low,unmatched_speaker,"'अभी नहीं सरला! कभी तुम इस सत्य को समझोगी। तुम मनुष्य के पश्चात्ताप के एक दीर्घ निःश्वास का मूल्य नहीं जानती हो, प्रार्थना से झुकी हुई आँखों के आँसू की एक बूँद का रहस्य तुम नहीं समझती।'",unresolved_unattributed,flagged_false_positive_token_एक;unresolved_speaker
Kankal,KANKAL_TURN_00607,10,16,KANKAL_CAND_00607,Unknown,REVIEW,low,unmatched_speaker,"'मैं संसार की सताई हूँ, ठोकर खाकर मारी-मारी फिरती हूँ। पिता! भगवान के क्रोध को, उनके न्याय को मैं आँचल पसारकर लेती हूँ। मुझे इसमें कायरता नहीं सताती। मैं अपने कर्मफल को सहन करने के लिए वज्र के समान सबल, कठोर हूँ। अपनी दुर्बलता के लिए कृतज्ञता का बोझ लेना मेरी नियति ने मुझे नहीं सिखाया। मैं भगवान् से यही प्रार्थना करती हूँ कि यदि तेरी इच्छा पूर्ण हो गयी, इस हाड़-मांस में इस चेतना को रखने के लिए दण्ड की अवधि पूरी हो गयी, तो एक बार हँस दे कि मैंने तुझे उत्पन्न करके भर पाया।'",unresolved_unattributed,unresolved_speaker
Kankal,KANKAL_TURN_00608,10,17,KANKAL_CAND_00608,Unknown,REVIEW,low,unmatched_speaker,'पिता! एक प्याली चाय ले आऊँ!',unresolved_unattributed,flagged_false_positive_token_भाव से;unresolved_speaker
Kankal,KANKAL_TURN_00609,10,18,KANKAL_CAND_00609,Unknown,REVIEW,low,flagged_invalid_token_सहसा,"'पिता! जब तक आप चाय पियें, तब तक पवित्र कुमारी का एक सुन्दर चित्र, जो संभवतः किसी पुर्तगाली चित्र की, किसी हिन्दुस्तानी मुसव्वर की बनायी प्रतिकृति है, लाकर दिखलाऊँ, सैकड़ों बरस से कम का न होगा।'",unresolved_pronoun_or_generic,unresolved_speaker
Kankal,KANKAL_TURN_00610,10,19,KANKAL_CAND_00610,Unknown,REVIEW,low,unmatched_speaker,"'हाँ, यह तो मैं जानता हूँ कि तुम प्राचीन कला-सम्बन्धी भारतीय वस्तुओं का व्यवसाय करते हो। और अमरीका तथा जर्मनी में तुमने इस व्यवसाय में बड़ी ख्याति पायी है; परन्तु आश्चर्य है कि ऐसे चित्र भी तुमको मिल जाते हैं। मैं अवश्य देखूँगा।'",unresolved_unattributed,unresolved_speaker
Kankal,KANKAL_TURN_00611,10,20,KANKAL_CAND_00611,लतिका,ATTRIBUTED,high,explicit_subject_match_लतिका,'मैं लैंप लेता आऊँ!',explicit_attribution,flagged_modifier_phrase
Kankal,KANKAL_TURN_00612,10,21,KANKAL_CAND_00612,लतिका,ATTRIBUTED,high,explicit_subject_match_लतिका,'बाथम! तुम बड़े भाग्यवान हो।',explicit_attribution,flagged_modifier_phrase
Kankal,KANKAL_TURN_00613,10,21,KANKAL_CAND_00613,Unknown,REVIEW,low,unmatched_speaker,'बचाओ-बचाओ!',unresolved_unattributed,unresolved_speaker
Kankal,KANKAL_TURN_00614,10,22,KANKAL_CAND_00614,Unknown,REVIEW,low,unmatched_speaker,'आगे बढ़े तो जान ले लूँगा।',unresolved_unattributed,flagged_false_positive_token_उस;unresolved_speaker
Kankal,KANKAL_TURN_00615,10,22,KANKAL_CAND_00615,Unknown,REVIEW,low,unmatched_speaker,"'क्या हुआ है घबराओ मत, अब तुम्हारा कोई कुछ न कर सकेगा।'",unresolved_unattributed,flagged_false_positive_token_एक;unresolved_speaker
Kankal,KANKAL_TURN_00616,10,23,KANKAL_CAND_00616,Unknown,REVIEW,low,unmatched_speaker,'विजय बाबू को इन सबों ने मारकर गिरा दिया है।',unresolved_unattributed,unresolved_speaker
Kankal,KANKAL_TURN_00617,10,24,KANKAL_CAND_00617,लतिका,ATTRIBUTED,high,explicit_subject_match_लतिका,"'रामदास को बुलाओ, लालटेन लेकर देखे कि बात क्या है?'",explicit_attribution,none
Kankal,KANKAL_TURN_00618,10,25,KANKAL_CAND_00618,Unknown,REVIEW,low,unmatched_speaker,'रामदास!',unresolved_unattributed,unresolved_speaker
Kankal,KANKAL_TURN_00619,10,27,KANKAL_CAND_00619,Unknown,REVIEW,low,unmatched_speaker,"'वह मेरे बँगले में हैं, घबराने की आवश्यकता नहीं। चलो!'",unresolved_unattributed,unresolved_speaker
Kankal,KANKAL_TURN_00620,10,28,KANKAL_CAND_00620,लतिका,ATTRIBUTED,high,explicit_subject_match_लतिका,"'पिता! बाथम प्रार्थना करने जाएँगे; मुझे आज्ञा हो, तो इस विपन्न मनुष्यों की सहायता करूँ, यह भी तो प्रार्थना से कम नहीं है।'",explicit_attribution,flagged_modifier_phrase
Kankal,KANKAL_TURN_00621,10,30,KANKAL_CAND_00621,लतिका,ATTRIBUTED,high,explicit_subject_match_लतिका,"'चाय ले आऊँ, उसे पीने से स्फूर्ति आ जायेगी।'",explicit_attribution,none
Kankal,KANKAL_TURN_00622,10,31,KANKAL_CAND_00622,विजय,ATTRIBUTED,high,explicit_subject_match_विजय,'नहीं धन्यवाद। अब हम लोग चले जा सकते हैं।',explicit_attribution,none
Kankal,KANKAL_TURN_00623,10,32,KANKAL_CAND_00623,Unknown,REVIEW,low,unmatched_speaker,"'मेरी सम्मति है कि आज की रात आप लोग इसी बँगले पर बितावें, संभव है कि वे दुष्ट फिर कहीं घात में लगे हों।'",unresolved_unattributed,unresolved_speaker
Kankal,KANKAL_TURN_00624,10,33,KANKAL_CAND_00624,लतिका,ATTRIBUTED,high,explicit_subject_match_लतिका,'क्यों बेटी! तुम्हारी क्या सम्मति है तुम लोगों का घर यहाँ से कितनी दूर है?',explicit_attribution,none
Kankal,KANKAL_TURN_00625,10,34,KANKAL_CAND_00625,विजय,ATTRIBUTED,high,explicit_subject_match_विजय,"'हम लोग परदेशी हैं, यहाँ घर नहीं। अभी यहाँ आये एक सप्ताह से अधिक नहीं हुआ है। आज मैं इनके साथ एक ताँगे पर घूमने निकला। दो-तीन दिन से दो-एक मुसलमान गुण्डे हम लोगों को प्रायः घूम-फिरते देखते थे। मैंने उस पर कुछ ध्यान नहीं दिया था, आज एक ताँगे वाला मेरे कमरे के पास ताँगा रोककर बड़ी देर तक किसी से बातें करता रहा। मैंने देखा, ताँगा अच्छा है। पूछा, किराये पर चलोगे! उसने प्रसन्नता से स्वीकार कर लिया। संध्या हो चली थी। हम लोगों ने घूमने के विचार से चलना निश्चित किया और उस पर जा बैठे।'",explicit_attribution,none
Kankal,KANKAL_TURN_00626,10,35,KANKAL_CAND_00626,विजय,ATTRIBUTED,high,explicit_subject_match_विजय,"'हम लोग बहुत दूर-दूर घूमकर एक चर्च के पास पहुँचे। इच्छा हुई कि घर लौट चलें, पर उस ताँगे वाले ने कहा-बाबू साहब, यह चर्च अपने ढंग का एक ही है, इसे देख तो लीजिये। हम लोग कुतूहल से प्रेरित होकर इसे देखने के लिए चले। सहसा अँधेरी झाड़ी में से वे ही दोनों गुण्डे निकल आये और एक ने पीछे से मेरे सिर पर डंडा मारा। मैं आकस्मिक चोट से गिर पड़ा। इसके बाद मैं नहीं जानता कि क्या हुआ, फिर जैसे यहाँ पहुँचा, वह सब तो आप लोग जानती हैं।'",explicit_attribution,flagged_modifier_phrase;long_dialogue_passage
Kankal,KANKAL_TURN_00627,10,36,KANKAL_CAND_00627,Unknown,REVIEW,low,unmatched_speaker,'मैं यह देखते ही भागी। मुझसे जैसे किसी ने कहा कि ये सब मुझे ताँगे पर बिठाकर ले भागेंगे। आप लोगों की कृपा से हम लोगों की रक्षा हो गयी।',unresolved_unattributed,unresolved_speaker
Kankal,KANKAL_TURN_00628,10,37,KANKAL_CAND_00628,Unknown,REVIEW,low,unmatched_speaker,'घण्टी! ये तुम्हारे पति हैं कितने दिन बीते ब्याह हुए?',unresolved_unattributed,flagged_false_positive_token_वह;unresolved_speaker
Kankal,KANKAL_TURN_00629,10,38,KANKAL_CAND_00629,विजय,ATTRIBUTED,high,explicit_subject_match_विजय,"'भोजन तो करियेगा, मैं बनाऊँ?'",explicit_attribution,flagged_modifier_phrase
Kankal,KANKAL_TURN_00630,10,39,KANKAL_CAND_00630,विजय,ATTRIBUTED,high,explicit_subject_match_विजय,'आपकी बड़ी कृपा है। मुझे कोई संकोच नहीं।',explicit_attribution,none
Kankal,KANKAL_TURN_00631,10,42,KANKAL_CAND_00631,विजय,ATTRIBUTED,high,explicit_subject_match_विजय,"'विजय बाबू, अब पीड़ा तो नहीं है?'",explicit_attribution,none
Kankal,KANKAL_TURN_00632,10,43,KANKAL_CAND_00632,Unknown,REVIEW,low,unmatched_speaker,"'अब वैसी तो नहीं है, इस कृपा के लिए धन्यवाद।'",unresolved_unattributed,unresolved_speaker
Kankal,KANKAL_TURN_00633,10,44,KANKAL_CAND_00633,Unknown,REVIEW,low,unmatched_speaker,"'धन्यवाद की आवश्यकता नहीं। हाथ-मुँह धोकर आइये, तो कुछ दिखाऊँगा। आपकी आकृति से प्रकट है कि हृदय में कला-सम्बंधी सुरुचि है।'",unresolved_unattributed,unresolved_speaker
Kankal,KANKAL_TURN_00634,10,45,KANKAL_CAND_00634,Unknown,REVIEW,low,unmatched_speaker,'मैं अभी आता हूँ।',unresolved_unattributed,unresolved_speaker
Kankal,KANKAL_TURN_00635,10,45,KANKAL_CAND_00635,विजय,ATTRIBUTED,high,explicit_subject_match_विजय,"'देखा, इसी कोठरी के दूसरे भाग में सब सामान मिलेगा। झटपट चाय के समय में आ जाओ।'",explicit_attribution,none
Kankal,KANKAL_TURN_00636,10,47,KANKAL_CAND_00636,Unknown,REVIEW,low,unmatched_speaker,'क्या आप लोग हिन्दू हैं?',unresolved_unattributed,flagged_false_positive_token_एक;unresolved_speaker
Kankal,KANKAL_TURN_00637,10,48,KANKAL_CAND_00637,विजय,ATTRIBUTED,high,explicit_subject_match_विजय,'इसमें भी कोई सन्देह है?',explicit_attribution,none
Kankal,KANKAL_TURN_00638,10,49,KANKAL_CAND_00638,विजय,ATTRIBUTED,high,explicit_subject_match_विजय,"'आप तो सचमुच इस कला के मर्मज्ञ हैं, मेरा अनुमान ठीक ही था।'",explicit_attribution,flagged_modifier_phrase
Kankal,KANKAL_TURN_00639,10,50,KANKAL_CAND_00639,विजय,ATTRIBUTED,high,explicit_subject_match_विजय,"'मैं चित्रकला से बड़ा प्रेम रखता हूँ। मैंने बहुत से चित्र बनाये भी हैं। और महाशय, यदि आप क्षमा करें, तो मैं यहाँ तक कह सकता हूँ कि इनमें से कितने सुन्दर चित्र, जिन्हें आप प्राचीन और बहुमूल्य कहते हैं, वे असली नहीं हैं।'",explicit_attribution,none
Kankal,KANKAL_TURN_00640,10,51,KANKAL_CAND_00640,Unknown,REVIEW,low,unmatched_speaker,"'बाथम को कुछ क्रोध और आश्चर्य हुआ। पूछा, '",unresolved_unattributed,unresolved_speaker
Kankal,KANKAL_TURN_00641,10,52,KANKAL_CAND_00641,Unknown,REVIEW,low,unmatched_speaker,"'प्रमाण नहीं, मैं एक चित्र की प्रतिलिपि कर दूँगा। आप देखते नहीं, इन चित्रों के रंग ही कह रहे हैं कि वे आजकल के हैं-प्राचीन समय में वे बनते ही कहाँ थे, और सोने की नवीनता कैसी बोल रही है। देखिये न!'",unresolved_unattributed,unresolved_speaker
Kankal,KANKAL_TURN_00642,10,52,KANKAL_CAND_00642,विजय,ATTRIBUTED,high,explicit_subject_match_विजय,'आप सच कहते हैं। इस प्रकार से मैं स्वयं ठगा गया और दूसरे को भी ठगता हूँ। क्या कृपा करके आप कुछ दिन और मेरे अतिथि होंगे आप जितने दिन मथुरा में रहें। मेरे ही यहाँ रहें-यह मेरी हार्दिक प्रार्थना है। आपके मित्र को कोई भी असुविधा न होगी। सरला हिन्दुस्तानी रीति से आपके लिए सब प्रबन्ध करेगी।',explicit_attribution,flagged_modifier_phrase
Kankal,KANKAL_TURN_00643,10,53,KANKAL_CAND_00643,लतिका,ATTRIBUTED,high,explicit_subject_match_लतिका,"'आप जैसे सज्जन के साथ रहने में मुझे बड़ी प्रसन्नता होगी, परन्तु मेरा थोड़ा-सा सामान है, उसे ले आना होगा।'",explicit_attribution,flagged_modifier_phrase
Kankal,KANKAL_TURN_00644,10,54,KANKAL_CAND_00644,Unknown,REVIEW,low,unmatched_speaker,'धन्यवाद! आपके लिए तो मेरा यही छोटा-सा कमरा आफिस का होगा और आपकी मित्र मेरी स्त्री के साथ रहेगी।',unresolved_unattributed,unresolved_speaker
Kankal,KANKAL_TURN_00645,10,55,KANKAL_CAND_00645,Unknown,REVIEW,low,unmatched_speaker,"'यदि मेरी कोठरी में कष्ट न हो, तो वहीं रह लेंगी।'",unresolved_unattributed,unresolved_speaker
Kankal,KANKAL_TURN_00646,10,56,KANKAL_CAND_00646,विजय,ATTRIBUTED,high,explicit_subject_match_विजय,'हाँ ठीक ही तो होगा।',explicit_attribution,none
Kankal,KANKAL_TURN_00647,10,58,KANKAL_CAND_00647,Unknown,REVIEW,low,unmatched_speaker,"'नहीं-नहीं, इसमें मैं अपना अपमान समझूँगा।'",unresolved_unattributed,unresolved_speaker
Kankal,KANKAL_TURN_00648,10,62,KANKAL_CAND_00648,Unknown,REVIEW,low,unmatched_speaker,'घण्टी!',unresolved_unattributed,flagged_false_positive_token_एक;unresolved_speaker
Kankal,KANKAL_TURN_00649,10,63,KANKAL_CAND_00649,विजय,ATTRIBUTED,high,explicit_subject_match_विजय,'मेरा चित्र पूरा हो गया।',explicit_attribution,flagged_modifier_phrase
Kankal,KANKAL_TURN_00650,10,64,KANKAL_CAND_00650,Unknown,REVIEW,low,unmatched_speaker,"'ओह! मैं तो घबरा गयी थी कि चित्र कब तक बनेगा। ऐसा भी कोई काम करता है। न न विजय बाबू, अब आप दूसरा चित्र न बनाना-मुझे यहाँ लाकर अच्छे बन्दीगृह में रख दिया! कभी खोज तो लेते, एक-दो बात भी तो पूछ लेते!'",unresolved_unattributed,unresolved_speaker
Kankal,KANKAL_TURN_00651,10,65,KANKAL_CAND_00651,विजय,ATTRIBUTED,high,explicit_subject_match_विजय,"'तुम्हें बड़ा कष्ट हुआ, घण्टी!'",explicit_attribution,none
Kankal,KANKAL_TURN_00652,10,66,KANKAL_CAND_00652,Unknown,REVIEW,low,unmatched_speaker,"'आशा है, अब कष्ट न दोगे!'",unresolved_unattributed,unresolved_speaker
Kankal,KANKAL_TURN_00653,10,67,KANKAL_CAND_00653,Unknown,REVIEW,low,unmatched_speaker,"'विजय बाबू, बहुत सुन्दर '",unresolved_unattributed,unresolved_speaker
Kankal,KANKAL_TURN_00654,10,67,KANKAL_CAND_00654,Unknown,REVIEW,low,unmatched_speaker,"' है। देखिये, यदि आप नादिरशाह का चित्र पूरा कर चुके हो तो एक मौलिक चित्र बनाइये।'",unresolved_unattributed,unresolved_speaker
Kankal,KANKAL_TURN_00655,10,68,KANKAL_CAND_00655,विजय,ATTRIBUTED,high,explicit_subject_match_विजय,'आश्चर्य! इस सफलता के लिए बधाई।',explicit_attribution,flagged_modifier_phrase
Kankal,KANKAL_TURN_00656,10,69,KANKAL_CAND_00656,विजय,ATTRIBUTED,high,explicit_subject_match_विजय,"'विजय बाबू, मैं घोषणा करता हूँ कि आप भारत के एक प्रमुख चित्रकार होंगे! क्या आप मुझे आज्ञा देंगे कि मैं इस अवसर पर आपके मित्र को कुछ उपहार दूँ?'",explicit_attribution,flagged_modifier_phrase
Kankal,KANKAL_TURN_00657,10,70,KANKAL_CAND_00657,विजय,ATTRIBUTED,high,explicit_subject_match_विजय,'तुम्हारी इच्छा हो तो पहन सकती हो।',explicit_attribution,flagged_modifier_phrase
Kankal,KANKAL_TURN_00658,10,71,KANKAL_CAND_00658,Unknown,REVIEW,low,unmatched_speaker,"'विजय बाबू, स्वतन्त्र व्यवसाय और स्वावलम्बन का महत्त्व आप लोग कम समझते हैं, यही कारण है कि भारतीयों के उत्तम गुण दबे रह जाते हैं। मैं आज आप से यह अनुरोध करता हूँ कि आपके माता-पिता चाहे जितने धनवान हों, परन्तु उस कला को व्यवसाय की दृष्टि से कीजिये। आप सफल होंगे, मैं इसमें आपका सहायक हूँ। क्या आप इस नये मॉडल पर एक मौलिक चित्र बनायेंगे?'",unresolved_unattributed,flagged_false_positive_token_फिर;long_dialogue_passage;unresolved_speaker
Kankal,KANKAL_TURN_00659,10,72,KANKAL_CAND_00659,विजय,ATTRIBUTED,high,explicit_subject_match_विजय,"'आज विश्राम करूँगा, कल आपसे कहूँगा।'",explicit_attribution,none
Kankal,KANKAL_TURN_00660,11,1,KANKAL_CAND_00660,लतिका,ATTRIBUTED,high,explicit_subject_match_लतिका,"'बेटा, तुम्हारी भी माँ होगी, उसको तुम एक बारगी भूलकर इस छोकरी के लिए इधर-उधर मारे-मारे क्यों फिर रहे हो आह, वह कितनी दुखी होगी!'",explicit_attribution,none
Kankal,KANKAL_TURN_00661,11,2,KANKAL_CAND_00661,विजय,ATTRIBUTED,high,explicit_subject_match_विजय,"'विजय! कलेजा रोने लगता है। हृदय कचोटने लगता है, आँखें छटपटाकर उसे देखने के लिए बाहर निकलने लगती हैं, उत्कण्ठा साँस बनकर दौड़ने लगती है। पुत्र का स्नेह बड़ा पागल स्नेह है, विजय! स्त्रियाँ ही स्नेह की विचारक हैं। पति के प्रेम और पुत्र के स्नेह में क्या अंतर है, यह उनको ही विदित है। अहा, तुम निष्ठुर लड़के क्या जानोगे! लौट जाओ मेरे बच्चे! अपनी माँ की सूनी गोद में लौट जाओ।'",explicit_attribution,flagged_modifier_phrase;long_dialogue_passage
Kankal,KANKAL_TURN_00662,11,3,KANKAL_CAND_00662,विजय,ATTRIBUTED,high,explicit_subject_match_विजय,'क्या आप के भी कोई पुत्र था?',explicit_attribution,none
Kankal,KANKAL_TURN_00663,11,4,KANKAL_CAND_00663,Unknown,REVIEW,low,unmatched_speaker,"'था विजय, बहुत सुन्दर था। परमात्मा के वरदान के समान शीतल, शान्तिपूर्ण था। हृदय की अकांक्षा के सदृश गर्म। मलय-पवन के समान कोमल सुखद स्पर्श। वह मेरी निधि, मेरा सर्वस्व था। नहीं, मैं कहती हूँ कि कहीं है! वह अमर है, वह सुन्दर है, वही मेरा सत्य है। आह विजय! पचीस बरस हो गये उसे देखे हुए पचीस बरस! दो युग से कुछ ऊपर! पर मैं उसे देखकर मरूँगी।'",unresolved_unattributed,unresolved_speaker
Kankal,KANKAL_TURN_00664,11,5,KANKAL_CAND_00664,Unknown,REVIEW,low,unmatched_speaker,"'आ गया! विजय, यही है उसे ले भागने वाला! पूछो इसी से पूछो!'",unresolved_unattributed,flagged_false_positive_token_एक;unresolved_speaker
Kankal,KANKAL_TURN_00665,11,6,KANKAL_CAND_00665,Unknown,REVIEW,low,unmatched_speaker,"'माता! भीख दो! तुमसे भीख लेकर जो पेट भरता हूँ, वही मेरा प्रायश्चित्त है। मैं अपने कर्म का फल भोगने के लिए भगवान की आज्ञा से तुम्हारी ठोकर खाता हूँ। क्या मुझे और कहीं भीख नहीं मिलती नहीं, यही मेरा प्रायश्चित्त है। माता, अब क्षमा की भीख दो, देखती नहीं हो, नियति ने इस अन्धे को तुम्हारे पास तक पहुँचा दिया! क्या वही तुमको-आँखों वाली को-तुम्हारे पुत्र तक न पहुँचा देगा?'",unresolved_unattributed,flagged_false_positive_token_उस;long_dialogue_passage;unresolved_speaker
Kankal,KANKAL_TURN_00666,11,7,KANKAL_CAND_00666,विजय,ATTRIBUTED,high,explicit_subject_match_विजय,"'भाई, मुझे अपनी राम कहानी तो सुनाओ।'",explicit_attribution,none
Kankal,KANKAL_TURN_00667,11,9,KANKAL_CAND_00667,Unknown,REVIEW,low,unmatched_speaker,"'हमारा घराना एक प्रतिष्ठित धर्मगुरुओं का था। बीसों गाँव के लोग हमारे यहाँ आते-जाते थे। हमारे पूर्वजों की तपस्या और त्याग से, यह मर्यादा मुझे उत्तराधिकार में मिली थी। वंशानुक्रम से हम लोग मंत्रोपदेष्टा होते आये थे। हमारे शिष्य सम्प्रदाय में यह विश्वास था कि सांसारिक आपदाएँ निवारण करने की हम लोगों की बहुत बड़ी रहस्यपूर्ण शक्ति है। रही होगी मेरे पूर्वजों में, परन्तु मैं उन सब गुणों से रहित था। मैं परले सिरे का धूर्त था। मुझे मंत्रों पर विश्वास न था, जितना अपने चुटकुलों पर। मैं चालाकी से भूत उतार देता, रोग अच्छे कर देता। वन्ध्या को संतान देता, ग्रहों की आकाश गति में परिवर्तन कर देता, व्यवसाय में लक्ष्मी की वर्षा कर देता। चाहे सफलता एक-दो को ही मिलती रही हो, परन्तु धाक में कमी नहीं थी। मैं कैसे क्या-क्या करता, उन सब घृणित बातों को न कहकर, केवल सरला के पुत्र की बात सुनाता हूँ-पाली गाँव में मेरा एक शिष्य था। उसने एक महीने की लड़की और अपनी युवती विधवा को छोड़कर अकाल में ही स्वर्ग यात्रा की। वह विधवा धनी थी, उसे पुत्र की बड़ी लालसा थी; परन्तु पति थे नहीं, पुनर्विवाह असम्भव था। उसके मन में किसी तरह यह बात बैठ गयी कि बाबाजी चाहे तो यही पुत्री पुत्र बन जायेगी। अपने इस प्रस्ताव को लेकर बड़े प्रलोभन के साथ वह मेरे पास आयी। मैंने देखा कि सुयोग है। उसने कहा-तुम किसी से कहना मत, एक महीने बाद मकर-संक्रांति के योग में यह किया जा सकता है। वहीं पर गंगा समुद्र हो जाती है, फिर लड़की से लड़का क्यों नहीं होगा, उसके मन में यह बात बैठ गयी। हम लोग ठीक समय पर गंगा सागर पहुँचे। मैंने अपना लक्ष्य ढूँढ़ना आरम्भ किया। उसे मन ही मन में ठीक कर लिया। उस विधवा से लड़की लेकर मैं सिद्धि के लिए एकांत में गया-वन में किनारे पर जा पहुँच गया। पुलिस उधर लोगों को जाने नहीं देती। उसकी आँखों से बचकर मै जंगल की हरियाली में चला गया। थोड़ी देर में दौड़ता हुआ मेले की ओर आया और उस समय में बराबर चिल्ला रहा था, '",unresolved_unattributed,long_narrative_passage;unresolved_speaker
Kankal,KANKAL_TURN_00668,11,10,KANKAL_CAND_00668,Unknown,REVIEW,low,unmatched_speaker,'क्या कहा! गोविन्दी चौबाइन?',unresolved_unattributed,unresolved_speaker
Kankal,KANKAL_TURN_00669,11,11,KANKAL_CAND_00669,Unknown,REVIEW,low,unmatched_speaker,"'हाँ गोविन्दी, उस चौबाइन का नाम गोविन्दी था! जिसने उस लड़की को अपनी गोद में लिया।'",unresolved_unattributed,unresolved_speaker
Kankal,KANKAL_TURN_00670,11,12,KANKAL_CAND_00670,विजय,ATTRIBUTED,high,explicit_subject_match_विजय,'क्या है घण्टी?',explicit_attribution,none
Kankal,KANKAL_TURN_00671,11,13,KANKAL_CAND_00671,Unknown,REVIEW,low,unmatched_speaker,'गोविन्दी तो मेरी माँ का नाम था। और वह यह कहा करती तुझे मैंने अपनी ही लड़की-सा पाला है।',unresolved_unattributed,unresolved_speaker
Kankal,KANKAL_TURN_00672,11,14,KANKAL_CAND_00672,Unknown,REVIEW,low,unmatched_speaker,"'क्या तुमको गोविन्दी से कहीं से पाकर ही पाल-पोसकर बड़ा किया, वह तुम्हारी माँ नहीं थी।'",unresolved_unattributed,unresolved_speaker
Kankal,KANKAL_TURN_00673,11,15,KANKAL_CAND_00673,Unknown,REVIEW,low,unmatched_speaker,'नहीं वह आप भी यजमानों की भीख पर जीवन व्यतीत करती रही और मुझे भी दरिद्र छोड़ गयी।',unresolved_unattributed,unresolved_speaker
Kankal,KANKAL_TURN_00674,11,16,KANKAL_CAND_00674,विजय,ATTRIBUTED,high,explicit_subject_match_विजय,"'तब तो घण्टी तुम्हारी माँ का पता लग सकता है क्यों जी बुड्ढे! तुम यदि इसको वही लड़की समझो, जिसका तुमने बदला किया था, तो क्या इसकी माँ का पता बता सकते हो?'",explicit_attribution,none
Kankal,KANKAL_TURN_00675,11,17,KANKAL_CAND_00675,Unknown,REVIEW,low,unmatched_speaker,"'ओह! मैं उसे भली-भाँति जानता हूँ; पर अब वह कहाँ है, कह नहीं सकता। क्योंकि उस लड़के को पाकर भी वह खुशी नहीं रह सकी। उसे राह से ही सन्देह हो गया कि यह मेरी लड़की से लड़का नहीं बना, वस्तुतः कोई दूसरा लड़का है; पर मैंने उसे डाँटकर समझा दिया कि अब अगर किसी से कहेगी, तो लड़का चुराने के अभियोग में सजा पावेगी। वह लड़का रोते हुए दिन बिताता। कुछ दिन बाद हरद्वार का एक पंडा गाँव में आया। वह उसी विधवा के घर में ठहरा। उन दोनों में गुप्त प्रेम हो गया। अकस्मात् वह एक दिन लड़के को लिए मेरे पास आयी और बोली-इसे नगर के किसी अनाथालय में रख दो, मैं अब हरद्वार जाती हूँ। मैंने कुछ प्रतिवाद न किया, क्योंकि उसका अपने गाँव के पास से टल जाना ही अच्छा समझता था। मैं सहमत हुआ। और वह विधवा उस पंडे के साथ ही हरद्वार चली गयी। उसका नाम था नन्दा।'",unresolved_unattributed,long_narrative_passage;unresolved_speaker
Kankal,KANKAL_TURN_00676,11,19,KANKAL_CAND_00676,विजय,ATTRIBUTED,high,explicit_subject_match_विजय,'बुड्ढे! तुम्हारी यह दशा कैसे हुई?',explicit_attribution,none
Kankal,KANKAL_TURN_00677,11,20,KANKAL_CAND_00677,Unknown,REVIEW,low,unmatched_speaker,"'वह सुनकर क्या करोगे। अपनी करनी का फल भोग रहा हूँ, इसिलिए मैं अपनी पाप कथा सबसे कहता फिरता हूँ, तभी तो इनसे भेंट हुई। भीख दो माता, अब हम जायें।'",unresolved_unattributed,unresolved_speaker
Kankal,KANKAL_TURN_00678,11,21,KANKAL_CAND_00678,Unknown,REVIEW,low,unmatched_speaker,'अच्छा एक बात बताओगे?',unresolved_unattributed,unresolved_speaker
Kankal,KANKAL_TURN_00679,11,23,KANKAL_CAND_00679,Unknown,REVIEW,low,unmatched_speaker,"'न, न, न। वह बालक तो उसे बहुत दिनों तक पहने था, और मुझे स्मरण है, वह तब तक न था जब मैंने उसे अनाथालय में सौंपा था। ठीक स्मरण है, वहाँ के अधिकारी से मैंने कहा था-इसे सुरक्षित रखिए, सम्भव है कि इसकी यही पहचान हो, क्योंकि उस बालक पर मुझे दया आयी; परन्तु वह दया पिशाच की दया थी।'",unresolved_unattributed,unresolved_speaker
Kankal,KANKAL_TURN_00680,11,24,KANKAL_CAND_00680,विजय,ATTRIBUTED,high,explicit_subject_match_विजय,'क्या आप बता सकती हैं-वह कैसा यंत्र था?',explicit_attribution,none
Kankal,KANKAL_TURN_00681,12,1,KANKAL_CAND_00681,Unknown,REVIEW,low,unmatched_speaker,"विचार सागर में डूबती-उतराती हुई घण्टी आज मौलसिरी के नीचे एक शिला-खण्ड पर बैठी है। वह अपने मन से पूछती थी-विजय कौन है, जो मैं उसे रसालवृक्ष समझकर लता के समान लिपटी हूँ। फिर उसे आप ही आप उत्तर मिलता-तो और दूसरा कौन है मेरा लता का तो यही धर्म है कि जो समीप अवलम्ब मिले, उसे पकड़ ले और इस सृष्टि में सिर ऊँचा करके खड़ी हो जाये। अहा! क्या मेरी माँ जीवित है",unresolved_unattributed,unresolved_speaker
Kankal,KANKAL_TURN_00682,12,2,KANKAL_CAND_00682,विजय,ATTRIBUTED,high,explicit_subject_match_विजय,'क्या मैं पूछ सकता हूँ?',explicit_attribution,flagged_modifier_phrase
Kankal,KANKAL_TURN_00683,12,3,KANKAL_CAND_00683,Unknown,REVIEW,low,unmatched_speaker,'कहिए।',unresolved_unattributed,unresolved_speaker
Kankal,KANKAL_TURN_00684,12,4,KANKAL_CAND_00684,Unknown,REVIEW,low,unmatched_speaker,'विजय से आपकी कितने दिनों की जान-पहचान है?',unresolved_unattributed,unresolved_speaker
Kankal,KANKAL_TURN_00685,12,5,KANKAL_CAND_00685,Unknown,REVIEW,low,unmatched_speaker,'बहुत थोड़े दिनों की-यही वृदावन से।',unresolved_unattributed,unresolved_speaker
Kankal,KANKAL_TURN_00686,12,6,KANKAL_CAND_00686,Unknown,REVIEW,low,unmatched_speaker,'तभी वह कहता था...',unresolved_unattributed,unresolved_speaker
Kankal,KANKAL_TURN_00687,12,7,KANKAL_CAND_00687,Unknown,REVIEW,low,unmatched_speaker,'कौन क्या कहता था?',unresolved_unattributed,unresolved_speaker
Kankal,KANKAL_TURN_00688,12,8,KANKAL_CAND_00688,Unknown,REVIEW,low,unmatched_speaker,"'दरोगा, यद्यपि उसका साहस नहीं था कि मुझसे कुछ अधिक कहे; पर इसका अनुमान है कि आपको विजय कहीं से भगा लाया है।'",unresolved_unattributed,unresolved_speaker
Kankal,KANKAL_TURN_00689,12,9,KANKAL_CAND_00689,Unknown,REVIEW,low,unmatched_speaker,'घण्टी किसी की कोई नहीं है; जो उसकी इच्छा होगी वही करेगी! मैं आज ही विजय बाबू से कहूँगी कि वह मुझे लेकर कहीं दूसरे घर में चलें।',unresolved_unattributed,unresolved_speaker
Kankal,KANKAL_TURN_00690,12,10,KANKAL_CAND_00690,Unknown,REVIEW,low,unmatched_speaker,"'बाथम ने देखा कि वह स्वतन्त्र युवती तनकर खड़ी हो गयी। उसकी नसें फूल रही थीं। इसी समय लतिका ने वहाँ पहुँचकर एक काण्ड उपस्थित कर दिया। उसने बाथम की ओर तीक्ष्ण दृष्टि से देखते हुए पूछा, '",unresolved_unattributed,unresolved_speaker
Kankal,KANKAL_TURN_00691,12,11,KANKAL_CAND_00691,Unknown,REVIEW,low,unmatched_speaker,"'कुछ नहीं। मैं चाहता था कि यह ईसाई होकर अपनी रक्षा कर लें, क्योकि इसके...'",unresolved_unattributed,unresolved_speaker
Kankal,KANKAL_TURN_00692,12,12,KANKAL_CAND_00692,लतिका,ATTRIBUTED,high,explicit_subject_match_लतिका,'और यदि मैं हिन्दू हो जाऊँ?',explicit_attribution,none
Kankal,KANKAL_TURN_00693,12,13,KANKAL_CAND_00693,Unknown,REVIEW,low,unmatched_speaker,'दोनों हो सकते हैं। पर तुम मुझे क्षमा करोगी लतिका?',unresolved_unattributed,unresolved_speaker
Kankal,KANKAL_TURN_00694,12,17,KANKAL_CAND_00694,Unknown,REVIEW,low,unmatched_speaker,"'घण्टी क्या यहीं बैठी रहोगी उसने सिर नीचा किए हुए उत्तर दिया, '",unresolved_unattributed,unresolved_speaker
Kankal,KANKAL_TURN_00695,12,18,KANKAL_CAND_00695,विजय,ATTRIBUTED,high,explicit_subject_match_विजय,'यमुना!',explicit_attribution,flagged_modifier_phrase
Kankal,KANKAL_TURN_00696,12,19,KANKAL_CAND_00696,यमुना,ATTRIBUTED,high,explicit_subject_match_यमुना,'क्यों नवाब! आजकल कोई मामला नहीं देते हो?',explicit_attribution,flagged_modifier_phrase
Kankal,KANKAL_TURN_00697,12,20,KANKAL_CAND_00697,Unknown,REVIEW,low,unmatched_speaker,"'इतने मामले दिये, मेरी भी खबर आप ने ली?'",unresolved_unattributed,unresolved_speaker
Kankal,KANKAL_TURN_00698,12,21,KANKAL_CAND_00698,Unknown,REVIEW,low,unmatched_speaker,'तो तुम रुपया चाहते हो न?',unresolved_unattributed,flagged_false_positive_token_सब;unresolved_speaker
Kankal,KANKAL_TURN_00699,12,22,KANKAL_CAND_00699,Unknown,REVIEW,low,unmatched_speaker,'पर यह इनाम रुपयों में न होगा!',unresolved_unattributed,unresolved_speaker
Kankal,KANKAL_TURN_00700,12,23,KANKAL_CAND_00700,Unknown,REVIEW,low,unmatched_speaker,'फिर क्या?',unresolved_unattributed,flagged_false_positive_token_सब;unresolved_speaker
Kankal,KANKAL_TURN_00701,12,24,KANKAL_CAND_00701,Unknown,REVIEW,low,unmatched_speaker,"'रुपया आप ले लीजिए, मुझे तो वह बुत मिल जाना चाहिए। इतना ही करना होगा।'",unresolved_unattributed,unresolved_speaker
Kankal,KANKAL_TURN_00702,12,25,KANKAL_CAND_00702,Unknown,REVIEW,low,unmatched_speaker,"'ओह! तुमने फिर बड़ी बात छेड़ी, तुम नहीं जानते हो, यह बाथम एक अग्रेज है और उसकी उन लोगों पर मेहरबानी है। हाँ, इतना हो सकता है कि तुम उसको अपने हाथों में कर लो, फिर मैं तुमको फँसने न दूँगा।'",unresolved_unattributed,flagged_false_positive_token_सब;unresolved_speaker
Kankal,KANKAL_TURN_00703,12,26,KANKAL_CAND_00703,Unknown,REVIEW,low,unmatched_speaker,'यह तो जान जोखिम का सौदा है।',unresolved_unattributed,unresolved_speaker
Kankal,KANKAL_TURN_00704,12,27,KANKAL_CAND_00704,Unknown,REVIEW,low,unmatched_speaker,"'फिर मैं क्या करूँ पीछे लगे रहो, कभी तो हाथ लग जायेगी। मैं सम्हाल लूँगा। हाँ, यह तो बताओ, उस चौबाइन का क्या हुआ, जिसे तुम बिन्दरावन की बता रहे थे। मुझे नहीं दिखलाया, क्यों?'",unresolved_unattributed,flagged_false_positive_token_सब;unresolved_speaker
Kankal,KANKAL_TURN_00705,12,28,KANKAL_CAND_00705,Unknown,REVIEW,low,unmatched_speaker,'वही तो वहाँ है! यह परदेसी न जाने कहाँ से कूद पड़ा। नहीं तो अब तक...',unresolved_unattributed,unresolved_speaker
Kankal,KANKAL_TURN_00706,12,30,KANKAL_CAND_00706,Unknown,REVIEW,low,unmatched_speaker,"कुरसी पर बैठे वह सोचने लगा-सचमुच घण्टी एक निस्सहाय युवती है, उसकी रक्षा करनी ही चाहिए। उसी दिन से विजय ने घण्टी से पूर्ववत् मित्रता का बर्ताव प्रारम्भ कर दिया-वही हँसना-बोलना, वही साथ घूमना-फिरना।",unresolved_unattributed,flagged_false_positive_token_वह;unresolved_speaker
Kankal,KANKAL_TURN_00707,13,1,KANKAL_CAND_00707,Unknown,REVIEW,low,unmatched_speaker,"वृन्दावन से दूर एक हरा-भरा टीला है, यमुना उसी से टकराकर बहती है। बड़े-बड़े वृक्षों की इतनी बहुतायत है कि वह टीला दूर से देखने पर एक बड़ा छायादार निकुंज मालूम पड़ता है। एक ओर पत्थर की सीढ़ियाँ हैं, जिनमें चढ़कर ऊपर जाने पर श्रीकृष्ण का एक छोटा-सा मन्दिर है और उसके चारों ओर कोठरी तथा दालानें हैं।",unresolved_unattributed,flagged_false_positive_token_एक;unresolved_speaker
Kankal,KANKAL_TURN_00708,13,3,KANKAL_CAND_00708,गोस्वामी,ATTRIBUTED,high,explicit_subject_match_गोस्वामी,'इन्हें समेटकर रख दो।',explicit_attribution,flagged_modifier_phrase
Kankal,KANKAL_TURN_00709,13,3,KANKAL_CAND_00709,Unknown,REVIEW,low,unmatched_speaker,"'आज तो एकादशी है, भारत का पाठ न होगा?'",unresolved_unattributed,unresolved_speaker
Kankal,KANKAL_TURN_00710,13,4,KANKAL_CAND_00710,गोस्वामी,ATTRIBUTED,high,explicit_subject_match_गोस्वामी,'यमुने!',explicit_attribution,none
Kankal,KANKAL_TURN_00711,13,6,KANKAL_CAND_00711,Unknown,REVIEW,low,unmatched_speaker,'बेटी! तुझे कोई कष्ट तो नहीं है?',unresolved_unattributed,unresolved_speaker
Kankal,KANKAL_TURN_00712,13,7,KANKAL_CAND_00712,Unknown,REVIEW,low,unmatched_speaker,"'यमुने! भगवान दुखियों से अत्यंत स्नेह करते हैं। दुःख भगवान का सात्त्विक दान है-मंगलमय उपहार है। इसे पाकर एक बार अन्तःकरण के सच्चे स्वर से पुकारने का, सुख अनुभव करने का अभ्यास करो। विश्राम का निःश्वास केवल भगवान् के नाम के साथ ही निकलता है बेटी!'",unresolved_unattributed,unresolved_speaker
Kankal,KANKAL_TURN_00713,13,8,KANKAL_CAND_00713,गोस्वामी,ATTRIBUTED,high,explicit_subject_match_गोस्वामी,"'महाराज, और कोई सेवा हो तो आज्ञा दीजिए।'",explicit_attribution,flagged_modifier_phrase
Kankal,KANKAL_TURN_00714,13,9,KANKAL_CAND_00714,Unknown,REVIEW,low,unmatched_speaker,"'मंगल इत्यादि ने मुझसे अनुरोध किया है कि मैं सर्वसाधारण के लाभ के लिए आश्रम में कई दिनों तक सार्वजनिक प्रवचन करूँ। यद्यपि मैं इसे अस्वीकार करता रहा, किन्तु बाध्य होकर मुझे करना ही पड़ेगा। यहाँ पूरी स्वच्छता रहनी चाहिए, कुछ बाहरी लोगों के आने की संभावना है।'",unresolved_unattributed,unresolved_speaker
Kankal,KANKAL_TURN_00715,13,12,KANKAL_CAND_00715,गोस्वामी,ATTRIBUTED,high,explicit_subject_match_गोस्वामी,"'तुम्हीं ने प्रण किया था कि जब-जब धर्म की ग्लानि होगी, हम उसका उद्धार करने के लिए आवेंगे! तो क्या अभी विलम्ब है तुम्हारे बाद एक शान्ति का दूत आया था, वह दुःख को अधिक स्पष्ट बनाकर चला गया। विरागी होकर रहने का उपदेश दे गया; परन्तु उस शक्ति को स्थिर रखने के लिए शक्ति कहाँ रही फिर से बर्बरता और हिंसा ताण्डव-नृत्य करने लगी है, क्या अब भी विलम्ब है?'",explicit_attribution,flagged_modifier_phrase;long_dialogue_passage
Kankal,KANKAL_TURN_00716,13,14,KANKAL_CAND_00716,Unknown,REVIEW,low,unmatched_speaker,'मंगल देव! तुम्हारे ब्रह्मचारी कहाँ हैं?',unresolved_unattributed,flagged_false_positive_token_एक;unresolved_speaker
Kankal,KANKAL_TURN_00717,13,15,KANKAL_CAND_00717,Unknown,REVIEW,low,unmatched_speaker,'आ गये हैं गुरुदेव!',unresolved_unattributed,unresolved_speaker
Kankal,KANKAL_TURN_00718,13,16,KANKAL_CAND_00718,Unknown,REVIEW,low,unmatched_speaker,'उन सबों को काम बाँट दो और कर्र्तव्य समझा दो। आज प्रायः बहुत से लोग आवेंगे।',unresolved_unattributed,unresolved_speaker
Kankal,KANKAL_TURN_00719,13,17,KANKAL_CAND_00719,Unknown,REVIEW,low,unmatched_speaker,"'जैसी आज्ञा हो, परन्तु गुरुदेव! मेरी एक शंका है।'",unresolved_unattributed,unresolved_speaker
Kankal,KANKAL_TURN_00720,13,18,KANKAL_CAND_00720,Unknown,REVIEW,low,unmatched_speaker,"'मंगल, एक प्रवचन में अपनी अनुभूति सुनाऊँगा, घबराओ मत। तुम्हारी सब शंकाओं का उत्तर मिलेगा।'",unresolved_unattributed,unresolved_speaker
Kankal,KANKAL_TURN_00721,13,20,KANKAL_CAND_00721,Unknown,REVIEW,low,unmatched_speaker,आश्रम में दो दिनों से कृष्ण-कथा हो रही थी। गोस्वामी जी बाल चरित्र कहकर उसका उपसंहार करते हुए बोले-'धर्म और राजनीति से पीड़ित यादव-जनता का उद्धार करके भी श्रीकृष्ण ने देखा कि यादवों को ब्रज में शांति न मिलेगी।,unresolved_unattributed,unresolved_speaker
Kankal,KANKAL_TURN_00722,13,23,KANKAL_CAND_00722,Unknown,REVIEW,low,unmatched_speaker,कहते-कहते गोस्वामी की आँखों से अविरल अश्रुधारा बहने लगी। श्रोता भी रो रहे थे।,unresolved_unattributed,unresolved_speaker
Kankal,KANKAL_TURN_00723,13,25,KANKAL_CAND_00723,गोस्वामी,ATTRIBUTED,high,explicit_subject_match_गोस्वामी,'जाओ यमुना से कहो।',explicit_attribution,none
Kankal,KANKAL_TURN_00724,13,27,KANKAL_CAND_00724,मंगलदेव,ATTRIBUTED,high,explicit_subject_match_मंगलदेव,'यमुना!',explicit_attribution,flagged_modifier_phrase
Kankal,KANKAL_TURN_00725,13,28,KANKAL_CAND_00725,Unknown,REVIEW,low,unmatched_speaker,'कौन है?',unresolved_unattributed,flagged_false_positive_token_वह;unresolved_speaker
Kankal,KANKAL_TURN_00726,13,29,KANKAL_CAND_00726,Unknown,REVIEW,low,unmatched_speaker,'गोस्वामी जी की आज्ञा है कि...',unresolved_unattributed,unresolved_speaker
Kankal,KANKAL_TURN_00727,13,30,KANKAL_CAND_00727,Unknown,REVIEW,low,unmatched_speaker,"'जो वस्तु चाहिए, उसे भण्डारी जी से जाकर कहिए, मैं कुछ नहीं जानती।'",unresolved_unattributed,unresolved_speaker
Kankal,KANKAL_TURN_00728,13,31,KANKAL_CAND_00728,Unknown,REVIEW,low,unmatched_speaker,'तुम्हीं से कहने की आज्ञा हुई है।',unresolved_unattributed,flagged_false_positive_token_फिर;unresolved_speaker
Kankal,KANKAL_TURN_00729,13,33,KANKAL_CAND_00729,गोस्वामी,ATTRIBUTED,high,explicit_subject_match_गोस्वामी,'क्या है बेटी?',explicit_attribution,none
Kankal,KANKAL_TURN_00730,13,36,KANKAL_CAND_00730,Unknown,REVIEW,low,unmatched_speaker,रात-भर उसे नींद न आयी।,unresolved_unattributed,unresolved_speaker
Kankal,KANKAL_TURN_00731,14,6,KANKAL_CAND_00731,गोस्वामी,ATTRIBUTED,high,explicit_subject_match_गोस्वामी,'मंगल! तुमने इस अबला का अपमान किया था?',explicit_attribution,flagged_modifier_phrase
Kankal,KANKAL_TURN_00732,14,7,KANKAL_CAND_00732,Unknown,REVIEW,low,unmatched_speaker,"'बोलो, क्या तुम्हारा हृदय पाप से भर गया था?'",unresolved_unattributed,unresolved_speaker
Kankal,KANKAL_TURN_00733,14,9,KANKAL_CAND_00733,Unknown,REVIEW,low,unmatched_speaker,'तो तुम मौन रहकर अपना अपराध स्वीकार करते हो?',unresolved_unattributed,unresolved_speaker
Kankal,KANKAL_TURN_00734,14,11,KANKAL_CAND_00734,गोस्वामी,ATTRIBUTED,high,explicit_subject_match_गोस्वामी,"'भूल जाओ यमुना, उसके अपराध को भूल जाओ।'",explicit_attribution,flagged_modifier_phrase
Kankal,KANKAL_TURN_00735,14,13,KANKAL_CAND_00735,गोस्वामी,ATTRIBUTED,high,explicit_subject_match_गोस्वामी,"'मुझे तो गोस्वामी की बातें कुछ जँचती नहीं। कल फिर चलूँगा। तुम्हारी क्या सम्मति है, घण्टी?'",explicit_attribution,none
Kankal,KANKAL_TURN_00736,14,14,KANKAL_CAND_00736,Unknown,REVIEW,low,unmatched_speaker,'मैं भी चलूँगी।',unresolved_unattributed,unresolved_speaker
Kankal,KANKAL_TURN_00737,14,16,KANKAL_CAND_00737,Unknown,REVIEW,low,unmatched_speaker,मूर्तिमती चिंता-सी लतिका यंत्र चलित पाद-विपक्ष करती हुई दालान में आकर बैठ गयी। पलकों के परदे गिरे हैं। भावनाएँ अस्फुट होकर विलीन हो जाती हैं-मैं हिन्दू थी...हाँ फिर...सहसा आर्थिक कारणों से पिता...माता ईसाई....यमुना के पुल पर से रेलगाड़ी आती थी...झक...झक...झक आलोक माला का हार पहने सन्ध्या में...हाँ यमुनी की आरती भी होती थी...अरे वे कछुए...मैं उन्हें चने खिलाती थी...पर मुझे रेलगाड़ी का संगीत उन घण्टों से अच्छा लगता...फिर एक दिन हम लोग गिरजाघर जा पहुँचे। इसके बाद...गिरजाघर का घण्टा सुनने लगी...ओह। मैं लता-सी आगे बढ़ने लगी...बाथम एक सुन्दर हृदय की आंकाक्षा-सा सुरुचिपूर्ण यौवन का उन्माद...प्रेरणा का पवन...मैं लिपट गयी...क्रूर...निर्दय...मनुष्य के रूप में पिशाच....मेरे धन का पुजारी...व्यापारी...चापलूसी बेचने वाला। और यह कौन ज्वाला घण्टी...बाथम अहसनीय...ओह!,unresolved_unattributed,long_narrative_passage;unresolved_speaker
Kankal,KANKAL_TURN_00738,14,18,KANKAL_CAND_00738,Unknown,REVIEW,low,unmatched_speaker,"'सरला, मैं दुःस्वप्न देख रही थी।'",unresolved_unattributed,unresolved_speaker
Kankal,KANKAL_TURN_00739,14,19,KANKAL_CAND_00739,Unknown,REVIEW,low,unmatched_speaker,"'मेरी सम्मति है कि इन दोनों अतिथियों को बिदा कर दिया जाये। प्यारी मारगरेट, तुमको बड़ा दुःख है।'",unresolved_unattributed,unresolved_speaker
Kankal,KANKAL_TURN_00740,14,20,KANKAL_CAND_00740,Unknown,REVIEW,low,unmatched_speaker,"'नहीं, नहीं, बाथम को दुःख होगा!'",unresolved_unattributed,unresolved_speaker
Kankal,KANKAL_TURN_00741,14,21,KANKAL_CAND_00741,Unknown,REVIEW,low,unmatched_speaker,'लतिका! मुझे तुमसे कुछ पूछना है।',unresolved_unattributed,unresolved_speaker
Kankal,KANKAL_TURN_00742,14,22,KANKAL_CAND_00742,Unknown,REVIEW,low,unmatched_speaker,'मैं कल सुनूँगी फिर कभी...मेरा सिर दुख रहा है।',unresolved_unattributed,unresolved_speaker
Kankal,KANKAL_TURN_00743,14,22,KANKAL_CAND_00743,लतिका,ATTRIBUTED,high,explicit_subject_match_लतिका,"'लतिका, चलो सो रहो।'",explicit_attribution,flagged_modifier_phrase
Kankal,KANKAL_TURN_00744,14,23,KANKAL_CAND_00744,लतिका,ATTRIBUTED,high,explicit_subject_match_लतिका,"लतिका ने आँख खोलकर देखा-अँधेरा चाँदनी को पिये जाता है! अस्त-व्यस्त नक्षत्र, शवरी रजनी की टूटी हुई काँचमाला के टुकड़े हैं, उनमें लतिका अपने हृदय का प्रतिबिम्ब देखने की चेष्टा करने लगी। सब नक्षत्रों में विकृत प्रतिबिम्ब वह डर गयी! काँपती हुई उसने सरला का हाथ पकड़ लिया।",explicit_attribution,none
Kankal,KANKAL_TURN_00745,14,24,KANKAL_CAND_00745,Unknown,REVIEW,low,unmatched_speaker,"सरला ने उसे धीरे-धीरे पलंग तक पहुँचाया। वह जाकर पड़ रही, आँखें बन्द किये थी, वह डर से खोलती न थी। उसने मेष-शावक और शिशु उसको प्यार कर रहा है; परन्तु यह क्या-यह क्या-वह त्रिशूल-सी कौन विभीषिका उसके पीछे खड़ी है! ओह, उसकी छाया मेष-शावक और शिशु दोनों पर पड़ रही है।",unresolved_unattributed,flagged_false_positive_token_धीरे;unresolved_speaker
Kankal,KANKAL_TURN_00746,14,28,KANKAL_CAND_00746,Unknown,REVIEW,low,unmatched_speaker,"'पिछले दिनों में मैंने पुरुषोत्तम की प्रारम्भिक जीवनी सुनाई थी, आज सुनाऊँगा उनका संदेश। उनका संदेश था-आत्मा की स्वतन्त्रता का, साम्य का, कर्मयोग का और बुद्धिवाद का। आज हम धर्म के जिस ढाँचे को-शव को-घेरकर रो रहे हैं, वह उनका धर्म नहीं था। धर्म को वे बड़ी दूर की पवित्र या डरने की वस्तु नहीं बतलाते थे। उन्होंने स्वर्ग का लालच छोड़कर रूढ़ियों के धर्म को पाप कहकर घोषणा की। उन्होंने जीवनमुक्त होने का प्रचार किया। निःस्वार्थ भाव से कर्म की महत्ता बतायी और उदाहरणों से भी उसे सिद्ध किया। राजा नहीं थे; पर अनायास ही वे महाभारत के सम्राट हो सकते थे, पर हुए नहीं। सौन्दर्य, बल, विद्या, वैभव, महत्ता, त्याग कोई भी ऐसे पदार्थ नहीं थे, जो अप्राप्य रहे हों। वे पूर्ण काम होने पर भी समाज के एक तटस्थ उपकारी रहे। जंगल के कोने में बैठकर उन्होंने धर्म का उपदेश काषाय ओढ़कर नहीं दिया; वे जीवन-युद्ध के सारथी थे। उसकी उपासना-प्रणाली थी-किसी भी प्रकार चिंता का अभाव होकर अन्तःकरण का निर्मल हो जाना, विकल्प और संकल्प में शुद्ध-बुद्धि की शरण जानकर कर्तव्य निश्चय करना। कर्म-कुशलता उसका योग है। निष्काम कर्म करना शान्ति है। जीवन-मरण में निर्भय रहना, लोक-सेवा करते कहना, उनका संदेश है। वे आर्य संस्कृति के शुद्ध भारतीय संस्करण है। गोपालों के संग वे पले, दीनता की गोद में दुलारे गये। अत्याचारी राजाओं के सिंहासन उलटे-करोड़ों बलोन्मत्त नृशंसों के मरण-यज्ञ में वे हँसने वाले अध्वर्यु थे। इस आर्यावर्त्त को महाभारत बनाने वाले थे। वे धर्मराज के संस्थापक थे। सबकी आत्मा स्वतंत्र हो, इसलिए समाज की व्यावहारिक बातों को वे शरीर-कर्म कहकर व्याख्या करते थे-क्या यह पथ सरल नहीं, क्या हमारे वर्तमान दुःखों में यह अवलम्बन न होगा सब प्राणियों से निर्वेर रखने वाला शान्तिपूर्ण शक्ति-संवलित मानवता का ऋतु पथ, क्या हम लोगों के चलने योग्य नहीं है?'",unresolved_unattributed,long_narrative_passage;unresolved_speaker
Kankal,KANKAL_TURN_00747,14,29,KANKAL_CAND_00747,Unknown,REVIEW,low,unmatched_speaker,"'है, अवश्य है!'",unresolved_unattributed,unresolved_speaker
Kankal,KANKAL_TURN_00748,14,30,KANKAL_CAND_00748,Unknown,REVIEW,low,unmatched_speaker,"'हाँ, और उसमें कोई आडम्बर नहीं। उपासना के लिए एकांत निश्चिंत अवस्था, और स्वाध्याय के लिए चुने हुए श्रुतियों के सार-भाग का संग्रह, गुणकर्मों से विशेषता और पूर्ण आत्मनिष्ठा, सबकी साधारण समता-इतनी ही तो चाहिए। कार्यालय मत बनाइये, मित्रों के सदृश एक-दूसरे को समझाइये, किसी गुरुडम की आवश्यकता नहीं। आर्य-संस्कृति अपना तामस त्याग, झूठा विराग छोड़कर जागेगी। भूपृष्ठ के भौतिक देहात्मवादी चौंक उठेंगे, यान्त्रित सभ्यता के पतनकाल में वही मानवजाति का अवलम्बन होगी।'",unresolved_unattributed,unresolved_speaker
Kankal,KANKAL_TURN_00749,14,31,KANKAL_CAND_00749,Unknown,REVIEW,low,unmatched_speaker,'पुरुषोत्तम की जय!',unresolved_unattributed,unresolved_speaker
Kankal,KANKAL_TURN_00750,14,32,KANKAL_CAND_00750,विजय,ATTRIBUTED,high,explicit_subject_match_विजय,"'महाराज! मैं कुछ पूछना चाहता हूँ। मैं इस समाज से उपेक्षिता, अज्ञातकुलशीला घण्टी से ब्याह करना चाहता हूँ। इसमें आपकी क्या अनुमति है?'",explicit_attribution,none
Kankal,KANKAL_TURN_00751,14,33,KANKAL_CAND_00751,Unknown,REVIEW,low,unmatched_speaker,"'मेरा तो एक ही आदर्श है। तुम्हें जानना चाहिए कि परस्पर प्रेम का विश्वास कर लेने पर यादवों के विरुद्ध रहते भी सुभद्रा और अर्जुन के परिणय को पुरुषोत्तम ने सहायता दी, यदि तुम दोनों में परस्पर प्रेम है, तो भगवान् को साक्षी देकर तुम परिणय के पवित्र बन्धन में बँध सकते हो।'",unresolved_unattributed,unresolved_speaker
Kankal,KANKAL_TURN_00752,14,34,KANKAL_CAND_00752,यमुना,ATTRIBUTED,high,explicit_subject_match_यमुना,"'विजय बाबू, यह ब्याह आप केवल अहंकार से करने जा रहे हैं, आपका प्रेम घण्टी पर नहीं है।'",explicit_attribution,flagged_modifier_phrase
Kankal,KANKAL_TURN_00753,14,35,KANKAL_CAND_00753,Unknown,REVIEW,low,unmatched_speaker,"'लौट जाओ बेटी! विजय, चलो! सब लोग चलें।'",unresolved_unattributed,unresolved_speaker
Kankal,KANKAL_TURN_00754,15,5,KANKAL_CAND_00754,Unknown,REVIEW,low,unmatched_speaker,"'चन्दा, तुम मेरे लिए इतना कष्ट करती हो।'",unresolved_unattributed,flagged_false_positive_token_एक;unresolved_speaker
Kankal,KANKAL_TURN_00755,15,6,KANKAL_CAND_00755,Unknown,REVIEW,low,unmatched_speaker,'और तुमको इस कष्ट में चिंता क्यों है?',unresolved_unattributed,unresolved_speaker
Kankal,KANKAL_TURN_00756,15,7,KANKAL_CAND_00756,श्रीचन्द्र,ATTRIBUTED,high,explicit_subject_match_श्रीचन्द्र,'यही कि मैं इसका क्या प्रतिकार कर सकूँगा!',explicit_attribution,none
Kankal,KANKAL_TURN_00757,15,8,KANKAL_CAND_00757,Unknown,REVIEW,low,unmatched_speaker,"'प्रतिकार मैं स्वयं कर लूँगी। हाँ, पहले यह तो बताओ-अब तुम्हारे ऊपर कितना ऋण है?'",unresolved_unattributed,unresolved_speaker
Kankal,KANKAL_TURN_00758,15,9,KANKAL_CAND_00758,श्रीचन्द्र,ATTRIBUTED,high,explicit_subject_match_श्रीचन्द्र,'अभी बहुत है।',explicit_attribution,none
Kankal,KANKAL_TURN_00759,15,10,KANKAL_CAND_00759,Unknown,REVIEW,low,unmatched_speaker,'क्या कहा! अभी बहुत है।',unresolved_unattributed,unresolved_speaker
Kankal,KANKAL_TURN_00760,15,11,KANKAL_CAND_00760,श्रीचन्द्र,ATTRIBUTED,high,explicit_subject_match_श्रीचन्द्र,"'हाँ, अमृतसर की सारी स्थावर सम्पत्ति अभी बन्धक है। एक लाख रुपया चाहिए।'",explicit_attribution,none
Kankal,KANKAL_TURN_00761,15,12,KANKAL_CAND_00761,Unknown,REVIEW,low,unmatched_speaker,"'एक उपाय है, करोगे?'",unresolved_unattributed,flagged_false_positive_token_एक;unresolved_speaker
Kankal,KANKAL_TURN_00762,15,13,KANKAL_CAND_00762,Unknown,REVIEW,low,unmatched_speaker,'वह क्या?',unresolved_unattributed,unresolved_speaker
Kankal,KANKAL_TURN_00763,15,14,KANKAL_CAND_00763,Unknown,REVIEW,low,unmatched_speaker,'विधवा-विवाह-सभा में चलकर हम लोग...',unresolved_unattributed,unresolved_speaker
Kankal,KANKAL_TURN_00764,15,14,KANKAL_CAND_00764,Unknown,REVIEW,low,unmatched_speaker,'तुम्हारा सब प्रेम झूठा था!',unresolved_unattributed,flagged_false_positive_token_एक;unresolved_speaker
Kankal,KANKAL_TURN_00765,15,15,KANKAL_CAND_00765,Unknown,REVIEW,low,unmatched_speaker,"'बात क्या है, मैंने तो कुछ कहा भी नहीं और तुम लगीं बिगड़ने!'",unresolved_unattributed,unresolved_speaker
Kankal,KANKAL_TURN_00766,15,16,KANKAL_CAND_00766,Unknown,REVIEW,low,unmatched_speaker,'मैं तुम्हारी हँसी का अर्थ समझती हूँ!',unresolved_unattributed,unresolved_speaker
Kankal,KANKAL_TURN_00767,15,17,KANKAL_CAND_00767,श्रीचन्द्र,ATTRIBUTED,high,explicit_subject_match_श्रीचन्द्र,"'कदापि नहीं। स्त्रियाँ प्रायः तुनक जाने का कारण सब बातों में निकाल लेती हैं। मैं तुम्हारे भोलेपन पर हँस रहा था। तुम जानती हो कि ब्याह के व्यवसाय में तो मैंने कभी का दिवाला निकाल दिया है, फिर भी वही प्रश्न।'",explicit_attribution,none
Kankal,KANKAL_TURN_00768,15,18,KANKAL_CAND_00768,Unknown,REVIEW,low,unmatched_speaker,"'ये सब तुम्हारी बनावटी बातें हैं। मैं जानती हूँ कि तुम्हारी पहली स्त्री और संसार तुम्हारे लिए नहीं के बराबर है। उसके लिए कोई बाधा नहीं। हम-तुम जब एक हो जायेंगे, तब सब सम्पत्ति तुम्हारी हो जायेगी!'",unresolved_unattributed,unresolved_speaker
Kankal,KANKAL_TURN_00769,15,19,KANKAL_CAND_00769,श्रीचन्द्र,ATTRIBUTED,high,explicit_subject_match_श्रीचन्द्र,"'यह तो यों भी हो सकता है; पर मेरी एक सम्मति है, उसे मानना-न मानना तुम्हारे अधिकार में है। मगर है बात बड़ी अच्छी!'",explicit_attribution,none
Kankal,KANKAL_TURN_00770,15,20,KANKAL_CAND_00770,श्रीचन्द्र,ATTRIBUTED,high,explicit_subject_match_श्रीचन्द्र,"'तुम जानती हो कि विजय मेरे लड़के नाम से प्रसिद्ध है और काशी में अमृतसर की गन्ध अभी नहीं पहुँची है। मैं यदि तुमसे विधवा-विवाह कर लेता हूँ, तो इस सम्बन्ध में अड़चन भी होगी और बदनामी भी; क्या तुमको यह जामाता पसन्द नहीं?'",explicit_attribution,none
Kankal,KANKAL_TURN_00771,15,21,KANKAL_CAND_00771,Unknown,REVIEW,low,unmatched_speaker,'यह तो बड़ी अच्छी बात सोची!',unresolved_unattributed,flagged_false_positive_token_एक;unresolved_speaker
Kankal,KANKAL_TURN_00772,15,22,KANKAL_CAND_00772,श्रीचन्द्र,ATTRIBUTED,high,explicit_subject_match_श्रीचन्द्र,"'तुमको यह जानकर और प्रसन्नता होगी कि मैंने जो कुछ रुपये किशोरी को भेजे हैं, उनसे उस चालाक स्त्री ने अच्छी जमींदारी बना ली है। और काशी में अमृतसर वाली कोठी की बड़ी धाक है। वहीं चलकर लाली का ब्याह हो जायेगा। तब हम लोग यहाँ की सम्पत्ति और व्यवसाय से आनन्द लेंगे। किशोरी धन, बेटा, बहू लेकर सन्तुष्ट हो जायेगी! क्यों, कैसी रही!'",explicit_attribution,none
Kankal,KANKAL_TURN_00773,15,25,KANKAL_CAND_00773,Unknown,REVIEW,low,unmatched_speaker,'आज चाय पीकर ही जाऊँगी।',unresolved_unattributed,unresolved_speaker
Kankal,KANKAL_TURN_00774,15,26,KANKAL_CAND_00774,श्रीचन्द्र,ATTRIBUTED,high,explicit_subject_match_श्रीचन्द्र,"'नहीं, तुम्हें अपने बँगले में उजेले से पहले ही पहुँचना चाहिए। मैं तुम्हें बहुत सुरक्षित रखना चाहता हूँ।'",explicit_attribution,none
Kankal,KANKAL_TURN_00775,15,27,KANKAL_CAND_00775,Unknown,REVIEW,low,unmatched_speaker,"'मुझे इस बँगले की बनावट बहुत सुन्दर लगती है, इसकी ऊँची कुरसी और चारों ओर खुला हुआ उपवन बहुत ही सुहावना है!'",unresolved_unattributed,unresolved_speaker
Kankal,KANKAL_TURN_00776,15,28,KANKAL_CAND_00776,श्रीचन्द्र,ATTRIBUTED,high,explicit_subject_match_श्रीचन्द्र,"'चन्दा, तुमको भूल न जाना चाहिए कि संसार में पाप से उतना डर नहीं जितना जनरव से! इसलिए तुम चलो, मैं ही तुम्हारे बँगले पर आकर चाय पीऊँगा। अब इस बँगले से मुझे प्रेम नहीं रहा, क्योंकि इसका दूसरे के हाथ में जाना निश्चित है।'",explicit_attribution,none
Kankal,KANKAL_TURN_00777,15,29,KANKAL_CAND_00777,Unknown,REVIEW,low,unmatched_speaker,"'ऐसा कदापि नहीं होगा। अभी मेरे पास एक लाख रुपया है। मैं कम सूद पर तुम्हारी सब सम्पत्ति अपने यहाँ रख लूँगी। बोलो, फिर तो तुमको किसी दूसरे की बात न सुननी होगी।'",unresolved_unattributed,flagged_false_positive_token_एक;unresolved_speaker
Kankal,KANKAL_TURN_00778,15,30,KANKAL_CAND_00778,Unknown,REVIEW,low,unmatched_speaker,'और मेरा तगादा तो इस जन्म में छूटने का नहीं।',unresolved_unattributed,flagged_false_positive_token_फिर;unresolved_speaker
Kankal,KANKAL_TURN_00779,15,31,KANKAL_CAND_00779,Unknown,REVIEW,low,unmatched_speaker,"'मेरी सम्पत्ति ही नहीं, मुझे भी बन्धक रख लो प्यारी चन्दा! पर अपनी बदनामी बचाओ, लाली भी हम लोगों का रहस्य न जाने तो अच्छा है, क्योंकि हम लोग चाहे जैसे भी हों, पर सन्तानें तो हम लोगों की बुराइयों से अनभिज्ञ रहें। अन्यथा उसके मन में बुराइयों के प्रति अवहेलना की धारणा बन जाती है। और वे उन अपराधों को फिर अपराध नहीं समझते, जिन्हें वे जानते हैं कि हमारे बड़े लोगों ने भी किया है।'",unresolved_unattributed,unresolved_speaker
Kankal,KANKAL_TURN_00780,15,32,KANKAL_CAND_00780,Unknown,REVIEW,low,unmatched_speaker,"'लाली के जगने का तो अब समय हो रहा है। अच्छा, वहीं चाय पीजियेगा और सब प्रबन्ध भी आज ही ठीक हो जायेगा।'",unresolved_unattributed,unresolved_speaker
Kankal,KANKAL_TURN_00781,16,1,KANKAL_CAND_00781,किशोरी,ATTRIBUTED,high,explicit_subject_match_किशोरी,'क्या अभी जाना चाहते हो?',explicit_attribution,flagged_modifier_phrase
Kankal,KANKAL_TURN_00782,16,2,KANKAL_CAND_00782,Unknown,REVIEW,low,unmatched_speaker,"'हाँ, मैंने जब संसार छोड़ दिया है, तब किसी की बात क्यों सहूँ?'",unresolved_unattributed,unresolved_speaker
Kankal,KANKAL_TURN_00783,16,3,KANKAL_CAND_00783,Unknown,REVIEW,low,unmatched_speaker,"'क्यों झूठ बोलते हो, तुमने कब कोई वस्तु छोड़ी थी। तुम्हारे त्याग से तो भोले-भाले, माया में फँसे हुए गृहस्थ कहीं ऊँचे हैं! अपनी ओर देखो, हृदय पर हाथ रखकर पूछो, निरंजन, मेरे सामने तुम यह कह सकते हो संसार आज तुमको और मुझको क्या समझता है-इसका भी समाचार जानते हो?'",unresolved_unattributed,unresolved_speaker
Kankal,KANKAL_TURN_00784,16,4,KANKAL_CAND_00784,Unknown,REVIEW,low,unmatched_speaker,"'जानता हूँ किशोरी! माया के साधारण झटके में एक सच्चे साधु के फँस जाने, ठग जाने का यह लज्जित प्रसंग अब किसी से छिपा नहीं-इसलिए मैं जाना चाहता हूँ।'",unresolved_unattributed,unresolved_speaker
Kankal,KANKAL_TURN_00785,16,5,KANKAL_CAND_00785,Unknown,REVIEW,low,unmatched_speaker,"'तो रोकता कौन है, जाओ! परन्तु जिसके लिए मैंने सबकुछ खो दिया है, उसे तुम्हीं ने मुझसे छीन लिया-उसे देकर जाओ! जाओ तपस्या करो, तुम फिर महात्मा बन जाओगे! सुना है, पुरुषों के तप करने से घोर-से-घोर कुकर्मों को भी भगवान् क्षमा करके उन्हें दर्शन देते हैं; पर मैं हूँ स्त्री जाति! मेरा यह भाग्य नहीं, मैंने पाप करके जो पाप बटोरा है, उसे ही मेरी गोद में फेंकते जाओ!'",unresolved_unattributed,unresolved_speaker
Kankal,KANKAL_TURN_00786,16,7,KANKAL_CAND_00786,निरंजन,ATTRIBUTED,high,explicit_subject_match_निरंजन,"'अच्छा, तो विजय को खोजने जाता हूँ।'",explicit_attribution,flagged_modifier_phrase
Kankal,KANKAL_TURN_00787,16,8,KANKAL_CAND_00787,किशोरी,ATTRIBUTED,high,explicit_subject_match_किशोरी,"'स्त्री कुछ नहीं है, केवल पुरुषों की पूछ है। विलक्षणता यही है कि पूँछ कभी-कभी अलग रख दी जा सकती है!'",explicit_attribution,flagged_modifier_phrase
Kankal,KANKAL_TURN_00788,16,9,KANKAL_CAND_00788,Unknown,REVIEW,low,unmatched_speaker,'खड़बड़',unresolved_unattributed,unresolved_speaker
Kankal,KANKAL_TURN_00789,16,9,KANKAL_CAND_00789,विजय,ATTRIBUTED,high,explicit_subject_match_विजय,"'बहूजी, पंजाब से कोई आये हैं, उनके साथ उनकी लड़की स्त्री है।'",explicit_attribution,flagged_modifier_phrase
Kankal,KANKAL_TURN_00790,16,10,KANKAL_CAND_00790,Unknown,REVIEW,low,unmatched_speaker,"'यह मेरे पड़ोसी, अमृतसर के व्यापारी, लाला...की विधवा है, काशी यात्रा के लिए आयी है।'",unresolved_unattributed,unresolved_speaker
Kankal,KANKAL_TURN_00791,16,13,KANKAL_CAND_00791,किशोरी,ATTRIBUTED,high,explicit_subject_match_किशोरी,"किशोरी ने अतिथि-सत्कार में पूरे मनोयोग से भाग लिया। कोई भी देखकर यह नहीं कह सकता था कि किशोरी और श्रीचन्द्र बहुत दिनों पर मिले हैं; परन्तु अभी तक श्रीचन्द्र ने विजय को नहीं पूछा, उसका मन नहीं करता था या साहस नहीं होता था।",explicit_attribution,none
Kankal,KANKAL_TURN_00792,16,16,KANKAL_CAND_00792,किशोरी,ATTRIBUTED,high,explicit_subject_match_किशोरी,'किशोरी! रोने की तो कोई आवश्यकता नहीं।',explicit_attribution,flagged_modifier_phrase
Kankal,KANKAL_TURN_00793,16,17,KANKAL_CAND_00793,किशोरी,ATTRIBUTED,high,explicit_subject_match_किशोरी,"'आवश्यकता तो नहीं, पर जानते हो, स्त्रियाँ कितनी दुर्बल हैं-अबला हैं। नहीं तो मेरे ही जैसे अपराध करने वाले पुरुष के पैरों पर पड़कर मुझे न रोना पड़ता!'",explicit_attribution,none
Kankal,KANKAL_TURN_00794,16,18,KANKAL_CAND_00794,Unknown,REVIEW,low,unmatched_speaker,"'वह अपराध यदि तुम्हीं से सीखा गया हो, तो मुझे उत्तर देने की व्यवस्था न खोजनी पड़ेगी।'",unresolved_unattributed,unresolved_speaker
Kankal,KANKAL_TURN_00795,16,19,KANKAL_CAND_00795,Unknown,REVIEW,low,unmatched_speaker,'तो हम लोग क्या इतनी दूर हैं कि मिलना असम्भव है?',unresolved_unattributed,unresolved_speaker
Kankal,KANKAL_TURN_00796,16,20,KANKAL_CAND_00796,Unknown,REVIEW,low,unmatched_speaker,"'असम्भव तो नहीं है, नहीं तो मैं आता कैसे?'",unresolved_unattributed,unresolved_speaker
Kankal,KANKAL_TURN_00797,16,21,KANKAL_CAND_00797,किशोरी,ATTRIBUTED,high,explicit_subject_match_किशोरी,"'आये होंगे किसी को घुमाने-फिराने, सुख बहार लेने!'",explicit_attribution,none
Kankal,KANKAL_TURN_00798,16,22,KANKAL_CAND_00798,किशोरी,ATTRIBUTED,high,explicit_subject_match_किशोरी,'इतना तो तुम भी स्वीकार करोगी कि यह कोई अपराध नहीं है।',explicit_attribution,flagged_modifier_phrase
Kankal,KANKAL_TURN_00799,16,23,KANKAL_CAND_00799,किशोरी,ATTRIBUTED,high,explicit_subject_match_किशोरी,'तो अपराध क्षमा नहीं हो सकता?',explicit_attribution,none
Kankal,KANKAL_TURN_00800,16,24,KANKAL_CAND_00800,श्रीचन्द्र,ATTRIBUTED,high,explicit_subject_match_श्रीचन्द्र,"'किशोरी! अपराध कैसा अपराध समझता तो आज इस बातचीत का अवसर ही नहीं आता। हम लोगों का पथ जब अलग-अलग निर्धारित हो चुका है, तब उसमें कोई बाधक न हो, यही नीति अच्छी रहेगी। यात्रा करने तो हम लोग आये ही हैं; पर एक काम भी है।'",explicit_attribution,none
Kankal,KANKAL_TURN_00801,16,25,KANKAL_CAND_00801,किशोरी,ATTRIBUTED,high,explicit_subject_match_किशोरी,"'मेरा व्यवसाय नष्ट हो चुका है, अमृतसर की सब सम्पत्ति इसी स्त्री के यहाँ बन्धक है। उसके उद्धार का यही उपाय है कि इसकी सुन्दरी कन्या लाली से विजय का विवाह करा दिया जाये।'",explicit_attribution,flagged_modifier_phrase
Kankal,KANKAL_TURN_00802,16,26,KANKAL_CAND_00802,किशोरी,ATTRIBUTED,high,explicit_subject_match_किशोरी,'विजय रूठकर मथुरा चला गया है!',explicit_attribution,flagged_modifier_phrase
Kankal,KANKAL_TURN_00803,16,27,KANKAL_CAND_00803,Unknown,REVIEW,low,unmatched_speaker,"'कोई चिन्ता नहीं, वह आ जायेगा। तब तक हम लोग यहाँ रहें, तुम्हें कोई कष्ट तो न होगा?'",unresolved_unattributed,unresolved_speaker
Kankal,KANKAL_TURN_00804,16,29,KANKAL_CAND_00804,Unknown,REVIEW,low,unmatched_speaker,'अच्छा तो उसे बुलाने के लिए मुझे जाना होगा।',unresolved_unattributed,unresolved_speaker
Kankal,KANKAL_TURN_00805,16,30,KANKAL_CAND_00805,Unknown,REVIEW,low,unmatched_speaker,"'नहीं, उसे बुलाने के लिए आदमी गया है। चलो, हाथ-मुँह धोकर जलपान कर लो।'",unresolved_unattributed,unresolved_speaker
Kankal,KANKAL_TURN_00806,17,3,KANKAL_CAND_00806,निरंजन,ATTRIBUTED,high,explicit_subject_match_निरंजन,'किसी अच्छी जगह ले चलो। मैं आज रात भर घूमना चाहता हूँ; चिंता न करना भला!',explicit_attribution,flagged_modifier_phrase
Kankal,KANKAL_TURN_00807,17,5,KANKAL_CAND_00807,Unknown,REVIEW,low,unmatched_speaker,"पूर्णिमा की पिछली रात थी। रात-भर का जगा हुआ चन्द्रमा झीम रहा था। निरंजन की आँखें भी कम अलसाई न थीं; परन्तु आज नींद उचट गयी थी। सैकड़ों कविताओं में वर्णित यमुना का पुलिन यौवन-काल की स्मृति जगा देने के लिए कम न था। किशोरी की प्रौढ़ प्रणय-लीला और अपनी साधु की स्थिति, निरंजन के सामने दो प्रतिद्वंद्वियों की भाँति लड़कर उसे अभिभूत बना रही थीं। माँझी भी ऊँघ रहा था। उसके डाँड़े बहुत धीरे-धीरे पानी में गिर रहे थे। यमुना के जल में निस्तब्ध शान्ति थी, निरंजन एक स्वप्न लोक में विचर रहा था।",unresolved_unattributed,unresolved_speaker
Kankal,KANKAL_TURN_00808,17,6,KANKAL_CAND_00808,निरंजन,ATTRIBUTED,high,explicit_subject_match_निरंजन,"'माँझी, उधर ही ले चलो। नाव की गति तीव्र हुई। थोड़ी ही देर में आगे वाली नाव के पास ही से निरंजन की नाव बढ़ी। उसमें एक रात्रि-जागरण से क्लान्त युवती गा रही थी और बीच-बीच में पास ही बैठा हुए एक युवक वंशी बजाकर साथ देता था, तब वह जैसी ऊँघती हुई प्रकृति जागरण के आनन्द से पुलकित हो जाती। सहसा संगीत की गति रुकी। युवक ने उच्छ्वास लेकर कहा, '",explicit_attribution,none
Kankal,KANKAL_TURN_00809,17,7,KANKAL_CAND_00809,निरंजन,ATTRIBUTED,high,explicit_subject_match_निरंजन,"'तुम भी इसे मानती होगी जिसको सब कहते हुए छिपाते हैं, जिसे अपराध कहकर कान पकड़कर स्वीकार करते हैं, वही तो जीवन का, यौवन-काल का ठोस सत्य है। सामाजिक बन्धनों से जकड़ी हुई आर्थिक कठिनाइयाँ, हम लोगों के भ्रम से धर्म का चेहरा लगाकर अपना भयानक रूप दिखाती हैं! क्यों, क्या तुम इसे नहीं मानतीं मानती हो अवश्य, तुम्हारे व्यवहारों से यह बात स्पष्ट है। फिर भी संस्कार और रूढ़ि की राक्षसी प्रतिमा के सामने समाज क्यों अल्हड़ रक्तों की बलि चढ़ाया करता है।'",explicit_attribution,flagged_modifier_phrase;long_dialogue_passage
Kankal,KANKAL_TURN_00810,17,8,KANKAL_CAND_00810,Unknown,REVIEW,low,unmatched_speaker,"'देखो, मैं समाज के शासन में आना चाहता था; परन्तु आह! मैं भूल करता हूँ।'",unresolved_unattributed,flagged_false_positive_token_वह;unresolved_speaker
Kankal,KANKAL_TURN_00811,17,9,KANKAL_CAND_00811,Unknown,REVIEW,low,unmatched_speaker,"'तुम झूठ बोलते हो विजय! समाज तुमको आज्ञा दे चुका था; परन्तु तुमने उसकी आज्ञा ठुकराकर यमुना का शासनादेश स्वीकार किया। इसमें समाज का क्या दोष है मैं उस दिन की घटना नहीं भूल सकती, वह तुम्हारा दोष है तुम कहोगे कि फिर मैं सब जानकर भी तुम्हारे साथ क्यों घूमती हूँ; इसलिए कि मैं इसे कुछ महत्त्व नहीं देती। हिन्दू स्त्रियों का समाज ही कैसा है, उसमें कुछ अधिकार हो तब तो उसके लिए कुछ सोचना-विचारना चाहिए। और जहाँ अन्ध-अनुसरण करने का आदेश है, वहाँ प्राकृतिक, स्त्री जनोचित प्यार कर लेने का जो हमारा नैसर्गिक अधिकार है-जैसा कि घटनावश प्रायः स्त्रियाँ किया करती हैं-उसे क्यों छोड़ दूँ! यह कैसे हो, क्या हो और क्यों हो-इसका विचार पुरुष करते हैं। वे करें, उन्हें विश्वास बनाना है, कौड़ी-पाई लेना रहता है और स्त्रियों को भरना पड़ता है। तब इधर-उधर देखने से क्या! '",unresolved_unattributed,long_narrative_passage;unresolved_speaker
Kankal,KANKAL_TURN_00812,17,9,KANKAL_CAND_00812,Unknown,REVIEW,low,unmatched_speaker,"'-यही सत्य है, उसे दिखावे के आदर से ब्याह करके भरा लो या व्यभिचार कहकर तिरस्कार से, अधमर्ण की सान्त्वना के लिए यह उत्तमर्ण का शाब्दिक, मौलिक प्रलोभन या तिरस्कार है, समझे?'",unresolved_unattributed,unresolved_speaker
Kankal,KANKAL_TURN_00813,17,11,KANKAL_CAND_00813,Unknown,REVIEW,low,unmatched_speaker,"'समझे विजय! मैं तुम्हें प्यार करती हूँ। तुम ब्याह करके यदि उसका प्रतिदान करना चाहते हो, तो मुझे कोई चिंता नहीं। यह विचार तो मुझे कभी सताता नहीं। मुझे जो करना है, वहीं करती हूँ, करूँगी भी। घूमोगे घूमूँगी, पिलाओगे पीऊँगी, दुलार करोगे हँस लूँगी, ठुकराओगे तो रो दूँगी। स्त्री को इन सभी वस्तुओं की आवश्यकता है। मैं उन सबों को समभाव से ग्रहण करती हूँ और करूँगी।'",unresolved_unattributed,flagged_false_positive_token_फिर;long_dialogue_passage;unresolved_speaker
Kankal,KANKAL_TURN_00814,17,12,KANKAL_CAND_00814,विजय,ATTRIBUTED,high,explicit_subject_match_विजय,'अब तो प्रभात होने में विलंब नहीं; चलो कहीं किनारे उतरें और हाथ-मुँह धो लें।',explicit_attribution,flagged_modifier_phrase
Kankal,KANKAL_TURN_00815,17,14,KANKAL_CAND_00815,विजय,ATTRIBUTED,high,explicit_subject_match_विजय,'खड़ा रह दुष्ट!',explicit_attribution,flagged_modifier_phrase
Kankal,KANKAL_TURN_00816,17,14,KANKAL_CAND_00816,विजय,ATTRIBUTED,high,explicit_subject_match_विजय,"'खून हो गया, तुम यहाँ से हट चलो!'",explicit_attribution,flagged_modifier_phrase
Kankal,KANKAL_TURN_00817,17,15,KANKAL_CAND_00817,Unknown,REVIEW,low,unmatched_speaker,कहने वाला बाथम था। उसके साथ भय-विह्वल घण्टी नाव पर चढ़ गयी। डाँड़े गिरा दिये गये।,unresolved_unattributed,unresolved_speaker
Kankal,KANKAL_TURN_00818,17,16,KANKAL_CAND_00818,विजय,ATTRIBUTED,high,explicit_subject_match_विजय,'ठहरो विजय बाबू!',explicit_attribution,flagged_modifier_phrase
Kankal,KANKAL_TURN_00819,17,17,KANKAL_CAND_00819,निरंजन,ATTRIBUTED,high,explicit_subject_match_निरंजन,"'विजय, अब क्या होगा?'",explicit_attribution,flagged_modifier_phrase
Kankal,KANKAL_TURN_00820,17,18,KANKAL_CAND_00820,Unknown,REVIEW,low,unmatched_speaker,"'कुछ नहीं, फाँसी होगी और क्या!'",unresolved_unattributed,unresolved_speaker
Kankal,KANKAL_TURN_00821,17,19,KANKAL_CAND_00821,Unknown,REVIEW,low,unmatched_speaker,"'आप इन्हें अपनी नाव दे दें और ये जहाँ तक जा सकें, निकल जायें। इनका यहाँ ठहरना ठीक नहीं।'",unresolved_unattributed,unresolved_speaker
Kankal,KANKAL_TURN_00822,17,20,KANKAL_CAND_00822,Unknown,REVIEW,low,unmatched_speaker,"'नहीं यमुना! तुम अब इस जीवन को बचाने की चिंता न करो, मैं इतना कायर नहीं हूँ।'",unresolved_unattributed,unresolved_speaker
Kankal,KANKAL_TURN_00823,17,21,KANKAL_CAND_00823,Unknown,REVIEW,low,unmatched_speaker,"'परन्तु तुम्हारी माता क्या कहेगीं विजय! मेरी बात मानो, तुम इस समय तो हट ही जाओ, फिर देखा जायेगा। मैं भी कह रहा हूँ, यमुना की भी यही सम्मति है। एक क्षण में मृत्यु की विभीषिका नाचने लगी! लड़कपन न करो, भागो!'",unresolved_unattributed,unresolved_speaker
Kankal,KANKAL_TURN_00824,17,22,KANKAL_CAND_00824,यमुना,ATTRIBUTED,high,explicit_subject_match_यमुना,"'विजय बाबू! प्रत्येक अवसर पर लड़कपन अच्छा नहीं लगता। मैं कहती हूँ, आप अभी-अभी चले जायें! आह! आप सुनते नही?'",explicit_attribution,none
Kankal,KANKAL_TURN_00825,17,26,KANKAL_CAND_00825,निरंजन,ATTRIBUTED,high,explicit_subject_match_निरंजन,'तुम्हारा नाम क्या है?',explicit_attribution,flagged_modifier_phrase
Kankal,KANKAL_TURN_00826,17,27,KANKAL_CAND_00826,Unknown,REVIEW,low,unmatched_speaker,'इसने एक स्त्री पर अत्याचार करना चाहा था।',unresolved_unattributed,unresolved_speaker
Kankal,KANKAL_TURN_00827,17,28,KANKAL_CAND_00827,Unknown,REVIEW,low,unmatched_speaker,'फिर यह मारा गया।',unresolved_unattributed,unresolved_speaker
Kankal,KANKAL_TURN_00828,17,29,KANKAL_CAND_00828,Unknown,REVIEW,low,unmatched_speaker,'जिसका इसने अपराध किया।',unresolved_unattributed,unresolved_speaker
Kankal,KANKAL_TURN_00829,17,30,KANKAL_CAND_00829,Unknown,REVIEW,low,unmatched_speaker,'तो वह स्त्री तुम्हीं तो नहीं हो?',unresolved_unattributed,unresolved_speaker
Kankal,KANKAL_TURN_00830,17,31,KANKAL_CAND_00830,Unknown,REVIEW,low,unmatched_speaker,'यह स्वीकार करती है। इसे हिरासत में ले लो।',unresolved_unattributed,flagged_false_positive_token_सब;unresolved_speaker
Kankal,KANKAL_TURN_00831,17,33,KANKAL_CAND_00831,निरंजन,ATTRIBUTED,high,explicit_subject_match_निरंजन,'पर इस यमुना को मैं पहचान रहा हूँ।',explicit_attribution,flagged_modifier_phrase
Kankal,KANKAL_TURN_00832,17,35,KANKAL_CAND_00832,Unknown,REVIEW,low,unmatched_speaker,'मैंने इसे कितनी बार काशी में किशोरी के यहाँ देखा और मैं कह सकता हूँ कि यह उसकी दासी यमुना है; तुम्हारी तारा कदापि नहीं।',unresolved_unattributed,unresolved_speaker
Kankal,KANKAL_TURN_00833,17,36,KANKAL_CAND_00833,Unknown,REVIEW,low,unmatched_speaker,"'परन्तु आप उसको कैसे पहचानते! तारा मेरे घर में उत्पन्न हुई, पली और बढ़ी। कभी उसका और आपका सामना तो हुआ नहीं, आपकी आज्ञा भी ऐसी ही थी। ग्रहण में वह भूलकर लखनऊ गयी। वहाँ एक स्वयंसेवक उसे हरद्वार ले जा रहा था, मुझसे राह में भेंट हुई, मैं रेल से उतर पड़ा। मैं उसे न पहचानूँगा।'",unresolved_unattributed,unresolved_speaker
Kankal,KANKAL_TURN_00834,17,37,KANKAL_CAND_00834,Unknown,REVIEW,low,unmatched_speaker,'तो तुम्हारा कहना ठीक हो सकता है।',unresolved_unattributed,unresolved_speaker
Kankal,KANKAL_TURN_00835,17,38,KANKAL_CAND_00835,Unknown,REVIEW,low,unmatched_speaker,"'मैंने इसका स्वर, मुख, अवयव पहचान लिया, यह रामा की कन्या है!'",unresolved_unattributed,unresolved_speaker
Kankal,KANKAL_TURN_00836,17,40,KANKAL_CAND_00836,गोस्वामी,ATTRIBUTED,high,explicit_subject_match_गोस्वामी,"'आप लोग चाहे जो समझें; पर में इस पर विश्वास नहीं कर सकता कि यमुना हत्या कर सकती है! वह संसार में सताई हुई एक पवित्र आत्मा है, वह निर्दोष है! आप लोग देखेंगे कि उसे फाँसी न होगी।'",explicit_attribution,none
Kankal,KANKAL_TURN_00837,17,41,KANKAL_CAND_00837,निरंजन,ATTRIBUTED,high,explicit_subject_match_निरंजन,"'मैं उसकी पैरवी का सब व्यय दूँगा। यह लीजिए एक हजार के नोट हैं, घटने पर और भी दूँगा।'",explicit_attribution,none
Kankal,KANKAL_TURN_00838,17,42,KANKAL_CAND_00838,गोस्वामी,ATTRIBUTED,high,explicit_subject_match_गोस्वामी,"'मंगलदेव को बुलाना होगा, वही सब प्रबन्ध करेगा।'",explicit_attribution,flagged_modifier_phrase
Kankal,KANKAL_TURN_00839,17,44,KANKAL_CAND_00839,निरंजन,ATTRIBUTED,high,explicit_subject_match_निरंजन,"'महात्मन्! आज मैं तृप्त हुआ, मेरी जिज्ञासा ने अपना अनन्य आश्रय खोज लिया। श्रीकृष्ण के इस कल्याण-मार्ग पर मेरा पूर्ण विश्वास हुआ।'",explicit_attribution,none
Kankal,KANKAL_TURN_00840,17,45,KANKAL_CAND_00840,Unknown,REVIEW,low,unmatched_speaker,"'आज तक जिस रूप में उन्हें देखता था, वह एकांगी था; किन्तु इस प्रेम-पथ का सुधार करना चाहिए। इसके लिए प्रयत्न करने की आज्ञा दीजिए।'",unresolved_unattributed,unresolved_speaker
Kankal,KANKAL_TURN_00841,17,46,KANKAL_CAND_00841,Unknown,REVIEW,low,unmatched_speaker,"'प्रयत्न! निरंजन तुम भूल गये। भगवान् की महिमा स्वयं प्रचारित होगी। मैं तो, जो सुनना चाहता है उसे सुनाऊँगा, इससे अधिक कुछ करने का साहस मेरा नहीं!'",unresolved_unattributed,unresolved_speaker
Kankal,KANKAL_TURN_00842,17,47,KANKAL_CAND_00842,Unknown,REVIEW,low,unmatched_speaker,"'किन्तु मेरी एक प्रार्थना है। संसार बधिर है, उसको चिल्लाकर सुनाना होगा; इसलिए भारतवर्ष में हुए उस प्राचीन महापर्व को लक्ष्य में रखकर भारत-संघ नाम से एक प्रचार-संस्था बना दी जाए!'",unresolved_unattributed,unresolved_speaker
Kankal,KANKAL_TURN_00843,17,48,KANKAL_CAND_00843,Unknown,REVIEW,low,unmatched_speaker,"'संस्थाएँ विकृत हो जाती हैं। व्यक्तियों के स्वार्थ उसे कलुषित कर देते हैं, देवनिरंजन! तुम नहीं देखते कि भारत-भर में साधु-संस्थाओं की क्या...'",unresolved_unattributed,unresolved_speaker
Kankal,KANKAL_TURN_00844,17,49,KANKAL_CAND_00844,Unknown,REVIEW,low,unmatched_speaker,"'निंरजन ने क्षण-भर मे अपनी जीवनी पढ़ने का उद्योग किया। फिर खीझकर उसने कहा, '",unresolved_unattributed,unresolved_speaker
Kankal,KANKAL_TURN_00845,17,50,KANKAL_CAND_00845,गोस्वामी,ATTRIBUTED,high,explicit_subject_match_गोस्वामी,"'अपनी असावधानी तो मैं न कहूँगा निंरजन! एक दिन मंगलदेव की प्रार्थना से अपने विचारों को उद्घोषित करने के लिए मैंने इस कल्याण की व्यवस्था की थी। उसी दिन से मेरी टेकरी में भीड़ होने लगी। जिन्हें आवश्यकता है, दुख है, अभाव है, वे मेरे पास आने लगे। मैंने किसी को बुलाया नहीं। अब किसी को हटा भी नहीं सकता।'",explicit_attribution,none
Kankal,KANKAL_TURN_00846,17,51,KANKAL_CAND_00846,Unknown,REVIEW,low,unmatched_speaker,'तब आप यह नहीं मानते कि संसार में मानसिक दुख से पीड़ित प्राणियों को इस संदेश से परिचित कराने की आवश्यकता है?',unresolved_unattributed,unresolved_speaker
Kankal,KANKAL_TURN_00847,17,52,KANKAL_CAND_00847,Unknown,REVIEW,low,unmatched_speaker,"'है, किन्तु मैं आडम्बर नहीं चाहता। व्यक्तिगत श्रद्धा से जितना जो कर सके, उतना ही पर्याप्त है।'",unresolved_unattributed,unresolved_speaker
Kankal,KANKAL_TURN_00848,17,53,KANKAL_CAND_00848,Unknown,REVIEW,low,unmatched_speaker,"'किन्तु यह अब एक परिवार बन गया है, इसकी कोई निश्चित व्यवस्था करनी होगी।'",unresolved_unattributed,unresolved_speaker
Kankal,KANKAL_TURN_00849,17,54,KANKAL_CAND_00849,Unknown,REVIEW,low,unmatched_speaker,"'अपने और उसके पाप-चिह्न विजय का जीवन नहीं के बराबर है। हम दोनों को संतोष करना चाहिए और मेरी भी यही इच्छा है कि अब भगवद्भजन करूँ। मैं भारत-संघ के संगठन में लगा हूँ, विजय को खोजकर उसे और भी संकट में डालना होगा। तुम्हारे लिए भी संतोष को छोड़कर दूसरा कोई उपाय नहीं।'",unresolved_unattributed,flagged_false_positive_token_सब;unresolved_speaker
Kankal,KANKAL_TURN_00850,17,58,KANKAL_CAND_00850,किशोरी,ATTRIBUTED,high,explicit_subject_match_किशोरी,"'जो कुछ है, हम लोगों के लिए बहुत अधिक है, हाय-हाय करके क्या होगा।'",explicit_attribution,flagged_modifier_phrase
Kankal,KANKAL_TURN_00851,17,59,KANKAL_CAND_00851,Unknown,REVIEW,low,unmatched_speaker,"'मै भी अब व्यवसाय करने पंजाब न जाऊँगा। किशोरी! हम दोनों यदि सरलता से निभा सकें, तो भविष्य में जीवन हम लोगों का सुखमय होगा, इसमें कोई सन्देह नहीं।'",unresolved_unattributed,unresolved_speaker
Kankal,KANKAL_TURN_00852,17,61,KANKAL_CAND_00852,Unknown,REVIEW,low,unmatched_speaker,"संसार अपने-अपने सुख की कल्पना पर खड़ा है-यह भीषण संसार अपनी स्वप्न की मधुरिमा से स्वर्ग है। आज किशोरी को विजय की अपेक्षा नहीं। निरंजन को भी नहीं। और श्रीचन्द्र को रुपयों के व्यवसाय और चन्दा की नहीं, दोनों ने देखा, इन सबके बिना हमारा काम चल सकता है, सुख मिल सकता है। फिर झंझट करके क्या होगा। दोनों का पुनर्मिलन प्रौढ़ आशाओं से पूर्ण था। श्रीचन्द्र ने गृहस्थी सँभाली। सब प्रबन्ध ठीक करके दोनों विदेश घूमने के लिए निकल पड़े। ठाकुरजी की सेवा का भार एक मूर्ख के ऊपर था, जिसे केवल दो रुपये मिलते थे-वे भी महीने भर में! आह! स्वार्थ कितना सुन्दर है!",unresolved_unattributed,long_narrative_passage;unresolved_speaker
Kankal,KANKAL_TURN_00853,18,2,KANKAL_CAND_00853,Unknown,REVIEW,low,unmatched_speaker,"'घण्टी को उस हत्याकांड से बचा लेना भी अपराध है, ऐसा मैंने कभी सोचा भी नहीं।'",unresolved_unattributed,unresolved_speaker
Kankal,KANKAL_TURN_00854,18,3,KANKAL_CAND_00854,Unknown,REVIEW,low,unmatched_speaker,"'बाथम! तुम जितने भीतर से क्रूर और निष्ठुर हो, यदि ऊपर से भी वही व्यवहार रखते, तो तुम्हारी मनुष्यता का कल्याण होता! तुम अपनी दुर्बलता को परोपकार के परदे में क्यों छिपाना चाहते हो नृशंस! यदि मुझमें विश्वास की तनिक भी मात्रा न होती, तो मैं अधिक सुखी रहती।'",unresolved_unattributed,unresolved_speaker
Kankal,KANKAL_TURN_00855,18,4,KANKAL_CAND_00855,Unknown,REVIEW,low,unmatched_speaker,"'मैं सब समझा सकता हूँ, जब दोनों एक-दूसरे पर अविश्वास करते हो, तब उन्हें अलग हो जाना चाहिए। दबा हुआ विद्वेष छाती के भीतर सर्प के सामान फुफकारा करता है; कब अपने ही को वह घायल करेगा, कोई नहीं कह सकता। मेरी बच्ची लतिका! मारगरेट!'",unresolved_unattributed,flagged_false_positive_token_उस;unresolved_speaker
Kankal,KANKAL_TURN_00856,18,5,KANKAL_CAND_00856,Unknown,REVIEW,low,unmatched_speaker,'हाँ पिता! आप ठीक कहते हैं और अब बाथम को भी इसे स्वीकार कर लेने में कोई विरोध न होना चाहिए।',unresolved_unattributed,unresolved_speaker
Kankal,KANKAL_TURN_00857,18,6,KANKAL_CAND_00857,Unknown,REVIEW,low,unmatched_speaker,'मुझे सब स्वीकार है। अब अधिक सफाई देना मैं अपना अपमान समझता हूँ!',unresolved_unattributed,unresolved_speaker
Kankal,KANKAL_TURN_00858,18,7,KANKAL_CAND_00858,Unknown,REVIEW,low,unmatched_speaker,"'ठीक है बाथम! तुम्हें सफाई देने, अपने को निरपराध सिद्ध करने की क्या आवश्यकता है। पुरुष को साधारण बातों से घबराने की संभावना पाखण्ड है!'",unresolved_unattributed,unresolved_speaker
Kankal,KANKAL_TURN_00859,18,7,KANKAL_CAND_00859,लतिका,ATTRIBUTED,high,explicit_subject_match_लतिका,"'चलो बेटी! पादरी सबकुछ कर लेगा, संबंध-विच्छेद और नया सम्बन्ध जोड़ने में वह पटु है।'",explicit_attribution,flagged_modifier_phrase
Kankal,KANKAL_TURN_00860,18,8,KANKAL_CAND_00860,Unknown,REVIEW,low,unmatched_speaker,"'लतिका और सरला चली गयीं। घण्टी काठ की पुतली-सी बैठी चुपचाप अभिनय देख रही थी। पादरी ने उसके सिर पर दुलार से हाथ फेरते हुए कहा, '",unresolved_unattributed,unresolved_speaker
Kankal,KANKAL_TURN_00861,18,10,KANKAL_CAND_00861,लतिका,REVIEW,high,explicit_subject_match_लतिका,'अब?',explicit_attribution,flagged_modifier_phrase;short_fragment;short_fragment
Kankal,KANKAL_TURN_00862,18,11,KANKAL_CAND_00862,Unknown,REVIEW,low,unmatched_speaker,"'कुछ चिंता नहीं बेटी, मैं हूँ! सब वस्तु बेचकर बैंक में रुपये जमा करा दो, चुपचाप भगवान् के भरोसे रुखी-सूखी खाकर दिन बीत जायेगा।'",unresolved_unattributed,unresolved_speaker
Kankal,KANKAL_TURN_00863,18,12,KANKAL_CAND_00863,Unknown,REVIEW,low,unmatched_speaker,"'मैं एक बार उस वृंदावन वाले गोस्वामी के पास चलना चाहती हूँ, तुम्हारी क्या सम्मति है?'",unresolved_unattributed,unresolved_speaker
Kankal,KANKAL_TURN_00864,18,13,KANKAL_CAND_00864,Unknown,REVIEW,low,unmatched_speaker,"'पहले यह प्रबन्ध कर लेना होगा, फिर वहाँ भी चलूँगी। चाय पिओगी? आज दिन भर तुमने कुछ नहीं खाया, मैं ले आऊँ-बोलो हम लोगों को जीवन के नवीन अध्याय के लिए प्रस्तुत होना चाहिए। लतिका! '",unresolved_unattributed,unresolved_speaker
Kankal,KANKAL_TURN_00865,18,13,KANKAL_CAND_00865,Unknown,REVIEW,low,unmatched_speaker,"' का महामंत्र मेरे जीवन का रहस्य है-दुःख के लिए, सुख के लिए, जीवन के लिए और मरण के लिए! उसमे शिथिलता न आनी चाहिए! विपत्तियाँ वायु की तरह निकल जाती हैं; सुख के दिन प्रकाश के सदृश पश्चिमी समुद्र में भागते रहते हैं। समय काटना होगा, और यह ध्रुव सत्य है कि दोनों का अन्त है।'",unresolved_unattributed,unresolved_speaker
Kankal,KANKAL_TURN_00866,18,16,KANKAL_CAND_00866,Unknown,REVIEW,low,unmatched_speaker,उधर घण्टी-पागल घण्टी-अँधेरे में भाग रही थी।,unresolved_unattributed,unresolved_speaker
Kankal,KANKAL_TURN_00867,19,2,KANKAL_CAND_00867,Unknown,REVIEW,low,unmatched_speaker,"'कितनों को पकड़कर सदैव के लिए बन्धन में जकड़ती रहोगी, गाला?'",unresolved_unattributed,flagged_false_positive_token_एक;unresolved_speaker
Kankal,KANKAL_TURN_00868,19,3,KANKAL_CAND_00868,Unknown,REVIEW,low,unmatched_speaker,"'हम लोगों की पराधीनता से बड़ी मित्रता है नये! इसमें बड़ा सुख मिलता है। वही सुख औरों को भी देना चाहती हूँ-किसी से पिता, किसी से भाई, ऐसा ही कोई सम्बन्ध जोड़कर उन्हें उलझाना चाहती हूँ; किन्तु पुरुष, इस जंगली बुलबुल से भी अधिक स्वतन्त्रता-प्रेमी है। वे सदैव छुटकारे का अवसर खोज लिया करते हैं। देखा, बाबा जब न होता है तब चले जाते हैं। कब तक आवेंगे तुम जानते हो?'",unresolved_unattributed,unresolved_speaker
Kankal,KANKAL_TURN_00869,19,4,KANKAL_CAND_00869,Unknown,REVIEW,low,unmatched_speaker,'नहीं भला मैं क्या जानूँ! पर तुम्हारे भाई को मैंने कभी नहीं देखा।',unresolved_unattributed,unresolved_speaker
Kankal,KANKAL_TURN_00870,19,5,KANKAL_CAND_00870,Unknown,REVIEW,low,unmatched_speaker,"'इसी से तो कहती हूँ नये। मैं जिसको पकड़कर रखना चाहती हूँ, वे ही लोग भागते हैं। जाने कहाँ संसार-भर का काम उन्हीं के सिर पर पड़ा है! मेरा भाई? आह, कितनी चौड़ी छाती वाला युवक था। अकेले चार-चार घोड़ों को बीसों कोस सवारी में ले जाता। आठ-दस सिपाही कुछ न कर सकते। वह शेर-सा तड़पकर निकल जाता। उसके सिखाये घोड़े सीढ़ियों पर चढ़ जाते। घोड़े उससे बातें करते, वह उनके मरम को जानता था।'",unresolved_unattributed,unresolved_speaker
Kankal,KANKAL_TURN_00871,19,6,KANKAL_CAND_00871,Unknown,REVIEW,low,unmatched_speaker,'तो अब क्या नहीं है?',unresolved_unattributed,unresolved_speaker
Kankal,KANKAL_TURN_00872,19,7,KANKAL_CAND_00872,Unknown,REVIEW,low,unmatched_speaker,"'नहीं है। मैं रोकती थी, बाबा ने न माना। एक लड़ाई में वह मारा गया। अकेले बीस सिपाहियों को उसने उलझा लिया, और सब निकल आये।'",unresolved_unattributed,unresolved_speaker
Kankal,KANKAL_TURN_00873,19,8,KANKAL_CAND_00873,Unknown,REVIEW,low,unmatched_speaker,'तो क्या मुझे आश्रय देने वाले डाकू हैं?',unresolved_unattributed,unresolved_speaker
Kankal,KANKAL_TURN_00874,19,9,KANKAL_CAND_00874,Unknown,REVIEW,low,unmatched_speaker,"'तुम देखते नहीं, मैं जानवरों को पालती हूँ, और मेरे बाबा उन्हें मेले में ले जाकर बेचते हैं।'",unresolved_unattributed,unresolved_speaker
Kankal,KANKAL_TURN_00875,19,10,KANKAL_CAND_00875,Unknown,REVIEW,low,unmatched_speaker,'और तुम्हारी माँ?',unresolved_unattributed,unresolved_speaker
Kankal,KANKAL_TURN_00876,19,11,KANKAL_CAND_00876,Unknown,REVIEW,low,unmatched_speaker,"'ओह! वह बड़ी लम्बी कहानी है, उसे न पूछो!'",unresolved_unattributed,unresolved_speaker
Kankal,KANKAL_TURN_00877,19,12,KANKAL_CAND_00877,Unknown,REVIEW,low,unmatched_speaker,"'अश्वारोही आ पँहुचे। उनमें सबसे आगे उमर में सत्तर बरस का वृद्ध, परन्तु दृढ़ पुरुष था। क्रूरता उसकी घनी दाढी और मूँछों के तिरछेपन से टपक रही थी। गाला ने उसके पास पहुँचकर घोड़े से उतरने में सहायता दी। वह भीषण बुड्ढा अपनी युवती कन्या को देखकर पुलकित हो गया। क्षण-भर के लिए न जाने कहाँ छिपी हुई मानवीय कोमलता उसके मुँह पर उमड़ आयी। उसने पूछा, '",unresolved_unattributed,unresolved_speaker
Kankal,KANKAL_TURN_00878,19,13,KANKAL_CAND_00878,Unknown,REVIEW,low,unmatched_speaker,'नये!',unresolved_unattributed,unresolved_speaker;short_fragment
Kankal,KANKAL_TURN_00879,19,14,KANKAL_CAND_00879,Unknown,REVIEW,low,unmatched_speaker,'सब घोडों को मलवाकर चारे-पानी का प्रबन्ध कर दो।',unresolved_unattributed,flagged_false_positive_token_एक;unresolved_speaker
Kankal,KANKAL_TURN_00880,19,16,KANKAL_CAND_00880,Unknown,REVIEW,low,unmatched_speaker,'देखने में तो यह बड़ा सीधा और परिश्रमी है।',unresolved_unattributed,flagged_false_positive_token_फिर;unresolved_speaker
Kankal,KANKAL_TURN_00881,19,17,KANKAL_CAND_00881,Unknown,REVIEW,low,unmatched_speaker,"'मैं भी समझता हूँ। प्रायः जब हम लोग बाहर चले जाते हैं, तब तुम अकेली रहती हो।'",unresolved_unattributed,unresolved_speaker
Kankal,KANKAL_TURN_00882,19,18,KANKAL_CAND_00882,Unknown,REVIEW,low,unmatched_speaker,'बाबा! अब बाहर न जाया करो।',unresolved_unattributed,unresolved_speaker
Kankal,KANKAL_TURN_00883,19,19,KANKAL_CAND_00883,Unknown,REVIEW,low,unmatched_speaker,'तो क्या मैं यहीं बैठा रहूँ गाला। मैं इतना बूढ़ा नहीं हो गया!',unresolved_unattributed,unresolved_speaker
Kankal,KANKAL_TURN_00884,19,20,KANKAL_CAND_00884,Unknown,REVIEW,low,unmatched_speaker,'नही बाबा! मुझे अकेली छोड़कर न जाया करो।',unresolved_unattributed,unresolved_speaker
Kankal,KANKAL_TURN_00885,19,21,KANKAL_CAND_00885,Unknown,REVIEW,low,unmatched_speaker,"'पहले जब तू छोटी थी तब तो नहीं डरती थी। अब क्या हो गया है, अब तो यह '",unresolved_unattributed,unresolved_speaker
Kankal,KANKAL_TURN_00886,19,21,KANKAL_CAND_00886,Unknown,REVIEW,low,unmatched_speaker,' भी यहाँ रहा करेगा। बेटी! यह कुलीन युवक जान पड़ता है।',unresolved_unattributed,unresolved_speaker
Kankal,KANKAL_TURN_00887,19,22,KANKAL_CAND_00887,Unknown,REVIEW,low,unmatched_speaker,'हाँ बाबा! किन्तु यह घोड़ों का मलना नहीं जानता-देखो सामने पशुओं से इसे तनिक भी स्नेह नहीं है। बाबा! तुम्हारे साथी भी बडे निर्दयी हैं। एक दिन मैंने देखा कि सुख से चरते हुए एक बकरी के बच्चे को इन लोगों ने समूचा ही भून डाला। ये सब बड़े डरावने लगते हैं। तुम भी उन ही लोगों में मिल जाते हो।',unresolved_unattributed,unresolved_speaker
Kankal,KANKAL_TURN_00888,19,23,KANKAL_CAND_00888,Unknown,REVIEW,low,unmatched_speaker,"'चुप पगली! अब बहुत विलम्ब नहीं-मैं इन सबसे अलग हो जाऊँगा, अच्छा तो बता, इस '",unresolved_unattributed,unresolved_speaker
Kankal,KANKAL_TURN_00889,19,23,KANKAL_CAND_00889,Unknown,REVIEW,low,unmatched_speaker,' को रख लूँ न ',unresolved_unattributed,unresolved_speaker
Kankal,KANKAL_TURN_00890,19,24,KANKAL_CAND_00890,Unknown,REVIEW,low,unmatched_speaker,'अच्छा तो है बाबा! दुख का मारा है।',unresolved_unattributed,unresolved_speaker
Kankal,KANKAL_TURN_00891,19,25,KANKAL_CAND_00891,Unknown,REVIEW,low,unmatched_speaker,'नये',unresolved_unattributed,flagged_false_positive_token_एक;short_fragment;unresolved_speaker;short_fragment
Kankal,KANKAL_TURN_00892,19,26,KANKAL_CAND_00892,Unknown,REVIEW,low,unmatched_speaker,'तुम जानते हो कि यह कौन स्थान है?',unresolved_unattributed,unresolved_speaker
Kankal,KANKAL_TURN_00893,19,27,KANKAL_CAND_00893,Unknown,REVIEW,low,unmatched_speaker,"'जंगल है, मुझसे भूल हुई।'",unresolved_unattributed,unresolved_speaker
Kankal,KANKAL_TURN_00894,19,28,KANKAL_CAND_00894,Unknown,REVIEW,low,unmatched_speaker,"'नहीं, यह ब्रज की सीमा के भीतर है। यहाँ चाँदनी रात में बाँसुरी बजाने से गोपियों की आत्माएँ मचल उठती हैं।'",unresolved_unattributed,unresolved_speaker
Kankal,KANKAL_TURN_00895,19,29,KANKAL_CAND_00895,Unknown,REVIEW,low,unmatched_speaker,'तुम कौन हो गाला!',unresolved_unattributed,unresolved_speaker
Kankal,KANKAL_TURN_00896,19,30,KANKAL_CAND_00896,Unknown,REVIEW,low,unmatched_speaker,'मैं नहीं जानती; पर मेरे मन में भी ठेस पहुँचती है।',unresolved_unattributed,unresolved_speaker
Kankal,KANKAL_TURN_00897,19,31,KANKAL_CAND_00897,Unknown,REVIEW,low,unmatched_speaker,'तब मैं न बजाऊँगा।',unresolved_unattributed,unresolved_speaker
Kankal,KANKAL_TURN_00898,19,32,KANKAL_CAND_00898,Unknown,REVIEW,low,unmatched_speaker,"'नहीं नये! तुम बजाओ, बड़ी सुन्दर बजती थी। हाँ, बाबा कदाचित् क्रोध करें।'",unresolved_unattributed,unresolved_speaker
Kankal,KANKAL_TURN_00899,19,33,KANKAL_CAND_00899,Unknown,REVIEW,low,unmatched_speaker,"'अच्छा, तुम रात को यों ही निकलकर घूमती हो। इस पर तुम्हारे बाबा न क्रोध न करेंगे?'",unresolved_unattributed,unresolved_speaker
Kankal,KANKAL_TURN_00900,19,34,KANKAL_CAND_00900,Unknown,REVIEW,low,unmatched_speaker,"'हम लोग जंगली हैं, अकेले तो मैं कभी-कभी आठ-आठ दस-दस दिन इसी जंगल में रहती हूँ।'",unresolved_unattributed,unresolved_speaker
Kankal,KANKAL_TURN_00901,19,35,KANKAL_CAND_00901,Unknown,REVIEW,low,unmatched_speaker,"'अच्छा, तुम्हें गोपियों की बात कैसे मालूम हुई? क्या तुम लोग हिन्दू हो इन गूजरों से तो तुम्हारी भाषा भिन्न है।'",unresolved_unattributed,unresolved_speaker
Kankal,KANKAL_TURN_00902,19,36,KANKAL_CAND_00902,Unknown,REVIEW,low,unmatched_speaker,"'आश्चर्य से देखती हुई गाला ने कहा, '",unresolved_unattributed,unresolved_speaker
Kankal,KANKAL_TURN_00903,19,37,KANKAL_CAND_00903,Unknown,REVIEW,low,unmatched_speaker,'गाला! तब तुम मुगलवानी माँ से उत्पन्न हुई हो।',unresolved_unattributed,unresolved_speaker
Kankal,KANKAL_TURN_00904,19,38,KANKAL_CAND_00904,Unknown,REVIEW,low,unmatched_speaker,'तुम यह क्यों नहीं कहते कि हम लोग मनुष्य हैं।',unresolved_unattributed,unresolved_speaker
Kankal,KANKAL_TURN_00905,19,39,KANKAL_CAND_00905,Unknown,REVIEW,low,unmatched_speaker,"'जिस सहृदयता से तुमने मेरी विपत्ति में सेवा की है, गाला! उसे देखकर तो मैं कहूँगा कि तुम देव-बालिका हो!'",unresolved_unattributed,unresolved_speaker
Kankal,KANKAL_TURN_00906,19,40,KANKAL_CAND_00906,Unknown,REVIEW,low,unmatched_speaker,"'नहीं-नहीं, मैं तुमको अपनी माँ की लिखी जीवनी पढ़ने को दूँगी और तब तुम समझ जाओगे। चलो, रात अधिक बीत रही है, पुआल पर सो रहो।'",unresolved_unattributed,unresolved_speaker
Kankal,KANKAL_TURN_00907,19,41,KANKAL_CAND_00907,Unknown,REVIEW,low,unmatched_speaker,"'जब तुम भूख से व्याकुल, थके हुए भयभीत, सड़क से हटकर पेड़ के नीचे पड़े हुए आधे अचेत थे, उस समय किसने तुम्हारी रक्षा की थी?'",unresolved_unattributed,flagged_false_positive_token_वह;unresolved_speaker
Kankal,KANKAL_TURN_00908,19,42,KANKAL_CAND_00908,Unknown,REVIEW,low,unmatched_speaker,"'आपने,'",unresolved_unattributed,unresolved_speaker
Kankal,KANKAL_TURN_00909,19,43,KANKAL_CAND_00909,Unknown,REVIEW,low,unmatched_speaker,"'तुम जानते हो कि हम लोग डाकू हैं, हम लोगों को माया-ममता नहीं! परन्तु हमारी निर्दयता भी अपना निर्दिष्ट पथ रखती है, वह है केवल धन लेने के लिए। भेद यही है कि धन लेने का दूसरा उपाय हम लोग काम में नहीं लेते, दूसरे उपायों को हम लोग अधम समझते हैं-धोखा देना, चोरी करना, विश्वासघात करना, यह सब तो तुम्हारे नगरों के सभ्य मनुष्यों की जीविका के सुगम उपाय हैं, हम लोग उनसे घृणा करते हैं। और भी-तुम वृंदावन वाले खून के भागे हुए आसामी हो-हो न कहकर बदन तीखी दृष्टि से नये को देखने लगा। वह सिर नीचा किये खड़ा रहा। बदन फिर कहने लगा, '",unresolved_unattributed,long_narrative_passage;unresolved_speaker
Kankal,KANKAL_TURN_00910,19,45,KANKAL_CAND_00910,Unknown,REVIEW,low,unmatched_speaker,"'आज तुम्हारी रोटी पड़ी रहेगी, क्या खाओगे नहीं?'",unresolved_unattributed,flagged_false_positive_token_वह;unresolved_speaker
Kankal,KANKAL_TURN_00911,19,46,KANKAL_CAND_00911,Unknown,REVIEW,low,unmatched_speaker,'मैं तुम्हारी माता की जीवनी पढ़ना चाहता हूँ। तुमने मुझे दिखाने के लिए कहा था न।',unresolved_unattributed,unresolved_speaker
Kankal,KANKAL_TURN_00912,19,47,KANKAL_CAND_00912,Unknown,REVIEW,low,unmatched_speaker,"'ओहो, तो तुम रूठना भी जानते हो। अच्छा खा लो! मान जाओ, मैं तुम्हें दिखला दूँगी।'",unresolved_unattributed,unresolved_speaker
Kankal,KANKAL_TURN_00913,19,48,KANKAL_CAND_00913,Unknown,REVIEW,low,unmatched_speaker,'अच्छा कब दिखलाओगी?',unresolved_unattributed,unresolved_speaker
Kankal,KANKAL_TURN_00914,19,49,KANKAL_CAND_00914,Unknown,REVIEW,low,unmatched_speaker,"'लो, तुम खाने लगो, मैं जाकर ले आती हूँ।'",unresolved_unattributed,unresolved_speaker
Kankal,KANKAL_TURN_00915,19,50,KANKAL_CAND_00915,Unknown,REVIEW,low,unmatched_speaker,'नये अपने रोटी-मठे की ओर चला और गाला अपने घर में।',unresolved_unattributed,unresolved_speaker
Kankal,KANKAL_TURN_00916,20,4,KANKAL_CAND_00916,Unknown,REVIEW,low,unmatched_speaker,'क्या आज यहीं दिन बीतेगा?',unresolved_unattributed,flagged_false_positive_token_एक;unresolved_speaker
Kankal,KANKAL_TURN_00917,20,5,KANKAL_CAND_00917,Unknown,REVIEW,low,unmatched_speaker,"'हाँ, देखो ये लोग कितने सुखी हैं सोमदेव। इन देहाती गृहस्थों में भी कितनी आशा है, कितना विश्वास है, अपने परिश्रम में इन्हें कितनी तृप्ति है।'",unresolved_unattributed,unresolved_speaker
Kankal,KANKAL_TURN_00918,20,6,KANKAL_CAND_00918,Unknown,REVIEW,low,unmatched_speaker,"'यहाँ छावनी है, अपनी जागीर में सरकार! रोब से रहना चाहिए। दूसरे स्थान पर चाहे जैसे रहिए।'",unresolved_unattributed,unresolved_speaker
Kankal,KANKAL_TURN_00919,20,8,KANKAL_CAND_00919,Unknown,REVIEW,low,unmatched_speaker,"'चुप रहो सोमदेव! यहाँ मुझे हृदय की खोई हुई शान्ति का पता चल रहा है। तुमने देखा होगा, पिता जी कितने यत्न से संचय कर यह सम्पत्ति छोड़ गये हैं। मुझे उस धन से प्रेम करने की शिक्षा, वे उच्चकोटि की दार्शनिक शिक्षा की तरह गम्भीरता से आजीवन देते रहे। आज उसकी परीक्षा हो रही है। मैं पूछता हूँ कि हृदय में जितनी मधुरिमा है, कोमलता है, वह सब क्या केवल एक तरुणी की सुन्दरता की उपासना की साम्रगी है इसका और कोई उपयोग नही हँसने के जो उपकरण हैं, वे किसी झलमले अंचल में ही अपना मुँह छिपाये किसी आशीर्वाद की आशा में पड़े रहते हैं संसार में स्त्रियों का क्या इतना व्यापक अधिकार है?'",unresolved_unattributed,long_narrative_passage;unresolved_speaker
Kankal,KANKAL_TURN_00920,20,10,KANKAL_CAND_00920,Unknown,REVIEW,low,unmatched_speaker,'आज तुम्हारे बादाम की बर्फी में कुछ कड़वे बादाम थे।',unresolved_unattributed,unresolved_speaker
Kankal,KANKAL_TURN_00921,20,12,KANKAL_CAND_00921,किशोरी,ATTRIBUTED,high,explicit_subject_match_किशोरी,"'शबनम! देखो, यहाँ कोई अमीर टिका हुआ मालूम पड़ता है। ठंडी हो चुकी हो, तो चलो बेटी! कुछ मिल जाये तो अचरज नहीं।'",explicit_attribution,flagged_modifier_phrase
Kankal,KANKAL_TURN_00922,20,13,KANKAL_CAND_00922,Unknown,REVIEW,low,unmatched_speaker,'अभाव-अभाव!',unresolved_unattributed,unresolved_speaker
Kankal,KANKAL_TURN_00923,20,14,KANKAL_CAND_00923,Unknown,REVIEW,low,unmatched_speaker,"'सरकार! कुछ सुनाऊँ दाढ़ीवाले ने हाथ जोड़कर कहा। सोमदेव ने बिगड़ कर कहा, '",unresolved_unattributed,unresolved_speaker
Kankal,KANKAL_TURN_00924,20,15,KANKAL_CAND_00924,Unknown,REVIEW,low,unmatched_speaker,"'तो हम लोग भी बैठ जाते हैं, आज तो पेट भर जायेगा।'",unresolved_unattributed,unresolved_speaker
Kankal,KANKAL_TURN_00925,20,16,KANKAL_CAND_00925,Unknown,REVIEW,low,unmatched_speaker,"'तुम भी एक विलक्षण मूर्ख हो! कह दिया न, जाओ।'",unresolved_unattributed,unresolved_speaker
Kankal,KANKAL_TURN_00926,20,17,KANKAL_CAND_00926,Unknown,REVIEW,low,unmatched_speaker,"'तुमको मालूम नहीं, सरकार भीतर लेटे हैं।'",unresolved_unattributed,unresolved_speaker
Kankal,KANKAL_TURN_00927,20,18,KANKAL_CAND_00927,Unknown,REVIEW,low,unmatched_speaker,'शाहजादे मिरजा जमाल।',unresolved_unattributed,unresolved_speaker
Kankal,KANKAL_TURN_00928,20,19,KANKAL_CAND_00928,Unknown,REVIEW,low,unmatched_speaker,"'यहीं, इसी टट्टी में हैं, धूप कम होने पर बाहर निकलेंगे।'",unresolved_unattributed,unresolved_speaker
Kankal,KANKAL_TURN_00929,20,20,KANKAL_CAND_00929,Unknown,REVIEW,low,unmatched_speaker,'भाग खुल गये! मैं चुपचाप बैठता हूँ।',unresolved_unattributed,unresolved_speaker
Kankal,KANKAL_TURN_00930,20,22,KANKAL_CAND_00930,Unknown,REVIEW,low,unmatched_speaker,'सोमदेव!',unresolved_unattributed,unresolved_speaker
Kankal,KANKAL_TURN_00931,20,23,KANKAL_CAND_00931,Unknown,REVIEW,low,unmatched_speaker,"'सरकार! जाचक हूँ, बड़े भाग से दर्शन हुए।'",unresolved_unattributed,unresolved_speaker
Kankal,KANKAL_TURN_00932,20,25,KANKAL_CAND_00932,Unknown,REVIEW,low,unmatched_speaker,'मैं ढाढी हूँ?',unresolved_unattributed,unresolved_speaker
Kankal,KANKAL_TURN_00933,20,26,KANKAL_CAND_00933,Unknown,REVIEW,low,unmatched_speaker,'और यह कौन है?',unresolved_unattributed,unresolved_speaker
Kankal,KANKAL_TURN_00934,20,27,KANKAL_CAND_00934,Unknown,REVIEW,low,unmatched_speaker,'मेरी लड़की शबनम।',unresolved_unattributed,unresolved_speaker
Kankal,KANKAL_TURN_00935,20,28,KANKAL_CAND_00935,Unknown,REVIEW,low,unmatched_speaker,'शबनम ओस को कहते हैं पण्डित जी।',unresolved_unattributed,unresolved_speaker
Kankal,KANKAL_TURN_00936,20,29,KANKAL_CAND_00936,Unknown,REVIEW,low,unmatched_speaker,"'अच्छा, तुम लोग क्या करते हो?'",unresolved_unattributed,unresolved_speaker
Kankal,KANKAL_TURN_00937,20,30,KANKAL_CAND_00937,Unknown,REVIEW,low,unmatched_speaker,"'यह गाती है, इसी से हम दोनों का पापी पेट चलता है।'",unresolved_unattributed,unresolved_speaker
Kankal,KANKAL_TURN_00938,20,31,KANKAL_CAND_00938,Unknown,REVIEW,low,flagged_invalid_token_सहसा,'अच्छा सुनूँ तो तुम लोगों का गाना। तुम्हारा नाम क्या है जी?',unresolved_pronoun_or_generic,unresolved_speaker
Kankal,KANKAL_TURN_00939,20,32,KANKAL_CAND_00939,Unknown,REVIEW,low,unmatched_speaker,"'रहमत खाँ, सरकार!'",unresolved_unattributed,unresolved_speaker
Kankal,KANKAL_TURN_00940,20,33,KANKAL_CAND_00940,Unknown,REVIEW,low,unmatched_speaker,'पसे मर्ग मेरी मजार पर जो दिया किसी ने जला दिया।',unresolved_unattributed,unresolved_speaker
Kankal,KANKAL_TURN_00941,20,35,KANKAL_CAND_00941,Unknown,REVIEW,low,unmatched_speaker,'रहमत तुम्हारी जीविका का अवलम्ब तो बड़ा दुर्बल है।',unresolved_unattributed,flagged_false_positive_token_वह;unresolved_speaker
Kankal,KANKAL_TURN_00942,20,36,KANKAL_CAND_00942,Unknown,REVIEW,low,unmatched_speaker,"'सरकार, पेट नहीं भरता, दो बीघा जमीन से क्या होता है।'",unresolved_unattributed,unresolved_speaker
Kankal,KANKAL_TURN_00943,20,37,KANKAL_CAND_00943,Unknown,REVIEW,low,unmatched_speaker,"'तो तुम लोगों को कोई सुखी रखना चाहे, तो रह सकते हो?'",unresolved_unattributed,unresolved_speaker
Kankal,KANKAL_TURN_00944,20,38,KANKAL_CAND_00944,Unknown,REVIEW,low,unmatched_speaker,'क्यों नहीं सरकार! आप गुनियों की परख रखते हैं।',unresolved_unattributed,flagged_false_positive_token_वह;unresolved_speaker
Kankal,KANKAL_TURN_00945,20,39,KANKAL_CAND_00945,Unknown,REVIEW,low,unmatched_speaker,'वेश्या है सरकार।',unresolved_unattributed,flagged_false_positive_token_धीरे;unresolved_speaker
Kankal,KANKAL_TURN_00946,20,40,KANKAL_CAND_00946,Unknown,REVIEW,low,unmatched_speaker,'दरिद्र हैं।',unresolved_unattributed,unresolved_speaker
Kankal,KANKAL_TURN_00947,20,44,KANKAL_CAND_00947,Unknown,REVIEW,low,unmatched_speaker,'सुन्दरी! सुन्दरी! ओ बन्दरी! यहाँ तो आ!',unresolved_unattributed,unresolved_speaker
Kankal,KANKAL_TURN_00948,20,45,KANKAL_CAND_00948,Unknown,REVIEW,low,unmatched_speaker,'आई!',unresolved_unattributed,unresolved_speaker;short_fragment
Kankal,KANKAL_TURN_00949,20,46,KANKAL_CAND_00949,Unknown,REVIEW,low,unmatched_speaker,"'देखो तो आज इसे क्या हो गया है। बोलती नहीं, मरे मारे बैठी है।'",unresolved_unattributed,unresolved_speaker
Kankal,KANKAL_TURN_00950,20,47,KANKAL_CAND_00950,Unknown,REVIEW,low,unmatched_speaker,'नहीं मलका! चारा-पानी रख देती हूँ। मैं तो इससे डरती हूँ! और कुछ नहीं करती।',unresolved_unattributed,unresolved_speaker
Kankal,KANKAL_TURN_00951,20,48,KANKAL_CAND_00951,Unknown,REVIEW,low,unmatched_speaker,"'फिर इसको क्या हो गया है, बतला नहीं तो सिर के बाल नोंच डालूँगी।'",unresolved_unattributed,unresolved_speaker
Kankal,KANKAL_TURN_00952,20,49,KANKAL_CAND_00952,Unknown,REVIEW,low,unmatched_speaker,'मैं समझ गयी!',unresolved_unattributed,flagged_false_positive_token_वह;unresolved_speaker
Kankal,KANKAL_TURN_00953,20,50,KANKAL_CAND_00953,Unknown,REVIEW,low,unmatched_speaker,'तो बताती क्यों नहीं?',unresolved_unattributed,unresolved_speaker
Kankal,KANKAL_TURN_00954,20,51,KANKAL_CAND_00954,Unknown,REVIEW,low,unmatched_speaker,"'जाऊँ सरकार को बुला लाऊँ, वे ही इसके मरम की बात जानते हैं।'",unresolved_unattributed,unresolved_speaker
Kankal,KANKAL_TURN_00955,20,52,KANKAL_CAND_00955,Unknown,REVIEW,low,unmatched_speaker,"'सच कह, वे कभी इसे दुलार करते हैं, पुचकारते हैं मुझे तो विश्वास नहीं होता।'",unresolved_unattributed,unresolved_speaker
Kankal,KANKAL_TURN_00956,20,53,KANKAL_CAND_00956,Unknown,REVIEW,low,unmatched_speaker,"'तो मैं ही चलती हूँ, तू इसे उठा ले।'",unresolved_unattributed,unresolved_speaker
Kankal,KANKAL_TURN_00957,20,57,KANKAL_CAND_00957,Unknown,REVIEW,low,unmatched_speaker,'कोई नहीं सरकार!',unresolved_unattributed,unresolved_speaker
Kankal,KANKAL_TURN_00958,20,58,KANKAL_CAND_00958,Unknown,REVIEW,low,unmatched_speaker,"'हाँ सोमदेव, मैं भूल कर रहा था।'",unresolved_unattributed,unresolved_speaker
Kankal,KANKAL_TURN_00959,20,59,KANKAL_CAND_00959,Unknown,REVIEW,low,unmatched_speaker,"'बहुत-से लोग वेदान्त की व्याख्या करते हुए ऊपर से देवता बन जाते हैं और भीतर उनके वह नोंच-खसोट चला करता है, जिसकी सीमा नहीं।'",unresolved_unattributed,unresolved_speaker
Kankal,KANKAL_TURN_00960,20,60,KANKAL_CAND_00960,Unknown,REVIEW,low,unmatched_speaker,'वही तो सोमदेव! कंगाल को सोने में नहला दिया; पर उसका कोई तत्काल फल न हुआ-मैं समझता हूँ वह सुखी न रह सकी।',unresolved_unattributed,unresolved_speaker
Kankal,KANKAL_TURN_00961,20,61,KANKAL_CAND_00961,Unknown,REVIEW,low,unmatched_speaker,"'सोने की परिभाषा कदाचित् सबके लिए भिन्न-भिन्न हो! कवि कहते हैं-सवेरे की किरणें सुनहली हैं, राजनीतिक विशारद-सुन्दर राज्य को सुनहला शासन कहते हैं। प्रणयी यौवन में सुनहरा पानी देखते हैं और माता अपने बच्चे के सुनहले बालों के गुच्छों पर सोना लुटा देती है। यह कठोर, निर्दय, प्राणहारी पीला सोना ही तो सोना नहीं है।'",unresolved_unattributed,unresolved_speaker
Kankal,KANKAL_TURN_00962,20,62,KANKAL_CAND_00962,Unknown,REVIEW,low,unmatched_speaker,"'सोमदेव! कठोर परिश्रम से, लाखों बरस से, नये-नये उपाय से, मनुष्य पृथ्वी से सोना निकाल रहा है, पर वह भी किसी-न-किसी प्रकार फिर पृथ्वी में जा घुसता है। मैं सोचता हूँ कि इतना धन क्या होगा! लुटाकर देखूँ?'",unresolved_unattributed,unresolved_speaker
Kankal,KANKAL_TURN_00963,20,63,KANKAL_CAND_00963,Unknown,REVIEW,low,unmatched_speaker,"'सब तो लुटा दिया, अब कुछ कोष में है भी?'",unresolved_unattributed,unresolved_speaker
Kankal,KANKAL_TURN_00964,20,64,KANKAL_CAND_00964,Unknown,REVIEW,low,unmatched_speaker,'संचित धन अब नहीं रहा।',unresolved_unattributed,unresolved_speaker
Kankal,KANKAL_TURN_00965,20,65,KANKAL_CAND_00965,Unknown,REVIEW,low,unmatched_speaker,'क्या वह सब प्रभात के झरते हुए ओस की बूँदों में अरुण किरणों की छाया थी और मैंने जीवन का कुछ सुख भी नहीं लिया!',unresolved_unattributed,unresolved_speaker
Kankal,KANKAL_TURN_00966,20,66,KANKAL_CAND_00966,Unknown,REVIEW,low,unmatched_speaker,"'सरकार! सब सुख सबके पास एक साथ नहीं आते, नहीं तो विधाता को सुख बाँटने में बड़ी बाधा उपस्थित हो जाती!'",unresolved_unattributed,unresolved_speaker
Kankal,KANKAL_TURN_00967,20,67,KANKAL_CAND_00967,Unknown,REVIEW,low,unmatched_speaker,'जाओ!',unresolved_unattributed,unresolved_speaker;short_fragment
Kankal,KANKAL_TURN_00968,20,69,KANKAL_CAND_00968,Unknown,REVIEW,low,unmatched_speaker,"'देखो तो इसे हो क्या गया है, बोलता नहीं क्यों! तुम चाहो तो यह बोल दे।'",unresolved_unattributed,unresolved_speaker
Kankal,KANKAL_TURN_00969,20,70,KANKAL_CAND_00969,Unknown,REVIEW,low,unmatched_speaker,"'ऐं! इसका पिंजड़ा तो तुमने सोने से लाद दिया है, मलका! बहुत हो जाने पर भी सोना सोना ही है! ऐसा दुरुपयोग!'",unresolved_unattributed,unresolved_speaker
Kankal,KANKAL_TURN_00970,20,71,KANKAL_CAND_00970,Unknown,REVIEW,low,unmatched_speaker,"'तुम इसे देखो तो, क्यों दुखी है?'",unresolved_unattributed,unresolved_speaker
Kankal,KANKAL_TURN_00971,20,72,KANKAL_CAND_00971,Unknown,REVIEW,low,unmatched_speaker,"'ले जाओ, जब मैं अपने जीवन के प्रश्नों पर विचार कर रहा हूँ, तब तुम यह खिलवाड़ दिखाकर मुझे भुलवाना चाहती हो!'",unresolved_unattributed,unresolved_speaker
Kankal,KANKAL_TURN_00972,20,73,KANKAL_CAND_00972,Unknown,REVIEW,low,unmatched_speaker,'मैं तुम्हें भुलवा सकती हूँ!',unresolved_unattributed,unresolved_speaker
Kankal,KANKAL_TURN_00973,20,74,KANKAL_CAND_00973,Unknown,REVIEW,low,unmatched_speaker,"'सुन्दरी! उठा ले मेरे सामने से पिंजरा, नहीं तो तेरी भी खोपड़ी फूटेगी और यह तो टूटेगा ही!'",unresolved_unattributed,flagged_false_positive_token_एक;unresolved_speaker
Kankal,KANKAL_TURN_00974,20,76,KANKAL_CAND_00974,Unknown,REVIEW,low,unmatched_speaker,"'मलका, आज अपना सितार सुनाओ, देखें, अब तुम कैसा बजाती हो?'",unresolved_unattributed,flagged_false_positive_token_वह;unresolved_speaker
Kankal,KANKAL_TURN_00975,20,77,KANKAL_CAND_00975,Unknown,REVIEW,low,unmatched_speaker,"'नहीं, तुम हँसी करोगे और मैं फिर दुखी होऊँगी।'",unresolved_unattributed,unresolved_speaker
Kankal,KANKAL_TURN_00976,20,78,KANKAL_CAND_00976,Unknown,REVIEW,low,unmatched_speaker,"'तो मैं समझ गया, जैसे तुम्हारा बुलबुल एक ही आलाप जानता है-वैसे ही तुम अभी तक वही भैरवी की एक तान जानती होगी।'",unresolved_unattributed,unresolved_speaker
Kankal,KANKAL_TURN_00977,20,78,KANKAL_CAND_00977,Unknown,REVIEW,low,unmatched_speaker,'सोमदेव! कंगाल धन का आदर करना नहीं जानते।',unresolved_unattributed,unresolved_speaker
Kankal,KANKAL_TURN_00978,20,79,KANKAL_CAND_00978,Unknown,REVIEW,low,unmatched_speaker,"'ठीक है श्रीमान्, धनी भी तो सब का आदर करना नहीं जानते, क्योंकि सबके आदरों के प्रकार भिन्न हैं। जो सुख-सम्मान आपने शबनम को दे रखा है, वही यदि किसी कुलवधु को मिलता!'",unresolved_unattributed,unresolved_speaker
Kankal,KANKAL_TURN_00979,20,80,KANKAL_CAND_00979,Unknown,REVIEW,low,unmatched_speaker,"'वह वेश्या तो नहीं है। फिर भी सोमदेव, सब वेश्याओं को देखो-उनमें कितने के मुख सरल हैं, उनकी भोली-भाली आँखें रो-रोकर कहती हैं, मुझे पीट-पीटकर चंचलता सिखायी गयी है। मेरा विश्वास है कि उन्हें अवसर दिया जाये तो वे कितनी कुलवधुओं से किसी बात में कम न होतीं!'",unresolved_unattributed,unresolved_speaker
Kankal,KANKAL_TURN_00980,20,81,KANKAL_CAND_00980,Unknown,REVIEW,low,unmatched_speaker,"'पर ऐसा अनुभव नहीं, परीक्षा करके देखिये।'",unresolved_unattributed,unresolved_speaker
Kankal,KANKAL_TURN_00981,20,83,KANKAL_CAND_00981,Unknown,REVIEW,low,unmatched_speaker,"'अपनी कमर टटोलिये, मैं प्रस्तुत हूँ।'",unresolved_unattributed,unresolved_speaker
Kankal,KANKAL_TURN_00982,20,85,KANKAL_CAND_00982,Unknown,REVIEW,low,unmatched_speaker,'बेटी यह सब क्या?',unresolved_unattributed,flagged_false_positive_token_सब;unresolved_speaker
Kankal,KANKAL_TURN_00983,20,86,KANKAL_CAND_00983,Unknown,REVIEW,low,unmatched_speaker,'इन्हें दहेज देना होगा।',unresolved_unattributed,unresolved_speaker
Kankal,KANKAL_TURN_00984,20,87,KANKAL_CAND_00984,Unknown,REVIEW,low,unmatched_speaker,'किसे क्या मैं उन्हें घर ले आऊँ?',unresolved_unattributed,unresolved_speaker
Kankal,KANKAL_TURN_00985,20,88,KANKAL_CAND_00985,Unknown,REVIEW,low,unmatched_speaker,"'नहीं, जिसका है उसे।'",unresolved_unattributed,unresolved_speaker
Kankal,KANKAL_TURN_00986,20,89,KANKAL_CAND_00986,Unknown,REVIEW,low,unmatched_speaker,'पागल तो नहीं हो गयी है-मिला हुआ भी कोई यों ही लौटा देता है?',unresolved_unattributed,unresolved_speaker
Kankal,KANKAL_TURN_00987,20,90,KANKAL_CAND_00987,Unknown,REVIEW,low,unmatched_speaker,'चुप रहो बाबा!',unresolved_unattributed,unresolved_speaker
Kankal,KANKAL_TURN_00988,20,91,KANKAL_CAND_00988,Unknown,REVIEW,low,unmatched_speaker,'रहमत! क्या यह सब घर बाँध ले जाने का ढंग था।',unresolved_unattributed,unresolved_speaker
Kankal,KANKAL_TURN_00989,20,92,KANKAL_CAND_00989,Unknown,REVIEW,low,unmatched_speaker,"'रहमत आँखें नीची किये चला गया, पर मलका शबनम लाल हो गयी। मिरजा ने सम्हलकर उससे पूछा, '",unresolved_unattributed,unresolved_speaker
Kankal,KANKAL_TURN_00990,20,93,KANKAL_CAND_00990,Unknown,REVIEW,low,unmatched_speaker,"'यह सब मेरी वस्तुएँ हैं, मैंने रूप बेचकर पायी हैं, क्या इन्हें घर न भेजूँ।'",unresolved_unattributed,unresolved_speaker
Kankal,KANKAL_TURN_00991,20,94,KANKAL_CAND_00991,Unknown,REVIEW,low,unmatched_speaker,"'अब तुम्हारा दूसरा घर कौन है, शबनम! मैं तुमसे निकाह करूँगा।'",unresolved_unattributed,unresolved_speaker
Kankal,KANKAL_TURN_00992,20,95,KANKAL_CAND_00992,Unknown,REVIEW,low,unmatched_speaker,"'ओह! तुम अपनी मूल्यवान वस्तुओं के साथ मुझे भी सन्दूक में बन्द करना चाहते हो! तुम अपनी सम्पत्ति सहेज लो, मैं अपने को सहेजकर देखूँ!'",unresolved_unattributed,unresolved_speaker
Kankal,KANKAL_TURN_00993,20,97,KANKAL_CAND_00993,Unknown,REVIEW,low,unmatched_speaker,'चलो बाबा!',unresolved_unattributed,unresolved_speaker
Kankal,KANKAL_TURN_00994,20,98,KANKAL_CAND_00994,Unknown,REVIEW,low,unmatched_speaker,"'कहाँ बेटी! अब तो मुझसे यह न हो सकेगा, और तुमने भी कुछ न सीखा-क्या करोगी मलका?'",unresolved_unattributed,unresolved_speaker
Kankal,KANKAL_TURN_00995,20,99,KANKAL_CAND_00995,Unknown,REVIEW,low,unmatched_speaker,"'नहीं बाबा! शबनम कहो। चलो, जो सीखा है वह गाना तो मुझे भूलेगा नहीं, और भी सिखा देना। अब यहाँ एक पल नहीं ठहर सकती!'",unresolved_unattributed,unresolved_speaker
Kankal,KANKAL_TURN_00996,20,102,KANKAL_CAND_00996,Unknown,REVIEW,low,unmatched_speaker,"'बानो, तू अभी खेलती ही रहेगी, आज तूने कुछ भी नहीं पढ़ा।'",unresolved_unattributed,unresolved_speaker
Kankal,KANKAL_TURN_00997,20,102,KANKAL_CAND_00997,Unknown,REVIEW,low,unmatched_speaker,"'शबनम, उसे खेल लेने दे बेटी, खेलने के दिन फिर नहीं आते।'",unresolved_unattributed,unresolved_speaker
Kankal,KANKAL_TURN_00998,20,102,KANKAL_CAND_00998,Unknown,REVIEW,low,unmatched_speaker,"'मियाँ रात-भर के लिए मुझे जगह दो, मेरे पीछे डाकू लगे हैं!'",unresolved_unattributed,flagged_false_positive_token_एक;unresolved_speaker
Kankal,KANKAL_TURN_00999,20,103,KANKAL_CAND_00999,Unknown,REVIEW,low,unmatched_speaker,"'भई थके हो तो थोड़ी देर ठहर सकते हो, पर डाकुओं से तो तुम्हें हम बचा नहीं सकते।'",unresolved_unattributed,unresolved_speaker
Kankal,KANKAL_TURN_01000,20,104,KANKAL_CAND_01000,Unknown,REVIEW,low,unmatched_speaker,'यही सही।',unresolved_unattributed,unresolved_speaker
Kankal,KANKAL_TURN_01001,20,104,KANKAL_CAND_01001,Unknown,REVIEW,low,unmatched_speaker,"'रहमत, यह तुम्हारा ही घर है?'",unresolved_unattributed,flagged_false_positive_token_वह;unresolved_speaker
Kankal,KANKAL_TURN_01002,20,105,KANKAL_CAND_01002,Unknown,REVIEW,low,unmatched_speaker,"'हाँ, मिरजा साहब!'",unresolved_unattributed,unresolved_speaker
Kankal,KANKAL_TURN_01003,20,106,KANKAL_CAND_01003,Unknown,REVIEW,low,unmatched_speaker,"'सब उलट-पुलट हो गया। मिरजा आज देहली का सिंहासन मुगलों के हाथ से बाहर है। फिरंगी की दोहाई है, कोई आशा न रही।'",unresolved_unattributed,flagged_false_positive_token_एक;unresolved_speaker
Kankal,KANKAL_TURN_01004,20,107,KANKAL_CAND_01004,Unknown,REVIEW,low,unmatched_speaker,'मुगलों की विलासिता ने राज को खा डाला। क्या हम सब बाबर की संतान हैं?',unresolved_unattributed,flagged_false_positive_token_वह;unresolved_speaker
Kankal,KANKAL_TURN_01005,20,108,KANKAL_CAND_01005,Unknown,REVIEW,low,unmatched_speaker,'शबनम!',unresolved_unattributed,flagged_false_positive_token_उस;unresolved_speaker
Kankal,KANKAL_TURN_01006,20,109,KANKAL_CAND_01006,Unknown,REVIEW,low,unmatched_speaker,"'आओ सोमदेव! हम लोग दूसरी कोठी में चलें। वे दोनों चले गये। मैं बैठी थी, मेरी माँ ने कहा, '",unresolved_unattributed,flagged_false_positive_token_वह;unresolved_speaker
Kankal,KANKAL_TURN_01007,20,110,KANKAL_CAND_01007,Unknown,REVIEW,low,unmatched_speaker,"'शबनम! मैं एक पागल था, मैंने समझा था, मेरे सुखों का अन्त नहीं, पर आज?'",unresolved_unattributed,flagged_false_positive_token_एक;unresolved_speaker
Kankal,KANKAL_TURN_01008,20,111,KANKAL_CAND_01008,Unknown,REVIEW,low,unmatched_speaker,"'कुछ नहीं, कुछ नहीं, मेरे मालिक! सब अच्छा है, सब अच्छा होगा। उसकी दया में सन्देह न करना चाहिए।'",unresolved_unattributed,unresolved_speaker
Kankal,KANKAL_TURN_01009,20,112,KANKAL_CAND_01009,Unknown,REVIEW,low,unmatched_speaker,'इसी दुखिया को छः महीने की पेट में लिए यहाँ आयी थी; और यहीं धूल-मिट्टी में खेलती हुई इतनी बड़ी हुई। मेरे मालिक! तुम्हारे विरह में यही तो मेरी आँखों की ठंडक थी-तुम्हारी निशानी!',unresolved_unattributed,unresolved_speaker
Kankal,KANKAL_TURN_01010,20,112,KANKAL_CAND_01010,Unknown,REVIEW,low,unmatched_speaker,'बेटी! यही तेरे पिता हैं।',unresolved_unattributed,unresolved_speaker
Kankal,KANKAL_TURN_01011,20,113,KANKAL_CAND_01011,Unknown,REVIEW,low,unmatched_speaker,"मिरजा के आ जाने से गाँव-भर में एक आतंक छा गया। मेरे नाना का बुढ़ापा चैन से कटने लगा। सोमनाथ मुझे हिन्दी पढ़ाने लगे, और मैं माता-पिता की गोद में सुख से बढ़ने लगी।",unresolved_unattributed,unresolved_speaker
Kankal,KANKAL_TURN_01012,20,114,KANKAL_CAND_01012,Unknown,REVIEW,low,unmatched_speaker,"'आज बरफ पड़ेगा, ऐसा रंग है।'",unresolved_unattributed,flagged_false_positive_token_एक;unresolved_speaker
Kankal,KANKAL_TURN_01013,20,114,KANKAL_CAND_01013,Unknown,REVIEW,low,unmatched_speaker,'और डाका भी।',unresolved_unattributed,unresolved_speaker
Kankal,KANKAL_TURN_01014,20,115,KANKAL_CAND_01014,Unknown,REVIEW,low,unmatched_speaker,'तो क्या तू ही उन सबों का भेदिया है।',unresolved_unattributed,flagged_false_positive_token_सब;unresolved_speaker
Kankal,KANKAL_TURN_01015,20,116,KANKAL_CAND_01015,Unknown,REVIEW,low,unmatched_speaker,"'नहीं सरकार! यह देश ही ऐसा है, इसमें गूजरों की...'",unresolved_unattributed,unresolved_speaker
Kankal,KANKAL_TURN_01016,20,117,KANKAL_CAND_01016,Unknown,REVIEW,low,unmatched_speaker,"'हाँ-हाँ, यहाँ के गूजर बड़े भयानक हैं।'",unresolved_unattributed,unresolved_speaker
Kankal,KANKAL_TURN_01017,20,118,KANKAL_CAND_01017,Unknown,REVIEW,low,unmatched_speaker,'तो हम लोगों को भी तैयार रहना चाहिए!',unresolved_unattributed,unresolved_speaker
Kankal,KANKAL_TURN_01018,20,118,KANKAL_CAND_01018,Unknown,REVIEW,low,unmatched_speaker,"'आप भी किसकी बात में आते हैं। जाइये, आराम कीजिये।'",unresolved_unattributed,unresolved_speaker
Kankal,KANKAL_TURN_01019,20,120,KANKAL_CAND_01019,Unknown,REVIEW,low,unmatched_speaker,'तुम लोग क्या चाहते हो?',unresolved_unattributed,flagged_false_positive_token_एक;unresolved_speaker
Kankal,KANKAL_TURN_01020,20,121,KANKAL_CAND_01020,Unknown,REVIEW,low,unmatched_speaker,'नवाबी का माल दो बीबी! बताओ कहाँ है?',unresolved_unattributed,unresolved_speaker
Kankal,KANKAL_TURN_01021,20,121,KANKAL_CAND_01021,Unknown,REVIEW,low,unmatched_speaker,"'हम लोगों की नवाबी उसी दिन गयी, जब मुगलों का राज्य गया! अब क्या है, किसी तरह दिन काट रहे हैं।'",unresolved_unattributed,flagged_false_positive_token_एक;unresolved_speaker
Kankal,KANKAL_TURN_01022,20,122,KANKAL_CAND_01022,Unknown,REVIEW,low,unmatched_speaker,'यह पाजी भला बतायेगी!',unresolved_unattributed,unresolved_speaker
Kankal,KANKAL_TURN_01023,20,122,KANKAL_CAND_01023,Unknown,REVIEW,low,unmatched_speaker,'नकल कर रही है!',unresolved_unattributed,flagged_false_positive_token_एक;unresolved_speaker
Kankal,KANKAL_TURN_01024,20,122,KANKAL_CAND_01024,Unknown,REVIEW,low,unmatched_speaker,"'इसे न छुओ, मैं इसे देख लूँगा।'",unresolved_unattributed,flagged_false_positive_token_वह;unresolved_speaker
Kankal,KANKAL_TURN_01025,20,124,KANKAL_CAND_01025,Unknown,REVIEW,low,unmatched_speaker,"'मैंने इस बार व्यर्थ इतनी हत्या की। अच्छा, मैं इस लड़की को जंगल की रानी बनाऊँगा।'",unresolved_unattributed,flagged_false_positive_token_वह;unresolved_speaker
Kankal,KANKAL_TURN_01026,20,125,KANKAL_CAND_01026,Unknown,REVIEW,low,unmatched_speaker,"'हम लोगों को इससे क्या तुम जैसे चाहो भगवान को मानो, मैं जिसके सम्बन्ध में स्वयं को कुछ समझता नहीं, अब तुम्हें क्यों समझाऊँ।'",unresolved_unattributed,flagged_false_positive_token_वह;unresolved_speaker
Kankal,KANKAL_TURN_01027,20,127,KANKAL_CAND_01027,Unknown,REVIEW,low,unmatched_speaker,"'बेटी गाला! तू जिस अवस्था में रह; जगत्पिता को न भूल! राजा कंगाल होते हैं और कंगाल राजा हो जाते हैं, पर वह सबका मालिक अपने सिंहासन पर अटल बैठा रहता है। जिसे हृदय देना, उसी को शरीर अर्पण करना, उसमें एकनिष्ठा बनाये रखना। मैं बराबर जायसी की '",unresolved_unattributed,unresolved_speaker
Kankal,KANKAL_TURN_01028,20,127,KANKAL_CAND_01028,Unknown,REVIEW,low,unmatched_speaker,"' पढ़ा करती हूँ। वह स्त्रियों के लिए जीवन-यात्रा में पथ-प्रदर्शक है। स्त्रियों को प्रेम करने के पहले यह सोच लेना चाहिए-मैं पद्मावती हो सकती हूँ कि नहीं गाला! संसार दुःख से भरा है। सुख के छींटे कहीं से परमपिता की दया से आ जाते हैं। उसकी चिन्ता न करना, उसके न पाने से दुःख भी न मानना। मैंने अपने कठोर और भीषण पति की सेवा सच्चाई से की है और चाहती हूँ कि तू भी मेरी जैसी हो। परमपिता तेरा मंगल करे। पद्मावत पढ़ना कभी न छोड़ना। उसके गूढ़ तत्त्व जो मैं तुझे बराबर समझाती आयी हूँ, तेरी जीवन-यात्रा को मधुरता और कोमलता से भर देंगे। अन्त में फिर तेरे लिए मैं प्रार्थना करती हूँ, तू सुखी रहे।'",unresolved_unattributed,long_narrative_passage;unresolved_speaker
Kankal,KANKAL_TURN_01029,20,129,KANKAL_CAND_01029,Unknown,REVIEW,low,unmatched_speaker,'पढ़ चुके! कहानी अच्छी है न?',unresolved_unattributed,unresolved_speaker
Kankal,KANKAL_TURN_01030,20,130,KANKAL_CAND_01030,Unknown,REVIEW,low,unmatched_speaker,"'बड़ी करुण और हृदय में टीस उत्पन्न करने वाली कहानी है, गाला! तुम्हारा सम्बन्ध दिल्ली के राज-सिंहासन से है-आश्चर्य!'",unresolved_unattributed,unresolved_speaker
Kankal,KANKAL_TURN_01031,20,131,KANKAL_CAND_01031,Unknown,REVIEW,low,unmatched_speaker,"'आश्चर्य किस बात का नये! क्या तुम समझते हो कि यही बड़ी भारी घटना है। कितने राज रक्तपूर्ण शरीर परिश्रम करते-करते मर-पच गये, उस अनन्त अनलशिखा में, जहाँ चरम शीतलता है, परम विश्राम है, वहाँ किसी तरह पहुँच जाना ही तो इस जीवन का लक्ष्य है।'",unresolved_unattributed,unresolved_speaker
Kankal,KANKAL_TURN_01032,20,132,KANKAL_CAND_01032,Unknown,REVIEW,low,unmatched_speaker,"'फिर गाला, जीवन के प्रकारों से तुम्हारे लिए चुनाव का कोई विषय नहीं, उसे बिताने के लिए कोई निश्चित कार्यक्रम नहीं।'",unresolved_unattributed,unresolved_speaker
Kankal,KANKAL_TURN_01033,20,133,KANKAL_CAND_01033,Unknown,REVIEW,low,unmatched_speaker,"'है तो नये! समीप के प्राणियों में सेवा-भाव, सबसे स्नेह-सम्बन्ध रखना, यह क्या मनुष्य के लिए पर्याप्त कर्तव्य नहीं।'",unresolved_unattributed,unresolved_speaker
Kankal,KANKAL_TURN_01034,20,134,KANKAL_CAND_01034,Unknown,REVIEW,low,unmatched_speaker,'तुम अनायास ही इस जंगल में पाठशाला खोलकर यहाँ के दुर्दान्त प्राणियों के मन में कोमल मानव-भाव भर सकती है।',unresolved_unattributed,unresolved_speaker
Kankal,KANKAL_TURN_01035,20,135,KANKAL_CAND_01035,Unknown,REVIEW,low,unmatched_speaker,"'ओहो! तुमने सुना नहीं, सीकरी में एक साधु आया है, हिन्दू-धर्म का तत्त्व समझाने के लिए! जंगली बालकों की एक पाठशाला उसने खोल दी है। वह कभी- कभी यहाँ भी आता है, मुझसे भी कुछ ले जाता है; पर मैं देखती हूँ कि मनुष्य बड़ा ढोंगी जीव है-वह दूसरों को वही समझाने का उद्योग करता है, जिसे स्वयं कभी भी नहीं समझता। मुझे यह नही रुचता! मेरे पुरखे तो बहुत पढ़े-लिखे और समझदार थे, उनके मन की ज्वाला कभी शान्त हुई?'",unresolved_unattributed,unresolved_speaker
Kankal,KANKAL_TURN_01036,20,136,KANKAL_CAND_01036,Unknown,REVIEW,low,unmatched_speaker,"'यह एक विकट प्रश्न है, गाला! जाता हूँ, अभी मुझे घास इकट्ठा करना है। यह बात तो मैं धीरे-धीरे समझने लगा हूँ कि शिक्षितों और अशिक्षितों के कर्मों में अन्तर नहीं है। जो कुछ भेद है वह उनके काम करने के ढंग का है।'",unresolved_unattributed,unresolved_speaker
Kankal,KANKAL_TURN_01037,20,137,KANKAL_CAND_01037,Unknown,REVIEW,low,unmatched_speaker,'तो तुमने अपनी कथा नहीं सुनाई!',unresolved_unattributed,unresolved_speaker
Kankal,KANKAL_TURN_01038,20,138,KANKAL_CAND_01038,Unknown,REVIEW,low,unmatched_speaker,'किसी अवसर पर सुनाऊँगा!',unresolved_unattributed,unresolved_speaker
Kankal,KANKAL_TURN_01039,20,139,KANKAL_CAND_01039,Unknown,REVIEW,low,unmatched_speaker,"'गाला चुपचाप अस्त होते हुए दिनकर को देख रही थी। बदन दूर से टहलता हुआ आ रहा था। आज उसका मुँह सदा के लिए प्रसन्न था। गाला उसे देखते ही उठ खड़ी हुई, बोली, '",unresolved_unattributed,unresolved_speaker
Kankal,KANKAL_TURN_01040,20,140,KANKAL_CAND_01040,Unknown,REVIEW,low,unmatched_speaker,'कल चलूँगा बेटी!',unresolved_unattributed,unresolved_speaker
Kankal,KANKAL_TURN_01041,20,140,KANKAL_CAND_01041,Unknown,REVIEW,low,unmatched_speaker,'तुम तो बहाना करते हो।',unresolved_unattributed,flagged_false_positive_token_वह;unresolved_speaker
Kankal,KANKAL_TURN_01042,20,141,KANKAL_CAND_01042,Unknown,REVIEW,low,unmatched_speaker,"'नहीं, नहीं, कल तझे लिवा ले चलूँगा। तुझे क्या लेना है, सो तो बता।'",unresolved_unattributed,unresolved_speaker
Kankal,KANKAL_TURN_01043,20,142,KANKAL_CAND_01043,Unknown,REVIEW,low,unmatched_speaker,"'मुझे दो पिंजड़े चाहिए, कुछ सूत और रंगीन कागज।'",unresolved_unattributed,unresolved_speaker
Kankal,KANKAL_TURN_01044,20,143,KANKAL_CAND_01044,Unknown,REVIEW,low,unmatched_speaker,"'अच्छा, कल ले आना।'",unresolved_unattributed,unresolved_speaker
Kankal,KANKAL_TURN_01045,21,5,KANKAL_CAND_01045,Unknown,REVIEW,low,unmatched_speaker,'अरे तो तुम हो गाला!',unresolved_unattributed,unresolved_speaker
Kankal,KANKAL_TURN_01046,21,6,KANKAL_CAND_01046,Unknown,REVIEW,low,unmatched_speaker,"'हाँ, आज सनीचर है न! हम लोग बाजार करने आये हैं।'",unresolved_unattributed,unresolved_speaker
Kankal,KANKAL_TURN_01047,21,7,KANKAL_CAND_01047,Unknown,REVIEW,low,unmatched_speaker,'आज बड़ा अच्छा दिन है कि आपका यहीं दर्शन हो गया।',unresolved_unattributed,unresolved_speaker
Kankal,KANKAL_TURN_01048,21,8,KANKAL_CAND_01048,Unknown,REVIEW,low,unmatched_speaker,"'क्यों, अच्छे तो हो?'",unresolved_unattributed,unresolved_speaker
Kankal,KANKAL_TURN_01049,21,9,KANKAL_CAND_01049,Unknown,REVIEW,low,unmatched_speaker,'आप लोगों की कृपा से।',unresolved_unattributed,unresolved_speaker
Kankal,KANKAL_TURN_01050,21,10,KANKAL_CAND_01050,Unknown,REVIEW,low,unmatched_speaker,"'आज तो अचानक भेंट हो गयी, समीप ही मेरा आश्रय है, यदि उधर भी चलियेगा तो आपको विश्वास हो जायेगा कि आप लोगों की भिक्षा व्यर्थ नहीं फेकीं जाती।'",unresolved_unattributed,flagged_false_positive_token_एक;unresolved_speaker
Kankal,KANKAL_TURN_01051,21,11,KANKAL_CAND_01051,Unknown,REVIEW,low,unmatched_speaker,"'सूत और कागज ले लिए, किन्तु पिंजड़े तो यहाँ दिखाई नहीं देते, गाला।'",unresolved_unattributed,flagged_false_positive_token_उस;unresolved_speaker
Kankal,KANKAL_TURN_01052,21,12,KANKAL_CAND_01052,Unknown,REVIEW,low,unmatched_speaker,"'तो न सही, दूसरे दिन आकर ले लूँगी।'",unresolved_unattributed,unresolved_speaker
Kankal,KANKAL_TURN_01053,21,12,KANKAL_CAND_01053,Unknown,REVIEW,low,unmatched_speaker,"'क्या देख रही है दुकानदार था चतुर, उसने कहा, '",unresolved_unattributed,flagged_false_positive_token_वह;unresolved_speaker
Kankal,KANKAL_TURN_01054,21,13,KANKAL_CAND_01054,Unknown,REVIEW,low,unmatched_speaker,"'नहीं, नहीं मैं भला इसे लेकर क्या करूँगी।'",unresolved_unattributed,unresolved_speaker
Kankal,KANKAL_TURN_01055,21,13,KANKAL_CAND_01055,Unknown,REVIEW,low,unmatched_speaker,"'स्त्रियों के लिए इससे पूर्ण वस्त्र और कोई हो ही नहीं सकता। कुरते के ऊपर से इसे पहन लिया जाए, तो यह अकेला सब काम दे सकता है।'",unresolved_unattributed,unresolved_speaker
Kankal,KANKAL_TURN_01056,21,13,KANKAL_CAND_01056,Unknown,REVIEW,low,unmatched_speaker,'तो ले ले गाला।',unresolved_unattributed,flagged_false_positive_token_वह;unresolved_speaker
Kankal,KANKAL_TURN_01057,21,14,KANKAL_CAND_01057,Unknown,REVIEW,low,unmatched_speaker,'अच्छा!',unresolved_unattributed,unresolved_speaker
Kankal,KANKAL_TURN_01058,21,15,KANKAL_CAND_01058,Unknown,REVIEW,low,unmatched_speaker,"'मेरी कुटी पर ही विश्राम कीजिये न! धूप कम होने पर चले जाइयेगा। गाला ने कहा, '",unresolved_unattributed,flagged_false_positive_token_एक;unresolved_speaker
Kankal,KANKAL_TURN_01059,21,16,KANKAL_CAND_01059,Unknown,REVIEW,low,unmatched_speaker,"'भई, तुम पढ़ाते हो, तो अच्छा करते हो; पर यह पढ़ना किस काम का होगा मैं तुमसे कई बार कह चुका हूँ कि पढ़ने से, शिक्षा से, मनुष्य सुधरता है; पर मैं तो समझता हूँ-ये किसी काम के न रह जाएँगे। इतना परिश्रम करके तो जीने के लिए मनुष्य कोई भी काम कर सकता है।'",unresolved_unattributed,flagged_false_positive_token_एक;unresolved_speaker
Kankal,KANKAL_TURN_01060,21,17,KANKAL_CAND_01060,Unknown,REVIEW,low,unmatched_speaker,"'बाबा! पढ़ाई सब कामों को सुधार करना सिखाती है। यह तो बड़ा अच्छा काम है, देखिये मंगल के त्याग और परिश्रम को!'",unresolved_unattributed,unresolved_speaker
Kankal,KANKAL_TURN_01061,21,18,KANKAL_CAND_01061,Unknown,REVIEW,low,unmatched_speaker,"'हाँ, तो यह बात अच्छी है।'",unresolved_unattributed,unresolved_speaker
Kankal,KANKAL_TURN_01062,21,19,KANKAL_CAND_01062,Unknown,REVIEW,low,unmatched_speaker,"'ठाकुर! मैं तो चाहता हूँ कि लड़कियों की भी एक पाठशाला हो जाती; पर उनके लिए स्त्री अध्यापिका की आवश्यकता होगी, और वह दुर्लभ है।'",unresolved_unattributed,unresolved_speaker
Kankal,KANKAL_TURN_01063,21,20,KANKAL_CAND_01063,Unknown,REVIEW,low,unmatched_speaker,'बाबा! तुम कहते तो मैं ही लड़कियों को पढ़ाती।',unresolved_unattributed,unresolved_speaker
Kankal,KANKAL_TURN_01064,21,20,KANKAL_CAND_01064,Unknown,REVIEW,low,unmatched_speaker,"'जंगल में तो मेरा मन भी नहीं लगता। मैं बहुत विचार कर चुकी हूँ, मेरा उस खारी नदी के पहाड़ी अंचल से जीवन भर निभने का नहीं।'",unresolved_unattributed,flagged_false_positive_token_वह;unresolved_speaker
Kankal,KANKAL_TURN_01065,21,21,KANKAL_CAND_01065,Unknown,REVIEW,low,unmatched_speaker,'तो क्या तू मुझे छोड़कर...',unresolved_unattributed,unresolved_speaker
Kankal,KANKAL_TURN_01066,21,21,KANKAL_CAND_01066,Unknown,REVIEW,low,unmatched_speaker,"'और भी ऐसी वस्तुएँ हैं, जिन्हें मैं इस जीवन में छोड़ नहीं सकता। मैं समझता हूँ, उनसे छुड़ा लेने की तेरी भीतरी इच्छा है, क्यों?'",unresolved_unattributed,unresolved_speaker
Kankal,KANKAL_TURN_01067,21,22,KANKAL_CAND_01067,Unknown,REVIEW,low,unmatched_speaker,'अच्छा तो घर चलकर इस पर फिर विचार किया जाएगा।',unresolved_unattributed,unresolved_speaker
Kankal,KANKAL_TURN_01068,21,23,KANKAL_CAND_01068,Unknown,REVIEW,low,unmatched_speaker,'तेरी ऐसी इच्छा है तो घर ही न चल।',unresolved_unattributed,unresolved_speaker
Kankal,KANKAL_TURN_01069,21,24,KANKAL_CAND_01069,Unknown,REVIEW,low,unmatched_speaker,'मुझे यह नहीं चाहिए।',unresolved_unattributed,flagged_false_positive_token_एक;unresolved_speaker
Kankal,KANKAL_TURN_01070,21,24,KANKAL_CAND_01070,Unknown,REVIEW,low,unmatched_speaker,"'कई मील जाना है, बूढ़ा आदमी हूँ तो चलता हूँ।'",unresolved_unattributed,flagged_false_positive_token_वह;unresolved_speaker
Kankal,KANKAL_TURN_01071,21,24,KANKAL_CAND_01071,Unknown,REVIEW,low,unmatched_speaker,"'गाला, तुम इस समय बाबा के साथ जाओ, मैं आकर उन्हें समझा दूँगा। इसके लिए झगड़ना कोई अच्छी बात नहीं।'",unresolved_unattributed,flagged_false_positive_token_वह;unresolved_speaker
Kankal,KANKAL_TURN_01072,21,27,KANKAL_CAND_01072,Unknown,REVIEW,low,unmatched_speaker,'भालू! तुम्हें यह गीत अच्छा लगा?',unresolved_unattributed,unresolved_speaker
Kankal,KANKAL_TURN_01073,21,28,KANKAL_CAND_01073,Unknown,REVIEW,low,unmatched_speaker,'भुँह!',unresolved_unattributed,unresolved_speaker
Kankal,KANKAL_TURN_01074,21,29,KANKAL_CAND_01074,Unknown,REVIEW,low,unmatched_speaker,"'ओहो, अब तो तुम बड़े समझदार हो गये हो।'",unresolved_unattributed,unresolved_speaker
Kankal,KANKAL_TURN_01075,21,29,KANKAL_CAND_01075,Unknown,REVIEW,low,unmatched_speaker,"'मना करो अपने दुलारे को, नही तो...'",unresolved_unattributed,flagged_false_positive_token_एक;unresolved_speaker
Kankal,KANKAL_TURN_01076,21,30,KANKAL_CAND_01076,Unknown,REVIEW,low,unmatched_speaker,"'वह भी तो दुलार करता है। बेचारा जो कुछ पाता है, वही तो देता है, फिर इसमें उलाहना कैसा, गाला!'",unresolved_unattributed,unresolved_speaker
Kankal,KANKAL_TURN_01077,21,31,KANKAL_CAND_01077,Unknown,REVIEW,low,unmatched_speaker,'जो पावै उसे बाँट दे।',unresolved_unattributed,unresolved_speaker
Kankal,KANKAL_TURN_01078,21,32,KANKAL_CAND_01078,Unknown,REVIEW,low,unmatched_speaker,"'यही तो उदारता है! कहो आज तो तुमने साड़ी पहन ही ली, बहुत भली लगती हो।'",unresolved_unattributed,unresolved_speaker
Kankal,KANKAL_TURN_01079,21,33,KANKAL_CAND_01079,Unknown,REVIEW,low,unmatched_speaker,"'बाबा बहुत बिगड़े हैं, आज तीन दिन हुए, मुझसे बोले नहीं। नये! तुमको स्मरण होगा कि मेरा पढ़ना-लिखना जानकर तुम्हीं ने एक दिन कहा था कि तुम अनायास ही जंगल में शिक्षा का प्रचार करती हो-भूल तो नहीं गये?'",unresolved_unattributed,unresolved_speaker
Kankal,KANKAL_TURN_01080,21,34,KANKAL_CAND_01080,Unknown,REVIEW,low,unmatched_speaker,'नहीं मैंने अवश्य कहा था।',unresolved_unattributed,unresolved_speaker
Kankal,KANKAL_TURN_01081,21,35,KANKAL_CAND_01081,Unknown,REVIEW,low,unmatched_speaker,'तो फिर मेरे विचार पर बाबा इतने दुखी क्यों हैं?',unresolved_unattributed,unresolved_speaker
Kankal,KANKAL_TURN_01082,21,36,KANKAL_CAND_01082,Unknown,REVIEW,low,unmatched_speaker,'तब मुझे क्या करना चाहिए?',unresolved_unattributed,unresolved_speaker
Kankal,KANKAL_TURN_01083,21,37,KANKAL_CAND_01083,Unknown,REVIEW,low,unmatched_speaker,'जिसे तुम अच्छा समझो।',unresolved_unattributed,unresolved_speaker
Kankal,KANKAL_TURN_01084,21,38,KANKAL_CAND_01084,Unknown,REVIEW,low,unmatched_speaker,'नये! तुम बड़े दुष्ट हो-मेरे मन में एक आकांक्षा उत्पन्न करके अब उसका कोई उपाय नहीं बताते।',unresolved_unattributed,unresolved_speaker
Kankal,KANKAL_TURN_01085,21,39,KANKAL_CAND_01085,Unknown,REVIEW,low,unmatched_speaker,"'जो आकांक्षा उत्पन्न कर देता है, वह उसकी पूर्ति भी कर देता है, ऐसा तो नहीं देखा गया! तब भी तुम क्या चाहती हो?'",unresolved_unattributed,unresolved_speaker
Kankal,KANKAL_TURN_01086,21,40,KANKAL_CAND_01086,Unknown,REVIEW,low,unmatched_speaker,"'मैं उस जंगली जीवन से ऊब गयी हूँ, मैं कुछ और ही चाहती हूँ-वह क्या है तुम्हीं बता सकते हो।'",unresolved_unattributed,unresolved_speaker
Kankal,KANKAL_TURN_01087,21,41,KANKAL_CAND_01087,Unknown,REVIEW,low,unmatched_speaker,"'मैंने जिसे जो बताया वह उसे समझ न सका गाला। मुझसे न पूछो, मैं आपत्ति का मारा तुम लोगों की शरण में रह रहा हूँ।'",unresolved_unattributed,unresolved_speaker
Kankal,KANKAL_TURN_01088,21,41,KANKAL_CAND_01088,Unknown,REVIEW,low,unmatched_speaker,'गाला! मैं दो बातें तुम्हारे हित की कहना चाहता हूँ और तुम भी सुनो नये।',unresolved_unattributed,flagged_false_positive_token_वह;unresolved_speaker
Kankal,KANKAL_TURN_01089,21,42,KANKAL_CAND_01089,Unknown,REVIEW,low,unmatched_speaker,"'मेरा अब समय हो चला। इतने दिनों तक मैंने तुम्हारी इच्छाओं में कोई बाधा नहीं दी, यों कहो कि तुम्हारी कोई वास्तविक इच्छा ही नहीं हुई; पर अब तुम्हारा जीवन चिरपरिचित देश की सीमा पार कर रहा है। मैंने जहाँ तक उचित समझा, तुमको अपने शासन में रखा, पर अब मैं यह चाहता हूँ कि तुम्हारा पथ नियत कर दूँ और किसी उपयुक्त पात्र की संरक्षता में तुम्हें छोड़ जाऊँ।'",unresolved_unattributed,unresolved_speaker
Kankal,KANKAL_TURN_01090,21,42,KANKAL_CAND_01090,Unknown,REVIEW,low,unmatched_speaker,'मेरे पास इतनी सम्पत्ति है कि गाला और उसका पति जीवन भर सुख से रह सकते हैं-यदि उनकी संसार में सरल जीवन बिता लेने की अधिक इच्छा न हो। नये! मैं तुमको उपयुक्त समझता हूँ-गाला के जीवन की धारा सरल पथ से बहा ले चलने की क्षमता तुम में है। तुम्हें यदि स्वीकार हो तो-',unresolved_unattributed,flagged_false_positive_token_एक;unresolved_speaker
Kankal,KANKAL_TURN_01091,21,43,KANKAL_CAND_01091,Unknown,REVIEW,low,unmatched_speaker,'मुझे इसकी अकांक्षा पहले से थी। आपने मुझे शरण दी है। इसलिए गाला को मैं प्रताड़ित नहीं कर सकता। क्योंकि मेरे हृदय में दाम्पत्य जीवन की सुख-साधना की सामग्री बची न रही। तिस पर आप जानते हैं कि एक संदिग्ध हत्यारा मनुष्य हूँ!',unresolved_unattributed,unresolved_speaker
Kankal,KANKAL_TURN_01092,21,44,KANKAL_CAND_01092,Unknown,REVIEW,low,unmatched_speaker,"'आप मुझे अपमानित कर रहे हैं, मैं अपने यहाँ पले हुए मनुष्य से कभी ब्याह नहीं करूँगी। यह तो क्या, मैंने अभी ब्याह करने का विचार भी नहीं किया है। मेरा उद्देश्य है-पढ़ना और पढ़ाना। मैं निश्चय कर चुकी हूँ कि मैं किसी बालिका विद्यालय में पढ़ाऊँगी।'",unresolved_unattributed,flagged_false_positive_token_एक;unresolved_speaker
Kankal,KANKAL_TURN_01093,21,45,KANKAL_CAND_01093,Unknown,REVIEW,low,unmatched_speaker,'तो आज से तेरा-मेरा सम्बन्ध नहीं।',unresolved_unattributed,flagged_false_positive_token_एक;unresolved_speaker
Kankal,KANKAL_TURN_01094,22,3,KANKAL_CAND_01094,Unknown,REVIEW,low,unmatched_speaker,"'हटो सामने से, गाड़ी जाती है।'",unresolved_unattributed,flagged_false_positive_token_एक;unresolved_speaker
Kankal,KANKAL_TURN_01095,22,4,KANKAL_CAND_01095,Unknown,REVIEW,low,unmatched_speaker,'अ',unresolved_unattributed,flagged_false_positive_token_वह;short_fragment;unresolved_speaker;short_fragment
Kankal,KANKAL_TURN_01096,22,4,KANKAL_CAND_01096,Unknown,REVIEW,low,unmatched_speaker,'आँ',unresolved_unattributed,flagged_false_positive_token_वह;short_fragment;unresolved_speaker;short_fragment
Kankal,KANKAL_TURN_01097,22,4,KANKAL_CAND_01097,Unknown,REVIEW,low,unmatched_speaker,"' बालक हँस पड़ा, वह उसे गोद में झिंझोड़ने लगी। अबकी वह फिर घबराया। उसने रोने के लिए मुँह बनाया ही था कि पगली ने उसे गोद से उतार दिया और बड़बड़ाने लगी, '",unresolved_unattributed,unresolved_speaker
Kankal,KANKAL_TURN_01098,22,6,KANKAL_CAND_01098,Unknown,REVIEW,low,unmatched_speaker,"'तंग कर रही हूँ। पूजा कर रही हूँ पूजा। राम, कृष्ण, बुद्ध, ईसा की सरलता की पूजा कर रही हूँ। इन्हें रुला देने से इनकी एक कसरत हो जाती है, फिर हँसा दूँगी। और तुम तो कभी भी जी खोलकर न हँस सकोगे, न रो सकोगे।'",unresolved_unattributed,unresolved_speaker
Kankal,KANKAL_TURN_01099,22,7,KANKAL_CAND_01099,Unknown,REVIEW,low,unmatched_speaker,'मेरी गाड़ी छीन ली है।',unresolved_unattributed,flagged_false_positive_token_वह;unresolved_speaker
Kankal,KANKAL_TURN_01100,22,7,KANKAL_CAND_01100,Unknown,REVIEW,low,unmatched_speaker,"'चित्र लोगे देखो, पश्चिम में संध्या कैसा अपना रंगीन चित्र फैलाए बैठी है।'",unresolved_unattributed,unresolved_speaker
Kankal,KANKAL_TURN_01101,22,7,KANKAL_CAND_01101,Unknown,REVIEW,low,flagged_invalid_token_पुरुष,"'मुझसे बात करो, उस बालक को जाने दो।'",unresolved_pronoun_or_generic,unresolved_speaker
Kankal,KANKAL_TURN_01102,22,8,KANKAL_CAND_01102,Unknown,REVIEW,low,unmatched_speaker,'किशोरी! इसे कुछ खिलाओ!',unresolved_unattributed,flagged_false_positive_token_उस;unresolved_speaker
Kankal,KANKAL_TURN_01103,22,8,KANKAL_CAND_01103,किशोरी,ATTRIBUTED,high,explicit_subject_match_किशोरी,"'चलो, तुम्हें गाड़ी दिला दूँ।'",explicit_attribution,flagged_modifier_phrase
Kankal,KANKAL_TURN_01104,22,9,KANKAL_CAND_01104,किशोरी,ATTRIBUTED,high,explicit_subject_match_किशोरी,"'तुम्हें भूख लगी है, कुछ खाओगी?'",explicit_attribution,none
Kankal,KANKAL_TURN_01105,22,10,KANKAL_CAND_01105,Unknown,REVIEW,low,unmatched_speaker,"'बाबूजी, आप कब से यहाँ फँसे हैं। यह तो चाची का पालित पुत्र है, क्यो रे मोहन! तू अभी से स्कूल जाने लगा है चल, तुझे घर पहुँचा दूँ?'",unresolved_unattributed,unresolved_speaker
Kankal,KANKAL_TURN_01106,22,11,KANKAL_CAND_01106,Unknown,REVIEW,low,unmatched_speaker,"'मैं तुझको कब से खोज रही हूँ, तू बड़ा दुष्ट है रे!'",unresolved_unattributed,unresolved_speaker
Kankal,KANKAL_TURN_01107,22,11,KANKAL_CAND_01107,Unknown,REVIEW,low,unmatched_speaker,"'वह देखो, प्रकाश भागा जाता है अन्धकार...!'",unresolved_unattributed,flagged_false_positive_token_वह;unresolved_speaker
Kankal,KANKAL_TURN_01108,22,12,KANKAL_CAND_01108,श्रीचन्द्र,ATTRIBUTED,high,explicit_subject_match_श्रीचन्द्र,"'इसकी सेवा होनी चाहिए, बेचारी दुखिया है।'",explicit_attribution,none
Kankal,KANKAL_TURN_01109,22,12,KANKAL_CAND_01109,Unknown,REVIEW,low,unmatched_speaker,"'चाची का घर तो पास ही है, वहाँ उसे उठा ले चलता हूँ। चाची ने मोहन और श्रीचन्द्र के व्यवहार को देखा था, उसे अनेक आशा थी। उसने कहा, '",unresolved_unattributed,unresolved_speaker
Kankal,KANKAL_TURN_01110,22,12,KANKAL_CAND_01110,मोहन,ATTRIBUTED,high,explicit_subject_match_मोहन,"' मोहन को उतारकर वह पण्डाजी की सहायता से पगली को अपने पास के घर में ले चली। मोहन रोने लगा। श्रीचन्द्र ने कहा, '",explicit_attribution,none
Kankal,KANKAL_TURN_01111,22,13,KANKAL_CAND_01111,Unknown,REVIEW,low,unmatched_speaker,'चलूँगा।',unresolved_unattributed,unresolved_speaker
Kankal,KANKAL_TURN_01112,22,14,KANKAL_CAND_01112,मोहन,ATTRIBUTED,high,explicit_subject_match_मोहन,"'चाची, मैं मोहन को गाड़ी दिलाने के लिए बाजार लिवाता जाऊँ?'",explicit_attribution,none
Kankal,KANKAL_TURN_01113,22,15,KANKAL_CAND_01113,Unknown,REVIEW,low,unmatched_speaker,"'हाँ-हाँ, आपका ही लड़का है।'",unresolved_unattributed,unresolved_speaker
Kankal,KANKAL_TURN_01114,22,16,KANKAL_CAND_01114,Unknown,REVIEW,low,unmatched_speaker,"'मैं फिर आता हूँ, आपके पड़ोस में तो ठहरा हूँ।'",unresolved_unattributed,unresolved_speaker
Kankal,KANKAL_TURN_01115,22,23,KANKAL_CAND_01115,Unknown,REVIEW,low,unmatched_speaker,'इस ',unresolved_unattributed,unresolved_speaker;short_fragment
Kankal,KANKAL_TURN_01116,22,23,KANKAL_CAND_01116,Unknown,REVIEW,low,unmatched_speaker,' शब्दवाची उस अखिल ब्रह्माण्ड पें रमण करने वाले पतित-पावन की सत्ता को सर्वत्र स्वीकार करते हुए सर्वस्व अर्पण करने वाली भक्ति के साथ उसका स्मरण करना ही यथार्थ में नाम-स्मरण है!',unresolved_unattributed,unresolved_speaker
Kankal,KANKAL_TURN_01117,22,28,KANKAL_CAND_01117,Unknown,REVIEW,low,unmatched_speaker,'भीख दो बाबा! इस जन्म में कितने अपराध किये हैं-हे भगवान! अभी मौत नहीं आती।',unresolved_unattributed,flagged_false_positive_token_एक;unresolved_speaker
Kankal,KANKAL_TURN_01118,22,28,KANKAL_CAND_01118,Unknown,REVIEW,low,unmatched_speaker,"'अरे, तुम मथुरा से यहाँ भी आ पहुँचे।'",unresolved_unattributed,flagged_false_positive_token_एक;unresolved_speaker
Kankal,KANKAL_TURN_01119,22,29,KANKAL_CAND_01119,Unknown,REVIEW,low,unmatched_speaker,"'तीर्थों में घूमता हूँ बेटा! अपना प्रायश्चित्त करने के लिए, दूसरा जन्म बनाने के लिए! इतनी ही तो आशा है।'",unresolved_unattributed,unresolved_speaker
Kankal,KANKAL_TURN_01120,22,30,KANKAL_CAND_01120,Unknown,REVIEW,low,unmatched_speaker,"'गोविन्दी चौबाइन की पाली हुई बेटी को तुम भूल गये पण्डित, मैं वही हूँ; तुम बताओ मेरी माँ को अरे घृणित नीच अन्धे! मेरी माता से छुड़ाने वाले हत्यारे! तू कितना निष्ठुर है।'",unresolved_unattributed,unresolved_speaker
Kankal,KANKAL_TURN_01121,22,31,KANKAL_CAND_01121,Unknown,REVIEW,low,unmatched_speaker,"'क्षमा कर बेटी। क्षमा में भगवान की शक्ति है, उनकी अनुकम्पा है। मैंने अपराध किया था, उसी का तो फल भोग रहा हूँ। यदि तू सचमुच वही गोविन्दी चौबाइन की पाली हुई पगली है, तो तू प्रसन्न हो जा-अपने अभिशाप ही ज्वाला में मुझे जलता हुआ देखकर प्रसन्न हो जा! बेटी, हरद्वार तक तो तेरी माँ का पता था, पर मैं बहुत दिनों से नहीं जानता कि वह अब कहाँ है। नन्दो कहाँ है यह बताने में अब अन्धा रामदेव असमर्थ है बेटी।'",unresolved_unattributed,unresolved_speaker
Kankal,KANKAL_TURN_01122,22,32,KANKAL_CAND_01122,Unknown,REVIEW,low,unmatched_speaker,'रामदेव!',unresolved_unattributed,flagged_false_positive_token_उस;unresolved_speaker
Kankal,KANKAL_TURN_01123,22,33,KANKAL_CAND_01123,Unknown,REVIEW,low,unmatched_speaker,"'नन्दो का-सा स्वर सुनायी पड़ता है! नन्दो, तुम्हीं हो बोलो! हरद्वार से तुम यहाँ आयी हो हे राम! आज तुमने मेरा अपराध क्षमा कर दिया, नन्दो! यही तुम्हारी लड़की है!'",unresolved_unattributed,flagged_false_positive_token_एक;unresolved_speaker
Kankal,KANKAL_TURN_01124,22,35,KANKAL_CAND_01124,Unknown,REVIEW,low,unmatched_speaker,'पतित-पावन की जय हो। भगवान मुझे शरण में लो!',unresolved_unattributed,unresolved_speaker
Kankal,KANKAL_TURN_01125,22,40,KANKAL_CAND_01125,किशोरी,ATTRIBUTED,high,explicit_subject_match_किशोरी,'बेटी!',explicit_attribution,none
Kankal,KANKAL_TURN_01126,22,41,KANKAL_CAND_01126,Unknown,REVIEW,low,unmatched_speaker,'माँ!',unresolved_unattributed,unresolved_speaker;short_fragment
Kankal,KANKAL_TURN_01127,22,42,KANKAL_CAND_01127,Unknown,REVIEW,low,unmatched_speaker,"'तुमको सब किस नाम से पुकारते थे, यह तो मैंने आज तक न पूछा। बताओ बेटी वह प्यारा नाम।'",unresolved_unattributed,unresolved_speaker
Kankal,KANKAL_TURN_01128,22,43,KANKAL_CAND_01128,Unknown,REVIEW,low,unmatched_speaker,"'माँ, मुझे चौबाइन '",unresolved_unattributed,unresolved_speaker
Kankal,KANKAL_TURN_01129,22,43,KANKAL_CAND_01129,Unknown,REVIEW,low,unmatched_speaker,' नाम से पुकारती थी।',unresolved_unattributed,unresolved_speaker
Kankal,KANKAL_TURN_01130,22,44,KANKAL_CAND_01130,Unknown,REVIEW,low,unmatched_speaker,'चाँदी की सुरीली घण्टी-सी ही तेरी बोली है बेटी।',unresolved_unattributed,unresolved_speaker
Kankal,KANKAL_TURN_01131,22,45,KANKAL_CAND_01131,किशोरी,ATTRIBUTED,high,explicit_subject_match_किशोरी,'क्या कहा-घण्टी?',explicit_attribution,flagged_modifier_phrase
Kankal,KANKAL_TURN_01132,22,46,KANKAL_CAND_01132,Unknown,REVIEW,low,unmatched_speaker,'हाँ बाबूजी! वही वृदांवन वाली घण्टी!',unresolved_unattributed,unresolved_speaker
Kankal,KANKAL_TURN_01133,22,47,KANKAL_CAND_01133,किशोरी,ATTRIBUTED,high,explicit_subject_match_किशोरी,'निकल जा डायन! मेरे विजय को खा डालने वाली चुड़ैल।',explicit_attribution,flagged_modifier_phrase
Kankal,KANKAL_TURN_01134,22,48,KANKAL_CAND_01134,किशोरी,ATTRIBUTED,high,explicit_subject_match_किशोरी,"'मुँह सम्भालकर बात करो बहू। मैं किसी से दबने वाली नहीं। मेरे सामने किसका साहस है, जो मेरी बेटी, मेरी घण्टी को आँख दिखलावे! आँख निकाल लूँ!'",explicit_attribution,flagged_modifier_phrase
Kankal,KANKAL_TURN_01135,22,49,KANKAL_CAND_01135,Unknown,REVIEW,low,unmatched_speaker,"'तुम दोनों अभी निकल जाओ-अभी जाओ, नहीं तो नौकरों से धक्के देकर निकलवा दूँगी।'",unresolved_unattributed,unresolved_speaker
Kankal,KANKAL_TURN_01136,22,50,KANKAL_CAND_01136,Unknown,REVIEW,low,unmatched_speaker,"'बस इतना ही तो-गौरी रूठे अपना सुहाग ले! हम लोग जाती हैं, मेरे रुपये अभी दिलवा दो!'",unresolved_unattributed,unresolved_speaker
Kankal,KANKAL_TURN_01137,22,52,KANKAL_CAND_01137,किशोरी,ATTRIBUTED,high,explicit_subject_match_किशोरी,"'लो सहेजो अपना रुपया, भागो।'",explicit_attribution,none
Kankal,KANKAL_TURN_01138,22,53,KANKAL_CAND_01138,Unknown,REVIEW,low,unmatched_speaker,'चलो बेटी! अपना सामान ले लो।',unresolved_unattributed,unresolved_speaker
Kankal,KANKAL_TURN_01139,23,1,KANKAL_CAND_01139,मंगलदेव,ATTRIBUTED,high,explicit_subject_match_मंगलदेव,"'पाठ्यक्रम इतना असम्बद्ध है कि यह मनोविकास में सहायक होने के बदले, स्वयं भार हो जायेगा।'",explicit_attribution,flagged_modifier_phrase
Kankal,KANKAL_TURN_01140,23,1,KANKAL_CAND_01140,Unknown,REVIEW,low,unmatched_speaker,'रानी ने उन पर कृपा दिखाते हुए छोड़ दिया और राजा ने भी रानी की उदारता पर हँसकर प्रसन्नता प्रकट की...',unresolved_unattributed,flagged_false_positive_token_वह;unresolved_speaker
Kankal,KANKAL_TURN_01141,23,1,KANKAL_CAND_01141,Unknown,REVIEW,low,unmatched_speaker,'बाबा',unresolved_unattributed,flagged_false_positive_token_एक;short_fragment;unresolved_speaker;short_fragment
Kankal,KANKAL_TURN_01142,23,2,KANKAL_CAND_01142,Unknown,REVIEW,low,unmatched_speaker,"'तुमने कई दिन लगा दिये, मैं तो अब सोने जा रही थी।'",unresolved_unattributed,unresolved_speaker
Kankal,KANKAL_TURN_01143,23,3,KANKAL_CAND_01143,Unknown,REVIEW,low,unmatched_speaker,"'क्या करूँ, आश्रम की एक स्त्री पर हत्या का भयानक अभियोग था। गुरुदेव ने उसकी सहायता के लिए बुलाया था।'",unresolved_unattributed,unresolved_speaker
Kankal,KANKAL_TURN_01144,23,4,KANKAL_CAND_01144,Unknown,REVIEW,low,unmatched_speaker,'तुम्हारा आश्रम हत्यारों की भी सहायता करता है?',unresolved_unattributed,unresolved_speaker
Kankal,KANKAL_TURN_01145,23,5,KANKAL_CAND_01145,Unknown,REVIEW,low,unmatched_speaker,"'नहीं गाला! वह हत्या उसने नहीं की थी, वस्तुतः एक दूसरे पुरुष ने की; पर वह स्त्री उसे बचाना चाहती है।'",unresolved_unattributed,unresolved_speaker
Kankal,KANKAL_TURN_01146,23,6,KANKAL_CAND_01146,Unknown,REVIEW,low,unmatched_speaker,'यही तो मैं समझ न सका।',unresolved_unattributed,unresolved_speaker
Kankal,KANKAL_TURN_01147,23,7,KANKAL_CAND_01147,Unknown,REVIEW,low,unmatched_speaker,'तुम न समझ सके! स्त्री एक पुरुष को फाँसी से बचाना चाहती है और इसका कारण तुम्हारी समझ में न आया-इतना स्पष्ट कारण!',unresolved_unattributed,unresolved_speaker
Kankal,KANKAL_TURN_01148,23,8,KANKAL_CAND_01148,Unknown,REVIEW,low,unmatched_speaker,'तुम क्या समझती हो?',unresolved_unattributed,unresolved_speaker
Kankal,KANKAL_TURN_01149,23,9,KANKAL_CAND_01149,Unknown,REVIEW,low,unmatched_speaker,"'स्त्री जिससे प्रेम करती है, उसी पर सरबस वार देने को प्रस्तुत हो जाती है, यदि वह भी उसका प्रेमी हो तो स्त्री वय के हिसाब से सदैव शिशु, कर्म में वयस्क और अपनी सहायता में निरीह है। विधाता का ऐसा ही विधान है।'",unresolved_unattributed,unresolved_speaker
Kankal,KANKAL_TURN_01150,23,10,KANKAL_CAND_01150,Unknown,REVIEW,low,unmatched_speaker,"'तुम स्त्री-मनोवृत्ति को अच्छी तरह समझ सकती हो; परन्तु सम्भव है यहाँ भूल कर रही हो। सब स्त्रियाँ एक ही धातु की नहीं। देखो, मैं जहाँ तक उसके सम्बन्ध में जानता हूँ, तुम्हें सुनाता हूँ, वह एक निश्छल प्रेम पर विश्वास रखती थी और प्राकृतिक नियम से आवश्यक था कि एक युवती किसी भी युवक पर विश्वास करे; परन्तु वह अभागा युवक उस विश्वास का पात्र नहीं था। उसकी अत्यन्त आवश्यक और कठोर घड़ियों में युवक विचलित हो उठा। कहना न होगा कि उसे युवक ने उसके विश्वास को बुरी तरह ठुकराया। एकाकिनी उस आपत्ति की कटुता झेलने के लिए छोड़ दी गयी। बेचारी को एक सहारा भी मिला; परन्तु यह दूसरा युवक भी उसके साथ वही करने के लिए प्रस्तुत था, जो पहले युवक ने किया। वह फिर अपना आश्रय छोड़ने के लिये बाध्य हुई। उसने संघ की छाया में दिन बिताना निश्चित किया। एक दिन उसने देखा कि यही दूसरा युवक एक हत्या करके फाँसी पाने की आशा में हठ कर रहा है। उसने हटा लिया, आप शव के पास बैठी रही। पकड़ी गयी, तो हत्या का भार अपने सिर ले लिया। यद्यपि उसने स्पष्ट स्वीकार नहीं किया; परन्तु शासन को तो एक हत्या के बदले दूसरी हत्या करनी ही है। न्याय की यही समीप मिली, उसी पर अभियोग चल रहा है। मैं तो समझता हूँ कि वह हताश होकर जीवन दे रही है। उसका कारण प्रेम नहीं है, जैसा तुम समझ रही हो।'",unresolved_unattributed,long_narrative_passage;unresolved_speaker;flagged_false_positive_token_एक;long_dialogue_passage
Kankal,KANKAL_TURN_01151,23,11,KANKAL_CAND_01151,Unknown,REVIEW,low,unmatched_speaker,"'नारी जाति का निर्माण विधाता की एक झुँझलाहट है। मंगल! संसार-भर के पुरुष उससे कुछ लेना चाहते हैं, एक माता ही सहानुभूति रखती है; इसका कारण है उसका स्त्री होना। हाँ, तो उसने न्यायालय में अपना क्या वक्तव्य दिया?'",unresolved_unattributed,flagged_false_positive_token_एक;unresolved_speaker
Kankal,KANKAL_TURN_01152,23,12,KANKAL_CAND_01152,Unknown,REVIEW,low,unmatched_speaker,"'पुरुष स्त्रियों पर सदैव अत्याचार करते हैं, कहीं नहीं सुना गया कि अमुक स्त्री ने अमुक पुरुष के प्रति ऐसा ही अन्याय किया; परन्तु पुरुषों का यह साधारण व्यवसाय है, स्त्रियों पर आक्रमण करना! जो अत्याचारी है, वह मारा गया। कहा जाता है कि न्याय के लिए न्यायालय सदैव प्रस्तुत रहता है; परन्तु अपराध हो जाने पर ही विचार करना उसका काम है। उस न्याय का अर्थ है किसी को दण्ड देना! किन्तु उसके नियम उस आपत्ति से नहीं बच सकते। सरकारी वकील कहते हैं-न्याय को अपने हाथ में लेकर तुम दूसरा अन्याय नहीं कर सकते; परन्तु उस क्षण की कल्पना कीजिये कि उसका सर्वस्व लुटा चाहता है और न्याय के रक्षक अपने आराम में हैं। वहाँ एक पत्थर का टुकड़ा ही आपत्तिग्रस्त की रक्षा कर सकता है। तब वह क्या करे, उसका भी उपयोग न करे! यदि आपके सुव्यवस्थित शासन में कुछ दूसरा नियम है, तो आप प्रसन्नता से मुझे फाँसी दे सकते हैं। मुझे और कुछ नहीं कहना।'",unresolved_unattributed,long_narrative_passage;unresolved_speaker
Kankal,KANKAL_TURN_01153,23,12,KANKAL_CAND_01153,Unknown,REVIEW,low,unmatched_speaker,"'चलो, इस विचित्र अभियोग को देखो; परन्तु यहाँ पाठशाला भी तो देखनी है। अबकी बार मुझे कई दिन लगेंगे!'",unresolved_unattributed,unresolved_speaker
Kankal,KANKAL_TURN_01154,23,13,KANKAL_CAND_01154,Unknown,REVIEW,low,unmatched_speaker,"'आश्चर्य है, परन्तु मैं कहती हूँ कि वह स्त्री अवश्य उस युवक से प्रेम करती है, जिसने हत्या की है। जैसा तुमने कहा, उससे तो यही मालूम होता है कि दूसरा युवक उसका प्रेमपात्र है, जिसने उसे सताना चाहा था।'",unresolved_unattributed,unresolved_speaker
Kankal,KANKAL_TURN_01155,23,14,KANKAL_CAND_01155,Unknown,REVIEW,low,unmatched_speaker,'गाला! पर मैं कहता हूँ कि वह उससे घृणा करती थी। ऐसा क्यों! मैं न कह सकूँगा; पर है बात कुछ ऐसी ही।',unresolved_unattributed,unresolved_speaker
Kankal,KANKAL_TURN_01156,23,14,KANKAL_CAND_01156,यमुना,ATTRIBUTED,high,explicit_subject_match_यमुना,'बढ़ो-बढ़ो!',explicit_attribution,flagged_modifier_phrase
Kankal,KANKAL_TURN_01157,23,14,KANKAL_CAND_01157,विजय,ATTRIBUTED,high,explicit_subject_match_विजय,'गाला! क्या यही!!',explicit_attribution,flagged_modifier_phrase
Kankal,KANKAL_TURN_01158,23,15,KANKAL_CAND_01158,Unknown,REVIEW,low,unmatched_speaker,'कहाँ घूम रहे हो मंगल?',unresolved_unattributed,flagged_false_positive_token_वह;unresolved_speaker
Kankal,KANKAL_TURN_01159,23,16,KANKAL_CAND_01159,Unknown,REVIEW,low,unmatched_speaker,"'कहीं तो नहीं, गाला!'",unresolved_unattributed,flagged_false_positive_token_वह;unresolved_speaker
Kankal,KANKAL_TURN_01160,23,18,KANKAL_CAND_01160,Unknown,REVIEW,low,unmatched_speaker,"'तुम कुछ सोच रहे थे। यही कि स्त्रियाँ ऐसा प्रेम कर सकती हैं तर्क ने कहा होगा-नहीं! व्यवहार ने समझाया होगा, यह सब स्वप्न है! यही न। पर मैं कहती हूँ सब सत्य है, स्त्री का हृदय...प्रेम का रंगमंच है! तुमने शास्त्र पढ़ा है, फिर भी तुम स्त्रियों के हृदय को परखने में उतने कुशल नहीं हो, क्योंकि...'",unresolved_unattributed,unresolved_speaker
Kankal,KANKAL_TURN_01161,23,19,KANKAL_CAND_01161,Unknown,REVIEW,low,unmatched_speaker,'और तुम कैसे प्रेम का रहस्य जानती हो गाला! तुम भी तो...',unresolved_unattributed,unresolved_speaker
Kankal,KANKAL_TURN_01162,23,20,KANKAL_CAND_01162,Unknown,REVIEW,low,unmatched_speaker,"'स्त्रियों का यह जन्मसिद्ध उत्तराधिकार है, मंगल! उसे खोजना, परखना नहीं होता, कहीं से ले आना नहीं होता। वह बिखरा रहता है असावधानी से धनकुबेर की विभूति के समान! उसे सम्हालकर केवल एक ओर व्यय करना पड़ता है-इतना ही तो!'",unresolved_unattributed,unresolved_speaker
Kankal,KANKAL_TURN_01163,23,21,KANKAL_CAND_01163,Unknown,REVIEW,low,unmatched_speaker,'और पुरुष को... ?',unresolved_unattributed,unresolved_speaker
Kankal,KANKAL_TURN_01164,23,22,KANKAL_CAND_01164,Unknown,REVIEW,low,unmatched_speaker,"'हिसाब लगाना पड़ता है, उसे सीखना पड़ता है। संसार में जैसे उसकी महत्त्वाकांक्षा की और भी बहुत-सी विभूतियाँ हैं, वैसे ही यह भी एक है। पद्मिनी के समान जल-मरना स्त्रियाँ ही जानती हैं, पुरुष केवल उसी जली हुई राख को उठाकर अलाउद्दीन के सदृश बिखेर देना ही तो जानते हैं!'",unresolved_unattributed,unresolved_speaker
Kankal,KANKAL_TURN_01165,24,2,KANKAL_CAND_01165,Unknown,REVIEW,low,unmatched_speaker,"'यह देवमन्दिरों की यात्राएँ तुम्हारे मन में क्या भावा लाती हैं, पाप की या पुण्य की तुम जब पापों के बोझ से लदकर, एक मन्दिर की दीवार से टिककर लम्बी साँस खींचते हुए सोचोगे कि मैं इससे छू जाने पर पवित्र हो गया, तो तुम्हारे में फिर से पाप करने की प्रेरणा बढ़ेगी! यह विश्वास कि देवमन्दिर मुझे पाप से मुक्त कर देंगे, भ्रम है।'",unresolved_unattributed,unresolved_speaker
Kankal,KANKAL_TURN_01166,24,4,KANKAL_CAND_01166,Unknown,REVIEW,low,unmatched_speaker,'जो जस करे सो तस फल चाखा!',unresolved_unattributed,unresolved_speaker
Kankal,KANKAL_TURN_01167,24,5,KANKAL_CAND_01167,Unknown,REVIEW,low,unmatched_speaker,'घण्टी!',unresolved_unattributed,flagged_false_positive_token_एक;unresolved_speaker
Kankal,KANKAL_TURN_01168,24,6,KANKAL_CAND_01168,Unknown,REVIEW,low,unmatched_speaker,'घण्टी! चलो हम तुमको खोजकर लाचार हो गये-आह डार्लिंग!',unresolved_unattributed,unresolved_speaker
Kankal,KANKAL_TURN_01169,24,7,KANKAL_CAND_01169,Unknown,REVIEW,low,unmatched_speaker,'तू कौन है रे! क्या सरकारी राज नहीं रहा! आगे बढ़ा तो ऐसा झापड़ लगेगा कि तेरा टोप उड़ जायेगा।',unresolved_unattributed,unresolved_speaker
Kankal,KANKAL_TURN_01170,24,8,KANKAL_CAND_01170,Unknown,REVIEW,low,unmatched_speaker,"'माँ जी, यह मेरी विवाहिता स्त्री है, यह ईसाई है, आप नहीं जानतीं।'",unresolved_unattributed,unresolved_speaker
Kankal,KANKAL_TURN_01171,24,9,KANKAL_CAND_01171,Unknown,REVIEW,low,unmatched_speaker,'क्या तुम ईसाई-धर्म ग्रहण कर चुकी हो?',unresolved_unattributed,flagged_false_positive_token_फिर;unresolved_speaker
Kankal,KANKAL_TURN_01172,24,10,KANKAL_CAND_01172,Unknown,REVIEW,low,unmatched_speaker,"'मैं धर्म-कर्म कुछ नहीं जानती। मेरा कोई आश्रय न था, तो इन्होंने मुझे कई दिन खाने को दिया था।'",unresolved_unattributed,unresolved_speaker
Kankal,KANKAL_TURN_01173,24,11,KANKAL_CAND_01173,Unknown,REVIEW,low,unmatched_speaker,'ठीक है; पर तुमने इसके साथ ब्याह किया था?',unresolved_unattributed,unresolved_speaker
Kankal,KANKAL_TURN_01174,24,12,KANKAL_CAND_01174,Unknown,REVIEW,low,unmatched_speaker,"'नहीं, यह मुझे दो-एक दिन गिरजाघर में ले गये थे, ब्याह-व्याह मैं नहीं जानती।'",unresolved_unattributed,unresolved_speaker
Kankal,KANKAL_TURN_01175,24,13,KANKAL_CAND_01175,Unknown,REVIEW,low,unmatched_speaker,"'मिस्टर बाथम, वह क्या कहती है क्या आप लोगों का ब्याह चर्च में नियमानुसार हो चुका है-आप प्रमाण दे सकते हैं?'",unresolved_unattributed,unresolved_speaker
Kankal,KANKAL_TURN_01176,24,14,KANKAL_CAND_01176,Unknown,REVIEW,low,unmatched_speaker,"'नहीं, जिस दिन होने वाला था, उसी दिन तो यह भागी। हाँ, यह बपतिस्मा अवश्य ले चुकी है।'",unresolved_unattributed,unresolved_speaker
Kankal,KANKAL_TURN_01177,24,15,KANKAL_CAND_01177,Unknown,REVIEW,low,unmatched_speaker,'मैं नहीं जानती।',unresolved_unattributed,unresolved_speaker
Kankal,KANKAL_TURN_01178,24,16,KANKAL_CAND_01178,Unknown,REVIEW,low,unmatched_speaker,"'अच्छा मिस्टर बाथम! अब आप एक भद्र पुरुष होने के कारण इस तरह एक स्त्री को अपमानित न कर सकेंगे। इसके लिए आप पश्चात्ताप तो करेंगे ही, चाहे वह प्रकट न हो। छोड़िए, राह छोड़िए, जाओ देवी!'",unresolved_unattributed,unresolved_speaker
Kankal,KANKAL_TURN_01179,24,17,KANKAL_CAND_01179,Unknown,REVIEW,low,unmatched_speaker,'बड़े साहब की चलाचली है; चर्च को सँभालने के लिए आपको बुलाया है।',unresolved_unattributed,flagged_false_positive_token_वह;unresolved_speaker
Kankal,KANKAL_TURN_01180,24,18,KANKAL_CAND_01180,Unknown,REVIEW,low,unmatched_speaker,बाथम किंकर्तव्यविमूढ़-सा चर्च के ताँगे पर जा बैठा।,unresolved_unattributed,unresolved_speaker
Kankal,KANKAL_TURN_01181,24,19,KANKAL_CAND_01181,Unknown,REVIEW,low,unmatched_speaker,'आप लोग अब यहाँ क्यों खड़ी हैं?',unresolved_unattributed,flagged_false_positive_token_एक;unresolved_speaker
Kankal,KANKAL_TURN_01182,24,20,KANKAL_CAND_01182,Unknown,REVIEW,low,unmatched_speaker,"'बाबूजी, बहुत दिन पर मेरी बेटी मिली भी, तो बेधरम होकर! हाय अब मैं क्या करूँ?'",unresolved_unattributed,unresolved_speaker
Kankal,KANKAL_TURN_01183,24,21,KANKAL_CAND_01183,Unknown,REVIEW,low,unmatched_speaker,"'आप लोग गोस्वामीजी के आश्रम में चलिए, वहाँ सब प्रबन्ध हो जायेगा, सड़क पर खड़ी रहने से फिर भीड़ लग जायेगी। आइये, मेरे पीछे-पीछे चली आइये।'",unresolved_unattributed,flagged_false_positive_token_वह;unresolved_speaker
Kankal,KANKAL_TURN_01184,24,22,KANKAL_CAND_01184,गोस्वामी,ATTRIBUTED,high,explicit_subject_match_गोस्वामी,'तुम क्या चाहते हो?',explicit_attribution,none
Kankal,KANKAL_TURN_01185,24,25,KANKAL_CAND_01185,Unknown,REVIEW,low,unmatched_speaker,"'मुझे पतितपावन के पदांक का अनुसरण करने की आज्ञा दीजिए। गुरुदेव, मुझसे बढ़कर कौन पतित होगा कोई नहीं, आज मेरी आँखें खुल गयी हैं, मैं अपने समाज को एकत्र करूँगा और गोपाल से तब प्रार्थना करूँगा कि भगवान, तुममें यदि पावन करने की शक्ति हो तो आओ। अहंकारी समाज के दम्भ से पद-दलितों पर अपनी करुणा-कादम्बिनी बरसाओ।'",unresolved_unattributed,unresolved_speaker
Kankal,KANKAL_TURN_01186,24,26,KANKAL_CAND_01186,Unknown,REVIEW,low,unmatched_speaker,"'गुरुदेव! उन स्त्रियों की दया पर विचार कीजिये, जिन्हें कल ही आश्रम में आश्रय मिला है।'",unresolved_unattributed,flagged_false_positive_token_वह;unresolved_speaker
Kankal,KANKAL_TURN_01187,24,27,KANKAL_CAND_01187,Unknown,REVIEW,low,unmatched_speaker,'मंगल! क्या तुमने भली-भाँति विचार कर लिया और विचार करने पर भी तुमने यही कार्यक्रम निश्चित किया है?',unresolved_unattributed,unresolved_speaker
Kankal,KANKAL_TURN_01188,24,28,KANKAL_CAND_01188,Unknown,REVIEW,low,unmatched_speaker,'गुरुदेव! जब कार्य करना ही है तब उसे उचित रूप क्यों ने दिया जाय! देवनिरंजन जी से परामर्श करने पर मैंने तो यही निष्कर्ष निकाला है कि भारत संघ स्थापित होना चाहिए।',unresolved_unattributed,unresolved_speaker
Kankal,KANKAL_TURN_01189,24,29,KANKAL_CAND_01189,Unknown,REVIEW,low,unmatched_speaker,"'परन्तु तुम मेरा सहयोग उसमें न प्राप्त कर सकोगे। मुझे इस आडम्बर में विश्वास नहीं है, यह मैं स्पष्ट कह देना चाहता हूँ। मुझे फिर कोई एकान्त कुटिया खोजनी पड़ेगी।'",unresolved_unattributed,unresolved_speaker
Kankal,KANKAL_TURN_01190,24,30,KANKAL_CAND_01190,Unknown,REVIEW,low,unmatched_speaker,"'कार्य आरम्भ हो जाने दीजिए। गुरुदेव! तब यदि आप उसमें अपना निर्वाह न देखें, तो दूसरा विचार करें। इस कल्याण-धर्म के प्रचार में क्या आप ही विरोधी बनियेगा! मुझे जिस दिन आपने सेवाधर्म का उपदेश देकर वृन्दावन से निर्वासित किया था, उसी दिन से मैं इसके लिए उपाय खोज रहा था; किन्तु आज जब सुयोग उपस्थित हुआ, देवनिरंजन जी जैसा सहयोगी मिल गया, तब आप ही मुझे पीछे हटने को कह रहे हैं।'",unresolved_unattributed,unresolved_speaker
Kankal,KANKAL_TURN_01191,24,31,KANKAL_CAND_01191,गोस्वामी,ATTRIBUTED,high,explicit_subject_match_गोस्वामी,"'तब निर्वासन का बदला लिये बिना तुम कैसे मानोगे मंगल, अच्छी बात है, मैं शीघ्र प्रतिफल का स्वागत करता हूँ। किन्तु, मैं एक बात फिर कह देना चाहता हूँ कि मुझे व्यक्तिगत पवित्रता के उद्योग में विश्वास है, मैंने उसी को सामने रखकर उन्हें प्रेरित किया था। मैं यह न स्वीकार करूँगा कि वह भी मुझे न करना चाहिए था। किन्तु, जो कर चुका, वह लौटाया नहीं जा सकता। तो फिर करो, जो तुम लोगों की इच्छा!'",explicit_attribution,none
Kankal,KANKAL_TURN_01192,24,32,KANKAL_CAND_01192,Unknown,REVIEW,low,unmatched_speaker,"'गुरुदेव, क्षमा कीजिये, आशीर्वाद दीजिए।'",unresolved_unattributed,unresolved_speaker
Kankal,KANKAL_TURN_01193,25,1,KANKAL_CAND_01193,Unknown,REVIEW,low,unmatched_speaker,"कृष्णशरण की टेकरी ब्रज-भर में कुतूहल और सनसनी का केन्द्र बन रही थी। निरंजन के सहयोग से उसमें नवजीवन का संचार होने लगा, कुछ ही दिनों से सरला और लतिका भी उस विश्राम-भवन में आ गयी थीं। लतिका बड़े चाव से वहाँ उपदेश सुनती। सरला तो एक प्रधान महिला कार्यकर्त्री थी। उसके हृदय में नयी स्फूर्ति थी और शरीर में नये साहस का साहस का संचार था। संघ में बड़ी सजीवता आ चली। इधर यमुना के अभियोग में भी हृदय प्रधान भाग ले रहा था, इसलिए बड़ी चहल-पहल रहती।",unresolved_unattributed,unresolved_speaker
Kankal,KANKAL_TURN_01194,25,3,KANKAL_CAND_01194,Unknown,REVIEW,low,unmatched_speaker,हिन्दू-धर्म का सर्वसाधारण के लिए,unresolved_unattributed,unresolved_speaker
Kankal,KANKAL_TURN_01195,25,20,KANKAL_CAND_01195,Unknown,REVIEW,low,unmatched_speaker,भारत-संघ मानवता के नाम पर,unresolved_unattributed,unresolved_speaker
Kankal,KANKAL_TURN_01196,25,24,KANKAL_CAND_01196,Unknown,REVIEW,low,unmatched_speaker,"'कष्ट, तीव्र उपेक्षा और तिरस्कार!'",unresolved_unattributed,unresolved_speaker
Kankal,KANKAL_TURN_01197,25,32,KANKAL_CAND_01197,Unknown,REVIEW,low,unmatched_speaker,और रोटी-बेटी के सम्बन्ध को,unresolved_unattributed,unresolved_speaker
Kankal,KANKAL_TURN_01198,25,42,KANKAL_CAND_01198,Unknown,REVIEW,low,unmatched_speaker,निसर्ग-कोमल प्रकृति और उसकी रचना,unresolved_unattributed,unresolved_speaker
Kankal,KANKAL_TURN_01199,25,43,KANKAL_CAND_01199,Unknown,REVIEW,low,unmatched_speaker,ऋषि-वाणी को दोहराता है,unresolved_unattributed,unresolved_speaker
Kankal,KANKAL_TURN_01200,25,44,KANKAL_CAND_01200,Unknown,REVIEW,low,unmatched_speaker,'यत्र नार्यस्तु पूज्यन्ते रमन्ते तत्र देवता',unresolved_unattributed,unresolved_speaker
Kankal,KANKAL_TURN_01201,25,45,KANKAL_CAND_01201,Unknown,REVIEW,low,unmatched_speaker,कहता है-स्त्रियों का सम्मान करो!,unresolved_unattributed,unresolved_speaker
Kankal,KANKAL_TURN_01202,25,47,KANKAL_CAND_01202,Unknown,REVIEW,low,unmatched_speaker,मन्दिर के किसी-किसी मुखिया को शास्त्रार्थ की सूझी। भीतर-भीतर आयोजन होने लगा। पर अभी खुलकर कोई प्रस्ताव नहीं आया था। उधर यमुना के अभियोग के लिए सहायतार्थ चन्दा भी आने लगा। वह दूसरी ओर की प्रतिक्रिया थी।,unresolved_unattributed,unresolved_speaker
Kankal,KANKAL_TURN_01203,26,1,KANKAL_CAND_01203,Unknown,REVIEW,low,unmatched_speaker,"'पंडितजी, आप भी यहाँ रहा करें तो अधिक सुविधा हो। रात को छात्रों को कष्ट इत्यादि का समुचित प्रबन्ध भी कर दिया जाता और सूनापन उतना न अखरता।'",unresolved_unattributed,flagged_false_positive_token_एक;unresolved_speaker
Kankal,KANKAL_TURN_01204,26,3,KANKAL_CAND_01204,Unknown,REVIEW,low,unmatched_speaker,' ',unresolved_unattributed,flagged_false_positive_token_एक;short_fragment;unresolved_speaker;short_fragment
Kankal,KANKAL_TURN_01205,26,6,KANKAL_CAND_01205,Unknown,REVIEW,low,unmatched_speaker,"'गाला, मैं हूँ नये!'",unresolved_unattributed,flagged_false_positive_token_वह;unresolved_speaker
Kankal,KANKAL_TURN_01206,26,7,KANKAL_CAND_01206,Unknown,REVIEW,low,unmatched_speaker,"'तुम हो! मैं तो चौंक उठी थी, भला तुम इस समय क्यों आये?'",unresolved_unattributed,unresolved_speaker
Kankal,KANKAL_TURN_01207,26,8,KANKAL_CAND_01207,Unknown,REVIEW,low,unmatched_speaker,"'तुम्हारे पिता कुछ घण्टों के लिए संसार में जीवित हैं, यदि चाहो तो देख सकती हो!'",unresolved_unattributed,unresolved_speaker
Kankal,KANKAL_TURN_01208,26,9,KANKAL_CAND_01208,Unknown,REVIEW,low,unmatched_speaker,'क्या सच! तो मैं चलती हूँ।',unresolved_unattributed,unresolved_speaker
Kankal,KANKAL_TURN_01209,26,15,KANKAL_CAND_01209,Unknown,REVIEW,low,unmatched_speaker,"'हाँ तो बदन के संकट ने मुझको उत्तेजित कर दिया। मैं उसके झोंपड़े की ओर चला। वहाँ जाकर जब बदन को घायल कराहते देखा, तब तो मैं जमकर उसकी सेवा करने लगा। तीन दिन बीत गये, बदन का ज्वर भीषण हो चला। उसका घाव भी असाधारण था, गोली तो निकल गयी, पर चोट गहरी थी। बदन ने एक दिन भी तुम्हारा नाम न लिया। संध्या, को जब मैं उसे जल पिला रहा था, मैंने वायु-विकार बदन की आँखों में स्पष्ट देखा। उससे धीरे से पूछा-गाला को बुलाऊँ बदन ने मुँह फेर लिया। मैं अपना कर्तव्य सोचने लगा, फिर निश्चय किया कि आज तुम्हें बुलाना ही चाहिए।'",unresolved_unattributed,unresolved_speaker
Kankal,KANKAL_TURN_01210,26,16,KANKAL_CAND_01210,Unknown,REVIEW,low,unmatched_speaker,गाला पथ चलते-चलते यह कथा संक्षेप में सुन रही थी; पर कुछ न बोली। उसे इस समय केवल चलना ही सूझता था।,unresolved_unattributed,unresolved_speaker
Kankal,KANKAL_TURN_01211,26,20,KANKAL_CAND_01211,Unknown,REVIEW,low,unmatched_speaker,"'मैं तो धन का सन्दूक न ले जा सकूँगी, तुम इसे ले लो।'",unresolved_unattributed,flagged_false_positive_token_वह;unresolved_speaker
Kankal,KANKAL_TURN_01212,26,21,KANKAL_CAND_01212,Unknown,REVIEW,low,unmatched_speaker,"'भला मैं क्या करूँगा गाला। मेरा जीवन संसार के भीषण कोलाहल से, उत्सव से और उत्साह से ऊब गया है। अब तो मुझे भीख मिल जाती है। तुम तो इसे पाठशाला में पहुँचा सकती हो। मैं इसे वहाँ पहुँचा सकता हूँ। फिर वह सिर झुकाकर मन-ही-मन सोचने लगा-जिसे मैं अपना कह सकता हूँ, जिसे माता-पिता समझता था, वे ही जब अपने ही नहीं तो दूसरों की क्या?'",unresolved_unattributed,unresolved_speaker
Kankal,KANKAL_TURN_01213,26,22,KANKAL_CAND_01213,Unknown,REVIEW,low,unmatched_speaker,'तो नये! यही तुम्हारी सम्पत्ति है न?',unresolved_unattributed,flagged_false_positive_token_एक;unresolved_speaker
Kankal,KANKAL_TURN_01214,26,23,KANKAL_CAND_01214,Unknown,REVIEW,low,unmatched_speaker,"'हाँ, इससे अच्छा इसका दूसरा उपयोग हो ही नहीं सकता। और यहाँ तुम्हारा अकेले रहना ठीक नहीं।'",unresolved_unattributed,unresolved_speaker
Kankal,KANKAL_TURN_01215,26,24,KANKAL_CAND_01215,Unknown,REVIEW,low,unmatched_speaker,"'हाँ पाठशाला भी सूनी है-मंगलदेव वृन्दावन की एक हत्या में फँसी हुई यमुना नाम की एक स्त्री के अभियोग की देख-रेख में गये हैं, उन्हें अभी कई दिन लगेंगे।'",unresolved_unattributed,unresolved_speaker
Kankal,KANKAL_TURN_01216,26,25,KANKAL_CAND_01216,Unknown,REVIEW,low,unmatched_speaker,"'क्या कहा, यमुना> वह हत्या में फँसी है?'",unresolved_unattributed,unresolved_speaker
Kankal,KANKAL_TURN_01217,26,26,KANKAL_CAND_01217,Unknown,REVIEW,low,unmatched_speaker,"'हाँ, पर तुम क्यों पूछते हो?'",unresolved_unattributed,unresolved_speaker
Kankal,KANKAL_TURN_01218,26,27,KANKAL_CAND_01218,Unknown,REVIEW,low,unmatched_speaker,"'मैं भी हत्यारा हूँ गाला, इसी से पूछता हूँ, फैसला किस दिन होगा कब तक मंगलदेव आएँगे?'",unresolved_unattributed,unresolved_speaker
Kankal,KANKAL_TURN_01219,26,28,KANKAL_CAND_01219,Unknown,REVIEW,low,unmatched_speaker,'परसों न्याय का दिन नियत है।',unresolved_unattributed,unresolved_speaker
Kankal,KANKAL_TURN_01220,26,29,KANKAL_CAND_01220,Unknown,REVIEW,low,unmatched_speaker,"'तो चलो, आज ही तुम्हें पाठशाला पहुँचा दूँ। अब यहाँ रहना ठीक भी नहीं है।'",unresolved_unattributed,unresolved_speaker
Kankal,KANKAL_TURN_01221,26,30,KANKAL_CAND_01221,Unknown,REVIEW,low,unmatched_speaker,'अच्छी बात है। वह सन्दूक लेते आओ।',unresolved_unattributed,unresolved_speaker
Kankal,KANKAL_TURN_01222,26,32,KANKAL_CAND_01222,Unknown,REVIEW,low,unmatched_speaker,'तुम आ गये।',unresolved_unattributed,flagged_false_positive_token_वह;unresolved_speaker
Kankal,KANKAL_TURN_01223,26,33,KANKAL_CAND_01223,Unknown,REVIEW,low,unmatched_speaker,"'हाँ चलो, बहुत दूर चलना है।'",unresolved_unattributed,unresolved_speaker
Kankal,KANKAL_TURN_01224,27,1,KANKAL_CAND_01224,Unknown,REVIEW,low,unmatched_speaker,"'जूरी सज्जनों से मेरी प्रार्थना है कि अपना मत देते हुए वे इस बात का ध्यान रखें कि वे लोग हत्या जैसे एक भीषण अपराध पर अपना मत दे रहे हैं। स्त्री साधारणतः मनुष्य की दया को अपनी ओर आकर्षित कर सकती है, फिर जबकि उसके साथ उसकी स्त्री जाति की मर्यादा का प्रश्न भी लग जाता हो। तब यह बड़े साहस का काम है कि न्याय की पूरी सहायता हो। समाज में हत्या का रोग बहुत जल्द फैल सकता है, यदि अपराधी इस...'",unresolved_unattributed,unresolved_speaker
Kankal,KANKAL_TURN_01225,27,2,KANKAL_CAND_01225,Unknown,REVIEW,low,unmatched_speaker,'अच्छा तो आप लोग शान्त हृदय से अपराध के गुरुत्व को देखकर न्याय करने में सहायता दीजिए।',unresolved_unattributed,unresolved_speaker
Kankal,KANKAL_TURN_01226,27,3,KANKAL_CAND_01226,Unknown,REVIEW,low,unmatched_speaker,"'सज्जनो, यह एक हत्या का अभियोग है, जिसमें नवाब नाम का मनुष्य वृंदावन के समीप यमुना के किनारे मारा गया। इसमें तो संदेह नहीं कि वह मारा गया-डॉक्टर कहता है कि गला घोंटने और सिर फोड़ने से उसकी मृत्यु हुई। गवाह कहते हैं-जब हम लोगों ने देखा तो यह यमुना उस मृत व्यक्ति पर झुकी हुई थी; पर यह कोई नहीं कहता कि मैंने उसे मारते हुए देखा। यमुना कहती है कि स्त्री की मर्यादा नष्ट करने जाकर नवाब मारा गया; पर सरकारी वकील का कहना बिल्कुल निरर्थक है कि उसने मारना स्वीकार किया है। यमुना के वाक्यों से यह अर्थ कदापि नहीं निकाला जा सकता। इस विशेष बात को समझा देना आवश्यक था। यह दूसरी बात है कि वह स्त्री अपनी मर्यादा के लिए हत्या कर सकती है या नहीं; यद्यपि नियम इसके लिए बहुत स्पस्ट है। विचार करते समय आप लोग इन बातों का ध्यान रखेंगे। अब आप लोग एकान्त में जा सकते हैं।'",unresolved_unattributed,long_narrative_passage;unresolved_speaker
Kankal,KANKAL_TURN_01227,27,5,KANKAL_CAND_01227,Unknown,REVIEW,low,unmatched_speaker,'हम लोग यमुना को हत्या का अपराधी समझते हैं; पर दण्ड इसे कम दिया जाय।',unresolved_unattributed,unresolved_speaker
Kankal,KANKAL_TURN_01228,27,6,KANKAL_CAND_01228,Unknown,REVIEW,low,unmatched_speaker,'प्रमाण अभियोग के लिए पर्याप्त नहीं हैं।',unresolved_unattributed,unresolved_speaker
Kankal,KANKAL_TURN_01229,27,6,KANKAL_CAND_01229,Unknown,REVIEW,low,unmatched_speaker,'मै हूँ हत्यारा! मुझको फाँसी दो। यह स्त्री निरपराध है।',unresolved_unattributed,flagged_false_positive_token_एक;unresolved_speaker
Kankal,KANKAL_TURN_01230,27,8,KANKAL_CAND_01230,Unknown,REVIEW,low,unmatched_speaker,'हम लोग यमुना को निरपराध समझते हैं।',unresolved_unattributed,unresolved_speaker
Kankal,KANKAL_TURN_01231,27,9,KANKAL_CAND_01231,Unknown,REVIEW,low,unmatched_speaker,'हम तीन जूरियों से सहमत होते हुए यमुना को छोड़ देते हैं।',unresolved_unattributed,flagged_false_positive_token_वह;unresolved_speaker
Kankal,KANKAL_TURN_01232,27,10,KANKAL_CAND_01232,निरंजन,ATTRIBUTED,high,explicit_subject_match_निरंजन,'मैं नहीं चल सकती।',explicit_attribution,flagged_modifier_phrase
Kankal,KANKAL_TURN_01233,27,11,KANKAL_CAND_01233,Unknown,REVIEW,low,unmatched_speaker,"'क्यों जी, मैंने तो समझा था कि पागलपन भी एक दिल्लगी है; यह तो प्राणों से भी खिलवाड़ है।'",unresolved_unattributed,flagged_false_positive_token_एक;unresolved_speaker
Kankal,KANKAL_TURN_01234,27,12,KANKAL_CAND_01234,Unknown,REVIEW,low,unmatched_speaker,"'यह भी तो पागलपन है, जो पागल से भी बुद्धिमानी की आशा तुम रखते हो!'",unresolved_unattributed,unresolved_speaker
Kankal,KANKAL_TURN_01235,27,16,KANKAL_CAND_01235,Unknown,REVIEW,low,unmatched_speaker,पाठक आश्चर्य करेंगे कि घटना-सूत्र तथा सम्बन्ध में इतने समीप के मनुष्य एक होकर भी चुपचाप कैसे रहे,unresolved_unattributed,unresolved_speaker
Kankal,KANKAL_TURN_01236,27,18,KANKAL_CAND_01236,निरंजन,ATTRIBUTED,high,explicit_subject_match_निरंजन,"'अहा, तुम इन दिनों अधिक परिश्रम करते-करते थक गये हो।'",explicit_attribution,flagged_modifier_phrase
Kankal,KANKAL_TURN_01237,27,19,KANKAL_CAND_01237,Unknown,REVIEW,low,unmatched_speaker,"'नहीं माता, सेवक को विश्राम कहाँ अभी तो आप लोगों के संघ-प्रवेश का उत्सव जब तक समाप्त नहीं हो जाता, हमको छुट्टी कहाँ।'",unresolved_unattributed,unresolved_speaker
Kankal,KANKAL_TURN_01238,27,21,KANKAL_CAND_01238,निरंजन,ATTRIBUTED,high,explicit_subject_match_निरंजन,"'तब तक संघ के लोगों के उपदेश के लिए मैं राम-कथा कहूँगा और सर्वसाधारण के लिए प्रदर्शन तो जब मंगल स्वस्थ होगा, किया जायेगा।'",explicit_attribution,none
Kankal,KANKAL_TURN_01239,27,22,KANKAL_CAND_01239,लतिका,ATTRIBUTED,high,explicit_subject_match_लतिका,'गाला! लड़कियों की पढ़ाई पर...',explicit_attribution,none
Kankal,KANKAL_TURN_01240,27,23,KANKAL_CAND_01240,गोस्वामी,ATTRIBUTED,high,explicit_subject_match_गोस्वामीजी,'महाराज! मंगल का ज्वर भयानक हो गया है। वह गाला का नाम लेकर चौंक उठता है।',explicit_attribution,flagged_modifier_phrase
Kankal,KANKAL_TURN_01241,27,24,KANKAL_CAND_01241,गोस्वामी,ATTRIBUTED,high,explicit_subject_match_गोस्वामी,"'सरला, घबराने की कोई बात नहीं, मंगल शीघ्र अच्छा हो जायेगा। मैं गाला को बुलवाता हूँ।'",explicit_attribution,none
Kankal,KANKAL_TURN_01242,27,26,KANKAL_CAND_01242,Unknown,REVIEW,low,unmatched_speaker,'अभी पाँच दिन में यह ज्वर उतरेगा। बीच में सावधानी की आवश्यकता है। कुछ चिन्ता नहीं।',unresolved_unattributed,unresolved_speaker
Kankal,KANKAL_TURN_01243,27,27,KANKAL_CAND_01243,Unknown,REVIEW,low,unmatched_speaker,इधर संघ में बहुत-से बाहरी मनुष्य भी आ गये थे। उन लोगों के लिए गोस्वामीजी राम-कथा कहने लगे थे।,unresolved_unattributed,unresolved_speaker
Kankal,KANKAL_TURN_01244,27,31,KANKAL_CAND_01244,Unknown,REVIEW,low,unmatched_speaker,"'हे यमुना माता! मंगल का कल्याण करो और उसे जीवित करके गाला को भी प्राणदान दो! माता, आज की रात बड़ी भयानक है-दुहाई भगवान की।'",unresolved_unattributed,unresolved_speaker
Kankal,KANKAL_TURN_01245,27,32,KANKAL_CAND_01245,Unknown,REVIEW,low,unmatched_speaker,'क्या मंगलदेव रुग्ण हैं?',unresolved_unattributed,flagged_false_positive_token_वह;unresolved_speaker
Kankal,KANKAL_TURN_01246,27,33,KANKAL_CAND_01246,Unknown,REVIEW,low,unmatched_speaker,"'हाँ महाराज, यह किसी का बच्चा है, उसके स्नेह का धन है, उसी की कल्याण-कामना कर रही हूँ।'",unresolved_unattributed,unresolved_speaker
Kankal,KANKAL_TURN_01247,27,34,KANKAL_CAND_01247,Unknown,REVIEW,low,unmatched_speaker,'और तुम्हारा नाम सरला है। तुम ईसाई के घर पहले रहती थीं न?',unresolved_unattributed,unresolved_speaker
Kankal,KANKAL_TURN_01248,27,35,KANKAL_CAND_01248,Unknown,REVIEW,low,unmatched_speaker,'हाँ योगिराज! आप तो अन्तर्यामी हैं।',unresolved_unattributed,unresolved_speaker
Kankal,KANKAL_TURN_01249,27,38,KANKAL_CAND_01249,Unknown,REVIEW,low,unmatched_speaker,"'बहन गाला, तुम थक गयी होगी, लाओ मैं कुछ सहायता कर दूँ।'",unresolved_unattributed,flagged_false_positive_token_वह;unresolved_speaker
Kankal,KANKAL_TURN_01250,27,39,KANKAL_CAND_01250,Unknown,REVIEW,low,unmatched_speaker,"'नहीं यमुना बहिन! मैं तो अभी बैठी हुई हूँ, फिर आवश्यकता होगी तो बुलाऊँगी।'",unresolved_unattributed,unresolved_speaker
Kankal,KANKAL_TURN_01251,27,42,KANKAL_CAND_01251,गोस्वामी,ATTRIBUTED,high,explicit_subject_match_गोस्वामीजी,'सेवा सबसे कठिन व्रत है देवि! तुम अपना काम करो। हाँ मंगल! तुम अब अच्छे हो न!',explicit_attribution,flagged_modifier_phrase
Kankal,KANKAL_TURN_01252,27,43,KANKAL_CAND_01252,Unknown,REVIEW,low,unmatched_speaker,"'हाँ, गुरुदेव!'",unresolved_unattributed,unresolved_speaker
Kankal,KANKAL_TURN_01253,27,44,KANKAL_CAND_01253,Unknown,REVIEW,low,unmatched_speaker,"'अब तुम्हारा अभ्युदय-काल है, घबराना मत।'",unresolved_unattributed,unresolved_speaker
Kankal,KANKAL_TURN_01254,27,45,KANKAL_CAND_01254,Unknown,REVIEW,low,unmatched_speaker,"'जाओ गाला, संध्या हुई; हाथ-मुँह तो धो लो, तुम्हारे इस अथक परिश्रम से मैं कैसे उद्धार पाऊँगा।'",unresolved_unattributed,unresolved_speaker
Kankal,KANKAL_TURN_01255,27,46,KANKAL_CAND_01255,विजय,ATTRIBUTED,high,explicit_subject_match_विजय,"'अभी माँ जी नहीं आयीं, उन्हें बुला लाऊँ!'",explicit_attribution,flagged_modifier_phrase
Kankal,KANKAL_TURN_01256,27,48,KANKAL_CAND_01256,Unknown,REVIEW,low,flagged_invalid_token_सहसा,'चलिये।',unresolved_pronoun_or_generic,unresolved_speaker
Kankal,KANKAL_TURN_01257,27,50,KANKAL_CAND_01257,Unknown,REVIEW,low,unmatched_speaker,"'यह मेरा यंत्र इतने दिनों पर कौन लाकर पहना गया है, आश्चर्य है!'",unresolved_unattributed,flagged_false_positive_token_वह;unresolved_speaker
Kankal,KANKAL_TURN_01258,27,51,KANKAL_CAND_01258,Unknown,REVIEW,low,unmatched_speaker,'तुम्हारा यंत्र कैसा है बेटा! यह तो मैं एक साधू से लायी हूँ।',unresolved_unattributed,unresolved_speaker
Kankal,KANKAL_TURN_01259,27,52,KANKAL_CAND_01259,Unknown,REVIEW,low,unmatched_speaker,"'माँ जी, यह मेरा ही यंत्र है, मैं इसे बाल्यकाल में पहना करता था। जब यह खो गया, तभी से दुःख पा रहा हूँ। आश्चर्य है, इतने दिनों पर यह आपको कैसे मिल गया?'",unresolved_unattributed,unresolved_speaker
Kankal,KANKAL_TURN_01260,27,53,KANKAL_CAND_01260,Unknown,REVIEW,low,unmatched_speaker,'मेरे खोये हुए निधि! मेरे लाल! यह दिन देखना किस पुण्य का फल है मेरे भगवान!',unresolved_unattributed,flagged_false_positive_token_वह;unresolved_speaker
Kankal,KANKAL_TURN_01261,27,54,KANKAL_CAND_01261,Unknown,REVIEW,low,unmatched_speaker,'तो क्या सचमुच तुम्हीं मेरी माँ हो।',unresolved_unattributed,flagged_false_positive_token_सब;unresolved_speaker
Kankal,KANKAL_TURN_01262,27,56,KANKAL_CAND_01262,Unknown,REVIEW,low,unmatched_speaker,'बेटी! तेरे भाग्य से आज मुझे मेरा खोया हुआ धन मिल गया!',unresolved_unattributed,unresolved_speaker
Kankal,KANKAL_TURN_01263,27,60,KANKAL_CAND_01263,Unknown,REVIEW,low,unmatched_speaker,"'मैं कितनी आशा में थी, यह तुम क्या जानोगे। तुमने तो अपनी माता के जीवित रहने की कल्पना भी न की होगी। पर भगवान की दया पर मेरा विश्वास था और उसने मेरी लाज रख ली।'",unresolved_unattributed,unresolved_speaker
Kankal,KANKAL_TURN_01264,28,1,KANKAL_CAND_01264,Unknown,REVIEW,low,unmatched_speaker,"आलोक-प्रार्थिनी अपने कुटीर में दीपक बुझाकर बैठी रही। उसे आशा थी कि वातायन और द्वारों से राशि-राशि प्रभात का धवल आनन्द उसके प्रकोष्ठ में भर जायेगा; पर जब समय आया, किरणें फूटी, तब उसने अपने वातायनों, झरोखे और द्वारों को रुद्ध कर दिया। आँखें भी बन्द कर लीं। आलोक कहाँ से आये। वह चुपचाप पड़ी थी। उसके जीवन की अनन्त रजनी उसके चारों ओर घिरी थी।",unresolved_unattributed,unresolved_speaker
Kankal,KANKAL_TURN_01265,28,3,KANKAL_CAND_01265,Unknown,REVIEW,low,unmatched_speaker,"'चलूँगी बहन, धोती ले लूँ।'",unresolved_unattributed,unresolved_speaker
Kankal,KANKAL_TURN_01266,28,4,KANKAL_CAND_01266,लतिका,ATTRIBUTED,high,explicit_subject_match_लतिका,"'बहिन, सरला का दिन भगवान ने जैसे लौटाया, वैसे सबका लौटे। अहा, पचीसों बरस पर किसका लड़का लौटकर गोद में आया है।'",explicit_attribution,none
Kankal,KANKAL_TURN_01267,28,5,KANKAL_CAND_01267,Unknown,REVIEW,low,unmatched_speaker,"'सरला के धैर्य का फल है बहन। परन्तु सबका दिन लौटे, ऐसी तो भगवान की रचना नहीं देखी जाती। बहुत का दिन कभी न लौटने के लिए चला जाता है। विशेषकर स्त्रियों का मेरी रानी। जब मैं स्त्रियों के ऊपर दया दिखाने का उत्साह पुरुषों में देखती हूँ, तो जैसे कट जाती हूँ। ऐसा जान पड़ता है कि वह सब कोलाहल, स्त्री-जाति की लज्जा की मेघमाला है, उनकी असहाय परिस्थिति का व्यंग्य-उपहास है।'",unresolved_unattributed,unresolved_speaker
Kankal,KANKAL_TURN_01268,28,6,KANKAL_CAND_01268,लतिका,ATTRIBUTED,high,explicit_subject_match_लतिका,"'सच कहती हो बहन! जहाँ स्वतन्त्रता नहीं है, वहाँ पराधीनता का आन्दोलन है; और जहाँ ये सब माने हुए नियम हैं, वहाँ कौन सी अच्छी दशा है। यह झूठ है कि किसी विशेष समाज में स्त्रियों को कुछ विशेष सुविधा है। हाय-हाय, पुरुष यह नहीं जानते कि स्नेहमयी रमणी सुविधा नहीं चाहती, वह हृदय चाहती है; पर मन इतना भिन्न उपकरणों से बना हुआ है कि समझौते पर ही संसार के स्त्री-पुरुषों का व्यवहार चलता हुआ दिखाई देता है। इसका समाधान करने के लिए कोई नियम या संस्कृति असमर्थ है।'",explicit_attribution,none
Kankal,KANKAL_TURN_01269,28,7,KANKAL_CAND_01269,Unknown,REVIEW,low,unmatched_speaker,"'मुझे ही देखो न, मैं ईसाई-समाज की स्वतन्त्रता में अपने को सुरक्षित समझती थी; पर भला मेरा धन रहा। तभी तो हम स्त्रियों के भाग्य में लिखा है कि उड़कर भागते हुए पक्षी के पीछे चारा और पानी से भरा हुआ पिंजरा लिए घूमती रहें।'",unresolved_unattributed,unresolved_speaker
Kankal,KANKAL_TURN_01270,28,8,KANKAL_CAND_01270,यमुना,ATTRIBUTED,high,explicit_subject_match_यमुना,"'कोई समाज और धर्म स्त्रियों का नहीं बहन! सब पुरुषों के हैं। सब हृदय को कुचलने वाले क्रूर हैं। फिर भी समझती हूँ कि स्त्रियों का एक धर्म है, वह है आघात सहने की क्षमता रखना। दुर्दैव के विधान ने उनके लिए यही पूर्णता बना दी है। यह उनकी रचना है।'",explicit_attribution,none
Kankal,KANKAL_TURN_01271,28,10,KANKAL_CAND_01271,यमुना,ATTRIBUTED,high,explicit_subject_match_यमुना,"'बहन! मैं अपराधिनी हूँ, मुझे क्षमा करोगी?'",explicit_attribution,flagged_modifier_phrase
Kankal,KANKAL_TURN_01272,28,11,KANKAL_CAND_01272,लतिका,ATTRIBUTED,high,explicit_subject_match_लतिका,"'बहन! हम लोगों का अपराध स्वयं दूर चला गया है। यह तो मैं जान गयी हूँ कि इसमें तुम्हारा कोई दोष नहीं है। हम दोनों एक ही स्थान पर पहुँचने वाली थीं; पर सम्भवतः थककर दोनों ही लौट आयीं। कोई पहुँच जाता, तो द्वेष की सम्भावना थी, ऐसा ही तो संसार का नियम है; पर अब तो हम दोनों एक-दूसरे को समझा सकती हैं, सन्तोष कर सकती हैं।'",explicit_attribution,none
Kankal,KANKAL_TURN_01273,28,12,KANKAL_CAND_01273,Unknown,REVIEW,low,unmatched_speaker,'दूसरा उपाय नहीं है बहन। तो तुम मुझे क्षमा कर दो। आज से मुझे बहन कहकर बुलाओगी न।',unresolved_unattributed,unresolved_speaker
Kankal,KANKAL_TURN_01274,28,13,KANKAL_CAND_01274,लतिका,ATTRIBUTED,high,explicit_subject_match_लतिका,'नारी-हृदय गल-गलकर आँखों की राह से उसकी अंजलि के यमुना-जल में मिल रहा है।',explicit_attribution,none
Kankal,KANKAL_TURN_01275,28,13,KANKAL_CAND_01275,लतिका,ATTRIBUTED,high,explicit_subject_match_लतिका,"'आज से दुख में, सुख में हम लोग कभी साथ न छोड़ेंगी बहन! संसार में गला बाँधकर जीवन बिताऊँगी, यमुना साक्षी है।'",explicit_attribution,flagged_modifier_phrase
Kankal,KANKAL_TURN_01276,28,14,KANKAL_CAND_01276,यमुना,REVIEW,high,explicit_subject_match_यमुना,"'यमुना, नहीं-नहीं, बेटी तारा! मुझे भी क्षमा कर दे। मैंने जीवन भर बहुत सी बातें बुरी की हैं; पर जो कठोरता तेरे साथ हुई है, वह नरक की आग से भी तीव्रदाह उत्पन्न कर रही है। बेटी! मैं मंगल को उसी समय पहचान गयी, जब उसने अंगरेज से मेरी घण्टी को छुड़ाया था; पर वह न पहचान सका, उसे वे बातें भूल गयी थीं, तिस पर मेरे साथ मेरी बेटी थी, जिसकी वह कल्पना भी नहीं कर सकता था। वह छलिया मंगल आज दूसरी स्त्री से ब्याह करने की सुख चिंता में निमग्न है। मैं जल उठती हूँ बेटी! मैं उसका सब भण्डा फोड़ देना चाहती थी; पर तुझे भी यहीं चुपचाप देखकर मैं कुछ न कर सकी। हाय रे पुरुष!'",explicit_attribution,long_narrative_passage
Kankal,KANKAL_TURN_01277,28,15,KANKAL_CAND_01277,Unknown,REVIEW,low,unmatched_speaker,"'नहीं चाची। अब वह दिन चाहे लौट आये, पर वह हृदय कहाँ से आवेगा। मंगल को दुःख पहुँचाकर आघात दे सकूँगी, अपने लिए सुख कहाँ से लाऊँगी। चाची। तुम मेरे दुःखों की साक्षी हो, मैंने केवल एक अपराध किया है-वह यही कि प्रेम करते समय साक्षी को इकट्ठा नहीं करा लिया था; पर किया प्रेम। चाची यदि उसका यही पुरस्कार है, तो मैं उसे स्वीकार करती हूँ।'",unresolved_unattributed,unresolved_speaker
Kankal,KANKAL_TURN_01278,28,16,KANKAL_CAND_01278,Unknown,REVIEW,low,unmatched_speaker,"'पुरुष कितना बड़ा ढोंगी है बेटी। वह हृदय के विरुद्ध ही तो जीभ से कहता है आश्चर्य है, उसे सत्य कहकर चिल्लाता है।'",unresolved_unattributed,unresolved_speaker
Kankal,KANKAL_TURN_01279,28,17,KANKAL_CAND_01279,Unknown,REVIEW,low,unmatched_speaker,"'पर मैं एक उत्कट अपराध की अभियुक्त हूँ चाची। आह, मेरा पन्द्रह दिन का बच्चा। मैं कितनी निर्दयी हूँ। मैं उसी का तो फल भोग रही हूँ। मुझे किसी दूसरे ने ठोकर लगाई और मैंने दूसरे को ठुकराया। हाय! संसार अपराध करके इतना अपराध नहीं करता, जितना यह दूसरों को उपदेश देकर करता है। जो मंगल ने मुझसे किया, वही तो हृदय के टुकड़े से, अपने से कर चुकी हूँ। मैंने सोचा था कि फाँसी पर चढ़कर उसका प्रायश्चित्त कर सँकूगी, पर डूबकर बची-फाँसी से बची। हाय रे कठोर नारी-जीवन!! न जाने मेरे लाल को क्या हुआ?'",unresolved_unattributed,unresolved_speaker
Kankal,KANKAL_TURN_01280,28,19,KANKAL_CAND_01280,Unknown,REVIEW,low,unmatched_speaker,"'बेटी! तुम्हारा लाल जीवित है, सुखी है!'",unresolved_unattributed,unresolved_speaker
Kankal,KANKAL_TURN_01281,28,20,KANKAL_CAND_01281,तारा,ATTRIBUTED,high,explicit_subject_match_तारा,'सच कहती हो चाची?',explicit_attribution,none
Kankal,KANKAL_TURN_01282,28,21,KANKAL_CAND_01282,Unknown,REVIEW,low,unmatched_speaker,'सच तारा! वह काशी के एक धनी श्रीचन्द्र और किशोरी बहू का दत्तक पुत्र है; मैंने उसे वहाँ दिया है। क्या इसके लिए तुम मुझे इसके लिए क्षमा करोगी बेटी?',unresolved_unattributed,unresolved_speaker
Kankal,KANKAL_TURN_01283,28,22,KANKAL_CAND_01283,Unknown,REVIEW,low,unmatched_speaker,"'तुमने मुझे जिला लिया, आह! मेरी चाची, तुम मेरी उस जन्म की माता हो, अब मैं सुखी हूँ।'",unresolved_unattributed,unresolved_speaker
Kankal,KANKAL_TURN_01284,28,23,KANKAL_CAND_01284,लतिका,ATTRIBUTED,high,explicit_subject_match_लतिका,"'मेरी विनती है, अभी इस बात को किसी से न कहना-यह मेरा '",explicit_attribution,flagged_modifier_phrase
Kankal,KANKAL_TURN_01285,28,23,KANKAL_CAND_01285,Unknown,REVIEW,low,unmatched_speaker,' है।',unresolved_unattributed,unresolved_speaker;short_fragment
Kankal,KANKAL_TURN_01286,28,24,KANKAL_CAND_01286,Unknown,REVIEW,low,unmatched_speaker,'यमुना साक्षी है।',unresolved_unattributed,unresolved_speaker
Kankal,KANKAL_TURN_01287,28,25,KANKAL_CAND_01287,लतिका,ATTRIBUTED,high,explicit_subject_match_लतिका,'अपनी संपत्ति संघ को देती हूँ। वह स्त्रियों की स्वयंसेविका की पाठशाला चलावे। मैं उसकी पहली छात्रा होऊँगी। और तुम घण्टी?',explicit_attribution,flagged_modifier_phrase
Kankal,KANKAL_TURN_01288,28,26,KANKAL_CAND_01288,Unknown,REVIEW,low,unmatched_speaker,"'मैं भी। बहन, स्त्रियों को स्वयं घर-घर जाकर अपनी दुखिया बहनों की सेवा करनी चाहिए। पुरुष उन्हें उतनी ही शिक्षा और ज्ञान देना चाहते हैं, जितना उनके स्वार्थ में बाधक न हो। घरों के भीतर अन्धकार है, धर्म के नाम पर ढोंग की पूजा है और शील तथा आचार के नाम पर रूढ़ियाँ हैं। बहनें अत्याचार के परदे में छिपायी गयी हैं; उनकी सेवा करूँगी। धात्री, उपदेशिका, धर्म-प्रचारिका, सहचारिणी बनकर उनकी सेवा करूँगी।'",unresolved_unattributed,unresolved_speaker
Kankal,KANKAL_TURN_01289,28,28,KANKAL_CAND_01289,गोस्वामी,ATTRIBUTED,high,explicit_subject_match_गोस्वामी,"'भारत, संघ के संगठन पर आप लोग देवनिंरजन जी का व्याख्यान दत्तचित्त होकर सुनें।'",explicit_attribution,flagged_modifier_phrase
Kankal,KANKAL_TURN_01290,28,34,KANKAL_CAND_01290,Unknown,REVIEW,low,unmatched_speaker,"'भगवान् की विभूतियों को समाज ने बाँट लिया है, परन्तु जब मैं स्वार्थियों को भगवान् पर भी अपना अधिकार जमाये देखता हूँ, तब मुझे हँसी आती है। और भी हँसी आती है-जब उस अधिकार की घोषणा करके दूसरों को वे छोटा, नीच और पतित ठहराते हैं। बहू-परिचारिणी जाबाला के पुत्र सत्यकाम को कुलपति ने ब्राह्मण स्वीकार किया था; किन्तु उत्पत्ति पतन और दुर्बलताओं के व्यग्ंय से मैं घबराता नहीं। जो दोषपूर्ण आँखों में पतित है, जो निसर्ग-दुर्बल है, उन्हें अवलम्ब देना भारत-संघ का उद्देश्य है। इसलिए इन स्त्रियों को भारत-संघ पुनः लौटाते हुए बड़ा सन्तोष होता है। इन लतिका देवी ने उनकी पूर्णता की शिक्षा के साथ वे इस योग्य बनायी जायेंगी कि घरों में, पर्दों में दीवारों के भीतर नारी-जाति के सुख, स्वास्थ्य और संयत स्वतन्त्रता की घोषणा करें, उन्हें सहायता पहुँचाएँ, जीवन के अनुभवों से अवगत करें। उनके उन्नति, सहानुभूति, क्रियात्मक प्रेरणा का प्रकाश फैलाएँ। हमारा देश इस सन्देश से-नवयुग के सन्देश से-स्वास्थ्य लाभ करे। इन आर्य ललनाओं का उत्साह सफल हो, यही भगवान् से प्रार्थना है। अब आप मंगलदेव का व्याख्यान सुनेंगे, वे नारीजाति के सम्मान पर कुछ कहेंगे।'",unresolved_unattributed,long_narrative_passage;unresolved_speaker
Kankal,KANKAL_TURN_01291,28,37,KANKAL_CAND_01291,Unknown,REVIEW,low,unmatched_speaker,"'एक बार फिर स्मरण करना चाहिए कि लोक एक है, ठीक उसी प्रकार जैसे श्रीकृष्ण ने कहा-अभिवक्त च भूतेष भिक्तकमिव च स्थित'",unresolved_unattributed,unresolved_speaker
Kankal,KANKAL_TURN_01292,28,39,KANKAL_CAND_01292,Unknown,REVIEW,low,unmatched_speaker,"'दुर्बलता कहाँ से आती है? लोकापवाद से भयभीत होकर स्वभाव को पाप कहकर मान लेना एक प्राचीन रूढ़ि है। समाज को सुरक्षित रखने के लिए उससे संगठन में स्वाभाविक मनोवृत्तियों की सत्ता स्वीकार करनी होगी। सबके लिए एक पथ देना होगा। समस्त प्राकृतिक आकांक्षाओं की पूर्ति आपके आदर्श में होनी चाहिए। केवल रास्ता बन्द है-कह देने से काम नहीं चलेगा। लोकापवाद संसार का एक भय है, एक महान् अत्याचार है। आप लोग जानते होंगे कि श्रीरामचन्द्र ने भी लोकापवाद के सामने सिर झुका लिया। '",unresolved_unattributed,unresolved_speaker
Kankal,KANKAL_TURN_01293,28,41,KANKAL_CAND_01293,Unknown,REVIEW,low,unmatched_speaker,"'हम लोगों को अपना हृदय-द्वार और कार्यक्षेत्र विस्तृत करना चाहिए, मानव संस्कृति के प्रचार के लिए हम उत्तरदायी हैं। विक्रमादित्य, समुद्रगुप्त और हर्षवर्धन का रक्त हम है संसार भारत के संदेश की आशा में है, हम उन्हें देने के उपयुक्त बनें-यही मेरी प्रार्थना है।'",unresolved_unattributed,unresolved_speaker
Kankal,KANKAL_TURN_01294,28,42,KANKAL_CAND_01294,गोस्वामी,ATTRIBUTED,high,explicit_subject_match_गोस्वामी,"'आज आप लोगों को एक और हर्ष-समाचार सुनाऊँगा। सुनाऊँगा ही नहीं, आप लोग उस आनन्द के साक्षी होंगे। मेरे शिष्य मंगलदेव का ब्रह्मचर्य की समाप्ति करके गृहस्थाश्रम में प्रवेश करने का शुभ मुहूर्त भी आज ही का है। यह कानन-वासिनी गूजर बालिका गाला अपने सत्साहस और दान से सीकरी में एक बालिका-विद्यालय चला रही है। इसमें मंगलदेव और गाला दोनों का हाथ है। मैं इन दोनों पवित्र हाथों को एक बंधन में बाँधता हूँ, जिसमें सम्मिलित शक्ति से ये लोग मानव-सेवा में अग्रसर हों और यह परिणय समाज के लिए आदर्श हो!'",explicit_attribution,none
Kankal,KANKAL_TURN_01295,28,44,KANKAL_CAND_01295,मंगलदेव,ATTRIBUTED,high,explicit_subject_match_मंगलदेव,'पर उस भीड़ में कहने वाला न दिखाई पड़ा।',explicit_attribution,none
Kankal,KANKAL_TURN_01296,28,45,KANKAL_CAND_01296,तारा,ATTRIBUTED,high,explicit_subject_match_तारा,"'विजय बाबू! आप क्या प्राण देंगे। हटिये यहाँ से, अभी यह घटना टटकी है।'",explicit_attribution,flagged_modifier_phrase
Kankal,KANKAL_TURN_01297,28,46,KANKAL_CAND_01297,Unknown,REVIEW,low,unmatched_speaker,"'नये, नहीं,'",unresolved_unattributed,unresolved_speaker
Kankal,KANKAL_TURN_01298,28,46,KANKAL_CAND_01298,विजय,ATTRIBUTED,high,explicit_subject_match_विजय,'यमुना! प्राण तो बच ही गया; पर यह मनुष्य...',explicit_attribution,none
Kankal,KANKAL_TURN_01299,28,46,KANKAL_CAND_01299,तारा,ATTRIBUTED,high,explicit_subject_match_तारा,"'बड़ा ढोंगी है, पाखण्डी है, यही न कहना चाहते हैं आप! होने दीजिए, आप संसार-भर के ठेकेदार नहीं, चलिए।'",explicit_attribution,none
Kankal,KANKAL_TURN_01300,29,3,KANKAL_CAND_01300,Unknown,REVIEW,low,unmatched_speaker,'आत्म दर्शन!',unresolved_unattributed,flagged_false_positive_token_वह;unresolved_speaker
Kankal,KANKAL_TURN_01301,29,6,KANKAL_CAND_01301,Unknown,REVIEW,low,unmatched_speaker,"जगत् की एक जटिल समस्या है-स्त्री पुरुष का स्निग्ध मिलन, यदि तुम और श्रीचन्द्र एक मन-प्राण होकर निभा सकते किन्तु यह असम्भव था। इसके लिए समाज ने भिन्न-भिन्न समय और देशों में अनेक प्रकार की परीक्षाएँ कीं, किन्तु वह सफल न हो सका। रुचि मानव-प्रकृति, इतनी विभिन्न है कि वैसा युग्म-मिलन विरला होता है। मेरा विश्वास है कि कदापि न सफल होगा। स्वतन्त्र चुनाव, स्वयंबरा, यह सब सहायता नहीं दे सकते। इसका उपाय एकमात्र समझौता है, वही ब्याह है; परन्तु तुम लोग उसे विफल बना ही रहे थे कि मैं बीच में कूद पड़ा। मैं कहूँगा कि तुम लोग उसे व्यर्थ करना चाहते थे।",unresolved_unattributed,long_narrative_passage;flagged_false_positive_token_एक;unresolved_speaker
Kankal,KANKAL_TURN_01302,29,12,KANKAL_CAND_01302,विजय,ATTRIBUTED,high,explicit_subject_match_विजय,'अपने दोंनो पर',explicit_attribution,flagged_modifier_phrase
Kankal,KANKAL_TURN_01303,30,2,KANKAL_CAND_01303,Unknown,REVIEW,low,unmatched_speaker,'नये',unresolved_unattributed,flagged_false_positive_token_एक;short_fragment;unresolved_speaker;short_fragment
Kankal,KANKAL_TURN_01304,30,3,KANKAL_CAND_01304,विजय,ATTRIBUTED,high,explicit_subject_match_विजय,'भालू! तुम्हें कुछ खाने को मिला?',explicit_attribution,flagged_modifier_phrase
Kankal,KANKAL_TURN_01305,30,4,KANKAL_CAND_01305,Unknown,REVIEW,low,unmatched_speaker,"'क्यों बे बदमाश! मेरी जगह तूने लम्बी तानी है मारूँ डण्डे से, तेरी खोपड़ी फूट जाय!'",unresolved_unattributed,flagged_false_positive_token_एक;unresolved_speaker
Kankal,KANKAL_TURN_01306,30,5,KANKAL_CAND_01306,विजय,ATTRIBUTED,high,explicit_subject_match_विजय,"'भालू! जाने दो, यह मथुरा का थानेदार है, घूस लेने के अपराध में जेल काटकर आया है, यहाँ भी तुम्हारा चालान कर देगा तब?'",explicit_attribution,none
Kankal,KANKAL_TURN_01307,30,6,KANKAL_CAND_01307,Unknown,REVIEW,low,unmatched_speaker,'कौन है रे?',unresolved_unattributed,flagged_false_positive_token_एक;unresolved_speaker
Kankal,KANKAL_TURN_01308,30,7,KANKAL_CAND_01308,Unknown,REVIEW,low,unmatched_speaker,'भाई!',unresolved_unattributed,flagged_false_positive_token_एक;short_fragment;unresolved_speaker;short_fragment
Kankal,KANKAL_TURN_01309,30,7,KANKAL_CAND_01309,Unknown,REVIEW,low,unmatched_speaker,'बहन!',unresolved_unattributed,unresolved_speaker;short_fragment
Kankal,KANKAL_TURN_01310,30,7,KANKAL_CAND_01310,विजय,ATTRIBUTED,high,explicit_subject_match_विजय,'मेरी नौकरी लग गयी भाई! अब तुम भूखे न रहोगे।',explicit_attribution,flagged_modifier_phrase
Kankal,KANKAL_TURN_01311,30,9,KANKAL_CAND_01311,Unknown,REVIEW,low,unmatched_speaker,'श्रीचन्द्र के यहाँ।',unresolved_unattributed,unresolved_speaker
Kankal,KANKAL_TURN_01312,30,10,KANKAL_CAND_01312,विजय,ATTRIBUTED,high,explicit_subject_match_विजय,'तुमने आज मेरे साथ बड़ा अन्याय किया बहन!',explicit_attribution,none
Kankal,KANKAL_TURN_01313,30,11,KANKAL_CAND_01313,Unknown,REVIEW,low,unmatched_speaker,"'क्षमा करो भाई! तुम्हारी माँ मरण-सेज पर है, तुम उन्हें एक बार देखोगे?'",unresolved_unattributed,unresolved_speaker
Kankal,KANKAL_TURN_01314,30,12,KANKAL_CAND_01314,विजय,ATTRIBUTED,high,explicit_subject_match_विजय,'माँ मरण-सेज पर! देखूँगा यमुना परन्तु तुमने...!',explicit_attribution,none
Kankal,KANKAL_TURN_01315,30,13,KANKAL_CAND_01315,Unknown,REVIEW,low,unmatched_speaker,"'मैं दुर्बल हूँ भाई! नारी-हृदय दुर्बल है, मैं अपने को रोक न सकी। मुझे नौकरी दूसरी जगह मिल सकती थी; पर तुम न जानते होगे कि श्रीचन्द्र का दत्तक पुत्र मोहन का मेरी कोख से जन्म हुआ है।'",unresolved_unattributed,unresolved_speaker
Kankal,KANKAL_TURN_01316,30,14,KANKAL_CAND_01316,Unknown,REVIEW,low,unmatched_speaker,"'हाँ भाई! तुम्हारी बहन यमुना का रक्त है, उसकी कथा फिर सुनाऊँगी।'",unresolved_unattributed,unresolved_speaker
Kankal,KANKAL_TURN_01317,30,16,KANKAL_CAND_01317,Unknown,REVIEW,low,unmatched_speaker,"पर माँ मरण-सेज पर... तो मैं चलूँ, कोई घुसने न दे तब!'",unresolved_unattributed,unresolved_speaker
Kankal,KANKAL_TURN_01318,30,17,KANKAL_CAND_01318,Unknown,REVIEW,low,unmatched_speaker,"'नहीं भाई! इस समय श्रीचन्द्र बहुत-सा दान-कर्म करा रहे हैं, हम तुम भी तो भिखमंगे ठहरे-चलो न!'",unresolved_unattributed,unresolved_speaker
Kankal,KANKAL_TURN_01319,30,18,KANKAL_CAND_01319,किशोरी,ATTRIBUTED,high,explicit_subject_match_किशोरी,"'यमुना! देखो, इसे भी कुछ दिला दो। मेरा चित्त घबरा रहा है, मोहन को लेकर इधर हूँ; बुला लेना।'",explicit_attribution,none
Kankal,KANKAL_TURN_01320,30,19,KANKAL_CAND_01320,किशोरी,ATTRIBUTED,high,explicit_subject_match_किशोरी,'भैया आये हैं।',explicit_attribution,flagged_modifier_phrase
Kankal,KANKAL_TURN_01321,30,23,KANKAL_CAND_01321,विजय,ATTRIBUTED,high,explicit_subject_match_विजय,"'वह विजय के समान ही उच्छृंखल है।... अपने दोनों पर तुम हँसोगी। किन्तु वे चाहे मेरे न हों, तब भी मुझे ऐसी शंका हो रही है कि तारा (तुम्हारी यमुना) की माता रामा से मेरा अवैध सम्बन्ध अपने को अलग नहीं रख सकता।'",explicit_attribution,flagged_modifier_phrase
Kankal,KANKAL_TURN_01322,30,24,KANKAL_CAND_01322,Unknown,REVIEW,low,unmatched_speaker,"पढ़ते-पढ़ते विजय की आँखों में आँसू आ गये। उसने पत्र फाड़कर टुकड़े-टुकड़े कर डाला। तब भी न मिटा, उज्ज्वल अक्षरों से सूर्य की किरणों में आकाश-पट पर वह भयानक सत्य चमकने लगा।",unresolved_unattributed,unresolved_speaker
Kankal,KANKAL_TURN_01323,30,27,KANKAL_CAND_01323,लतिका,ATTRIBUTED,high,explicit_subject_match_लतिका,"'संसार को इतनी आवश्यकता किसी अन्य वस्तु की नहीं, जितनी सेवा की। देखो-कितने अनाथ यहाँ अन्न, वस्त्र विहीन, बिना किसी औषधि-उपचार के मर रहे हैं। हे पुण्यार्थियो! इन्हें ना भूलो, भगवान अभिनय करके इसमें पड़े हैं, वह तुम्हारी परीक्षा ले रहे हैं। इतने ईश्वर के मंदिर नष्ट हो रहे हैं धार्मिको। अब भी चेतो!'",explicit_attribution,flagged_modifier_phrase
Kankal,KANKAL_TURN_01324,30,28,KANKAL_CAND_01324,Unknown,REVIEW,low,unmatched_speaker,'देखो वह बेचारा अनाहार-से मर गया-सा मालूम पड़ता है। इसका संस्कार...',unresolved_unattributed,flagged_false_positive_token_एक;unresolved_speaker
Kankal,KANKAL_TURN_01325,30,29,KANKAL_CAND_01325,Unknown,REVIEW,low,unmatched_speaker,"'हो जायेगा। हो जायेगा। आप इसकी चिन्ता न कीजिये, अपनी अमृतवाणी बरसाइये।'",unresolved_unattributed,unresolved_speaker
Kankal,KANKAL_TURN_01326,30,30,KANKAL_CAND_01326,मोहन,ATTRIBUTED,high,explicit_subject_match_मोहन,"'दाई, मुझे वहाँ ले चलकर मेला दिखाओ, चलो, मेरी अच्छी दाई।'",explicit_attribution,flagged_modifier_phrase
Kankal,KANKAL_TURN_01327,30,31,KANKAL_CAND_01327,यमुना,ATTRIBUTED,high,explicit_subject_match_यमुना,"'मेरे लाल! बड़ी भीड़ है, वहाँ क्या है जो देखोगे?'",explicit_attribution,none
Kankal,KANKAL_TURN_01328,30,32,KANKAL_CAND_01328,मोहन,ATTRIBUTED,high,explicit_subject_match_मोहन,'फिर हम तुमको पीटेंगे।',explicit_attribution,none
Kankal,KANKAL_TURN_01329,30,33,KANKAL_CAND_01329,Unknown,REVIEW,low,unmatched_speaker,"'तब तुम पाजी लड़के बन जाओगे, जो देखेगा वही कहेगा कि यह लड़का अपनी दाई को पीटता है।'",unresolved_unattributed,unresolved_speaker
Kankal,KANKAL_TURN_01330,30,34,KANKAL_CAND_01330,विजय,ATTRIBUTED,high,explicit_subject_match_विजय,"'बाबूजी, मुझे दस रुपये दीजिये।'",explicit_attribution,flagged_modifier_phrase
Kankal,KANKAL_TURN_01331,30,37,KANKAL_CAND_01331,यमुना,ATTRIBUTED,high,explicit_subject_match_यमुना,"'बाबूजी, मेरे वेतन में से काट लेना, इसी समय दीजिये, मैं जन्म-भर यह ऋण भरूँगी।'",explicit_attribution,none
Kankal,KANKAL_TURN_01332,30,38,KANKAL_CAND_01332,Unknown,REVIEW,low,unmatched_speaker,"'है क्या, मैं भी सुनूँ।'",unresolved_unattributed,unresolved_speaker
Kankal,KANKAL_TURN_01333,30,39,KANKAL_CAND_01333,Unknown,REVIEW,low,unmatched_speaker,"'मेरा एक भाई था, यहीं भीख माँगता था बाबू। आज मरा पड़ा है, उसका संस्कार तो करा दूँ।'",unresolved_unattributed,unresolved_speaker
Kankal,KANKAL_TURN_01334,30,40,KANKAL_CAND_01334,मोहन,ATTRIBUTED,high,explicit_subject_match_मोहन,"'दाई रोती है बाबूजी, और तुम दस ठो रुपये नहीं देते।'",explicit_attribution,flagged_modifier_phrase
Kankal,KANKAL_TURN_01335,30,41,KANKAL_CAND_01335,यमुना,ATTRIBUTED,high,explicit_subject_match_यमुना,'मेरी भी आयु लेकर जियो मेरे लाल।',explicit_attribution,none
Kankal,KANKAL_TURN_01336,30,43,KANKAL_CAND_01336,Unknown,REVIEW,low,unmatched_speaker,'यही न देवीजी?',unresolved_unattributed,unresolved_speaker
Kankal,KANKAL_TURN_01337,30,44,KANKAL_CAND_01337,Unknown,REVIEW,low,unmatched_speaker,'हाँ।',unresolved_unattributed,unresolved_speaker;short_fragment
Kankal,KANKAL_TURN_01338,30,45,KANKAL_CAND_01338,Unknown,REVIEW,low,unmatched_speaker,"'दान है पुण्यभागिनी का-ले लो, जाकर इससे सामान लाकर मृतक संस्कार करवा दो।'",unresolved_unattributed,unresolved_speaker
Kankal,KANKAL_TURN_01339,30,46,KANKAL_CAND_01339,मंगलदेव,ATTRIBUTED,high,explicit_subject_match_मंगलदेव,"'घण्टी! मैं तुम्हारी इस तत्परता से बड़ा प्रसन्न हुआ। अच्छा अब बोलो, अभी बहुत-सा काम बाकी है।'",explicit_attribution,flagged_modifier_phrase
Kankal,KANKAL_TURN_01340,30,47,KANKAL_CAND_01340,Unknown,REVIEW,low,unmatched_speaker,'मनुष्य के हिसाब-किताब में काम ही तो बाकी पड़े मिलते हैं।',unresolved_unattributed,unresolved_speaker
